timestamp,ax,ay,az,gx,gy,gz,activity
1769336707.1038175,-0.426270,-0.031006,-0.549927,-43.701172,49.926773,7.751467,cycling_2
1769336707.1274886,-0.619995,0.348389,-0.594604,-22.705086,40.771484,28.564461,cycling_2
1769336707.1467323,-0.661377,0.793823,-0.544678,-21.545410,38.635254,31.433113,cycling_2
1769336707.167446,-0.488525,0.208740,-0.737305,-21.179199,23.437508,3.662110,cycling_2
1769336707.188816,-0.595703,0.054077,-0.713501,-10.986328,20.385742,23.193367,cycling_2
1769336707.2017455,-0.584717,-0.025635,-0.720825,-13.671879,14.892582,24.658211,cycling_2
1769336707.2264786,-0.618164,-0.066895,-0.783325,-14.404301,10.620117,27.343758,cycling_2
1769336707.248704,-0.862915,-0.095337,-0.836182,-11.169437,20.996094,22.521980,cycling_2
1769336707.265347,-0.782715,0.108276,-0.784180,-9.399414,21.911621,18.554688,cycling_2
1769336707.2838733,-0.530151,-0.212280,-0.679565,-16.235352,10.742188,9.216309,cycling_2
1769336707.3021262,-0.718384,0.036133,-0.792603,-10.742188,15.502934,20.507813,cycling_2
1769336707.3255575,-0.700073,0.184448,-0.834839,-8.728027,14.465336,11.352543,cycling_2
1769336707.345521,-0.481323,-0.101807,-0.761475,-9.765625,6.652834,2.990724,cycling_2
1769336707.368165,-0.497192,-0.109253,-0.741943,-2.746582,1.770020,16.113281,cycling_2
1769336707.3858454,-0.588989,0.092041,-0.779053,-1.037598,5.859377,21.545410,cycling_2
1769336707.403514,-0.618164,0.117065,-0.751709,-3.051759,-0.244141,11.047363,cycling_2
1769336707.4242895,-0.638794,-0.321289,-0.875366,-2.624512,-4.760742,5.798342,cycling_2
1769336707.4464831,-0.744995,0.102783,-0.875366,-2.624512,6.835939,15.441898,cycling_2
1769336707.4670365,-0.588745,-0.053467,-0.789307,-8.239746,-0.854492,0.610352,cycling_2
1769336707.486816,-0.621216,-0.135132,-0.789307,-6.103518,-9.460449,8.178711,cycling_2
1769336707.5818596,-0.843872,-0.105835,-0.855103,-2.868653,-10.986328,1.159668,cycling_2
1769336707.5864418,-0.784668,-0.072388,-0.754028,-7.568361,-1.953125,-4.394531,cycling_2
1769336707.5920336,-0.632935,-0.022339,-0.733398,-15.136723,6.408693,-3.173829,cycling_2
1769336707.5920336,-0.608643,-0.039185,-0.863525,-9.521484,3.479005,-2.685547,cycling_2
1769336707.5959568,-0.629395,0.145142,-0.776001,-8.544922,11.901859,-3.906251,cycling_2
1769336707.6035557,-0.438721,0.073364,-0.666870,-8.850098,9.887695,-8.911133,cycling_2
1769336707.6241462,-0.602905,0.040161,-0.828247,-2.685547,3.601075,-4.638672,cycling_2
1769336707.6475885,-0.597412,0.013428,-0.820923,-1.342773,1.647950,-5.859377,cycling_2
1769336707.668847,-0.582642,-0.005615,-0.797119,-3.051759,0.305176,-6.164553,cycling_2
1769336707.6874583,-0.611572,0.019775,-0.810669,-9.704590,0.915528,-12.084965,cycling_2
1769336707.707139,-0.605957,-0.120117,-0.783447,-9.704590,-1.525879,-11.840824,cycling_2
1769336707.72858,-0.587769,-0.008667,-0.811035,-10.437012,1.647950,-5.493164,cycling_2
1769336707.7700732,-0.664795,0.100952,-0.825439,-7.019045,4.272461,-9.338379,cycling_2
1769336707.7720883,-0.609253,0.117676,-0.749146,-2.258301,1.220703,-14.404301,cycling_2
1769336707.7865534,-0.546509,0.229980,-0.645996,1.586915,-8.483887,-12.878422,cycling_2
1769336707.8045402,-0.432251,-0.171509,-0.791382,6.408693,-10.620117,-24.841316,cycling_2
1769336707.8290403,-0.704956,0.169678,-0.861816,9.033203,-4.211426,-8.483887,cycling_2
1769336707.8466125,-0.566895,0.092773,-0.809814,8.422852,-12.695316,-19.897461,cycling_2
1769336707.8687747,-0.529297,0.054077,-0.760498,6.042482,-17.211914,-14.099125,cycling_2
1769336707.8873847,-0.613159,-0.184570,-0.810791,2.441406,-17.211914,-19.592285,cycling_2
1769336707.903283,-0.609741,-0.239868,-0.848511,-1.281738,-8.911133,-8.300781,cycling_2
1769336707.923432,-0.705688,-0.173584,-0.881958,-1.342773,-8.483887,-7.202150,cycling_2
1769336707.9447832,-0.675537,-0.024414,-0.796021,-3.479005,-7.202150,-2.563477,cycling_2
1769336707.9724839,-0.596558,-0.254028,-0.832397,-0.305176,-10.314941,-10.925293,cycling_2
1769336707.986742,-0.693604,0.006470,-0.865845,3.112794,-2.685547,6.591799,cycling_2
1769336708.008136,-0.689453,0.006958,-0.793457,-0.915528,-2.868653,-6.103518,cycling_2
1769336708.028813,-0.586914,-0.097656,-0.722412,-2.075195,-8.666992,-8.117676,cycling_2
1769336708.0473845,-0.675537,-0.032959,-0.802002,1.770020,-7.873537,-2.075195,cycling_2
1769336708.0682096,-0.732178,0.141846,-0.797485,3.356935,1.037598,-2.807618,cycling_2
1769336708.0869384,-0.390015,-0.144653,-0.630249,0.671387,-10.009766,-13.916019,cycling_2
1769336708.1033437,-0.652710,0.085205,-0.780884,16.479492,-3.845216,5.004883,cycling_2
1769336708.1265082,-0.758301,0.235229,-0.764404,15.930180,9.155273,-3.112794,cycling_2
1769336708.147623,-0.487305,0.196899,-0.689453,16.113281,-3.295899,-7.141115,cycling_2
1769336708.1662269,-0.343628,-0.198120,-0.652222,19.592285,-27.587898,-9.704590,cycling_2
1769336708.181772,-0.700562,-0.117676,-0.863037,29.968269,-17.089844,3.723145,cycling_2
1769336708.20667,-0.794067,0.160400,-0.761475,31.921394,-11.901859,5.676271,cycling_2
1769336708.2225611,-0.541016,-0.197876,-0.671997,26.184090,-28.808601,-4.150391,cycling_2
1769336708.2468326,-0.812378,-0.216553,-0.904419,34.362793,-22.766121,-1.525879,cycling_2
1769336708.2642696,-0.601440,-0.225708,-0.724976,28.198250,-17.517090,2.258301,cycling_2
1769336708.2867985,-0.627808,-0.230713,-0.786011,27.587898,-18.249512,4.699707,cycling_2
1769336708.3108382,-0.633667,-0.380005,-0.890625,22.583015,-14.587406,3.479005,cycling_2
1769336708.3254244,-0.678833,-0.684448,-0.909424,23.986824,-20.263672,-3.112794,cycling_2
1769336708.3463554,-0.792725,-0.109253,-0.713867,14.404301,-5.249023,22.888191,cycling_2
1769336708.3617935,-0.885132,-0.500366,-0.772461,8.178711,-14.221195,-12.390141,cycling_2
1769336708.3885255,-0.836304,-0.422729,-0.696289,9.521484,-2.868653,-4.943848,cycling_2
1769336708.4023342,-0.930664,-0.199951,-0.711548,10.009766,6.042482,-3.356935,cycling_2
1769336708.426603,-0.582275,-0.363281,-0.572144,-1.159668,4.760742,-9.704590,cycling_2
1769336708.4450145,-0.621460,-0.379150,-0.752319,8.361816,3.173829,-7.019045,cycling_2
1769336708.4650571,-0.628418,-0.301880,-0.799316,9.765625,6.164553,-2.624512,cycling_2
1769336708.484698,-0.605835,-0.239136,-0.755737,15.869144,8.361816,2.502441,cycling_2
1769336708.5056942,-0.617798,-0.320801,-0.769653,7.019045,0.549316,-3.051759,cycling_2
1769336708.5271926,-0.557129,-0.486450,-0.754150,4.638672,5.554201,-4.272461,cycling_2
1769336708.545593,-0.652100,-0.403198,-0.806519,0.610352,7.202150,2.075195,cycling_2
1769336708.571879,-0.745483,-0.411743,-0.724487,-8.728027,9.033203,0.610352,cycling_2
1769336708.5829463,-0.641724,-0.603760,-0.638672,-13.000492,8.850098,-2.807618,cycling_2
1769336708.6051822,-0.807495,-0.416748,-0.694214,-16.357422,17.028809,-0.488281,cycling_2
1769336708.6244016,-0.721924,-0.393188,-0.641479,-18.981934,20.080566,-1.770020,cycling_2
1769336708.6467423,-0.750122,-0.195313,-0.684814,-17.700195,24.841316,4.028320,cycling_2
1769336708.6665392,-0.862549,-0.315186,-0.743896,-19.775391,21.179199,-16.113281,cycling_2
1769336708.6817844,-0.574951,-0.289063,-0.640015,-22.583015,27.221687,-8.911133,cycling_2
1769336708.7060022,-0.681030,0.239014,-0.703125,-15.136723,32.531738,7.873537,cycling_2
1769336708.7218137,-0.743774,-0.108521,-0.769287,-26.062019,17.089844,-28.808601,cycling_2
1769336708.742197,-0.534546,-0.073120,-0.628540,-17.211914,15.686039,-6.103518,cycling_2
1769336708.766343,-0.407837,-0.200317,-0.540649,-31.250008,13.610844,-9.155273,cycling_2
1769336708.7855155,-0.727295,-0.030640,-0.811035,-19.958496,15.502934,3.967286,cycling_2
1769336708.8057172,-0.826294,0.324463,-0.753296,-13.793949,15.197758,-0.732422,cycling_2
1769336708.8262458,-0.421631,0.074097,-0.646484,-11.962894,-0.854492,-18.432617,cycling_2
1769336708.842085,-0.532593,0.087524,-0.806152,-1.220703,-4.394531,-2.746582,cycling_2
1769336708.8617158,-0.667603,0.335327,-0.756592,0.061035,-2.624512,2.014160,cycling_2
1769336708.8815703,-0.458496,-0.130981,-0.742920,2.319336,-16.784668,-11.413578,cycling_2
1769336708.9068887,-0.441040,-0.041016,-0.698853,1.403809,-11.901859,9.521484,cycling_2
1769336708.9229221,-0.729736,0.157959,-0.900269,8.178711,-12.451176,7.019045,cycling_2
1769336708.9461057,-0.579468,0.064819,-0.794434,9.399414,-15.563969,-1.403809,cycling_2
1769336708.964628,-0.477295,-0.079346,-0.729614,13.366703,-23.315437,1.770020,cycling_2
1769336708.9871352,-0.730225,-0.081665,-0.765137,12.756351,-22.521980,0.305176,cycling_2
1769336709.0065084,-0.649414,-0.228760,-0.791016,4.394531,-17.517090,9.765625,cycling_2
1769336709.0228612,-0.697632,-0.403076,-0.816772,-2.563477,-17.272949,8.361816,cycling_2
1769336709.0418527,-0.786743,-0.317871,-0.885376,-7.568361,-7.934572,18.981934,cycling_2
1769336709.0630717,-0.770630,-0.400391,-0.823120,-14.831547,-3.845216,13.305668,cycling_2
1769336709.0839648,-0.696777,-0.324951,-0.785645,-19.042969,0.671387,20.080566,cycling_2
1769336709.1031473,-0.886597,-0.270630,-0.920776,-18.676758,4.577637,16.174316,cycling_2
1769336709.12453,-0.768188,-0.310303,-0.763428,-20.385742,8.728027,15.625004,cycling_2
1769336709.1451888,-0.707397,-0.235596,-0.839966,-16.296387,8.666992,21.057129,cycling_2
1769336709.1653497,-0.760010,-0.185791,-0.817627,-12.695316,9.399414,24.292000,cycling_2
1769336709.181764,-0.791138,-0.059570,-0.786255,-9.216309,12.023930,24.414070,cycling_2
1769336709.2017622,-0.700684,0.057861,-0.687866,-9.399414,10.986328,22.399910,cycling_2
1769336709.2216327,-0.734375,0.154663,-0.715820,-3.662110,9.765625,14.221195,cycling_2
1769336709.2459023,-0.614624,0.175049,-0.715576,-0.488281,6.896975,5.798342,cycling_2
1769336709.2640338,-0.519897,0.247681,-0.745728,3.540040,-1.770020,1.220703,cycling_2
1769336709.283746,-0.377563,0.365356,-0.734985,6.591799,-5.615236,-1.892090,cycling_2
1769336709.3057172,-0.239014,0.412354,-0.528076,3.417970,-20.446777,2.990724,cycling_2
1769336709.325138,-0.310669,0.324097,-0.646240,2.563477,-15.014652,8.666992,cycling_2
1769336709.3457787,-0.502808,0.367065,-0.747314,4.333496,-9.704590,-6.408693,cycling_2
1769336709.366659,-0.658447,0.338745,-0.718018,15.991215,-27.343758,-12.878422,cycling_2
1769336709.381941,-0.635620,0.183960,-0.677734,17.639160,-33.142090,-19.592285,cycling_2
1769336709.4024284,-0.658813,-0.039185,-0.708252,13.793949,-24.169930,-16.601563,cycling_2
1769336709.42433,-0.794922,-0.042725,-0.834473,14.465336,-13.549809,-13.000492,cycling_2
1769336709.4470968,-0.779663,-0.234863,-0.837524,14.770512,-22.460945,-13.244633,cycling_2
1769336709.4661646,-0.843750,-0.315063,-0.834595,12.573246,-20.263672,-11.840824,cycling_2
1769336709.4854379,-0.927612,-0.340698,-0.839722,11.718754,-17.150879,-15.625004,cycling_2
1769336709.5046144,-0.703979,-0.616333,-0.750732,1.037598,-10.314941,-17.211914,cycling_2
1769336709.526434,-0.870605,-0.395264,-0.831909,3.967286,5.310059,0.488281,cycling_2
1769336709.5433545,-0.809326,-0.206665,-0.775635,2.868653,4.821777,-8.666992,cycling_2
1769336709.5632708,-0.765137,-0.130249,-0.678467,4.577637,-2.990724,-6.042482,cycling_2
1769336709.582939,-0.709473,-0.011108,-0.733521,5.615236,-5.920412,-8.361816,cycling_2
1769336709.6017017,-0.541138,0.034058,-0.679565,3.662110,-7.385256,-11.352543,cycling_2
1769336709.6240344,-0.472412,0.029907,-0.741089,0.427246,-2.807618,-8.178711,cycling_2
1769336709.6461215,-0.609619,-0.094238,-0.844238,-0.183106,-5.432129,-9.277344,cycling_2
1769336709.6665,-0.531982,0.095581,-0.649170,-0.915528,-7.568361,-0.610352,cycling_2
1769336709.6939373,-0.570923,0.133789,-0.672607,-3.601075,-3.784181,0.793457,cycling_2
1769336709.7029626,-0.676636,-0.081177,-0.709595,-1.525879,-7.629396,-4.516602,cycling_2
1769336709.7284508,-0.672607,-0.041504,-0.617310,2.075195,-9.643555,1.220703,cycling_2
1769336709.7549264,-0.675537,-0.134155,-0.629761,0.732422,-9.094238,3.356935,cycling_2
1769336709.7671146,-0.831665,0.025146,-0.722168,6.042482,-6.896975,3.784181,cycling_2
1769336709.8421013,-0.679810,-0.153076,-0.673096,7.080080,-17.089844,-4.150391,cycling_2
1769336709.8438628,-0.843994,-0.077881,-0.691895,7.812502,-8.972168,5.493164,cycling_2
1769336709.8438628,-0.779541,-0.043457,-0.750610,7.507326,-6.286623,-9.948730,cycling_2
1769336709.8516839,-0.671631,-0.296753,-0.666016,11.169437,-15.502934,-11.596684,cycling_2
1769336709.8617897,-0.707397,-0.302979,-0.683716,11.596684,-14.160160,-8.117676,cycling_2
1769336709.8833797,-0.782227,-0.183472,-0.687744,9.643555,-6.835939,-5.432129,cycling_2
1769336709.9018686,-0.781006,-0.300781,-0.746704,9.643555,-5.187988,-11.779789,cycling_2
1769336709.9241621,-0.685669,-0.271851,-0.646973,6.958010,-3.723145,-6.347658,cycling_2
1769336709.944473,-0.762939,-0.431152,-0.742188,4.089355,-0.366211,-12.634281,cycling_2
1769336709.965733,-0.722168,-0.452271,-0.705811,4.760742,2.380371,-8.483887,cycling_2
1769336709.982493,-0.614746,-0.373047,-0.597656,0.915528,3.356935,1.403809,cycling_2
1769336710.0057352,-0.813843,-0.199707,-0.708740,-0.793457,9.643555,2.136230,cycling_2
1769336710.0265572,-0.704224,-0.212769,-0.686768,-1.403809,4.455566,-1.586915,cycling_2
1769336710.0465987,-0.641602,-0.317871,-0.632202,-4.577637,1.342773,-1.708985,cycling_2
1769336710.067453,-0.790161,-0.092041,-0.691772,-4.028320,8.972168,5.065918,cycling_2
1769336710.085078,-0.634277,-0.225220,-0.673462,-5.859377,4.943848,-3.784181,cycling_2
1769336710.1035395,-0.732544,-0.146973,-0.699829,-4.455566,5.920412,2.502441,cycling_2
1769336710.124539,-0.728760,-0.025635,-0.711182,-7.446291,7.019045,-3.051759,cycling_2
1769336710.145233,-0.629150,-0.157715,-0.676514,-6.896975,1.220703,-6.347658,cycling_2
1769336710.1653557,-0.614868,-0.177734,-0.631226,-5.737307,-2.502441,-3.356935,cycling_2
1769336710.1831284,-0.831421,-0.064453,-0.755615,0.000000,0.244141,-3.967286,cycling_2
1769336710.2020504,-0.642212,0.060791,-0.699585,2.197266,0.183106,-6.591799,cycling_2
1769336710.223367,-0.498535,-0.255493,-0.667603,2.380371,-9.216309,-10.375977,cycling_2
1769336710.242005,-0.823730,-0.222046,-0.684448,9.826660,-10.986328,-6.896975,cycling_2
1769336710.2635405,-0.601929,0.232422,-0.609131,9.826660,0.671387,13.244633,cycling_2
1769336710.2837968,-0.584229,-0.105103,-0.755249,9.216309,-12.329105,-8.239746,cycling_2
1769336710.3042104,-0.710938,-0.009521,-0.739014,20.751953,-15.563969,5.798342,cycling_2
1769336710.3248272,-0.581055,-0.116455,-0.692871,14.770512,-14.465336,-3.295899,cycling_2
1769336710.3473613,-0.660889,-0.353149,-0.684448,20.507813,-23.010262,3.234864,cycling_2
1769336710.366287,-0.960205,0.059937,-0.779541,22.827156,-15.747074,14.221195,cycling_2
1769336710.387643,-0.730713,-0.277954,-0.659180,10.314941,-19.226074,-2.014160,cycling_2
1769336710.4016995,-0.737671,-0.288208,-0.656250,7.812502,-15.441898,9.582520,cycling_2
1769336710.4239826,-0.765503,-0.296753,-0.678467,3.967286,-11.718754,6.591799,cycling_2
1769336710.4438071,-0.813599,-0.183716,-0.701660,8.544922,-2.990724,9.460449,cycling_2
1769336710.4650931,-0.664307,-0.119751,-0.646606,10.986328,-3.784181,11.047363,cycling_2
1769336710.4860203,-0.699707,-0.452026,-0.715820,13.488773,-5.859377,-0.549316,cycling_2
1769336710.5065436,-0.797852,-0.155273,-0.679443,22.338875,0.610352,14.465336,cycling_2
1769336710.522181,-0.719849,-0.043823,-0.641968,21.362305,4.211426,13.488773,cycling_2
1769336710.5465283,-0.684448,-0.335449,-0.656006,19.653320,1.037598,1.464844,cycling_2
1769336710.563057,-0.730347,-0.258911,-0.623535,21.972656,-1.159668,15.991215,cycling_2
1769336710.5935254,-0.834351,-0.060547,-0.673584,14.221195,5.859377,14.343266,cycling_2
1769336710.6060257,-0.689819,-0.301147,-0.656860,12.390141,-2.136230,7.751467,cycling_2
1769336710.62643,-0.880127,-0.063354,-0.672485,12.451176,-2.136230,19.836426,cycling_2
1769336710.645144,-0.770996,-0.164063,-0.597656,3.173829,-1.586915,11.901859,cycling_2
1769336710.6686363,-0.751587,-0.224854,-0.586182,-1.525879,-2.624512,11.230473,cycling_2
1769336710.68904,-0.728882,0.011353,-0.551758,-1.281738,-3.662110,19.775391,cycling_2
1769336710.7082,-0.744263,-0.110474,-0.643677,-2.502441,-1.770020,8.911133,cycling_2
1769336710.7294734,-0.580444,-0.098999,-0.599365,7.446291,-5.004883,13.122562,cycling_2
1769336710.7462726,-0.698364,-0.094849,-0.637939,10.620117,-3.845216,13.183598,cycling_2
1769336710.7647884,-0.683350,-0.084595,-0.673950,17.211914,5.371094,11.962894,cycling_2
1769336710.7845175,-0.526367,-0.181519,-0.606323,19.653320,4.028320,21.728516,cycling_2
1769336710.803975,-0.738281,-0.222290,-0.697266,19.348145,17.639160,24.841316,cycling_2
1769336710.827352,-0.888184,0.179932,-0.743286,25.878914,28.381355,32.226563,cycling_2
1769336710.8467667,-0.756714,-0.570801,-0.710327,11.230473,11.535648,13.977055,cycling_2
1769336710.867365,-0.929443,-0.265259,-0.791870,15.502934,15.747074,29.052742,cycling_2
1769336710.8876035,-1.075562,0.061279,-0.789063,16.784668,8.728027,29.785164,cycling_2
1769336710.9095597,-0.717041,-0.338501,-0.624390,-2.380371,8.422852,12.146000,cycling_2
1769336710.9286604,-0.832031,-0.254272,-0.737671,1.586915,13.427738,20.568848,cycling_2
1769336710.9474847,-0.836426,-0.363892,-0.661865,-11.108402,8.117676,14.404301,cycling_2
1769336710.9645307,-0.737915,-0.221680,-0.629883,-15.747074,12.329105,25.939949,cycling_2
1769336710.9869583,-0.809326,-0.196899,-0.763062,-13.183598,21.423340,9.216309,cycling_2
1769336711.0073555,-0.582642,-0.206787,-0.722534,-11.291508,22.827156,18.310547,cycling_2
1769336711.027953,-0.759521,-0.070801,-0.683594,-5.676271,24.292000,18.493652,cycling_2
1769336711.0464053,-0.696655,0.002075,-0.650391,-4.882813,30.273445,15.319828,cycling_2
1769336711.0618954,-0.672119,0.144409,-0.687378,-1.342773,26.367195,14.221195,cycling_2
1769336711.082027,-0.713867,0.188599,-0.654419,0.000000,26.245125,5.554201,cycling_2
1769336711.1028109,-0.574463,0.117432,-0.605957,0.366211,18.798828,8.972168,cycling_2
1769336711.1239624,-0.773682,0.149902,-0.685303,0.854492,12.878422,3.540040,cycling_2
1769336711.1468139,-0.630127,0.101807,-0.629395,-1.953125,8.361816,1.403809,cycling_2
1769336711.1672137,-0.592896,-0.012695,-0.677124,1.220703,0.915528,5.859377,cycling_2
1769336711.1869109,-0.775757,0.021729,-0.733643,1.220703,-0.732422,4.150391,cycling_2
1769336711.2072916,-0.725220,-0.071777,-0.709106,-0.366211,-4.577637,-1.037598,cycling_2
1769336711.2277918,-0.756104,-0.052002,-0.760498,1.831055,-7.446291,0.122070,cycling_2
1769336711.2485125,-0.708618,-0.277100,-0.719849,-3.173829,-10.192871,-16.296387,cycling_2
1769336711.2628503,-0.739868,-0.340820,-0.766724,0.549316,-5.371094,-10.620117,cycling_2
1769336711.2855878,-0.908813,-0.253906,-0.808472,-1.220703,-0.366211,-1.220703,cycling_2
1769336711.3056798,-0.781738,-0.321045,-0.719604,-7.446291,7.141115,-9.033203,cycling_2
1769336711.3246365,-0.746582,-0.222290,-0.720947,-5.371094,11.779789,-0.854492,cycling_2
1769336711.3483293,-0.758911,-0.209595,-0.721924,-8.239746,8.422852,-10.803223,cycling_2
1769336711.367185,-0.627319,-0.187378,-0.686035,-8.422852,16.723633,-0.427246,cycling_2
1769336711.3867197,-0.723389,0.055908,-0.692627,-6.347658,18.432617,-5.249023,cycling_2
1769336711.407548,-0.643555,0.055176,-0.646606,-9.460449,14.465336,-11.108402,cycling_2
1769336711.4252083,-0.562866,-0.001831,-0.635498,-5.493164,14.038090,-3.845216,cycling_2
1769336711.4442108,-0.680664,0.274902,-0.734253,-0.793457,14.343266,4.028320,cycling_2
1769336711.4647255,-0.596191,0.207153,-0.671875,-1.403809,7.202150,-10.131836,cycling_2
1769336711.4845512,-0.392456,0.011963,-0.563110,0.732422,-4.272461,-3.845216,cycling_2
1769336711.507659,-0.687256,0.100464,-0.807739,8.239746,-3.417970,12.634281,cycling_2
1769336711.5270462,-0.689453,0.275391,-0.735596,8.178711,-2.685547,12.146000,cycling_2
1769336711.5498495,-0.425903,-0.075928,-0.625000,6.347658,-9.643555,2.441406,cycling_2
1769336711.5692704,-0.621460,-0.007568,-0.856934,12.146000,-6.652834,18.371582,cycling_2
1769336711.5882568,-0.894165,0.282349,-0.853760,16.113281,-7.629396,10.559082,cycling_2
1769336711.605045,-0.449463,-0.165527,-0.628052,2.807618,-11.047363,3.967286,cycling_2
1769336711.6257646,-0.717285,-0.083252,-0.825562,15.075687,-12.817387,16.967773,cycling_2
1769336711.6444085,-0.747681,-0.035278,-0.725220,4.821777,-8.056641,11.840824,cycling_2
1769336711.6661434,-0.627075,-0.282837,-0.741821,9.582520,-18.737793,5.554201,cycling_2
1769336711.6906319,-0.749878,-0.058472,-0.775146,9.948730,-9.216309,22.094727,cycling_2
1769336711.7074792,-0.801270,-0.131104,-0.790161,11.047363,-12.268070,7.934572,cycling_2
1769336711.7240734,-0.619263,-0.282471,-0.707397,9.582520,-13.244633,10.314941,cycling_2
1769336711.8021042,-0.713745,-0.260620,-0.740112,12.817387,-12.817387,16.052246,cycling_2
1769336711.8021042,-0.909546,-0.075439,-0.812622,14.831547,-6.896975,7.934572,cycling_2
1769336711.8021042,-0.660889,-0.382324,-0.643555,10.620117,-5.737307,1.403809,cycling_2
1769336711.832866,-0.642700,-0.153198,-0.645508,6.896975,-1.342773,19.897461,cycling_2
1769336711.832866,-0.926880,-0.101929,-0.819824,12.451176,0.122070,2.746582,cycling_2
1769336711.846351,-0.633179,-0.078857,-0.666260,9.399414,1.586915,2.868653,cycling_2
1769336711.8664536,-0.691772,-0.022705,-0.638428,12.207035,-7.202150,5.676271,cycling_2
1769336711.8878822,-0.770996,0.022217,-0.653442,11.535648,-4.211426,-0.610352,cycling_2
1769336711.9046295,-0.624390,-0.162720,-0.672852,13.061527,-5.371094,2.075195,cycling_2
1769336711.928627,-0.741699,-0.142578,-0.708984,11.291508,-5.798342,4.455566,cycling_2
1769336711.9719753,-0.894775,-0.049316,-0.804443,14.587406,2.685547,-0.549316,cycling_2
1769336711.9923718,-0.668335,-0.104858,-0.750244,6.530764,-0.183106,-1.037598,cycling_2
1769336712.0520732,-0.584106,-0.689209,-0.756958,12.207035,-8.605957,-14.648441,cycling_2
1769336712.0520732,-0.686157,-0.207397,-0.813477,9.948730,7.019045,13.183598,cycling_2
1769336712.0520732,-0.726563,-0.402466,-0.678345,-3.356935,4.516602,-13.000492,cycling_2
1769336712.0578005,-0.580078,-0.273560,-0.692993,2.014160,10.131836,6.286623,cycling_2
1769336712.0663738,-0.866211,-0.062378,-0.723633,3.540040,3.662110,6.164553,cycling_2
1769336712.089115,-0.741943,-0.173706,-0.609009,-0.854492,6.042482,-4.028320,cycling_2
1769336712.105562,-0.634521,-0.262207,-0.612793,2.441406,6.835939,2.380371,cycling_2
1769336712.1253798,-0.823975,0.049927,-0.698486,4.028320,7.995607,6.225588,cycling_2
1769336712.1466532,-0.673096,-0.063843,-0.643066,1.220703,9.765625,0.000000,cycling_2
1769336712.1667328,-0.723877,-0.085327,-0.753540,8.361816,1.220703,-1.953125,cycling_2
1769336712.1878543,-0.586914,0.005127,-0.644531,4.516602,8.972168,7.324221,cycling_2
1769336712.20748,-0.695435,-0.054810,-0.734009,4.394531,0.854492,0.305176,cycling_2
1769336712.2289097,-0.679077,-0.070435,-0.672729,2.990724,5.126953,-0.427246,cycling_2
1769336712.2490866,-0.665405,-0.092407,-0.673584,0.122070,1.037598,1.525879,cycling_2
1769336712.2655556,-0.755005,-0.111450,-0.719727,2.319336,3.112794,-2.563477,cycling_2
1769336712.282751,-0.653687,-0.043945,-0.688232,0.305176,4.028320,1.586915,cycling_2
1769336712.310083,-0.669189,-0.263672,-0.750977,2.624512,4.028320,-5.798342,cycling_2
1769336712.3272593,-0.585938,-0.197266,-0.711060,3.723145,4.821777,3.723145,cycling_2
1769336712.3421037,-0.698853,-0.047119,-0.757324,2.990724,7.507326,5.493164,cycling_2
1769336712.3678794,-0.704834,-0.181641,-0.728760,3.540040,6.469728,-6.042482,cycling_2
1769336712.3865943,-0.729004,0.009399,-0.708862,7.690432,8.911133,6.164553,cycling_2
1769336712.4064715,-0.796265,-0.045776,-0.669434,2.990724,2.746582,-6.164553,cycling_2
1769336712.4228594,-0.704346,-0.027710,-0.680908,6.286623,2.319336,-0.915528,cycling_2
1769336712.4435875,-0.786865,0.001831,-0.771606,7.507326,0.732422,-5.249023,cycling_2
1769336712.4643788,-0.615845,-0.254883,-0.687256,6.713869,-3.906251,-10.925293,cycling_2
1769336712.485064,-0.665283,-0.187134,-0.741699,8.972168,-3.051759,3.295899,cycling_2
1769336712.506685,-0.779541,-0.131592,-0.771606,3.356935,0.854492,1.647950,cycling_2
1769336712.5261338,-0.656128,-0.134644,-0.721069,-2.075195,1.892090,5.493164,cycling_2
1769336712.5488389,-0.706055,-0.220947,-0.772949,-3.356935,-4.821777,0.976563,cycling_2
1769336712.561913,-0.785156,-0.101440,-0.728394,-9.643555,2.441406,7.141115,cycling_2
1769336712.5828888,-0.769165,-0.143433,-0.739136,-12.512211,2.197266,0.000000,cycling_2
1769336712.6034682,-0.724121,-0.198242,-0.711426,-11.535648,1.159668,1.342773,cycling_2
1769336712.6274285,-0.775269,-0.061646,-0.742676,-9.948730,9.155273,7.812502,cycling_2
1769336712.6440995,-0.678223,-0.114014,-0.698853,-11.108402,7.141115,-0.732422,cycling_2
1769336712.6683106,-0.646362,-0.278809,-0.693115,-10.070801,-0.732422,-1.892090,cycling_2
1769336712.6863236,-0.822266,0.062378,-0.700439,-8.728027,14.648441,6.591799,cycling_2
1769336712.7074118,-0.593262,-0.039307,-0.721680,-10.986328,7.263186,-6.774904,cycling_2
1769336712.7267845,-0.718750,-0.116455,-0.797607,-2.380371,-2.502441,-7.629396,cycling_2
1769336712.747814,-0.770264,0.168823,-0.727539,-0.732422,5.920412,2.868653,cycling_2
1769336712.76768,-0.471680,-0.039673,-0.688354,-8.911133,-0.915528,-12.023930,cycling_2
1769336712.7846348,-0.640991,-0.155273,-0.696411,-3.540040,-7.263186,-7.934572,cycling_2
1769336712.8047757,-0.817139,-0.046265,-0.744873,-7.690432,6.469728,2.136230,cycling_2
1769336712.8256679,-0.768188,0.039673,-0.777100,-6.652834,4.882813,-3.356935,cycling_2
1769336712.846588,-0.674194,0.085449,-0.725952,-4.211426,1.953125,-4.760742,cycling_2
1769336712.8676553,-0.629883,-0.004883,-0.758179,-1.708985,-3.295899,-7.690432,cycling_2
1769336712.96609,-0.697266,-0.002319,-0.692749,2.441406,-7.446291,-4.638672,cycling_2
1769336712.9836435,-0.721069,-0.102295,-0.732910,-1.159668,-0.183106,-7.446291,cycling_2
1769336713.003254,-0.780151,0.076416,-0.732666,0.671387,3.845216,-5.676271,cycling_2
1769336713.0260026,-0.604492,-0.030884,-0.696289,-3.479005,-0.915528,-15.808109,cycling_2
1769336713.1060133,-0.833740,0.028320,-0.759766,0.671387,-1.403809,-13.488773,cycling_2
1769336713.1218102,-0.811279,-0.002808,-0.703735,-3.417970,2.990724,-24.230965,cycling_2
1769336713.1520903,-0.523682,-0.158813,-0.650146,-7.080080,2.014160,-22.277840,cycling_2
1769336713.1591637,-0.555908,-0.171387,-0.807983,-1.647950,6.042482,-12.817387,cycling_2
1769336713.16392,-0.811768,-0.027100,-0.877563,7.446291,5.798342,-10.253906,cycling_2
1769336713.16392,-0.578369,-0.064209,-0.676392,2.990724,4.211426,-11.291508,cycling_2
1769336713.16392,-0.568726,-0.184204,-0.787476,6.591799,1.647950,-5.126953,cycling_2
1769336713.1686964,-0.770386,-0.054810,-0.769897,1.770020,2.929688,-2.746582,cycling_2
1769336713.1691508,-0.505127,-0.177246,-0.619873,-0.549316,6.225588,-9.033203,cycling_2
1769336713.1691508,-0.565308,-0.101440,-0.698853,3.540040,-0.183106,-2.563477,cycling_2
1769336713.1716628,-0.709473,0.049561,-0.696411,2.258301,4.943848,0.549316,cycling_2
1769336713.1850224,-0.530029,0.006592,-0.542358,-0.549316,1.647950,-9.155273,cycling_2
1769336713.2073858,-0.513306,-0.043335,-0.609985,-0.366211,-0.915528,-7.202150,cycling_2
1769336713.226918,-0.692749,-0.020508,-0.822144,9.887695,-4.821777,-7.995607,cycling_2
1769336713.2481833,-0.554321,-0.032837,-0.789551,17.211914,-20.996094,-4.699707,cycling_2
1769336713.2630851,-0.537109,-0.046509,-0.734131,15.747074,-25.329597,-2.075195,cycling_2
1769336713.2919836,-0.537231,-0.122192,-0.741577,12.329105,-26.794441,-0.244141,cycling_2
1769336713.3069346,-0.670898,-0.055908,-0.775391,12.390141,-24.902351,4.211426,cycling_2
1769336713.3248446,-0.688599,-0.055664,-0.779541,10.314941,-20.385742,1.464844,cycling_2
1769336713.3420427,-0.665771,-0.264160,-0.668701,11.291508,-33.569336,6.469728,cycling_2
1769336713.366343,-0.818604,-0.077148,-0.714844,5.920412,-14.953617,8.300781,cycling_2
1769336713.3866472,-0.702148,-0.172974,-0.715576,5.432129,-17.150879,0.671387,cycling_2
1769336713.4073398,-0.638184,-0.316284,-0.664917,6.774904,-23.315437,1.342773,cycling_2
1769336713.4222982,-0.748291,-0.253174,-0.677490,6.774904,-18.127441,5.859377,cycling_2
1769336713.443399,-0.788696,-0.235962,-0.761475,6.469728,-10.314941,3.479005,cycling_2
1769336713.4641585,-0.729004,-0.237305,-0.733276,9.338379,-12.329105,1.586915,cycling_2
1769336713.492275,-0.754761,-0.153809,-0.703735,10.864258,-11.413578,3.234864,cycling_2
1769336713.505444,-0.706055,-0.248413,-0.621582,9.765625,-17.150879,-0.549316,cycling_2
1769336713.523686,-0.782715,-0.030273,-0.626465,11.657719,-12.023930,6.103518,cycling_2
1769336713.5459614,-0.659912,-0.078369,-0.666382,7.934572,-4.394531,-0.122070,cycling_2
1769336713.5622656,-0.727417,-0.085205,-0.667358,14.221195,-12.451176,3.845216,cycling_2
1769336713.583043,-0.731812,0.003662,-0.722290,15.258793,-4.516602,4.821777,cycling_2
1769336713.6033187,-0.678589,-0.220947,-0.696167,24.230965,-20.568848,10.314941,cycling_2
1769336713.6261575,-0.803101,-0.162354,-0.707764,24.719246,-15.258793,9.521484,cycling_2
1769336713.6457965,-0.711304,-0.097412,-0.671265,24.658211,-11.779789,13.427738,cycling_2
1769336713.6644835,-0.772461,-0.213867,-0.659058,24.414070,-13.854984,12.146000,cycling_2
1769336713.6868143,-0.870239,-0.154663,-0.711060,26.672371,-10.192871,14.160160,cycling_2
1769336713.703941,-0.661865,-0.337646,-0.597412,22.521980,-16.296387,12.146000,cycling_2
1769336713.7217631,-0.909790,-0.175049,-0.619507,21.179199,-10.314941,18.432617,cycling_2
1769336713.7430093,-0.747803,-0.413940,-0.607666,12.573246,-14.343266,7.751467,cycling_2
1769336713.7635744,-0.910645,-0.290039,-0.662109,12.817387,-4.943848,11.169437,cycling_2
1769336713.783723,-0.847534,-0.223511,-0.807617,13.244633,5.249023,1.403809,cycling_2
1769336713.8069513,-0.396118,-0.753296,-0.526123,11.352543,-16.662598,2.258301,cycling_2
1769336713.8254309,-0.854248,-0.480591,-0.521729,11.047363,-4.455566,22.277840,cycling_2
1769336713.8471892,-0.983154,-0.249023,-0.679077,-1.159668,21.667480,13.671879,cycling_2
1769336713.9274955,-0.647705,-0.400635,-0.660889,-2.319336,6.896975,10.314941,cycling_2
1769336713.9459546,-0.870361,-0.409058,-0.668335,1.586915,6.469728,13.793949,cycling_2
1769336713.964381,-0.802856,-0.274780,-0.619629,-6.042482,19.592285,14.038090,cycling_2
1769336713.9862244,-0.739868,-0.318237,-0.615723,-10.559082,20.996094,9.704590,cycling_2
1769336714.1621597,-0.759399,-0.262817,-0.704102,-11.779789,22.766121,7.690432,cycling_2
1769336714.1621597,-0.699951,-0.286133,-0.614380,-12.146000,14.221195,11.108402,cycling_2
1769336714.179959,-0.790283,-0.220093,-0.611206,-15.808109,20.935059,11.840824,cycling_2
1769336714.214357,-0.738525,-0.171875,-0.693115,-18.127441,26.367195,9.582520,cycling_2
1769336714.214357,-0.751953,-0.162964,-0.652100,-15.502934,21.057129,12.390141,cycling_2
1769336714.219063,-0.761597,-0.091675,-0.644531,-17.639160,24.475105,14.770512,cycling_2
1769336714.225418,-0.749512,-0.063721,-0.691650,-15.319828,22.949226,11.169437,cycling_2
1769336714.225418,-0.728271,-0.130371,-0.606323,-16.967773,16.479492,9.582520,cycling_2
1769336714.22829,-0.719727,0.018066,-0.586304,-18.066406,20.507813,15.380863,cycling_2
1769336714.2321482,-0.692261,0.055664,-0.654541,-18.066406,20.324707,9.277344,cycling_2
1769336714.2321482,-0.652954,0.107422,-0.724854,-10.070801,14.892582,15.808109,cycling_2
1769336714.23445,-0.630493,0.042480,-0.687378,-9.765625,10.375977,7.812502,cycling_2
1769336714.23445,-0.516479,0.029053,-0.608765,-5.798342,6.042482,18.737793,cycling_2
1769336714.2423782,-0.676025,0.153320,-0.721802,-3.234864,10.986328,21.667480,cycling_2
1769336714.2423782,-0.618774,-0.039185,-0.731812,-7.202150,6.958010,10.131836,cycling_2
1769336714.2490318,-0.530762,-0.005493,-0.705322,-1.037598,6.652834,29.052742,cycling_2
1769336714.2692192,-0.725830,0.174072,-0.722656,-2.014160,8.056641,22.460945,cycling_2
1769336714.2830472,-0.518677,0.003784,-0.639771,-1.220703,-0.976563,24.292000,cycling_2
1769336714.3080757,-0.729004,-0.036255,-0.814331,5.676271,-0.122070,26.184090,cycling_2
1769336714.3237095,-0.780518,0.145508,-0.775635,9.155273,4.516602,23.437508,cycling_2
1769336714.3576322,-0.565674,0.262451,-0.625000,7.934572,-2.258301,26.489265,cycling_2
1769336714.3657553,-0.806274,0.196167,-0.794556,12.756351,-5.432129,12.756351,cycling_2
1769336714.3882256,-0.770630,0.161987,-0.725220,12.573246,-2.685547,9.338379,cycling_2
1769336714.4064326,-0.689819,0.052856,-0.741699,15.380863,-10.314941,11.779789,cycling_2
1769336714.4229581,-0.800903,0.244995,-0.725220,15.441898,-5.798342,15.136723,cycling_2
1769336714.4445243,-0.702759,-0.204956,-0.757568,12.329105,-17.578125,-1.953125,cycling_2
1769336714.4639492,-0.754517,0.060425,-0.750488,16.601563,-2.502441,22.460945,cycling_2
1769336714.4856076,-0.811279,0.130981,-0.794556,13.427738,-4.638672,6.652834,cycling_2
1769336714.507062,-0.455933,-0.203125,-0.654419,8.605957,-15.686039,4.638672,cycling_2
1769336714.5266607,-0.766357,0.025146,-0.809204,16.540527,-4.943848,21.301270,cycling_2
1769336714.546058,-0.754395,-0.031494,-0.748291,15.258793,-7.141115,10.131836,cycling_2
1769336714.5668395,-0.670776,-0.067627,-0.693726,21.240234,-9.033203,13.610844,cycling_2
1769336714.5829313,-0.771606,0.077271,-0.700806,20.874023,-8.239746,10.986328,cycling_2
1769336714.6057115,-0.631836,-0.117920,-0.700928,18.981934,-10.253906,4.455566,cycling_2
1769336714.6242282,-0.706299,-0.074707,-0.743774,22.949226,-12.878422,13.366703,cycling_2
1769336714.6434658,-0.775757,-0.128784,-0.722412,15.991215,-14.892582,10.437012,cycling_2
1769336714.6659977,-0.909058,-0.013916,-0.794312,22.277840,-7.507326,15.197758,cycling_2
1769336714.6871748,-0.814941,-0.066772,-0.734985,14.587406,-5.859377,2.197266,cycling_2
1769336714.7070112,-0.668945,-0.318359,-0.718994,10.314941,-5.310059,-1.831055,cycling_2
1769336714.7265272,-0.910278,0.004761,-0.823364,19.348145,5.004883,11.047363,cycling_2
1769336714.7474213,-0.887695,0.083984,-0.765869,11.413578,8.300781,-1.525879,cycling_2
1769336714.7643304,-0.479980,-0.361694,-0.576660,1.892090,-2.075195,-5.065918,cycling_2
1769336714.7833037,-0.618408,-0.432617,-0.642578,3.723145,3.417970,21.728516,cycling_2
1769336714.8052683,-0.915894,0.195068,-0.698486,3.356935,27.587898,12.268070,cycling_2
1769336714.8248477,-0.465332,-0.120483,-0.620728,-5.615236,12.512211,2.075195,cycling_2
1769336714.8453252,-0.747070,-0.101318,-0.745483,8.056641,11.535648,7.568361,cycling_2
1769336714.8670506,-0.832764,0.110840,-0.691040,1.525879,20.324707,8.117676,cycling_2
1769336714.8875456,-0.618042,0.020630,-0.623779,-4.577637,16.479492,2.563477,cycling_2
1769336714.90695,-0.639160,-0.050049,-0.689453,-0.122070,8.911133,2.624512,cycling_2
1769336714.9286275,-0.644287,0.017212,-0.631104,-5.065918,10.253906,7.995607,cycling_2
1769336714.966518,-0.710938,0.001953,-0.742920,-1.953125,9.521484,5.004883,cycling_2
1769336714.9717283,-0.706177,0.020386,-0.775146,-0.183106,9.887695,1.953125,cycling_2
1769336714.9821203,-0.602905,0.024902,-0.727417,-2.075195,8.361816,7.812502,cycling_2
1769336715.0069542,-0.739014,0.042603,-0.778076,1.281738,8.239746,4.943848,cycling_2
1769336715.026898,-0.626221,0.012695,-0.671143,-0.793457,6.591799,3.540040,cycling_2
1769336715.0546803,-0.658447,0.023926,-0.696167,-0.366211,5.432129,8.605957,cycling_2
1769336715.066351,-0.674683,-0.011963,-0.752197,0.061035,5.065918,5.187988,cycling_2
1769336715.0861642,-0.700684,0.050781,-0.720703,2.136230,1.586915,7.690432,cycling_2
1769336715.1076713,-0.630981,-0.117065,-0.664063,-1.464844,-2.014160,2.868653,cycling_2
1769336715.1256573,-0.623657,-0.002197,-0.731201,0.915528,2.441406,15.991215,cycling_2
1769336715.2137291,-0.797485,0.118408,-0.876587,6.408693,6.286623,13.549809,cycling_2
1769336715.2421992,-0.676392,-0.022949,-0.634644,-1.525879,-7.324221,-0.183106,cycling_2
1769336715.2622128,-0.666138,-0.146729,-0.709961,-0.244141,3.479005,27.099617,cycling_2
1769336715.2634926,-0.946167,0.276489,-0.826538,1.220703,7.568361,13.488773,cycling_2
1769336715.265504,-0.646729,0.101440,-0.744507,-1.586915,2.746582,-3.479005,cycling_2
1769336715.265504,-0.641479,0.083740,-0.725830,9.643555,-11.901859,-2.502441,cycling_2
1769336715.2705402,-0.622803,-0.075562,-0.695313,6.958010,-3.784181,-3.295899,cycling_2
1769336715.285435,-0.568726,-0.011353,-0.680176,8.361816,-2.502441,5.798342,cycling_2
1769336715.304661,-0.707764,-0.011475,-0.721069,8.361816,-5.371094,5.798342,cycling_2
1769336715.3252137,-0.663330,0.041748,-0.767944,13.000492,-2.685547,8.300781,cycling_2
1769336715.3492272,-0.689331,0.009155,-0.749634,10.009766,-11.169437,1.281738,cycling_2
1769336715.3655076,-0.640381,-0.047729,-0.750000,11.474613,-8.483887,1.647950,cycling_2
1769336715.3867095,-0.686646,0.024414,-0.735474,13.427738,-10.314941,0.732422,cycling_2
1769336715.4065676,-0.663452,-0.065552,-0.695801,10.192871,-10.192871,0.244141,cycling_2
1769336715.4279568,-0.700928,0.031372,-0.720215,15.686039,-7.141115,2.014160,cycling_2
1769336715.443247,-0.543091,-0.098755,-0.739990,16.235352,-8.972168,3.112794,cycling_2
1769336715.4666245,-0.731445,0.118408,-0.837891,24.963387,-6.042482,11.230473,cycling_2
1769336715.4834785,-0.712646,0.090454,-0.755493,20.812988,-7.873537,5.615236,cycling_2
1769336715.5071137,-0.612793,-0.166626,-0.716797,17.761230,-14.160160,2.746582,cycling_2
1769336715.526905,-0.847656,-0.033325,-0.838867,18.615723,-4.028320,10.925293,cycling_2
1769336715.5474322,-0.666504,-0.181519,-0.746460,8.789063,0.122070,7.873537,cycling_2
1769336715.5680993,-0.702759,-0.351563,-0.736938,6.958010,-6.713869,5.432129,cycling_2
1769336715.5874262,-0.916382,0.055176,-0.800659,10.559082,13.244633,20.996094,cycling_2
1769336715.6029801,-0.818848,0.115723,-0.715210,1.708985,5.920412,2.624512,cycling_2
1769336715.625338,-0.522339,-0.539551,-0.607666,4.638672,-13.977055,-9.582520,cycling_2
1769336715.6444879,-0.927002,0.124268,-0.827393,20.996094,12.207035,24.597176,cycling_2
1769336715.6673825,-0.810425,-0.022705,-0.709961,4.333496,6.286623,-5.981447,cycling_2
1769336715.68603,-0.339111,-0.524658,-0.587646,9.277344,-0.671387,1.159668,cycling_2
1769336715.7017334,-0.875122,0.069702,-0.836060,20.874023,10.742188,25.756844,cycling_2
1769336715.7282019,-0.677856,-0.058960,-0.771484,3.479005,12.390141,-1.708985,cycling_2
1769336715.7473423,-0.629395,-0.021729,-0.809692,14.953617,4.516602,4.150391,cycling_2
1769336715.7683308,-0.687744,0.054199,-0.668335,9.033203,3.295899,6.408693,cycling_2
1769336715.7841854,-0.763428,-0.022095,-0.736328,3.845216,6.286623,-0.793457,cycling_2
1769336715.8032372,-0.795166,0.032227,-0.760986,5.676271,10.375977,-0.183106,cycling_2
1769336715.8256009,-0.720703,0.203857,-0.659668,4.821777,8.178711,1.892090,cycling_2
1769336715.9175422,-0.556152,-0.171509,-0.677124,2.441406,3.234864,2.685547,cycling_2
1769336715.9220603,-0.828369,0.271606,-0.825439,10.803223,15.136723,16.113281,cycling_2
1769336715.9220603,-0.730347,0.201660,-0.712158,2.014160,3.967286,-3.173829,cycling_2
1769336715.9298646,-0.400146,-0.404541,-0.555542,2.807618,-12.146000,-9.277344,cycling_2
1769336715.9319026,-0.722046,0.006592,-0.722412,10.009766,8.300781,20.996094,cycling_2
1769336715.9531863,-0.980713,0.411499,-0.845581,10.070801,18.920898,7.995607,cycling_2
1769336715.9671767,-0.481812,-0.104614,-0.737305,6.225588,-2.502441,-20.996094,cycling_2
1769336715.9860435,-0.579956,-0.062012,-0.704102,18.920898,0.244141,21.789551,cycling_2
1769336716.3018134,-0.785156,0.068726,-0.681519,12.756351,1.525879,6.408693,cycling_2
1769336716.3018134,-0.697144,0.074951,-0.780518,7.934572,2.441406,-3.967286,cycling_2
1769336716.3018134,-0.699341,-0.271118,-0.745850,6.286623,-6.591799,-2.563477,cycling_2
1769336716.3190734,-0.646606,-0.097046,-0.644775,-2.136230,-2.075195,-0.305176,cycling_2
1769336716.3219967,-0.627563,-0.279297,-0.753418,2.624512,-9.277344,-1.098633,cycling_2
1769336716.3240461,-0.964966,0.368042,-0.812134,13.854984,8.605957,12.878422,cycling_2
1769336716.3240461,-0.602539,-0.148682,-0.697266,-1.159668,-13.610844,-21.789551,cycling_2
1769336716.3240461,-0.482300,-0.529785,-0.669556,9.399414,-18.920898,-6.408693,cycling_2
1769336716.3240461,-1.074097,0.185547,-0.864380,12.207035,11.474613,-1.464844,cycling_2
1769336716.3240461,-0.470093,-0.188110,-0.730957,4.211426,1.953125,-14.038090,cycling_2
1769336716.3267863,-0.501953,-0.459961,-0.703491,15.869144,-16.784668,-2.014160,cycling_2
1769336716.3267863,-1.025879,0.000977,-0.758545,17.700195,1.831055,8.361816,cycling_2
1769336716.3267863,-0.799072,-0.092163,-0.756836,3.173829,16.296387,-7.019045,cycling_2
1769336716.4426546,-0.480957,-0.447144,-0.652954,4.760742,0.854492,-6.469728,cycling_2
1769336716.4653773,-0.520508,0.005615,-0.608276,-5.432129,10.070801,-12.695316,cycling_2
1769336716.4653773,-0.436890,-0.439331,-0.633789,-0.732422,-5.126953,-11.901859,cycling_2
1769336716.4676352,-1.004883,0.070435,-0.741089,3.479005,15.136723,3.601075,cycling_2
1769336716.4676352,-0.713257,0.182983,-0.633789,-10.925293,19.042969,-12.146000,cycling_2
1769336716.4676352,-0.377563,-0.331421,-0.640747,-8.605957,5.249023,-16.845703,cycling_2
1769336716.485847,-0.801514,-0.224976,-0.800293,-0.488281,8.056641,-2.746582,cycling_2
1769336716.5420685,-0.730469,0.068237,-0.777710,0.183106,14.831547,-8.605957,cycling_2
1769336716.6443791,-0.772217,-0.215942,-0.727661,3.173829,6.286623,-1.281738,cycling_2
1769336716.6443791,-0.788818,0.035767,-0.813477,-0.183106,13.427738,-0.061035,cycling_2
1769336716.6443791,-0.680420,-0.030518,-0.779175,-0.732422,10.559082,-8.972168,cycling_2
1769336716.6443791,-0.652710,-0.136108,-0.706055,-4.638672,3.540040,-14.282230,cycling_2
1769336716.6443791,-0.470337,-0.226929,-0.611816,-15.136723,0.366211,-8.239746,cycling_2
1769336716.6443791,-0.769287,0.135864,-0.731567,-16.052246,10.009766,5.798342,cycling_2
1769336716.8290768,-0.479736,-0.133545,-0.653076,-14.892582,4.333496,-5.981447,cycling_2
1769336716.8290768,-0.653564,-0.066528,-0.736694,-7.995607,3.112794,0.122070,cycling_2
1769336716.8290768,-0.618042,-0.030396,-0.735107,-5.371094,5.187988,-1.647950,cycling_2
1769336716.8290768,-0.580200,-0.046753,-0.767334,1.464844,2.380371,3.784181,cycling_2
1769336716.8320966,-0.705200,-0.097534,-0.752075,4.943848,-2.746582,-1.220703,cycling_2
1769336716.8320966,-0.641479,-0.189331,-0.766479,4.455566,0.305176,-1.708985,cycling_2
1769336716.8320966,-0.775391,-0.075195,-0.805176,4.394531,-1.037598,-3.173829,cycling_2
1769336716.9217882,-0.697632,-0.145874,-0.755249,2.502441,-0.061035,-7.019045,cycling_2
1769336716.9217882,-0.662354,-0.046753,-0.814819,3.173829,-1.403809,-6.835939,cycling_2
1769336716.9217882,-0.699585,-0.099731,-0.780029,1.831055,-3.479005,-11.413578,cycling_2
1769336716.9217882,-0.552246,-0.360962,-0.735107,-0.854492,-3.601075,-13.427738,cycling_2
1769336716.9217882,-0.713867,-0.018677,-0.753662,-1.892090,0.732422,-2.380371,cycling_2
1769336716.9319186,-0.613281,-0.202148,-0.734497,-7.202150,1.525879,-11.657719,cycling_2
1769336716.9546502,-0.598633,-0.174683,-0.784546,-2.258301,1.281738,-1.647950,cycling_2
1769336716.9633527,-0.665771,-0.010376,-0.766235,-2.380371,0.610352,-2.990724,cycling_2
1769336717.012626,-0.526245,-0.223389,-0.713867,-5.310059,1.281738,-6.164553,cycling_2
1769336717.0261405,-0.644531,-0.041992,-0.786743,-0.976563,2.624512,4.089355,cycling_2
1769336717.0274353,-0.547363,-0.205566,-0.726074,-3.906251,-0.671387,-8.483887,cycling_2
1769336717.0469325,-0.598877,-0.088379,-0.753662,-1.525879,-1.342773,3.295899,cycling_2
1769336717.0665612,-0.677368,0.065796,-0.778687,-0.793457,-2.258301,2.258301,cycling_2
1769336717.1578841,-0.611694,-0.064087,-0.815308,-0.549316,-5.187988,-4.882813,cycling_2
1769336717.1816113,-0.651489,0.157593,-0.772461,2.441406,-6.896975,3.601075,cycling_2
1769336717.1923172,-0.560913,-0.156738,-0.764282,-2.441406,-13.793949,-7.812502,cycling_2
1769336717.2080135,-0.630859,-0.225830,-0.759399,-2.990724,-10.986328,-0.061035,cycling_2
1769336717.4421608,-0.664429,-0.036133,-0.731934,-6.652834,-11.535648,-6.713869,cycling_2
1769336717.4421608,-0.592285,-0.093018,-0.718750,-4.882813,-9.399414,3.051759,cycling_2
1769336717.4421608,-0.612305,-0.149536,-0.810669,-2.502441,-9.948730,2.197266,cycling_2
1769336717.4421608,-0.628296,-0.016235,-0.780029,1.220703,-7.873537,9.216309,cycling_2
1769336717.4421608,-0.628296,0.034668,-0.796753,5.432129,-8.422852,6.103518,cycling_2
1769336717.4421608,-0.574463,0.000610,-0.724609,7.934572,-14.465336,3.967286,cycling_2
1769336717.4421608,-0.594482,-0.082153,-0.760986,13.183598,-14.709476,7.690432,cycling_2
1769336717.4421608,-0.574707,-0.114258,-0.813721,14.892582,-16.113281,5.310059,cycling_2
1769336717.4421608,-0.667969,0.092407,-0.721436,21.728516,-16.601563,22.094727,cycling_2
1769336717.4421608,-0.724731,0.087280,-0.748779,16.540527,-15.747074,14.282230,cycling_2
1769336717.4421608,-0.634888,-0.133667,-0.680420,14.343266,-22.521980,14.526371,cycling_2
1769336717.4421608,-0.673706,-0.032471,-0.772827,16.235352,-17.822266,27.893074,cycling_2
1769336717.4421608,-0.728638,-0.065552,-0.785645,12.207035,-17.883301,19.470215,cycling_2
1769336717.4421608,-0.657471,-0.117310,-0.671387,11.108402,-18.920898,26.489265,cycling_2
1769336717.4421608,-0.773315,-0.156616,-0.716797,10.925293,-16.296387,20.507813,cycling_2
1769336717.4645696,-0.687622,-0.057495,-0.708496,18.371582,-13.488773,28.198250,cycling_2
1769336717.4881816,-0.925659,0.366455,-0.829590,24.841316,-7.873537,25.573738,cycling_2
1769336717.5048919,-0.585449,-0.383667,-0.560303,18.554688,-27.038582,1.892090,cycling_2
1769336717.5286582,-0.779663,-0.181030,-0.687500,25.024422,-13.610844,24.292000,cycling_2
1769336717.548304,-0.981567,0.190674,-0.864746,26.123055,-3.417970,15.808109,cycling_2
1769336717.5685253,-0.505493,-0.437378,-0.633911,25.878914,-15.563969,15.747074,cycling_2
1769336717.5873296,-0.841309,-0.126587,-0.748291,22.033691,-4.333496,24.536140,cycling_2
1769336717.602843,-0.811523,-0.188477,-0.651733,13.122562,-2.929688,13.366703,cycling_2
1769336717.6321259,-0.725342,-0.192139,-0.732300,12.023930,1.953125,18.798828,cycling_2
1769336717.6661487,-0.824097,-0.069702,-0.778687,12.817387,3.112794,12.756351,cycling_2
1769336717.6661487,-0.659424,-0.220215,-0.631592,13.549809,-2.502441,14.343266,cycling_2
1769336717.6869025,-0.745361,-0.274048,-0.701782,7.629396,8.728027,15.319828,cycling_2
1769336717.7083292,-0.730225,-0.012085,-0.789307,16.052246,14.770512,25.390633,cycling_2
1769336717.7279541,-0.672241,-0.127930,-0.677002,11.169437,6.042482,19.348145,cycling_2
1769336717.7451544,-0.708130,-0.386963,-0.702881,7.385256,0.915528,17.395020,cycling_2
1769336717.767968,-1.005371,-0.039063,-0.861572,16.784668,8.728027,22.399910,cycling_2
1769336717.7844903,-0.735474,-0.031494,-0.722534,4.516602,4.577637,15.808109,cycling_2
1769336717.8074694,-0.605591,-0.512817,-0.647339,-0.305176,-5.798342,11.657719,cycling_2
1769336717.824665,-0.909424,-0.137207,-0.745483,-3.540040,11.474613,23.864754,cycling_2
1769336717.847617,-0.764893,-0.417725,-0.758057,-10.742188,19.653320,8.728027,cycling_2
1769336717.866995,-0.641113,-0.073120,-0.624146,-6.958010,27.771004,32.165527,cycling_2
1769336717.8874164,-0.799438,0.195313,-0.664917,-8.605957,33.081055,30.639656,cycling_2
1769336717.9069448,-0.850586,0.112061,-0.733154,-9.094238,35.522461,12.390141,cycling_2
1769336717.9277172,-0.723755,-0.130981,-0.625977,-13.671879,29.479988,9.460449,cycling_2
1769336717.9463253,-0.665161,0.221558,-0.468140,-18.005371,37.231445,26.489265,cycling_2
1769336717.9818175,-0.690918,0.173584,-0.725342,-18.066406,28.747566,6.591799,cycling_2
1769336717.98911,-0.655640,0.139282,-0.776978,-10.437012,23.559578,2.990724,cycling_2
1769336718.0068064,-0.461670,-0.029175,-0.670288,-11.108402,11.230473,9.948730,cycling_2
1769336718.0820718,-0.610596,0.062378,-0.672974,-9.826660,11.596684,17.578125,cycling_2
1769336718.0820718,-0.775635,0.233154,-0.855957,-4.333496,15.808109,13.061527,cycling_2
1769336718.0820718,-0.579346,0.118896,-0.787720,-5.065918,5.187988,5.493164,cycling_2
1769336718.0881522,-0.767578,-0.092407,-0.797852,0.061035,7.263186,7.324221,cycling_2
1769336718.1071115,-0.718872,0.233887,-0.689331,-4.089355,21.057129,15.930180,cycling_2
1769336718.1264956,-0.686279,0.289429,-0.740601,-2.624512,10.009766,0.732422,cycling_2
1769336718.1588178,-0.588867,0.252441,-0.633301,-0.122070,3.173829,-4.638672,cycling_2
1769336718.167092,-0.612183,0.010254,-0.745972,2.990724,-0.427246,-11.047363,cycling_2
1769336718.186416,-0.543457,-0.010254,-0.727417,6.652834,3.906251,1.098633,cycling_2
1769336718.2093256,-0.673096,0.285156,-0.759644,11.840824,0.122070,1.159668,cycling_2
1769336718.2881382,-0.523071,-0.014038,-0.652588,5.615236,-9.948730,-6.408693,cycling_2
1769336718.31231,-0.687622,-0.108032,-0.778564,6.835939,-9.216309,-2.014160,cycling_2
1769336718.328611,-0.660034,-0.063477,-0.708984,5.432129,-6.225588,1.770020,cycling_2
1769336718.3589363,-0.715820,0.326294,-0.811401,6.713869,1.953125,10.498047,cycling_2
1769336718.5019925,-0.657837,-0.031860,-0.868042,5.920412,-14.587406,-17.883301,cycling_2
1769336718.5037558,-0.604370,-0.345581,-0.789063,8.300781,-16.418457,-6.164553,cycling_2
1769336718.5037558,-0.766357,0.041138,-0.747559,4.577637,2.990724,12.695316,cycling_2
1769336718.5037558,-0.767700,0.213501,-0.788940,3.967286,1.892090,-0.488281,cycling_2
1769336718.5116427,-0.654663,-0.408813,-0.784790,4.577637,-15.747074,-26.367195,cycling_2
1769336718.5116427,-0.534058,-0.217407,-0.775513,7.812502,3.479005,11.169437,cycling_2
1769336718.5116427,-0.775269,0.031616,-0.777954,6.042482,4.516602,7.751467,cycling_2
1769336718.5200157,-0.744019,0.014404,-0.773193,6.835939,2.563477,-6.958010,cycling_2
1769336718.5200157,-0.679932,0.086426,-0.775391,10.681152,3.112794,-2.746582,cycling_2
1769336718.5200157,-0.654297,-0.297729,-0.788086,2.441406,-3.601075,-12.695316,cycling_2
1769336718.5216303,-0.642090,-0.230347,-0.810181,5.432129,5.249023,4.333496,cycling_2
1769336718.5261579,-0.748779,0.170654,-0.747803,0.976563,11.413578,13.061527,cycling_2
1769336718.547562,-0.739136,-0.077148,-0.774780,-3.662110,4.821777,-12.817387,cycling_2
1769336718.567643,-0.665527,-0.183838,-0.774536,-1.159668,4.272461,-6.591799,cycling_2
1769336718.5819361,-0.664551,-0.237061,-0.740967,-2.746582,4.150391,-5.126953,cycling_2
1769336718.610331,-0.718018,0.054565,-0.775391,-5.615236,14.038090,-2.197266,cycling_2
1769336718.6251645,-0.611694,-0.137939,-0.745361,-4.943848,7.202150,-11.657719,cycling_2
1769336718.6466403,-0.523804,-0.198242,-0.682861,-3.051759,8.239746,0.244141,cycling_2
1769336718.6649556,-0.761475,0.044312,-0.757324,-2.807618,15.869144,3.906251,cycling_2
1769336718.6843238,-0.709351,0.110840,-0.771606,-5.493164,18.493652,-6.286623,cycling_2
1769336718.7068639,-0.481812,0.032593,-0.672363,-5.310059,6.958010,-8.666992,cycling_2
1769336718.7266521,-0.625000,-0.012695,-0.787109,-1.403809,6.469728,-5.126953,cycling_2
1769336718.7487113,-0.575684,0.114258,-0.778809,1.708985,9.582520,-1.953125,cycling_2
1769336718.7645159,-0.556274,0.169067,-0.744873,4.943848,5.187988,-1.342773,cycling_2
1769336718.7838347,-0.635742,0.019531,-0.765869,2.380371,-1.159668,-12.573246,cycling_2
1769336718.8042333,-0.480225,-0.181396,-0.708008,5.798342,-5.004883,-5.065918,cycling_2
1769336718.8246093,-0.655762,0.222168,-0.778687,8.544922,3.295899,10.253906,cycling_2
1769336718.846799,-0.534424,0.080078,-0.742554,1.403809,-4.272461,-7.751467,cycling_2
1769336718.866937,-0.620361,0.029785,-0.863159,12.756351,-6.225588,13.732914,cycling_2
1769336718.8870049,-0.673218,0.239746,-0.852661,4.638672,-0.427246,7.019045,cycling_2
1769336718.907969,-0.503540,-0.132690,-0.788452,-0.183106,-16.296387,-2.014160,cycling_2
1769336718.9262288,-0.817993,-0.154175,-0.889038,0.854492,-13.305668,4.943848,cycling_2
1769336718.9467566,-0.760620,-0.146362,-0.802246,-10.559082,-7.385256,0.976563,cycling_2
1769336718.9625525,-0.671875,-0.369385,-0.750244,-12.084965,-11.230473,-0.976563,cycling_2
1769336718.9854717,-0.860596,0.047852,-0.789673,-5.371094,1.403809,10.437012,cycling_2
1769336719.0065253,-0.559326,-0.227661,-0.713623,-7.568361,-4.882813,-7.690432,cycling_2
1769336719.0272453,-0.784790,-0.063599,-0.820190,4.760742,-0.610352,4.699707,cycling_2
1769336719.0465946,-0.732178,0.062866,-0.749390,2.197266,5.676271,-5.920412,cycling_2
1769336719.068864,-0.509888,-0.051270,-0.710327,3.356935,1.037598,-10.681152,cycling_2
1769336719.087467,-0.569458,0.043701,-0.752930,7.507326,0.793457,-1.159668,cycling_2
1769336719.104261,-0.600464,0.108154,-0.760376,6.225588,4.394531,-0.732422,cycling_2
1769336719.1261785,-0.478027,-0.093994,-0.790283,7.751467,-0.976563,-2.136230,cycling_2
1769336719.1440792,-0.692871,0.157593,-0.761108,10.803223,3.295899,4.638672,cycling_2
1769336719.1661031,-0.507935,0.024414,-0.664673,3.417970,-2.624512,-3.356935,cycling_2
1769336719.1848927,-0.617432,0.102295,-0.791016,10.131836,-1.342773,8.117676,cycling_2
1769336719.236275,-0.771484,0.283203,-0.768921,9.338379,-0.305176,-1.403809,cycling_2
1769336719.2892003,-0.500977,0.006226,-0.683472,6.774904,-8.117676,-6.164553,cycling_2
1769336719.3034036,-0.652954,0.103516,-0.777466,11.779789,-9.033203,6.164553,cycling_2
1769336719.3102777,-0.549683,-0.040283,-0.744507,3.723145,-16.052246,-2.258301,cycling_2
1769336719.3102777,-0.678833,-0.071167,-0.806030,4.211426,-14.221195,6.042482,cycling_2
1769336719.3122797,-0.726807,-0.154785,-0.825928,-2.197266,-12.084965,4.272461,cycling_2
1769336719.323601,-0.676514,-0.168457,-0.792847,-0.732422,-12.146000,7.202150,cycling_2
1769336719.3468344,-0.757568,0.083252,-0.825439,0.793457,-7.568361,12.390141,cycling_2
1769336719.365767,-0.713135,-0.070923,-0.810181,0.305176,-13.732914,-6.591799,cycling_2
1769336719.3872435,-0.589355,-0.182129,-0.737671,5.615236,-18.554688,3.540040,cycling_2
1769336719.4615972,-0.783569,0.066650,-0.784912,8.422852,-9.033203,3.601075,cycling_2
1769336719.492087,-0.659180,-0.149048,-0.817871,12.268070,-16.418457,-2.258301,cycling_2
1769336719.5132258,-0.729858,-0.043945,-0.737793,16.113281,-16.662598,4.150391,cycling_2
1769336719.5179534,-0.692261,-0.130981,-0.744141,9.277344,-11.230473,1.159668,cycling_2
1769336719.5256717,-0.774292,-0.201782,-0.831177,10.192871,-8.605957,-1.159668,cycling_2
1769336719.5268126,-0.776978,-0.096436,-0.825439,9.887695,-3.479005,2.136230,cycling_2
1769336719.5268126,-0.625366,-0.192383,-0.731567,1.831055,-4.516602,3.906251,cycling_2
1769336719.547048,-0.841064,-0.161255,-0.781372,2.441406,-2.868653,3.356935,cycling_2
1769336719.5660498,-0.766968,-0.051147,-0.760254,-4.943848,6.591799,3.906251,cycling_2
1769336719.6138537,-0.556396,-0.175537,-0.671143,-10.253906,3.112794,3.417970,cycling_2
1769336719.6153443,-0.835938,-0.035645,-0.729004,-5.859377,6.835939,4.394531,cycling_2
1769336719.6240299,-0.627686,0.021606,-0.659302,-13.183598,21.362305,1.770020,cycling_2
1769336719.644552,-0.538086,-0.056885,-0.604736,-14.343266,12.756351,-0.610352,cycling_2
1769336719.663776,-0.783447,0.158447,-0.715942,-11.169437,19.531250,0.854492,cycling_2
1769336719.685375,-0.384399,0.183472,-0.645142,-10.498047,12.634281,0.854492,cycling_2
1769336719.701855,-0.579956,0.100708,-0.716675,3.234864,-10.803223,-2.136230,cycling_2
1769336719.7273395,-0.734863,0.084106,-0.682251,5.920412,-5.126953,-1.037598,cycling_2
1769336719.7465808,-0.493774,-0.022339,-0.639282,-1.953125,-9.887695,1.525879,cycling_2
1769336719.7686758,-0.890015,0.040161,-0.702148,3.845216,-10.192871,1.708985,cycling_2
1769336719.7831645,-0.452881,0.159180,-0.700439,-5.798342,1.037598,0.549316,cycling_2
1769336719.8081272,-0.678833,-0.008667,-0.743042,2.441406,-18.127441,-1.098633,cycling_2
1769336719.8274071,-0.865234,0.040771,-0.792358,2.014160,-12.084965,0.122070,cycling_2
1769336719.8450372,-0.607056,0.024414,-0.691040,-2.990724,-5.615236,-0.061035,cycling_2
1769336719.8664181,-0.673462,-0.145874,-0.717285,-2.197266,-13.549809,-1.281738,cycling_2
1769336719.8861778,-0.820679,-0.078369,-0.770142,-1.403809,-7.446291,0.305176,cycling_2
1769336719.9020996,-0.681396,-0.031494,-0.731812,-3.662110,-2.990724,0.244141,cycling_2
1769336719.9275086,-0.671875,0.001465,-0.737305,0.061035,-2.929688,-2.929688,cycling_2
1769336719.9427612,-0.664185,-0.017212,-0.697266,3.295899,-5.554201,-5.920412,cycling_2
1769336719.9652553,-0.709351,-0.024780,-0.749268,5.981447,-2.624512,-4.760742,cycling_2
1769336719.984863,-0.763550,0.003906,-0.808594,10.559082,-3.479005,-8.544922,cycling_2
1769336720.0047941,-0.582153,-0.059448,-0.686768,11.169437,-10.681152,-6.713869,cycling_2
1769336720.025951,-0.707764,-0.049561,-0.755005,11.901859,-12.329105,0.854492,cycling_2
1769336720.0490136,-0.766357,-0.025146,-0.766357,10.925293,-9.399414,1.525879,cycling_2
1769336720.067731,-0.617798,-0.091431,-0.641113,4.150391,-11.169437,5.371094,cycling_2
1769336720.0874226,-0.774170,-0.035278,-0.723999,1.770020,-8.483887,5.737307,cycling_2
1769336720.1028938,-0.652100,0.026733,-0.594238,-3.723145,-0.488281,4.699707,cycling_2
1769336720.126176,-0.600586,0.024414,-0.582031,-5.187988,1.220703,1.342773,cycling_2
1769336720.1441758,-0.755615,0.021729,-0.676758,-2.929688,4.516602,-1.464844,cycling_2
1769336720.1619484,-0.790283,0.035522,-0.737671,2.319336,2.380371,-5.187988,cycling_2
1769336720.185353,-0.557007,-0.043457,-0.593262,1.892090,-0.854492,-2.075195,cycling_2
1769336720.206052,-0.672363,-0.004272,-0.605957,-0.183106,2.502441,0.488281,cycling_2
1769336720.2270513,-0.741943,-0.005371,-0.751587,-1.403809,10.986328,-5.249023,cycling_2
1769336720.2521248,-0.702393,-0.147461,-0.811157,0.061035,4.028320,-8.789063,cycling_2
1769336720.2678108,-0.720215,-0.135742,-0.796509,2.990724,-2.197266,-1.586915,cycling_2
1769336720.289101,-0.736938,-0.039429,-0.739014,0.915528,-1.220703,1.770020,cycling_2
1769336720.3420208,-0.677612,-0.019043,-0.702515,-4.760742,3.173829,2.075195,cycling_2
1769336720.3620913,-0.730469,-0.070557,-0.770752,-1.403809,-0.854492,-4.516602,cycling_2
1769336720.3660111,-0.635010,-0.066772,-0.719482,-1.831055,-2.075195,2.197266,cycling_2
1769336720.3660111,-0.697632,-0.103760,-0.757080,-1.953125,-3.234864,1.892090,cycling_2
1769336720.3867693,-0.728760,-0.074097,-0.716187,-1.098633,-2.746582,2.502441,cycling_2
1769336720.4303842,-0.720947,-0.022827,-0.729858,-0.610352,-0.549316,3.356935,cycling_2
1769336720.4318976,-0.737671,0.007813,-0.659790,0.061035,-5.737307,-1.953125,cycling_2
1769336720.446325,-0.667847,-0.043091,-0.705933,2.929688,-5.249023,-4.882813,cycling_2
1769336720.4674728,-0.709961,-0.016968,-0.750366,4.150391,-4.943848,-3.112794,cycling_2
1769336720.4843986,-0.709717,-0.008301,-0.645142,4.394531,-9.948730,-8.056641,cycling_2
1769336720.5789056,-0.616211,-0.302002,-0.745483,0.061035,-4.333496,-11.962894,cycling_2
1769336720.602093,-0.782715,-0.067993,-0.758667,6.652834,-6.347658,3.662110,cycling_2
1769336720.6180983,-0.718628,-0.042847,-0.711914,0.610352,-1.464844,-0.061035,cycling_2
1769336720.6464329,-0.629150,-0.102295,-0.668335,-1.464844,-7.263186,-2.868653,cycling_2
1769336720.7050693,-0.671143,0.014648,-0.664185,-1.403809,-8.056641,3.601075,cycling_2
1769336720.7050693,-0.702148,-0.213989,-0.736450,-4.943848,-5.615236,-9.460449,cycling_2
1769336720.7050693,-0.696655,-0.102051,-0.709595,-0.915528,-3.356935,1.953125,cycling_2
1769336720.7050693,-0.759155,0.014771,-0.713623,1.098633,-0.915528,1.159668,cycling_2
1769336720.7050693,-0.664063,-0.108276,-0.657593,-1.220703,-0.061035,-5.249023,cycling_2
1769336720.7120278,-0.698853,-0.036011,-0.690674,4.333496,-2.868653,2.441406,cycling_2
1769336720.7120278,-0.737915,0.010620,-0.733887,5.310059,-1.403809,0.366211,cycling_2
1769336720.7262974,-0.732422,0.034302,-0.790527,8.239746,-2.441406,0.732422,cycling_2
1769336720.7479029,-0.611450,-0.070190,-0.651001,3.845216,-6.713869,-3.234864,cycling_2
1769336720.7656937,-0.656250,-0.046997,-0.778564,6.530764,-6.103518,5.737307,cycling_2
1769336720.786133,-0.817139,0.163330,-0.764038,7.141115,-1.098633,14.221195,cycling_2
1769336720.8064046,-0.652100,0.087891,-0.602905,2.502441,-7.507326,-2.075195,cycling_2
1769336720.824798,-0.526001,-0.169067,-0.663696,2.685547,-10.131836,-0.793457,cycling_2
1769336720.847502,-0.816895,0.124023,-0.707031,7.568361,-9.643555,10.742188,cycling_2
1769336720.8521583,-0.629761,-0.017822,-0.633667,2.502441,-9.033203,1.281738,cycling_2
1769336720.8880024,-0.588989,-0.150391,-0.688477,5.615236,-15.258793,6.652834,cycling_2
1769336720.9067802,-0.733398,-0.045532,-0.705688,7.019045,-17.639160,15.136723,cycling_2
1769336720.9270241,-0.782715,-0.143188,-0.747925,6.408693,-15.380863,5.554201,cycling_2
1769336720.9467695,-0.732056,-0.072266,-0.690063,5.920412,-12.939457,12.878422,cycling_2
1769336720.9702375,-0.825073,-0.052856,-0.738281,8.117676,-12.390141,5.798342,cycling_2
1769336720.9831448,-0.704102,-0.117676,-0.696045,7.995607,-8.117676,6.652834,cycling_2
1769336721.007428,-0.758667,-0.135620,-0.723267,10.253906,-7.751467,10.131836,cycling_2
1769336721.025669,-0.751709,-0.008057,-0.679443,11.535648,-5.859377,16.723633,cycling_2
1769336721.0477877,-0.819214,0.136597,-0.709595,15.930180,-7.080080,13.122562,cycling_2
1769336721.0670266,-0.654541,0.008545,-0.643799,12.084965,-5.981447,10.192871,cycling_2
1769336721.094117,-0.713745,-0.083008,-0.685303,15.991215,-9.216309,10.559082,cycling_2
1769336721.1164622,-0.827271,0.160522,-0.582520,16.296387,-10.009766,13.610844,cycling_2
1769336721.1283364,-0.545288,-0.259644,-0.615234,6.225588,-6.347658,1.525879,cycling_2
1769336721.1432383,-0.782227,0.006714,-0.735474,19.165039,-7.324221,17.761230,cycling_2
1769336721.166098,-0.798218,0.030762,-0.643433,13.305668,-10.009766,10.742188,cycling_2
1769336721.1851394,-0.675781,-0.202515,-0.637207,13.244633,-14.221195,3.723145,cycling_2
1769336721.2046819,-0.747437,-0.200195,-0.680176,15.808109,-14.892582,12.146000,cycling_2
1769336721.2254746,-0.947754,-0.008545,-0.724854,17.883301,-10.620117,15.625004,cycling_2
1769336721.2469783,-0.741333,-0.031372,-0.647949,15.869144,-11.291508,8.789063,cycling_2
1769336721.2695754,-0.656616,-0.348511,-0.649170,9.704590,-14.404301,6.103518,cycling_2
1769336721.2828865,-0.844360,-0.270020,-0.709839,6.164553,-8.605957,20.141602,cycling_2
1769336721.3067877,-0.974487,0.068237,-0.702026,6.042482,-2.685547,23.071297,cycling_2
1769336721.3237724,-0.793823,-0.094482,-0.632446,-7.141115,-2.624512,6.286623,cycling_2
1769336721.346496,-0.740234,-0.192993,-0.643066,-4.150391,0.915528,3.845216,cycling_2
1769336721.365339,-0.778687,-0.046509,-0.591431,-1.831055,8.911133,11.535648,cycling_2
1769336721.3858874,-0.695190,-0.125854,-0.580688,0.183106,8.483887,9.582520,cycling_2
1769336721.407123,-0.798462,0.046753,-0.607422,7.019045,8.056641,14.587406,cycling_2
1769336721.4219778,-0.782471,0.076294,-0.580200,9.277344,6.225588,6.958010,cycling_2
1769336721.4422793,-0.505981,-0.165283,-0.485718,4.882813,0.732422,4.089355,cycling_2
1769336721.4656544,-0.805786,-0.081055,-0.846436,18.493652,1.953125,10.925293,cycling_2
1769336721.4840157,-0.846436,0.402588,-0.655396,21.057129,5.371094,25.451668,cycling_2
1769336721.5066283,-0.668701,-0.072144,-0.722900,7.934572,-3.540040,-8.361816,cycling_2
1769336721.525398,-0.793457,0.098999,-0.689331,20.935059,-7.019045,8.422852,cycling_2
1769336721.546757,-0.712158,0.067261,-0.580811,3.723145,-0.122070,14.404301,cycling_2
1769336721.5657096,-0.890869,-0.038208,-0.834839,10.498047,3.845216,-0.061035,cycling_2
1769336721.5824783,-0.705444,0.208984,-0.550537,12.451176,-1.953125,12.451176,cycling_2
1769336721.6029038,-0.719238,-0.192383,-0.562500,1.647950,-9.582520,-1.403809,cycling_2
1769336721.6228836,-0.944702,-0.050049,-0.796509,14.099125,26.489265,10.803223,cycling_2
1769336721.643589,-0.700195,0.312744,-0.634399,19.348145,7.385256,2.990724,cycling_2
1769336721.665288,-0.518677,-0.217407,-0.630615,20.996094,-7.507326,-11.657719,cycling_2
1769336721.6850698,-0.821289,-0.044434,-0.643555,29.174812,-4.150391,6.958010,cycling_2
1769336721.7068734,-0.919800,0.220215,-0.593872,20.812988,4.211426,9.582520,cycling_2
1769336721.722637,-0.699707,0.053711,-0.603516,11.901859,6.530764,-4.638672,cycling_2
1769336721.7445986,-0.620972,-0.124512,-0.651489,10.986328,-2.624512,-1.464844,cycling_2
1769336721.7673688,-0.823486,0.081909,-0.671875,8.239746,-5.126953,3.723145,cycling_2
1769336721.7854602,-0.596069,-0.118530,-0.560791,-3.295899,-4.882813,-0.854492,cycling_2
1769336721.8036137,-0.813354,0.036865,-0.602905,2.807618,-4.333496,1.708985,cycling_2
1769336721.8250408,-0.819214,0.097656,-0.721558,13.000492,-1.647950,-1.159668,cycling_2
1769336721.8446016,-0.819946,0.031982,-0.655640,23.437508,-12.268070,-7.080080,cycling_2
1769336721.8668902,-0.606812,-0.137939,-0.485596,28.015144,-20.080566,-2.197266,cycling_2
1769336721.8864157,-1.028442,-0.011841,-0.750244,33.142090,-10.986328,1.892090,cycling_2
1769336721.90742,-0.367432,-0.502319,-0.534668,26.123055,-14.953617,-15.930180,cycling_2
1769336721.9264972,-0.740845,-0.479736,-0.690430,34.423828,-18.066406,9.155273,cycling_2
1769336721.9422038,-1.015747,-0.330200,-0.728149,28.686531,-5.615236,2.624512,cycling_2
1769336721.9649756,-0.784790,-0.200684,-0.586060,25.024422,2.746582,13.488773,cycling_2
1769336721.983995,-0.682983,-0.414429,-0.714600,16.845703,11.596684,7.324221,cycling_2
1769336722.0050895,-1.014526,0.046143,-0.783447,35.949707,-0.732422,10.986328,cycling_2
1769336722.022016,-0.552490,-0.382813,-0.622559,25.207527,4.150391,15.380863,cycling_2
1769336722.0465639,-1.175903,-0.147217,-0.723389,31.738289,10.192871,13.366703,cycling_2
1769336722.0660324,-0.702637,-0.197632,-0.537842,16.906738,12.512211,15.197758,cycling_2
1769336722.0867386,-0.561890,-0.499146,-0.603027,13.122562,2.685547,17.150879,cycling_2
1769336722.1035905,-0.975586,-0.388062,-0.703857,12.084965,11.291508,20.996094,cycling_2
1769336722.1231325,-0.907593,-0.255981,-0.502930,3.356935,15.563969,24.963387,cycling_2
1769336722.1562557,-0.736572,-0.452148,-0.494141,-10.559082,24.780281,17.333984,cycling_2
1769336722.164656,-1.054688,-0.101685,-0.599854,-6.286623,28.259285,13.793949,cycling_2
1769336722.1865225,-0.500122,-0.169434,-0.307373,-24.841316,32.165527,18.920898,cycling_2
1769336722.202681,-1.040649,-0.438110,-0.790771,-23.193367,41.748047,-1.342773,cycling_2
1769336722.2233288,-1.015381,0.284912,-0.585571,-9.887695,49.011246,31.066902,cycling_2
1769336722.2418475,-0.546875,0.190430,-0.506470,-32.775879,51.696793,6.042482,cycling_2
1769336722.267026,-0.701782,-0.300659,-0.661377,-28.198250,26.306160,-18.310547,cycling_2
1769336722.2862496,-0.896606,0.169067,-0.626221,-21.606445,33.508301,26.062019,cycling_2
1769336722.3097756,-0.684814,0.082275,-0.605225,-36.743164,37.963867,0.122070,cycling_2
1769336722.3247826,-0.623291,-0.090820,-0.689331,-28.686531,25.512703,-0.915528,cycling_2
1769336722.3441896,-0.734619,0.048706,-0.687988,-19.897461,23.498543,13.305668,cycling_2
1769336722.3653328,-0.695923,0.288330,-0.599731,-25.878914,32.775879,17.272949,cycling_2
1769336722.3863926,-0.617920,0.089844,-0.638428,-23.498543,23.437508,-2.929688,cycling_2
1769336722.4078994,-0.607422,0.168457,-0.681152,-15.014652,17.395020,6.530764,cycling_2
1769336722.4266949,-0.578735,0.255127,-0.665894,-13.671879,10.742188,1.647950,cycling_2
1769336722.4424915,-0.736450,0.253784,-0.808472,0.427246,-1.647950,-2.929688,cycling_2
1769336722.4639993,-0.554199,0.362549,-0.639526,1.281738,-8.117676,-0.610352,cycling_2
1769336722.4853365,-0.644165,0.239868,-0.730469,3.906251,-16.296387,-3.479005,cycling_2
1769336722.5043206,-0.776245,0.003784,-0.795166,0.671387,-16.784668,-13.671879,cycling_2
1769336722.5254664,-0.696655,-0.287354,-0.778442,-6.225588,-15.380863,-12.573246,cycling_2
1769336722.5420825,-0.832520,-0.231812,-0.720825,-10.498047,-8.361816,5.920412,cycling_2
1769336722.5629208,-0.930054,-0.058716,-0.853760,-13.793949,9.094238,1.953125,cycling_2
1769336722.5868301,-0.719360,-0.192749,-0.703979,-14.953617,12.878422,-11.779789,cycling_2
1769336722.6219525,-0.659180,-0.365356,-0.595337,-15.441898,12.756351,-6.896975,cycling_2
1769336722.6501572,-0.838013,-0.005371,-0.662842,-11.901859,23.559578,9.155273,cycling_2
1769336722.667023,-0.801270,0.194336,-0.627808,-10.803223,28.747566,-3.784181,cycling_2
1769336722.667023,-0.559204,-0.038086,-0.636719,-6.591799,19.836426,-22.277840,cycling_2
1769336722.6859818,-0.634277,0.122925,-0.703491,-3.479005,13.732914,-6.530764,cycling_2
1769336722.7059357,-0.609619,0.106323,-0.738647,-6.958010,15.991215,-11.474613,cycling_2
1769336722.7247295,-0.643921,0.237671,-0.716431,-6.958010,13.122562,-11.047363,cycling_2
1769336722.7957184,-0.585693,0.109863,-0.749878,-9.277344,8.666992,-19.409180,cycling_2
1769336722.7957184,-0.566528,0.031006,-0.772095,-7.995607,6.164553,-9.826660,cycling_2
1769336722.7957184,-0.652710,0.083984,-0.741699,-10.559082,3.784181,-6.652834,cycling_2
1769336722.801908,-0.574951,-0.256226,-0.726196,-14.892582,-1.403809,-12.268070,cycling_2
1769336722.826355,-0.797852,0.261108,-0.823242,-8.056641,12.329105,16.906738,cycling_2
1769336722.8443794,-0.528931,0.123535,-0.720459,-16.906738,12.817387,-12.451176,cycling_2
1769336722.8657725,-0.658325,0.022461,-0.838135,-2.075195,-1.586915,-3.845216,cycling_2
1769336722.8876207,-0.770630,0.486816,-0.754883,-0.610352,4.028320,1.708985,cycling_2
1769336722.9065194,-0.555542,0.368164,-0.833252,0.305176,-6.408693,-22.460945,cycling_2
1769336722.9254344,-0.615112,0.143311,-0.784790,5.493164,-23.315437,-18.981934,cycling_2
1769336722.9447768,-0.666626,-0.099731,-0.747314,-2.746582,-18.005371,-15.136723,cycling_2
1769336722.9658077,-0.632935,-0.042480,-0.772095,-3.173829,-11.352543,-0.061035,cycling_2
1769336722.984101,-0.574951,0.195923,-0.714600,-3.479005,-14.587406,4.455566,cycling_2
1769336723.0056515,-0.539307,-0.054565,-0.731079,-0.610352,-19.226074,-3.479005,cycling_2
1769336723.027454,-0.543823,0.069824,-0.742798,3.234864,-14.282230,11.535648,cycling_2
1769336723.046391,-0.653076,0.194824,-0.746582,5.798342,-15.991215,8.483887,cycling_2
1769336723.066591,-0.586060,-0.034790,-0.679810,5.493164,-18.066406,-3.479005,cycling_2
1769336723.086421,-0.697266,0.189819,-0.777832,7.629396,-15.136723,10.131836,cycling_2
1769336723.1028042,-0.717285,0.127197,-0.705688,2.746582,-15.075687,-1.464844,cycling_2
1769336723.126425,-0.534302,-0.078125,-0.640137,-1.220703,-16.601563,0.915528,cycling_2
1769336723.1435437,-0.755005,-0.084473,-0.829712,3.112794,-15.075687,8.178711,cycling_2
1769336723.1658719,-0.770630,0.098633,-0.750488,4.943848,-10.681152,11.779789,cycling_2
1769336723.1848755,-0.663696,0.153198,-0.714722,3.295899,-13.183598,8.361816,cycling_2
1769336723.2067564,-0.779907,-0.002441,-0.772949,8.483887,-19.226074,0.427246,cycling_2
1769336723.2267923,-0.726685,-0.005859,-0.788208,4.821777,-16.479492,3.845216,cycling_2
1769336723.246631,-0.750610,-0.079834,-0.791260,2.502441,-13.488773,2.075195,cycling_2
1769336723.267251,-0.778320,0.089478,-0.749146,2.014160,-7.995607,8.178711,cycling_2
1769336723.2817888,-0.734985,-0.135132,-0.726318,-3.906251,-10.253906,-5.126953,cycling_2
1769336723.310146,-0.670044,-0.055542,-0.696289,-0.183106,-4.272461,7.507326,cycling_2
1769336723.3236542,-0.745850,0.063599,-0.713135,3.601075,-8.789063,5.493164,cycling_2
1769336723.3434463,-0.613892,-0.093994,-0.652832,5.859377,-5.493164,3.112794,cycling_2
1769336723.3654718,-0.739502,0.063477,-0.742554,8.422852,-6.713869,7.202150,cycling_2
1769336723.3861713,-0.738159,-0.054443,-0.684204,4.699707,-7.446291,-4.638672,cycling_2
1769336723.4053793,-0.683350,-0.062256,-0.738403,6.835939,-3.295899,4.882813,cycling_2
1769336723.4265783,-0.819580,0.095459,-0.741699,6.835939,-4.089355,5.859377,cycling_2
1769336723.448814,-0.738159,0.033569,-0.697510,-3.112794,1.831055,-0.488281,cycling_2
1769336723.468585,-0.792969,0.001465,-0.715942,0.915528,-1.281738,0.488281,cycling_2
1769336723.4831445,-0.660645,0.019531,-0.671143,-7.446291,3.845216,1.953125,cycling_2
1769336723.5046282,-0.692139,-0.005615,-0.689087,-3.784181,1.892090,0.488281,cycling_2
1769336723.5308352,-0.708496,0.066406,-0.704956,-1.831055,5.004883,3.295899,cycling_2
1769336723.5431414,-0.683594,0.227539,-0.651611,-0.183106,2.990724,1.892090,cycling_2
1769336723.6388113,-0.616577,0.110718,-0.702271,8.300781,2.746582,12.329105,cycling_2
1769336723.6388113,-0.778320,0.084717,-0.732300,4.882813,-6.347658,-12.939457,cycling_2
1769336723.6442542,-0.586670,0.064331,-0.699097,5.493164,-2.807618,3.662110,cycling_2
1769336723.6516242,-0.741821,0.131836,-0.709961,4.211426,-10.559082,4.760742,cycling_2
1769336723.6673725,-0.745483,0.027222,-0.756104,-3.295899,-3.112794,-0.061035,cycling_2
1769336723.684713,-0.680908,0.214233,-0.683960,0.000000,-3.112794,9.094238,cycling_2
1769336723.707437,-0.678345,0.158203,-0.668823,-3.356935,-9.216309,0.366211,cycling_2
1769336723.7265375,-0.716064,0.024780,-0.724731,0.549316,-6.347658,-2.624512,cycling_2
1769336723.7480955,-0.610596,0.116211,-0.628296,4.821777,-7.263186,6.164553,cycling_2
1769336723.9920938,-0.681885,0.349243,-0.695435,16.784668,-5.310059,1.159668,cycling_2
1769336723.9920938,-0.629272,0.180786,-0.694702,8.789063,-11.962894,-7.263186,cycling_2
1769336723.9920938,-0.744019,-0.085693,-0.787720,18.859863,-16.479492,-13.854984,cycling_2
1769336723.9920938,-0.694092,0.244141,-0.644043,15.075687,-10.375977,2.929688,cycling_2
1769336723.9920938,-0.718506,-0.068848,-0.743164,15.747074,-15.075687,-9.399414,cycling_2
1769336723.9920938,-0.767822,0.157593,-0.741699,20.935059,-9.887695,11.047363,cycling_2
1769336723.9920938,-0.673096,0.059448,-0.637207,10.192871,-18.493652,6.408693,cycling_2
1769336723.9920938,-0.764893,-0.049072,-0.768799,14.709476,-15.441898,4.455566,cycling_2
1769336723.9920938,-0.696045,0.100586,-0.673340,14.648441,-10.742188,13.061527,cycling_2
1769336723.9920938,-0.779419,0.126953,-0.694092,11.108402,-11.474613,12.268070,cycling_2
1769336724.0061316,-0.753662,-0.126709,-0.744019,14.038090,-13.183598,1.159668,cycling_2
1769336724.0251179,-0.684326,0.008423,-0.643311,17.395020,-7.995607,16.174316,cycling_2
1769336724.0468767,-0.809082,0.011719,-0.697754,15.197758,-6.774904,9.887695,cycling_2
1769336724.0668395,-0.863892,0.041260,-0.743164,21.484375,-0.427246,4.089355,cycling_2
1769336724.0832608,-0.742188,0.234497,-0.588501,23.498543,-8.178711,6.408693,cycling_2
1769336724.1022866,-0.726196,-0.105713,-0.652344,22.094727,-17.333984,-10.314941,cycling_2
1769336724.1224365,-0.888794,0.237915,-0.701782,34.851074,-3.601075,2.990724,cycling_2
1769336724.1451187,-0.465576,-0.313599,-0.605469,19.958496,-14.770512,-8.422852,cycling_2
1769336724.1654046,-0.761597,-0.081909,-0.738403,36.437988,-7.629396,18.798828,cycling_2
1769336724.1855414,-0.827148,0.109375,-0.661865,30.395515,-7.873537,15.563969,cycling_2
1769336724.2054374,-0.537354,-0.127930,-0.520996,21.362305,-12.023930,9.826660,cycling_2
1769336724.2264433,-0.825562,-0.152344,-0.880981,28.381355,1.464844,18.798828,cycling_2
1769336724.2485044,-0.893188,0.253540,-0.739136,28.564461,-0.427246,22.033691,cycling_2
1769336724.2630951,-0.765991,-0.299072,-0.645386,22.827156,-8.422852,8.178711,cycling_2
1769336724.282599,-0.972534,0.032837,-0.773682,29.541023,0.610352,15.380863,cycling_2
1769336724.3052528,-0.614014,-0.542358,-0.737793,22.338875,-23.437508,5.004883,cycling_2
1769336724.3287616,-0.739868,-0.545044,-0.739502,31.799324,-23.376472,23.742683,cycling_2
1769336724.344988,-1.002808,-0.017090,-0.593994,26.916512,-9.826660,31.188972,cycling_2
1769336724.3818562,-0.925049,-0.192383,-0.588257,4.272461,5.859377,14.343266,cycling_2
1769336724.4061902,-0.831787,-0.179810,-0.703491,10.314941,16.357422,6.530764,cycling_2
1769336724.4106174,-0.856323,-0.001221,-0.625610,-0.427246,15.075687,13.671879,cycling_2
1769336724.4271562,-0.762817,-0.084229,-0.557129,-2.807618,17.089844,1.708985,cycling_2
1769336724.4463415,-0.806641,0.172485,-0.618042,2.136230,21.118164,17.028809,cycling_2
1769336724.4630196,-0.837158,0.288208,-0.603149,-0.854492,19.287109,4.089355,cycling_2
1769336724.4887269,-0.511475,-0.223511,-0.609619,-0.854492,7.141115,-6.591799,cycling_2
1769336724.523654,-0.653076,-0.128540,-0.653320,8.178711,6.896975,16.906738,cycling_2
1769336724.523654,-0.769897,0.241577,-0.598755,2.685547,11.352543,4.760742,cycling_2
1769336724.5452316,-0.418091,-0.323364,-0.620605,5.615236,-3.417970,-5.981447,cycling_2
1769336724.6218758,-0.828247,0.051758,-0.750977,19.958496,7.141115,21.301270,cycling_2
1769336724.6433089,-0.898071,0.229614,-0.682983,14.343266,9.948730,12.146000,cycling_2
1769336724.6439073,-0.635376,0.088501,-0.597168,16.967773,1.281738,5.493164,cycling_2
1769336724.6439073,-0.777466,-0.077393,-0.659546,20.080566,-2.197266,4.394531,cycling_2
1769336724.6466362,-0.826416,-0.049194,-0.683960,18.859863,2.197266,14.160160,cycling_2
1769336724.6652806,-0.811157,0.002930,-0.710205,15.930180,6.164553,13.427738,cycling_2
1769336724.6855338,-0.812744,0.156006,-0.678101,14.038090,6.408693,15.197758,cycling_2
1769336724.7065432,-0.757446,-0.128784,-0.623901,7.751467,0.305176,0.305176,cycling_2
1769336724.7267096,-0.678345,-0.204590,-0.632813,7.995607,4.272461,11.596684,cycling_2
1769336724.7483237,-0.870239,0.133179,-0.709839,10.498047,10.803223,19.409180,cycling_2
1769336724.7667575,-0.661865,-0.243164,-0.733154,4.577637,5.493164,-1.586915,cycling_2
1769336724.8617945,-0.691895,0.104614,-0.565674,18.981934,7.934572,24.719246,cycling_2
1769336724.8888497,-0.829468,-0.031616,-0.665771,10.681152,6.347658,4.699707,cycling_2
1769336724.901853,-0.747559,-0.139771,-0.751587,24.230965,0.000000,-7.812502,cycling_2
1769336724.901853,-0.393311,-0.424072,-0.630371,18.310547,-17.639160,13.916019,cycling_2
1769336724.9071567,-0.992920,0.020020,-0.658203,31.860359,-21.484375,30.517586,cycling_2
1769336724.9071567,-1.125854,0.181519,-0.658081,17.395020,-3.051759,13.854984,cycling_2
1769336724.910013,-0.766846,-0.187378,-0.597900,6.958010,-7.019045,0.671387,cycling_2
1769336724.928466,-0.951782,-0.215942,-0.810913,14.221195,3.356935,22.399910,cycling_2
1769336724.9419584,-0.875854,0.034912,-0.575562,-0.183106,11.291508,22.094727,cycling_2
1769336724.9687638,-0.683716,-0.383423,-0.602417,-15.686039,9.887695,3.234864,cycling_2
1769336724.9849665,-0.853882,-0.428711,-0.665039,-12.939457,17.089844,12.084965,cycling_2
1769336725.0078745,-0.833252,0.147095,-0.496094,-11.535648,30.273445,31.127937,cycling_2
1769336725.0252295,-0.765991,-0.090698,-0.597656,-23.254402,27.648933,-6.225588,cycling_2
1769336725.0476487,-0.699707,-0.160889,-0.597900,-14.160160,24.963387,2.929688,cycling_2
1769336725.0677388,-0.679688,-0.031494,-0.562988,-11.047363,33.386230,12.207035,cycling_2
1769336725.0877454,-0.738403,0.453857,-0.693726,-2.563477,43.457031,24.414070,cycling_2
1769336725.1024504,-0.868774,0.073730,-0.682129,-9.277344,11.962894,-26.611336,cycling_2
1769336725.1271853,-0.650024,0.111816,-0.543213,-2.380371,16.967773,2.929688,cycling_2
1769336725.145245,-0.860352,0.234741,-0.840942,-8.239746,17.944336,5.432129,cycling_2
1769336725.1639237,-0.865234,0.190918,-0.858398,-9.216309,15.991215,-10.681152,cycling_2
1769336725.1888688,-0.502441,-0.309326,-0.615601,-21.179199,7.812502,1.098633,cycling_2
1769336725.2076523,-0.743896,-0.151367,-0.610596,-26.306160,15.563969,19.409180,cycling_2
1769336725.2262862,-0.845459,0.071899,-0.658691,-27.099617,27.832039,18.859863,cycling_2
1769336725.2474,-0.615967,0.219116,-0.614380,-19.714355,22.094727,9.338379,cycling_2
1769336725.2677805,-0.498901,-0.070190,-0.602661,-23.620613,14.648441,3.356935,cycling_2
1769336725.2890317,-0.674194,-0.053589,-0.713379,-15.441898,17.517090,17.517090,cycling_2
1769336725.304252,-0.718018,0.349731,-0.666138,-12.878422,23.559578,16.235352,cycling_2
1769336725.32289,-0.597656,-0.032349,-0.824463,-11.047363,10.314941,-19.287109,cycling_2
1769336725.3441043,-0.613525,0.171753,-0.718750,-2.075195,9.155273,11.230473,cycling_2
1769336725.3642726,-0.635986,0.475708,-0.662598,-7.202150,8.422852,7.019045,cycling_2
1769336725.3866804,-0.711548,0.025879,-0.757568,-7.080080,-5.126953,-20.690918,cycling_2
1769336725.4079518,-0.693481,0.089722,-0.725830,1.647950,-1.464844,3.845216,cycling_2
1769336725.4287856,-0.746460,0.323242,-0.751953,-2.502441,-5.737307,-2.929688,cycling_2
1769336725.4462297,-0.621216,0.020508,-0.840088,-4.821777,-6.652834,-5.371094,cycling_2
1769336725.462507,-0.641968,0.137207,-0.714600,-7.690432,-5.004883,6.530764,cycling_2
1769336725.4855967,-0.557617,0.058716,-0.645630,-11.352543,-4.516602,-0.305176,cycling_2
1769336725.5044832,-0.591187,0.171265,-0.684204,-10.009766,-3.662110,7.263186,cycling_2
1769336725.527557,-0.723022,0.188965,-0.798462,0.549316,-7.019045,-0.244141,cycling_2
1769336725.5458286,-0.602295,0.322021,-0.696411,5.798342,-8.666992,-4.150391,cycling_2
1769336725.5652854,-0.610962,0.040405,-0.750732,8.666992,-16.174316,-10.131836,cycling_2
1769336725.5866015,-0.796875,0.075195,-0.771729,8.361816,-7.446291,1.037598,cycling_2
1769336725.607334,-0.743774,0.057373,-0.734863,2.197266,-4.394531,-3.173829,cycling_2
1769336725.621837,-0.731445,0.090576,-0.733154,1.953125,-4.943848,0.244141,cycling_2
1769336725.6435263,-0.754150,0.087036,-0.780884,0.366211,-6.042482,-3.112794,cycling_2
1769336725.728789,-0.776733,0.196167,-0.750366,-0.488281,-1.464844,1.525879,cycling_2
1769336725.7538435,-0.709106,0.081421,-0.730225,-4.516602,-2.868653,-5.554201,cycling_2
1769336725.7702978,-0.638672,0.197754,-0.707520,-4.394531,3.417970,8.666992,cycling_2
1769336725.7702978,-0.637695,0.261108,-0.700562,-4.760742,-1.708985,-1.647950,cycling_2
1769336725.7758102,-0.524780,-0.012573,-0.703003,2.502441,-5.737307,-5.371094,cycling_2
1769336725.7758102,-0.599243,0.368164,-0.711304,5.187988,0.305176,15.686039,cycling_2
1769336725.7836053,-0.635742,0.194824,-0.659058,0.549316,-8.789063,-4.394531,cycling_2
1769336725.8157434,-0.560181,0.051025,-0.722534,3.051759,-3.540040,5.004883,cycling_2
1769336725.8275886,-0.810303,0.418823,-0.720947,3.051759,-11.718754,1.647950,cycling_2
1769336725.8464835,-0.627197,0.221313,-0.681152,-0.366211,-12.084965,-5.310059,cycling_2
1769336725.8649623,-0.677612,0.189697,-0.776733,9.582520,-13.061527,1.892090,cycling_2
1769336725.9536715,-0.735840,0.293701,-0.769897,4.272461,-14.221195,0.366211,cycling_2
1769336725.9771452,-0.692627,-0.063110,-0.740479,3.662110,-16.540527,-4.760742,cycling_2
1769336725.9918082,-0.662476,0.063843,-0.699951,2.441406,-7.629396,11.718754,cycling_2
1769336726.0182405,-0.803833,0.425903,-0.702881,8.422852,-2.807618,9.704590,cycling_2
1769336726.0191178,-0.575562,-0.011230,-0.736938,6.469728,-20.629883,-13.793949,cycling_2
1769336726.020452,-0.681030,0.154663,-0.701172,18.920898,-9.277344,9.704590,cycling_2
1769336726.0242896,-0.838867,0.333496,-0.757080,17.700195,-6.835939,4.028320,cycling_2
1769336726.0242896,-0.608765,0.045044,-0.662598,16.662598,-15.930180,-10.131836,cycling_2
1769336726.0464082,-0.601074,-0.050659,-0.704712,19.592285,-16.113281,7.995607,cycling_2
1769336726.0683453,-0.815796,0.090088,-0.733887,18.005371,-11.108402,10.742188,cycling_2
1769336726.0871232,-0.811890,0.033203,-0.725464,10.070801,-8.056641,5.004883,cycling_2
1769336726.102868,-0.757324,-0.088135,-0.770630,7.141115,-10.070801,6.042482,cycling_2
1769336726.1290112,-0.818481,0.095093,-0.816895,8.056641,0.122070,9.094238,cycling_2
1769336726.1438305,-0.675415,-0.028320,-0.758423,4.272461,-4.211426,7.812502,cycling_2
1769336726.1661146,-0.758301,-0.133057,-0.716309,8.544922,-13.427738,1.892090,cycling_2
1769336726.1858146,-0.713135,-0.090942,-0.630615,5.554201,-4.577637,15.808109,cycling_2
1769336726.2063403,-0.870972,0.140259,-0.707397,4.455566,2.441406,13.549809,cycling_2
1769336726.227786,-0.640259,0.065186,-0.639160,2.197266,2.319336,5.187988,cycling_2
1769336726.2494574,-0.689087,0.018311,-0.716187,7.629396,1.586915,7.446291,cycling_2
1769336726.2646255,-0.731812,0.365356,-0.709473,12.023930,4.882813,12.268070,cycling_2
1769336726.2881868,-0.611450,0.224731,-0.651489,9.765625,-5.676271,-3.784181,cycling_2
1769336726.3079965,-0.674561,-0.000366,-0.754517,14.709476,-9.338379,-4.821777,cycling_2
1769336726.3302553,-0.716187,0.260864,-0.668213,14.526371,-1.403809,11.840824,cycling_2
1769336726.3445268,-0.696167,-0.008057,-0.755371,4.760742,-11.352543,-2.563477,cycling_2
1769336726.3647573,-0.688721,-0.062256,-0.738037,5.859377,-2.929688,10.437012,cycling_2
1769336726.3886936,-0.680908,-0.008789,-0.722900,2.136230,1.342773,15.197758,cycling_2
1769336726.408701,-0.725098,0.173828,-0.720581,6.103518,1.586915,13.671879,cycling_2
1769336726.4286594,-0.670166,0.060669,-0.661987,8.361816,-3.601075,6.408693,cycling_2
1769336726.4482095,-0.716919,0.068604,-0.787598,9.582520,0.366211,14.587406,cycling_2
1769336726.4669633,-0.948730,0.323364,-0.730957,19.348145,-1.037598,5.859377,cycling_2
1769336726.4833474,-0.716797,-0.162964,-0.574951,3.662110,-10.864258,-6.774904,cycling_2
1769336726.5076168,-0.797852,-0.119873,-0.724976,10.925293,-0.366211,4.272461,cycling_2
1769336726.5272357,-0.797241,0.204346,-0.789795,7.568361,11.657719,15.136723,cycling_2
1769336726.545522,-0.716553,0.327881,-0.731323,9.399414,9.948730,-0.732422,cycling_2
1769336726.5691514,-0.575806,-0.119141,-0.659424,4.638672,-5.554201,-15.258793,cycling_2
1769336726.5869193,-0.634277,-0.001221,-0.654419,8.789063,3.967286,5.126953,cycling_2
1769336726.6079717,-0.784302,0.400391,-0.734131,14.282230,6.713869,8.056641,cycling_2
1769336726.62182,-0.504395,0.179688,-0.650879,15.258793,-7.141115,-9.765625,cycling_2
1769336726.6483653,-0.617676,0.067871,-0.666138,21.606445,-10.070801,0.488281,cycling_2
1769336726.66326,-0.745972,0.159912,-0.639282,23.010262,-7.080080,2.624512,cycling_2
1769336726.6848936,-0.643311,0.067627,-0.643311,21.850586,-9.216309,1.586915,cycling_2
1769336726.7039373,-0.765015,0.075439,-0.694214,24.780281,-3.662110,2.502441,cycling_2
1769336726.7978096,-0.734985,-0.006836,-0.701782,27.343758,-5.737307,-0.671387,cycling_2
1769336726.8167408,-0.754272,-0.014404,-0.772217,26.000984,-5.554201,3.479005,cycling_2
1769336726.8375263,-0.795532,0.075684,-0.799805,31.005867,-4.577637,-0.732422,cycling_2
1769336726.8556483,-0.694336,-0.005127,-0.616699,24.597176,-11.718754,-0.488281,cycling_2
1769336726.881968,-0.727661,-0.361206,-0.765869,20.263672,-4.638672,-5.981447,cycling_2
1769336726.8860147,-0.947510,0.053833,-0.897705,28.564461,2.441406,10.437012,cycling_2
1769336726.8875654,-0.696655,-0.313232,-0.782593,19.470215,-8.483887,-8.850098,cycling_2
1769336726.8875654,-0.696533,-0.374023,-0.717651,29.174812,-6.835939,5.187988,cycling_2
1769336726.892851,-0.889282,-0.076782,-0.690918,14.465336,4.455566,4.272461,cycling_2
1769336726.9069808,-0.795166,-0.089966,-0.658813,18.432617,2.563477,3.784181,cycling_2
1769336726.9718015,-0.703491,-0.235718,-0.662598,16.601563,-3.112794,3.051759,cycling_2
1769336726.9718015,-0.753418,-0.102661,-0.692261,14.953617,2.075195,19.470215,cycling_2
1769336726.9800377,-0.917603,0.213013,-0.750610,17.395020,10.620117,13.366703,cycling_2
1769336726.985806,-0.585938,-0.166138,-0.636475,7.263186,-0.732422,-3.906251,cycling_2
1769336727.0070016,-0.693970,-0.384277,-0.690918,10.864258,9.765625,14.404301,cycling_2
1769336727.026537,-0.934448,0.282227,-0.704590,8.239746,18.066406,14.709476,cycling_2
1769336727.0457687,-0.626587,-0.178589,-0.665894,1.159668,5.676271,-9.521484,cycling_2
1769336727.067159,-0.678345,-0.113037,-0.641357,6.713869,8.239746,9.094238,cycling_2
1769336727.0874135,-0.880005,0.061035,-0.737061,5.065918,10.009766,11.535648,cycling_2
1769336727.1068127,-0.692017,0.063843,-0.662720,3.601075,7.385256,7.507326,cycling_2
1769336727.1279194,-0.661011,-0.061401,-0.628540,5.310059,-1.525879,5.737307,cycling_2
1769336727.1431985,-0.685425,-0.346680,-0.805420,2.563477,1.586915,11.108402,cycling_2
1769336727.1624897,-0.841919,0.385132,-0.670288,16.967773,10.192871,29.113777,cycling_2
1769336727.1851866,-0.484985,-0.009766,-0.487183,-8.178711,-6.103518,6.835939,cycling_2
1769336727.205566,-0.755737,-0.347412,-0.671997,-2.807618,0.000000,8.056641,cycling_2
1769336727.2258563,-0.996826,0.141602,-0.781006,7.568361,12.756351,22.155769,cycling_2
1769336727.2465994,-0.512573,0.068604,-0.472534,-15.258793,-1.525879,18.188477,cycling_2
1769336727.2671058,-0.615967,-0.468018,-0.695923,-15.075687,-9.765625,6.896975,cycling_2
1769336727.2888744,-0.902588,0.087769,-0.716553,-7.446291,6.530764,30.639656,cycling_2
1769336727.309346,-0.907227,0.048218,-0.714478,-18.981934,15.747074,14.770512,cycling_2
1769336727.3270504,-0.759155,0.072754,-0.614868,-16.540527,16.540527,8.544922,cycling_2
1769336727.3563015,-0.766602,-0.118530,-0.698975,-16.723633,11.352543,6.958010,cycling_2
1769336727.3688946,-0.815186,-0.011475,-0.698730,-15.136723,19.042969,15.319828,cycling_2
1769336727.3851104,-0.712280,0.046387,-0.627075,-21.545410,25.512703,13.854984,cycling_2
1769336727.4061637,-0.801147,0.288086,-0.657959,-17.089844,26.977547,5.493164,cycling_2
1769336727.4269476,-0.506714,-0.038208,-0.626709,-23.376472,21.118164,0.976563,cycling_2
1769336727.4481137,-0.682251,0.466064,-0.678711,-12.451176,25.512703,25.451668,cycling_2
1769336727.4679878,-0.797607,0.726318,-0.722900,-12.634281,22.338875,3.967286,cycling_2
1769336727.4847271,-0.630981,0.245117,-0.726685,-15.014652,-3.112794,-29.968269,cycling_2
1769336727.502795,-0.473267,-0.166748,-0.557739,-8.178711,-2.014160,-9.887695,cycling_2
1769336727.526013,-0.713867,0.414307,-0.716431,-7.263186,7.324221,13.183598,cycling_2
1769336727.5445132,-0.616943,-0.115723,-0.741455,-15.991215,2.624512,-22.827156,cycling_2
1769336727.5678947,-0.516968,0.077515,-0.734497,-9.033203,8.239746,12.390141,cycling_2
1769336727.5868852,-0.912598,0.376709,-0.775513,-5.920412,2.685547,-1.342773,cycling_2
1769336727.6077092,-0.672241,-0.083374,-0.671997,-11.962894,4.943848,-22.399910,cycling_2
1769336727.6286972,-0.630615,-0.003906,-0.754883,-4.028320,8.911133,5.798342,cycling_2
1769336727.6468933,-0.812134,0.453369,-0.719849,-5.065918,15.808109,2.502441,cycling_2
1769336727.6649756,-0.678955,0.106934,-0.745239,-3.479005,7.568361,-15.869144,cycling_2
1769336727.684742,-0.739258,-0.062378,-0.743408,-7.934572,3.234864,-10.375977,cycling_2
1769336727.7074726,-0.617310,-0.133789,-0.670776,-15.625004,14.770512,-6.958010,cycling_2
1769336727.7276595,-0.720581,-0.066528,-0.729126,-11.413578,15.686039,0.427246,cycling_2
1769336727.7466652,-0.732788,0.075317,-0.779175,-14.221195,20.263672,-3.845216,cycling_2
1769336727.7668612,-0.604492,0.035522,-0.711182,-14.160160,21.423340,3.417970,cycling_2
1769336727.788099,-0.690674,0.275513,-0.748291,-12.878422,20.263672,5.432129,cycling_2
1769336727.8078794,-0.611938,0.272339,-0.736572,-16.113281,17.822266,-12.695316,cycling_2
1769336727.8286843,-0.640259,0.044067,-0.728882,-15.380863,9.338379,-10.986328,cycling_2
1769336727.8445754,-0.629883,0.157471,-0.718506,-16.784668,13.305668,-5.981447,cycling_2
1769336727.8848479,-0.591675,0.286255,-0.731934,-13.610844,10.803223,-6.164553,cycling_2
1769336727.9034128,-0.494751,0.292358,-0.729736,-10.864258,7.080080,-7.080080,cycling_2
1769336727.9820304,-0.559204,0.238770,-0.790771,-4.455566,-3.417970,-7.141115,cycling_2
1769336727.9978151,-0.503296,0.155396,-0.757935,-4.211426,-6.164553,-9.033203,cycling_2
1769336728.0192149,-0.639893,0.374268,-0.776611,-2.929688,-4.211426,-0.061035,cycling_2
1769336728.0349243,-0.537842,0.110962,-0.746704,-2.502441,-9.399414,-17.089844,cycling_2
1769336728.1938422,-0.588135,-0.030396,-0.783447,2.624512,-10.253906,0.732422,cycling_2
1769336728.1938422,-0.675415,0.167114,-0.817139,-0.671387,-3.356935,3.540040,cycling_2
1769336728.1938422,-0.650757,0.191284,-0.737549,-2.502441,-4.150391,1.342773,cycling_2
1769336728.1938422,-0.661255,-0.046387,-0.804199,-2.197266,-5.676271,-6.225588,cycling_2
1769336728.1938422,-0.658203,0.196045,-0.760742,-2.685547,-1.342773,5.126953,cycling_2
1769336728.1938422,-0.600464,0.242310,-0.740967,-2.502441,-3.967286,-0.244141,cycling_2
1769336728.200974,-0.613403,0.223389,-0.776855,2.685547,-7.507326,-5.615236,cycling_2
1769336728.200974,-0.619019,0.329834,-0.727173,4.699707,-6.896975,-5.126953,cycling_2
1769336728.2046444,-0.471436,0.182129,-0.714722,4.333496,-15.014652,-11.230473,cycling_2
1769336728.2050247,-0.556274,0.225464,-0.808350,8.178711,-20.629883,-4.089355,cycling_2
1769336728.2061844,-0.616089,0.163574,-0.754028,6.042482,-17.456055,-5.371094,cycling_2
1769336728.2061844,-0.595215,0.262939,-0.791382,8.361816,-12.756351,2.929688,cycling_2
1769336728.229292,-0.636597,0.265869,-0.805420,9.094238,-17.456055,-2.197266,cycling_2
1769336728.2470934,-0.601318,-0.011841,-0.780396,9.399414,-20.507813,-3.295899,cycling_2
1769336728.269009,-0.611450,-0.044189,-0.783936,14.160160,-18.554688,6.713869,cycling_2
1769336728.2875285,-0.792480,0.409912,-0.782959,12.084965,-11.352543,12.329105,cycling_2
1769336728.307761,-0.623901,-0.003174,-0.693848,2.929688,-20.324707,-11.291508,cycling_2
1769336728.3258884,-0.739502,0.141846,-0.841431,12.207035,-12.207035,9.887695,cycling_2
1769336728.3439052,-0.715454,0.201904,-0.740723,8.544922,-11.108402,0.793457,cycling_2
1769336728.3705769,-0.658447,0.209106,-0.732056,9.094238,-13.427738,-3.479005,cycling_2
1769336728.3855848,-0.718018,-0.142090,-0.785156,9.155273,-15.747074,-6.652834,cycling_2
1769336728.4099913,-0.716675,-0.239380,-0.756714,10.559082,-6.225588,4.760742,cycling_2
1769336728.4287117,-0.807373,0.165283,-0.761841,12.817387,2.807618,16.723633,cycling_2
1769336728.4488156,-0.692139,0.073608,-0.719238,10.559082,-6.652834,-0.122070,cycling_2
1769336728.469384,-0.700928,0.107788,-0.850220,13.366703,-1.647950,7.446291,cycling_2
1769336728.4884746,-0.613647,0.041504,-0.765015,9.704590,-6.042482,7.080080,cycling_2
1769336728.5070424,-0.617065,0.030762,-0.684082,7.324221,-7.812502,10.131836,cycling_2
1769336728.5289464,-0.706909,0.100220,-0.692261,4.089355,-0.976563,8.117676,cycling_2
1769336728.5461726,-0.675537,0.012817,-0.740112,4.882813,-0.366211,2.258301,cycling_2
1769336728.5683043,-0.640625,0.081177,-0.718506,9.216309,-2.868653,7.385256,cycling_2
1769336728.5873184,-0.742188,0.128052,-0.775879,14.282230,-2.868653,1.342773,cycling_2
1769336728.6081593,-0.618286,-0.043335,-0.695679,16.052246,-7.019045,0.976563,cycling_2
1769336728.6277196,-0.737305,0.080078,-0.743408,14.282230,-3.662110,7.019045,cycling_2
1769336728.6488733,-0.760132,0.029297,-0.793945,11.901859,-2.807618,1.159668,cycling_2
1769336728.6692502,-0.782349,0.144409,-0.800537,14.709476,1.342773,2.319336,cycling_2
1769336728.6851916,-0.651855,0.033691,-0.701172,4.577637,-3.112794,-1.770020,cycling_2
1769336728.706049,-0.692993,-0.031982,-0.751587,7.324221,1.281738,2.441406,cycling_2
1769336728.7274163,-0.761597,0.177124,-0.763672,8.422852,1.037598,5.859377,cycling_2
1769336728.7467108,-0.539063,-0.197998,-0.710449,4.150391,-8.544922,-0.549316,cycling_2
1769336728.7622383,-0.672607,-0.001465,-0.740723,10.375977,-2.624512,17.639160,cycling_2
1769336728.7893348,-0.727173,0.085327,-0.761353,9.704590,-6.591799,9.460449,cycling_2
1769336728.8040717,-0.592651,-0.035889,-0.688965,8.056641,-13.488773,4.028320,cycling_2
1769336728.8249855,-0.655273,-0.059448,-0.706055,11.047363,-13.549809,10.498047,cycling_2
1769336728.8439674,-0.755371,-0.068726,-0.752441,8.300781,-12.146000,5.554201,cycling_2
1769336728.8665073,-0.725098,0.031860,-0.666138,4.638672,-5.676271,10.253906,cycling_2
1769336728.8868837,-0.815063,0.074951,-0.708740,5.371094,-2.929688,4.882813,cycling_2
1769336728.9067516,-0.715454,0.084106,-0.709961,3.417970,2.624512,5.676271,cycling_2
1769336728.9278667,-0.784180,0.210693,-0.783936,6.164553,8.666992,5.126953,cycling_2
1769336728.947887,-0.738770,0.160889,-0.667725,3.417970,1.464844,-4.272461,cycling_2
1769336728.9977922,-0.634399,-0.035156,-0.624268,1.403809,4.394531,-1.770020,cycling_2
1769336728.9977922,-0.766235,0.085693,-0.797974,3.051759,7.080080,3.112794,cycling_2
1769336729.0066926,-0.658325,0.179932,-0.710327,1.953125,8.056641,1.342773,cycling_2
1769336729.0280254,-0.612671,0.067871,-0.706909,2.685547,3.540040,0.183106,cycling_2
1769336729.0451944,-0.702637,0.108765,-0.771240,6.652834,4.821777,1.586915,cycling_2
1769336729.068389,-0.657593,0.199829,-0.758301,4.089355,-0.061035,2.136230,cycling_2
1769336729.0867395,-0.611450,-0.125977,-0.699707,3.479005,-3.601075,1.220703,cycling_2
1769336729.1083748,-0.721313,0.004028,-0.721436,3.723145,-2.319336,8.239746,cycling_2
1769336729.128636,-0.775391,0.326416,-0.761841,7.141115,-0.305176,6.896975,cycling_2
1769336729.1506972,-0.735229,0.165527,-0.739746,2.929688,-13.977055,-6.469728,cycling_2
1769336729.1780374,-0.769409,-0.125854,-0.762207,3.967286,-10.620117,-4.882813,cycling_2
1769336729.184366,-0.819580,0.031982,-0.754761,5.493164,-4.882813,4.455566,cycling_2
1769336729.2120023,-0.724487,0.115723,-0.693970,-6.042482,-4.089355,4.333496,cycling_2
1769336729.2272844,-0.721802,-0.257324,-0.703003,-7.263186,-2.258301,-0.549316,cycling_2
1769336729.2483566,-0.710815,0.128784,-0.644409,-10.437012,4.821777,10.559082,cycling_2
1769336729.2690752,-0.630371,-0.015503,-0.633057,-14.221195,2.502441,-0.793457,cycling_2
1769336729.2856867,-0.668335,-0.084961,-0.701782,-7.446291,8.361816,2.990724,cycling_2
1769336729.3084943,-0.697998,0.034302,-0.770264,-1.892090,7.568361,6.286623,cycling_2
1769336729.328331,-0.638428,0.148926,-0.726685,-3.295899,11.474613,7.751467,cycling_2
1769336729.348729,-0.772095,0.212524,-0.736328,2.075195,7.629396,4.089355,cycling_2
1769336729.3673239,-0.767944,0.062012,-0.720947,-3.356935,4.882813,-5.004883,cycling_2
1769336729.385161,-0.765747,-0.036011,-0.760254,-9.887695,11.047363,4.272461,cycling_2
1769336729.4082487,-0.759399,0.025879,-0.722290,-14.282230,15.930180,7.446291,cycling_2
1769336729.4278073,-0.753174,0.188354,-0.674072,-11.840824,14.282230,4.577637,cycling_2
1769336729.4511402,-0.679077,0.324463,-0.706055,-14.526371,14.282230,1.770020,cycling_2
1769336729.4697502,-0.626831,0.106812,-0.785767,-10.803223,9.704590,-4.028320,cycling_2
1769336729.4894507,-0.655029,0.181030,-0.719604,-9.460449,7.202150,0.793457,cycling_2
1769336729.5050519,-0.556519,0.152710,-0.615356,-11.535648,6.103518,0.854492,cycling_2
1769336729.5251405,-0.678955,0.204346,-0.715820,-6.591799,2.319336,-2.075195,cycling_2
1769336729.5419686,-0.554077,0.223877,-0.646484,-3.967286,-1.037598,-6.225588,cycling_2
1769336729.5656703,-0.522705,0.206421,-0.706665,1.464844,-3.906251,-4.516602,cycling_2
1769336729.5882537,-0.595947,0.211548,-0.716431,6.591799,-8.300781,-6.774904,cycling_2
1769336729.6075578,-0.666870,0.276367,-0.766968,8.178711,-7.019045,-4.821777,cycling_2
1769336729.6282506,-0.687866,0.292603,-0.815674,9.399414,-7.934572,-6.835939,cycling_2
1769336729.64816,-0.630859,0.001099,-0.718628,6.530764,-11.413578,-1.342773,cycling_2
1769336729.664377,-0.745117,0.099243,-0.778564,4.394531,-10.620117,2.197266,cycling_2
1769336729.6862378,-0.709473,0.107300,-0.695435,-3.051759,-6.408693,0.610352,cycling_2
1769336729.7054079,-0.683594,0.146362,-0.775269,2.197266,-5.676271,2.624512,cycling_2
1769336729.728296,-0.659546,0.050049,-0.711060,3.051759,-11.901859,-3.906251,cycling_2
1769336729.746614,-0.620239,-0.001099,-0.709595,5.493164,-8.850098,-0.061035,cycling_2
1769336729.763336,-0.696167,0.208496,-0.689087,8.850098,-4.638672,2.136230,cycling_2
1769336729.784854,-0.574951,-0.086670,-0.676636,12.084965,-11.718754,-5.737307,cycling_2
1769336729.8080413,-0.720459,0.100342,-0.766968,14.587406,-7.934572,2.136230,cycling_2
1769336729.827323,-0.718750,0.064819,-0.693237,10.437012,-5.798342,-7.934572,cycling_2
1769336729.8447506,-0.705688,-0.061523,-0.804321,13.427738,-4.211426,-5.187988,cycling_2
1769336729.866116,-0.777588,0.091187,-0.750000,15.197758,-2.441406,-3.479005,cycling_2
1769336729.8858209,-0.677734,0.143799,-0.750977,10.925293,-0.976563,-0.183106,cycling_2
1769336729.9069598,-0.766235,0.065308,-0.812622,13.610844,-7.385256,-5.493164,cycling_2
1769336729.9278424,-0.612793,0.081299,-0.676270,4.516602,-7.019045,1.098633,cycling_2
1769336729.9464347,-0.729370,-0.136108,-0.738403,1.647950,-2.197266,-0.732422,cycling_2
1769336729.968412,-0.754272,0.067627,-0.687622,-0.061035,5.798342,3.967286,cycling_2
1769336729.9843805,-0.680542,0.257568,-0.663940,-2.258301,5.126953,4.272461,cycling_2
1769336730.0718122,-0.588379,-0.020874,-0.690918,-2.807618,-6.713869,-11.840824,cycling_2
1769336730.097594,-0.627197,-0.094238,-0.718018,4.455566,-4.028320,-2.380371,cycling_2
1769336730.121852,-0.727905,0.207520,-0.705200,12.207035,-2.197266,-3.906251,cycling_2
1769336730.1422064,-0.508545,-0.146118,-0.658936,11.474613,-11.596684,-11.535648,cycling_2
1769336730.1789355,-0.691406,0.020630,-0.751099,17.944336,-5.737307,6.042482,cycling_2
1769336730.3435946,-0.761353,0.084961,-0.741699,16.174316,-8.605957,-0.305176,cycling_2
1769336730.3452125,-0.545166,-0.176636,-0.743652,10.070801,-10.620117,3.479005,cycling_2
1769336730.3452125,-0.822021,0.145996,-0.802856,21.728516,-1.770020,12.756351,cycling_2
1769336730.3452125,-0.623779,0.057373,-0.743286,6.958010,-9.826660,-5.004883,cycling_2
1769336730.3452125,-0.703613,-0.025391,-0.763916,15.319828,-7.446291,2.075195,cycling_2
1769336730.3452125,-0.755127,0.170166,-0.698853,7.202150,-9.887695,2.380371,cycling_2
1769336730.3452125,-0.644653,-0.158569,-0.691772,1.953125,-9.399414,-2.929688,cycling_2
1769336730.3452125,-0.775391,-0.026123,-0.782471,7.507326,-0.427246,9.094238,cycling_2
1769336730.3452125,-0.779419,0.149048,-0.694824,2.563477,-0.244141,6.774904,cycling_2
1769336730.3452125,-0.726440,-0.016235,-0.679565,5.554201,-4.272461,-5.249023,cycling_2
1769336730.3467727,-0.730713,0.058594,-0.725830,9.643555,-2.929688,-3.356935,cycling_2
1769336730.3467727,-0.620361,-0.120972,-0.696533,10.559082,-4.638672,-4.150391,cycling_2
1769336730.3467727,-0.744141,0.070435,-0.741333,15.319828,-1.403809,3.173829,cycling_2
1769336730.365296,-0.802856,0.158203,-0.785767,17.578125,-1.098633,-1.525879,cycling_2
1769336730.3844001,-0.811768,0.223145,-0.718628,20.019531,-8.666992,-14.099125,cycling_2
1769336730.406097,-0.474121,-0.178589,-0.631470,15.136723,-14.648441,-11.901859,cycling_2
1769336730.426639,-0.822144,0.167725,-0.800171,23.071297,-2.990724,-6.774904,cycling_2
1769336730.4481137,-0.650146,-0.093262,-0.685669,14.038090,-9.277344,-15.625004,cycling_2
1769336730.4688334,-0.534180,-0.128540,-0.622192,19.592285,-14.892582,2.136230,cycling_2
1769336730.4833505,-0.794189,0.007935,-0.681885,17.028809,-6.042482,7.080080,cycling_2
1769336730.5076795,-0.579468,0.003784,-0.610474,9.948730,-5.004883,2.685547,cycling_2
1769336730.5241997,-0.634521,0.001099,-0.697144,14.709476,-5.920412,9.094238,cycling_2
1769336730.5452244,-0.777588,0.061157,-0.734741,18.737793,-1.647950,-2.319336,cycling_2
1769336730.5680094,-0.702759,0.106201,-0.648438,23.437508,-5.187988,-3.723145,cycling_2
1769336730.587219,-0.713257,-0.147339,-0.700684,23.681648,-4.699707,-7.385256,cycling_2
1769336730.607323,-0.757690,-0.066284,-0.701782,26.306160,-3.540040,6.530764,cycling_2
1769336730.6272914,-0.891846,-0.089600,-0.766602,27.099617,-3.845216,1.953125,cycling_2
1769336730.6500497,-0.726318,-0.097656,-0.622803,22.155769,-4.516602,4.516602,cycling_2
1769336730.686208,-0.755249,-0.356567,-0.722290,19.470215,-4.272461,3.662110,cycling_2
1769336730.6887238,-0.927979,-0.046387,-0.847900,17.944336,7.873537,16.906738,cycling_2
1769336730.7062445,-0.546143,-0.472778,-0.691772,12.390141,-9.643555,9.033203,cycling_2
1769336730.7258363,-0.800171,-0.124512,-0.705811,11.901859,-0.732422,26.184090,cycling_2
1769336730.7470355,-0.706299,-0.137695,-0.678589,5.126953,1.281738,17.089844,cycling_2
1769336730.7680068,-0.743164,-0.010986,-0.735596,12.146000,0.610352,20.080566,cycling_2
1769336730.7818995,-0.679565,-0.086182,-0.695557,7.507326,-0.671387,11.474613,cycling_2
1769336730.8072684,-0.877441,-0.258423,-0.790894,15.625004,1.525879,1.403809,cycling_2
1769336730.823106,-0.630981,-0.061523,-0.697266,10.375977,11.169437,13.671879,cycling_2
1769336730.8428946,-0.787354,-0.031372,-0.611450,12.695316,8.300781,12.207035,cycling_2
1769336730.8643837,-0.790771,-0.125610,-0.697021,8.789063,11.779789,13.671879,cycling_2
1769336730.8860695,-0.695557,-0.129272,-0.717041,7.690432,11.474613,20.996094,cycling_2
1769336730.9071414,-0.737305,0.169067,-0.747925,10.864258,12.023930,32.897949,cycling_2
1769336730.9262762,-0.835938,0.156006,-0.792603,6.774904,10.253906,16.784668,cycling_2
1769336730.9462943,-0.545410,-0.177002,-0.560547,-3.234864,0.427246,7.812502,cycling_2
1769336730.9671586,-0.882202,-0.032227,-0.724365,-5.554201,12.634281,30.883797,cycling_2
1769336730.9818513,-0.882690,0.156616,-0.747070,-5.676271,18.432617,15.075687,cycling_2
1769336731.0073578,-0.452026,-0.117310,-0.631226,-8.361816,5.187988,7.995607,cycling_2
1769336731.045716,-0.511841,-0.372681,-0.630493,-3.601075,3.112794,13.427738,cycling_2
1769336731.0921366,-0.807251,0.091187,-0.719727,2.929688,15.319828,36.499023,cycling_2
1769336731.1232662,-0.901245,0.349243,-0.697632,5.249023,20.141602,13.671879,cycling_2
1769336731.1416657,-0.581909,-0.129883,-0.712280,10.253906,-0.610352,3.051759,cycling_2
1769336731.1608124,-0.801514,-0.067261,-0.727295,9.521484,10.803223,11.535648,cycling_2
1769336731.2363749,-0.726929,-0.031128,-0.750122,6.896975,6.408693,16.845703,cycling_2
1769336731.2459826,-0.705811,-0.195801,-0.693604,2.990724,-1.220703,7.446291,cycling_2
1769336731.2459826,-0.726440,-0.094849,-0.668457,0.793457,4.638672,16.418457,cycling_2
1769336731.2485356,-0.800293,-0.110962,-0.791016,-0.976563,4.333496,7.263186,cycling_2
1769336731.2485356,-0.696045,-0.050293,-0.771484,1.159668,7.324221,12.146000,cycling_2
1769336731.2518115,-0.749512,-0.107910,-0.749756,1.647950,0.183106,9.704590,cycling_2
1769336731.253358,-0.788940,0.034790,-0.655029,1.831055,7.019045,16.723633,cycling_2
1769336731.2671988,-0.728882,0.077637,-0.680420,-1.098633,8.605957,12.817387,cycling_2
1769336731.2868688,-0.723145,0.052124,-0.712646,-2.380371,4.455566,4.333496,cycling_2
1769336731.308381,-0.688843,-0.140137,-0.721558,-1.098633,1.159668,0.122070,cycling_2
1769336731.3237839,-0.685547,0.108765,-0.723999,-3.295899,12.084965,10.375977,cycling_2
1769336731.3458233,-0.612305,-0.028931,-0.731201,-8.850098,5.859377,13.183598,cycling_2
1769336731.363691,-0.641602,0.204468,-0.736694,-2.624512,6.896975,10.314941,cycling_2
1769336731.3880503,-0.581421,0.175903,-0.656738,-3.967286,-1.098633,2.807618,cycling_2
1769336731.4058497,-0.683716,-0.056396,-0.648804,-0.671387,-5.371094,-4.821777,cycling_2
1769336731.4278753,-0.674805,0.089600,-0.756714,1.403809,5.493164,6.469728,cycling_2
1769336731.4474065,-0.742798,0.347900,-0.801880,8.300781,1.098633,2.197266,cycling_2
1769336731.4676435,-0.559204,0.122437,-0.697876,7.690432,-8.422852,-5.554201,cycling_2
1769336731.487726,-0.764038,-0.086792,-0.769409,5.004883,-7.080080,-1.220703,cycling_2
1769336731.503615,-0.777100,-0.050781,-0.799316,2.075195,-1.831055,6.896975,cycling_2
1769336731.5252109,-0.722412,0.008789,-0.765137,0.000000,0.793457,7.812502,cycling_2
1769336731.547005,-0.694214,0.106079,-0.711304,-0.793457,0.244141,7.812502,cycling_2
1769336731.5653002,-0.665405,-0.089233,-0.709473,-1.953125,-3.112794,-1.525879,cycling_2
1769336731.586794,-0.675415,0.049072,-0.667969,-2.929688,2.197266,8.544922,cycling_2
1769336731.6057053,-0.693970,-0.098267,-0.729004,-1.220703,-1.403809,-1.281738,cycling_2
1769336731.6270413,-0.711548,-0.043457,-0.673950,0.061035,1.708985,0.305176,cycling_2
1769336731.6474695,-0.659790,-0.144531,-0.692627,-0.061035,3.845216,-2.685547,cycling_2
1769336731.6670506,-0.723633,0.143311,-0.850708,10.559082,9.948730,5.065918,cycling_2
1769336731.687378,-0.599365,0.288330,-0.755493,12.084965,6.225588,0.305176,cycling_2
1769336731.7048936,-0.660767,0.185059,-0.633301,10.192871,-3.234864,-5.310059,cycling_2
1769336731.7276475,-0.844360,-0.087891,-0.794189,7.934572,1.464844,-13.122562,cycling_2
1769336731.7464132,-0.729614,0.065674,-0.829346,4.760742,2.319336,-1.586915,cycling_2
1769336731.7667644,-0.805420,-0.141602,-0.818359,3.173829,-2.441406,-10.070801,cycling_2
1769336731.7817874,-0.694824,-0.038574,-0.654541,-0.854492,1.647950,4.150391,cycling_2
1769336731.8025243,-0.747314,-0.163940,-0.796509,-5.493164,1.770020,1.037598,cycling_2
1769336731.8281493,-0.643799,0.020630,-0.732788,-1.403809,8.911133,7.385256,cycling_2
1769336731.847622,-0.609375,0.074829,-0.691528,-0.793457,1.037598,8.850098,cycling_2
1769336731.8658545,-0.657227,-0.242554,-0.743896,-5.432129,2.746582,-1.098633,cycling_2
1769336731.8879552,-0.605103,0.245728,-0.669189,-5.126953,9.460449,21.057129,cycling_2
1769336731.9064403,-0.722046,0.092163,-0.739868,-5.676271,2.136230,2.807618,cycling_2
1769336731.9266706,-0.540894,0.184082,-0.600464,-8.728027,0.427246,12.146000,cycling_2
1769336731.9461546,-0.847900,0.153320,-0.818359,-13.916019,4.272461,2.319336,cycling_2
1769336731.9679794,-0.767578,0.034546,-0.774536,-17.150879,1.586915,-10.314941,cycling_2
1769336731.98806,-0.671753,0.067993,-0.751465,-17.333984,7.751467,2.868653,cycling_2
1769336732.0028794,-0.744507,0.170898,-0.659424,-18.432617,9.155273,-6.469728,cycling_2
1769336732.0253148,-0.708374,-0.029907,-0.723633,-16.601563,4.028320,-8.789063,cycling_2
1769336732.0501525,-0.762451,0.227905,-0.733032,-9.948730,9.643555,5.432129,cycling_2
1769336732.0667133,-0.785645,0.109497,-0.834106,-10.314941,5.615236,-11.596684,cycling_2
1769336732.0867686,-0.722656,0.008057,-0.680908,-12.756351,8.422852,-7.629396,cycling_2
1769336732.1078691,-0.841553,0.098511,-0.735962,-15.014652,7.751467,-11.901859,cycling_2
1769336732.1269283,-0.736206,0.061646,-0.688599,-18.005371,14.038090,-15.197758,cycling_2
1769336732.143129,-0.657349,-0.299194,-0.768188,-15.930180,9.765625,-17.028809,cycling_2
1769336732.1669517,-0.509888,-0.118896,-0.568481,-19.165039,17.028809,6.286623,cycling_2
1769336732.1839576,-0.684814,0.268677,-0.758789,-15.197758,23.193367,13.610844,cycling_2
1769336732.2248228,-0.612915,0.480957,-0.700439,-16.052246,21.911621,-0.732422,cycling_2
1769336732.235104,-0.541138,0.284912,-0.803589,-12.512211,10.009766,-21.179199,cycling_2
1769336732.246043,-0.492432,0.045044,-0.733398,-9.399414,2.380371,-14.465336,cycling_2
1769336732.2653706,-0.581543,0.325928,-0.693848,-9.094238,6.103518,-2.868653,cycling_2
1769336732.2874634,-0.589600,0.394531,-0.679199,-2.807618,-0.671387,-9.521484,cycling_2
1769336732.3077486,-0.547241,0.027344,-0.777466,0.854492,-10.314941,-20.568848,cycling_2
1769336732.3262897,-0.863159,0.218506,-0.984131,8.972168,-6.286623,-4.028320,cycling_2
1769336732.3426282,-0.669800,0.329346,-0.757690,-9.216309,-9.216309,-17.761230,cycling_2
1769336732.3674672,-0.415527,-0.384644,-0.780884,-9.033203,-8.911133,-14.038090,cycling_2
1769336732.3850305,-0.827637,0.471802,-0.877686,-2.807618,-3.234864,25.817879,cycling_2
1769336732.408843,-0.481079,-0.240112,-0.656372,-18.981934,-17.517090,-28.198250,cycling_2
1769336732.4274826,-0.411133,-0.412598,-0.712769,-11.169437,-8.850098,18.371582,cycling_2
1769336732.447392,-0.822388,0.353149,-0.715210,1.159668,-2.380371,28.381355,cycling_2
1769336732.4675188,-0.548340,0.354126,-0.599609,-7.141115,1.586915,-0.671387,cycling_2
1769336732.5118887,-0.553589,0.157349,-0.768066,7.385256,-10.986328,-2.502441,cycling_2
1769336732.5158603,-0.547485,0.229492,-0.702148,8.728027,-9.704590,2.807618,cycling_2
1769336732.5273037,-0.489014,0.188232,-0.696167,5.615236,-10.681152,1.159668,cycling_2
1769336732.544559,-0.646973,0.179810,-0.735352,11.474613,-7.507326,-7.202150,cycling_2
1769336732.5685048,-0.435669,0.126709,-0.691772,4.882813,-7.141115,3.234864,cycling_2
1769336732.5864458,-0.721924,0.014893,-0.860962,9.704590,-13.122562,1.953125,cycling_2
1769336732.6075034,-0.897949,0.516846,-0.796997,8.728027,0.000000,7.507326,cycling_2
1769336732.6282427,-0.710571,0.126099,-0.745972,4.211426,-23.803719,-21.423340,cycling_2
1769336732.6474438,-0.636475,-0.230835,-0.773560,4.760742,-13.610844,2.990724,cycling_2
1769336732.669749,-0.778320,0.531250,-0.764404,7.446291,-1.525879,8.789063,cycling_2
1769336732.688235,-0.537964,0.124023,-0.786987,3.417970,-19.470215,-9.704590,cycling_2
1769336732.7046666,-0.723633,-0.085815,-0.834473,11.657719,-15.258793,1.403809,cycling_2
1769336732.7282584,-0.631592,-0.210449,-0.774780,5.310059,-16.845703,5.615236,cycling_2
1769336732.747895,-0.554688,-0.167725,-0.703857,1.953125,-4.699707,23.193367,cycling_2
1769336732.767238,-0.660522,0.262939,-0.657959,6.652834,-0.732422,22.888191,cycling_2
1769336732.7884908,-0.643066,-0.014648,-0.634155,-6.347658,-11.535648,4.943848,cycling_2
1769336732.8084779,-0.847168,0.319092,-0.786377,16.845703,7.629396,20.324707,cycling_2
1769336732.828705,-0.526367,0.232300,-0.638062,2.685547,-6.530764,-1.892090,cycling_2
1769336732.8450007,-0.665894,0.000244,-0.666138,15.075687,-11.413578,0.915528,cycling_2
1769336732.8677633,-1.075317,0.218018,-0.849365,19.165039,-2.441406,-2.441406,cycling_2
1769336732.8851833,-0.892334,-0.066895,-0.794434,7.751467,-2.990724,-18.737793,cycling_2
1769336732.908202,-0.669067,-0.151978,-0.711304,7.751467,0.671387,-0.976563,cycling_2
1769336732.9269052,-0.711060,0.149048,-0.858398,-2.319336,1.770020,0.183106,cycling_2
1769336732.9484794,-0.658813,-0.184204,-0.790405,5.310059,1.098633,2.136230,cycling_2
1769336732.9688625,-0.619751,0.385986,-0.666138,-0.366211,12.878422,30.334480,cycling_2
1769336732.9889178,-0.715088,0.169800,-0.728760,-10.314941,-5.981447,-1.892090,cycling_2
1769336733.0088518,-0.645386,-0.086426,-0.634399,-3.540040,-5.859377,-2.075195,cycling_2
1769336733.027207,-0.704224,0.121704,-0.707520,-7.690432,2.746582,10.681152,cycling_2
1769336733.044562,-0.613037,-0.117188,-0.716309,-7.873537,-1.281738,0.122070,cycling_2
1769336733.0672889,-0.585327,0.015259,-0.601685,-2.197266,0.549316,11.169437,cycling_2
1769336733.0854306,-0.757690,-0.091797,-0.742310,2.624512,0.000000,4.821777,cycling_2
1769336733.106827,-0.936035,0.434082,-0.794556,15.441898,13.610844,0.305176,cycling_2
1769336733.1260107,-0.397705,-0.034668,-0.709473,-0.976563,-5.432129,-18.676758,cycling_2
1769336733.1435196,-0.615234,-0.013062,-0.754395,9.460449,6.774904,10.375977,cycling_2
1769336733.1669533,-0.960938,0.579102,-0.808716,11.657719,11.047363,3.906251,cycling_2
1769336733.192048,-0.695435,0.255859,-0.677124,-13.732914,-4.638672,-27.038582,cycling_2
1769336733.2061684,-0.761597,-0.251709,-0.765869,-3.723145,5.371094,2.624512,cycling_2
1769336733.2260952,-0.831543,0.598511,-0.596680,-4.577637,18.127441,17.822266,cycling_2
1769336733.2471232,-0.633423,0.135864,-0.778076,-17.578125,3.845216,-15.625004,cycling_2
1769336733.2663662,-0.585327,-0.215820,-0.774414,3.601075,3.540040,-6.347658,cycling_2
1769336733.2878532,-0.638306,0.506836,-0.781250,2.502441,15.014652,25.695808,cycling_2
1769336733.3081434,-0.706665,0.327393,-0.725464,-2.746582,-3.784181,-12.146000,cycling_2
1769336733.3281271,-0.792480,0.087646,-0.816772,0.244141,6.286623,2.197266,cycling_2
1769336733.3459413,-0.842041,0.358643,-0.801880,-6.713869,10.803223,-3.356935,cycling_2
1769336733.362801,-0.414673,-0.166870,-0.628540,-15.991215,2.624512,-7.141115,cycling_2
1769336733.3846688,-0.703613,0.083740,-0.761475,-7.995607,11.596684,15.319828,cycling_2
1769336733.4069743,-1.015381,0.561035,-0.743164,-1.098633,10.742188,-7.812502,cycling_2
1769336733.4418957,-0.447021,-0.078735,-0.547607,-9.765625,-4.882813,-27.038582,cycling_2
1769336733.4546247,-0.546875,-0.212524,-0.675903,3.540040,1.220703,3.540040,cycling_2
1769336733.4672282,-0.708862,0.465942,-0.720581,4.577637,9.887695,-1.831055,cycling_2
1769336733.510876,-0.528442,0.249268,-0.704102,8.056641,-4.394531,-11.840824,cycling_2
1769336733.512131,-0.705078,0.099365,-0.804443,10.375977,-8.789063,-13.305668,cycling_2
1769336733.528083,-0.718506,0.102539,-0.787964,5.859377,-1.586915,-11.840824,cycling_2
1769336733.5463772,-0.611206,0.380493,-0.721924,-2.502441,-0.549316,-4.211426,cycling_2
1769336733.5651922,-0.816895,-0.009399,-0.907227,0.793457,-5.554201,-17.822266,cycling_2
1769336733.5862548,-0.552490,-0.096924,-0.812256,-7.873537,-2.136230,-2.014160,cycling_2
1769336733.6084964,-0.609375,0.145874,-0.678467,-8.422852,2.441406,17.517090,cycling_2
1769336733.6267154,-0.870972,0.564209,-0.725830,-1.281738,5.920412,1.953125,cycling_2
1769336733.6475601,-0.574951,0.037720,-0.679688,-9.948730,-8.972168,-24.902351,cycling_2
1769336733.6631167,-0.473145,-0.249268,-0.666260,-1.953125,-1.403809,2.685547,cycling_2
1769336733.6840446,-0.794800,0.222534,-0.825806,6.469728,-0.366211,9.338379,cycling_2
1769336733.7136183,-0.643799,0.126587,-0.733154,0.183106,2.563477,-5.859377,cycling_2
1769336733.7440145,-0.724609,0.071411,-0.732300,4.394531,-1.403809,-2.441406,cycling_2
1769336733.7455666,-0.738770,0.082397,-0.732544,1.403809,0.427246,-6.225588,cycling_2
1769336733.7691164,-0.571289,0.155762,-0.652222,-4.394531,1.342773,-2.258301,cycling_2
1769336733.7861552,-0.895874,-0.141357,-0.902832,-0.427246,-1.220703,-15.686039,cycling_2
1769336733.8029737,-0.823853,0.387085,-0.665649,-1.281738,14.099125,1.159668,cycling_2
1769336733.8271186,-0.379272,0.271240,-0.628906,-11.901859,1.464844,-10.375977,cycling_2
1769336733.8464303,-1.061157,-0.093750,-0.904419,1.464844,-6.713869,-26.794441,cycling_2
1769336733.8659906,-0.318481,0.192871,-0.725586,-17.883301,19.470215,13.793949,cycling_2
1769336733.8856146,-0.845215,-0.179565,-0.642700,-0.610352,-17.272949,-13.977055,cycling_2
1769336733.9067018,-0.654663,0.064575,-0.758789,-9.582520,15.319828,-0.854492,cycling_2
1769336733.9270682,-0.488403,0.220215,-0.683594,-8.422852,1.342773,4.516602,cycling_2
1769336733.9621956,-0.782715,-0.034912,-0.704468,-0.366211,-7.873537,-12.084965,cycling_2
1769336733.9862666,-0.701538,0.077026,-0.736572,-5.493164,8.178711,-3.417970,cycling_2
1769336733.9879558,-0.549927,0.107666,-0.648804,-5.920412,-2.990724,-12.817387,cycling_2
1769336734.0030408,-0.623535,0.095825,-0.776245,2.380371,0.671387,-3.112794,cycling_2
1769336734.0272028,-0.751343,0.160522,-0.849487,1.342773,-2.868653,-15.441898,cycling_2
1769336734.0447388,-0.550415,-0.188110,-0.678955,-2.502441,-6.591799,-14.953617,cycling_2
1769336734.0648813,-0.656860,0.141602,-0.784790,3.845216,-0.183106,8.789063,cycling_2
1769336734.0864422,-0.745483,0.231323,-0.812134,-4.150391,0.915528,-9.582520,cycling_2
1769336734.106141,-0.488892,-0.210449,-0.736694,-3.845216,-6.713869,-11.352543,cycling_2
1769336734.12718,-0.909546,0.261475,-0.838745,4.394531,4.455566,17.456055,cycling_2
1769336734.1461008,-0.660278,0.224731,-0.665649,-11.779789,3.356935,-12.756351,cycling_2
1769336734.1688116,-0.556396,-0.202759,-0.703003,-5.310059,-5.187988,-9.765625,cycling_2
1769336734.1859813,-0.845581,0.181519,-0.799316,-0.671387,1.342773,0.000000,cycling_2
1769336734.2046163,-0.595459,-0.052368,-0.703735,-9.155273,0.305176,-18.798828,cycling_2
1769336734.227277,-0.578613,0.001465,-0.714355,2.807618,-0.854492,0.122070,cycling_2
1769336734.2484138,-0.580688,-0.134399,-0.695190,-1.037598,-2.197266,-9.216309,cycling_2
1769336734.2674365,-0.802979,0.148071,-0.863403,15.930180,3.723145,8.361816,cycling_2
1769336734.2882583,-0.569214,0.413208,-0.664551,4.699707,-1.525879,-6.958010,cycling_2
1769336734.3086615,-0.483765,-0.113647,-0.750488,3.295899,-7.812502,-12.634281,cycling_2
1769336734.3281672,-1.022949,0.229858,-0.998291,13.366703,-2.014160,-6.652834,cycling_2
1769336734.342852,-0.588013,0.270630,-0.657593,-8.422852,-1.220703,-18.676758,cycling_2
1769336734.3642821,-0.559692,-0.237183,-0.771851,-5.126953,-9.704590,-12.207035,cycling_2
1769336734.3847697,-0.770630,-0.093140,-0.739624,-11.352543,1.342773,-0.488281,cycling_2
1769336734.4065013,-0.585815,-0.185669,-0.752441,-7.751467,3.417970,3.479005,cycling_2
1769336734.4272316,-0.580200,0.014893,-0.630005,-5.493164,0.976563,9.033203,cycling_2
1769336734.4469755,-0.654663,0.071655,-0.725586,-0.183106,3.479005,6.347658,cycling_2
1769336734.4666586,-0.801514,0.322876,-0.751953,6.042482,2.197266,-6.835939,cycling_2
1769336734.4822788,-0.583862,-0.158936,-0.708374,3.356935,-10.498047,-24.902351,cycling_2
1769336734.5083442,-0.769531,0.156494,-0.770996,7.690432,-5.004883,5.065918,cycling_2
1769336734.527172,-0.865845,0.071777,-0.905029,9.765625,-0.793457,-12.573246,cycling_2
1769336734.5453901,-0.568481,0.032837,-0.781494,2.929688,-3.723145,-9.765625,cycling_2
1769336734.5654063,-0.597534,-0.090088,-0.700684,-0.366211,-5.187988,5.065918,cycling_2
1769336734.5885136,-0.955200,0.032349,-0.832886,-2.319336,-3.173829,-6.225588,cycling_2
1769336734.6083553,-0.631592,-0.137695,-0.671875,-19.714355,7.080080,-7.629396,cycling_2
1769336734.6265764,-0.523071,-0.203735,-0.724731,-13.732914,3.967286,8.544922,cycling_2
1769336734.6471412,-0.888550,0.213745,-0.745117,-3.295899,13.305668,9.277344,cycling_2
1769336734.662456,-0.490479,0.339233,-0.591675,-10.742188,8.666992,-4.638672,cycling_2
1769336734.684589,-0.648071,0.077637,-0.793457,3.784181,-6.469728,-11.718754,cycling_2
1769336734.704494,-0.748047,0.123291,-0.712158,5.859377,-4.638672,-15.136723,cycling_2
1769336734.7284265,-0.392944,-0.162842,-0.627563,-1.647950,-8.361816,-10.620117,cycling_2
1769336734.7475562,-0.668457,-0.143799,-0.773071,7.995607,-6.591799,10.131836,cycling_2
1769336734.766241,-0.935059,0.304688,-0.833740,7.141115,8.178711,-7.934572,cycling_2
1769336734.7871428,-0.352295,-0.119873,-0.668579,-5.920412,-9.399414,-14.831547,cycling_2
1769336734.8080668,-0.818604,0.187500,-0.817139,7.202150,-0.427246,6.225588,cycling_2
1769336734.8291054,-0.798340,0.293335,-0.794189,-3.295899,-0.427246,-19.653320,cycling_2
1769336734.8431413,-0.394287,-0.205566,-0.710938,2.502441,-5.065918,-10.498047,cycling_2
1769336734.864469,-0.686523,0.147339,-0.772461,10.009766,-10.437012,8.666992,cycling_2
1769336734.8847923,-0.779297,-0.000244,-0.779297,7.873537,-4.699707,-1.647950,cycling_2
1769336734.906467,-0.557007,-0.045776,-0.737427,-0.427246,-12.634281,-10.009766,cycling_2
1769336734.9270313,-0.596069,-0.196533,-0.680298,-0.244141,-1.647950,5.065918,cycling_2
1769336734.9469008,-0.760010,0.421509,-0.734619,6.958010,-1.220703,6.286623,cycling_2
1769336734.9684653,-0.585693,-0.156372,-0.769653,-7.141115,-13.427738,-19.592285,cycling_2
1769336734.9877908,-0.576660,-0.160522,-0.732178,3.662110,-2.807618,2.868653,cycling_2
1769336735.00765,-0.803833,0.189697,-0.871338,15.319828,-2.868653,1.586915,cycling_2
1769336735.02765,-0.585449,0.424316,-0.594604,4.760742,-7.019045,2.929688,cycling_2
1769336735.0450547,-0.985962,-0.564087,-0.918945,10.620117,-12.695316,-10.742188,cycling_2
1769336735.0653062,-0.823486,0.104492,-0.678345,1.953125,0.244141,14.831547,cycling_2
1769336735.085704,-0.571411,-0.361206,-0.700928,-14.648441,-3.479005,4.699707,cycling_2
1769336735.1066036,-0.781372,-0.228760,-0.795898,-3.479005,1.281738,6.408693,cycling_2
1769336735.1277366,-0.762573,0.116821,-0.707764,-8.117676,8.728027,11.840824,cycling_2
1769336735.1476712,-0.549683,0.174561,-0.612549,-11.962894,2.929688,1.098633,cycling_2
1769336735.1672506,-0.851318,-0.339722,-0.891602,1.098633,1.831055,-2.502441,cycling_2
1769336735.1848056,-0.792847,0.399292,-0.629395,-1.647950,9.521484,14.770512,cycling_2
1769336735.2047741,-0.691772,-0.190796,-0.764893,-7.324221,-5.737307,-12.695316,cycling_2
1769336735.2273464,-0.749268,-0.146973,-0.804565,-0.488281,7.324221,3.051759,cycling_2
1769336735.246874,-0.924194,0.271729,-0.836548,1.098633,10.437012,4.089355,cycling_2
1769336735.2674904,-0.634766,-0.007446,-0.681885,-11.840824,6.591799,-14.587406,cycling_2
1769336735.289035,-0.617554,-0.393799,-0.718506,-9.338379,8.850098,-8.178711,cycling_2
1769336735.305864,-0.712036,0.265991,-0.671509,-15.258793,14.160160,6.164553,cycling_2
1769336735.323954,-0.529907,-0.116577,-0.760254,-14.160160,11.962894,-6.225588,cycling_2
1769336735.342339,-0.673462,0.322144,-0.713867,0.305176,8.728027,19.287109,cycling_2
1769336735.3635502,-0.721558,0.532349,-0.649536,-5.065918,3.295899,-3.051759,cycling_2
1769336735.3861325,-0.470825,-0.221436,-0.696289,-4.821777,-5.187988,-22.033691,cycling_2
1769336735.4053004,-0.634277,-0.108032,-0.755859,-0.305176,-3.173829,3.356935,cycling_2
1769336735.4283483,-0.588257,-0.075928,-0.780273,-7.995607,0.976563,-2.502441,cycling_2
1769336735.4467924,-0.849365,0.291992,-0.906738,8.789063,1.892090,5.004883,cycling_2
1769336735.4665687,-0.483276,0.385620,-0.532349,-4.821777,-8.605957,-0.549316,cycling_2
1769336735.4837866,-0.672363,-0.245972,-0.844482,4.882813,-11.535648,-9.582520,cycling_2
1769336735.5131745,-1.007813,0.084229,-0.847534,3.051759,-5.004883,-4.333496,cycling_2
1769336735.5224497,-0.437988,-0.356201,-0.595581,-12.329105,6.103518,-3.723145,cycling_2
1769336735.547178,-0.622437,0.033081,-0.786011,-5.737307,-1.403809,17.150879,cycling_2
1769336735.563748,-0.783936,0.258789,-0.672974,-6.896975,6.103518,-13.061527,cycling_2
1769336735.5859537,-0.455566,-0.011597,-0.777588,-0.976563,0.183106,-8.361816,cycling_2
1769336735.6072063,-0.835938,-0.011230,-0.788696,0.610352,-7.019045,-8.544922,cycling_2
1769336735.6275358,-0.632324,-0.215088,-0.652588,-4.272461,2.136230,-3.906251,cycling_2
1769336735.6469555,-0.761353,0.269165,-0.817017,1.403809,3.356935,6.347658,cycling_2
1769336735.6679378,-0.770752,-0.017456,-0.803711,-0.061035,-1.586915,-17.944336,cycling_2
1769336735.6840181,-0.561401,0.252930,-0.733887,0.183106,8.178711,8.666992,cycling_2
1769336735.7043748,-0.697754,-0.140747,-0.704834,-5.615236,1.098633,-7.080080,cycling_2
1769336735.7251287,-0.628418,0.009644,-0.804932,1.159668,2.136230,0.427246,cycling_2
1769336735.745781,-0.583618,0.318115,-0.677490,-5.859377,5.371094,9.643555,cycling_2
1769336735.7665427,-0.696533,-0.234985,-0.836914,2.136230,-5.859377,-16.601563,cycling_2
1769336735.7873998,-0.576782,0.052246,-0.611816,-1.342773,0.976563,14.587406,cycling_2
1769336735.8080058,-0.608276,-0.074951,-0.766113,-3.967286,-1.831055,9.399414,cycling_2
1769336735.8229318,-0.646484,0.368652,-0.599487,0.671387,7.934572,16.113281,cycling_2
1769336735.8435342,-0.582886,0.101929,-0.797607,0.610352,-7.690432,-4.028320,cycling_2
1769336735.8652015,-0.683105,0.022217,-0.747192,2.014160,-4.821777,0.976563,cycling_2
1769336735.881693,-0.755127,0.202393,-0.789307,0.732422,-1.770020,4.394531,cycling_2
1769336735.9070084,-0.711182,0.293335,-0.722168,-5.859377,-2.685547,-6.591799,cycling_2
1769336735.9265194,-0.620728,-0.264771,-0.801392,-3.173829,-5.432129,-15.014652,cycling_2
1769336735.9489098,-0.764404,0.185913,-0.798706,-9.948730,4.089355,9.155273,cycling_2
1769336735.9682093,-0.545532,-0.316284,-0.724854,-10.192871,9.094238,9.887695,cycling_2
1769336735.9819074,-0.758057,0.462646,-0.729248,4.211426,5.920412,18.554688,cycling_2
1769336736.0064054,-0.609253,-0.063354,-0.732178,-5.554201,-2.319336,-12.634281,cycling_2
1769336736.0235744,-0.520996,-0.264526,-0.660034,7.629396,-0.061035,9.399414,cycling_2
1769336736.0449333,-0.805786,0.578247,-0.864990,13.488773,5.065918,17.700195,cycling_2
1769336736.0653248,-0.753784,0.235596,-0.795654,9.277344,-6.286623,-21.972656,cycling_2
1769336736.0872,-0.595215,-0.017822,-0.784424,9.948730,-5.187988,1.586915,cycling_2
1769336736.106746,-0.889282,0.128906,-0.831055,2.014160,-8.544922,-5.676271,cycling_2
1769336736.128174,-0.523804,-0.486572,-0.612793,-4.699707,-0.061035,-3.662110,cycling_2
1769336736.148263,-0.713623,0.330688,-0.820923,-1.281738,5.615236,24.902351,cycling_2
1769336736.168277,-0.736084,0.174072,-0.723511,-4.089355,0.732422,-3.906251,cycling_2
1769336736.1862242,-0.619873,0.155640,-0.700195,2.563477,-0.732422,6.103518,cycling_2
1769336736.2055807,-0.655029,-0.244019,-0.713379,4.760742,-13.244633,-6.286623,cycling_2
1769336736.2287264,-0.794434,0.283691,-0.787598,1.708985,2.380371,14.526371,cycling_2
1769336736.247557,-0.660278,0.060059,-0.721436,-2.441406,-0.183106,-4.089355,cycling_2
1769336736.2668884,-0.682617,0.234375,-0.728271,-1.037598,-1.159668,5.676271,cycling_2
1769336736.2871487,-0.624634,-0.275146,-0.687744,-2.014160,-10.559082,-11.352543,cycling_2
1769336736.3046405,-0.708130,0.180420,-0.797974,-1.647950,7.812502,20.141602,cycling_2
1769336736.3277743,-0.767212,0.208252,-0.832397,-2.502441,0.122070,-3.540040,cycling_2
1769336736.3451576,-0.521729,-0.000854,-0.774170,1.831055,1.342773,9.155273,cycling_2
1769336736.3630407,-0.732300,0.072021,-0.714111,-7.141115,-3.967286,-4.943848,cycling_2
1769336736.3865016,-0.666016,-0.165527,-0.807861,1.892090,2.380371,-1.098633,cycling_2
1769336736.4052472,-0.696045,0.259644,-0.790161,0.854492,9.338379,10.253906,cycling_2
1769336736.4268541,-0.686523,0.045044,-0.722046,-0.061035,1.220703,-6.103518,cycling_2
1769336736.446754,-0.625488,-0.216553,-0.676880,1.403809,-5.920412,-4.028320,cycling_2
1769336736.4669852,-0.767822,-0.023071,-0.724854,2.502441,9.155273,17.272949,cycling_2
1769336736.4871957,-0.668091,0.090942,-0.785278,-1.220703,-0.366211,-18.981934,cycling_2
1769336736.506033,-0.673584,0.255981,-0.697998,10.437012,1.953125,8.972168,cycling_2
1769336736.5228927,-0.697876,-0.032104,-0.732300,-5.126953,-6.347658,-9.399414,cycling_2
1769336736.5470026,-0.670776,-0.504395,-0.714233,-4.882813,-1.831055,-0.915528,cycling_2
1769336736.5642765,-0.733643,0.031494,-0.750244,-10.192871,12.817387,19.714355,cycling_2
1769336736.586615,-0.657471,0.154663,-0.708862,-17.028809,19.042969,4.028320,cycling_2
1769336736.6068876,-0.623901,0.049561,-0.708618,-8.911133,9.582520,-0.854492,cycling_2
1769336736.6281087,-0.782349,0.199585,-0.760864,-2.380371,11.169437,-9.887695,cycling_2
1769336736.6482537,-0.602539,0.218872,-0.742432,-0.976563,9.704590,-11.108402,cycling_2
1769336736.6621451,-0.669434,0.111328,-0.776245,7.141115,-1.403809,-15.197758,cycling_2
1769336736.6868167,-0.623291,0.116577,-0.642822,-0.122070,-2.563477,-10.986328,cycling_2
1769336736.7057898,-0.774536,-0.131226,-0.873535,-5.432129,3.295899,-12.634281,cycling_2
1769336736.727957,-0.703369,0.006714,-0.718994,-10.803223,7.446291,-0.244141,cycling_2
1769336736.7600741,-0.591187,-0.101563,-0.724121,-20.019531,5.493164,-15.625004,cycling_2
1769336736.7757123,-0.684326,0.282471,-0.741211,-7.080080,13.488773,9.582520,cycling_2
1769336736.7876189,-0.624634,0.126953,-0.814575,-10.864258,7.873537,-23.254402,cycling_2
1769336736.8018372,-0.541992,0.075317,-0.711182,2.136230,8.300781,1.831055,cycling_2
1769336736.8250537,-0.614624,-0.039673,-0.819458,5.615236,-1.892090,-15.502934,cycling_2
1769336736.8442109,-0.681763,0.323730,-0.732788,7.568361,9.521484,10.681152,cycling_2
1769336736.8638833,-0.694336,0.055054,-0.825806,1.220703,-1.220703,-26.367195,cycling_2
1769336736.8843794,-0.893921,-0.052124,-0.746216,0.427246,3.295899,-2.868653,cycling_2
1769336736.9072156,-0.567993,0.018677,-0.764771,-11.840824,16.479492,-0.488281,cycling_2
1769336736.9260316,-0.660522,0.234741,-0.735962,1.708985,-0.366211,7.690432,cycling_2
1769336736.9467704,-0.853149,0.021362,-0.760132,-12.023930,7.324221,-16.601563,cycling_2
1769336736.9673705,-0.404785,-0.260498,-0.681641,-14.221195,6.713869,1.037598,cycling_2
1769336736.983758,-0.699585,0.269653,-0.852661,-3.295899,6.713869,21.118164,cycling_2
1769336737.001737,-0.564575,0.291138,-0.745483,-13.977055,14.160160,-3.784181,cycling_2
1769336737.026359,-0.650269,-0.129272,-0.678101,-16.235352,-3.662110,-27.282722,cycling_2
1769336737.0435176,-0.575684,-0.151001,-0.594482,-14.648441,3.784181,-1.159668,cycling_2
1769336737.0653837,-0.776245,0.245239,-0.887085,-2.746582,9.643555,2.929688,cycling_2
1769336737.0876744,-0.628052,0.613770,-0.749023,-1.037598,16.906738,-6.713869,cycling_2
1769336737.1061792,-0.589844,-0.038696,-0.893921,2.990724,-12.939457,-46.630875,cycling_2
1769336737.2538924,-0.744629,-0.048584,-0.797363,-9.765625,-0.122070,-29.602058,cycling_2
1769336737.2580256,-0.566284,-0.187866,-0.769043,-8.666992,3.234864,-11.047363,cycling_2
1769336737.2580256,-0.695313,0.208496,-0.810303,-7.080080,4.333496,4.638672,cycling_2
1769336737.2580256,-0.602417,0.149414,-0.729004,-10.986328,1.708985,-14.221195,cycling_2
1769336737.2617211,-0.521851,0.022949,-0.701782,-10.253906,-2.990724,2.868653,cycling_2
1769336737.2617211,-0.661987,0.121948,-0.761353,-9.643555,1.953125,3.601075,cycling_2
1769336737.266747,-0.539795,0.301025,-0.774780,-6.958010,0.366211,-7.263186,cycling_2
1769336737.2894566,-0.559082,0.120117,-0.732300,1.464844,-6.225588,-13.610844,cycling_2
1769336737.3073661,-0.494995,0.176880,-0.717163,3.234864,-3.356935,-7.141115,cycling_2
1769336737.3278089,-0.614502,0.265869,-0.750122,6.164553,-10.742188,-8.361816,cycling_2
1769336737.34513,-0.570923,0.110229,-0.735107,9.582520,-9.521484,-8.239746,cycling_2
1769336737.3697693,-0.624878,0.130737,-0.806274,10.131836,-14.038090,-7.629396,cycling_2
1769336737.389791,-0.620972,0.196655,-0.802734,-0.061035,-6.591799,0.427246,cycling_2
1769336737.4719532,-0.746704,0.261108,-0.813110,1.525879,-14.465336,-7.263186,cycling_2
1769336737.4719532,-0.615967,0.161987,-0.849976,-0.610352,-5.187988,-11.596684,cycling_2
1769336737.5090358,-0.784058,0.226563,-0.908447,9.216309,-16.723633,-20.141602,cycling_2
1769336737.5090358,-0.551147,-0.040039,-0.684204,2.197266,-13.000492,-10.681152,cycling_2
1769336737.5090358,-0.820801,-0.197510,-0.897949,4.943848,-13.732914,-6.896975,cycling_2
1769336737.5275874,-0.689819,-0.375488,-0.717773,-5.187988,1.037598,5.432129,cycling_2
1769336737.546746,-0.712280,0.220459,-0.745972,2.258301,15.136723,14.099125,cycling_2
1769336737.564643,-0.585815,0.058228,-0.701782,5.187988,2.807618,-3.845216,cycling_2
1769336737.586513,-0.595947,-0.124390,-0.659790,16.601563,-10.803223,-4.394531,cycling_2
1769336737.606851,-0.751709,0.034302,-0.721924,13.122562,-1.037598,-1.586915,cycling_2
1769336737.6278064,-0.770142,0.022217,-0.857300,16.418457,0.488281,-8.789063,cycling_2
1769336737.647377,-0.702515,0.276978,-0.753540,13.183598,-0.427246,2.136230,cycling_2
1769336737.661764,-0.673584,0.022827,-0.836304,12.512211,-7.812502,3.417970,cycling_2
1769336737.6834738,-0.651123,0.153564,-0.753906,2.502441,-6.103518,11.413578,cycling_2
1769336737.704239,-0.690918,0.095337,-0.710083,-10.131836,0.549316,2.441406,cycling_2
1769336737.7247984,-0.656006,0.049438,-0.793823,-10.803223,2.075195,-3.051759,cycling_2
1769336737.7449658,-0.526245,0.344604,-0.594971,-13.000492,6.286623,7.751467,cycling_2
1769336737.7669191,-0.531738,0.156738,-0.661011,-14.709476,1.708985,-9.704590,cycling_2
1769336737.786924,-0.612183,-0.217651,-0.699585,-12.084965,-4.150391,-16.235352,cycling_2
1769336737.8070529,-0.704224,0.231567,-0.696655,-4.394531,11.535648,4.150391,cycling_2
1769336737.8234575,-0.537476,0.144897,-0.764893,-1.831055,-0.183106,-11.352543,cycling_2
1769336737.8482885,-0.678955,0.087646,-0.764526,9.094238,-7.568361,-4.577637,cycling_2
1769336737.8635774,-0.752197,-0.091797,-0.868530,8.605957,-8.178711,-6.042482,cycling_2
1769336737.8842573,-0.735107,0.328247,-0.750122,6.958010,6.286623,14.404301,cycling_2
1769336737.9073362,-0.690674,0.188354,-0.838501,4.455566,-5.249023,-11.474613,cycling_2
1769336737.9868155,-0.738770,0.203857,-0.834473,7.690432,-1.281738,-0.732422,cycling_2
1769336737.9868155,-0.617676,0.171631,-0.718140,-4.821777,-0.610352,-9.216309,cycling_2
1769336738.030072,-0.746704,0.015991,-0.814331,-2.014160,-1.892090,-11.962894,cycling_2
1769336738.030072,-0.760010,0.218018,-0.812866,-0.122070,6.652834,-6.896975,cycling_2
1769336738.030072,-0.497437,-0.173950,-0.734985,-2.014160,-8.972168,-21.301270,cycling_2
1769336738.030072,-0.554810,-0.299805,-0.701416,1.525879,-8.972168,-2.075195,cycling_2
1769336738.045945,-0.861084,0.393188,-0.793213,10.498047,6.103518,12.573246,cycling_2
1769336738.0711396,-0.466187,0.078613,-0.666382,6.103518,-15.319828,-12.878422,cycling_2
1769336738.088552,-0.760986,0.016113,-0.705933,15.747074,-14.587406,0.244141,cycling_2
1769336738.107023,-0.598145,-0.106445,-0.657104,-2.075195,-7.629396,-10.620117,cycling_2
1769336738.1287792,-0.610962,-0.282349,-0.749878,2.441406,-7.507326,-1.647950,cycling_2
1769336738.14793,-0.865356,0.190063,-0.829834,5.615236,8.483887,5.798342,cycling_2
1769336738.1683755,-0.576782,0.245850,-0.658081,-4.333496,3.601075,-14.099125,cycling_2
1769336738.1895742,-0.616211,-0.156006,-0.767212,2.563477,-14.221195,-22.949226,cycling_2
1769336738.2035432,-0.765991,-0.185303,-0.796021,-5.249023,-2.075195,-18.066406,cycling_2
1769336738.227638,-0.746216,-0.292114,-0.848755,-6.958010,3.112794,-5.371094,cycling_2
1769336738.2466905,-0.749634,-0.225220,-0.732788,-14.709476,6.469728,5.432129,cycling_2
1769336738.2659702,-0.769287,-0.123657,-0.762207,-15.319828,12.573246,14.038090,cycling_2
1769336738.2865539,-0.655396,0.168823,-0.703613,-15.197758,15.686039,12.512211,cycling_2
1769336738.306058,-0.577637,0.027222,-0.767822,-11.962894,10.131836,1.525879,cycling_2
1769336738.3282633,-0.601318,0.126465,-0.693970,-2.136230,7.263186,3.845216,cycling_2
1769336738.345825,-0.597290,0.191895,-0.702515,0.122070,7.141115,0.061035,cycling_2
1769336738.3638134,-0.528564,0.116699,-0.766235,4.943848,0.854492,-4.211426,cycling_2
1769336738.38623,-0.590210,0.209106,-0.744995,9.887695,-5.371094,-4.943848,cycling_2
1769336738.4047053,-0.410400,-0.161255,-0.677490,1.831055,-16.418457,-15.625004,cycling_2
1769336738.4250143,-0.777588,-0.011963,-0.817261,-0.732422,-2.563477,5.432129,cycling_2
1769336738.4471917,-0.695313,0.131104,-0.747925,-11.718754,4.455566,1.403809,cycling_2
1769336738.4673882,-0.620728,0.141479,-0.683838,-4.516602,-1.953125,12.390141,cycling_2
1769336738.4873018,-0.716309,-0.040283,-0.779541,-3.540040,-10.070801,-6.408693,cycling_2
1769336738.502183,-0.782104,0.111328,-0.726563,4.943848,0.427246,6.164553,cycling_2
1769336738.5231526,-0.702515,0.443604,-0.747803,9.460449,11.535648,2.502441,cycling_2
1769336738.5440667,-0.351807,0.023193,-0.686157,8.117676,-17.272949,-14.831547,cycling_2
1769336738.5660949,-0.751709,0.011108,-0.783936,25.207527,-13.977055,6.042482,cycling_2
1769336738.5857046,-0.682007,-0.029663,-0.779297,8.117676,-13.427738,-11.413578,cycling_2
1769336738.6070569,-0.830566,-0.190430,-0.899048,9.582520,-9.887695,-7.141115,cycling_2
1769336738.6265235,-0.833984,0.002197,-0.838013,-3.417970,0.610352,-7.080080,cycling_2
1769336738.647982,-0.572266,-0.265991,-0.689575,-11.230473,-0.854492,-2.319336,cycling_2
1769336738.6669643,-0.665771,-0.237793,-0.814209,-11.108402,7.995607,5.676271,cycling_2
1769336738.6866894,-0.784790,0.281494,-0.678711,-5.737307,19.958496,12.512211,cycling_2
1769336738.7063897,-0.519165,-0.000732,-0.668823,-7.080080,0.549316,-3.906251,cycling_2
1769336738.7249863,-0.705078,0.207520,-0.648804,9.460449,6.713869,4.638672,cycling_2
1769336738.7451665,-0.434204,-0.031250,-0.629272,6.225588,-6.103518,-5.981447,cycling_2
1769336738.7689364,-0.637695,-0.183350,-0.810303,14.282230,3.295899,0.549316,cycling_2
1769336738.7859433,-0.818848,0.347900,-0.822144,17.028809,14.831547,3.051759,cycling_2
1769336738.8620317,-0.609009,-0.056396,-0.839722,7.690432,-4.333496,-16.357422,cycling_2
1769336738.8620317,-0.846436,-0.205933,-0.888428,5.981447,4.638672,-6.591799,cycling_2
1769336738.8620317,-0.710571,-0.128174,-0.828613,-7.263186,7.385256,-2.075195,cycling_2
1769336738.8620317,-0.754150,-0.227905,-0.790771,-12.329105,3.112794,-2.197266,cycling_2
1769336738.889856,-0.796753,-0.059814,-0.712891,-11.657719,9.948730,0.122070,cycling_2
1769336738.9062393,-0.534912,-0.119629,-0.671997,-11.901859,-1.281738,1.464844,cycling_2
1769336738.926734,-0.692261,0.026978,-0.676880,-1.647950,2.807618,4.394531,cycling_2
1769336738.9465992,-0.399536,-0.095825,-0.600220,-2.319336,-2.136230,-1.281738,cycling_2
1769336738.9682806,-0.670410,0.024414,-0.806885,15.136723,5.065918,8.056641,cycling_2
1769336738.9872236,-0.382446,-0.210205,-0.758301,5.859377,-10.620117,-5.493164,cycling_2
1769336739.0079896,-0.939941,0.093018,-0.744751,12.146000,3.967286,6.835939,cycling_2
1769336739.0220091,-0.806641,-0.427856,-0.924194,-3.112794,0.061035,-18.493652,cycling_2
1769336739.0485454,-0.751709,-0.447021,-0.789429,-2.441406,6.591799,4.455566,cycling_2
1769336739.0648067,-0.998779,-0.397339,-0.766724,-12.573246,12.451176,-5.065918,cycling_2
1769336739.088214,-0.765747,-0.070068,-0.661377,-22.155769,29.296883,6.225588,cycling_2
1769336739.1080046,-0.852417,-0.177734,-0.758179,-23.864754,22.033691,-10.620117,cycling_2
1769336739.1257234,-0.559448,0.037598,-0.606567,-29.418953,24.230965,-0.671387,cycling_2
1769336739.1468508,-0.794556,-0.143066,-0.847412,-23.498543,19.714355,-15.686039,cycling_2
1769336739.168964,-0.685181,0.221558,-0.633057,-20.812988,24.902351,-3.662110,cycling_2
1769336739.189457,-0.565552,0.060059,-0.712646,-24.963387,22.033691,-15.808109,cycling_2
1769336739.2073784,-0.857056,0.014893,-0.810791,-17.761230,20.202637,-23.559578,cycling_2
1769336739.2265317,-0.616089,0.115967,-0.696167,-27.221687,24.230965,-28.442390,cycling_2
1769336739.2467144,-0.594971,-0.089600,-0.708130,-25.329597,16.357422,-21.667480,cycling_2
1769336739.2669225,-0.682983,0.021729,-0.714355,-27.832039,20.324707,-11.535648,cycling_2
1769336739.286969,-0.644409,0.241211,-0.726074,-24.963387,25.573738,-13.854984,cycling_2
1769336739.30605,-0.566650,0.209106,-0.822632,-14.526371,18.737793,-15.625004,cycling_2
1769336739.3221023,-0.558105,0.212402,-0.708740,-13.732914,7.324221,-21.423340,cycling_2
1769336739.3476028,-0.536255,-0.133667,-0.714722,-15.563969,0.732422,-22.399910,cycling_2
1769336739.3618586,-0.597900,-0.040649,-0.795410,-17.272949,9.216309,-7.812502,cycling_2
1769336739.3853397,-0.523071,-0.043579,-0.780640,-17.578125,8.178711,-17.089844,cycling_2
1769336739.4044144,-0.742920,0.214233,-0.882080,-14.587406,12.451176,-0.976563,cycling_2
1769336739.425688,-0.529297,0.178833,-0.760254,-13.122562,3.540040,-31.921394,cycling_2
1769336739.4481463,-0.513550,0.044434,-0.809204,-11.901859,-1.281738,-10.375977,cycling_2
1769336739.46774,-0.803101,0.358765,-0.900757,-12.817387,3.784181,-26.306160,cycling_2
1769336739.4867136,-0.303589,-0.082275,-0.799438,-8.972168,-5.004883,-28.625496,cycling_2
1769336739.5020683,-0.686401,0.258423,-0.808472,-14.038090,-0.183106,-17.333984,cycling_2
1769336739.5235326,-0.593506,0.058960,-0.827148,-11.962894,-3.356935,-19.287109,cycling_2
1769336739.5441494,-0.574219,0.104858,-0.727051,-13.366703,-5.554201,-16.845703,cycling_2
1769336739.5651355,-0.475586,-0.153931,-0.745972,-13.061527,-5.737307,-18.981934,cycling_2
1769336739.5857606,-0.614746,-0.100586,-0.739868,-14.282230,-1.647950,-0.366211,cycling_2
1769336739.6020846,-0.780762,0.353638,-0.968994,-2.868653,8.666992,-6.042482,cycling_2
1769336739.6340077,-0.468140,0.270630,-0.693970,-3.356935,-5.920412,-27.282722,cycling_2
1769336739.6518674,-0.812012,-0.187256,-0.780640,-3.112794,-13.916019,-21.118164,cycling_2
1769336739.751816,-0.599121,-0.248657,-0.804688,-8.056641,-0.976563,-14.160160,cycling_2
1769336739.751816,-0.594604,0.077271,-0.896240,-4.150391,-2.685547,0.854492,cycling_2
1769336739.751816,-0.734619,0.344849,-0.845825,-5.920412,1.037598,-8.422852,cycling_2
1769336739.7796526,-0.637939,0.043823,-0.916016,-3.967286,-8.056641,-31.433113,cycling_2
1769336739.7796526,-0.582520,0.020386,-0.774414,-12.878422,-4.638672,-11.413578,cycling_2
1769336739.7818236,-0.634399,0.163818,-0.878662,-18.127441,-5.004883,-29.235847,cycling_2
1769336739.7937534,-0.505981,-0.135132,-0.742920,-23.986824,1.708985,-7.995607,cycling_2
1769336739.8147297,-0.634277,0.063354,-0.804321,-19.958496,2.868653,-6.530764,cycling_2
1769336739.8297136,-0.439575,-0.017822,-0.563477,-24.597176,1.342773,-13.305668,cycling_2
1769336739.8447475,-0.482788,-0.156128,-0.721558,-16.418457,-1.831055,5.493164,cycling_2
1769336739.8668618,-0.684326,0.582764,-0.836060,-7.568361,14.770512,15.991215,cycling_2
1769336739.8870363,-0.494873,0.204590,-0.909424,7.324221,-7.934572,-31.433113,cycling_2
1769336739.9055846,-0.721069,0.092407,-0.825073,3.051759,-7.202150,-20.751953,cycling_2
1769336739.9261715,-0.465698,-0.163940,-0.874390,0.671387,-8.300781,-27.038582,cycling_2
1769336739.9469628,-0.680542,0.044312,-0.817017,-1.770020,-5.371094,-1.953125,cycling_2
1769336739.9668543,-0.630859,0.226563,-0.866577,-3.540040,-1.586915,-5.065918,cycling_2
1769336739.9875228,-0.678955,0.060059,-0.837036,-2.197266,-7.507326,-12.023930,cycling_2
1769336740.0017426,-0.606201,0.017212,-0.729614,-10.131836,-8.850098,-6.713869,cycling_2
1769336740.0267882,-0.656616,0.003418,-0.823486,-15.869144,-5.859377,-7.873537,cycling_2
1769336740.0471938,-0.619751,0.267212,-0.770874,-16.052246,-1.281738,2.990724,cycling_2
1769336740.0699618,-0.506592,0.155518,-0.808716,-13.671879,-4.455566,-9.277344,cycling_2
1769336740.0919685,-0.477295,-0.000732,-0.780884,-6.652834,-12.634281,-6.958010,cycling_2
1769336740.1072617,-0.631714,0.269409,-0.778687,-5.920412,-7.934572,0.366211,cycling_2
1769336740.1263256,-0.579590,0.261475,-0.770142,0.000000,-12.023930,-15.319828,cycling_2
1769336740.1470902,-0.469238,0.080322,-0.803345,3.479005,-14.221195,-8.972168,cycling_2
1769336740.168671,-0.522339,-0.171387,-0.808105,0.122070,-15.563969,-6.530764,cycling_2
1769336740.1879995,-0.761963,0.134033,-0.764526,-3.295899,-11.962894,1.586915,cycling_2
1769336740.2064326,-0.667603,-0.083984,-0.791138,-5.859377,-9.704590,-8.239746,cycling_2
1769336740.224591,-0.679199,0.275879,-0.822632,-0.427246,-2.624512,5.004883,cycling_2
1769336740.2471032,-0.499878,0.145386,-0.776367,-1.831055,-14.770512,-6.713869,cycling_2
1769336740.2657537,-0.555054,-0.369141,-0.737427,3.051759,-22.583015,-4.028320,cycling_2
1769336740.2850575,-0.712646,0.030518,-0.757690,-5.065918,-5.187988,21.789551,cycling_2
1769336740.3073893,-0.714111,0.323364,-0.961304,3.540040,-5.493164,-9.765625,cycling_2
1769336740.3267076,-0.500244,0.014648,-0.746216,7.263186,-16.906738,-8.605957,cycling_2
1769336740.347449,-0.639648,-0.045044,-0.827026,4.638672,-17.028809,-1.037598,cycling_2
1769336740.368267,-0.775391,0.127441,-0.798706,1.098633,-5.065918,3.784181,cycling_2
1769336740.3857377,-0.707520,0.156738,-0.768311,-3.479005,-9.399414,-7.629396,cycling_2
1769336740.4070034,-0.608154,-0.447754,-0.742065,-6.469728,-8.605957,-7.934572,cycling_2
1769336740.4263623,-0.766357,-0.042603,-0.785278,-14.770512,4.089355,5.859377,cycling_2
1769336740.4465966,-0.708008,0.240112,-0.718018,-9.948730,12.207035,3.051759,cycling_2
1769336740.466974,-0.564331,0.162109,-0.748535,-0.732422,-0.732422,-8.605957,cycling_2
1769336740.8616798,-0.665405,0.110718,-0.822510,-8.789063,-0.732422,2.746582,cycling_2
1769336740.8616798,-0.616333,0.102661,-0.738647,-10.681152,0.305176,-0.183106,cycling_2
1769336740.8616798,-0.598389,0.069946,-0.784058,-8.850098,-0.488281,-1.342773,cycling_2
1769336740.8616798,-0.582275,0.244629,-0.761963,-5.920412,-1.953125,-3.601075,cycling_2
1769336741.2012098,-0.585083,0.317749,-0.736206,-1.098633,0.000000,11.047363,cycling_2
1769336741.2027857,-0.698608,0.036743,-0.891235,3.112794,-5.920412,-7.446291,cycling_2
1769336741.203416,-0.698975,-0.080444,-0.764893,0.488281,-7.263186,-1.586915,cycling_2
1769336741.203416,-0.721191,0.257324,-0.732300,-8.178711,0.915528,7.080080,cycling_2
1769336741.203416,-0.618042,-0.086426,-0.782349,-11.474613,-1.037598,-5.310059,cycling_2
1769336741.203416,-0.530762,-0.036255,-0.835815,-8.483887,5.798342,14.709476,cycling_2
1769336741.203416,-0.596436,0.339722,-0.685059,-7.324221,-0.488281,7.690432,cycling_2
1769336741.203416,-0.635986,0.201294,-0.695801,-3.723145,1.037598,-5.126953,cycling_2
1769336741.2043643,-0.565063,0.274292,-0.737305,1.647950,-0.976563,-7.446291,cycling_2
1769336741.2043643,-0.631226,0.148804,-0.777954,5.004883,-9.460449,-19.042969,cycling_2
1769336741.2043643,-0.473999,-0.150757,-0.666870,2.624512,-9.094238,-6.042482,cycling_2
1769336741.2043643,-0.670410,0.144653,-0.818848,4.211426,-5.676271,6.225588,cycling_2
1769336741.2043643,-0.623535,0.295532,-0.703613,1.525879,-5.981447,-2.990724,cycling_2
1769336741.2043643,-0.639648,0.028442,-0.783569,0.915528,-18.798828,-12.634281,cycling_2
1769336741.2043643,-0.578613,-0.200073,-0.755981,-1.831055,-8.789063,-4.211426,cycling_2
1769336741.2043643,-0.614624,0.144775,-0.817627,3.356935,-2.807618,7.141115,cycling_2
1769336741.224003,-0.596191,0.086182,-0.744507,5.981447,-10.375977,-15.014652,cycling_2
1769336741.2475405,-0.623779,0.212280,-0.675415,9.277344,-9.277344,1.281738,cycling_2
1769336741.266544,-0.831909,0.162109,-0.816772,9.277344,-11.047363,-13.000492,cycling_2
1769336741.2858615,-0.652954,-0.245605,-0.835815,11.718754,-19.165039,-15.808109,cycling_2
1769336741.3057911,-0.722900,0.003784,-0.747681,13.305668,-12.573246,5.493164,cycling_2
1769336741.326426,-0.773315,0.114380,-0.803711,5.187988,-4.943848,-5.737307,cycling_2
1769336741.3418028,-0.508911,-0.377197,-0.738647,3.662110,-8.422852,8.666992,cycling_2
1769336741.3656182,-0.796021,0.131714,-0.834717,4.272461,4.333496,22.216805,cycling_2
1769336741.3836105,-0.786011,0.482666,-0.712036,6.469728,5.676271,3.295899,cycling_2
1769336741.407767,-0.593872,-0.016479,-0.588135,1.159668,-20.935059,-13.305668,cycling_2
1769336741.4254224,-0.776611,-0.133301,-0.809326,2.014160,-1.586915,2.136230,cycling_2
1769336741.4485383,-0.915771,0.375488,-0.885986,3.417970,7.690432,3.417970,cycling_2
1769336741.4956198,-0.487061,-0.048096,-0.615601,-8.056641,-10.192871,-9.338379,cycling_2
1769336741.5144231,-0.893799,-0.151978,-0.867676,-9.460449,11.108402,12.451176,cycling_2
1769336741.51813,-0.832275,0.385132,-0.761475,-15.380863,20.263672,12.695316,cycling_2
1769336741.5366704,-0.494751,0.054688,-0.715454,-17.333984,3.295899,-3.540040,cycling_2
1769336741.5519388,-0.680664,-0.040039,-0.738892,-4.333496,2.075195,3.479005,cycling_2
1769336741.5648634,-0.741943,0.349121,-0.652466,-11.901859,6.713869,11.535648,cycling_2
1769336741.589206,-0.687622,-0.144653,-0.736938,-3.845216,0.549316,-6.774904,cycling_2
1769336741.6062267,-0.658691,0.244995,-0.659180,-2.807618,12.939457,7.812502,cycling_2
1769336741.627552,-0.598877,0.162231,-0.670288,-6.286623,3.540040,0.183106,cycling_2
1769336741.648466,-0.638184,-0.011597,-0.692505,-2.197266,-1.220703,7.080080,cycling_2
1769336741.7318673,-0.766602,0.341064,-0.846924,-1.159668,14.282230,12.634281,cycling_2
1769336741.752295,-0.608276,0.371826,-0.795898,-9.887695,8.239746,-1.647950,cycling_2
1769336741.752295,-0.520508,-0.252686,-0.655151,-6.713869,-3.540040,-2.441406,cycling_2
1769336741.7608182,-0.785767,0.215454,-0.757935,-11.962894,19.104004,20.690918,cycling_2
1769336741.8118038,-0.629517,0.325684,-0.674805,-11.230473,11.169437,-8.300781,cycling_2
1769336741.8137774,-0.557495,-0.064697,-0.657104,-5.432129,5.859377,-1.281738,cycling_2
1769336741.8137774,-0.715820,0.291992,-0.808960,-3.234864,17.639160,8.300781,cycling_2
1769336741.8137774,-0.718018,0.450195,-0.794067,-0.061035,8.239746,-11.169437,cycling_2
1769336741.8269188,-0.437378,0.164795,-0.607178,2.319336,-4.760742,-11.291508,cycling_2
1769336741.8494763,-0.626343,0.203125,-0.781616,1.098633,0.366211,-2.929688,cycling_2
1769336741.8696704,-0.678711,0.381958,-0.787109,2.075195,1.098633,-5.676271,cycling_2
1769336741.883792,-0.552856,0.094849,-0.682373,-1.647950,-6.896975,-8.239746,cycling_2
1769336741.9068308,-0.690308,0.268921,-0.752930,-3.417970,-3.601075,-3.601075,cycling_2
1769336741.9252052,-0.611328,0.127686,-0.754883,-3.784181,-8.239746,-10.192871,cycling_2
1769336741.9462564,-0.586548,0.066162,-0.810425,-1.281738,-6.042482,-5.004883,cycling_2
1769336741.9682312,-0.592529,0.147827,-0.792847,0.183106,-2.929688,3.051759,cycling_2
1769336741.9879444,-0.614746,0.242676,-0.785889,2.258301,-5.310059,0.549316,cycling_2
1769336742.0062022,-0.723999,0.273804,-0.782593,5.798342,-7.995607,-2.685547,cycling_2
1769336742.028583,-0.748535,-0.026367,-0.775391,3.784181,-14.831547,-11.901859,cycling_2
1769336742.0469258,-0.787354,0.019653,-0.727051,-0.854492,-5.615236,3.173829,cycling_2
1769336742.0642083,-0.768555,0.165039,-0.827881,-1.525879,-0.427246,2.075195,cycling_2
1769336742.0878813,-0.694824,0.184814,-0.836304,-0.671387,-4.760742,-6.103518,cycling_2
1769336742.1050186,-0.534302,-0.181641,-0.717651,-2.929688,-5.615236,-0.488281,cycling_2
1769336742.1256895,-0.726563,0.154053,-0.789063,-4.516602,2.563477,10.742188,cycling_2
1769336742.1448274,-0.637207,0.102417,-0.725464,-5.187988,1.159668,-6.652834,cycling_2
1769336742.168438,-1.028320,-0.118774,-0.701782,-3.784181,-1.342773,-12.207035,cycling_2
1769336742.1878667,-0.495972,-0.018921,-0.529297,-17.089844,20.507813,0.244141,cycling_2
1769336742.204001,-0.642212,-0.033081,-0.772217,-0.549316,-4.028320,1.831055,cycling_2
1769336742.224157,-0.995361,-0.071655,-0.783325,-3.356935,11.596684,-5.432129,cycling_2
1769336742.247999,-0.581177,0.200684,-0.842407,-4.211426,15.319828,0.305176,cycling_2
1769336742.2667596,-0.718994,-0.077271,-0.675903,-3.051759,-10.620117,-7.019045,cycling_2
1769336742.286847,-0.635498,0.237061,-0.770386,-12.878422,12.268070,7.202150,cycling_2
1769336742.3065133,-0.636475,0.415894,-0.933350,-1.586915,7.202150,-4.211426,cycling_2
1769336742.3268197,-0.573608,0.124268,-0.735962,0.000000,-0.305176,-15.930180,cycling_2
1769336742.3455384,-0.458008,0.053711,-0.709106,-3.662110,3.906251,-1.831055,cycling_2
1769336742.371699,-0.500244,0.387329,-0.769043,-0.610352,2.197266,5.737307,cycling_2
1769336742.387825,-0.540649,0.273193,-0.707153,4.394531,-8.361816,-11.901859,cycling_2
1769336742.4074812,-0.504272,0.000732,-0.681396,7.995607,-11.535648,3.906251,cycling_2
1769336742.426364,-0.623657,0.150024,-0.758057,10.070801,-13.488773,1.586915,cycling_2
1769336742.4478915,-0.752563,0.159912,-0.808716,9.582520,-10.131836,-1.281738,cycling_2
1769336742.4668257,-0.752441,-0.124390,-0.804321,8.666992,-10.375977,-11.047363,cycling_2
1769336742.4862537,-0.694702,-0.125366,-0.764771,2.868653,-7.812502,-0.854492,cycling_2
1769336742.507141,-0.728638,-0.085205,-0.750977,-1.098633,-2.197266,1.586915,cycling_2
1769336742.5223181,-0.713867,0.145996,-0.768433,1.708985,5.065918,2.990724,cycling_2
1769336742.544376,-0.609741,-0.212524,-0.713013,3.723145,-6.835939,-14.770512,cycling_2
1769336742.5647972,-0.609863,0.028442,-0.721558,0.915528,-1.220703,8.728027,cycling_2
1769336742.5848513,-0.794922,-0.064697,-0.783569,0.671387,-2.746582,-9.399414,cycling_2
1769336742.6069057,-0.580933,0.000488,-0.705444,-0.183106,2.685547,1.892090,cycling_2
1769336742.6268394,-0.755737,0.144409,-0.823486,2.685547,-0.366211,-3.601075,cycling_2
1769336742.7220917,-0.615967,-0.065796,-0.764771,-1.098633,0.305176,-11.047363,cycling_2
1769336742.734832,-0.754639,0.032349,-0.764648,-2.197266,2.197266,-2.319336,cycling_2
1769336742.734832,-0.708862,0.188599,-0.750244,-3.967286,7.568361,-4.882813,cycling_2
1769336742.734832,-0.619873,-0.071777,-0.703491,0.915528,-1.586915,-13.732914,cycling_2
1769336742.766232,-0.660278,0.084839,-0.759033,2.929688,2.075195,0.000000,cycling_2
1769336742.766232,-0.749512,0.224854,-0.789429,4.516602,1.586915,-7.629396,cycling_2
1769336742.766232,-0.571411,-0.104370,-0.733398,5.187988,-5.004883,-12.817387,cycling_2
1769336742.788772,-0.680786,0.018799,-0.764038,2.685547,-1.098633,2.197266,cycling_2
1769336742.807318,-0.650757,-0.001709,-0.765747,-2.502441,-1.525879,-6.347658,cycling_2
1769336742.8283026,-0.743530,-0.124878,-0.817383,1.220703,-1.770020,-5.859377,cycling_2
1769336742.8482552,-0.670410,0.055176,-0.732544,-4.943848,0.732422,-1.403809,cycling_2
1769336742.8688867,-0.706543,-0.087280,-0.763306,-6.835939,-0.610352,-2.624512,cycling_2
1769336742.8835762,-0.782349,-0.025269,-0.756470,-6.469728,1.770020,-3.356935,cycling_2
1769336742.9053707,-0.792847,-0.040283,-0.743042,-9.521484,5.432129,-6.591799,cycling_2
1769336742.9252195,-0.669678,-0.099976,-0.692871,-13.427738,12.817387,1.403809,cycling_2
1769336742.94455,-0.801270,0.074829,-0.747559,-12.756351,14.892582,-1.098633,cycling_2
1769336742.9618025,-0.729248,-0.136108,-0.725708,-11.352543,11.779789,-16.418457,cycling_2
1769336742.9887314,-0.635376,-0.044678,-0.680664,-16.662598,17.944336,-0.976563,cycling_2
1769336743.0030615,-0.682007,0.122681,-0.729858,-15.075687,16.845703,-7.629396,cycling_2
1769336743.0281534,-0.655762,0.005737,-0.763184,-10.864258,11.901859,-16.662598,cycling_2
1769336743.045499,-0.723877,0.135742,-0.706909,-14.160160,13.610844,-11.718754,cycling_2
1769336743.0644362,-0.578979,0.067383,-0.704468,-15.197758,11.657719,-14.892582,cycling_2
1769336743.0864913,-0.763672,0.129639,-0.870239,-10.681152,10.437012,-15.930180,cycling_2
1769336743.1073284,-0.587036,0.108276,-0.731079,-14.099125,9.399414,-14.526371,cycling_2
1769336743.1262517,-0.556641,0.050659,-0.751099,-12.146000,6.103518,-10.864258,cycling_2
1769336743.147386,-0.756714,0.103027,-0.838501,-11.657719,9.765625,-9.521484,cycling_2
1769336743.1684577,-0.599487,-0.019165,-0.693726,-16.540527,6.103518,-16.235352,cycling_2
1769336743.1886551,-0.687988,-0.026001,-0.768433,-17.150879,11.108402,-0.183106,cycling_2
1769336743.203739,-0.601074,0.186523,-0.752808,-16.845703,11.962894,-6.225588,cycling_2
1769336743.2238603,-0.567383,-0.000732,-0.753540,-10.070801,4.333496,-7.568361,cycling_2
1769336743.2490005,-0.709473,0.223022,-0.771362,-10.070801,10.192871,-9.643555,cycling_2
1769336743.266827,-0.545776,0.028809,-0.709595,-10.009766,-0.366211,-20.690918,cycling_2
1769336743.3459938,-0.629761,0.073608,-0.742188,-9.155273,2.746582,-12.634281,cycling_2
1769336743.3701572,-0.716797,0.139282,-0.798096,-8.972168,1.220703,-22.155769,cycling_2
1769336743.383403,-0.591187,0.219482,-0.832520,-4.455566,-1.342773,-17.456055,cycling_2
1769336743.410123,-0.606567,0.171265,-0.840088,-4.272461,-4.577637,-22.277840,cycling_2
1769336743.4619794,-0.503784,0.019653,-0.746704,-7.568361,-8.300781,-13.610844,cycling_2
1769336743.4619794,-0.583984,0.043701,-0.740356,-12.268070,-5.859377,-5.737307,cycling_2
1769336743.466481,-0.607300,0.207520,-0.804077,-10.620117,-2.929688,-1.892090,cycling_2
1769336743.4718823,-0.707397,0.454102,-0.844116,-5.493164,-4.760742,-8.789063,cycling_2
1769336743.4744344,-0.374268,0.230225,-0.727783,0.427246,-13.610844,-18.249512,cycling_2
1769336743.4755902,-0.683716,0.190552,-0.773682,3.295899,-18.859863,-10.620117,cycling_2
1769336743.4887977,-0.549805,0.075928,-0.763428,3.967286,-16.540527,-12.451176,cycling_2
1769336743.5107293,-0.493896,0.125488,-0.764282,4.760742,-17.456055,-1.037598,cycling_2
1769336743.5816576,-0.616699,0.318237,-0.768066,8.422852,-21.545410,-2.807618,cycling_2
1769336743.6047635,-0.601196,0.058716,-0.800171,10.925293,-27.709969,-14.709476,cycling_2
1769336743.611989,-0.568481,-0.017090,-0.795166,6.774904,-16.906738,3.723145,cycling_2
1769336743.611989,-0.682739,0.001709,-0.752075,1.098633,-18.554688,2.014160,cycling_2
1769336743.619813,-0.758789,-0.050537,-0.781006,1.098633,-15.808109,-2.075195,cycling_2
1769336743.6256218,-0.655762,-0.073486,-0.674072,-2.990724,-10.498047,5.676271,cycling_2
1769336743.6489036,-0.710815,0.046021,-0.770142,0.122070,-10.986328,4.943848,cycling_2
1769336743.6710052,-0.719360,0.063721,-0.771240,2.807618,-10.559082,4.821777,cycling_2
1769336743.6879034,-0.751221,0.089478,-0.846802,6.286623,-12.451176,-2.929688,cycling_2
1769336743.7118773,-0.606445,-0.219238,-0.728394,6.835939,-12.817387,-0.061035,cycling_2
1769336743.7381873,-0.847900,-0.071411,-0.815552,2.807618,-4.455566,1.708985,cycling_2
1769336743.7489219,-0.768188,-0.046997,-0.739624,-1.464844,1.342773,-1.525879,cycling_2
1769336743.7654324,-0.707031,-0.082520,-0.706177,-4.272461,0.244141,-1.220703,cycling_2
1769336743.7870097,-0.674683,0.000732,-0.718262,-5.493164,4.760742,2.563477,cycling_2
1769336743.807211,-0.725098,0.051392,-0.768066,-2.807618,0.061035,-1.770020,cycling_2
1769336743.8280103,-0.610840,-0.058838,-0.704468,-1.953125,4.943848,0.366211,cycling_2
1769336743.847434,-0.601074,0.196289,-0.767456,0.610352,1.098633,2.990724,cycling_2
1769336743.8683565,-0.773193,0.206909,-0.805542,3.845216,-0.305176,-6.835939,cycling_2
1769336743.8860283,-0.560669,-0.080200,-0.690186,-0.244141,-3.173829,-9.887695,cycling_2
1769336743.9204226,-0.648682,-0.002075,-0.729126,-3.723145,1.831055,2.502441,cycling_2
1769336743.9349718,-0.714478,0.037598,-0.756226,-6.103518,5.310059,0.305176,cycling_2
1769336743.948901,-0.616699,-0.018799,-0.723511,-4.821777,4.516602,4.028320,cycling_2
1769336743.9670563,-0.646240,0.158691,-0.714844,-2.441406,2.868653,9.033203,cycling_2
1769336743.9878352,-0.828857,0.168823,-0.840210,8.789063,1.586915,1.953125,cycling_2
1769336744.0092418,-0.647461,0.219727,-0.744995,7.324221,-3.051759,-9.216309,cycling_2
1769336744.030093,-0.483521,-0.122070,-0.746826,7.324221,-6.713869,-1.220703,cycling_2
1769336744.0500264,-0.813232,0.139771,-0.827515,5.676271,2.319336,3.967286,cycling_2
1769336744.0646558,-0.593750,0.082397,-0.734619,-1.220703,1.098633,-6.774904,cycling_2
1769336744.0846045,-0.570068,0.037231,-0.763306,0.732422,2.136230,4.760742,cycling_2
1769336744.1129577,-0.718018,0.198853,-0.695557,-1.953125,2.502441,-9.826660,cycling_2
1769336744.1280594,-0.485229,-0.351685,-0.695679,1.708985,-6.225588,-3.784181,cycling_2
1769336744.149104,-0.686768,0.144531,-0.747070,1.098633,10.559082,16.357422,cycling_2
1769336744.1689408,-0.678589,0.294556,-0.718872,5.371094,3.112794,1.953125,cycling_2
1769336744.1895292,-0.664307,0.148315,-0.715820,9.704590,-5.798342,-9.216309,cycling_2
1769336744.2088118,-0.605469,-0.106812,-0.716919,6.896975,-5.493164,-6.774904,cycling_2
1769336744.2283378,-0.725098,0.158447,-0.845459,7.934572,0.366211,-2.380371,cycling_2
1769336744.2486966,-0.704224,0.185303,-0.765991,8.483887,0.854492,-8.728027,cycling_2
1769336744.269167,-0.643066,-0.038818,-0.747803,7.690432,-5.615236,-10.986328,cycling_2
1769336744.2859478,-0.660400,-0.034302,-0.785645,5.126953,-1.403809,-2.075195,cycling_2
1769336744.3088574,-0.738770,0.051880,-0.836792,7.202150,-1.892090,-3.845216,cycling_2
1769336744.3287916,-0.577515,-0.101074,-0.755737,6.164553,-6.530764,-3.356935,cycling_2
1769336744.347165,-0.630371,0.074219,-0.729736,8.361816,-3.051759,5.187988,cycling_2
1769336744.3659527,-0.708618,0.066162,-0.773682,10.131836,-3.601075,-5.615236,cycling_2
1769336744.386706,-0.561401,-0.071777,-0.725464,12.573246,-7.385256,2.990724,cycling_2
1769336744.40383,-0.642578,0.116211,-0.732300,12.878422,-4.699707,7.995607,cycling_2
1769336744.4219637,-0.579590,-0.002319,-0.725220,13.427738,-6.713869,5.187988,cycling_2
1769336744.4479504,-0.659058,0.017944,-0.738403,13.854984,-5.371094,9.033203,cycling_2
1769336744.5264559,-0.629639,-0.028076,-0.719727,11.291508,-7.263186,8.972168,cycling_2
1769336744.532053,-0.699951,-0.005493,-0.783081,13.610844,-5.249023,9.521484,cycling_2
1769336744.543228,-0.696411,-0.145142,-0.857178,14.648441,-18.920898,6.225588,cycling_2
1769336744.543228,-0.730103,-0.114380,-0.742676,8.422852,-19.042969,11.901859,cycling_2
1769336744.5521111,-0.837402,-0.247192,-0.798096,4.638672,-15.319828,8.178711,cycling_2
1769336744.5736952,-0.838745,-0.032349,-0.737305,2.502441,-4.455566,9.765625,cycling_2
1769336744.6120396,-0.680054,-0.242554,-0.670288,-5.310059,-7.812502,6.713869,cycling_2
1769336744.6132436,-0.774048,-0.333252,-0.686768,-5.737307,-4.089355,9.643555,cycling_2
1769336744.6540473,-0.797119,-0.114624,-0.786133,-9.948730,6.164553,11.657719,cycling_2
1769336744.6540473,-0.693970,0.272339,-0.681396,-9.948730,16.845703,20.446777,cycling_2
1769336744.7320352,-0.658936,0.051514,-0.719238,-10.498047,3.540040,1.647950,cycling_2
1769336744.7517793,-0.777466,0.035889,-0.712646,-9.155273,13.305668,7.568361,cycling_2
1769336744.765481,-0.644531,0.038208,-0.734741,-13.732914,18.432617,10.314941,cycling_2
1769336744.7858436,-0.756348,0.208008,-0.791748,-10.498047,23.864754,7.934572,cycling_2
1769336744.806734,-0.570068,0.038086,-0.693604,-11.108402,10.375977,-0.793457,cycling_2
1769336744.813367,-0.769531,0.051758,-0.813965,-7.568361,4.943848,-5.493164,cycling_2
1769336744.813367,-0.544434,0.048950,-0.673218,-11.230473,12.573246,10.131836,cycling_2
1769336744.8151863,-0.659058,0.188843,-0.749756,-7.080080,5.004883,4.455566,cycling_2
1769336744.8372517,-0.531616,0.089233,-0.654175,-5.737307,5.493164,7.263186,cycling_2
1769336744.850875,-0.749146,0.323975,-0.806763,3.906251,-0.793457,3.112794,cycling_2
1769336744.8689039,-0.683228,0.060547,-0.812988,6.591799,-9.155273,-10.620117,cycling_2
1769336744.8834345,-0.665527,0.096802,-0.716309,1.953125,-7.873537,-3.723145,cycling_2
1769336744.9088757,-0.636230,-0.029907,-0.707642,-2.441406,-2.502441,0.610352,cycling_2
1769336744.9308994,-0.656006,-0.038086,-0.779785,-2.563477,-0.549316,3.906251,cycling_2
1769336744.9488227,-0.589722,0.239746,-0.727661,-3.967286,6.347658,13.610844,cycling_2
1769336744.96565,-0.585571,0.175293,-0.767456,0.793457,-3.540040,-0.488281,cycling_2
1769336744.9886727,-0.629761,0.241699,-0.697388,3.234864,-2.014160,-0.061035,cycling_2
1769336745.0082295,-0.597290,0.033325,-0.667847,4.760742,-8.544922,-4.455566,cycling_2
1769336745.0284853,-0.777588,0.228149,-0.776611,4.638672,-0.061035,-2.014160,cycling_2
1769336745.0498323,-0.551025,-0.240234,-0.762085,5.615236,-11.108402,-6.286623,cycling_2
1769336745.0692914,-0.829712,-0.029175,-0.850464,6.530764,-0.549316,13.244633,cycling_2
1769336745.0855124,-0.849121,0.241821,-0.781494,4.028320,0.549316,-2.075195,cycling_2
1769336745.1059318,-0.730347,0.078979,-0.769043,2.563477,-1.403809,-8.544922,cycling_2
1769336745.1287413,-0.668091,-0.223633,-0.810791,4.394531,-5.371094,-8.483887,cycling_2
1769336745.146919,-0.768066,0.046387,-0.761841,-1.953125,-1.220703,-2.014160,cycling_2
1769336745.1663685,-0.600464,-0.477661,-0.618774,-6.896975,-6.347658,-1.892090,cycling_2
1769336745.1885962,-0.812988,-0.034424,-0.710083,-11.108402,13.549809,27.404793,cycling_2
1769336745.222425,-0.775879,0.378174,-0.689819,-9.399414,14.526371,3.845216,cycling_2
1769336745.2364264,-0.535278,0.166992,-0.770996,0.854492,7.263186,-3.173829,cycling_2
1769336745.24476,-0.587891,0.099731,-0.772461,-0.549316,6.713869,-1.586915,cycling_2
1769336745.2692938,-0.585327,0.167114,-0.741943,-1.281738,12.146000,4.638672,cycling_2
1769336745.288772,-0.536255,-0.146729,-0.527832,-9.277344,-1.159668,-7.141115,cycling_2
1769336745.3074286,-0.689087,-0.081909,-0.790161,-4.699707,13.000492,16.357422,cycling_2
1769336745.330107,-0.781616,0.694824,-0.830688,1.403809,16.540527,8.117676,cycling_2
1769336745.3479686,-0.398071,0.362061,-0.717163,6.652834,-8.056641,-10.742188,cycling_2
1769336745.3696737,-0.656372,0.005859,-0.770508,12.817387,-12.207035,-8.911133,cycling_2
1769336745.388175,-0.808960,0.257568,-0.853760,3.173829,2.014160,-2.075195,cycling_2
1769336745.4046137,-0.671021,-0.156372,-0.729980,-1.831055,-14.587406,-11.169437,cycling_2
1769336745.4303122,-0.699219,-0.069824,-0.777222,-15.930180,8.483887,32.287598,cycling_2
1769336745.4481256,-0.774902,0.412964,-0.752441,-10.437012,6.408693,10.375977,cycling_2
1769336745.4678302,-0.602051,0.142090,-0.776001,-1.525879,-4.028320,-3.234864,cycling_2
1769336745.491593,-0.645630,-0.029907,-0.725098,-0.549316,-5.126953,-1.464844,cycling_2
1769336745.531917,-0.640015,0.135376,-0.742188,-2.624512,0.732422,4.089355,cycling_2
1769336745.531917,-0.701782,0.008423,-0.790527,0.305176,-1.037598,-1.831055,cycling_2
1769336745.5491283,-0.754150,0.167114,-0.758789,-0.610352,1.647950,-10.803223,cycling_2
1769336745.63059,-0.631104,-0.189453,-0.677734,-3.112794,-2.380371,-8.300781,cycling_2
1769336745.6530957,-0.729004,-0.084839,-0.782715,-2.319336,4.028320,1.831055,cycling_2
1769336745.6708283,-0.759644,-0.028809,-0.776733,-0.793457,4.882813,-3.906251,cycling_2
1769336745.6918955,-0.714844,0.296875,-0.699341,-4.028320,17.272949,10.375977,cycling_2
1769336745.7717862,-0.708374,0.185669,-0.822754,0.305176,8.605957,-8.605957,cycling_2
1769336745.7717862,-0.624634,-0.032349,-0.793823,3.479005,-5.432129,-11.596684,cycling_2
1769336745.7717862,-0.709717,0.100830,-0.747681,-6.408693,7.751467,5.310059,cycling_2
1769336745.7717862,-0.717773,0.151367,-0.777466,-11.230473,12.756351,0.122070,cycling_2
1769336745.782006,-0.612183,0.093628,-0.734497,-9.643555,3.662110,-2.380371,cycling_2
1769336745.782006,-0.615479,0.365723,-0.673462,-10.437012,3.906251,1.159668,cycling_2
1769336745.782006,-0.580566,0.145508,-0.767944,-9.155273,-1.464844,-12.512211,cycling_2
1769336745.786169,-0.530518,0.029907,-0.742798,-5.187988,-1.525879,-4.638672,cycling_2
1769336745.808944,-0.593018,-0.017578,-0.730103,-7.629396,-1.403809,-1.892090,cycling_2
1769336745.8283234,-0.673950,0.092529,-0.744263,-6.164553,4.394531,2.075195,cycling_2
1769336745.8485606,-0.633789,0.055908,-0.715942,-5.920412,-1.892090,-9.948730,cycling_2
1769336745.8688061,-0.595947,0.306641,-0.640747,-7.141115,5.920412,7.080080,cycling_2
1769336745.8962429,-0.645508,0.108765,-0.792603,-2.563477,-3.356935,-13.854984,cycling_2
1769336745.9041264,-0.599487,0.130493,-0.758057,2.197266,-2.502441,-0.488281,cycling_2
1769336745.927844,-0.690918,0.176147,-0.765503,-1.403809,-4.394531,-15.686039,cycling_2
1769336745.9490557,-0.641968,-0.099731,-0.695190,-5.676271,-0.793457,0.000000,cycling_2
1769336745.9672482,-0.799194,0.217285,-0.887207,-2.624512,5.920412,-2.136230,cycling_2
1769336745.988239,-0.649902,0.418213,-0.819580,-2.685547,5.432129,-3.356935,cycling_2
1769336746.0087657,-0.607300,0.225464,-0.873657,4.455566,-9.582520,-16.601563,cycling_2
1769336746.0285747,-0.852417,0.093262,-0.823120,2.502441,-8.544922,-16.662598,cycling_2
1769336746.0470107,-0.761963,-0.131104,-0.802368,0.488281,-0.732422,-17.089844,cycling_2
1769336746.0917528,-1.045166,-0.225586,-0.776245,-9.582520,-19.775391,-11.474613,cycling_2
1769336746.1030252,-0.737671,-0.072998,-0.774414,-20.263672,26.367195,-15.197758,cycling_2
1769336746.1083746,-0.348145,0.223267,-0.718506,-8.361816,6.164553,7.629396,cycling_2
1769336746.1289468,-0.694214,0.026855,-0.635498,1.464844,-11.474613,-9.704590,cycling_2
1769336746.153983,-0.703979,0.018799,-0.727051,-1.892090,3.112794,-7.751467,cycling_2
1769336746.1682262,-0.659668,0.018433,-0.789917,1.831055,-4.455566,-11.657719,cycling_2
1769336746.1887376,-0.750488,0.147095,-0.719727,-2.380371,5.615236,-4.821777,cycling_2
1769336746.2122304,-0.571289,0.198120,-0.861694,-3.967286,2.685547,-18.310547,cycling_2
1769336746.2275808,-0.439087,-0.038330,-0.735474,-4.333496,-5.004883,-7.385256,cycling_2
1769336746.245983,-0.672974,0.146729,-0.851318,-8.544922,4.882813,0.366211,cycling_2
1769336746.2644815,-0.584961,0.177979,-0.781372,-10.375977,3.540040,-6.530764,cycling_2
1769336746.2852848,-0.596558,0.018921,-0.703735,-7.446291,-5.676271,-4.516602,cycling_2
1769336746.3058455,-0.626221,0.049683,-0.752686,-6.652834,-1.892090,-0.610352,cycling_2
1769336746.3264933,-0.588013,0.277466,-0.745239,-2.502441,0.427246,6.652834,cycling_2
1769336746.3482015,-0.519775,0.101807,-0.638916,-0.122070,-10.986328,-7.568361,cycling_2
1769336746.362001,-0.614258,0.198730,-0.696289,1.647950,-9.887695,-1.647950,cycling_2
1769336746.3890853,-0.697876,0.202637,-0.775269,3.479005,-4.028320,-2.685547,cycling_2
1769336746.4041314,-0.627319,0.243896,-0.740845,1.647950,-3.417970,-3.662110,cycling_2
1769336746.4289944,-0.506226,0.205078,-0.728638,3.112794,-13.854984,-6.103518,cycling_2
1769336746.4461412,-0.668091,0.253784,-0.843628,8.056641,-14.038090,-7.751467,cycling_2
1769336746.4662118,-0.505371,0.134521,-0.695068,7.812502,-20.019531,-6.958010,cycling_2
1769336746.488217,-0.593384,0.063110,-0.780273,12.817387,-23.193367,-5.737307,cycling_2
1769336746.5082,-0.634644,0.160034,-0.732056,12.207035,-20.019531,-1.953125,cycling_2
1769336746.5284753,-0.526978,-0.120483,-0.698975,13.061527,-23.437508,0.122070,cycling_2
1769336746.6226704,-0.662476,-0.012329,-0.759399,8.911133,-15.686039,9.460449,cycling_2
1769336746.6226704,-0.719360,0.112793,-0.745850,8.117676,-15.075687,6.164553,cycling_2
1769336746.6226704,-0.755615,0.060791,-0.785645,13.793949,-14.404301,-3.112794,cycling_2
1769336746.6226704,-0.662964,0.045532,-0.782593,16.601563,-14.587406,-3.173829,cycling_2
1769336746.6226704,-0.711548,-0.224243,-0.808838,16.723633,-17.089844,-1.647950,cycling_2
1769336746.6462584,-0.954956,0.125854,-0.831909,17.272949,-2.319336,6.530764,cycling_2
1769336746.6806772,-0.799438,0.102417,-0.697388,12.146000,-9.033203,-4.638672,cycling_2
1769336746.688291,-0.665649,-0.025024,-0.726196,10.253906,-2.014160,6.652834,cycling_2
1769336746.7085154,-0.786133,-0.134399,-0.848389,6.958010,-6.286623,-0.183106,cycling_2
1769336746.7294946,-0.722046,0.009399,-0.684937,1.770020,5.126953,10.559082,cycling_2
1769336746.7451906,-0.662842,-0.161011,-0.650879,1.525879,-0.244141,0.000000,cycling_2
1769336746.7650163,-0.733643,0.072510,-0.664673,5.065918,6.652834,5.676271,cycling_2
1769336746.7934945,-0.747925,0.075684,-0.801270,13.916019,-1.159668,-7.324221,cycling_2
1769336746.809193,-0.483032,-0.234009,-0.709595,16.845703,-15.136723,-2.014160,cycling_2
1769336746.8290184,-0.818604,-0.010864,-0.717529,18.249512,-5.554201,14.892582,cycling_2
1769336746.8477173,-0.928955,0.174561,-0.730713,15.991215,-7.873537,-1.342773,cycling_2
1769336746.8690526,-0.682983,-0.025635,-0.802979,15.014652,-16.601563,-5.554201,cycling_2
1769336746.8907015,-0.588989,-0.328247,-0.791260,10.986328,-16.540527,2.563477,cycling_2
1769336746.9063475,-0.697144,-0.185913,-0.754761,5.493164,-7.141115,15.930180,cycling_2
1769336746.9316952,-0.867676,0.056274,-0.710693,-0.671387,2.624512,10.620117,cycling_2
1769336746.9480577,-0.646606,0.062500,-0.643188,-5.615236,7.446291,4.943848,cycling_2
1769336746.9661133,-0.573120,-0.103149,-0.646851,-4.089355,2.685547,7.080080,cycling_2
1769336746.9870634,-0.762451,-0.004272,-0.681885,-1.647950,8.300781,9.704590,cycling_2
1769336747.0083444,-0.710938,0.189819,-0.604248,-2.441406,13.793949,14.038090,cycling_2
1769336747.0276568,-0.806152,0.150269,-0.718750,1.159668,13.244633,5.310059,cycling_2
1769336747.0485773,-0.619263,0.116577,-0.647217,-0.488281,9.765625,0.915528,cycling_2
1769336747.0704694,-0.647339,0.150635,-0.719604,3.479005,1.586915,5.126953,cycling_2
1769336747.0901735,-0.865479,0.209351,-0.823242,6.469728,8.911133,-9.765625,cycling_2
1769336747.1050465,-0.547974,0.380493,-0.598633,1.708985,4.882813,-4.089355,cycling_2
1769336747.1244729,-0.679810,-0.085938,-0.760498,5.432129,2.380371,-13.977055,cycling_2
1769336747.153677,-0.692993,0.059692,-0.739258,6.896975,2.319336,-6.530764,cycling_2
1769336747.1685088,-0.742065,-0.007080,-0.700806,7.629396,-2.563477,-13.610844,cycling_2
1769336747.1893947,-0.632813,0.017456,-0.680298,9.216309,3.784181,-6.042482,cycling_2
1769336747.2441645,-0.698242,-0.075562,-0.764282,11.352543,-3.051759,-10.620117,cycling_2
1769336747.2718587,-0.714600,0.077881,-0.726685,16.479492,2.807618,-0.549316,cycling_2
1769336747.2718587,-0.580444,-0.011963,-0.681030,13.366703,-8.789063,-3.356935,cycling_2
1769336747.2769501,-0.770996,0.177734,-0.750854,17.700195,3.356935,5.004883,cycling_2
1769336747.288213,-0.619263,-0.003418,-0.695801,13.916019,-5.920412,-3.173829,cycling_2
1769336747.305718,-0.613525,-0.115112,-0.701660,10.803223,-4.150391,3.540040,cycling_2
1769336747.3283904,-0.764526,0.026855,-0.766479,8.972168,1.159668,4.089355,cycling_2
1769336747.3484159,-0.758911,-0.000732,-0.769775,11.718754,-0.915528,0.244141,cycling_2
1769336747.3692608,-0.707031,0.062744,-0.747559,12.695316,2.197266,0.671387,cycling_2
1769336747.384772,-0.641724,-0.119629,-0.722900,13.793949,1.159668,8.850098,cycling_2
1769336747.4039772,-0.808350,0.027710,-0.866699,16.479492,1.525879,8.056641,cycling_2
1769336747.4288654,-0.781372,0.075806,-0.743774,14.709476,2.319336,2.868653,cycling_2
1769336747.5248451,-0.718506,-0.045654,-0.745483,9.277344,-1.953125,3.906251,cycling_2
1769336747.5452292,-0.748901,-0.172729,-0.757324,2.929688,2.014160,3.601075,cycling_2
1769336747.5636725,-0.694214,-0.141968,-0.739868,-3.723145,1.525879,6.591799,cycling_2
1769336747.5841587,-0.746826,-0.171631,-0.715942,-6.164553,2.380371,8.300781,cycling_2
1769336747.5985584,-0.670776,-0.044312,-0.621948,-10.131836,2.807618,1.953125,cycling_2
1769336747.5985584,-0.690308,-0.232544,-0.606201,-8.972168,-1.098633,2.807618,cycling_2
1769336747.6020746,-0.805054,-0.062500,-0.649658,-5.981447,6.591799,3.601075,cycling_2
1769336747.6052942,-0.741211,0.033569,-0.657837,-0.183106,5.981447,2.441406,cycling_2
1769336747.6052942,-0.668701,-0.012085,-0.705811,4.821777,1.464844,-0.549316,cycling_2
1769336747.627569,-0.629150,-0.079712,-0.735840,7.385256,-2.441406,5.249023,cycling_2
1769336747.6481366,-0.675903,-0.349121,-0.835938,5.676271,-8.056641,9.521484,cycling_2
1769336747.670566,-0.825562,0.091187,-0.727173,0.549316,9.887695,21.911621,cycling_2
1769336747.687701,-0.616211,0.111450,-0.724609,-7.629396,6.042482,6.591799,cycling_2
1769336747.7089016,-0.777466,0.026367,-0.784668,-9.033203,4.028320,2.197266,cycling_2
1769336747.7276428,-0.690552,0.112671,-0.736450,-14.038090,9.460449,5.676271,cycling_2
1769336747.743233,-0.602783,-0.033569,-0.729736,-13.916019,-0.122070,6.774904,cycling_2
1769336747.7674282,-0.692383,0.009399,-0.723389,-8.544922,8.605957,14.526371,cycling_2
1769336747.7928555,-0.539063,0.000610,-0.731934,-9.765625,0.122070,7.141115,cycling_2
1769336747.808054,-0.771851,0.128662,-0.704224,-7.934572,9.460449,11.535648,cycling_2
1769336747.8265326,-0.615356,0.164795,-0.652222,-9.948730,6.286623,4.333496,cycling_2
1769336747.8483047,-0.662964,0.296143,-0.626709,-5.249023,11.779789,10.009766,cycling_2
1769336747.8679256,-0.650024,0.274536,-0.716553,-4.150391,4.943848,-5.187988,cycling_2
1769336747.8875494,-0.574829,0.026978,-0.710815,-3.906251,4.577637,1.770020,cycling_2
1769336747.9069648,-0.694702,0.047119,-0.738647,-3.356935,8.544922,13.671879,cycling_2
1769336747.9258895,-0.692017,0.066284,-0.784546,-1.647950,-0.244141,4.455566,cycling_2
1769336747.948451,-0.750000,0.134766,-0.653931,-6.408693,7.568361,13.366703,cycling_2
1769336747.9666655,-0.723145,0.218262,-0.758789,-4.394531,1.953125,2.807618,cycling_2
1769336747.986793,-0.709595,0.197144,-0.729004,-6.958010,1.281738,0.305176,cycling_2
1769336748.0067549,-0.720215,0.084106,-0.727173,-5.065918,0.427246,-0.549316,cycling_2
1769336748.0286167,-0.683960,0.313965,-0.706787,-6.469728,4.882813,3.601075,cycling_2
1769336748.048363,-0.788086,0.424805,-0.729980,-0.793457,5.920412,0.061035,cycling_2
1769336748.0657709,-0.555176,0.265503,-0.679321,-1.770020,-1.464844,-10.986328,cycling_2
1769336748.1289372,-0.649170,0.111450,-0.720825,0.000000,4.882813,-2.014160,cycling_2
1769336748.1464484,-0.726074,0.322021,-0.794067,0.427246,15.197758,-2.502441,cycling_2
1769336748.1464484,-0.694336,0.058716,-0.820435,4.211426,-3.845216,-23.315437,cycling_2
1769336748.1531298,-0.531494,-0.096069,-0.614746,1.525879,-1.403809,-4.089355,cycling_2
1769336748.1690574,-0.633667,0.060913,-0.734863,7.263186,-0.244141,-8.117676,cycling_2
1769336748.1899679,-0.735840,0.266602,-0.790527,17.272949,-1.770020,-16.906738,cycling_2
1769336748.2081354,-0.553955,-0.030640,-0.694092,19.042969,-14.343266,-27.099617,cycling_2
1769336748.2299144,-0.505249,0.024536,-0.709595,22.094727,-5.126953,-8.483887,cycling_2
1769336748.2477221,-0.748901,0.353638,-0.809326,23.986824,1.342773,-4.455566,cycling_2
1769336748.2644846,-0.655640,-0.038696,-0.802856,14.648441,-12.207035,-19.470215,cycling_2
1769336748.2897592,-0.576294,-0.318848,-0.746338,13.610844,-9.948730,-1.708985,cycling_2
1769336748.3088806,-0.733521,0.227417,-0.729492,5.493164,-3.295899,4.638672,cycling_2
1769336748.327867,-0.646362,-0.218384,-0.735352,-0.610352,-17.700195,-10.498047,cycling_2
1769336748.3482325,-0.676758,-0.228760,-0.739380,-2.075195,-7.507326,7.385256,cycling_2
1769336748.390334,-0.747070,0.031738,-0.810547,-1.159668,-6.347658,5.310059,cycling_2
1769336748.390334,-0.585938,-0.148438,-0.710449,-3.417970,-13.549809,3.051759,cycling_2
1769336748.4069853,-0.675293,-0.278198,-0.789551,-0.366211,-7.141115,10.314941,cycling_2
1769336748.427881,-0.861206,0.071411,-0.781250,1.525879,0.305176,13.427738,cycling_2
1769336748.444116,-0.617065,0.070679,-0.698364,-0.366211,0.122070,3.417970,cycling_2
1769336748.4671488,-0.885132,0.143066,-0.839355,2.563477,3.417970,-3.967286,cycling_2
1769336748.4867816,-0.657593,0.193481,-0.704834,-2.380371,6.103518,-0.915528,cycling_2
1769336748.5080724,-0.719360,0.005859,-0.758057,-3.906251,0.427246,-5.310059,cycling_2
1769336748.5281746,-0.779297,0.030762,-0.726929,-7.202150,9.094238,-1.525879,cycling_2
1769336748.5479484,-0.653687,-0.069458,-0.750977,-7.995607,2.441406,0.488281,cycling_2
1769336748.5698426,-0.655640,0.165649,-0.768555,-8.300781,6.347658,11.169437,cycling_2
1769336748.5840294,-0.601563,0.105225,-0.717896,-7.934572,6.896975,8.972168,cycling_2
1769336748.604557,-0.570313,0.061890,-0.714722,-5.004883,5.737307,8.422852,cycling_2
1769336748.6287482,-0.642212,0.274292,-0.675781,-0.305176,5.981447,5.859377,cycling_2
1769336748.6478398,-0.589478,0.222534,-0.674072,1.708985,-0.854492,-3.784181,cycling_2
1769336748.6689334,-0.619629,0.113403,-0.680908,5.798342,0.549316,-3.845216,cycling_2
1769336748.6881318,-0.692993,0.158813,-0.751343,11.718754,0.610352,-3.173829,cycling_2
1769336748.8218899,-0.539673,-0.059814,-0.748047,13.854984,-6.530764,-6.164553,cycling_2
1769336748.8218899,-0.761963,0.249634,-0.809814,17.089844,0.549316,4.577637,cycling_2
1769336748.8218899,-0.724487,-0.043213,-0.823608,12.939457,-8.972168,-10.131836,cycling_2
1769336748.8218899,-0.751099,-0.121338,-0.868164,12.817387,-3.845216,1.464844,cycling_2
1769336748.8218899,-0.696655,0.009521,-0.772827,6.042482,-3.479005,8.239746,cycling_2
1769336748.8218899,-0.732910,-0.202271,-0.745605,0.671387,-5.493164,4.699707,cycling_2
1769336748.827794,-0.735107,-0.065186,-0.701538,-3.051759,6.835939,12.451176,cycling_2
1769336748.8743596,-0.783569,0.294434,-0.760864,-0.061035,5.126953,-0.671387,cycling_2
1769336748.8746803,-0.668823,0.170166,-0.677002,0.122070,4.882813,-7.812502,cycling_2
1769336748.9246225,-0.554810,-0.058105,-0.713501,1.281738,0.366211,-5.615236,cycling_2
1769336748.9246225,-0.662109,0.129639,-0.698853,5.859377,2.624512,5.004883,cycling_2
1769336748.9280095,-0.668823,0.159912,-0.689453,7.263186,-0.610352,-6.225588,cycling_2
1769336748.9471653,-0.600708,-0.013306,-0.719849,10.070801,-4.882813,-8.239746,cycling_2
1769336749.071829,-0.670410,0.146362,-0.781982,16.296387,-3.112794,-7.202150,cycling_2
1769336749.071829,-0.695923,0.159302,-0.764282,15.441898,-2.685547,-9.521484,cycling_2
1769336749.071829,-0.666382,0.037231,-0.801758,17.211914,-5.126953,-9.826660,cycling_2
1769336749.071829,-0.707275,0.110107,-0.804810,22.521980,-9.826660,-5.004883,cycling_2
1769336749.071829,-0.605469,0.090088,-0.705200,21.972656,-13.977055,-2.685547,cycling_2
1769336749.071829,-0.754883,0.126709,-0.666748,16.479492,-13.000492,1.342773,cycling_2
1769336749.0884929,-0.641602,-0.109619,-0.682495,14.709476,-13.000492,-12.939457,cycling_2
1769336749.171758,-0.867065,0.048828,-0.776855,18.310547,-13.854984,-15.258793,cycling_2
1769336749.171758,-0.737305,0.095337,-0.611572,16.601563,-18.371582,-7.263186,cycling_2
1769336749.171758,-0.724609,-0.152710,-0.648438,14.648441,-17.150879,-16.479492,cycling_2
1769336749.171758,-0.748779,-0.191040,-0.723267,20.385742,-19.409180,-14.587406,cycling_2
1769336749.1881607,-0.763306,0.030762,-0.690430,27.648933,-25.024422,-13.854984,cycling_2
1769336749.2227755,-0.597046,-0.208252,-0.643799,23.925789,-20.751953,-13.183598,cycling_2
1769336749.2327886,-0.796753,-0.112549,-0.781616,29.418953,-15.197758,-20.080566,cycling_2
1769336749.2516823,-0.405273,-0.201538,-0.829102,37.841797,-11.169437,-17.333984,cycling_2
1769336749.2666857,-0.448608,-0.449585,-0.709595,44.128418,-25.268562,-0.244141,cycling_2
1769336749.3920543,-1.041626,-0.355713,-0.781494,38.452148,1.525879,-15.014652,cycling_2
1769336749.3920543,-0.709595,-0.327026,-0.685913,35.583496,-8.483887,4.028320,cycling_2
1769336749.3920543,-1.029297,-0.242676,-0.594849,21.179199,4.882813,-8.117676,cycling_2
1769336749.3920543,-0.757080,-0.522949,-0.617310,9.216309,9.643555,-2.624512,cycling_2
1769336749.3920543,-0.725220,-0.574829,-0.868774,1.220703,18.005371,6.774904,cycling_2
1769336749.3920543,-0.629272,-0.611816,-0.806641,-1.708985,2.746582,15.319828,cycling_2
1769336749.4069407,-0.726074,-0.570068,-0.677124,-14.526371,8.300781,6.774904,cycling_2
1769336749.4457,-0.717041,-0.570557,-0.673706,-22.399910,16.967773,4.516602,cycling_2
1769336749.4488199,-0.765381,-0.628906,-0.689453,-23.437508,15.869144,7.873537,cycling_2
1769336749.4658291,-0.612793,-0.341553,-0.473511,-22.460945,9.521484,20.202637,cycling_2
1769336749.4881165,-1.130981,-0.291504,-0.654785,-25.329597,37.292480,7.141115,cycling_2
1769336749.5917795,-0.711792,-0.289795,-0.498047,-29.235847,35.583496,5.981447,cycling_2
1769336749.5923162,-0.566284,-0.233643,-0.525269,-30.517586,31.188972,15.747074,cycling_2
1769336749.5923162,-0.961670,-0.069824,-0.738647,-33.813477,42.602539,7.202150,cycling_2
1769336749.5923162,-0.867188,0.413696,-0.713989,-30.395515,44.006348,2.624512,cycling_2
1769336749.5923162,-0.397461,-0.038330,-0.537598,-42.541504,30.761726,-14.831547,cycling_2
1769336749.6018317,-0.517578,-0.149048,-0.668091,-39.306641,34.362793,6.530764,cycling_2
1769336749.6525795,-0.711304,0.269409,-0.790894,-34.423828,25.939949,8.911133,cycling_2
1769336749.653593,-0.626465,0.244141,-0.681152,-30.822762,13.122562,0.793457,cycling_2
1769336749.6690624,-0.547729,0.004761,-0.660889,-29.357918,10.314941,2.441406,cycling_2
1769336749.6897056,-0.602051,0.131714,-0.749390,-27.221687,12.023930,7.690432,cycling_2
1769336749.7918317,-0.651855,0.269897,-0.781738,-22.460945,7.019045,1.220703,cycling_2
1769336749.7918317,-0.514771,0.070679,-0.725220,-19.104004,-1.525879,-5.615236,cycling_2
1769336749.7970388,-0.542725,0.082275,-0.748291,-13.000492,-3.723145,-1.586915,cycling_2
1769336749.7970388,-0.704468,0.268188,-0.770020,-3.417970,-6.347658,-2.868653,cycling_2
1769336749.7970388,-0.511963,-0.062622,-0.669434,-2.868653,-12.023930,-11.840824,cycling_2
1769336749.8018396,-0.572021,-0.275757,-0.781494,-0.183106,-11.840824,-7.080080,cycling_2
1769336749.8284328,-0.793091,0.084351,-0.804077,0.915528,-6.774904,13.610844,cycling_2
1769336749.848136,-0.739502,0.148560,-0.809570,0.671387,-5.798342,0.488281,cycling_2
1769336749.8683457,-0.748535,-0.146973,-0.740845,0.122070,-16.296387,-13.916019,cycling_2
1769336749.8891597,-0.725952,-0.057861,-0.768066,-7.324221,-7.568361,-0.366211,cycling_2
1769336750.0191586,-0.745605,-0.052124,-0.814697,-7.873537,-2.807618,-3.479005,cycling_2
1769336750.021857,-0.770752,0.001831,-0.830200,-7.324221,-4.333496,-17.578125,cycling_2
1769336750.021857,-0.516724,-0.202881,-0.709229,-9.887695,-2.319336,-4.943848,cycling_2
1769336750.021857,-0.710327,-0.039917,-0.798584,-4.943848,0.000000,-3.662110,cycling_2
1769336750.021857,-0.737793,0.090454,-0.797363,-8.483887,7.202150,-2.197266,cycling_2
1769336750.021857,-0.612427,-0.021729,-0.697510,-8.300781,2.258301,-11.352543,cycling_2
1769336750.0485818,-0.678223,-0.052246,-0.739502,-6.164553,6.591799,-2.258301,cycling_2
1769336750.0485818,-0.719482,-0.027954,-0.788818,-8.422852,6.774904,-3.417970,cycling_2
1769336750.0684588,-0.666504,-0.058228,-0.723511,-8.361816,6.713869,-5.126953,cycling_2
1769336750.0844505,-0.743042,-0.058594,-0.789307,-7.934572,10.070801,-7.751467,cycling_2
1769336750.2217288,-0.721680,-0.050903,-0.794678,-9.277344,9.887695,-7.873537,cycling_2
1769336750.2217288,-0.674194,0.038574,-0.753052,-13.732914,9.460449,-10.437012,cycling_2
1769336750.2217288,-0.705200,-0.067749,-0.767212,-17.028809,8.239746,-7.263186,cycling_2
1769336750.2217288,-0.680420,-0.045776,-0.745239,-19.897461,8.117676,-12.329105,cycling_2
1769336750.2217288,-0.558350,0.063477,-0.677490,-22.644051,9.399414,-5.126953,cycling_2
1769336750.2284687,-0.533813,0.021973,-0.717041,-21.362305,4.455566,-4.333496,cycling_2
1769336750.2367477,-0.724121,-0.058350,-0.825439,-16.479492,2.990724,-12.084965,cycling_2
1769336750.4659567,-0.565186,-0.044312,-0.747070,-3.295899,-3.417970,-24.414070,cycling_2
1769336750.4659567,-0.762695,-0.080688,-0.751587,-12.207035,6.835939,-13.916019,cycling_2
1769336750.4659567,-0.714111,-0.066040,-0.861328,-7.324221,2.929688,-20.874023,cycling_2
1769336750.4659567,-0.574219,-0.149292,-0.718872,-8.789063,2.197266,-14.831547,cycling_2
1769336750.4718878,-0.656006,0.046021,-0.731934,-13.854984,7.568361,0.732422,cycling_2
1769336750.4718878,-0.617554,0.266479,-0.770996,-12.207035,4.943848,-7.934572,cycling_2
1769336750.4718878,-0.545410,0.098511,-0.767578,-9.887695,-4.028320,-13.305668,cycling_2
1769336750.4718878,-0.620239,0.104614,-0.846680,-9.582520,-0.976563,-9.033203,cycling_2
1769336750.487211,-0.576660,0.247314,-0.800781,-8.239746,-0.854492,-8.544922,cycling_2
1769336750.5081348,-0.539673,0.150879,-0.781006,-4.516602,-5.126953,-9.277344,cycling_2
1769336750.633584,-0.559570,-0.080322,-0.755981,-6.591799,-9.033203,-11.901859,cycling_2
1769336750.633584,-0.550903,0.069214,-0.827393,-5.737307,-0.732422,-5.371094,cycling_2
1769336750.633584,-0.511353,0.017456,-0.797974,-2.929688,-8.056641,-6.347658,cycling_2
1769336750.6417987,-0.558105,0.079102,-0.792480,-1.953125,-6.225588,-3.784181,cycling_2
1769336750.6750824,-0.634644,-0.100830,-0.763062,-0.915528,-11.596684,5.615236,cycling_2
1769336750.6750824,-0.847534,0.288086,-0.892456,-0.671387,2.380371,2.441406,cycling_2
1769336750.6940634,-0.487793,0.040283,-0.785645,1.953125,-10.498047,-5.737307,cycling_2
1769336750.7020457,-0.726929,-0.023071,-0.763550,-6.408693,-2.563477,7.568361,cycling_2
1769336750.7088542,-0.675049,0.131714,-0.832397,-5.920412,1.281738,4.638672,cycling_2
1769336750.8321717,-0.705200,0.036133,-0.748291,-2.136230,-7.385256,-1.770020,cycling_2
1769336750.8321717,-0.636963,-0.222534,-0.721191,-5.859377,-8.544922,-7.934572,cycling_2
1769336750.8321717,-0.630737,-0.127441,-0.745728,-7.446291,-3.295899,8.483887,cycling_2
1769336750.8321717,-0.653564,0.170898,-0.778809,-9.033203,2.807618,2.868653,cycling_2
1769336750.84157,-0.691528,0.082397,-0.812744,-2.868653,-6.591799,-9.948730,cycling_2
1769336750.84157,-0.593262,0.143188,-0.787964,-5.920412,-3.295899,-9.460449,cycling_2
1769336750.8470762,-0.493408,0.020508,-0.749146,-1.647950,-8.544922,-10.009766,cycling_2
1769336750.870436,-0.705444,0.124390,-0.815063,-7.019045,-2.014160,0.915528,cycling_2
1769336750.8890765,-0.620728,0.238281,-0.822510,-5.554201,-2.563477,-2.685547,cycling_2
1769336750.9091341,-0.465332,-0.110229,-0.696045,0.244141,-18.249512,-2.258301,cycling_2
1769336751.0420125,-0.680786,0.262085,-0.770752,-5.859377,-3.784181,12.268070,cycling_2
1769336751.0420125,-0.540039,0.199951,-0.663330,-0.854492,-13.061527,-2.014160,cycling_2
1769336751.0420125,-0.616577,0.078369,-0.756958,5.615236,-17.822266,-7.446291,cycling_2
1769336751.0650373,-0.601440,0.091919,-0.738037,5.004883,-12.084965,-7.751467,cycling_2
1769336751.0901327,-0.616455,0.333496,-0.744751,9.033203,-11.291508,-6.286623,cycling_2
1769336751.1267624,-0.594971,0.156860,-0.700317,14.404301,-22.399910,-20.080566,cycling_2
1769336751.2493594,-0.601196,0.017090,-0.790283,14.099125,-15.197758,-4.882813,cycling_2
1769336751.250303,-0.684692,0.116943,-0.869385,13.916019,-6.164553,5.737307,cycling_2
1769336751.3052213,-0.568237,-0.029907,-0.671265,11.718754,-22.399910,-2.258301,cycling_2
1769336751.3064377,-0.875000,-0.386475,-0.729614,14.160160,-24.536140,-11.352543,cycling_2
1769336751.3091307,-0.526001,0.168335,-0.916016,-17.150879,18.920898,33.813477,cycling_2
1769336751.3091307,-1.057739,-0.413940,-0.840210,6.469728,-27.648933,-21.362305,cycling_2
1769336751.3117995,-0.587158,-0.369751,-0.848389,0.427246,2.868653,0.549316,cycling_2
1769336751.314564,-0.645264,-0.055542,-0.835083,2.624512,0.122070,21.240234,cycling_2
1769336751.314564,-0.880859,-0.348267,-0.796631,15.991215,-16.662598,-8.483887,cycling_2
1769336751.3185482,-0.753662,-0.158813,-0.734985,6.713869,-7.446291,14.648441,cycling_2
1769336751.3198946,-0.820923,-0.103394,-0.758911,5.554201,-8.239746,4.638672,cycling_2
1769336751.3217936,-0.821411,-0.043457,-0.764160,-0.610352,-6.591799,-0.854492,cycling_2
1769336751.3217936,-0.595581,-0.397095,-0.566284,-8.789063,-3.051759,-6.164553,cycling_2
1769336751.3217936,-0.676392,0.108643,-0.755859,-13.305668,15.502934,13.366703,cycling_2
1769336751.3268993,-0.659302,0.136108,-0.685791,-10.009766,6.774904,-5.920412,cycling_2
1769336751.452044,-0.525635,-0.019043,-0.641724,-3.051759,-2.014160,0.366211,cycling_2
1769336751.452044,-0.681885,0.036255,-0.667725,-3.173829,4.699707,2.685547,cycling_2
1769336751.452044,-0.655273,0.229858,-0.671997,-2.563477,7.751467,3.356935,cycling_2
1769336751.452044,-0.544189,0.190063,-0.579468,-0.793457,0.305176,3.540040,cycling_2
1769336751.452044,-0.649902,0.084473,-0.742676,5.920412,-0.976563,-1.342773,cycling_2
1769336751.452044,-0.643555,0.319824,-0.761353,6.408693,0.610352,0.061035,cycling_2
1769336751.4658968,-0.593018,0.130127,-0.790039,12.939457,-7.446291,-1.464844,cycling_2
1769336751.489128,-0.725586,0.223999,-0.763306,10.192871,-8.300781,-6.408693,cycling_2
1769336751.5072362,-0.533569,-0.098145,-0.705322,6.713869,-12.390141,-2.868653,cycling_2
1769336751.5288966,-0.770630,0.004272,-0.824829,6.652834,-8.361816,4.699707,cycling_2
1769336751.6592665,-0.755249,-0.077637,-0.821167,1.281738,-9.399414,-4.028320,cycling_2
1769336751.6592665,-0.520508,-0.165527,-0.690918,-0.854492,-6.835939,13.854984,cycling_2
1769336751.6592665,-0.849854,0.009155,-0.815674,1.525879,-8.483887,9.521484,cycling_2
1769336751.6592665,-0.651611,-0.202026,-0.747314,-1.281738,-9.460449,3.723145,cycling_2
1769336751.6592665,-0.770752,-0.015137,-0.742065,-4.516602,-5.798342,6.713869,cycling_2
1769336751.6592665,-0.702026,-0.130127,-0.690674,-2.807618,-5.981447,-0.305176,cycling_2
1769336751.6621768,-0.722656,-0.054077,-0.683105,-0.549316,-3.173829,3.662110,cycling_2
1769336751.6888735,-0.793701,0.043457,-0.738159,0.854492,2.380371,0.488281,cycling_2
1769336751.709258,-0.694580,0.046387,-0.709106,3.723145,4.516602,1.220703,cycling_2
1769336751.7217643,-0.716919,0.117554,-0.744873,8.544922,5.371094,1.159668,cycling_2
1769336751.8635395,-0.636475,0.136230,-0.732788,7.141115,3.845216,-2.929688,cycling_2
1769336751.8635395,-0.568481,-0.118408,-0.719849,7.934572,-2.075195,-0.915528,cycling_2
1769336751.8635395,-0.714600,-0.022461,-0.747681,2.990724,5.493164,6.652834,cycling_2
1769336751.8635395,-0.609863,-0.043335,-0.688354,-4.455566,2.807618,6.469728,cycling_2
1769336751.8652096,-0.702515,-0.219971,-0.761108,0.793457,-2.319336,2.441406,cycling_2
1769336751.8652096,-0.751587,0.239014,-0.635742,-2.563477,6.530764,11.962894,cycling_2
1769336751.8683715,-0.728149,-0.041992,-0.826538,5.676271,-5.371094,-4.943848,cycling_2
1769336751.8886468,-0.763916,0.069336,-0.748657,7.202150,-2.380371,-0.183106,cycling_2
1769336751.9088895,-0.673340,0.080444,-0.752808,4.699707,-5.493164,0.183106,cycling_2
1769336751.9560494,-0.843628,-0.106934,-0.838745,7.690432,-5.187988,-11.413578,cycling_2
1769336751.9560494,-0.623779,-0.169312,-0.619263,-1.647950,-3.051759,-5.737307,cycling_2
1769336752.066627,-0.710693,-0.011108,-0.700562,-5.004883,0.854492,6.225588,cycling_2
1769336752.066627,-0.760132,-0.015381,-0.772949,-6.591799,5.737307,-11.718754,cycling_2
1769336752.066627,-0.563721,-0.132080,-0.715698,-0.305176,5.676271,0.488281,cycling_2
1769336752.066627,-0.683594,0.282715,-0.739258,0.122070,9.277344,4.638672,cycling_2
1769336752.1217687,-0.660645,0.014038,-0.726807,5.798342,2.563477,-8.239746,cycling_2
1769336752.1497889,-0.670532,0.049927,-0.686768,7.751467,10.131836,-1.586915,cycling_2
1769336752.1528547,-0.650269,0.131226,-0.709717,4.882813,10.803223,-2.685547,cycling_2
1769336752.271794,-0.680054,-0.122559,-0.738525,9.582520,3.295899,-8.911133,cycling_2
1769336752.2735507,-0.579956,0.057983,-0.728149,3.417970,10.620117,2.929688,cycling_2
1769336752.2735507,-0.650146,-0.009399,-0.793945,10.925293,1.647950,1.525879,cycling_2
1769336752.274154,-0.676880,0.238159,-0.747192,11.352543,3.723145,5.310059,cycling_2
1769336752.274154,-0.587402,0.029663,-0.720947,5.859377,-2.502441,8.178711,cycling_2
1769336752.274154,-0.674683,-0.000244,-0.848999,12.573246,-0.488281,4.516602,cycling_2
1769336752.274154,-0.652344,0.254272,-0.763062,7.141115,0.488281,8.666992,cycling_2
1769336752.274154,-0.654785,-0.011841,-0.736816,5.798342,-0.488281,4.455566,cycling_2
1769336752.274154,-0.583740,-0.126343,-0.755371,-1.159668,-5.310059,2.990724,cycling_2
1769336752.282079,-0.722534,-0.126465,-0.783936,0.061035,-5.065918,7.141115,cycling_2
1769336752.3065445,-0.722046,0.040283,-0.748047,-0.183106,1.708985,2.929688,cycling_2
1769336752.3268142,-0.644165,-0.067139,-0.751099,3.479005,-5.554201,-1.647950,cycling_2
1769336752.348292,-0.655029,-0.201904,-0.736450,7.690432,-6.713869,4.699707,cycling_2
1769336752.471894,-0.788330,0.121216,-0.800049,10.070801,-0.122070,6.652834,cycling_2
1769336752.471894,-0.682983,-0.156616,-0.778320,14.221195,-15.625004,1.281738,cycling_2
1769336752.471894,-0.739502,-0.010132,-0.745972,10.192871,-7.019045,4.577637,cycling_2
1769336752.4794412,-0.631958,-0.021484,-0.777588,6.774904,-10.070801,4.211426,cycling_2
1769336752.4794412,-0.620117,-0.122437,-0.707153,4.516602,-13.122562,5.432129,cycling_2
1769336752.4794412,-0.712158,-0.028076,-0.714844,2.563477,-2.563477,13.671879,cycling_2
1769336752.4829602,-0.753296,0.011963,-0.762573,0.671387,2.197266,6.408693,cycling_2
1769336752.509873,-0.681274,0.076050,-0.720215,1.159668,6.958010,10.864258,cycling_2
1769336752.529246,-0.705444,0.014648,-0.792603,7.080080,-2.197266,1.098633,cycling_2
1769336752.5489843,-0.643677,0.124756,-0.660889,7.263186,1.953125,7.446291,cycling_2
1769336752.6719785,-0.621826,-0.043701,-0.703369,4.333496,-6.408693,0.366211,cycling_2
1769336752.6719785,-0.692627,-0.144409,-0.745239,6.225588,-2.136230,6.469728,cycling_2
1769336752.6719785,-0.811157,0.169922,-0.748657,1.892090,6.530764,13.061527,cycling_2
1769336752.6719785,-0.619629,-0.068604,-0.703613,-2.624512,1.342773,1.586915,cycling_2
1769336752.6719785,-0.717041,0.126099,-0.760864,0.366211,8.544922,13.549809,cycling_2
1769336752.6719785,-0.707642,0.006592,-0.813232,-3.173829,1.892090,-6.652834,cycling_2
1769336752.688902,-0.556885,-0.287842,-0.701782,1.831055,0.610352,0.427246,cycling_2
1769336752.7091322,-0.715088,0.172363,-0.735229,3.234864,12.023930,12.451176,cycling_2
1769336752.7304301,-0.711182,0.032471,-0.774292,8.483887,2.136230,-8.850098,cycling_2
1769336752.7505374,-0.686646,0.166626,-0.689697,10.925293,5.981447,6.164553,cycling_2
1769336752.769949,-0.763062,-0.037598,-0.801147,13.549809,0.915528,-1.586915,cycling_2
1769336752.8820822,-0.713989,0.113770,-0.749634,10.925293,5.371094,5.859377,cycling_2
1769336752.8820822,-0.716309,-0.076782,-0.727539,4.272461,3.784181,-4.638672,cycling_2
1769336752.8820822,-0.678833,0.029053,-0.799072,4.028320,9.399414,-0.732422,cycling_2
1769336752.8820822,-0.568726,-0.009644,-0.752808,-2.075195,2.502441,-2.929688,cycling_2
1769336752.8820822,-0.646118,-0.010132,-0.753174,0.732422,3.845216,-0.915528,cycling_2
1769336752.8820822,-0.718018,0.227173,-0.718140,5.493164,6.408693,-4.028320,cycling_2
1769336752.9164486,-0.528931,-0.209229,-0.723389,7.324221,-3.234864,-5.004883,cycling_2
1769336752.9258518,-0.755981,0.115112,-0.746948,10.559082,6.591799,7.446291,cycling_2
1769336752.9451165,-0.611328,-0.002075,-0.722534,9.155273,-3.356935,0.366211,cycling_2
1769336752.9645984,-0.739502,-0.005615,-0.757202,16.662598,-3.479005,2.197266,cycling_2
1769336753.0921438,-0.696411,0.111572,-0.706299,12.573246,0.000000,1.220703,cycling_2
1769336753.0921438,-0.608154,-0.219727,-0.762573,11.413578,-6.042482,-1.220703,cycling_2
1769336753.0921438,-0.651855,-0.191406,-0.784912,8.239746,-2.746582,10.986328,cycling_2
1769336753.0921438,-0.750732,0.009399,-0.777588,9.399414,-2.929688,8.300781,cycling_2
1769336753.0921438,-0.634521,-0.052734,-0.796753,12.207035,-8.117676,10.437012,cycling_2
1769336753.0921438,-0.780762,0.083252,-0.870483,13.854984,-12.084965,7.934572,cycling_2
1769336753.1109831,-0.666138,-0.265625,-0.796997,6.774904,-23.864754,3.234864,cycling_2
1769336753.1544747,-0.805054,-0.517822,-0.797607,10.009766,-21.667480,4.760742,cycling_2
1769336753.1547387,-0.845337,-0.072388,-0.628906,0.305176,2.258301,18.310547,cycling_2
1769336753.1619146,-0.713623,-0.211548,-0.718872,-4.272461,-1.342773,3.417970,cycling_2
1769336753.2142549,-0.802124,-0.026978,-0.730103,-1.098633,6.469728,14.282230,cycling_2
1769336753.2142549,-0.730469,0.041382,-0.684204,-7.324221,7.080080,8.972168,cycling_2
1769336753.2337968,-0.687012,-0.195801,-0.702881,-10.253906,-2.868653,2.746582,cycling_2
1769336753.252786,-0.721680,-0.316162,-0.695313,-10.131836,4.760742,10.131836,cycling_2
1769336753.268789,-0.709839,0.144409,-0.681274,-15.502934,25.512703,22.277840,cycling_2
1769336753.2879992,-0.726929,0.084595,-0.790405,-17.639160,15.991215,0.793457,cycling_2
1769336753.3108113,-0.643066,-0.135498,-0.688110,-19.165039,11.169437,11.291508,cycling_2
1769336753.3247507,-0.740845,0.136597,-0.711426,-20.629883,26.611336,18.554688,cycling_2
1769336753.3489332,-0.720093,0.192139,-0.792725,-14.587406,20.141602,3.906251,cycling_2
1769336753.3691003,-0.576660,0.048462,-0.646240,-15.808109,8.178711,7.568361,cycling_2
1769336753.3894255,-0.718872,0.097656,-0.731079,-13.488773,12.878422,7.690432,cycling_2
1769336753.410382,-0.767456,0.236572,-0.768311,-16.174316,22.644051,2.929688,cycling_2
1769336753.4372306,-0.631226,-0.052368,-0.663208,-16.845703,-2.563477,-15.197758,cycling_2
1769336753.451632,-0.744263,0.165161,-0.737305,-14.343266,17.395020,8.605957,cycling_2
1769336753.4696827,-0.667969,0.222412,-0.853516,-15.686039,14.648441,-7.141115,cycling_2
1769336753.4888256,-0.368042,-0.089478,-0.687378,-7.873537,-1.953125,3.479005,cycling_2
1769336753.5083885,-0.807739,0.282349,-0.782349,-3.723145,13.549809,12.512211,cycling_2
1769336753.5272508,-0.661499,0.163452,-0.733765,-13.183598,3.112794,-16.174316,cycling_2
1769336753.5482728,-0.553833,-0.071167,-0.656860,-5.432129,-5.249023,3.234864,cycling_2
1769336753.5681262,-0.568359,0.233154,-0.739746,-7.629396,2.807618,-12.390141,cycling_2
1769336753.5885901,-0.505859,0.057861,-0.654419,5.065918,-9.399414,-4.943848,cycling_2
1769336753.6064456,-0.761719,0.229736,-0.758179,-1.892090,3.295899,-4.760742,cycling_2
1769336753.6257558,-0.566895,0.032715,-0.728027,0.549316,-3.173829,-10.314941,cycling_2
1769336753.6479135,-0.585205,0.149780,-0.733521,2.319336,-0.732422,-2.258301,cycling_2
1769336753.6673658,-0.660278,0.093018,-0.814331,-0.061035,-1.647950,-13.000492,cycling_2
1769336753.6891367,-0.614502,-0.040039,-0.801880,1.770020,-3.417970,-0.305176,cycling_2
1769336753.7065635,-0.700562,-0.019165,-0.780151,-1.586915,-4.699707,-11.596684,cycling_2
1769336753.7289305,-0.640503,-0.266846,-0.717896,2.441406,-9.155273,0.549316,cycling_2
1769336753.7488704,-0.864136,0.370728,-0.852783,-3.417970,11.230473,7.934572,cycling_2
1769336753.7688107,-0.626221,-0.009155,-0.804688,-2.563477,-4.882813,-11.840824,cycling_2
1769336753.789416,-0.794067,-0.034790,-0.784424,-2.685547,-2.258301,-2.868653,cycling_2
1769336753.8129978,-0.618042,0.051758,-0.691650,-12.878422,6.713869,-5.126953,cycling_2
1769336753.829205,-0.674683,-0.041870,-0.767212,-11.962894,6.042482,-7.751467,cycling_2
1769336753.8484447,-0.577393,-0.016602,-0.701660,-9.704590,5.004883,-4.394531,cycling_2
1769336753.868865,-0.628540,0.069946,-0.716553,-8.361816,5.371094,-3.051759,cycling_2
1769336753.895444,-0.665161,0.152100,-0.735474,-7.019045,9.155273,-5.004883,cycling_2
1769336753.9080389,-0.628174,0.211304,-0.748169,-5.859377,1.098633,-16.723633,cycling_2
1769336753.9238887,-0.629272,-0.183228,-0.711914,0.427246,-8.850098,-13.916019,cycling_2
1769336753.9450693,-0.696533,0.172729,-0.797974,-5.981447,8.422852,-8.056641,cycling_2
1769336753.968927,-0.719727,0.293945,-0.819458,-4.333496,4.089355,-9.521484,cycling_2
1769336753.9869454,-0.687622,0.083252,-0.830688,-1.708985,-6.713869,-23.986824,cycling_2
1769336754.0063808,-0.638062,-0.005493,-0.790161,-7.019045,-2.197266,-9.582520,cycling_2
1769336754.0488052,-0.853271,-0.042725,-0.826660,-10.009766,-4.943848,-15.747074,cycling_2
1769336754.0828693,-0.385376,-0.024902,-0.660278,-17.822266,2.014160,-0.549316,cycling_2
1769336754.0828693,-0.792847,0.008301,-0.708984,-11.535648,-7.324221,-1.647950,cycling_2
1769336754.0828693,-0.649658,0.067871,-0.781250,-13.488773,12.512211,-7.324221,cycling_2
1769336754.1062484,-0.678589,0.052734,-0.834839,1.708985,-9.826660,-10.375977,cycling_2
1769336754.125077,-0.646118,-0.072998,-0.640259,-4.699707,-0.427246,-6.591799,cycling_2
1769336754.145792,-0.684448,0.158569,-0.791626,-4.028320,6.774904,-3.234864,cycling_2
1769336754.1674423,-0.658691,0.063721,-0.802979,-3.723145,0.732422,-14.709476,cycling_2
1769336754.1873436,-0.639038,-0.074097,-0.707764,-3.723145,-1.770020,-7.019045,cycling_2
1769336754.209173,-0.702393,0.085693,-0.769409,-6.530764,2.868653,-11.169437,cycling_2
1769336754.22778,-0.691406,0.151611,-0.787109,-7.263186,5.310059,-5.615236,cycling_2
1769336754.249469,-0.663574,0.200806,-0.792236,-6.774904,2.075195,-19.897461,cycling_2
1769336754.2695885,-0.491455,-0.034546,-0.712524,-2.990724,-5.004883,-15.625004,cycling_2
1769336754.284342,-0.738647,0.144897,-0.797119,-3.479005,2.075195,-4.882813,cycling_2
1769336754.3046594,-0.657593,0.178467,-0.813232,-0.671387,-0.122070,-15.991215,cycling_2
1769336754.3288424,-0.523682,-0.100464,-0.694092,1.525879,-7.995607,-7.141115,cycling_2
1769336754.3517156,-0.643188,0.165894,-0.784180,-2.380371,-2.441406,0.183106,cycling_2
1769336754.3679385,-0.577881,-0.124878,-0.739502,-2.075195,-12.268070,-6.164553,cycling_2
1769336754.384141,-0.581055,-0.066162,-0.674438,-10.864258,-2.502441,10.192871,cycling_2
1769336754.4078531,-0.692261,0.223022,-0.801270,-7.568361,1.586915,5.065918,cycling_2
1769336754.4250464,-0.690063,0.454102,-0.786987,-5.920412,6.652834,-7.263186,cycling_2
1769336754.4440944,-0.396240,0.087646,-0.789673,5.310059,-16.052246,-26.489265,cycling_2
1769336754.468345,-0.619263,0.007324,-0.757080,2.990724,-9.765625,-0.244141,cycling_2
1769336754.488724,-0.613281,0.228149,-0.790527,0.061035,-4.211426,-13.000492,cycling_2
1769336754.5062807,-0.659302,-0.024414,-0.834473,8.239746,-17.883301,-15.441898,cycling_2
1769336754.5274088,-0.536377,-0.152588,-0.755005,1.342773,-12.634281,-0.488281,cycling_2
1769336754.5474112,-0.688110,0.128784,-0.838013,3.234864,-7.873537,7.629396,cycling_2
1769336754.568252,-0.748291,0.312866,-0.829712,5.249023,-8.239746,-7.019045,cycling_2
1769336754.5935957,-0.486694,-0.105835,-0.706665,12.512211,-21.667480,-7.995607,cycling_2
1769336754.6088758,-0.726318,-0.012451,-0.775879,6.103518,-12.878422,8.300781,cycling_2
1769336754.628039,-0.619873,-0.030029,-0.795776,5.981447,-15.625004,-5.981447,cycling_2
1769336754.6478374,-0.554932,-0.109497,-0.673828,3.051759,-13.854984,13.916019,cycling_2
1769336754.6666386,-0.790039,0.262085,-0.753906,1.525879,-7.263186,9.948730,cycling_2
1769336754.6860337,-0.652954,0.015259,-0.702026,0.854492,-11.901859,-2.441406,cycling_2
1769336754.7078753,-0.638672,0.008789,-0.749023,0.305176,-6.774904,7.507326,cycling_2
1769336754.7249084,-0.731567,0.046387,-0.789673,-0.488281,-5.737307,0.610352,cycling_2
1769336754.745273,-0.698975,0.081909,-0.713623,-3.173829,1.770020,2.563477,cycling_2
1769336754.831852,-0.736084,0.074097,-0.802246,0.305176,-2.197266,-11.108402,cycling_2
1769336754.848909,-0.530884,-0.010132,-0.684448,0.488281,-3.295899,-1.342773,cycling_2
1769336754.8632925,-0.644287,0.050415,-0.807861,3.601075,-2.136230,4.394531,cycling_2
1769336754.8817413,-0.754272,0.190796,-0.818970,4.455566,3.906251,0.732422,cycling_2
1769336755.04608,-0.550049,0.096558,-0.695679,3.356935,-7.568361,-0.549316,cycling_2
1769336755.04608,-0.608398,-0.126587,-0.761719,5.798342,-10.131836,1.586915,cycling_2
1769336755.051911,-0.624390,0.109741,-0.724609,-3.540040,4.089355,8.239746,cycling_2
1769336755.051911,-0.770142,-0.159546,-0.817993,0.183106,-6.225588,-1.953125,cycling_2
1769336755.0540528,-0.781738,0.002563,-0.622681,2.380371,8.239746,-2.380371,cycling_2
1769336755.0540528,-0.560669,-0.023560,-0.777710,0.854492,2.441406,6.286623,cycling_2
1769336755.0600457,-0.757324,0.035278,-0.841064,10.437012,7.202150,1.770020,cycling_2
1769336755.061465,-0.641724,0.498657,-0.673828,16.784668,5.126953,6.774904,cycling_2
1769336755.062031,-0.745361,0.315430,-0.688110,4.455566,-5.493164,4.089355,cycling_2
1769336755.063164,-0.687012,-0.006592,-0.744507,7.934572,-2.441406,-18.737793,cycling_2
1769336755.0693119,-0.612915,0.133057,-0.755371,2.746582,-3.173829,-6.530764,cycling_2
1769336755.0715172,-0.678589,-0.267090,-0.793579,5.493164,-9.338379,-21.911621,cycling_2
1769336755.0890157,-0.603638,-0.130127,-0.659912,4.455566,0.976563,-7.690432,cycling_2
1769336755.108712,-0.621338,-0.042969,-0.754639,6.469728,2.441406,2.929688,cycling_2
1769336755.1286817,-0.664063,0.160400,-0.792236,17.211914,2.624512,-2.685547,cycling_2
1769336755.1465666,-0.613892,0.099609,-0.731934,26.611336,-9.948730,-9.094238,cycling_2
1769336755.1692495,-0.734253,0.202271,-0.798584,34.973145,-0.793457,-4.638672,cycling_2
1769336755.1859617,-0.544800,-0.125000,-0.789429,30.517586,-9.216309,-8.605957,cycling_2
1769336755.2085016,-0.679199,-0.003784,-0.792725,29.968269,-8.422852,9.521484,cycling_2
1769336755.229291,-0.726318,-0.003540,-0.810181,25.268562,-10.009766,5.920412,cycling_2
1769336755.247808,-0.578613,-0.378174,-0.797485,17.456055,-17.150879,7.812502,cycling_2
1769336755.2671645,-0.734741,-0.137329,-0.769165,10.314941,-6.652834,24.902351,cycling_2
1769336755.2889855,-0.700684,-0.169434,-0.817139,7.385256,-14.099125,17.211914,cycling_2
1769336755.3067267,-0.718018,-0.196167,-0.705322,9.338379,-16.296387,19.958496,cycling_2
1769336755.328639,-0.838379,0.084839,-0.698608,6.408693,2.807618,15.991215,cycling_2
1769336755.3468037,-0.662476,-0.104736,-0.664673,9.521484,-3.051759,6.469728,cycling_2
1769336755.3677144,-0.847412,-0.031006,-0.782959,11.291508,13.427738,7.141115,cycling_2
1769336755.3887277,-0.667969,-0.013550,-0.743774,5.981447,8.972168,1.159668,cycling_2
1769336755.4017746,-0.758179,-0.237793,-0.768311,6.408693,9.521484,4.028320,cycling_2
1769336755.4261398,-0.639404,-0.072266,-0.673462,-5.737307,13.549809,8.239746,cycling_2
1769336755.449732,-0.685181,-0.241821,-0.786621,-4.089355,3.234864,7.080080,cycling_2
1769336755.4644368,-0.817871,-0.002563,-0.729736,-6.164553,12.207035,12.939457,cycling_2
1769336755.4871628,-0.652344,0.087769,-0.660645,-9.033203,8.850098,10.131836,cycling_2
1769336755.506731,-0.717651,-0.068726,-0.747192,-5.310059,5.676271,7.873537,cycling_2
1769336755.5291193,-0.836304,0.210571,-0.720581,-6.591799,19.531250,8.056641,cycling_2
1769336755.5494113,-0.591431,-0.177368,-0.743896,-3.295899,-6.408693,-2.685547,cycling_2
1769336755.5694897,-0.602905,-0.153931,-0.681763,-4.638672,-2.441406,8.483887,cycling_2
1769336755.5870073,-0.804199,0.223999,-0.725342,-2.075195,9.338379,12.634281,cycling_2
1769336755.6047986,-0.683228,0.105347,-0.769653,-1.098633,5.249023,-9.277344,cycling_2
1769336755.6284642,-0.432007,-0.173584,-0.669067,1.098633,-2.136230,-0.732422,cycling_2
1769336755.6492598,-0.776245,0.119507,-0.740723,4.516602,8.056641,8.850098,cycling_2
1769336755.6687932,-0.812134,0.230103,-0.757935,3.723145,5.859377,-6.591799,cycling_2
1769336755.694911,-0.605713,-0.017090,-0.734253,9.033203,-1.342773,-3.662110,cycling_2
1769336755.7091165,-0.694214,-0.028809,-0.800903,8.789063,1.037598,3.051759,cycling_2
1769336755.7309394,-0.626953,-0.053955,-0.805542,11.840824,-5.615236,3.356935,cycling_2
1769336755.749078,-0.587769,0.035645,-0.755127,9.338379,-5.554201,10.864258,cycling_2
1769336755.771867,-0.722412,0.041992,-0.771362,8.483887,-5.432129,4.516602,cycling_2
1769336755.7873225,-0.790283,0.257935,-0.768311,7.446291,4.089355,0.610352,cycling_2
1769336755.8176904,-0.608643,-0.228027,-0.669067,1.586915,-11.901859,-14.099125,cycling_2
1769336755.8290467,-0.754272,-0.140747,-0.681519,-1.281738,2.197266,-5.737307,cycling_2
1769336755.8477404,-0.611084,-0.132690,-0.657715,-5.859377,-0.366211,-8.117676,cycling_2
1769336755.8719063,-0.579834,-0.390747,-0.733643,-3.601075,-3.906251,-4.394531,cycling_2
1769336755.8980908,-0.752930,-0.071411,-0.771240,2.319336,4.455566,5.310059,cycling_2
1769336755.915126,-0.672485,0.136230,-0.730103,5.310059,1.342773,2.136230,cycling_2
1769336755.929365,-0.777710,0.131348,-0.790771,11.657719,3.662110,-2.990724,cycling_2
1769336755.9489822,-0.600342,-0.142700,-0.682007,6.286623,-0.671387,-10.681152,cycling_2
1769336755.9787538,-0.762085,-0.145630,-0.736694,4.455566,-0.183106,-6.958010,cycling_2
1769336755.9888933,-0.780518,-0.009766,-0.687256,-3.295899,4.089355,-3.906251,cycling_2
1769336756.0086687,-0.644897,-0.284668,-0.772827,-7.934572,-1.159668,-10.986328,cycling_2
1769336756.0279818,-0.674438,-0.128052,-0.713501,-8.300781,3.417970,6.958010,cycling_2
1769336756.0482485,-0.662476,0.076416,-0.722900,-8.056641,4.028320,4.882813,cycling_2
1769336756.0692244,-0.640015,-0.272949,-0.742676,-9.521484,-0.854492,-6.347658,cycling_2
1769336756.0827394,-0.662720,0.126099,-0.688965,-6.103518,8.789063,14.221195,cycling_2
1769336756.1091049,-0.651123,0.145264,-0.757324,-4.089355,3.173829,-2.685547,cycling_2
1769336756.1245112,-0.617065,-0.048096,-0.656250,-5.126953,1.586915,-3.601075,cycling_2
1769336756.1482642,-0.636963,-0.130493,-0.704346,-5.310059,4.089355,2.258301,cycling_2
1769336756.1662757,-0.725708,-0.033081,-0.774658,-6.835939,7.141115,3.784181,cycling_2
1769336756.1858783,-0.625854,-0.081421,-0.736816,-6.591799,2.563477,2.746582,cycling_2
1769336756.2082245,-0.709961,-0.066895,-0.786987,-2.868653,3.417970,-0.793457,cycling_2
1769336756.224584,-0.680054,0.122437,-0.750977,-3.723145,4.943848,0.488281,cycling_2
1769336756.2427182,-0.621460,-0.065918,-0.789063,-2.746582,-1.464844,-3.723145,cycling_2
1769336756.2659771,-0.774658,0.083618,-0.819580,1.586915,4.394531,1.586915,cycling_2
1769336756.2860258,-0.712769,0.011597,-0.763428,-1.586915,-1.831055,-8.728027,cycling_2
1769336756.3018987,-0.570190,-0.231445,-0.711304,-5.615236,-1.525879,-2.685547,cycling_2
1769336756.328734,-0.766968,0.113892,-0.810181,-7.873537,7.751467,2.807618,cycling_2
1769336756.3480842,-0.589111,0.033936,-0.717773,-8.056641,2.258301,-4.394531,cycling_2
1769336756.3681302,-0.546997,-0.003296,-0.729858,-6.164553,1.037598,1.159668,cycling_2
1769336756.3884342,-0.698853,0.112915,-0.784302,-1.647950,4.333496,3.051759,cycling_2
1769336756.409121,-0.600586,0.048584,-0.757080,-0.061035,-0.488281,-2.502441,cycling_2
1769336756.428866,-0.579468,0.003540,-0.705200,-0.061035,-1.953125,0.305176,cycling_2
1769336756.4438772,-0.657959,-0.027100,-0.758057,0.793457,-1.586915,2.807618,cycling_2
1769336756.465704,-0.550781,-0.127808,-0.752808,2.380371,-6.408693,-1.770020,cycling_2
1769336756.4859145,-0.670532,0.139893,-0.741821,2.563477,-1.281738,12.084965,cycling_2
1769336756.5065122,-0.762573,0.161865,-0.805542,2.563477,-1.464844,2.136230,cycling_2
1769336756.5259676,-0.611816,-0.089111,-0.757080,2.014160,-12.207035,-6.164553,cycling_2
1769336756.5466888,-0.701782,-0.000122,-0.756958,1.281738,-2.563477,9.155273,cycling_2
1769336756.5687954,-0.642456,-0.290894,-0.779419,-3.540040,-9.887695,-4.699707,cycling_2
1769336756.5851402,-0.635620,-0.159912,-0.701050,-5.432129,-2.014160,10.131836,cycling_2
1769336756.6054633,-0.700073,0.024048,-0.744385,0.000000,1.586915,-0.427246,cycling_2
1769336756.6275823,-0.686523,0.221558,-0.714966,4.150391,0.854492,0.366211,cycling_2
1769336756.6452913,-0.619507,-0.181641,-0.744019,5.798342,-7.202150,-6.835939,cycling_2
1769336756.668319,-0.790649,0.087646,-0.795044,9.887695,8.300781,12.695316,cycling_2
1769336756.6889412,-0.683472,0.093262,-0.826660,6.042482,-0.366211,-1.953125,cycling_2
1769336756.707799,-0.583618,-0.109741,-0.714111,1.708985,-3.723145,4.638672,cycling_2
1769336756.7287765,-0.680786,-0.101929,-0.784424,-8.972168,2.136230,3.417970,cycling_2
1769336756.816902,-0.682007,0.103394,-0.769775,-11.413578,8.850098,6.164553,cycling_2
1769336756.8220708,-0.615601,0.072388,-0.764893,-8.178711,5.432129,0.732422,cycling_2
1769336756.8536065,-0.696167,0.171631,-0.761719,-1.037598,6.591799,0.854492,cycling_2
1769336756.8654475,-0.552979,-0.063354,-0.701904,2.380371,-3.845216,-2.502441,cycling_2
1769336756.894711,-0.590698,-0.077637,-0.761841,6.835939,-0.122070,9.948730,cycling_2
1769336756.928459,-0.645264,0.194214,-0.742065,9.643555,1.342773,12.512211,cycling_2
1769336756.9331405,-0.640747,0.036743,-0.752686,14.404301,-10.742188,-8.178711,cycling_2
1769336756.9331405,-0.622803,-0.139771,-0.722412,8.117676,-3.479005,6.469728,cycling_2
1769336756.9355073,-0.765747,0.009644,-0.816040,0.976563,0.732422,8.056641,cycling_2
1769336756.936559,-0.733032,-0.144531,-0.858521,0.427246,-8.605957,-0.549316,cycling_2
1769336756.9455051,-0.644653,-0.116089,-0.669189,-1.953125,-2.746582,13.610844,cycling_2
1769336756.9676094,-0.826050,0.060059,-0.804199,-2.136230,-1.953125,5.004883,cycling_2
1769336756.9860282,-0.729126,-0.092896,-0.738403,-2.319336,-8.728027,-0.244141,cycling_2
1769336757.0047672,-0.775635,-0.284668,-0.752197,-3.662110,-8.666992,-1.281738,cycling_2
1769336757.027841,-0.751587,-0.142212,-0.757324,-7.019045,5.920412,7.324221,cycling_2
1769336757.0426877,-0.663574,-0.122681,-0.759155,-9.155273,1.159668,0.671387,cycling_2
1769336757.0701778,-0.748291,-0.035278,-0.747925,-9.216309,4.516602,5.249023,cycling_2
1769336757.0891771,-0.748779,-0.095825,-0.727417,-9.521484,-1.708985,-14.709476,cycling_2
1769336757.1091957,-0.735596,-0.054932,-0.675659,-18.432617,7.507326,-3.295899,cycling_2
1769336757.1246498,-0.736206,0.088379,-0.729736,-20.629883,16.540527,-12.939457,cycling_2
1769336757.1450458,-0.605713,-0.121460,-0.639160,-14.038090,2.075195,-18.676758,cycling_2
1769336757.1676364,-0.757202,0.026733,-0.674072,-10.131836,10.131836,-8.361816,cycling_2
1769336757.1878028,-0.692261,0.046021,-0.830933,-12.756351,11.901859,-12.878422,cycling_2
1769336757.2079604,-0.597412,-0.162354,-0.672729,-8.666992,3.662110,-5.798342,cycling_2
1769336757.2282083,-0.722046,0.069458,-0.754272,-13.244633,13.305668,-1.708985,cycling_2
1769336757.2481625,-0.641113,-0.125122,-0.720459,-14.709476,2.502441,-10.070801,cycling_2
1769336757.268817,-0.750610,0.189697,-0.670044,-24.414070,21.850586,-1.953125,cycling_2
1769336757.288677,-0.548584,0.174316,-0.769287,-19.226074,13.366703,-15.075687,cycling_2
1769336757.3080766,-0.494019,0.057373,-0.596313,-14.770512,1.831055,-10.070801,cycling_2
1769336757.3271935,-0.552734,-0.070923,-0.597412,-16.296387,-2.197266,-12.329105,cycling_2
1769336757.349029,-0.717407,0.168335,-0.622559,-18.188477,12.146000,0.549316,cycling_2
1769336757.3667722,-0.622681,0.518066,-0.783691,-12.634281,14.465336,-15.075687,cycling_2
1769336757.3878403,-0.553955,0.156250,-0.745972,2.807618,-7.019045,-27.771004,cycling_2
1769336757.4088788,-0.621704,0.099609,-0.814087,0.061035,-2.014160,-23.681648,cycling_2
1769336757.4285934,-0.550049,0.133057,-0.787354,0.000000,-6.103518,-16.418457,cycling_2
1769336757.449291,-0.630981,0.068237,-0.861938,0.427246,-4.882813,-11.474613,cycling_2
1769336757.4648373,-0.677246,0.276123,-0.886719,-1.647950,-1.037598,-10.375977,cycling_2
1769336757.487802,-0.500488,0.072021,-0.813110,2.319336,-17.028809,-16.235352,cycling_2
1769336757.5069008,-0.609131,-0.100342,-0.786987,-0.366211,-17.089844,-3.845216,cycling_2
1769336757.5290334,-0.588745,0.112061,-0.755371,-4.028320,-9.216309,0.061035,cycling_2
1769336757.5447266,-0.600586,0.155640,-0.740723,-0.122070,-12.207035,1.647950,cycling_2
1769336757.5919507,-0.710205,0.210815,-0.794556,4.760742,-10.314941,-6.103518,cycling_2
1769336757.6095593,-0.539551,-0.024658,-0.729370,9.460449,-20.141602,-11.535648,cycling_2
1769336757.6120112,-0.571289,-0.125122,-0.727417,8.789063,-17.761230,3.295899,cycling_2
1769336757.6256802,-0.748169,0.066406,-0.757446,4.577637,-8.056641,4.516602,cycling_2
1769336757.6471,-0.449829,-0.412598,-0.584106,0.610352,-22.155769,0.610352,cycling_2
1769336757.6687891,-0.775146,0.032593,-0.864624,-3.173829,0.915528,19.958496,cycling_2
1769336757.6871612,-0.884766,0.346313,-0.903076,6.896975,0.000000,-7.080080,cycling_2
1769336757.7069087,-0.702271,0.148438,-0.749512,10.437012,-11.840824,-14.343266,cycling_2
1769336757.7317722,-0.799927,-0.131836,-0.766602,10.314941,-13.183598,-16.052246,cycling_2
1769336757.8117177,-0.808472,-0.109253,-0.864380,6.835939,-0.671387,-7.812502,cycling_2
1769336757.8319478,-0.635010,-0.260986,-0.771118,3.662110,-14.770512,-8.422852,cycling_2
1769336757.856051,-0.742554,-0.230469,-0.825928,-5.615236,-0.732422,18.737793,cycling_2
1769336757.8749049,-0.771484,0.188965,-0.703613,-9.033203,7.141115,6.835939,cycling_2
1769336757.891002,-0.682129,0.181152,-0.786743,-3.112794,0.244141,0.671387,cycling_2
1769336757.891002,-0.610229,0.138672,-0.739990,-0.793457,-5.249023,-8.850098,cycling_2
1769336757.8920233,-0.536377,-0.139282,-0.735474,4.943848,-10.192871,-6.042482,cycling_2
1769336757.8920233,-0.634521,0.024048,-0.655273,2.441406,-3.662110,4.516602,cycling_2
1769336757.9038494,-0.556030,-0.182983,-0.675415,7.141115,-2.624512,7.202150,cycling_2
1769336757.925991,-0.749268,0.275757,-0.788208,10.498047,-0.915528,7.446291,cycling_2
1769336757.9445765,-0.713501,0.014038,-0.858154,16.052246,-7.202150,-8.178711,cycling_2
1769336757.9645877,-0.835083,0.351074,-0.723267,8.056641,3.295899,-0.488281,cycling_2
1769336757.9857643,-0.629272,-0.323486,-0.724121,11.291508,-18.981934,-20.812988,cycling_2
1769336758.0059896,-0.661743,-0.334839,-0.717651,-4.699707,-0.183106,7.568361,cycling_2
1769336758.0269797,-0.688354,-0.151001,-0.761719,-6.286623,3.051759,11.535648,cycling_2
1769336758.0484896,-0.709961,0.426392,-0.715698,-0.122070,10.375977,12.634281,cycling_2
1769336758.0685227,-0.683350,0.142944,-0.685547,4.211426,-9.887695,0.793457,cycling_2
1769336758.0885062,-0.732422,0.031982,-0.705811,7.507326,-2.502441,3.234864,cycling_2
1769336758.1020362,-0.706055,0.006104,-0.761108,7.507326,-8.544922,-1.831055,cycling_2
1769336758.1275666,-0.579468,-0.011841,-0.694336,4.089355,-3.723145,7.690432,cycling_2
1769336758.1454303,-0.828979,0.273560,-0.802246,7.507326,1.159668,0.976563,cycling_2
1769336758.1686869,-0.537354,0.034546,-0.660034,8.056641,-6.896975,1.708985,cycling_2
1769336758.18769,-0.791138,0.036133,-0.806519,8.056641,-8.911133,-3.112794,cycling_2
1769336758.2072067,-0.565308,-0.163818,-0.725830,7.995607,-9.643555,-0.244141,cycling_2
1769336758.2272205,-0.713501,-0.010010,-0.741821,8.728027,-4.150391,7.873537,cycling_2
1769336758.247839,-0.716064,-0.032837,-0.691284,4.455566,1.708985,3.417970,cycling_2
1769336758.2668755,-0.653076,-0.118652,-0.729370,5.859377,-2.746582,5.615236,cycling_2
1769336758.2874186,-0.635254,0.058228,-0.662842,3.662110,4.333496,13.549809,cycling_2
1769336758.3058553,-0.716431,-0.364380,-0.822021,12.207035,-7.629396,-3.723145,cycling_2
1769336758.32705,-0.899902,0.266846,-0.779907,13.305668,18.981934,4.760742,cycling_2
1769336758.3462038,-0.567505,0.131226,-0.665527,15.869144,-4.211426,-13.305668,cycling_2
1769336758.3677177,-0.830200,0.092896,-0.740112,19.042969,-1.037598,-1.037598,cycling_2
1769336758.3883343,-0.757568,-0.211548,-0.746460,16.235352,-10.742188,-12.023930,cycling_2
1769336758.4029884,-0.628418,-0.037598,-0.680054,11.169437,1.464844,23.376472,cycling_2
1769336758.4264796,-0.827881,-0.070190,-0.801758,14.587406,-4.272461,7.568361,cycling_2
1769336758.4489155,-0.762085,0.205444,-0.708618,11.230473,1.098633,20.996094,cycling_2
1769336758.467238,-0.747803,0.131470,-0.695190,3.356935,-5.798342,-8.117676,cycling_2
1769336758.4857047,-0.442505,0.014038,-0.558472,7.080080,-8.117676,-9.460449,cycling_2
1769336758.506602,-0.680054,-0.036987,-0.723633,5.798342,-3.540040,-12.817387,cycling_2
1769336758.5329611,-0.684692,0.070190,-0.700439,6.225588,5.737307,-10.498047,cycling_2
1769336758.5518682,-0.531860,-0.230347,-0.791748,10.131836,-9.643555,-6.530764,cycling_2
1769336758.5699506,-0.818970,-0.126709,-0.692139,10.681152,1.464844,9.704590,cycling_2
1769336758.5921068,-0.609619,-0.355591,-0.767700,5.981447,-14.709476,1.647950,cycling_2
1769336758.6122003,-0.869385,0.067383,-0.669189,5.737307,6.896975,13.671879,cycling_2
1769336758.6288354,-0.768677,0.070557,-0.769287,0.976563,-0.610352,-7.934572,cycling_2
1769336758.6464214,-0.662476,-0.328369,-0.756836,5.737307,-14.404301,-6.103518,cycling_2
1769336758.6677818,-0.847778,0.023315,-0.801025,2.075195,3.234864,12.634281,cycling_2
1769336758.687033,-0.702271,-0.489380,-0.778687,3.173829,-18.127441,-6.225588,cycling_2
1769336758.7079577,-0.987427,0.076416,-0.710815,1.342773,15.747074,7.080080,cycling_2
1769336758.735452,-0.719971,-0.092163,-0.684814,-9.216309,3.845216,-15.441898,cycling_2
1769336758.7632363,-0.737061,-0.306030,-0.687622,-0.915528,0.671387,-6.103518,cycling_2
1769336758.7632363,-0.769531,-0.122070,-0.619751,-10.864258,12.817387,-4.455566,cycling_2
1769336758.787097,-0.560059,-0.332153,-0.690308,-12.268070,3.601075,-3.479005,cycling_2
1769336758.8036199,-0.731445,-0.082031,-0.563354,-8.544922,15.197758,19.592285,cycling_2
1769336758.8563297,-0.696655,0.317261,-0.713745,-14.160160,17.517090,-11.718754,cycling_2
1769336758.8563297,-0.633179,0.192871,-0.661621,-7.812502,5.126953,-9.033203,cycling_2
1769336758.862342,-0.628906,-0.077393,-0.703613,-6.774904,-6.286623,-19.165039,cycling_2
1769336758.8824296,-0.660034,-0.081177,-0.717285,-6.103518,5.126953,-0.610352,cycling_2
1769336758.9067876,-0.647583,-0.019653,-0.621582,-17.333984,3.112794,-0.061035,cycling_2
1769336758.939181,-0.417847,-0.374390,-0.620483,-17.211914,-4.943848,4.211426,cycling_2
1769336758.9604228,-0.835938,-0.028442,-0.741211,-12.390141,10.986328,21.972656,cycling_2
1769336758.9719281,-0.659424,0.124146,-0.728271,-13.977055,8.666992,-6.408693,cycling_2
1769336758.9857688,-0.671753,0.019531,-0.769043,-3.601075,1.098633,-8.178711,cycling_2
1769336759.0054405,-0.776978,0.273682,-0.731079,-3.906251,9.277344,-6.286623,cycling_2
1769336759.028058,-0.747559,-0.019409,-0.800537,3.967286,-4.516602,-23.498543,cycling_2
1769336759.0485697,-0.617065,-0.261841,-0.609497,0.671387,-9.277344,-11.901859,cycling_2
1769336759.0691712,-0.745483,-0.027832,-0.744019,-2.380371,2.807618,10.498047,cycling_2
1769336759.0907164,-0.665283,-0.226807,-0.710693,-9.399414,3.601075,8.789063,cycling_2
1769336759.1098628,-0.699097,0.074219,-0.713501,-13.122562,6.774904,9.521484,cycling_2
1769336759.1290648,-0.627197,-0.063721,-0.727051,-15.075687,1.770020,-9.460449,cycling_2
1769336759.1486537,-0.640015,0.220703,-0.687256,-9.704590,12.451176,8.972168,cycling_2
1769336759.1657798,-0.701294,0.148560,-0.778931,-2.319336,8.422852,-6.164553,cycling_2
1769336759.18763,-0.745361,0.208496,-0.749756,1.342773,7.995607,-7.141115,cycling_2
1769336759.208073,-0.540649,-0.041748,-0.672485,7.812502,-8.056641,-4.211426,cycling_2
1769336759.2278843,-0.756470,0.011841,-0.780762,4.516602,-4.516602,-0.427246,cycling_2
1769336759.25024,-0.614502,0.047363,-0.691772,-0.488281,-1.647950,3.479005,cycling_2
1769336759.269628,-0.606323,-0.075073,-0.786743,-1.953125,-9.155273,-2.319336,cycling_2
1769336759.2870913,-0.592773,-0.124512,-0.745850,-3.540040,-2.258301,9.094238,cycling_2
1769336759.3085873,-0.743896,0.191284,-0.778809,1.037598,-2.380371,4.333496,cycling_2
1769336759.3289087,-0.526855,-0.082397,-0.703491,2.746582,-10.925293,-3.906251,cycling_2
1769336759.347666,-0.670410,0.054199,-0.750366,6.469728,-3.173829,9.216309,cycling_2
1769336759.3688848,-0.691040,-0.224487,-0.777588,9.521484,-12.268070,-0.976563,cycling_2
1769336759.388759,-0.702515,0.197021,-0.691284,10.864258,-1.159668,26.062019,cycling_2
1769336759.4085126,-0.810425,0.086060,-0.779297,7.995607,-10.437012,-0.976563,cycling_2
1769336759.4284627,-0.734009,-0.146851,-0.757202,8.666992,-4.455566,5.126953,cycling_2
1769336759.444421,-0.770752,-0.113770,-0.787842,-0.549316,-6.774904,9.033203,cycling_2
1769336759.470894,-0.676514,-0.279907,-0.717529,-6.774904,-4.211426,9.704590,cycling_2
1769336759.4871976,-0.741089,-0.160034,-0.733643,-10.681152,3.784181,10.192871,cycling_2
1769336759.5063343,-0.603027,-0.158447,-0.679077,-6.774904,4.394531,10.437012,cycling_2
1769336759.5268674,-0.722900,0.231201,-0.691772,-3.234864,7.690432,15.869144,cycling_2
1769336759.548171,-0.715210,0.051636,-0.734375,1.525879,0.854492,0.183106,cycling_2
1769336759.562232,-0.706055,0.045410,-0.697632,5.004883,0.915528,5.310059,cycling_2
1769336759.5894935,-0.750977,-0.078857,-0.779419,1.647950,-5.126953,-1.098633,cycling_2
1769336759.6089864,-0.669067,-0.331421,-0.724365,0.427246,1.708985,1.525879,cycling_2
1769336759.630522,-0.812866,0.001343,-0.859009,-1.281738,5.737307,-7.873537,cycling_2
1769336759.6474967,-0.612671,0.055908,-0.667480,-6.591799,15.930180,11.840824,cycling_2
1769336759.7118795,-0.810913,0.111084,-0.810425,-0.976563,4.882813,-1.708985,cycling_2
1769336759.7118795,-0.539551,-0.274414,-0.628540,-6.530764,-3.845216,2.197266,cycling_2
1769336759.7318554,-0.643555,-0.110474,-0.713379,-10.437012,12.268070,31.250008,cycling_2
1769336759.7916253,-0.775757,0.352905,-0.729980,-8.728027,17.883301,12.329105,cycling_2
1769336759.8266816,-0.625366,0.115112,-0.744629,2.136230,0.061035,-3.112794,cycling_2
1769336759.8266816,-0.611572,0.003662,-0.741821,1.037598,1.586915,-2.868653,cycling_2
1769336759.8278837,-0.677734,0.118774,-0.780762,1.281738,4.943848,3.051759,cycling_2
1769336759.8278837,-0.661255,-0.024902,-0.751099,3.112794,-1.892090,-4.272461,cycling_2
1769336759.8278837,-0.626831,-0.005249,-0.667236,2.136230,6.469728,10.131836,cycling_2
1769336759.8468819,-0.722412,0.245972,-0.790771,4.699707,2.990724,3.601075,cycling_2
1769336759.866686,-0.729004,0.204102,-0.843628,10.253906,-1.953125,-3.601075,cycling_2
1769336759.8916893,-0.626831,-0.126587,-0.728638,5.249023,-12.146000,-7.690432,cycling_2
1769336759.9086947,-0.781250,-0.106079,-0.820557,-2.624512,0.610352,3.967286,cycling_2
1769336759.9286864,-0.644409,-0.157715,-0.730835,-10.864258,-2.441406,2.136230,cycling_2
1769336759.9489014,-0.685791,-0.133423,-0.699219,-10.925293,0.427246,13.916019,cycling_2
1769336759.9682364,-0.800171,0.207764,-0.728394,-10.742188,6.164553,3.479005,cycling_2
1769336759.9853504,-0.657227,-0.051025,-0.729126,-4.028320,-4.455566,-6.591799,cycling_2
1769336760.0095007,-0.710693,-0.004150,-0.687622,-0.671387,1.098633,4.699707,cycling_2
1769336760.0290017,-0.671753,-0.040527,-0.721924,-0.122070,2.929688,-1.037598,cycling_2
1769336760.0487156,-0.774902,0.117554,-0.743164,5.004883,7.629396,-0.976563,cycling_2
1769336760.0662935,-0.795776,0.127686,-0.854370,0.854492,6.958010,-20.141602,cycling_2
1769336760.0885756,-0.632202,-0.002319,-0.697632,-4.394531,5.432129,-6.347658,cycling_2
1769336760.24595,-0.809692,-0.029663,-0.846924,-6.713869,7.690432,-9.033203,cycling_2
1769336760.2480419,-0.742676,0.045898,-0.772705,-13.610844,14.099125,-6.347658,cycling_2
1769336760.2480419,-0.666626,-0.111328,-0.725342,-13.854984,5.493164,-11.352543,cycling_2
1769336760.2480419,-0.663330,-0.025391,-0.699707,-11.047363,9.826660,-2.014160,cycling_2
1769336760.2480419,-0.659668,0.099487,-0.721558,-11.474613,16.845703,-8.666992,cycling_2
1769336760.2493477,-0.570923,0.110474,-0.708740,-5.493164,9.521484,-11.901859,cycling_2
1769336760.2493477,-0.525391,0.149048,-0.690308,-0.793457,5.371094,-6.225588,cycling_2
1769336760.2501748,-0.653198,0.180664,-0.759277,3.967286,4.211426,-9.399414,cycling_2
1769336760.2689724,-0.677856,0.135376,-0.762451,6.347658,-3.356935,-20.690918,cycling_2
1769336760.441785,-0.619995,0.045044,-0.741089,3.234864,-7.141115,-8.422852,cycling_2
1769336760.4518678,-0.771484,-0.153931,-0.840332,-1.770020,-8.666992,-12.573246,cycling_2
1769336760.4518678,-0.706177,-0.152832,-0.783203,-2.319336,-3.051759,-2.441406,cycling_2
1769336760.4518678,-0.733032,-0.056885,-0.779907,-8.972168,5.920412,-5.981447,cycling_2
1769336760.4518678,-0.604004,-0.176147,-0.757813,-12.084965,5.737307,-7.934572,cycling_2
1769336760.4518678,-0.785278,0.282349,-0.751831,1.342773,13.366703,1.647950,cycling_2
1769336760.4518678,-0.481323,-0.028320,-0.653564,-5.310059,-0.976563,-17.578125,cycling_2
1769336760.4536228,-0.660156,0.116821,-0.707642,4.638672,-6.408693,-3.723145,cycling_2
1769336760.4536228,-0.695435,-0.051147,-0.742554,-3.234864,-5.493164,-15.869144,cycling_2
1769336760.46189,-0.580811,-0.077026,-0.717529,-5.187988,0.793457,-7.202150,cycling_2
1769336760.48978,-0.584473,0.089233,-0.735840,-7.507326,4.028320,-3.051759,cycling_2
1769336760.5217125,-0.515015,0.079834,-0.687988,-12.268070,2.929688,-7.019045,cycling_2
1769336760.5282934,-0.518799,-0.131714,-0.710083,-10.986328,-5.065918,-7.507326,cycling_2
1769336760.5473354,-0.681763,0.325806,-0.764526,-0.854492,1.525879,-0.915528,cycling_2
1769336760.6301463,-0.413452,0.112915,-0.758789,-4.638672,-7.690432,-6.835939,cycling_2
1769336760.6318145,-0.709473,0.199097,-0.837646,11.352543,-14.526371,-0.488281,cycling_2
1769336760.6318145,-0.597900,0.063477,-0.745117,-2.441406,-12.268070,-13.244633,cycling_2
1769336760.6523497,-0.690552,-0.131714,-0.848999,-1.831055,-9.460449,-6.164553,cycling_2
1769336760.723477,-0.821533,0.110718,-0.805664,-0.427246,-0.976563,-0.610352,cycling_2
1769336760.742066,-0.621460,-0.044922,-0.775146,-4.821777,-6.591799,-4.211426,cycling_2
1769336760.7595985,-0.770874,-0.013062,-0.781128,3.356935,-6.042482,1.953125,cycling_2
1769336760.7786555,-0.544800,-0.196899,-0.670410,-6.591799,-7.202150,-1.220703,cycling_2
1769336760.8118582,-0.553101,-0.352295,-0.751587,-0.732422,-9.216309,14.526371,cycling_2
1769336760.8118582,-0.876831,0.416260,-0.819824,13.488773,5.981447,24.780281,cycling_2
1769336760.8118582,-0.512451,0.328491,-0.744507,-6.530764,5.676271,-2.563477,cycling_2
1769336760.8118582,-0.625366,0.094971,-0.796753,8.117676,-15.991215,-7.751467,cycling_2
1769336760.8270464,-0.684570,-0.020508,-0.769775,-2.746582,-3.051759,-9.338379,cycling_2
1769336760.8278842,-0.693115,-0.105347,-0.737915,-3.417970,-2.197266,-6.591799,cycling_2
1769336760.8463418,-0.645874,-0.260742,-0.720581,-6.835939,-2.258301,-2.502441,cycling_2
1769336760.8671196,-0.872314,-0.082275,-0.802124,1.708985,0.915528,0.671387,cycling_2
1769336760.8889134,-0.745361,0.177246,-0.700073,-0.183106,6.286623,-5.493164,cycling_2
1769336760.908483,-0.463745,-0.006958,-0.707764,-2.441406,-2.685547,-8.728027,cycling_2
1769336760.9288306,-0.722778,-0.067627,-0.844849,8.178711,-9.094238,-7.568361,cycling_2
1769336760.9498844,-0.702881,0.065308,-0.853271,5.004883,-0.915528,-3.906251,cycling_2
1769336760.966085,-0.693115,0.206543,-0.782227,5.371094,-2.136230,-6.408693,cycling_2
1769336760.985622,-0.499146,-0.080322,-0.743530,-2.563477,-5.371094,-8.300781,cycling_2
1769336761.0059063,-0.748291,-0.136841,-0.906860,3.540040,-2.136230,-8.056641,cycling_2
1769336761.0308707,-0.604492,-0.136597,-0.578247,-4.821777,-3.723145,1.403809,cycling_2
1769336761.046828,-0.804932,-0.171753,-0.785767,-0.549316,7.019045,-2.075195,cycling_2
1769336761.0688481,-0.586792,0.256592,-0.670532,7.263186,-1.892090,5.676271,cycling_2
1769336761.0883992,-0.672241,0.159180,-0.853760,13.916019,-3.356935,-4.455566,cycling_2
1769336761.1121187,-0.604004,0.140381,-0.653198,11.535648,-12.084965,-5.920412,cycling_2
1769336761.127611,-0.623779,-0.190796,-0.790283,5.187988,-7.019045,-10.009766,cycling_2
1769336761.1452332,-0.798340,0.023926,-0.795410,5.920412,-2.014160,-2.380371,cycling_2
1769336761.1673565,-0.607422,0.187012,-0.667969,-0.610352,0.000000,0.183106,cycling_2
1769336761.1879327,-0.535278,-0.108521,-0.717407,-6.774904,-3.723145,-8.178711,cycling_2
1769336761.207162,-0.497803,-0.314575,-0.595093,-5.920412,-5.676271,8.056641,cycling_2
1769336761.229342,-0.749390,-0.365601,-0.884399,-0.915528,1.098633,15.380863,cycling_2
1769336761.2480154,-0.944214,0.300293,-0.744263,14.099125,9.582520,18.188477,cycling_2
1769336761.2692418,-0.474609,0.331421,-0.555298,1.403809,5.432129,8.544922,cycling_2
1769336761.289429,-0.587891,0.004761,-0.728760,5.310059,-13.061527,-7.324221,cycling_2
1769336761.305305,-0.781128,0.169189,-0.778442,13.854984,-10.437012,0.732422,cycling_2
1769336761.3248935,-0.613770,-0.080444,-0.722778,1.647950,-14.160160,-3.234864,cycling_2
1769336761.345466,-0.745483,-0.132813,-0.832397,3.417970,-5.920412,3.417970,cycling_2
1769336761.366843,-0.724854,0.130859,-0.714355,0.000000,-1.770020,7.446291,cycling_2
1769336761.3874588,-0.596191,-0.221436,-0.731201,-9.216309,-6.164553,-8.300781,cycling_2
1769336761.4089622,-0.802246,-0.048096,-0.739746,2.197266,1.647950,-4.089355,cycling_2
1769336761.4293861,-0.638184,0.081665,-0.692749,-2.319336,6.347658,-3.295899,cycling_2
1769336761.448766,-0.678711,0.204834,-0.667725,11.047363,-2.441406,-6.164553,cycling_2
1769336761.467552,-0.581787,0.050415,-0.705933,17.578125,-19.042969,-8.422852,cycling_2
1769336761.4903347,-0.724365,-0.217651,-0.840820,20.080566,-21.057129,-6.408693,cycling_2
1769336761.507986,-0.832520,-0.189941,-0.873413,21.423340,-18.615723,4.394531,cycling_2
1769336761.5266201,-0.878052,-0.003296,-0.825928,15.441898,-11.840824,6.042482,cycling_2
1769336761.6134472,-0.742188,-0.098633,-0.720459,0.549316,-9.216309,-6.835939,cycling_2
1769336761.6385121,-0.742188,-0.221558,-0.784302,-3.845216,-2.990724,-8.300781,cycling_2
1769336761.662401,-0.700073,-0.081177,-0.726929,-7.751467,1.037598,-2.807618,cycling_2
1769336761.678895,-0.702881,-0.270874,-0.715820,-2.746582,0.000000,-3.479005,cycling_2
1769336761.678895,-0.822510,0.008179,-0.661743,5.920412,5.737307,4.638672,cycling_2
1769336761.6852944,-0.702148,0.105225,-0.639771,3.417970,5.554201,4.028320,cycling_2
1769336761.688985,-0.663818,0.031372,-0.670898,7.751467,-3.234864,-3.417970,cycling_2
1769336761.688985,-0.668091,-0.097656,-0.703735,8.911133,-7.141115,-4.089355,cycling_2
1769336761.7086637,-0.731934,-0.112427,-0.723755,8.056641,-5.432129,-2.746582,cycling_2
1769336761.7286923,-0.646362,-0.130737,-0.711426,1.220703,-2.868653,1.403809,cycling_2
1769336761.7493198,-0.756714,-0.058838,-0.694214,2.319336,-6.164553,-3.540040,cycling_2
1769336761.7651966,-0.719727,0.076538,-0.622437,-0.549316,-5.310059,-0.854492,cycling_2
1769336761.7876081,-0.628418,-0.060425,-0.704834,-2.990724,-3.234864,-5.981447,cycling_2
1769336761.804769,-0.710815,0.093018,-0.772949,7.873537,-2.136230,3.906251,cycling_2
1769336761.8270407,-0.759155,0.301636,-0.639404,6.896975,-7.446291,3.967286,cycling_2
1769336761.847807,-0.664307,-0.075439,-0.779907,2.441406,-12.023930,-14.709476,cycling_2
1769336761.86815,-0.706543,0.158936,-0.701416,9.704590,-15.319828,6.225588,cycling_2
1769336761.8875895,-0.624878,-0.275391,-0.726563,-1.525879,-19.531250,-14.343266,cycling_2
1769336761.9022713,-0.602539,-0.302612,-0.658569,0.793457,-9.704590,2.990724,cycling_2
1769336761.929292,-0.786011,0.051025,-0.697021,2.014160,-4.272461,8.789063,cycling_2
1769336761.9524138,-0.729736,0.032104,-0.656006,-2.746582,-1.647950,-7.080080,cycling_2
1769336761.969142,-0.625854,-0.154419,-0.667725,4.638672,-7.873537,-11.474613,cycling_2
1769336761.9847405,-0.783936,-0.110229,-0.730713,14.343266,-7.385256,-3.173829,cycling_2
1769336762.0069556,-0.812622,-0.008911,-0.698975,18.371582,-1.403809,1.464844,cycling_2
1769336762.0320191,-0.783447,-0.000610,-0.634888,18.005371,-8.666992,-4.394531,cycling_2
1769336762.048725,-0.792358,-0.119141,-0.699585,14.160160,-7.751467,-4.699707,cycling_2
1769336762.0682247,-0.813110,-0.292847,-0.678955,7.629396,-12.146000,-10.375977,cycling_2
1769336762.0829818,-0.679688,-0.322510,-0.712646,2.319336,-3.601075,6.469728,cycling_2
1769336762.1087394,-0.778809,-0.156250,-0.727783,-2.624512,-2.075195,13.732914,cycling_2
1769336762.1279306,-0.835449,-0.120117,-0.713989,-7.507326,5.126953,6.835939,cycling_2
1769336762.144667,-0.657837,-0.126709,-0.638794,-10.620117,0.854492,4.516602,cycling_2
1769336762.1687784,-0.650513,-0.180664,-0.677612,-7.934572,1.586915,6.958010,cycling_2
1769336762.1879346,-0.740601,-0.053345,-0.687622,-5.981447,4.333496,11.108402,cycling_2
1769336762.208983,-0.771973,0.036621,-0.659058,-6.958010,5.554201,13.427738,cycling_2
1769336762.2309186,-0.776245,-0.051636,-0.748535,-5.249023,5.004883,5.126953,cycling_2
1769336762.2487657,-0.696411,-0.056274,-0.559204,-7.324221,-1.647950,9.582520,cycling_2
1769336762.2686474,-0.755493,-0.294678,-0.711792,-12.268070,-1.770020,1.464844,cycling_2
1769336762.283763,-0.713379,-0.217773,-0.667847,-14.160160,7.385256,13.183598,cycling_2
1769336762.3102052,-0.756470,-0.131470,-0.737671,-14.953617,10.314941,15.136723,cycling_2
1769336762.3245673,-0.756714,0.054932,-0.659424,-14.160160,14.038090,11.535648,cycling_2
1769336762.3585305,-0.652344,0.011597,-0.669556,-13.793949,6.652834,4.821777,cycling_2
1769336762.3687298,-0.788452,0.019653,-0.745117,-5.310059,9.765625,12.573246,cycling_2
1769336762.3890748,-0.810913,-0.044434,-0.746216,-4.272461,8.728027,2.197266,cycling_2
1769336762.4085667,-0.706421,0.078857,-0.648560,-4.333496,9.765625,10.253906,cycling_2
1769336762.4288836,-0.791260,0.135986,-0.673340,-4.028320,7.995607,5.554201,cycling_2
1769336762.4465213,-0.767090,-0.059937,-0.621216,-12.084965,-1.159668,-8.789063,cycling_2
1769336762.471975,-0.673096,-0.153687,-0.681763,-14.343266,6.652834,4.760742,cycling_2
1769336762.4958174,-0.766602,-0.059937,-0.760986,-14.648441,11.596684,10.742188,cycling_2
1769336762.5138323,-0.625000,0.083740,-0.725098,-13.061527,12.634281,6.652834,cycling_2
1769336762.5313582,-0.603271,0.063843,-0.704834,-9.277344,6.103518,6.469728,cycling_2
1769336762.5474048,-0.805664,0.191284,-0.682495,-5.615236,7.141115,3.723145,cycling_2
1769336762.5685387,-0.610229,-0.028687,-0.658813,-9.887695,0.915528,-7.141115,cycling_2
1769336762.5888343,-0.691528,0.111938,-0.749268,1.220703,7.995607,8.911133,cycling_2
1769336762.61106,-0.740479,0.093628,-0.735962,-2.441406,2.258301,-3.417970,cycling_2
1769336762.638009,-0.597046,0.020996,-0.621948,-2.929688,3.723145,15.991215,cycling_2
1769336762.6476457,-0.779541,-0.097046,-0.709473,-3.906251,-1.953125,2.502441,cycling_2
1769336762.665169,-0.585693,0.042725,-0.688721,-5.859377,9.643555,13.366703,cycling_2
1769336762.6887336,-0.723389,0.161377,-0.818604,1.464844,4.455566,7.629396,cycling_2
1769336762.706945,-0.622070,0.197998,-0.706909,0.488281,4.089355,5.187988,cycling_2
1769336762.730143,-0.673584,0.099609,-0.808228,7.507326,-1.464844,3.662110,cycling_2
1769336762.7431288,-0.842407,0.159790,-0.789063,5.737307,0.305176,0.549316,cycling_2
1769336762.7687838,-0.652588,-0.002197,-0.721191,1.892090,2.075195,5.371094,cycling_2
1769336762.7893007,-0.831909,0.130981,-0.732178,1.464844,0.488281,6.225588,cycling_2
1769336762.8108773,-0.779053,-0.111206,-0.696533,-9.948730,-2.563477,-6.713869,cycling_2
1769336762.8287961,-0.708618,-0.056030,-0.699829,-9.643555,6.896975,10.253906,cycling_2
1769336762.8521416,-0.730591,0.064331,-0.747437,-7.751467,8.178711,7.263186,cycling_2
1769336762.8689713,-0.681152,0.090698,-0.788940,-3.112794,4.760742,-2.380371,cycling_2
1769336762.8882163,-0.559814,0.099609,-0.646362,-0.793457,-0.854492,3.479005,cycling_2
1769336762.9110436,-0.741577,0.039795,-0.734375,4.455566,1.708985,1.770020,cycling_2
1769336762.9290295,-0.646484,0.179565,-0.659912,3.417970,3.540040,4.638672,cycling_2
1769336762.9505386,-0.673340,-0.104492,-0.752686,9.216309,-6.530764,-7.507326,cycling_2
1769336762.9689481,-0.727905,0.143799,-0.695801,10.070801,10.864258,8.361816,cycling_2
1769336762.9878776,-0.694092,0.378052,-0.673950,4.333496,9.582520,-2.136230,cycling_2
1769336763.0083816,-0.601318,-0.015015,-0.695068,4.638672,-11.169437,-17.272949,cycling_2
1769336763.0316708,-0.704102,-0.014648,-0.668091,2.441406,0.671387,5.126953,cycling_2
1769336763.0478928,-0.684448,0.059082,-0.756226,-0.671387,3.845216,4.760742,cycling_2
1769336763.0684075,-0.681030,0.104492,-0.741211,4.882813,0.366211,-1.525879,cycling_2
1769336763.0888283,-0.595337,-0.015625,-0.698486,2.014160,-7.019045,-0.976563,cycling_2
1769336763.109409,-0.645630,-0.113525,-0.695923,1.098633,-2.624512,5.310059,cycling_2
1769336763.1247032,-0.759277,0.077026,-0.815674,0.671387,2.868653,6.835939,cycling_2
1769336763.1444278,-0.679932,0.241821,-0.698486,0.244141,8.300781,5.249023,cycling_2
1769336763.1710372,-0.662109,-0.026001,-0.771484,2.563477,-3.601075,-5.981447,cycling_2
1769336763.1858845,-0.800171,0.085693,-0.759033,1.464844,3.051759,1.098633,cycling_2
1769336763.2094557,-0.745728,0.014282,-0.751221,-1.159668,3.356935,-2.014160,cycling_2
1769336763.2278802,-0.739868,0.117798,-0.800049,-0.427246,4.577637,3.295899,cycling_2
1769336763.250353,-0.811890,0.118164,-0.803955,-0.488281,4.150391,-3.845216,cycling_2
1769336763.26958,-0.698975,-0.153564,-0.712769,-3.784181,-1.159668,-1.708985,cycling_2
1769336763.2894588,-0.684448,-0.112305,-0.744263,-5.371094,10.986328,9.826660,cycling_2
1769336763.3113158,-0.571289,-0.125122,-0.718018,-7.690432,10.742188,8.605957,cycling_2
1769336763.323182,-0.608521,-0.054565,-0.685669,-4.211426,15.258793,13.244633,cycling_2
1769336763.3450086,-0.802002,0.262573,-0.695435,-0.427246,17.456055,5.920412,cycling_2
1769336763.3684561,-0.607544,0.008545,-0.637695,-1.770020,7.934572,-9.277344,cycling_2
1769336763.3872726,-0.673706,-0.164795,-0.738281,2.746582,11.352543,-0.305176,cycling_2
1769336763.4071534,-0.811646,0.189087,-0.781982,3.234864,21.423340,2.685547,cycling_2
1769336763.4292758,-0.588501,0.042114,-0.753296,5.920412,2.685547,-6.164553,cycling_2
1769336763.4455225,-0.836304,0.196167,-0.867065,6.469728,6.652834,-7.507326,cycling_2
1769336763.4676325,-0.639160,0.090210,-0.811523,-0.976563,9.216309,-14.099125,cycling_2
1769336763.4853225,-0.640869,-0.089966,-0.866333,-4.760742,9.155273,-11.657719,cycling_2
1769336763.5053725,-0.605103,-0.134521,-0.695679,-17.761230,9.826660,-5.554201,cycling_2
1769336763.5270615,-0.551025,-0.104248,-0.685059,-18.737793,15.014652,7.263186,cycling_2
1769336763.5478222,-0.692383,0.420166,-0.741455,-11.108402,10.131836,-5.493164,cycling_2
1769336763.5682487,-0.482666,-0.043091,-0.745972,-2.197266,-6.164553,-8.850098,cycling_2
1769336763.5917678,-0.578247,0.413940,-0.725464,5.920412,7.507326,11.840824,cycling_2
1769336763.608142,-0.574219,0.046021,-0.800903,6.591799,-15.014652,-18.615723,cycling_2
1769336763.629098,-0.553833,-0.228027,-0.697510,9.643555,-7.263186,-2.136230,cycling_2
1769336763.6502664,-0.746582,0.272583,-0.799072,10.803223,3.234864,7.995607,cycling_2
1769336763.6696148,-0.634644,0.170776,-0.797241,8.422852,-9.033203,-14.038090,cycling_2
1769336763.686771,-0.682007,-0.104614,-0.824219,10.742188,-16.296387,-0.610352,cycling_2
1769336763.7079284,-0.755371,0.030884,-0.857666,8.178711,-7.629396,3.906251,cycling_2
1769336763.7282019,-0.681519,-0.036621,-0.806519,6.469728,-17.700195,-6.713869,cycling_2
1769336763.7485979,-0.672119,-0.067505,-0.693481,0.000000,-7.812502,1.464844,cycling_2
1769336763.771767,-0.729858,0.006592,-0.764648,-3.906251,-0.305176,-2.258301,cycling_2
1769336763.7854357,-0.672852,-0.177856,-0.812988,-0.122070,-7.019045,-11.169437,cycling_2
1769336763.8091688,-0.655151,0.167114,-0.688354,-4.089355,6.652834,8.850098,cycling_2
1769336763.8288085,-0.558960,-0.127075,-0.688965,-2.441406,0.854492,-4.821777,cycling_2
1769336763.8482063,-0.740356,0.220459,-0.811035,5.676271,9.033203,5.432129,cycling_2
1769336763.8683445,-0.686035,0.087646,-0.786621,4.150391,-2.563477,-22.399910,cycling_2
1769336763.8907218,-0.553711,-0.023193,-0.715698,5.493164,-0.244141,-6.042482,cycling_2
1769336763.9078853,-0.705811,0.090332,-0.822388,7.019045,1.281738,-2.380371,cycling_2
1769336763.93063,-0.709473,-0.007935,-0.845459,5.920412,-3.601075,-10.620117,cycling_2
1769336763.9489355,-0.773682,0.145996,-0.811768,0.732422,-2.929688,-1.892090,cycling_2
1769336763.9691384,-0.647827,-0.038086,-0.783813,-5.493164,2.929688,-4.699707,cycling_2
1769336763.9857907,-0.558228,-0.005127,-0.807861,-6.103518,0.793457,4.333496,cycling_2
1769336764.0068862,-0.555176,-0.050659,-0.695190,-7.995607,1.770020,8.850098,cycling_2
1769336764.0279322,-0.651489,0.100586,-0.723267,-7.507326,4.211426,5.310059,cycling_2
1769336764.0466723,-0.615356,0.088745,-0.681396,-7.751467,4.272461,1.403809,cycling_2
1769336764.068427,-0.685425,0.237915,-0.683228,0.000000,3.173829,-2.258301,cycling_2
1769336764.0889328,-0.508301,-0.303467,-0.798462,7.080080,-11.169437,-9.521484,cycling_2
1769336764.1092882,-0.670044,0.094971,-0.750366,14.282230,-2.380371,13.183598,cycling_2
1769336764.127937,-0.824829,0.224854,-0.814087,12.939457,-8.483887,-6.713869,cycling_2
1769336764.144967,-0.584961,-0.126343,-0.668701,14.587406,-15.808109,-3.662110,cycling_2
1769336764.166588,-0.830811,0.035156,-0.870850,14.953617,-14.465336,3.967286,cycling_2
1769336764.187569,-0.808350,0.044800,-0.849121,5.065918,-7.812502,1.647950,cycling_2
1769336764.2087867,-0.633911,-0.222656,-0.755737,-4.882813,-8.361816,7.995607,cycling_2
1769336764.227831,-0.746826,-0.119385,-0.764038,-12.268070,-1.831055,8.728027,cycling_2
1769336764.2495077,-0.668579,0.003784,-0.752197,-15.502934,2.197266,6.225588,cycling_2
1769336764.2817805,-0.757813,0.145630,-0.753174,-14.343266,-1.708985,-4.516602,cycling_2
1769336764.297417,-0.586304,-0.210693,-0.626465,-11.169437,-8.728027,-9.643555,cycling_2
1769336764.3100607,-0.713135,-0.090332,-0.709473,-4.150391,-4.882813,5.859377,cycling_2
1769336764.3277733,-0.845093,0.019897,-0.727539,-2.502441,0.305176,4.394531,cycling_2
1769336764.345515,-0.721802,-0.223511,-0.685913,2.319336,1.342773,2.014160,cycling_2
1769336764.3677132,-0.765503,0.037964,-0.766602,-1.892090,9.826660,5.065918,cycling_2
1769336764.3874905,-0.638672,-0.061646,-0.740356,-10.925293,8.728027,-2.563477,cycling_2
1769336764.4087641,-0.641357,-0.226807,-0.769043,-13.000492,4.516602,-1.281738,cycling_2
1769336764.428405,-0.712646,0.126953,-0.721558,-22.460945,26.000984,13.488773,cycling_2
1769336764.4482968,-0.576416,0.216187,-0.728638,-25.756844,21.423340,-2.197266,cycling_2
1769336764.4652135,-0.667358,0.307739,-0.733887,-14.221195,18.432617,-2.136230,cycling_2
1769336764.4853349,-0.563843,0.395142,-0.692017,-10.437012,11.596684,-23.254402,cycling_2
1769336764.5104759,-0.415039,0.095215,-0.645508,1.525879,3.662110,-15.136723,cycling_2
1769336764.529105,-0.601196,0.252808,-0.676636,-0.976563,4.882813,-3.479005,cycling_2
1769336764.5498245,-0.500244,0.010742,-0.725098,-1.831055,-1.159668,-9.338379,cycling_2
1769336764.5689173,-0.674561,0.157471,-0.851318,3.112794,11.291508,6.469728,cycling_2
1769336764.590955,-0.656128,0.513550,-0.739624,4.699707,3.112794,-8.056641,cycling_2
1769336764.6107087,-0.534912,0.100708,-0.796143,6.286623,-13.244633,-15.747074,cycling_2
1769336764.6302936,-0.683350,0.257202,-0.759521,9.704590,-9.521484,-16.540527,cycling_2
1769336764.6448522,-0.734985,0.241699,-0.774414,9.094238,-9.460449,-24.292000,cycling_2
1769336764.6652896,-0.301636,-0.037354,-0.654785,7.324221,-13.366703,-11.291508,cycling_2
1769336764.6870203,-0.752441,-0.084351,-0.880737,10.620117,-15.075687,3.112794,cycling_2
1769336764.7063475,-0.811035,0.098633,-0.838501,2.258301,-3.356935,6.774904,cycling_2
1769336764.7283795,-0.662842,-0.059326,-0.771729,0.488281,-15.625004,-5.493164,cycling_2
1769336764.7503479,-0.792847,-0.156372,-0.840210,0.244141,-12.268070,-1.647950,cycling_2
1769336764.7698042,-0.712891,-0.253052,-0.834473,-1.831055,-19.165039,-10.009766,cycling_2
1769336764.7918875,-0.602051,-0.319824,-0.749878,5.554201,-19.653320,2.014160,cycling_2
1769336764.8106816,-0.830566,-0.067871,-0.776123,13.671879,-17.395020,3.845216,cycling_2
1769336764.8292422,-0.821411,-0.026123,-0.793335,13.427738,-12.390141,-2.014160,cycling_2
1769336764.8422341,-0.631470,-0.370239,-0.721680,17.333984,-22.705086,-4.516602,cycling_2
1769336764.8698916,-0.850220,-0.020020,-0.786255,9.155273,-2.868653,7.995607,cycling_2
1769336764.8874898,-0.717896,-0.212769,-0.731689,-4.455566,1.037598,-0.488281,cycling_2
1769336764.9087076,-0.798584,-0.164551,-0.755127,-0.610352,6.896975,3.356935,cycling_2
1769336764.929717,-0.696411,0.013916,-0.672607,-15.319828,8.422852,0.610352,cycling_2
1769336764.9472246,-0.627075,-0.175659,-0.661011,-14.770512,8.605957,0.244141,cycling_2
1769336764.9661407,-0.813843,0.075562,-0.739746,-7.873537,15.686039,5.432129,cycling_2
1769336764.9859579,-0.759521,0.169922,-0.704956,-12.939457,18.737793,-5.920412,cycling_2
1769336765.0089185,-0.554810,0.069824,-0.701904,-1.220703,5.554201,0.000000,cycling_2
1769336765.0282142,-0.796387,0.187256,-0.760864,2.563477,5.126953,-3.540040,cycling_2
1769336765.0468142,-0.630981,0.168457,-0.692017,-3.051759,2.136230,-9.887695,cycling_2
1769336765.0678945,-0.496094,-0.152466,-0.706299,-2.990724,-4.272461,-8.605957,cycling_2
1769336765.0889492,-0.640259,0.013916,-0.740967,-5.187988,1.647950,5.737307,cycling_2
1769336765.1086783,-0.693359,0.070679,-0.658569,-12.023930,0.122070,-4.028320,cycling_2
1769336765.1291742,-0.675171,-0.034424,-0.715210,-9.094238,0.061035,-0.427246,cycling_2
1769336765.150091,-0.710083,0.127197,-0.749634,-5.004883,-0.671387,-3.784181,cycling_2
1769336765.1682484,-0.605347,0.047485,-0.727417,-1.586915,-1.525879,-6.103518,cycling_2
1769336765.189276,-0.684082,0.114136,-0.829956,7.263186,-1.586915,-5.737307,cycling_2
1769336765.209823,-0.680054,0.123657,-0.747314,7.934572,-2.502441,-7.202150,cycling_2
1769336765.2317185,-0.654785,0.144531,-0.760132,8.361816,-6.103518,-9.399414,cycling_2
1769336765.2500997,-0.715698,-0.024292,-0.830933,5.798342,-6.530764,-9.033203,cycling_2
1769336765.2686744,-0.673096,0.097778,-0.671631,-4.394531,-4.150391,-4.455566,cycling_2
1769336765.2897098,-0.617188,-0.252441,-0.733765,-5.554201,-11.352543,-14.648441,cycling_2
1769336765.3090458,-0.696411,-0.111816,-0.703735,-9.399414,-0.671387,3.601075,cycling_2
1769336765.3331141,-0.664673,0.105225,-0.724609,-7.629396,5.249023,3.234864,cycling_2
1769336765.3464649,-0.690063,0.079712,-0.736816,-3.479005,4.028320,-6.103518,cycling_2
1769336765.3688931,-0.579834,0.008057,-0.693848,1.159668,-1.708985,-6.652834,cycling_2
1769336765.3866537,-0.619629,0.026855,-0.719482,4.333496,-1.953125,-3.723145,cycling_2
1769336765.4076655,-0.682007,0.043945,-0.750977,6.774904,-5.126953,-9.887695,cycling_2
1769336765.429122,-0.591309,0.010620,-0.694336,8.483887,-4.638672,-2.990724,cycling_2
1769336765.5021791,-0.695801,0.065430,-0.784546,10.131836,-7.568361,-5.249023,cycling_2
1769336765.5049615,-0.785522,0.061279,-0.817261,6.042482,-5.187988,-5.065918,cycling_2
1769336765.5049615,-0.576050,-0.230469,-0.683960,2.685547,-11.169437,-1.647950,cycling_2
1769336765.526263,-0.745361,-0.058350,-0.754272,-2.807618,-9.155273,7.995607,cycling_2
1769336765.5547655,-0.720459,-0.127319,-0.785889,-12.084965,0.671387,3.967286,cycling_2
1769336765.5547655,-0.675049,0.041138,-0.758789,-5.737307,0.244141,7.690432,cycling_2
1769336765.5972257,-0.722168,0.062378,-0.722290,-6.530764,-9.460449,-3.051759,cycling_2
1769336765.5972257,-0.638428,-0.241333,-0.685913,-6.591799,-7.873537,-3.906251,cycling_2
1769336765.6119075,-0.867310,-0.119629,-0.800171,-2.136230,0.061035,2.441406,cycling_2
1769336765.6918366,-0.826294,0.046021,-0.727783,-5.126953,7.385256,-0.976563,cycling_2
1769336765.6918366,-0.670166,-0.174683,-0.774292,-1.831055,-3.723145,-10.559082,cycling_2
1769336765.7088933,-0.730469,-0.065552,-0.717896,-4.028320,7.629396,7.324221,cycling_2
1769336765.7088933,-0.778809,-0.102783,-0.745850,-2.136230,2.746582,-7.873537,cycling_2
1769336765.7118483,-0.711792,0.136963,-0.734009,-6.225588,11.535648,3.051759,cycling_2
1769336765.7286685,-0.620972,0.045044,-0.706665,-3.356935,-0.305176,-1.831055,cycling_2
1769336765.748544,-0.693970,0.131348,-0.786011,-0.793457,1.831055,1.464844,cycling_2
1769336765.7698672,-0.651245,0.107056,-0.744385,-4.943848,-0.061035,-1.098633,cycling_2
1769336765.7883642,-0.641235,-0.048706,-0.726807,-7.263186,4.211426,3.234864,cycling_2
1769336765.809198,-0.743286,0.091675,-0.694336,-9.826660,3.234864,1.892090,cycling_2
1769336765.8259826,-0.597778,-0.009155,-0.692383,-10.559082,0.061035,-2.502441,cycling_2
1769336765.8455336,-0.564331,-0.284424,-0.729492,-4.943848,-0.610352,4.150391,cycling_2
1769336765.8678923,-0.667969,0.119263,-0.687988,-4.760742,8.605957,21.667480,cycling_2
1769336765.887135,-0.597412,0.097046,-0.702393,-4.150391,5.676271,9.399414,cycling_2
1769336765.9079208,-0.666504,0.022339,-0.725952,2.319336,1.464844,10.498047,cycling_2
1769336765.9302814,-0.637573,0.077148,-0.746826,0.671387,-2.746582,5.981447,cycling_2
1769336765.9485452,-0.731079,0.091309,-0.800049,2.868653,-0.549316,8.056641,cycling_2
1769336765.970993,-0.780396,0.107300,-0.746094,-2.868653,-0.732422,2.685547,cycling_2
1769336765.9849596,-0.694580,-0.011230,-0.747314,-7.141115,1.159668,3.051759,cycling_2
1769336766.0052435,-0.706543,0.025635,-0.783569,-9.033203,2.746582,5.554201,cycling_2
1769336766.0285864,-0.715942,0.131104,-0.766479,-12.878422,3.845216,4.028320,cycling_2
1769336766.047187,-0.603638,-0.113892,-0.651733,-14.038090,9.399414,12.573246,cycling_2
1769336766.0678692,-0.673462,0.173218,-0.745605,-8.789063,5.371094,4.943848,cycling_2
1769336766.0902271,-0.639038,0.191162,-0.776245,-4.333496,6.164553,1.464844,cycling_2
1769336766.1090007,-0.597046,0.178711,-0.719849,1.770020,-2.502441,-1.525879,cycling_2
1769336766.1251876,-0.592285,0.087646,-0.683594,3.417970,-3.051759,0.488281,cycling_2
1769336766.1486602,-0.676758,0.190918,-0.711792,3.540040,-2.929688,2.075195,cycling_2
1769336766.1680193,-0.572388,-0.068848,-0.724487,5.859377,-9.765625,-3.356935,cycling_2
1769336766.1858666,-0.732422,0.256470,-0.788696,2.746582,-3.845216,9.399414,cycling_2
1769336766.2090883,-0.630249,0.100952,-0.687378,-0.122070,-6.530764,-0.488281,cycling_2
1769336766.2272205,-0.689697,0.067749,-0.783813,3.784181,-6.958010,1.892090,cycling_2
1769336766.2488997,-0.691040,-0.036499,-0.778320,2.319336,-7.873537,-0.488281,cycling_2
1769336766.2691357,-0.713867,0.042725,-0.778320,1.586915,-3.723145,6.713869,cycling_2
1769336766.289323,-0.769165,0.075684,-0.717773,3.662110,-7.141115,0.183106,cycling_2
1769336766.3120644,-0.753662,0.201660,-0.779541,6.896975,-6.896975,-3.906251,cycling_2
1769336766.3322158,-0.683716,0.028076,-0.794800,9.033203,-15.197758,-5.493164,cycling_2
1769336766.350572,-0.712524,-0.086426,-0.804565,5.371094,-9.094238,1.098633,cycling_2
1769336766.3680818,-0.640137,-0.103882,-0.759766,1.892090,-7.019045,5.371094,cycling_2
1769336766.3868768,-0.649658,-0.040283,-0.700195,-3.967286,-0.366211,10.437012,cycling_2
1769336766.4083688,-0.655762,-0.054688,-0.697144,-3.112794,-1.281738,3.173829,cycling_2
1769336766.4285288,-0.700439,0.095825,-0.743164,-1.098633,0.610352,4.211426,cycling_2
1769336766.472075,-0.585205,0.078491,-0.744141,7.507326,-5.554201,-4.699707,cycling_2
1769336766.472075,-0.667847,-0.106567,-0.696533,11.413578,-6.958010,3.784181,cycling_2
1769336766.7031624,-0.734253,0.127075,-0.810791,-1.586915,5.920412,-1.525879,cycling_2
1769336766.7031624,-0.464111,-0.308960,-0.581909,-5.920412,-6.286623,5.432129,cycling_2
1769336766.7031624,-0.797729,-0.021362,-0.785522,-0.915528,4.150391,11.962894,cycling_2
1769336766.7031624,-0.656128,0.453003,-0.677246,-2.075195,14.648441,9.155273,cycling_2
1769336766.7031624,-0.478149,0.144653,-0.696655,10.070801,-9.399414,-4.821777,cycling_2
1769336766.7031624,-0.685303,0.089966,-0.755493,14.160160,-5.310059,-3.662110,cycling_2
1769336766.7031624,-0.640869,0.135376,-0.694702,12.756351,0.793457,2.990724,cycling_2
1769336766.7031624,-0.788208,0.055420,-0.773071,16.418457,-5.004883,-3.662110,cycling_2
1769336766.7266762,-0.743530,0.027344,-0.748291,11.474613,-8.972168,-8.728027,cycling_2
1769336766.7501225,-0.639893,-0.130127,-0.723267,7.141115,-5.371094,4.455566,cycling_2
1769336766.7695534,-0.906616,0.091064,-0.859985,7.263186,-1.342773,2.624512,cycling_2
1769336766.7890816,-0.691284,-0.063354,-0.744873,-0.732422,-6.225588,-2.441406,cycling_2
1769336766.810411,-0.596069,-0.439697,-0.707275,0.793457,-10.070801,6.164553,cycling_2
1769336766.8287976,-0.882080,0.261963,-0.760010,-1.403809,8.911133,16.174316,cycling_2
1769336766.8492029,-0.585449,-0.096069,-0.657715,-1.403809,-9.643555,-3.417970,cycling_2
1769336766.8689005,-0.746948,-0.039551,-0.704102,4.577637,-5.310059,4.821777,cycling_2
1769336766.888921,-0.724731,0.068726,-0.779053,-1.159668,-3.417970,2.563477,cycling_2
1769336766.908131,-0.664185,-0.194702,-0.707886,6.225588,-7.995607,-3.601075,cycling_2
1769336766.927368,-0.742798,-0.070435,-0.699707,6.530764,-7.690432,-2.197266,cycling_2
1769336766.942147,-0.798462,-0.051514,-0.755493,2.929688,3.295899,-3.967286,cycling_2
1769336766.9693162,-0.665405,-0.039185,-0.736450,3.967286,-3.662110,-2.136230,cycling_2
1769336766.9851515,-0.769043,-0.118774,-0.712402,2.319336,-2.685547,0.732422,cycling_2
1769336767.0056741,-0.863525,0.016724,-0.746948,-0.976563,3.967286,-1.892090,cycling_2
1769336767.0288806,-0.668335,-0.044434,-0.642456,-4.943848,2.014160,-4.638672,cycling_2
1769336767.046378,-0.734741,0.066650,-0.716553,-4.577637,6.774904,1.647950,cycling_2
1769336767.0693102,-0.798340,0.174927,-0.741455,-3.295899,9.948730,-3.173829,cycling_2
1769336767.0871766,-0.630981,0.046997,-0.693359,-4.150391,-1.586915,-12.023930,cycling_2
1769336767.1085463,-0.680664,0.000610,-0.697998,-3.906251,3.906251,4.455566,cycling_2
1769336767.12603,-0.709717,0.115112,-0.708862,-5.371094,8.422852,0.549316,cycling_2
1769336767.150207,-0.700195,0.176392,-0.723389,0.244141,3.173829,-9.216309,cycling_2
1769336767.166328,-0.561890,0.067627,-0.657349,-1.159668,1.831055,-9.216309,cycling_2
1769336767.1840732,-0.669922,-0.062012,-0.783081,4.089355,-1.342773,-7.324221,cycling_2
1769336767.2068949,-0.660400,-0.009033,-0.697021,0.305176,0.671387,-0.061035,cycling_2
1769336767.2269876,-0.623657,-0.152344,-0.684570,0.366211,0.427246,3.845216,cycling_2
1769336767.2478342,-0.832886,0.233032,-0.703369,-0.244141,3.356935,-2.014160,cycling_2
1769336767.2680779,-0.673340,0.055786,-0.746460,0.366211,0.915528,-8.483887,cycling_2
1769336767.290468,-0.699829,0.052734,-0.736816,2.990724,-0.488281,-3.479005,cycling_2
1769336767.3097959,-0.681396,-0.055054,-0.747681,1.342773,-2.868653,-5.920412,cycling_2
1769336767.3296442,-0.657959,-0.108032,-0.698853,-2.929688,4.577637,4.150391,cycling_2
1769336767.3489373,-0.665161,0.036499,-0.699951,-3.906251,1.281738,5.126953,cycling_2
1769336767.3689368,-0.688354,0.104248,-0.672363,-4.028320,2.624512,5.004883,cycling_2
1769336767.3865569,-0.709473,0.046875,-0.722046,-0.183106,-2.502441,-2.868653,cycling_2
1769336767.4076853,-0.711426,0.003662,-0.754150,-1.037598,2.441406,-0.854492,cycling_2
1769336767.4285042,-0.738159,-0.160034,-0.813843,1.770020,0.183106,-0.793457,cycling_2
1769336767.449126,-0.708252,0.064575,-0.750366,-2.319336,6.042482,9.216309,cycling_2
1769336767.482021,-0.659058,-0.031616,-0.703247,-3.601075,-2.868653,-1.098633,cycling_2
1769336767.513087,-0.788818,-0.073486,-0.755615,-4.150391,3.051759,1.403809,cycling_2
1769336767.5194464,-0.666382,0.112671,-0.694458,-9.338379,8.544922,2.624512,cycling_2
1769336767.6247756,-0.819702,0.067017,-0.801270,-0.671387,1.831055,-0.610352,cycling_2
1769336767.6289434,-0.754517,0.089355,-0.707153,-2.929688,4.821777,-2.746582,cycling_2
1769336767.6289434,-0.655029,-0.047852,-0.694580,-3.356935,-0.366211,-5.371094,cycling_2
1769336767.6781218,-0.723877,-0.132935,-0.707031,-3.540040,0.671387,-3.234864,cycling_2
1769336767.6866443,-0.684570,-0.065430,-0.744019,-7.263186,7.385256,1.159668,cycling_2
1769336767.6866443,-0.687500,-0.000488,-0.693604,-6.958010,10.131836,5.065918,cycling_2
1769336767.6879187,-0.729248,0.097046,-0.713623,-7.568361,8.178711,-1.953125,cycling_2
1769336767.7128267,-0.790039,0.105225,-0.751953,-5.859377,8.117676,-10.253906,cycling_2
1769336767.7141547,-0.587280,-0.178955,-0.696655,-3.784181,-2.929688,-16.540527,cycling_2
1769336767.737211,-0.742310,0.077515,-0.759277,-4.211426,10.925293,3.845216,cycling_2
1769336767.7514293,-0.779297,0.168823,-0.769653,-7.385256,9.765625,-11.535648,cycling_2
1769336767.770246,-0.592651,-0.080444,-0.647217,-4.394531,-1.647950,-8.178711,cycling_2
1769336767.7888794,-0.729004,0.059204,-0.748169,-7.263186,5.554201,-6.591799,cycling_2
1769336767.8092756,-0.655762,0.106689,-0.747192,-10.925293,9.521484,-8.544922,cycling_2
1769336767.8288283,-0.657715,0.062866,-0.695679,-9.521484,4.455566,-10.681152,cycling_2
1769336767.8469045,-0.602051,0.040161,-0.677368,-7.507326,-0.427246,-15.136723,cycling_2
1769336767.8674886,-0.645996,0.140259,-0.700928,-6.164553,-1.098633,-5.737307,cycling_2
1769336767.8872116,-0.698364,0.327759,-0.777222,-1.403809,2.136230,-4.455566,cycling_2
1769336767.9099128,-0.501587,0.125732,-0.710571,3.967286,-11.840824,-15.625004,cycling_2
1769336767.9289968,-0.576172,-0.002808,-0.777344,7.690432,-11.108402,-5.798342,cycling_2
1769336767.9495893,-0.707275,0.036499,-0.747681,1.953125,-5.798342,0.000000,cycling_2
1769336767.9693806,-0.696777,0.052612,-0.757446,-0.488281,-2.929688,-0.671387,cycling_2
1769336767.989478,-0.597900,-0.004150,-0.668945,-2.929688,-2.563477,4.638672,cycling_2
1769336768.0048068,-0.684326,0.274292,-0.749878,0.488281,0.244141,7.324221,cycling_2
1769336768.0281835,-0.594116,0.107666,-0.706055,1.892090,-4.150391,-2.929688,cycling_2
1769336768.0464494,-0.575317,-0.004517,-0.751343,3.173829,-4.882813,-3.417970,cycling_2
1769336768.063179,-0.597656,0.065063,-0.709717,2.624512,-1.525879,2.319336,cycling_2
1769336768.0887482,-0.745483,0.156616,-0.715454,3.479005,-7.324221,-8.544922,cycling_2
1769336768.1087918,-0.590820,-0.026733,-0.699829,-0.793457,-7.080080,-9.521484,cycling_2
1769336768.1292086,-0.591675,-0.117432,-0.736572,2.990724,-7.385256,-2.868653,cycling_2
1769336768.1501377,-0.886475,0.228149,-0.842651,7.019045,0.366211,-4.821777,cycling_2
1769336768.1651845,-0.490967,-0.055786,-0.733032,9.216309,-14.404301,-7.019045,cycling_2
1769336768.188483,-0.691406,-0.146729,-0.884521,13.000492,-11.108402,0.610352,cycling_2
1769336768.2067702,-0.766235,0.033813,-0.807373,6.103518,-4.699707,12.634281,cycling_2
1769336768.2218482,-0.744629,-0.040894,-0.801880,7.873537,-14.831547,3.112794,cycling_2
1769336768.2479131,-0.776855,-0.044678,-0.781860,6.225588,-13.000492,4.638672,cycling_2
1769336768.2688909,-0.768677,-0.191650,-0.762573,4.760742,-16.967773,-1.342773,cycling_2
1769336768.2888675,-0.750488,-0.143555,-0.754761,3.845216,-12.451176,3.906251,cycling_2
1769336768.3095474,-0.754272,-0.180786,-0.706299,2.624512,-6.713869,4.272461,cycling_2
1769336768.3291912,-0.756714,-0.106934,-0.709229,3.417970,-2.746582,4.028320,cycling_2
1769336768.3489125,-0.640015,-0.096680,-0.661987,1.770020,-0.488281,7.873537,cycling_2
1769336768.3693202,-0.750610,0.013794,-0.769165,6.164553,0.671387,4.821777,cycling_2
1769336768.387955,-0.774048,0.098511,-0.704346,3.356935,4.089355,-1.892090,cycling_2
1769336768.4063418,-0.652466,-0.155029,-0.710693,5.676271,-4.333496,-9.399414,cycling_2
1769336768.4284055,-0.728394,0.092163,-0.731201,2.807618,4.943848,5.920412,cycling_2
1769336768.4520996,-0.718628,0.076782,-0.750732,2.319336,4.760742,0.915528,cycling_2
1769336768.470612,-0.697876,0.126709,-0.728882,5.432129,4.821777,2.075195,cycling_2
1769336768.491801,-0.656250,0.044556,-0.723999,5.126953,-0.305176,2.136230,cycling_2
1769336768.5321977,-0.672852,-0.024292,-0.705688,4.028320,6.835939,4.943848,cycling_2
1769336768.5321977,-0.650391,0.156738,-0.708008,0.793457,12.268070,8.361816,cycling_2
1769336768.556553,-0.646118,0.045288,-0.688599,-3.601075,7.751467,3.112794,cycling_2
1769336768.5671115,-0.652466,0.100586,-0.738281,-0.305176,1.220703,2.563477,cycling_2
1769336768.587624,-0.615967,0.116455,-0.724609,0.549316,2.868653,3.723145,cycling_2
1769336768.615524,-0.656006,-0.046997,-0.771606,4.455566,-7.263186,-4.638672,cycling_2
1769336768.6319973,-0.621704,0.098877,-0.666260,5.554201,2.258301,11.535648,cycling_2
1769336768.6456487,-0.701416,0.079224,-0.729004,8.789063,-5.554201,0.854492,cycling_2
1769336768.6710198,-0.665405,-0.029053,-0.705811,7.934572,-3.295899,2.990724,cycling_2
1769336768.688783,-0.763550,-0.047607,-0.764038,7.385256,-4.577637,4.943848,cycling_2
1769336768.7096982,-0.702393,-0.173218,-0.742920,3.479005,-5.493164,3.784181,cycling_2
1769336768.7331567,-0.737915,-0.162720,-0.792725,3.417970,-4.455566,5.798342,cycling_2
1769336768.7518487,-0.741211,-0.001587,-0.748413,1.586915,-3.906251,3.723145,cycling_2
1769336768.7694027,-0.701538,-0.255249,-0.747070,4.943848,-11.291508,-4.394531,cycling_2
1769336768.7894418,-0.713013,-0.129517,-0.760986,5.004883,-3.356935,5.798342,cycling_2
1769336768.8088207,-0.779663,0.032593,-0.758179,5.859377,-5.676271,4.333496,cycling_2
1769336768.8296523,-0.715210,-0.230713,-0.679443,9.887695,-6.958010,2.685547,cycling_2
1769336768.848993,-0.787842,-0.011719,-0.724121,6.835939,-0.305176,5.554201,cycling_2
1769336768.8676176,-0.775391,0.036133,-0.752563,5.798342,5.432129,2.624512,cycling_2
1769336768.8923008,-0.751953,-0.032593,-0.763184,7.202150,-1.159668,-6.896975,cycling_2
1769336768.9086547,-0.613037,-0.077026,-0.684570,1.464844,3.662110,2.075195,cycling_2
1769336768.9290264,-0.668091,-0.002075,-0.734375,1.953125,3.967286,4.577637,cycling_2
1769336768.94826,-0.682617,-0.116089,-0.715210,0.244141,-0.793457,1.159668,cycling_2
1769336768.9687567,-0.586426,0.147339,-0.676025,-5.859377,9.277344,17.700195,cycling_2
1769336768.984998,-0.640015,0.177979,-0.721802,-2.441406,3.479005,9.765625,cycling_2
1769336769.004821,-0.579956,0.083618,-0.703247,-0.244141,0.793457,5.981447,cycling_2
1769336769.0289624,-0.702881,0.185791,-0.704346,-3.051759,1.220703,15.563969,cycling_2
1769336769.0469537,-0.735352,-0.092651,-0.754150,-1.770020,-1.586915,-0.122070,cycling_2
1769336769.0695975,-0.612061,0.066895,-0.660156,-0.915528,-2.685547,10.803223,cycling_2
1769336769.0890038,-0.723389,-0.108276,-0.749023,6.042482,-4.028320,7.324221,cycling_2
1769336769.1082327,-0.776733,0.240234,-0.729858,3.967286,3.662110,16.723633,cycling_2
1769336769.1220605,-0.658081,0.053711,-0.693848,4.699707,-3.967286,7.446291,cycling_2
1769336769.1458087,-0.801392,-0.003052,-0.818115,9.033203,-5.371094,2.685547,cycling_2
1769336769.1650598,-0.722290,-0.062134,-0.731567,4.272461,-1.586915,7.324221,cycling_2
1769336769.188828,-0.723267,-0.019653,-0.737793,2.075195,-1.159668,8.544922,cycling_2
1769336769.206229,-0.769897,0.117798,-0.725098,-1.098633,8.178711,10.009766,cycling_2
1769336769.2266932,-0.797485,0.136475,-0.795898,2.258301,0.915528,-2.624512,cycling_2
1769336769.249614,-0.630493,-0.104614,-0.696289,2.197266,-2.319336,-3.112794,cycling_2
1769336769.269785,-0.673462,-0.081543,-0.717773,2.929688,-0.061035,6.591799,cycling_2
1769336769.290434,-0.772461,0.111084,-0.717407,1.953125,3.417970,2.319336,cycling_2
1769336769.3093543,-0.683716,-0.032227,-0.661133,4.272461,0.366211,-1.220703,cycling_2
1769336769.3292928,-0.727539,0.051147,-0.710083,5.554201,3.356935,0.671387,cycling_2
1769336769.3504941,-0.665405,-0.127930,-0.794556,8.789063,-4.455566,-4.455566,cycling_2
1769336769.370872,-0.627563,0.061646,-0.663330,5.371094,6.103518,10.498047,cycling_2
1769336769.386179,-0.710938,0.135376,-0.716675,7.019045,-1.281738,0.488281,cycling_2
1769336769.407492,-0.656860,0.012817,-0.729126,6.408693,0.488281,1.831055,cycling_2
1769336769.4288988,-0.708252,0.178589,-0.729492,5.798342,2.075195,4.760742,cycling_2
1769336769.4500623,-0.611450,-0.125977,-0.763916,4.028320,-7.690432,-3.662110,cycling_2
1769336769.4701753,-0.664917,-0.213013,-0.738037,2.014160,7.385256,14.465336,cycling_2
1769336769.4891763,-0.717407,-0.003662,-0.792725,1.525879,1.647950,3.723145,cycling_2
1769336769.5082803,-0.657349,0.130493,-0.653442,2.197266,6.286623,9.887695,cycling_2
1769336769.528985,-0.726074,0.190918,-0.720703,7.324221,-3.417970,1.770020,cycling_2
1769336769.5489585,-0.714600,0.018921,-0.711060,5.798342,-1.892090,-0.793457,cycling_2
1769336769.567238,-0.718506,-0.026001,-0.717529,6.347658,-2.319336,8.117676,cycling_2
1769336769.5920348,-0.770264,0.102783,-0.737915,0.427246,1.770020,8.056641,cycling_2
1769336769.6092432,-0.681519,-0.019409,-0.735474,-1.464844,2.807618,6.958010,cycling_2
1769336769.629088,-0.846802,0.277344,-0.814331,-3.479005,8.483887,4.760742,cycling_2
1769336769.6495926,-0.709106,0.039795,-0.765625,-6.347658,-0.793457,-6.042482,cycling_2
1769336769.6676564,-0.657227,-0.280640,-0.784546,-0.305176,-2.990724,-1.159668,cycling_2
1769336769.700858,-0.657593,0.062988,-0.629395,-8.728027,4.699707,12.451176,cycling_2
1769336769.7135344,-0.621094,-0.323730,-0.740112,0.000000,-4.516602,5.920412,cycling_2
1769336769.7295063,-0.797119,0.083252,-0.696045,0.427246,11.840824,20.629883,cycling_2
1769336769.751692,-0.580200,0.102051,-0.680908,2.136230,-2.868653,-0.122070,cycling_2
1769336769.767356,-0.737915,-0.123169,-0.742554,11.779789,-2.685547,9.582520,cycling_2
1769336769.787674,-0.878662,0.148926,-0.748657,-2.563477,12.878422,11.108402,cycling_2
1769336769.805739,-0.622192,-0.112671,-0.689941,-4.516602,6.286623,5.493164,cycling_2
1769336769.8276553,-0.665405,-0.074219,-0.742065,-6.835939,10.925293,12.512211,cycling_2
1769336769.8482049,-0.786865,0.340210,-0.773438,-12.023930,25.695808,11.718754,cycling_2
1769336769.866331,-0.556641,-0.144897,-0.621704,-3.356935,-2.624512,0.915528,cycling_2
1769336769.8879402,-0.859863,0.156250,-0.777832,-5.554201,10.437012,6.408693,cycling_2
1769336769.909584,-0.683228,0.089355,-0.750366,-10.253906,5.859377,-4.577637,cycling_2
1769336769.929934,-0.551270,-0.235596,-0.658325,-0.244141,-6.408693,1.770020,cycling_2
1769336769.947911,-0.803833,0.176758,-0.766724,-8.239746,13.854984,11.047363,cycling_2
1769336769.967503,-0.619995,0.138062,-0.719727,-10.192871,9.277344,-0.854492,cycling_2
1769336769.9888086,-0.623047,0.040894,-0.719971,-5.432129,0.915528,-1.586915,cycling_2
1769336770.0077846,-0.814697,0.040161,-0.678955,-9.033203,-1.037598,-17.700195,cycling_2
1769336770.027745,-0.353516,0.177124,-0.583618,-16.052246,9.460449,0.549316,cycling_2
1769336770.0466356,-0.829956,0.074341,-0.747925,0.305176,-11.413578,-13.732914,cycling_2
1769336770.069424,-0.813965,0.040283,-0.786377,-3.784181,10.803223,-13.244633,cycling_2
1769336770.0879493,-0.471680,0.201782,-0.832764,-1.464844,5.371094,-4.272461,cycling_2
1769336770.103297,-0.717896,0.014526,-0.705078,3.112794,-14.831547,-14.953617,cycling_2
1769336770.1264598,-0.675903,0.103271,-0.736694,-4.089355,7.690432,-6.408693,cycling_2
1769336770.148811,-0.713257,0.215454,-0.836182,0.671387,-0.122070,-15.686039,cycling_2
1769336770.16466,-0.550171,0.068970,-0.699951,2.868653,-7.934572,-15.319828,cycling_2
1769336770.185054,-0.681274,0.082153,-0.767822,4.760742,-2.502441,-9.338379,cycling_2
1769336770.2063518,-0.704346,0.239502,-0.780396,0.549316,5.432129,-8.483887,cycling_2
1769336770.2285445,-0.612793,0.199707,-0.741943,4.028320,-3.234864,-15.441898,cycling_2
1769336770.2508945,-0.559082,-0.066406,-0.725830,7.751467,-9.643555,-16.113281,cycling_2
1769336770.268538,-0.633057,0.131836,-0.703003,-3.173829,1.037598,3.112794,cycling_2
1769336770.2879336,-0.692139,0.065918,-0.777954,3.784181,-3.234864,-3.845216,cycling_2
1769336770.3089888,-0.648682,-0.037964,-0.759521,6.591799,-5.249023,-1.159668,cycling_2
1769336770.3299015,-0.675903,0.067139,-0.764160,5.859377,-4.943848,4.028320,cycling_2
1769336770.3445685,-0.670654,0.032349,-0.758667,5.310059,-4.333496,2.746582,cycling_2
1769336770.3653698,-0.844604,-0.054810,-0.886597,7.751467,-9.765625,-8.850098,cycling_2
1769336770.3879213,-0.639038,0.058716,-0.658081,-7.507326,6.042482,11.291508,cycling_2
1769336770.4073915,-0.752686,-0.053467,-0.789307,-3.662110,-5.310059,-7.324221,cycling_2
1769336770.4281018,-0.747559,0.017334,-0.744141,-5.798342,-1.098633,2.075195,cycling_2
1769336770.4494748,-0.698730,-0.044312,-0.714844,-9.094238,-0.183106,-1.708985,cycling_2
1769336770.4622977,-0.677612,-0.139771,-0.710083,-8.422852,0.610352,0.732422,cycling_2
1769336770.4895716,-0.699219,0.012085,-0.676270,-10.559082,6.896975,5.187988,cycling_2
1769336770.5091484,-0.643188,0.176880,-0.699463,-6.408693,8.422852,1.525879,cycling_2
1769336770.5271454,-0.594971,0.034912,-0.724854,3.295899,-6.530764,-15.502934,cycling_2
1769336770.5521002,-0.619751,-0.001343,-0.697266,7.202150,-3.417970,-3.967286,cycling_2
1769336770.566635,-0.651855,0.125854,-0.770142,8.056641,0.488281,-2.685547,cycling_2
1769336770.5880463,-0.611694,0.012939,-0.794922,12.084965,-9.643555,-6.713869,cycling_2
1769336770.608892,-0.688965,0.141846,-0.694702,8.117676,1.159668,10.070801,cycling_2
1769336770.6225362,-0.745361,0.176636,-0.778931,5.310059,-0.244141,-5.432129,cycling_2
1769336770.6459117,-0.675293,-0.034058,-0.749390,0.549316,-0.244141,-2.075195,cycling_2
1769336770.6643689,-0.619385,0.131592,-0.665161,-12.084965,8.422852,16.113281,cycling_2
1769336770.6876006,-0.737305,0.159424,-0.821533,-0.610352,-3.051759,-6.469728,cycling_2
1769336770.712231,-0.552490,-0.072388,-0.640747,-1.342773,-1.831055,-1.647950,cycling_2
1769336770.734834,-0.633545,0.148438,-0.680298,5.371094,0.305176,5.493164,cycling_2
1769336770.7511315,-0.724731,0.341675,-0.753906,6.713869,3.906251,-10.009766,cycling_2
1769336770.8120584,-0.515015,-0.096802,-0.720337,15.563969,-14.648441,-18.188477,cycling_2
1769336770.840311,-0.812012,0.092651,-0.778076,13.977055,-3.112794,-2.014160,cycling_2
1769336770.840311,-0.660400,0.024780,-0.756348,8.911133,-6.408693,-8.850098,cycling_2
1769336770.844922,-0.662598,-0.245117,-0.743896,12.390141,-11.779789,-2.258301,cycling_2
1769336770.851052,-0.828735,0.061035,-0.781738,5.859377,-0.976563,2.075195,cycling_2
1769336770.8684936,-0.643921,0.021851,-0.721191,-1.708985,1.159668,2.868653,cycling_2
1769336770.888996,-0.794556,-0.042114,-0.811279,3.723145,-2.624512,-0.671387,cycling_2
1769336770.9071133,-0.733765,0.078979,-0.763184,-0.488281,4.028320,-2.075195,cycling_2
1769336770.928722,-0.663940,-0.099976,-0.754150,2.563477,-2.319336,2.502441,cycling_2
1769336770.9442213,-0.777222,0.067017,-0.744507,1.037598,4.882813,4.577637,cycling_2
1769336770.9684596,-0.775146,-0.023560,-0.802734,0.244141,-0.732422,-5.249023,cycling_2
1769336770.9895284,-0.630005,-0.241333,-0.662598,-0.122070,-1.770020,1.464844,cycling_2
1769336771.0035365,-0.793091,0.023926,-0.798096,-3.906251,5.615236,7.385256,cycling_2
1769336771.0292766,-0.705933,-0.020996,-0.801025,-4.272461,5.004883,2.136230,cycling_2
1769336771.0490825,-0.752075,-0.060913,-0.785156,-2.929688,-1.342773,0.610352,cycling_2
1769336771.0669339,-0.695679,-0.197998,-0.658325,-7.202150,2.197266,4.699707,cycling_2
1769336771.088869,-0.762939,-0.027222,-0.699219,-10.131836,12.268070,5.249023,cycling_2
1769336771.1074715,-0.710815,0.029541,-0.712280,-10.253906,15.991215,0.427246,cycling_2
1769336771.129022,-0.670166,-0.094482,-0.764893,-8.972168,8.422852,-5.004883,cycling_2
1769336771.1488998,-0.696411,-0.051636,-0.670410,-3.173829,7.934572,3.540040,cycling_2
1769336771.1699667,-0.740234,0.175781,-0.701538,-4.699707,17.639160,1.403809,cycling_2
1769336771.185056,-0.607178,-0.016235,-0.773682,-2.441406,4.089355,-4.333496,cycling_2
1769336771.2055953,-0.734131,0.044800,-0.775391,1.647950,8.178711,3.417970,cycling_2
1769336771.2271616,-0.735352,0.191406,-0.789185,-5.432129,15.686039,-2.990724,cycling_2
1769336771.247168,-0.537231,0.052002,-0.703735,-8.117676,3.051759,-7.751467,cycling_2
1769336771.2617104,-0.655396,0.045288,-0.703491,-7.080080,6.225588,-3.845216,cycling_2
1769336771.288278,-0.650391,0.061523,-0.754028,-12.207035,13.793949,-4.943848,cycling_2
1769336771.3093607,-0.642944,0.143311,-0.717285,-5.859377,11.291508,-3.173829,cycling_2
1769336771.3233123,-0.550659,0.126343,-0.676147,-5.920412,5.676271,-9.094238,cycling_2
1769336771.343674,-0.648804,0.087646,-0.741943,-0.061035,3.723145,-5.493164,cycling_2
1769336771.3662264,-0.679077,0.099487,-0.762085,2.319336,6.896975,-6.530764,cycling_2
1769336771.3890219,-0.578613,0.049316,-0.740356,1.464844,7.263186,-3.845216,cycling_2
1769336771.41049,-0.698486,-0.039795,-0.798828,2.075195,3.112794,-5.432129,cycling_2
1769336771.4284306,-0.734985,-0.005981,-0.787720,2.929688,-3.051759,-3.051759,cycling_2
1769336771.451979,-0.613037,0.093384,-0.725830,1.403809,-1.647950,-3.112794,cycling_2
1769336771.4694533,-0.637207,-0.114990,-0.826904,0.122070,-2.563477,-14.038090,cycling_2
1769336771.4891777,-0.746704,-0.098511,-0.723877,0.183106,0.915528,-6.286623,cycling_2
1769336771.5050395,-0.655762,0.045288,-0.719360,-2.502441,9.826660,-4.028320,cycling_2
1769336771.5262227,-0.568604,-0.091675,-0.753906,-2.319336,1.892090,-9.216309,cycling_2
1769336771.5486948,-0.731812,-0.044678,-0.721069,1.342773,2.807618,-3.112794,cycling_2
1769336771.569213,-0.677246,0.095947,-0.737427,-1.159668,10.192871,-5.554201,cycling_2
1769336771.6920142,-0.742310,-0.002686,-0.758423,-3.906251,3.417970,-15.441898,cycling_2
1769336771.6920142,-0.686401,-0.171997,-0.791504,-6.225588,-3.601075,-20.935059,cycling_2
1769336771.6920142,-0.774170,-0.201660,-0.780762,-7.019045,-2.990724,-16.967773,cycling_2
1769336771.6920142,-0.752441,-0.133301,-0.720825,-12.329105,3.540040,-15.930180,cycling_2
1769336771.6920142,-0.696045,-0.121704,-0.707031,-14.587406,2.746582,-14.343266,cycling_2
1769336771.7219005,-0.731201,-0.104126,-0.769653,-13.671879,5.920412,-20.080566,cycling_2
1769336771.7280676,-0.613525,-0.066406,-0.755737,-12.817387,3.295899,-16.418457,cycling_2
1769336771.7531953,-0.645752,-0.135376,-0.790161,-10.986328,0.610352,-18.737793,cycling_2
1769336771.769056,-0.756470,-0.160645,-0.784912,-11.779789,3.784181,-15.991215,cycling_2
1769336771.8322124,-0.815674,-0.129395,-0.765991,-16.235352,11.779789,-18.859863,cycling_2
1769336771.8759856,-0.704712,-0.093506,-0.730835,-24.414070,19.531250,-19.470215,cycling_2
1769336771.8819506,-0.667969,0.062622,-0.743042,-24.292000,26.916512,-17.395020,cycling_2
1769336771.8819506,-0.530151,0.215210,-0.773438,-20.568848,25.207527,-23.620613,cycling_2
1769336771.8819506,-0.464355,0.049561,-0.740845,-17.089844,12.023930,-31.005867,cycling_2
1769336771.9221144,-0.601807,-0.055298,-0.768311,-11.535648,6.652834,-26.367195,cycling_2
1769336771.946638,-0.674683,0.225830,-0.731323,-13.000492,13.122562,-17.211914,cycling_2
1769336771.947142,-0.510742,0.087402,-0.705933,-16.235352,7.080080,-35.583496,cycling_2
1769336771.94893,-0.662109,-0.084106,-0.723755,-8.483887,1.831055,-26.611336,cycling_2
1769336771.9694674,-0.579468,0.242798,-0.781738,-16.296387,12.756351,-12.146000,cycling_2
1769336771.9850228,-0.488403,0.099731,-0.754883,-9.826660,-4.760742,-15.686039,cycling_2
1769336772.0069716,-0.555298,-0.004639,-0.744629,-12.878422,-5.371094,-13.366703,cycling_2
1769336772.0374386,-0.605713,0.139160,-0.806641,-10.986328,-0.305176,-11.291508,cycling_2
1769336772.0492475,-0.471191,0.029541,-0.758423,-12.695316,-9.704590,-15.380863,cycling_2
1769336772.0695565,-0.590820,0.142090,-0.724365,-9.887695,-13.244633,-10.864258,cycling_2
1769336772.0910387,-0.622681,0.199585,-0.834351,-8.361816,-9.338379,-13.854984,cycling_2
1769336772.1099935,-0.518555,0.016235,-0.831665,-3.723145,-18.615723,-26.184090,cycling_2
1769336772.1293201,-0.443604,-0.165527,-0.746338,-2.136230,-29.235847,-17.456055,cycling_2
1769336772.1518211,-0.675781,0.083496,-0.809326,0.366211,-18.920898,-1.403809,cycling_2
1769336772.1705544,-0.700684,0.049316,-0.868652,-7.873537,-8.850098,-13.671879,cycling_2
1769336772.185987,-0.526123,-0.283691,-0.841553,-8.300781,-16.784668,-17.089844,cycling_2
1769336772.2069325,-0.622681,-0.043335,-0.816528,-2.380371,-17.028809,6.958010,cycling_2
1769336772.2267349,-0.747070,-0.035767,-0.794434,-9.643555,-11.230473,-8.544922,cycling_2
1769336772.2471793,-0.716431,-0.069092,-0.812500,-4.211426,-8.361816,-3.601075,cycling_2
1769336772.2689288,-0.739136,0.146851,-0.728394,-5.310059,-5.920412,-11.535648,cycling_2
1769336772.2904406,-0.593384,-0.028687,-0.761475,-5.310059,-11.352543,-22.766121,cycling_2
1769336772.3094275,-0.671265,0.079834,-0.784668,3.479005,-11.840824,-11.169437,cycling_2
1769336772.3288362,-0.781372,0.023926,-0.795044,2.014160,-13.366703,-28.442390,cycling_2
1769336772.351684,-0.394897,-0.240845,-0.727051,-0.976563,-14.343266,-23.193367,cycling_2
1769336772.3654249,-0.674683,0.048828,-0.773315,6.042482,-10.253906,2.441406,cycling_2
1769336772.3863873,-0.673706,0.117554,-0.756226,-1.647950,3.051759,-5.126953,cycling_2
1769336772.4082663,-0.553101,-0.054443,-0.784912,-1.708985,-3.662110,-8.666992,cycling_2
1769336772.4272542,-0.554077,-0.010254,-0.778320,2.258301,-0.122070,5.249023,cycling_2
1769336772.447576,-0.808105,0.374878,-0.870972,6.408693,-1.953125,-2.685547,cycling_2
1769336772.468981,-0.486572,0.006470,-0.749390,-0.732422,-7.873537,-11.657719,cycling_2
1769336772.4903374,-0.572998,0.029297,-0.776733,5.371094,-11.535648,0.915528,cycling_2
1769336772.5096374,-0.552124,-0.072876,-0.730713,1.464844,-16.967773,-6.530764,cycling_2
1769336772.5310562,-0.632935,-0.187744,-0.764771,2.624512,-20.202637,-2.441406,cycling_2
1769336772.6159656,-0.819702,0.062866,-0.728760,3.906251,-11.535648,2.624512,cycling_2
1769336772.631967,-0.665039,0.088501,-0.761475,2.075195,-11.535648,-1.525879,cycling_2
1769336772.631967,-0.629883,-0.278687,-0.747925,7.995607,-19.775391,-7.507326,cycling_2
1769336772.635324,-0.717041,0.137451,-0.786133,10.986328,-5.981447,14.099125,cycling_2
1769336773.2498806,-0.711548,-0.255615,-0.746948,8.911133,-14.526371,6.042482,cycling_2
1769336773.250983,-0.715942,-0.124756,-0.692139,2.075195,-12.084965,12.084965,cycling_2
1769336773.2514899,-0.832031,-0.263306,-0.844849,3.479005,-9.033203,-1.037598,cycling_2
1769336773.2514899,-0.621826,0.074219,-0.754639,1.892090,0.671387,11.474613,cycling_2
1769336773.2514899,-0.437622,-0.436279,-0.770874,1.098633,-15.563969,6.652834,cycling_2
1769336773.2529552,-0.805908,-0.268677,-0.856201,-0.244141,-0.183106,21.423340,cycling_2
1769336773.2550309,-0.902710,0.243774,-0.808838,2.685547,9.460449,21.179199,cycling_2
1769336773.2550309,-0.531860,-0.216187,-0.696899,-1.770020,-17.028809,-12.756351,cycling_2
1769336773.2565522,-0.712524,-0.348877,-0.738647,-0.671387,-4.455566,14.892582,cycling_2
1769336773.2565522,-0.916992,-0.059326,-0.857178,-6.591799,12.634281,14.343266,cycling_2
1769336773.2565522,-0.680786,-0.247925,-0.679932,-12.146000,6.652834,2.014160,cycling_2
1769336773.2565522,-0.666870,-0.113403,-0.607178,-14.343266,14.404301,17.272949,cycling_2
1769336773.2578363,-0.715088,0.194092,-0.731812,-13.854984,20.446777,10.498047,cycling_2
1769336773.25919,-0.580811,0.040039,-0.816406,-5.554201,10.559082,-2.502441,cycling_2
1769336773.25919,-0.591187,0.072876,-0.720459,1.647950,5.065918,7.019045,cycling_2
1769336773.25919,-0.657227,0.144409,-0.679810,4.333496,1.159668,2.868653,cycling_2
1769336773.25919,-0.630249,0.083252,-0.621704,3.356935,-6.896975,1.831055,cycling_2
1769336773.25919,-0.720459,0.027588,-0.763672,6.652834,-2.319336,1.953125,cycling_2
1769336773.2622156,-0.698730,0.268799,-0.806274,4.272461,-0.488281,-0.366211,cycling_2
1769336773.2622156,-0.449585,-0.107056,-0.688599,0.976563,-15.991215,-3.906251,cycling_2
1769336773.2622156,-0.849243,0.297729,-0.823730,1.831055,6.225588,8.850098,cycling_2
1769336773.2650385,-0.653931,-0.029663,-0.811401,10.192871,-5.859377,6.835939,cycling_2
1769336773.2658422,-0.627319,-0.036865,-0.660400,7.812502,-9.765625,11.962894,cycling_2
1769336773.2685854,-0.831665,0.181763,-0.713013,9.094238,-3.662110,10.681152,cycling_2
1769336773.2722359,-0.796875,-0.025879,-0.805054,7.751467,-6.042482,-1.220703,cycling_2
1769336773.2874608,-0.725952,-0.201782,-0.787842,2.624512,-7.873537,11.413578,cycling_2
1769336773.3082733,-0.778320,-0.129517,-0.738403,-2.197266,-2.685547,12.084965,cycling_2
1769336773.3302634,-0.793213,-0.009644,-0.744385,-2.136230,-2.319336,8.544922,cycling_2
1769336773.3435183,-0.816040,-0.018066,-0.779297,1.953125,-0.549316,1.220703,cycling_2
1769336773.371064,-0.629761,-0.098877,-0.734009,1.525879,-4.089355,3.967286,cycling_2
1769336773.3878512,-0.715454,-0.088989,-0.748535,2.075195,-4.638672,7.385256,cycling_2
1769336773.4081893,-0.789917,0.047119,-0.756348,3.479005,1.647950,2.136230,cycling_2
1769336773.4277,-0.664917,-0.099976,-0.660889,1.708985,-1.647950,-0.915528,cycling_2
1769336773.455211,-0.643311,-0.098877,-0.668457,1.037598,3.234864,8.605957,cycling_2
1769336773.462075,-0.740479,0.149780,-0.789063,0.610352,10.253906,7.263186,cycling_2
1769336773.4892175,-0.687622,-0.067139,-0.795776,7.934572,-2.929688,-7.812502,cycling_2
1769336773.5097034,-0.645386,0.130493,-0.585693,6.469728,2.014160,8.728027,cycling_2
1769336773.5308585,-0.693726,0.142456,-0.677734,6.103518,-0.305176,1.525879,cycling_2
1769336773.549921,-0.678345,0.034180,-0.756348,12.939457,-5.004883,1.770020,cycling_2
1769336773.5664022,-0.618896,0.064575,-0.690430,13.671879,-3.784181,10.192871,cycling_2
1769336773.5903199,-0.675537,0.282471,-0.680176,12.084965,-0.488281,9.582520,cycling_2
1769336773.6147537,-0.690918,0.012573,-0.707520,14.160160,-8.666992,-4.028320,cycling_2
1769336773.6309533,-0.650635,0.082031,-0.675049,12.512211,-5.371094,6.408693,cycling_2
1769336773.6522496,-0.734741,0.148438,-0.730957,14.038090,-4.760742,1.281738,cycling_2
1769336773.6722388,-0.591064,0.102295,-0.650024,13.000492,-14.160160,-11.535648,cycling_2
1769336773.6918752,-0.550903,-0.436279,-0.630127,17.883301,-21.606445,-4.150391,cycling_2
1769336773.771886,-0.855957,0.153687,-0.781372,15.563969,6.408693,13.671879,cycling_2
1769336773.7878022,-0.764771,0.162231,-0.788940,13.916019,-1.770020,-4.028320,cycling_2
1769336773.7878022,-0.622314,-0.268066,-0.666138,19.958496,-16.845703,-10.070801,cycling_2
1769336773.7908328,-0.605591,-0.313721,-0.586304,15.380863,-14.709476,5.920412,cycling_2
1769336773.836326,-0.955811,0.193604,-0.814453,18.676758,5.981447,11.291508,cycling_2
1769336773.839411,-0.564331,-0.178711,-0.726807,21.545410,-13.000492,-6.164553,cycling_2
1769336773.8449855,-0.734619,-0.292725,-0.724731,23.803719,-11.474613,3.540040,cycling_2
1769336773.8566706,-0.735229,-0.161621,-0.707764,15.930180,0.732422,10.437012,cycling_2
1769336773.8700294,-0.767700,-0.132935,-0.762207,14.099125,0.610352,7.385256,cycling_2
1769336773.8900683,-0.805176,-0.234131,-0.812866,9.338379,0.610352,2.258301,cycling_2
1769336773.9064164,-0.697510,-0.474976,-0.672485,5.676271,-3.723145,4.333496,cycling_2
1769336773.9274747,-0.844116,-0.151245,-0.763428,0.427246,9.216309,9.460449,cycling_2
1769336773.9491758,-0.771484,-0.035156,-0.759888,-2.380371,11.169437,2.990724,cycling_2
1769336773.972074,-0.627075,-0.394653,-0.763062,2.258301,-4.699707,2.075195,cycling_2
1769336773.9894085,-0.796143,-0.365601,-0.667358,1.281738,3.540040,9.033203,cycling_2
1769336774.0117493,-0.775269,-0.055298,-0.634521,-2.563477,16.662598,12.756351,cycling_2
1769336774.0251074,-0.710083,-0.099121,-0.665527,-1.403809,14.160160,4.760742,cycling_2
1769336774.0496163,-0.779297,-0.160278,-0.605957,4.638672,7.812502,5.615236,cycling_2
1769336774.0718153,-0.759888,0.095459,-0.647339,1.770020,13.610844,4.821777,cycling_2
1769336774.0918756,-0.705933,0.071899,-0.691162,5.371094,8.483887,-2.014160,cycling_2
1769336774.1086373,-0.655396,0.034790,-0.672974,5.676271,4.699707,-0.610352,cycling_2
1769336774.1311436,-0.677002,-0.062866,-0.686768,3.540040,5.065918,-5.065918,cycling_2
1769336774.1498563,-0.586182,0.007935,-0.666504,1.464844,6.713869,0.793457,cycling_2
1769336774.1721175,-0.644775,0.073730,-0.682739,1.708985,3.540040,1.098633,cycling_2
1769336774.1920388,-0.712891,0.005127,-0.709961,1.586915,2.868653,-5.371094,cycling_2
1769336774.2051072,-0.616943,0.004883,-0.624512,1.281738,-0.976563,2.746582,cycling_2
1769336774.2287147,-0.673828,0.032349,-0.697876,0.122070,2.136230,2.380371,cycling_2
1769336774.2501504,-0.735107,0.076660,-0.708740,1.647950,1.403809,1.098633,cycling_2
1769336774.2687366,-0.692505,-0.041260,-0.713135,2.075195,-1.098633,-3.417970,cycling_2
1769336774.2920122,-0.680298,-0.065186,-0.700195,0.854492,-2.563477,0.427246,cycling_2
1769336774.3110538,-0.682739,-0.131958,-0.710449,-1.525879,0.671387,2.563477,cycling_2
1769336774.3321867,-0.797119,-0.061157,-0.792358,-2.868653,6.652834,3.051759,cycling_2
1769336774.3495677,-0.748779,-0.196289,-0.773804,-3.295899,-0.793457,-4.272461,cycling_2
1769336774.3672612,-0.751709,-0.040894,-0.690063,-2.258301,3.601075,6.469728,cycling_2
1769336774.3917458,-0.686768,-0.110229,-0.741577,-4.821777,3.967286,0.915528,cycling_2
1769336774.4071038,-0.768677,-0.069092,-0.728027,-2.807618,5.432129,2.746582,cycling_2
1769336774.4313674,-0.809692,-0.078125,-0.710327,0.854492,2.929688,-0.915528,cycling_2
1769336774.449846,-0.781860,-0.038574,-0.732178,0.549316,3.967286,-5.676271,cycling_2
1769336774.4690793,-0.683472,-0.096313,-0.745361,6.408693,-3.356935,1.892090,cycling_2
1769336774.490837,-0.601196,-0.117432,-0.638916,2.197266,-2.502441,1.403809,cycling_2
1769336774.511418,-0.782715,0.093628,-0.698730,5.432129,-1.403809,6.530764,cycling_2
1769336774.531003,-0.824585,0.024048,-0.771484,3.051759,2.319336,-14.770512,cycling_2
1769336774.5485318,-0.654297,0.182373,-0.695557,5.798342,3.662110,-10.070801,cycling_2
1769336774.5721157,-0.467041,-0.139771,-0.720703,0.610352,-7.263186,-18.676758,cycling_2
1769336774.5892763,-0.772217,0.113525,-0.688110,2.868653,1.647950,-1.708985,cycling_2
1769336774.6119957,-0.698608,-0.036865,-0.730957,-0.671387,-2.807618,-9.948730,cycling_2
1769336774.6318355,-0.792358,-0.114746,-0.681519,0.854492,-5.126953,-9.155273,cycling_2
1769336774.6493104,-0.690796,-0.216675,-0.741943,-6.958010,1.159668,-5.798342,cycling_2
1769336774.6735408,-0.637207,-0.166992,-0.720337,-9.338379,5.065918,1.770020,cycling_2
1769336774.689226,-0.796509,-0.001465,-0.723145,-9.643555,7.995607,-0.427246,cycling_2
1769336774.7095118,-0.655640,-0.128906,-0.664551,-18.371582,12.695316,-10.803223,cycling_2
1769336774.7263906,-0.738403,-0.290649,-0.867676,-10.314941,9.094238,7.690432,cycling_2
1769336774.7522628,-0.895386,-0.085327,-0.788696,-7.629396,10.986328,6.713869,cycling_2
1769336774.768188,-0.719238,-0.258667,-0.721802,-8.666992,8.178711,1.281738,cycling_2
1769336774.7893922,-0.821777,-0.088257,-0.705811,-3.906251,9.582520,8.850098,cycling_2
1769336774.810278,-0.784546,-0.165283,-0.731201,-7.324221,12.268070,-4.943848,cycling_2
1769336774.8320067,-0.707642,-0.159546,-0.743530,-7.080080,13.244633,-1.953125,cycling_2
1769336774.8515592,-0.829468,0.048706,-0.767334,-3.967286,14.770512,-7.446291,cycling_2
1769336774.8683069,-0.557739,-0.027588,-0.632202,-8.728027,10.864258,-15.441898,cycling_2
1769336774.8860307,-0.677124,-0.070923,-0.737305,-7.385256,11.291508,-12.084965,cycling_2
1769336774.9123735,-0.780396,0.101685,-0.785278,-4.516602,13.366703,-15.075687,cycling_2
1769336774.9272978,-0.497559,-0.019897,-0.633057,-8.605957,6.591799,-13.183598,cycling_2
1769336774.9485416,-0.641968,-0.107666,-0.728027,-10.498047,11.657719,-7.385256,cycling_2
1769336774.987102,-0.752319,0.036255,-0.778442,-10.131836,15.380863,-6.225588,cycling_2
1769336775.0619671,-0.537231,-0.180176,-0.622559,-19.165039,9.460449,-2.136230,cycling_2
1769336775.07656,-0.823242,-0.175049,-0.788208,-18.981934,17.333984,-2.319336,cycling_2
1769336775.0989714,-0.685425,-0.056396,-0.719482,-18.005371,14.953617,-0.366211,cycling_2
1769336775.100514,-0.486938,-0.045654,-0.557861,-20.446777,9.704590,6.835939,cycling_2
1769336775.1217606,-0.828857,0.015991,-0.849121,-13.122562,10.498047,3.051759,cycling_2
1769336775.134775,-1.019653,0.015137,-0.885132,-6.530764,2.624512,-14.282230,cycling_2
1769336775.1361644,-0.654663,-0.199219,-0.744263,-15.808109,12.512211,-24.780281,cycling_2
1769336775.1418982,-0.747803,-0.275269,-0.854980,-27.648933,21.179199,-16.540527,cycling_2
1769336775.1500165,-0.885376,-0.197998,-0.911987,-31.494148,26.123055,-18.615723,cycling_2
1769336775.170278,-0.692505,-0.122803,-0.817261,-35.461426,34.973145,-23.742683,cycling_2
1769336775.1902006,-0.513428,-0.260742,-0.650635,-37.780762,24.414070,-23.193367,cycling_2
1769336775.215131,-0.671997,-0.123901,-0.709351,-38.024902,26.123055,-8.300781,cycling_2
1769336775.2251356,-0.677612,0.126953,-0.693115,-32.348633,23.193367,-5.310059,cycling_2
1769336775.2493906,-0.521729,0.031982,-0.613037,-24.597176,23.681648,-20.507813,cycling_2
1769336775.2740953,-0.472168,0.295166,-0.628052,-11.596684,10.070801,-12.756351,cycling_2
1769336775.2879868,-0.264282,0.349976,-0.574951,-19.104004,8.911133,-15.930180,cycling_2
1769336775.3100858,-0.778320,0.405762,-1.018188,-15.136723,13.000492,-19.531250,cycling_2
1769336775.329327,-0.106934,0.466675,-0.841309,-20.446777,0.061035,-29.479988,cycling_2
1769336775.3519945,-0.187622,0.213623,-0.865967,-15.502934,-11.596684,-20.263672,cycling_2
1769336775.370895,-0.667603,0.084229,-0.981567,-16.296387,-0.427246,-21.118164,cycling_2
1769336775.3910675,-0.462524,0.472168,-0.649658,-16.723633,-6.103518,-13.488773,cycling_2
1769336775.4068968,-0.444946,0.408203,-0.725708,-9.216309,-22.827156,-14.099125,cycling_2
1769336775.4279017,-0.416382,0.268311,-0.697754,-5.920412,-33.813477,-18.493652,cycling_2
1769336775.4470358,-0.434570,0.300903,-0.902222,6.469728,-38.513184,-13.549809,cycling_2
1769336775.4753928,-0.498779,0.286377,-0.827637,15.441898,-48.095718,-18.371582,cycling_2
1769336775.4985628,-0.497559,0.107056,-0.737427,14.953617,-44.677750,-20.141602,cycling_2
1769336775.5099905,-0.626709,0.004272,-0.760742,8.972168,-31.066902,-4.455566,cycling_2
1769336775.5420833,-0.552734,0.291504,-0.760986,10.253906,-43.823242,0.122070,cycling_2
1769336775.5576925,-0.685303,-0.300659,-0.850708,6.835939,-49.133316,-20.629883,cycling_2
1769336775.5817146,-0.851807,-0.324341,-0.956665,11.230473,-37.048340,4.272461,cycling_2
1769336775.588784,-0.827393,-0.010864,-0.705811,7.751467,-30.883797,7.751467,cycling_2
1769336775.6150174,-0.699097,-0.363037,-0.622559,-4.028320,-33.935547,-11.718754,cycling_2
1769336775.6292424,-0.914795,-0.357178,-0.918091,10.070801,-27.526863,0.976563,cycling_2
1769336775.6505163,-0.613892,0.048828,-0.643677,0.671387,-18.127441,-8.728027,cycling_2
1769336775.6701581,-0.488525,-0.412109,-0.766846,3.173829,-24.597176,-15.625004,cycling_2
1769336775.684334,-0.759644,-0.128662,-0.896973,15.869144,-19.226074,11.352543,cycling_2
1769336775.708944,-0.855591,0.447754,-0.758057,9.643555,-4.272461,12.573246,cycling_2
1769336775.731344,-0.524902,-0.098022,-0.683716,-8.483887,-16.479492,-26.367195,cycling_2
1769336775.752068,-0.581543,-0.244995,-0.763550,13.366703,-20.629883,-3.295899,cycling_2
1769336775.7697005,-0.837158,0.316528,-0.730591,15.075687,-9.033203,17.150879,cycling_2
1769336775.7883494,-0.513550,0.182251,-0.666260,3.417970,-11.840824,-8.178711,cycling_2
1769336775.8108745,-0.591553,-0.073364,-0.670166,15.747074,-26.733406,-10.070801,cycling_2
1769336775.8317332,-0.555420,-0.025391,-0.627808,11.962894,-21.850586,7.995607,cycling_2
1769336775.852158,-0.676880,0.140137,-0.683838,12.939457,-13.549809,14.465336,cycling_2
1769336775.8712268,-0.834839,0.245850,-0.813477,17.700195,-8.544922,2.990724,cycling_2
1769336775.8909025,-0.626831,0.142334,-0.755371,19.165039,-21.728516,-9.155273,cycling_2
1769336775.9106622,-0.709351,0.076660,-0.680176,28.015144,-31.982430,2.441406,cycling_2
1769336775.9327977,-0.891968,0.389771,-0.741577,26.794441,-22.399910,0.183106,cycling_2
1769336775.9470308,-0.609741,0.025269,-0.738281,25.695808,-39.367676,-17.822266,cycling_2
1769336775.969073,-0.550903,-0.695435,-0.673828,30.151375,-44.738785,-14.221195,cycling_2
1769336776.0619035,-0.848999,0.017700,-0.668091,40.405273,-21.362305,28.991707,cycling_2
1769336776.0817857,-0.977905,0.101440,-0.574463,24.169930,-16.601563,13.305668,cycling_2
1769336776.0930665,-0.857300,-0.175171,-0.657349,22.583015,-14.282230,0.122070,cycling_2
1769336776.1219351,-0.599243,-0.323608,-0.620117,23.742683,-21.606445,6.042482,cycling_2
1769336776.24503,-0.862915,-0.130981,-0.688843,25.817879,-13.122562,13.061527,cycling_2
1769336776.2460263,-0.872314,-0.165649,-0.650391,23.254402,-5.249023,7.385256,cycling_2
1769336776.2460263,-0.826538,-0.161621,-0.655151,26.245125,-9.643555,11.230473,cycling_2
1769336776.2460263,-0.719849,-0.476685,-0.648071,17.822266,-4.821777,3.173829,cycling_2
1769336776.2460263,-0.802734,-0.268188,-0.658691,21.728516,-0.244141,20.385742,cycling_2
1769336776.2460263,-0.883789,-0.335205,-0.641235,13.427738,5.798342,6.713869,cycling_2
1769336776.2460263,-0.841919,-0.294800,-0.703491,17.150879,10.620117,8.117676,cycling_2
1769336776.2460263,-0.702026,0.133789,-0.622314,19.348145,5.798342,26.062019,cycling_2
1769336776.251364,-0.771729,-0.155396,-0.662720,16.052246,1.708985,7.873537,cycling_2
1769336776.2535076,-0.747314,-0.011353,-0.686279,21.240234,4.699707,18.249512,cycling_2
1769336776.2691748,-0.689209,-0.266846,-0.682617,18.249512,1.464844,11.901859,cycling_2
1769336776.2896397,-0.728516,-0.088013,-0.563232,19.470215,3.845216,33.081055,cycling_2
1769336776.3090558,-0.771606,-0.222412,-0.686279,2.563477,1.647950,33.935547,cycling_2
1769336776.331974,-0.851318,-0.079712,-0.815674,8.850098,-6.652834,32.714844,cycling_2
1769336776.3525257,-0.737305,-0.224365,-0.694702,5.065918,-24.414070,29.602058,cycling_2
1769336776.3664083,-0.912231,-0.282959,-0.608643,7.934572,-26.977547,22.766121,cycling_2
1769336776.385533,-0.925781,-0.067871,-0.558594,4.516602,-13.977055,23.925789,cycling_2
1769336776.4062476,-0.765259,-0.316406,-0.610229,-9.582520,-7.385256,17.395020,cycling_2
1769336776.42703,-0.883423,-0.041870,-0.620239,-4.211426,4.638672,31.005867,cycling_2
1769336776.4637768,-0.837158,0.020264,-0.600098,-7.690432,5.676271,19.226074,cycling_2
1769336776.4821672,-0.760498,0.065308,-0.584229,-3.540040,6.530764,15.136723,cycling_2
1769336776.490307,-0.696045,-0.030884,-0.544434,-4.333496,2.624512,12.329105,cycling_2
1769336776.5119464,-0.803223,-0.035400,-0.592896,4.699707,3.845216,12.268070,cycling_2
1769336776.5299077,-0.736572,0.173340,-0.520630,4.882813,9.582520,20.629883,cycling_2
1769336776.5490384,-0.807861,0.101440,-0.585938,7.507326,7.507326,11.718754,cycling_2
1769336776.57089,-0.751953,0.155151,-0.547363,9.155273,9.460449,9.460449,cycling_2
1769336776.588347,-0.690918,0.218140,-0.572510,6.591799,7.263186,12.023930,cycling_2
1769336776.6090565,-0.870117,0.237915,-0.663696,14.099125,-1.464844,6.347658,cycling_2
1769336776.6282823,-0.695801,0.179932,-0.543701,12.084965,-6.530764,2.197266,cycling_2
1769336776.647727,-0.750977,0.026123,-0.605103,11.901859,-9.521484,7.080080,cycling_2
1769336776.6699426,-0.886963,0.064087,-0.654297,15.441898,-3.723145,8.666992,cycling_2
1769336776.6894262,-0.679443,0.107178,-0.633423,14.282230,-4.638672,8.666992,cycling_2
1769336776.71087,-0.743164,-0.126831,-0.633057,18.798828,-7.690432,16.784668,cycling_2
1769336776.7290375,-0.897705,0.150269,-0.673584,24.780281,-0.427246,14.831547,cycling_2
1769336776.7508683,-0.786987,0.300659,-0.612915,21.667480,-3.906251,12.634281,cycling_2
1769336776.76735,-0.718384,-0.220215,-0.608643,26.062019,-21.606445,-5.737307,cycling_2
1769336776.7904432,-0.852295,-0.329712,-0.659790,29.602058,-13.000492,8.789063,cycling_2
1769336776.8095112,-1.064575,0.224243,-0.719482,27.404793,6.164553,25.146492,cycling_2
1769336776.8292701,-0.652100,-0.316772,-0.607544,17.639160,-13.671879,5.859377,cycling_2
1769336776.850843,-0.940308,-0.237061,-0.688721,20.568848,-5.371094,16.723633,cycling_2
1769336776.8690076,-0.989990,0.124756,-0.561035,9.582520,4.760742,21.240234,cycling_2
1769336776.8891122,-0.832275,-0.044434,-0.641846,3.967286,2.929688,7.873537,cycling_2
1769336776.9098747,-0.787720,-0.086304,-0.598755,13.793949,2.441406,7.446291,cycling_2
1769336776.9275286,-0.699341,-0.058594,-0.535156,11.413578,5.737307,13.549809,cycling_2
1769336776.9489448,-0.817017,0.051880,-0.546631,11.169437,6.896975,12.573246,cycling_2
1769336776.9697397,-0.866943,0.197266,-0.602783,15.136723,10.131836,14.099125,cycling_2
1769336776.9898689,-0.840332,0.143799,-0.619629,13.793949,5.004883,-3.906251,cycling_2
1769336777.0093987,-0.644531,-0.189575,-0.559082,14.465336,-2.441406,-2.746582,cycling_2
1769336777.0281768,-0.869507,-0.050537,-0.634277,18.737793,6.225588,16.174316,cycling_2
1769336777.0505095,-0.886230,0.324097,-0.622192,11.169437,12.695316,17.761230,cycling_2
1769336777.0692112,-0.636353,-0.071167,-0.612549,7.873537,-6.774904,4.150391,cycling_2
1769336777.0895042,-0.715210,-0.206421,-0.593750,11.535648,-0.244141,26.000984,cycling_2
1769336777.1072228,-0.835938,0.154785,-0.618652,0.976563,-1.281738,20.263672,cycling_2
1769336777.1318643,-0.712402,-0.133057,-0.653442,3.112794,-9.887695,14.648441,cycling_2
1769336777.15062,-0.792847,-0.101807,-0.662720,8.666992,-5.798342,20.080566,cycling_2
1769336777.169686,-0.765869,-0.176392,-0.568115,6.652834,-5.126953,17.517090,cycling_2
1769336777.1903265,-0.893677,-0.121460,-0.645996,11.352543,0.366211,16.967773,cycling_2
1769336777.210812,-0.896973,0.222656,-0.600708,11.413578,7.507326,20.935059,cycling_2
1769336777.2317147,-0.877075,-0.199219,-0.597656,10.070801,-5.126953,8.361816,cycling_2
1769336777.2470255,-0.893433,-0.000732,-0.647461,12.512211,7.568361,18.920898,cycling_2
1769336777.271904,-0.882202,0.273315,-0.596558,10.559082,9.155273,17.639160,cycling_2
1769336777.2902558,-0.619019,0.080078,-0.561768,1.098633,-0.488281,13.000492,cycling_2
1769336777.3082817,-0.787231,-0.051636,-0.606323,4.882813,0.976563,16.113281,cycling_2
1769336777.321809,-0.708252,0.184204,-0.463989,-5.249023,7.507326,19.104004,cycling_2
1769336777.349855,-0.687378,0.101196,-0.514404,-5.798342,0.976563,17.333984,cycling_2
1769336777.3713799,-0.646973,0.387085,-0.491943,-0.061035,0.915528,21.423340,cycling_2
1769336777.3920727,-0.703613,0.179932,-0.626953,3.906251,-10.314941,13.854984,cycling_2
1769336777.411705,-0.855225,0.485107,-0.680786,14.770512,3.417970,18.981934,cycling_2
1769336777.431757,-0.718872,0.159180,-0.521606,6.652834,-25.329597,-12.207035,cycling_2
1769336777.4518492,-0.800049,-0.374390,-0.505981,24.963387,-24.719246,-6.286623,cycling_2
1769336777.4719737,-0.944824,0.319702,-0.647583,16.845703,6.958010,14.282230,cycling_2
1769336777.4826171,-0.831909,0.181885,-0.626831,14.770512,-2.319336,-16.357422,cycling_2
1769336777.5089302,-0.463135,-0.519531,-0.411011,14.587406,-6.042482,0.854492,cycling_2
1769336777.531023,-0.911011,0.272705,-0.551636,9.094238,7.995607,15.808109,cycling_2
1769336777.5505445,-0.920532,0.604492,-0.522095,-2.807618,17.272949,12.939457,cycling_2
1769336777.5710826,-0.600952,0.135864,-0.548950,8.300781,0.976563,-13.732914,cycling_2
1769336777.5916448,-0.730835,0.121460,-0.675171,27.709969,11.596684,1.892090,cycling_2
1769336777.6120443,-0.778809,0.583984,-0.572021,35.583496,8.911133,-1.220703,cycling_2
1769336777.6307979,-0.740479,-0.151245,-0.655029,35.339355,-2.319336,-5.676271,cycling_2
1769336777.6516457,-0.897339,0.325073,-0.709473,46.813980,0.671387,13.061527,cycling_2
1769336777.6717517,-0.941284,0.276855,-0.773438,46.325699,-9.948730,-3.906251,cycling_2
1769336777.6912572,-0.651367,-0.222046,-0.506714,48.889175,-25.695808,-1.953125,cycling_2
1769336777.7109878,-0.804932,-0.259155,-0.600342,49.072281,-15.197758,1.464844,cycling_2
1769336777.7248664,-0.914307,-0.011597,-0.671387,49.987808,-10.864258,12.756351,cycling_2
1769336777.74897,-0.975220,0.172485,-0.619629,51.269547,-18.981934,0.488281,cycling_2
1769336777.7662535,-0.581177,-0.682129,-0.541992,42.724609,-20.629883,-23.254402,cycling_2
1769336777.7892592,-0.944824,-0.101074,-0.760864,55.725113,-4.211426,13.366703,cycling_2
1769336777.8089075,-0.962036,0.073608,-0.642578,47.302261,-0.061035,-3.479005,cycling_2
1769336777.829781,-0.762451,-0.387329,-0.557495,45.532242,-5.065918,-9.521484,cycling_2
1769336777.8503504,-0.876099,-0.073486,-0.705322,45.837418,14.892582,8.361816,cycling_2
1769336777.8660555,-0.686279,-0.309082,-0.629517,37.109375,3.662110,1.159668,cycling_2
1769336777.8852968,-0.973511,-0.181519,-0.752808,24.230965,9.765625,11.413578,cycling_2
1769336777.9119475,-0.716064,-0.126099,-0.729614,25.207527,-5.615236,11.352543,cycling_2
1769336777.9315035,-0.721313,-0.414429,-0.619263,23.742683,-15.991215,9.460449,cycling_2
1769336777.9492521,-0.868774,-0.384888,-0.591553,12.390141,0.549316,14.892582,cycling_2
1769336777.9688194,-1.007202,-0.257446,-0.695801,14.343266,4.821777,7.385256,cycling_2
1769336777.9911175,-0.732056,-0.012329,-0.484619,5.187988,1.953125,26.794441,cycling_2
1769336778.0097852,-0.851196,-0.285889,-0.501709,-0.122070,12.939457,13.916019,cycling_2
1769336778.029646,-0.876343,0.034668,-0.538208,-8.300781,10.498047,24.475105,cycling_2
1769336778.0487604,-0.854980,0.216797,-0.554321,-13.916019,7.019045,19.897461,cycling_2
1769336778.0713365,-0.708862,-0.053955,-0.608276,-12.939457,-4.760742,13.427738,cycling_2
1769336778.093257,-0.702881,-0.259033,-0.684814,-1.953125,-6.469728,13.610844,cycling_2
1769336778.1122324,-0.863892,-0.000977,-0.640137,-2.563477,4.150391,27.343758,cycling_2
1769336778.131928,-0.890503,-0.069702,-0.506348,-14.587406,-0.915528,14.282230,cycling_2
1769336778.1493242,-0.685303,-0.268921,-0.494995,-14.831547,6.530764,19.775391,cycling_2
1769336778.1697257,-0.911743,-0.076050,-0.583740,-4.699707,11.169437,20.568848,cycling_2
1769336778.1877446,-0.831421,0.366699,-0.545898,-9.521484,27.893074,32.775879,cycling_2
1769336778.2112048,-0.642822,0.155396,-0.549194,-9.094238,9.399414,19.348145,cycling_2
1769336778.231843,-0.800659,0.063477,-0.589233,6.469728,2.746582,20.751953,cycling_2
1769336778.251942,-0.929077,0.332642,-0.501709,3.845216,9.765625,22.949226,cycling_2
1769336778.2671702,-0.835693,0.355713,-0.483032,-5.187988,11.413578,13.732914,cycling_2
1769336778.287613,-0.792725,0.088135,-0.508667,1.281738,1.770020,11.352543,cycling_2
1769336778.3119965,-0.758423,0.435791,-0.550537,-1.220703,9.765625,19.531250,cycling_2
1769336778.3303988,-0.757080,0.156616,-0.607910,4.760742,-13.854984,-4.211426,cycling_2
1769336778.3504863,-0.635620,0.324951,-0.500000,11.962894,-0.671387,12.878422,cycling_2
1769336778.3713963,-0.679565,0.168091,-0.531128,12.939457,-19.287109,3.417970,cycling_2
1769336778.3905067,-0.819336,0.054565,-0.591064,17.578125,-11.291508,7.019045,cycling_2
1769336778.4082503,-0.761719,0.174316,-0.573608,17.578125,-15.258793,4.882813,cycling_2
1769336778.4317894,-0.885376,0.257568,-0.578735,22.155769,-0.854492,13.183598,cycling_2
1769336778.4489746,-0.777100,-0.014038,-0.487305,21.606445,-9.033203,5.859377,cycling_2
1769336778.4694326,-0.932617,0.203613,-0.735474,22.949226,-2.319336,14.892582,cycling_2
1769336778.489755,-0.622925,-0.170044,-0.509644,21.118164,-17.028809,6.774904,cycling_2
1769336778.508676,-0.815674,-0.173828,-0.714600,24.292000,-18.981934,11.413578,cycling_2
1769336778.5305693,-0.930420,0.017822,-0.682007,21.301270,-2.624512,19.958496,cycling_2
1769336778.5518324,-0.842041,-0.193481,-0.580933,13.671879,-16.784668,-3.356935,cycling_2
1769336778.5663257,-0.877075,-0.083618,-0.618164,14.160160,-1.403809,16.113281,cycling_2
1769336778.5887585,-1.017578,0.261841,-0.631714,22.521980,5.004883,18.188477,cycling_2
1769336778.6019952,-0.758179,0.075439,-0.566650,19.042969,-5.554201,2.258301,cycling_2
1769336778.6296012,-0.668579,-0.282227,-0.540405,23.315437,-2.319336,13.549809,cycling_2
1769336778.6504104,-0.901123,0.269043,-0.657104,24.475105,5.798342,23.742683,cycling_2
1769336778.6699128,-0.857422,0.235107,-0.564697,21.667480,2.075195,18.432617,cycling_2
1769336778.6869152,-0.811157,0.055420,-0.596802,21.972656,-4.455566,5.798342,cycling_2
1769336778.710208,-0.692749,0.224243,-0.583374,23.681648,-2.990724,15.380863,cycling_2
1769336778.7276537,-0.750732,0.014160,-0.619751,25.939949,-8.605957,14.770512,cycling_2
1769336778.7509518,-0.909180,0.220337,-0.598877,28.930672,-6.652834,16.784668,cycling_2
1769336778.7672622,-0.731201,-0.094604,-0.514526,30.090340,-10.437012,4.882813,cycling_2
1769336778.789192,-0.842896,0.088135,-0.575195,28.564461,-4.211426,28.259285,cycling_2
1769336778.8087776,-0.714111,-0.299805,-0.658813,29.174812,-14.038090,5.004883,cycling_2
1769336778.8292334,-0.774048,-0.088867,-0.719360,33.081055,-9.338379,18.249512,cycling_2
1769336778.847111,-0.841553,0.047485,-0.589233,31.250008,-12.512211,18.493652,cycling_2
1769336778.8700361,-0.913940,-0.026001,-0.520020,22.216805,-3.173829,9.887695,cycling_2
1769336778.8896573,-0.924438,0.079956,-0.619141,21.911621,2.502441,8.239746,cycling_2
1769336778.9079556,-0.807373,0.079590,-0.523438,23.010262,-0.976563,7.690432,cycling_2
1769336778.926905,-0.904541,0.110107,-0.485474,20.019531,-2.685547,8.605957,cycling_2
1769336778.948343,-0.744629,0.161255,-0.595947,26.123055,-1.525879,15.136723,cycling_2
1769336778.9688017,-0.915527,0.301392,-0.643188,30.334480,-3.540040,20.812988,cycling_2
1769336778.9899304,-0.541992,-0.147461,-0.450928,25.756844,-14.831547,5.187988,cycling_2
1769336779.0099967,-0.878906,0.207031,-0.543579,26.123055,-9.399414,31.677254,cycling_2
1769336779.0307581,-0.874756,0.194214,-0.568481,32.409668,-16.845703,15.258793,cycling_2
1769336779.0499828,-0.805298,0.119507,-0.407837,30.334480,-18.737793,14.892582,cycling_2
1769336779.0691273,-0.797729,0.139526,-0.567871,38.452148,-20.996094,16.296387,cycling_2
1769336779.0906038,-0.856567,0.155518,-0.582153,44.799820,-20.385742,9.643555,cycling_2
1769336779.1090238,-0.759766,0.071167,-0.487793,47.973648,-20.202637,8.483887,cycling_2
1769336779.1299944,-0.889526,0.072754,-0.464600,49.011246,-22.094727,5.798342,cycling_2
1769336779.1488984,-0.998169,0.168579,-0.590698,55.969254,-17.395020,5.981447,cycling_2
1769336779.1694756,-0.823364,-0.042358,-0.503662,54.748550,-17.395020,-0.732422,cycling_2
1769336779.1896958,-0.897583,-0.228027,-0.473511,51.147476,-14.709476,5.371094,cycling_2
1769336779.2091875,-0.936401,0.118408,-0.603027,48.584000,-7.934572,15.014652,cycling_2
1769336779.2289503,-0.805054,-0.195190,-0.605713,45.471207,-8.789063,4.821777,cycling_2
1769336779.252233,-0.712769,-0.151855,-0.582764,45.532242,-5.310059,21.179199,cycling_2
1769336779.2664528,-1.058716,-0.195801,-0.387329,39.428711,-3.845216,7.934572,cycling_2
1769336779.3019955,-0.724365,0.044189,-0.597168,33.264160,6.469728,17.395020,cycling_2
1769336779.310425,-0.612671,-0.146118,-0.481445,40.344238,-4.394531,13.244633,cycling_2
1769336779.328666,-1.171021,0.067505,-0.795776,29.235847,19.958496,11.962894,cycling_2
1769336779.3494108,-0.745117,-0.189575,-0.623047,38.635254,0.427246,5.371094,cycling_2
1769336779.3705263,-1.001465,-0.283447,-0.435913,29.785164,8.483887,4.943848,cycling_2
1769336779.3911986,-1.037720,-0.068115,-0.504883,21.545410,13.366703,11.657719,cycling_2
1769336779.407512,-0.925903,-0.187012,-0.541504,13.671879,11.047363,5.371094,cycling_2
1769336779.491919,-0.925903,-0.192505,-0.504883,10.864258,14.526371,5.859377,cycling_2
1769336779.51215,-0.803589,0.055786,-0.480713,14.770512,15.014652,13.977055,cycling_2
1769336779.5320969,-0.752808,-0.146973,-0.523438,17.639160,10.742188,7.568361,cycling_2
1769336779.5576012,-0.570557,-0.033447,-0.585449,20.935059,-0.549316,27.587898,cycling_2
1769336779.6981976,-0.829590,-0.106934,-0.714966,19.775391,-2.990724,14.404301,cycling_2
1769336779.701887,-0.873291,-0.208496,-0.565308,17.639160,-7.629396,14.831547,cycling_2
1769336779.702815,-0.832642,-0.271118,-0.676758,8.300781,-0.061035,14.953617,cycling_2
1769336779.704556,-1.083496,-0.073730,-0.696777,12.756351,4.943848,11.779789,cycling_2
1769336779.706316,-0.916992,-0.046997,-0.503296,-15.563969,0.061035,3.051759,cycling_2
1769336779.7170146,-0.932251,-0.111206,-0.547363,-7.385256,8.239746,10.437012,cycling_2
1769336779.7187214,-0.979370,0.029419,-0.609375,-6.225588,14.953617,17.822266,cycling_2
1769336779.72537,-0.742432,-0.027100,-0.436890,-5.187988,10.253906,10.986328,cycling_2
1769336779.733869,-0.661499,-0.093384,-0.422241,-7.324221,10.437012,18.981934,cycling_2
1769336779.746975,-0.882813,0.178711,-0.376587,-4.028320,17.944336,19.409180,cycling_2
1769336779.7678068,-0.792847,0.332275,-0.406128,-3.112794,23.803719,21.972656,cycling_2
1769336779.77432,-0.763916,0.375610,-0.375488,7.446291,24.475105,21.301270,cycling_2
1769336779.8219616,-0.685181,0.139404,-0.451050,8.422852,16.052246,11.169437,cycling_2
1769336779.8317883,-0.835327,0.468384,-0.600708,21.789551,28.503426,27.282722,cycling_2
1769336779.8571842,-0.642822,0.233765,-0.509888,18.676758,9.582520,-0.976563,cycling_2
1769336779.8778317,-0.615845,0.195923,-0.344727,21.606445,4.516602,20.812988,cycling_2
1769336779.9118962,-0.915894,0.313599,-0.544312,19.958496,7.202150,10.314941,cycling_2
1769336779.9337397,-0.731079,0.254883,-0.579224,25.817879,0.183106,12.634281,cycling_2
1769336779.9548945,-0.850952,0.319092,-0.471191,36.010742,-12.695316,12.329105,cycling_2
1769336779.976949,-0.842163,0.046387,-0.424683,37.231445,-14.099125,-0.610352,cycling_2
1769336780.051748,-1.031372,0.218262,-0.550171,48.522964,-9.277344,11.962894,cycling_2
1769336780.051748,-0.868530,-0.123169,-0.710327,57.128922,-17.150879,-5.737307,cycling_2
1769336780.051748,-0.648560,-0.147705,-0.533569,63.232437,-22.766121,16.296387,cycling_2
1769336780.0617144,-0.919556,-0.148315,-0.589600,58.593765,-6.591799,14.892582,cycling_2
1769336780.0617144,-0.905762,-0.050415,-0.578735,58.959976,-16.479492,11.840824,cycling_2
1769336780.0649736,-0.878418,-0.089966,-0.568970,52.612320,-11.901859,6.347658,cycling_2
1769336780.0692036,-0.939331,-0.060059,-0.641602,50.415054,-13.122562,1.953125,cycling_2
1769336780.0762002,-0.805664,-0.011108,-0.608521,51.269547,-15.197758,7.324221,cycling_2
1769336780.0764697,-0.782715,-0.046875,-0.575562,52.978531,-14.892582,11.962894,cycling_2
1769336780.0883663,-0.881958,-0.013794,-0.642700,56.030289,-16.052246,12.451176,cycling_2
1769336780.1083744,-0.849121,0.250122,-0.506470,56.823746,-21.545410,23.498543,cycling_2
1769336780.129719,-0.921021,-0.165405,-0.423462,43.701172,-19.653320,15.991215,cycling_2
1769336780.1510365,-0.965698,0.248047,-0.621826,45.837418,-15.869144,23.010262,cycling_2
1769336780.1718466,-0.760376,-0.292236,-0.470337,42.419434,-26.855476,9.521484,cycling_2
1769336780.1918325,-0.994263,-0.028687,-0.477173,40.405273,-13.549809,21.667480,cycling_2
1769336780.2119596,-0.957520,-0.186279,-0.476074,37.658691,-17.883301,11.901859,cycling_2
1769336780.2323132,-0.999146,-0.195923,-0.445679,36.743164,-12.817387,18.066406,cycling_2
1769336780.2516086,-0.854248,-0.535278,-0.525146,33.325195,-10.620117,14.953617,cycling_2
1769336780.271965,-1.184692,-0.020020,-0.620361,36.376953,5.310059,23.437508,cycling_2
1769336780.2880602,-0.889893,-0.575439,-0.663086,26.611336,3.540040,-10.253906,cycling_2
1769336780.3080714,-0.793945,-0.570313,-0.507202,21.179199,-3.845216,0.976563,cycling_2
1769336780.3284793,-0.998169,-0.371826,-0.682617,7.568361,27.526863,0.244141,cycling_2
1769336780.3520768,-0.936768,-0.370239,-0.559570,6.774904,25.817879,1.464844,cycling_2
1769336780.3731725,-0.936890,-0.233398,-0.511353,3.173829,31.005867,-0.183106,cycling_2
1769336780.3909802,-0.906006,-0.306274,-0.559448,1.770020,31.982430,-1.403809,cycling_2
1769336780.4752383,-0.844360,-0.254395,-0.521240,-4.638672,31.555183,1.159668,cycling_2
1769336780.4817023,-0.651123,-0.391846,-0.542969,-14.709476,25.085457,3.967286,cycling_2
1769336780.5130205,-0.990234,-0.371338,-0.578003,-10.253906,28.320320,5.187988,cycling_2
1769336780.5366528,-1.003906,-0.120605,-0.430786,-13.366703,28.076180,-1.098633,cycling_2
1769336780.6022382,-0.775024,-0.304443,-0.454224,-22.460945,37.475586,2.990724,cycling_2
1769336780.6405003,-0.916992,-0.271240,-0.672241,-18.188477,43.090820,10.498047,cycling_2
1769336780.6588125,-0.816406,0.051392,-0.512451,-22.460945,35.461426,12.817387,cycling_2
1769336780.6767797,-0.788818,-0.281128,-0.447998,-21.728516,29.296883,3.295899,cycling_2
1769336780.703984,-0.880371,0.126465,-0.481567,-14.404301,47.668472,20.202637,cycling_2
1769336780.7334862,-0.709106,0.098633,-0.469971,-17.700195,40.283203,18.310547,cycling_2
1769336780.7541795,-0.894409,0.155884,-0.503052,-8.300781,34.667969,20.812988,cycling_2
1769336780.7739131,-0.702515,0.201782,-0.353882,-15.563969,29.663094,8.361816,cycling_2
1769336781.031893,-0.829590,0.130737,-0.546753,-8.789063,25.878914,14.770512,cycling_2
1769336781.031893,-0.910522,0.320679,-0.550415,-6.408693,36.621094,5.310059,cycling_2
1769336781.031893,-0.516846,0.284058,-0.512085,-12.146000,25.634773,-2.075195,cycling_2
1769336781.031893,-0.665649,0.000854,-0.590210,-0.976563,2.197266,1.892090,cycling_2
1769336781.031893,-1.047974,0.456665,-0.651367,8.789063,24.108894,11.169437,cycling_2
1769336781.031893,-0.586060,0.255249,-0.553467,-8.117676,9.033203,-11.718754,cycling_2
1769336781.031893,-0.654907,-0.039551,-0.580322,1.525879,-6.469728,1.708985,cycling_2
1769336781.031893,-0.802612,0.193848,-0.619873,-5.065918,1.770020,1.831055,cycling_2
1769336781.031893,-0.598511,0.060425,-0.599487,-5.920412,-6.591799,-0.366211,cycling_2
1769336781.031893,-0.682007,-0.062134,-0.662964,-0.183106,-7.690432,2.441406,cycling_2
1769336781.031893,-0.780884,0.192627,-0.557617,1.159668,0.610352,6.896975,cycling_2
1769336781.0363395,-0.733887,0.210938,-0.592529,3.295899,-2.929688,-0.183106,cycling_2
1769336781.0363395,-0.726807,0.173340,-0.616943,10.131836,-8.361816,-4.211426,cycling_2
1769336781.0363395,-0.646362,0.120361,-0.568115,16.174316,-12.878422,-7.446291,cycling_2
1769336781.0363395,-0.720703,0.070557,-0.703857,19.287109,-17.517090,1.281738,cycling_2
1769336781.0363395,-0.868286,0.128784,-0.743286,17.883301,-10.803223,4.150391,cycling_2
1769336781.0363395,-0.801880,0.062866,-0.798462,10.925293,-13.916019,-3.662110,cycling_2
1769336781.0363395,-0.617920,-0.242798,-0.637695,7.812502,-17.761230,2.197266,cycling_2
1769336781.0363395,-0.821167,-0.222656,-0.724121,11.108402,-13.916019,13.793949,cycling_2
1769336781.0363395,-0.840576,0.126343,-0.648560,6.164553,3.417970,18.310547,cycling_2
1769336781.0517979,-0.699829,-0.101196,-0.596313,6.896975,-14.587406,4.699707,cycling_2
1769336781.071879,-0.621826,-0.317749,-0.586914,5.126953,-14.770512,12.390141,cycling_2
1769336781.0891163,-1.001465,0.135742,-0.705322,15.625004,3.662110,25.695808,cycling_2
1769336781.1732235,-0.804932,0.378296,-0.589478,4.272461,11.962894,11.413578,cycling_2
1769336781.196382,-0.553589,-0.154053,-0.587769,6.225588,-23.681648,-11.718754,cycling_2
1769336781.2176106,-0.890259,-0.026489,-0.614746,22.216805,-8.361816,5.798342,cycling_2
1769336781.2539408,-0.791504,0.322876,-0.701904,9.216309,8.117676,-4.333496,cycling_2
1769336782.2617602,-0.453491,-0.061768,-0.563599,15.075687,-25.878914,-11.718754,cycling_2
1769336782.2617602,-0.735718,-0.035278,-0.578247,24.841316,-17.578125,13.610844,cycling_2
1769336782.2629838,-0.975952,0.264404,-0.628296,18.066406,-5.187988,9.643555,cycling_2
1769336782.2982163,-0.544189,0.147461,-0.591919,0.854492,-13.244633,2.014160,cycling_2
1769336782.3180757,-0.630981,-0.064209,-0.641113,17.517090,-28.442390,13.427738,cycling_2
1769336782.3219995,-0.905029,0.091919,-0.609497,2.868653,-14.343266,5.249023,cycling_2
1769336782.325024,-0.764893,-0.059326,-0.629639,4.638672,-13.671879,9.460449,cycling_2
1769336782.325024,-0.935181,0.024414,-0.633911,13.732914,-11.535648,9.277344,cycling_2
1769336782.3305054,-0.896484,0.109985,-0.678101,9.338379,-2.563477,0.610352,cycling_2
1769336782.3361251,-0.659302,-0.214600,-0.630249,11.291508,-16.418457,-7.446291,cycling_2
1769336782.3361251,-0.849854,-0.204102,-0.633057,22.644051,-7.690432,9.155273,cycling_2
1769336782.361763,-1.034180,0.103516,-0.647095,20.874023,11.047363,5.187988,cycling_2
1769336782.3842182,-0.683472,-0.133179,-0.820801,18.920898,-0.427246,-16.601563,cycling_2
1769336782.404423,-0.806396,-0.123047,-0.710693,38.574219,-5.432129,-1.159668,cycling_2
1769336782.4221334,-0.923706,0.215088,-0.648071,36.254883,9.460449,0.549316,cycling_2
1769336783.2859943,-0.633545,0.134033,-0.569702,29.052742,0.793457,-4.394531,cycling_2
1769336783.2859943,-0.808716,0.139648,-0.579590,39.733887,-7.995607,-5.249023,cycling_2
1769336783.2870705,-0.689331,0.045044,-0.534668,36.621094,-4.699707,-6.774904,cycling_2
1769336783.2870705,-0.515015,-0.218872,-0.454590,31.555183,-6.591799,19.958496,cycling_2
1769336783.2870705,-1.007690,0.135986,-0.697632,34.667969,3.967286,9.094238,cycling_2
1769336783.2870705,-0.657837,-0.020020,-0.534058,25.756844,-5.371094,4.394531,cycling_2
1769336783.2870705,-1.010620,0.044556,-0.843018,56.579605,-4.211426,43.945313,cycling_2
1769336783.2870705,-0.813843,-0.271240,-0.521729,46.569839,-22.277840,11.474613,cycling_2
1769336783.2870705,-1.039063,-0.103394,-0.587402,51.025406,-12.939457,22.033691,cycling_2
1769336783.2870705,-0.963867,-0.025391,-0.707275,36.926270,5.126953,9.460449,cycling_2
1769336783.2870705,-0.814331,-0.489136,-0.743652,40.283203,-6.896975,-5.737307,cycling_2
1769336783.2870705,-0.713989,-0.145020,-0.691040,38.635254,3.723145,26.367195,cycling_2
1769336783.2870705,-0.964600,-0.134521,-0.641113,32.775879,7.141115,8.544922,cycling_2
1769336783.2870705,-0.837646,-0.378662,-0.488159,26.123055,3.601075,2.136230,cycling_2
1769336783.2870705,-0.837524,0.054199,-0.610840,27.954109,25.390633,14.099125,cycling_2
1769336783.2870705,-0.765747,-0.188965,-0.564941,26.916512,10.864258,7.141115,cycling_2
1769336783.2870705,-0.896484,-0.129517,-0.558838,32.409668,19.714355,13.549809,cycling_2
1769336783.2870705,-0.884155,0.198975,-0.509521,25.756844,28.991707,22.644051,cycling_2
1769336783.2870705,-0.659302,-0.266235,-0.452271,17.761230,12.207035,5.859377,cycling_2
1769336783.2870705,-0.814575,-0.192749,-0.592529,23.193367,21.606445,24.719246,cycling_2
1769336783.2870705,-0.899902,0.181274,-0.558594,14.465336,31.555183,29.785164,cycling_2
1769336783.2870705,-0.920532,-0.189697,-0.606567,32.897949,1.770020,15.808109,cycling_2
1769336783.2870705,-0.787354,-0.014282,-0.713623,26.611336,13.183598,22.216805,cycling_2
1769336783.2870705,-0.889160,-0.056519,-0.705811,24.169930,8.300781,15.808109,cycling_2
1769336783.3040445,-0.641113,-0.193481,-0.543701,11.596684,8.239746,12.634281,cycling_2
1769336783.3238304,-0.753906,-0.316650,-0.575195,9.094238,12.207035,19.165039,cycling_2
1769336783.3466587,-0.807007,-0.138672,-0.634277,0.732422,20.385742,0.366211,cycling_2
1769336783.3637168,-0.563843,-0.263062,-0.575562,8.117676,14.282230,11.413578,cycling_2
1769336783.3872588,-0.846436,-0.002075,-0.629761,14.648441,20.812988,15.075687,cycling_2
1769336783.4057128,-0.835815,0.051270,-0.654419,12.939457,23.437508,5.126953,cycling_2
1769336783.4261572,-0.821045,0.236328,-0.606201,25.268562,20.324707,8.728027,cycling_2
1769336783.4463081,-0.676025,0.156982,-0.448486,16.601563,7.934572,3.234864,cycling_2
1769336783.466959,-0.856934,0.122803,-0.638184,17.272949,19.409180,8.911133,cycling_2
1769336783.485976,-0.906982,0.258301,-0.763672,13.305668,20.751953,4.272461,cycling_2
1769336783.523521,-0.579834,-0.065918,-0.643799,8.911133,6.896975,-1.892090,cycling_2
1769336783.5892313,-0.608643,-0.110107,-0.615112,13.366703,5.004883,18.188477,cycling_2
1769336783.6195898,-0.867310,0.109009,-0.649902,10.192871,9.521484,14.282230,cycling_2
1769336783.632222,-0.791992,0.118530,-0.641357,10.864258,7.568361,6.530764,cycling_2
1769336783.6610422,-0.636353,0.011230,-0.543213,11.840824,1.586915,8.422852,cycling_2
1769336783.6839492,-0.836548,-0.040894,-0.765747,15.502934,12.146000,7.324221,cycling_2
1769336783.7036676,-0.675537,-0.024048,-0.677002,16.174316,5.676271,10.986328,cycling_2
1769336783.709536,-0.722534,-0.156860,-0.651123,19.287109,-0.305176,11.779789,cycling_2
1769336783.73346,-0.864014,-0.115479,-0.698486,15.563969,8.544922,8.972168,cycling_2
1769336783.7720976,-0.747192,-0.045776,-0.678101,11.901859,8.850098,10.925293,cycling_2
1769336783.795259,-0.764771,-0.195313,-0.730835,13.305668,3.540040,7.446291,cycling_2
1769336783.816693,-0.712402,-0.147949,-0.692383,9.643555,6.530764,16.479492,cycling_2
1769336783.8349912,-0.973022,0.032349,-0.733887,11.535648,9.582520,9.521484,cycling_2
1769336784.0920155,-0.697510,-0.223999,-0.634033,8.300781,5.249023,-1.525879,cycling_2
1769336784.0920155,-0.602783,-0.244629,-0.609131,8.300781,6.042482,12.878422,cycling_2
1769336785.2316802,-0.969604,0.054077,-0.791260,13.244633,17.517090,15.075687,cycling_2
1769336785.2321925,-0.761841,0.121582,-0.723267,8.728027,16.601563,3.417970,cycling_2
1769336785.2321925,-0.508301,-0.279663,-0.557251,6.896975,-4.516602,1.159668,cycling_2
1769336785.2321925,-0.872070,0.057861,-0.723145,5.249023,19.470215,14.343266,cycling_2
1769336785.2321925,-0.687744,0.045166,-0.694824,1.098633,13.000492,0.244141,cycling_2
1769336785.2321925,-0.655396,0.018311,-0.587769,4.577637,3.479005,3.540040,cycling_2
1769336785.2321925,-0.729492,-0.111328,-0.690308,5.065918,7.629396,-3.356935,cycling_2
1769336785.2321925,-0.647339,0.065796,-0.647461,9.826660,10.253906,10.925293,cycling_2
1769336785.2321925,-0.725586,-0.082764,-0.651978,11.718754,1.037598,-1.220703,cycling_2
1769336785.2321925,-0.615723,-0.192627,-0.600952,9.765625,6.774904,14.282230,cycling_2
1769336785.2321925,-0.802002,0.118164,-0.717407,12.451176,10.925293,8.300781,cycling_2
1769336785.2321925,-0.588989,-0.139771,-0.629150,10.192871,-0.122070,3.173829,cycling_2
1769336785.2321925,-0.836670,-0.069336,-0.738159,9.094238,8.239746,9.826660,cycling_2
1769336785.2321925,-0.841309,-0.061768,-0.792114,5.554201,10.437012,-0.061035,cycling_2
1769336785.2321925,-0.678345,-0.157227,-0.640625,3.051759,4.211426,0.610352,cycling_2
1769336785.2321925,-0.753906,-0.239746,-0.746338,0.488281,7.324221,2.319336,cycling_2
1769336785.2321925,-0.756958,-0.089355,-0.750854,-1.037598,13.977055,0.122070,cycling_2
1769336785.2321925,-0.549805,-0.523193,-0.620117,-4.028320,-1.953125,0.732422,cycling_2
1769336785.2321925,-0.950195,-0.145264,-0.800903,-2.624512,17.578125,12.268070,cycling_2
1769336785.2321925,-0.722290,-0.130249,-0.759766,-6.713869,17.822266,3.051759,cycling_2
1769336785.2371023,-0.643311,-0.381348,-0.718262,0.061035,-0.061035,1.953125,cycling_2
1769336785.2382975,-0.684204,0.106201,-0.706055,-0.671387,3.479005,2.929688,cycling_2
1769336785.2382975,-0.603394,-0.014648,-0.740967,-3.906251,-2.502441,-8.239746,cycling_2
1769336785.2382975,-0.643311,0.061035,-0.737427,-3.845216,0.915528,-5.798342,cycling_2
1769336785.2540338,-0.633667,0.067383,-0.744873,-5.126953,-2.319336,-12.634281,cycling_2
1769336785.2719586,-0.756836,0.025879,-0.721558,-2.502441,-6.774904,-18.005371,cycling_2
1769336785.2942214,-0.521606,-0.339478,-0.700562,-6.408693,-8.422852,-17.028809,cycling_2
1769336785.3142047,-0.665649,-0.062744,-0.763184,-0.854492,-3.662110,-4.455566,cycling_2
1769336785.333908,-0.603027,-0.050293,-0.696777,3.173829,-8.361816,-7.812502,cycling_2
1769336785.3526037,-0.612183,-0.286377,-0.671509,1.342773,-8.300781,-3.845216,cycling_2
1769336785.3747778,-0.755737,-0.220947,-0.849609,-0.854492,-3.051759,4.821777,cycling_2
1769336785.3918748,-0.786987,-0.070190,-0.804565,0.610352,-3.234864,4.699707,cycling_2
1769336785.41194,-0.603271,-0.270508,-0.712646,-5.737307,-10.437012,-2.502441,cycling_2
1769336785.4330168,-0.785278,-0.488525,-0.782104,-8.117676,-9.399414,3.356935,cycling_2
1769336785.4537537,-0.958740,-0.222778,-0.777344,-10.742188,1.586915,5.981447,cycling_2
1769336785.4745202,-0.895752,-0.045410,-0.826904,-9.216309,14.892582,2.868653,cycling_2
1769336785.49376,-0.738892,-0.111572,-0.782104,-13.854984,5.004883,-17.822266,cycling_2
1769336785.5161917,-0.511597,-0.584106,-0.698730,-12.023930,-1.647950,-12.268070,cycling_2
1769336785.5320046,-0.826538,-0.237671,-0.753540,-12.634281,13.793949,6.591799,cycling_2
1769336785.553222,-0.754883,0.010254,-0.702148,-21.545410,26.428230,3.112794,cycling_2
1769336785.5719478,-0.625244,-0.203735,-0.671631,-20.812988,11.779789,-10.681152,cycling_2
1769336785.5983255,-0.730591,0.017334,-0.762085,-20.629883,20.812988,-1.464844,cycling_2
1769336785.6132247,-0.648560,0.124878,-0.699585,-21.362305,18.554688,-7.446291,cycling_2
1769336785.6347532,-0.582764,-0.112183,-0.676025,-23.986824,7.446291,-21.179199,cycling_2
1769336785.6553721,-0.617554,-0.052979,-0.675171,-22.644051,11.291508,-5.981447,cycling_2
1769336785.7417798,-0.640137,0.074829,-0.735474,-21.545410,13.671879,-8.666992,cycling_2
1769336785.7590759,-0.653564,-0.043945,-0.709839,-20.385742,7.690432,-15.747074,cycling_2
1769336785.7836127,-0.542480,-0.034912,-0.660645,-21.240234,8.728027,-4.760742,cycling_2
1769336785.804331,-0.720215,0.087769,-0.872192,-13.793949,13.244633,-4.211426,cycling_2
1769336786.1118948,-0.833252,0.174316,-0.845093,-13.671879,6.896975,-22.094727,cycling_2
1769336786.132677,-0.295654,-0.073120,-0.656128,-18.859863,0.305176,-21.789551,cycling_2
1769336786.153869,-0.616211,-0.091797,-0.823364,-12.939457,1.403809,-5.187988,cycling_2
1769336786.2021976,-0.750977,-0.008179,-0.714966,-21.911621,4.577637,-14.282230,cycling_2
1769336786.2021976,-0.537842,-0.136353,-0.750122,-20.507813,1.647950,-11.413578,cycling_2
1769336786.222098,-0.622559,0.038696,-0.732910,-18.859863,4.272461,-0.610352,cycling_2
1769336786.2311711,-0.696533,0.225464,-0.810791,-13.305668,3.173829,-5.798342,cycling_2
1769336786.2321897,-0.525513,-0.034790,-0.753174,-13.122562,-8.666992,-21.057129,cycling_2
1769336786.234656,-0.517700,0.002197,-0.738281,-8.361816,-8.789063,-3.051759,cycling_2
1769336786.234656,-0.651733,0.116089,-0.782715,-8.544922,-5.798342,-5.920412,cycling_2
1769336786.234656,-0.658325,0.158325,-0.824707,-5.126953,-6.591799,-11.108402,cycling_2
1769336786.240701,-0.569336,0.149414,-0.737671,-7.263186,-12.084965,-14.709476,cycling_2
1769336786.240701,-0.625244,0.035156,-0.792847,-6.103518,-10.925293,-8.178711,cycling_2
1769336786.2437751,-0.693970,0.069580,-0.778442,-9.277344,-12.146000,-14.892582,cycling_2
1769336786.249737,-0.483643,-0.083374,-0.776733,-11.535648,-10.192871,-8.178711,cycling_2
1769336786.249737,-0.660034,0.051758,-0.782959,-8.178711,-11.352543,0.061035,cycling_2
1769336786.2519827,-0.575928,0.059814,-0.708252,-13.610844,-12.023930,-2.319336,cycling_2
1769336786.2532716,-0.524414,-0.077637,-0.745361,-8.239746,-14.526371,2.990724,cycling_2
1769336786.2540188,-0.655151,0.131348,-0.764282,-4.577637,-14.343266,6.530764,cycling_2
1769336786.2551126,-0.714722,0.279419,-0.822632,1.220703,-8.728027,-6.591799,cycling_2
1769336786.2618792,-0.416382,0.082031,-0.737915,2.929688,-21.301270,-8.422852,cycling_2
1769336786.2625048,-0.557739,0.049072,-0.775635,5.676271,-16.784668,7.385256,cycling_2
1769336786.2625048,-0.771729,0.257446,-0.830200,5.432129,-9.704590,1.220703,cycling_2
1769336786.2631633,-0.700195,-0.003540,-0.772583,-2.929688,-19.836426,-13.916019,cycling_2
1769336786.2631633,-0.464233,-0.377441,-0.705444,-6.469728,-17.333984,6.591799,cycling_2
1769336786.2655709,-0.859741,0.166992,-0.882813,-10.925293,-2.014160,10.803223,cycling_2
1769336786.274569,-0.552856,-0.029785,-0.763672,-14.038090,-9.704590,5.187988,cycling_2
1769336786.2934694,-0.631958,-0.016479,-0.774170,-5.920412,-13.122562,10.986328,cycling_2
1769336786.3118238,-0.744873,0.092285,-0.766235,-6.652834,-7.873537,5.493164,cycling_2
1769336786.3339057,-0.662354,0.058838,-0.802368,-0.122070,-6.652834,1.403809,cycling_2
1769336786.3556597,-0.637939,0.049927,-0.746216,6.042482,-12.329105,0.976563,cycling_2
1769336786.3779902,-0.690430,0.106934,-0.677490,10.314941,-7.812502,5.920412,cycling_2
1769336786.3959548,-0.620850,0.052734,-0.704224,13.183598,-9.216309,6.286623,cycling_2
1769336786.4141865,-0.680176,0.044556,-0.777100,20.629883,-6.835939,10.803223,cycling_2
1769336786.4337366,-0.727783,0.218018,-0.784058,22.155769,-1.953125,9.704590,cycling_2
1769336786.4539473,-0.601074,0.225708,-0.700317,19.592285,-4.211426,8.056641,cycling_2
1769336786.4752762,-0.745361,0.283813,-0.747681,21.301270,-3.234864,2.563477,cycling_2
1769336786.4949207,-0.597412,0.028931,-0.756592,10.803223,-7.019045,-4.272461,cycling_2
1769336786.5144687,-0.640991,-0.107666,-0.781982,13.061527,-1.159668,10.986328,cycling_2
1769336786.5355577,-0.767944,0.057739,-0.812378,11.352543,-1.037598,2.380371,cycling_2
1769336786.555284,-0.692505,0.061401,-0.699097,12.268070,-6.652834,4.211426,cycling_2
1769336786.575282,-0.758057,-0.066284,-0.772095,11.108402,-7.080080,-0.366211,cycling_2
1769336786.595045,-0.698364,-0.152100,-0.824951,7.873537,-0.854492,0.854492,cycling_2
1769336786.6130419,-0.607178,-0.331421,-0.834839,9.643555,-8.056641,7.812502,cycling_2
1769336786.6344104,-0.813843,0.011353,-0.778442,12.634281,2.380371,14.953617,cycling_2
1769336786.6549156,-0.683228,-0.152466,-0.716553,5.859377,2.441406,1.159668,cycling_2
1769336786.6750987,-0.764893,0.019775,-0.706299,11.840824,8.605957,8.789063,cycling_2
1769336786.6936984,-0.669800,0.124512,-0.730469,7.080080,8.605957,5.310059,cycling_2
1769336786.7125812,-0.658447,-0.037842,-0.734619,10.314941,4.943848,-0.488281,cycling_2
1769336786.7321563,-0.751221,0.149780,-0.714600,13.183598,12.573246,2.868653,cycling_2
1769336786.7521996,-0.617554,-0.030762,-0.705200,9.460449,4.455566,-6.591799,cycling_2
1769336786.7719848,-0.650757,0.010254,-0.732422,17.456055,6.591799,-1.647950,cycling_2
1769336786.79359,-0.706421,0.208984,-0.765381,22.094727,3.540040,-6.164553,cycling_2
1769336786.8144512,-0.583862,0.085449,-0.708374,23.864754,0.732422,-5.798342,cycling_2
1769336786.8320813,-0.686523,-0.004395,-0.757446,24.414070,-1.098633,-2.319336,cycling_2
1769336786.8616362,-0.623291,-0.114746,-0.649658,17.456055,-6.347658,-3.479005,cycling_2
1769336786.8839824,-0.583374,-0.292969,-0.792358,19.165039,-5.859377,9.460449,cycling_2
1769336786.8928633,-0.938599,0.240234,-0.818237,14.953617,7.690432,10.437012,cycling_2
1769336786.977775,-0.557617,-0.266846,-0.752686,7.446291,-11.718754,5.065918,cycling_2
1769336786.9987895,-0.826050,0.023071,-0.826294,9.216309,-7.690432,6.896975,cycling_2
1769336787.021856,-0.621460,0.072754,-0.730225,4.333496,-16.723633,6.713869,cycling_2
1769336787.0430887,-0.577026,-0.424561,-0.755493,4.394531,-30.578621,1.159668,cycling_2
1769336787.1399052,-0.945801,-0.175781,-0.770264,5.187988,-5.554201,10.253906,cycling_2
1769336787.16015,-0.708740,-0.152222,-0.646973,-5.371094,-4.211426,7.995607,cycling_2
1769336787.1818402,-0.687500,-0.222412,-0.674316,-1.098633,-5.554201,9.887695,cycling_2
1769336787.2507305,-0.818481,0.083008,-0.730957,0.915528,5.920412,12.146000,cycling_2
1769336787.2517438,-0.626099,-0.112427,-0.747925,-0.732422,-0.732422,3.234864,cycling_2
1769336787.2543004,-0.735962,0.028320,-0.697998,1.708985,8.544922,13.671879,cycling_2
1769336787.2552774,-0.724609,0.050171,-0.643188,-6.164553,7.751467,4.394531,cycling_2
1769336787.2552774,-0.689941,-0.000366,-0.710205,-4.760742,7.812502,6.347658,cycling_2
1769336787.2581415,-0.749023,0.019287,-0.749146,-6.652834,10.620117,4.577637,cycling_2
1769336787.2581415,-0.651855,0.135986,-0.715454,-7.629396,6.225588,6.286623,cycling_2
1769336787.2611494,-0.764648,0.072510,-0.743652,-5.859377,6.469728,1.892090,cycling_2
1769336787.2621155,-0.619873,0.069458,-0.654053,-10.131836,6.652834,3.417970,cycling_2
1769336787.263014,-0.634644,-0.005005,-0.689575,-12.756351,4.882813,7.568361,cycling_2
1769336787.2667685,-0.727417,-0.099243,-0.794189,-11.840824,9.826660,6.591799,cycling_2
1769336787.2719846,-0.699951,0.097168,-0.720337,-11.901859,9.094238,11.291508,cycling_2
1769336787.2933817,-0.558716,-0.154663,-0.690796,-10.131836,-0.671387,4.150391,cycling_2
1769336787.314011,-0.769897,0.090576,-0.750244,-7.202150,8.483887,11.596684,cycling_2
1769336787.333614,-0.667480,-0.000244,-0.689697,-10.681152,6.164553,5.249023,cycling_2
1769336787.3520374,-0.683838,-0.082397,-0.740967,-1.953125,3.784181,8.361816,cycling_2
1769336787.372008,-0.780640,0.178223,-0.739746,-4.516602,7.141115,9.033203,cycling_2
1769336787.3918257,-0.646729,-0.102661,-0.819580,-4.028320,-0.183106,0.854492,cycling_2
1769336787.4150147,-0.679932,-0.174438,-0.829834,-2.990724,1.159668,7.873537,cycling_2
1769336787.4343174,-0.741577,0.291748,-0.744873,-10.192871,11.962894,13.488773,cycling_2
1769336787.454925,-0.927124,-0.251099,-0.692627,-8.850098,2.929688,3.173829,cycling_2
1769336787.475078,-0.721191,0.203125,-0.783081,-15.319828,31.005867,7.141115,cycling_2
1769336787.4948232,-0.558105,0.152710,-0.661377,-20.996094,14.343266,-3.051759,cycling_2
1769336787.5146756,-0.654663,-0.100342,-0.743286,-7.019045,3.723145,-2.563477,cycling_2
1769336787.532181,-0.751465,0.144531,-0.755737,-8.117676,21.118164,-0.305176,cycling_2
1769336787.554041,-0.634277,0.088135,-0.734985,-10.559082,10.803223,-6.042482,cycling_2
1769336787.5761456,-0.713257,0.061768,-0.737305,-2.502441,4.882813,-20.324707,cycling_2
1769336787.5925028,-0.655640,0.067139,-0.695679,-11.047363,5.859377,-12.451176,cycling_2
1769336787.6145332,-0.648804,0.085938,-0.720581,-14.465336,8.972168,-7.751467,cycling_2
1769336787.6351786,-0.629272,0.217407,-0.713013,-15.441898,10.375977,-5.249023,cycling_2
1769336787.656173,-0.567139,0.202637,-0.761108,-13.549809,4.943848,-10.742188,cycling_2
1769336787.6720755,-0.502075,0.135376,-0.700195,-10.498047,3.540040,-3.845216,cycling_2
1769336787.6918266,-0.617188,0.266846,-0.762939,-4.516602,1.464844,-5.798342,cycling_2
1769336787.7116542,-0.463745,0.102051,-0.718384,-0.122070,-9.887695,-18.310547,cycling_2
1769336787.731969,-0.562744,0.080078,-0.713867,4.272461,-7.751467,0.000000,cycling_2
1769336787.7531643,-0.660278,0.277832,-0.777344,5.859377,-6.347658,-3.234864,cycling_2
1769336787.7719953,-0.562256,0.132935,-0.748413,7.019045,-15.808109,-10.253906,cycling_2
1769336787.7942092,-0.667480,0.079224,-0.796265,11.718754,-18.493652,-7.019045,cycling_2
1769336787.8141394,-0.616333,0.174072,-0.699951,5.004883,-12.756351,-3.356935,cycling_2
1769336787.8356493,-0.706299,-0.015869,-0.769897,4.211426,-13.427738,-4.333496,cycling_2
1769336787.857211,-0.798096,0.153076,-0.860718,4.882813,-5.126953,-1.770020,cycling_2
1769336787.8716798,-0.557129,0.010376,-0.730591,0.732422,-12.451176,-7.324221,cycling_2
1769336787.8940644,-0.667114,-0.010864,-0.777222,5.371094,-14.099125,0.610352,cycling_2
1769336787.914511,-0.769043,0.142456,-0.771362,4.699707,-7.568361,-1.647950,cycling_2
1769336787.938698,-0.726685,0.129028,-0.803711,5.310059,-7.385256,-8.850098,cycling_2
1769336788.0137367,-0.566772,-0.117065,-0.694580,9.155273,-13.488773,-9.216309,cycling_2
1769336788.0334039,-0.759155,0.227661,-0.782104,11.962894,-8.605957,-9.826660,cycling_2
1769336788.0516362,-0.575073,-0.001587,-0.675171,11.230473,-11.718754,-15.747074,cycling_2
1769336788.069734,-0.692871,-0.052856,-0.785522,17.272949,-9.643555,-11.718754,cycling_2
1769336788.0993922,-0.709839,0.088623,-0.708130,13.977055,-6.286623,-10.620117,cycling_2
1769336788.4016747,-0.525513,-0.117676,-0.657837,13.671879,-13.977055,-11.962894,cycling_2
1769336788.4016747,-0.717773,-0.019531,-0.810059,18.127441,-6.347658,-2.990724,cycling_2
1769336788.4016747,-0.797241,0.181030,-0.749390,14.038090,-14.587406,-13.671879,cycling_2
1769336788.4016747,-0.597168,-0.292969,-0.730103,21.301270,-18.859863,-7.019045,cycling_2
1769336788.4016747,-0.824829,0.105713,-0.822388,23.742683,-5.981447,3.906251,cycling_2
1769336788.4016747,-0.667847,-0.149170,-0.736938,14.465336,-15.869144,-9.277344,cycling_2
1769336788.4016747,-0.586914,-0.393677,-0.676270,16.052246,-15.625004,7.446291,cycling_2
1769336788.4016747,-0.979614,0.122314,-0.856323,16.235352,-5.920412,11.047363,cycling_2
1769336788.4016747,-0.630493,-0.114746,-0.680054,2.258301,-6.713869,-1.708985,cycling_2
1769336788.4016747,-0.797485,-0.128418,-0.761841,7.995607,-7.019045,9.399414,cycling_2
1769336788.4016747,-0.799194,-0.047485,-0.727417,-1.586915,-2.075195,3.784181,cycling_2
1769336788.4016747,-0.677124,-0.271118,-0.685547,0.793457,-2.807618,-0.244141,cycling_2
1769336788.4016747,-0.723389,-0.183838,-0.713501,0.366211,1.098633,7.202150,cycling_2
1769336788.4016747,-0.740845,-0.294434,-0.734619,-1.037598,5.554201,5.798342,cycling_2
1769336788.4016747,-0.781860,-0.195923,-0.738281,3.295899,7.324221,8.300781,cycling_2
1769336788.4016747,-0.770020,-0.104736,-0.689453,0.732422,9.887695,8.789063,cycling_2
1769336788.4016747,-0.742554,-0.092163,-0.700806,-1.525879,7.995607,-2.319336,cycling_2
1769336788.4016747,-0.670654,-0.170776,-0.669678,-2.258301,9.277344,4.943848,cycling_2
1769336788.4117656,-0.770020,-0.054321,-0.742920,-6.591799,13.488773,5.065918,cycling_2
1769336788.4359808,-0.736450,-0.031616,-0.790649,-8.483887,17.028809,4.455566,cycling_2
1769336788.455192,-0.742920,0.049927,-0.725830,-10.375977,14.160160,-0.183106,cycling_2
1769336788.4731956,-0.580566,-0.121826,-0.602783,-16.235352,8.117676,-3.540040,cycling_2
1769336788.4934068,-0.697754,-0.044312,-0.673096,-17.211914,13.305668,-1.342773,cycling_2
1769336788.5146217,-0.587769,-0.097900,-0.679810,-14.465336,10.681152,2.441406,cycling_2
1769336788.5424302,-0.852417,0.185059,-0.763184,-5.615236,18.249512,6.774904,cycling_2
1769336788.5524685,-0.515381,0.107056,-0.644653,-10.498047,7.751467,-11.047363,cycling_2
1769336788.581664,-0.589600,-0.020264,-0.678345,-1.953125,2.319336,1.525879,cycling_2
1769336788.5937414,-0.843140,0.071045,-0.819824,-2.929688,9.216309,-6.347658,cycling_2
1769336788.615533,-0.576416,0.191162,-0.734863,-5.798342,9.704590,-3.723145,cycling_2
1769336788.6341856,-0.757690,0.016479,-0.735352,-3.234864,2.685547,-5.798342,cycling_2
1769336788.6546333,-0.676025,0.036499,-0.737183,-8.605957,3.845216,-11.169437,cycling_2
1769336788.6759336,-0.624756,0.062134,-0.723022,-4.699707,2.380371,-3.051759,cycling_2
1769336788.6946726,-0.758789,0.148193,-0.751953,-4.760742,2.563477,-7.141115,cycling_2
1769336788.7155008,-0.577393,0.017334,-0.679077,-8.239746,-2.441406,-13.061527,cycling_2
1769336788.7316484,-0.583496,-0.071045,-0.773682,-4.394531,-2.685547,-5.371094,cycling_2
1769336788.7583146,-0.664917,0.084351,-0.726807,-1.098633,0.793457,1.098633,cycling_2
1769336788.7761214,-0.730469,0.115356,-0.753174,0.671387,-0.488281,-5.676271,cycling_2
1769336788.7934284,-0.584839,-0.172852,-0.700195,-1.892090,-9.033203,-13.977055,cycling_2
1769336788.8146865,-0.736816,0.016113,-0.776245,0.000000,1.586915,6.774904,cycling_2
1769336788.834822,-0.775024,-0.035645,-0.863647,-1.159668,1.220703,-7.019045,cycling_2
1769336788.8560328,-0.805176,-0.021851,-0.839355,2.502441,1.464844,-6.042482,cycling_2
1769336788.8749824,-0.661377,0.023926,-0.694214,-1.647950,2.258301,-3.234864,cycling_2
1769336788.89258,-0.744141,-0.157227,-0.772339,-3.662110,-3.662110,-9.521484,cycling_2
1769336788.9159012,-0.768433,-0.060669,-0.758545,-6.286623,5.615236,-2.746582,cycling_2
1769336788.9327865,-0.650269,-0.125854,-0.736450,-9.643555,2.563477,-7.141115,cycling_2
1769336788.9529734,-0.651611,-0.088989,-0.676514,-6.469728,3.234864,4.699707,cycling_2
1769336788.9745698,-0.715088,0.125732,-0.720093,-7.446291,8.850098,2.685547,cycling_2
1769336788.9947422,-0.623535,0.030518,-0.702393,-5.065918,0.488281,-7.690432,cycling_2
1769336789.015611,-0.578613,-0.008179,-0.664185,-3.356935,-1.464844,-0.122070,cycling_2
1769336789.0350173,-0.631348,0.077881,-0.716797,-3.173829,0.732422,1.159668,cycling_2
1769336789.0559072,-0.591797,0.139648,-0.670776,-5.615236,-1.220703,-2.197266,cycling_2
1769336789.07173,-0.619263,0.029663,-0.750244,-2.929688,-6.469728,-7.385256,cycling_2
1769336789.0918467,-0.702148,0.279785,-0.755615,-1.464844,0.366211,-0.854492,cycling_2
1769336789.1151316,-0.517334,0.135132,-0.691040,-2.441406,-12.878422,-15.502934,cycling_2
1769336789.134113,-0.634521,0.041748,-0.735474,1.159668,-10.009766,-2.807618,cycling_2
1769336789.154352,-0.656372,0.007568,-0.833008,-0.488281,-5.554201,-3.417970,cycling_2
1769336789.1745186,-0.673584,0.085693,-0.760254,2.441406,-7.507326,3.784181,cycling_2
1769336789.1955688,-0.651367,0.077393,-0.735840,0.488281,-5.432129,1.464844,cycling_2
1769336789.2153099,-0.725098,0.218628,-0.781250,5.554201,-0.793457,0.976563,cycling_2
1769336789.234393,-0.585083,0.051636,-0.730957,4.333496,-13.122562,-14.526371,cycling_2
1769336789.2551925,-0.458130,-0.096802,-0.687866,5.798342,-10.681152,-0.915528,cycling_2
1769336789.27634,-0.706421,0.067749,-0.760376,6.835939,-7.568361,1.892090,cycling_2
1769336789.3206263,-0.692993,0.061157,-0.732666,8.544922,-10.498047,-3.417970,cycling_2
1769336789.3319354,-0.672974,0.025635,-0.709717,5.249023,-16.052246,-4.150391,cycling_2
1769336789.3554084,-0.700928,-0.147095,-0.764648,3.601075,-13.610844,0.610352,cycling_2
1769336789.3554084,-0.826660,0.000244,-0.793579,2.502441,-7.507326,2.502441,cycling_2
1769336789.3740008,-0.750366,-0.073975,-0.800415,-0.854492,-10.925293,-6.530764,cycling_2
1769336789.3918962,-0.612061,-0.274048,-0.694824,-4.089355,-8.728027,3.295899,cycling_2
1769336789.4141676,-0.856934,-0.041626,-0.814819,-5.981447,0.488281,2.868653,cycling_2
1769336789.4329228,-0.734375,-0.026367,-0.745728,-7.446291,-0.610352,-1.953125,cycling_2
1769336789.4533179,-0.614136,-0.278931,-0.697754,-4.150391,-11.230473,0.122070,cycling_2
1769336789.4730153,-0.749268,-0.072510,-0.729126,-2.136230,-0.366211,8.239746,cycling_2
1769336789.4948385,-0.685791,0.018677,-0.707764,0.244141,-1.831055,2.075195,cycling_2
1769336789.5147197,-0.639282,-0.110229,-0.708740,5.004883,-6.408693,2.197266,cycling_2
1769336789.5323896,-0.757935,0.088867,-0.712891,7.812502,2.319336,6.530764,cycling_2
1769336789.551853,-0.609009,-0.101440,-0.689209,7.995607,-7.141115,-4.211426,cycling_2
1769336789.577042,-0.682495,-0.007690,-0.722656,8.544922,2.929688,3.540040,cycling_2
1769336789.5951786,-0.716309,0.052979,-0.751465,6.896975,4.150391,-0.915528,cycling_2
1769336789.6130483,-0.637939,0.163696,-0.672729,6.164553,6.469728,2.319336,cycling_2
1769336789.6344693,-0.652466,0.102539,-0.762207,6.652834,3.845216,-0.976563,cycling_2
1769336789.6549006,-0.731445,0.175171,-0.773682,7.690432,7.690432,-0.915528,cycling_2
1769336789.6755242,-0.641724,0.146362,-0.714844,7.202150,-7.202150,-6.042482,cycling_2
1769336789.6918378,-0.556885,0.024658,-0.678589,6.347658,-4.882813,2.685547,cycling_2
1769336789.713265,-0.698608,0.054688,-0.745850,3.601075,-4.577637,0.305176,cycling_2
1769336789.7317202,-0.606689,-0.031860,-0.700684,1.159668,-6.652834,1.220703,cycling_2
1769336789.756519,-0.660522,0.009766,-0.745361,5.981447,-5.432129,6.164553,cycling_2
1769336789.7717853,-0.712158,0.135254,-0.725220,5.859377,-6.103518,3.234864,cycling_2
1769336789.7937152,-0.698120,-0.059570,-0.709229,8.117676,-12.023930,-3.112794,cycling_2
1769336789.8158727,-0.845703,0.070679,-0.776123,13.854984,-3.601075,-6.042482,cycling_2
1769336789.8354123,-0.591431,-0.270386,-0.694458,12.451176,-14.099125,-6.347658,cycling_2
1769336789.8557603,-0.796387,-0.258789,-0.772827,16.601563,-7.934572,3.845216,cycling_2
1769336789.876105,-0.846802,0.000244,-0.772949,14.953617,-1.281738,8.056641,cycling_2
1769336789.8964224,-0.751465,-0.132568,-0.748657,13.916019,-13.488773,-1.098633,cycling_2
1769336789.9126976,-0.616943,-0.380737,-0.699219,13.488773,-14.099125,5.371094,cycling_2
1769336789.9354496,-0.805908,-0.165161,-0.798340,13.793949,-7.568361,11.413578,cycling_2
1769336789.9551716,-0.646851,-0.137085,-0.664917,5.737307,-4.089355,8.056641,cycling_2
1769336789.9738665,-0.688232,-0.318604,-0.729492,6.103518,-2.197266,5.187988,cycling_2
1769336789.9951305,-0.791016,0.120728,-0.725708,7.385256,9.399414,14.099125,cycling_2
1769336790.0156114,-0.609497,-0.090576,-0.650757,5.187988,-2.624512,2.685547,cycling_2
1769336790.0353258,-0.762817,-0.014160,-0.710205,9.521484,7.141115,7.202150,cycling_2
1769336790.0517426,-0.725952,-0.024170,-0.736328,7.080080,3.112794,1.098633,cycling_2
1769336790.073595,-0.678589,-0.009644,-0.721313,9.826660,5.676271,13.122562,cycling_2
1769336790.095813,-0.828735,0.040894,-0.757813,10.192871,4.272461,7.263186,cycling_2
1769336790.1131778,-0.649658,-0.160767,-0.696167,3.173829,0.488281,5.798342,cycling_2
1769336790.1334493,-0.674683,-0.085938,-0.733765,4.028320,7.141115,19.592285,cycling_2
1769336790.1544824,-0.692871,0.047119,-0.741089,0.305176,5.187988,15.075687,cycling_2
1769336790.172076,-0.613770,-0.092163,-0.711426,-1.464844,2.380371,18.554688,cycling_2
1769336790.193215,-0.746216,0.018433,-0.739014,1.892090,10.070801,21.057129,cycling_2
1769336790.2139637,-0.627563,-0.005127,-0.681396,-2.136230,-1.098633,6.530764,cycling_2
1769336790.232439,-0.613525,-0.143066,-0.678223,1.831055,3.234864,16.052246,cycling_2
1769336790.2531235,-0.846680,0.162354,-0.783447,6.042482,9.338379,15.747074,cycling_2
1769336790.2722268,-0.635254,-0.061279,-0.646484,2.929688,-1.647950,2.197266,cycling_2
1769336790.2962825,-0.665771,-0.078369,-0.677368,8.972168,1.159668,12.878422,cycling_2
1769336790.3194163,-0.776245,0.081055,-0.752686,5.126953,7.019045,10.681152,cycling_2
1769336790.3574429,-0.646729,-0.302734,-0.705078,8.605957,-3.723145,10.986328,cycling_2
1769336790.3574429,-0.795410,0.042358,-0.720825,5.371094,3.295899,21.057129,cycling_2
1769336790.3732133,-0.748901,-0.067993,-0.730347,1.586915,0.061035,8.605957,cycling_2
1769336790.3989036,-0.806152,-0.043945,-0.813477,3.845216,6.286623,8.728027,cycling_2
1769336790.4119167,-0.655151,-0.019897,-0.669067,0.366211,2.929688,11.230473,cycling_2
1769336790.4316874,-0.729858,-0.102051,-0.723022,-0.061035,0.793457,5.737307,cycling_2
1769336790.4532754,-0.769531,-0.052856,-0.724854,-1.403809,10.864258,5.920412,cycling_2
1769336790.4748092,-0.628418,-0.154297,-0.723145,-1.159668,3.601075,3.967286,cycling_2
1769336790.4946861,-0.761475,-0.009644,-0.766113,2.624512,11.718754,6.164553,cycling_2
1769336790.514271,-0.691284,0.143188,-0.716064,4.272461,8.605957,6.530764,cycling_2
1769336790.5320284,-0.676270,0.042725,-0.692383,5.126953,0.915528,0.305176,cycling_2
1769336790.55473,-0.710327,-0.017700,-0.706909,5.859377,2.319336,1.281738,cycling_2
1769336790.5720162,-0.704346,-0.023438,-0.771484,5.981447,1.464844,3.662110,cycling_2
1769336790.597928,-0.636963,-0.020508,-0.677734,1.525879,-3.417970,8.728027,cycling_2
1769336790.6130006,-0.748413,-0.190552,-0.851440,2.319336,-3.601075,5.249023,cycling_2
1769336790.6318712,-0.695068,0.161987,-0.686523,-5.676271,9.460449,19.897461,cycling_2
1769336790.6533754,-0.642212,-0.078491,-0.696899,-6.286623,-2.868653,3.112794,cycling_2
1769336790.673494,-0.800537,-0.085815,-0.751831,-2.929688,8.483887,2.197266,cycling_2
1769336790.7026155,-0.735718,0.178589,-0.677979,-11.718754,14.221195,10.803223,cycling_2
1769336790.7119668,-0.660522,-0.180664,-0.745483,-7.934572,3.234864,-0.244141,cycling_2
1769336790.7318654,-0.718140,-0.033447,-0.761841,-4.699707,15.075687,17.089844,cycling_2
1769336790.7523792,-0.806396,-0.036621,-0.787109,-3.112794,15.747074,7.385256,cycling_2
1769336790.7727177,-0.701050,0.014771,-0.688110,-3.540040,15.136723,7.385256,cycling_2
1769336790.7952037,-0.732056,-0.015869,-0.739990,-5.737307,14.587406,4.333496,cycling_2
1769336790.814206,-0.799438,-0.019165,-0.790894,-4.699707,19.104004,3.601075,cycling_2
1769336790.8350148,-0.738281,0.042236,-0.729980,-12.451176,20.568848,1.037598,cycling_2
1769336790.8551815,-0.629272,-0.140747,-0.675537,-13.671879,15.930180,1.098633,cycling_2
1769336790.881954,-0.732910,0.103882,-0.798462,-15.258793,31.860359,3.784181,cycling_2
1769336790.896019,-0.605469,0.171265,-0.647217,-18.249512,21.972656,1.342773,cycling_2
1769336790.9207935,-0.659058,0.041382,-0.679688,-16.662598,13.122562,-3.662110,cycling_2
1769336790.9364238,-0.617798,0.175171,-0.690063,-15.563969,18.981934,1.281738,cycling_2
1769336790.9534287,-0.516968,0.228516,-0.667114,-12.817387,10.192871,-5.249023,cycling_2
1769336790.9751484,-0.550903,0.029053,-0.680542,-5.371094,-5.493164,-8.850098,cycling_2
1769336790.994706,-0.655396,0.393066,-0.729858,-7.080080,15.258793,-4.943848,cycling_2
1769336791.0139453,-0.459961,0.214722,-0.667358,-1.464844,-2.014160,-16.784668,cycling_2
1769336791.0352757,-0.595825,0.125488,-0.827515,2.563477,0.671387,-11.962894,cycling_2
1769336791.0518537,-0.682861,0.422729,-0.845093,-6.530764,10.620117,-11.840824,cycling_2
1769336791.0724406,-0.483887,-0.011108,-0.758179,2.929688,-16.052246,-26.367195,cycling_2
1769336791.0917003,-0.657471,0.027710,-0.776245,-6.347658,-4.333496,-7.751467,cycling_2
1769336791.112955,-0.704590,0.289307,-0.808105,-10.192871,4.333496,-11.169437,cycling_2
1769336791.1328168,-0.538208,-0.139526,-0.699341,-0.610352,-15.625004,-15.563969,cycling_2
1769336791.1548731,-0.734375,0.041504,-0.814697,-2.075195,-5.126953,-5.187988,cycling_2
1769336791.1749804,-0.631104,0.075562,-0.730469,-2.746582,-5.065918,-4.516602,cycling_2
1769336791.1918135,-0.656128,-0.105591,-0.811157,5.920412,-13.549809,-6.713869,cycling_2
1769336791.216029,-0.780762,0.115601,-0.833252,1.220703,2.075195,0.366211,cycling_2
1769336791.2317324,-0.634033,-0.025269,-0.775513,4.272461,-9.460449,-12.878422,cycling_2
1769336791.2536914,-0.673584,-0.215942,-0.871704,-1.464844,-2.014160,-4.638672,cycling_2
1769336791.2720733,-0.827393,0.082886,-0.854736,-7.141115,8.911133,-8.789063,cycling_2
1769336791.2939997,-0.604980,-0.119385,-0.763062,-2.807618,-7.446291,-16.784668,cycling_2
1769336791.3202183,-0.802490,-0.083130,-0.737793,-7.507326,3.845216,-8.117676,cycling_2
1769336791.4017975,-0.719971,0.084229,-0.839355,-10.131836,11.108402,-13.977055,cycling_2
1769336791.4017975,-0.604248,-0.043945,-0.787720,-7.324221,-0.244141,-17.150879,cycling_2
1769336791.422129,-0.655273,-0.260376,-0.734131,-9.155273,-0.305176,-13.671879,cycling_2
1769336791.4248545,-0.581421,0.067749,-0.724976,-15.502934,15.747074,-3.234864,cycling_2
1769336791.4319956,-0.683960,0.060791,-0.748413,-8.544922,9.948730,-11.291508,cycling_2
1769336791.4332974,-0.575439,0.151611,-0.719482,-7.812502,11.291508,-10.803223,cycling_2
1769336791.4544415,-0.492554,0.107910,-0.703735,-4.394531,1.953125,-12.146000,cycling_2
1769336791.4740222,-0.615112,0.129639,-0.766846,-1.098633,1.953125,-11.047363,cycling_2
1769336791.4931195,-0.692871,0.130371,-0.842407,-0.061035,2.563477,-20.263672,cycling_2
1769336791.5148838,-0.501831,-0.055298,-0.715454,-0.610352,-5.432129,-13.305668,cycling_2
1769336791.5350347,-0.705933,0.102783,-0.855225,-5.493164,5.920412,-5.859377,cycling_2
1769336791.5645206,-0.612061,0.026001,-0.802979,-9.216309,-0.305176,-11.474613,cycling_2
1769336791.577118,-0.573608,-0.010742,-0.681885,-12.207035,-1.342773,2.929688,cycling_2
1769336791.5954638,-0.676758,0.182129,-0.830933,-12.756351,6.286623,-2.624512,cycling_2
1769336791.6122184,-0.555420,0.069946,-0.739014,-11.108402,-3.051759,-6.469728,cycling_2
1769336791.634168,-0.613281,0.035278,-0.714111,-9.948730,-4.272461,-5.065918,cycling_2
1769336791.6545303,-0.585693,0.098633,-0.751953,-7.934572,-4.272461,-12.268070,cycling_2
1769336791.6747391,-0.544922,-0.074829,-0.696533,-4.760742,-9.704590,-8.789063,cycling_2
1769336791.6943457,-0.709961,0.018921,-0.796875,-5.187988,-1.403809,-2.624512,cycling_2
1769336791.715425,-0.664917,0.051758,-0.810425,-3.784181,0.671387,-4.028320,cycling_2
1769336791.735799,-0.635742,-0.156616,-0.781860,-2.014160,-9.094238,-10.742188,cycling_2
1769336791.7516766,-0.715820,0.066284,-0.763306,-3.845216,2.929688,2.807618,cycling_2
1769336791.7736874,-0.718872,0.098511,-0.861694,-4.211426,-0.488281,-17.333984,cycling_2
1769336791.79329,-0.666382,-0.026001,-0.718262,-5.371094,-1.037598,1.220703,cycling_2
1769336791.8146825,-0.709595,0.125122,-0.843628,-9.033203,1.281738,-11.413578,cycling_2
1769336791.8343558,-0.577515,-0.104492,-0.793823,-4.699707,-8.483887,-10.375977,cycling_2
1769336791.8544948,-0.733643,0.136353,-0.806763,-10.986328,4.943848,-0.549316,cycling_2
1769336791.8746033,-0.539673,-0.004272,-0.759888,-13.122562,-3.234864,-13.061527,cycling_2
1769336791.8968859,-0.609009,-0.045044,-0.714111,-14.648441,-2.136230,-3.112794,cycling_2
1769336791.9120536,-0.783325,0.244263,-0.862915,-11.291508,10.253906,-10.803223,cycling_2
1769336791.9372969,-0.433838,0.013062,-0.708496,-7.019045,-7.873537,-23.559578,cycling_2
1769336791.9542065,-0.547363,-0.030151,-0.717651,-1.708985,-4.699707,-2.197266,cycling_2
1769336791.9736743,-0.794434,0.225342,-0.898438,-0.427246,6.164553,-13.244633,cycling_2
1769336791.994854,-0.596924,0.042725,-0.757080,4.028320,-8.361816,-19.836426,cycling_2
1769336792.014243,-0.619873,-0.077148,-0.717163,1.037598,-8.911133,-14.648441,cycling_2
1769336792.0357604,-0.678589,-0.015015,-0.860352,-2.319336,-0.244141,-7.324221,cycling_2
1769336792.0559053,-0.588013,-0.019653,-0.750122,-6.042482,-2.868653,-6.469728,cycling_2
1769336792.0773718,-0.642578,0.073853,-0.778076,-9.765625,1.403809,-1.464844,cycling_2
1769336792.0922601,-0.614502,0.072021,-0.767700,-12.207035,0.183106,-3.784181,cycling_2
1769336792.1159708,-0.536011,-0.074463,-0.699097,-12.817387,-7.080080,-2.441406,cycling_2
1769336792.1334262,-0.633789,0.028931,-0.736328,-13.122562,0.549316,3.662110,cycling_2
1769336792.1572607,-0.568604,0.203125,-0.717285,-8.666992,0.793457,3.662110,cycling_2
1769336792.1744797,-0.553833,0.243042,-0.707397,-1.770020,-6.774904,-1.220703,cycling_2
1769336792.1972916,-0.603394,0.279297,-0.736328,4.333496,-12.695316,-15.808109,cycling_2
1769336792.213404,-0.477173,0.080933,-0.672119,8.911133,-19.836426,-11.108402,cycling_2
1769336792.2319424,-0.651001,-0.019165,-0.815308,4.638672,-12.268070,-2.563477,cycling_2
1769336792.2539535,-0.865356,0.060303,-0.953491,7.751467,-3.417970,-3.479005,cycling_2
1769336792.2719812,-0.598999,0.336426,-0.729126,-2.685547,0.305176,-0.183106,cycling_2
1769336792.2930682,-0.454224,-0.008179,-0.717651,4.028320,-20.751953,-5.432129,cycling_2
1769336792.3132155,-0.758545,0.247192,-0.804688,-2.502441,3.723145,0.610352,cycling_2
1769336792.3354073,-0.668457,0.278809,-0.816284,5.371094,0.122070,-13.793949,cycling_2
1769336792.3546128,-0.548706,0.221436,-0.673584,9.033203,-16.052246,-21.057129,cycling_2
1769336792.3746,-0.370972,-0.209961,-0.642578,13.000492,-23.132332,-18.249512,cycling_2
1769336792.4219794,-0.675293,0.121216,-0.837158,20.202637,0.244141,-0.976563,cycling_2
1769336792.4219794,-0.807129,0.471680,-0.807007,15.136723,-0.732422,-9.277344,cycling_2
1769336792.4317157,-0.434448,-0.203613,-0.720947,17.578125,-32.592773,-19.042969,cycling_2
1769336792.455685,-0.803345,0.038330,-0.888184,16.235352,-4.394531,2.929688,cycling_2
1769336792.4736273,-0.650269,-0.096436,-0.881470,14.770512,-10.803223,-5.187988,cycling_2
1769336792.4947093,-0.700317,0.066650,-0.813477,19.104004,-10.559082,6.652834,cycling_2
1769336792.5119808,-0.712036,-0.112549,-0.779297,14.831547,-14.526371,-1.708985,cycling_2
1769336792.532601,-0.620850,-0.212402,-0.721558,11.535648,-11.962894,7.019045,cycling_2
1769336792.5552464,-0.726318,-0.058105,-0.845703,13.549809,-4.638672,12.878422,cycling_2
1769336792.5721247,-0.691040,-0.089844,-0.721069,11.596684,-7.263186,9.338379,cycling_2
1769336792.5922222,-0.738037,-0.038696,-0.780640,12.695316,-2.075195,9.704590,cycling_2
1769336792.6334236,-0.829346,0.099731,-0.822388,13.610844,3.967286,-2.868653,cycling_2
1769336792.6475117,-0.598022,0.005981,-0.703003,16.235352,-7.873537,-4.455566,cycling_2
1769336792.6531105,-0.651367,0.053467,-0.770874,18.920898,-6.713869,-1.403809,cycling_2
1769336792.676687,-0.774536,0.046997,-0.815308,20.202637,-5.371094,-6.347658,cycling_2
1769336792.6957502,-0.585815,-0.095703,-0.734009,20.996094,-8.911133,4.821777,cycling_2
1769336792.7156656,-0.705444,-0.026367,-0.717896,16.906738,-11.413578,10.314941,cycling_2
1769336792.7357097,-0.706299,-0.107910,-0.696167,10.803223,-7.812502,4.577637,cycling_2
1769336792.7532744,-0.674316,-0.123779,-0.743774,7.446291,-2.746582,4.760742,cycling_2
1769336792.7761045,-0.715942,0.036743,-0.713135,6.530764,-2.563477,5.371094,cycling_2
1769336792.800034,-0.686035,-0.089355,-0.726318,6.286623,-0.244141,1.098633,cycling_2
1769336792.8149078,-0.620239,-0.195801,-0.695679,6.103518,0.061035,-0.976563,cycling_2
1769336792.8352592,-0.802856,-0.087158,-0.740601,9.460449,2.990724,11.901859,cycling_2
1769336792.8543718,-0.834229,-0.144409,-0.815918,11.169437,7.507326,-2.319336,cycling_2
1769336792.8738792,-0.688477,-0.221313,-0.704956,15.991215,-4.943848,-3.051759,cycling_2
1769336792.8958564,-0.688965,-0.351563,-0.770630,17.272949,-0.244141,-2.197266,cycling_2
1769336792.9159398,-0.759277,-0.125366,-0.759521,20.751953,-0.915528,8.605957,cycling_2
1769336792.93574,-0.861816,-0.062256,-0.791504,21.606445,-3.967286,3.417970,cycling_2
1769336792.95197,-0.635864,-0.256348,-0.776855,19.714355,-2.990724,2.258301,cycling_2
1769336792.9765272,-0.726440,-0.226318,-0.661133,20.568848,-15.075687,18.981934,cycling_2
1769336792.9943192,-0.789063,-0.259277,-0.666870,9.704590,-7.690432,10.620117,cycling_2
1769336793.015243,-0.787842,-0.115112,-0.736816,6.774904,4.882813,13.061527,cycling_2
1769336793.034788,-0.898071,0.217896,-0.748535,6.835939,10.803223,4.577637,cycling_2
1769336793.0591743,-0.571289,-0.234619,-0.635742,-0.732422,-4.150391,-14.709476,cycling_2
1769336793.0731635,-0.682373,-0.278320,-0.685791,2.197266,9.826660,-3.295899,cycling_2
1769336793.0918357,-0.661621,-0.129639,-0.593994,-6.103518,11.840824,4.150391,cycling_2
1769336793.1123116,-0.729248,-0.300171,-0.701050,-5.493164,15.502934,3.540040,cycling_2
1769336793.132065,-0.800415,0.136108,-0.684692,-3.601075,25.085457,16.845703,cycling_2
1769336793.153869,-0.679321,0.135132,-0.735840,-1.342773,13.183598,2.868653,cycling_2
1769336793.1739705,-0.501221,-0.142456,-0.657715,-2.197266,1.342773,1.342773,cycling_2
1769336793.1943884,-0.641113,-0.181763,-0.720581,1.281738,2.929688,12.084965,cycling_2
1769336793.2137413,-0.832153,0.102417,-0.727783,-3.173829,9.826660,8.850098,cycling_2
1769336793.2329817,-0.605591,0.102783,-0.728882,-0.122070,4.272461,3.784181,cycling_2
1769336793.2941313,-0.673584,-0.035645,-0.712891,-3.540040,-1.892090,-4.516602,cycling_2
1769336793.3021934,-0.627808,-0.253296,-0.746582,-4.089355,-2.075195,0.244141,cycling_2
1769336793.3094356,-0.704712,-0.057251,-0.728149,-3.601075,-0.366211,8.239746,cycling_2
1769336793.3347301,-0.691406,-0.134521,-0.753174,-5.004883,-5.004883,2.014160,cycling_2
1769336793.3420115,-0.728027,-0.237061,-0.754395,-4.577637,-0.549316,0.122070,cycling_2
1769336793.3545957,-0.769165,-0.020142,-0.759033,-0.854492,2.502441,6.835939,cycling_2
1769336793.3746202,-0.702148,-0.133667,-0.803467,-0.244141,-5.249023,-3.662110,cycling_2
1769336793.3959012,-0.749878,-0.180542,-0.801147,4.638672,-7.202150,-0.976563,cycling_2
1769336793.4160788,-0.804810,-0.038452,-0.767090,4.333496,-3.540040,6.469728,cycling_2
1769336793.4317415,-0.682983,-0.100708,-0.751465,-0.549316,-4.394531,0.122070,cycling_2
1769336793.4566112,-0.765991,0.011963,-0.779297,3.784181,-3.173829,4.394531,cycling_2
1769336793.4729245,-0.719849,0.013916,-0.792358,-4.882813,0.000000,-2.014160,cycling_2
1769336793.4942567,-0.642578,-0.288574,-0.689331,-5.004883,-6.774904,-3.295899,cycling_2
1769336793.5143337,-0.740601,-0.245605,-0.684937,-9.582520,1.708985,2.685547,cycling_2
1769336793.5342693,-0.722168,-0.108154,-0.682983,-11.596684,14.709476,6.835939,cycling_2
1769336793.552,-0.663818,0.090698,-0.669434,-10.253906,16.540527,8.361816,cycling_2
1769336793.5717583,-0.647949,0.036865,-0.714355,-7.751467,8.789063,3.784181,cycling_2
1769336793.5950315,-0.691772,0.101440,-0.698608,-3.540040,4.821777,4.760742,cycling_2
1769336793.6134176,-0.598022,-0.155518,-0.613159,-10.192871,-0.183106,2.014160,cycling_2
1769336793.6334379,-0.841431,-0.047119,-0.882446,-10.253906,19.104004,9.704590,cycling_2
1769336793.6529222,-0.619385,0.116089,-0.667603,-16.113281,13.000492,7.873537,cycling_2
1769336793.6752627,-0.533936,-0.199097,-0.672607,-16.845703,4.821777,3.723145,cycling_2
1769336793.6953788,-0.702515,-0.154541,-0.718994,-16.662598,11.169437,13.977055,cycling_2
1769336793.7154071,-0.781616,-0.063721,-0.763428,-18.005371,19.104004,15.563969,cycling_2
1769336793.7356808,-0.735718,0.160522,-0.781250,-13.366703,21.362305,12.817387,cycling_2
1769336793.7560325,-0.506104,0.245483,-0.619995,-13.610844,9.277344,6.896975,cycling_2
1769336793.7730765,-0.729858,-0.001587,-0.790894,-9.033203,6.652834,6.591799,cycling_2
1769336793.7956388,-0.642090,0.075684,-0.732056,-12.756351,5.798342,11.474613,cycling_2
1769336793.8147087,-0.697510,-0.101563,-0.774536,-13.183598,2.807618,4.089355,cycling_2
1769336793.8341691,-0.693237,0.054810,-0.803589,-9.887695,12.817387,6.469728,cycling_2
1769336793.8545885,-0.460693,0.202759,-0.653564,-8.178711,7.324221,9.033203,cycling_2
1769336793.8771029,-0.455322,0.060791,-0.675903,-5.126953,-1.342773,5.798342,cycling_2
1769336793.8936064,-0.597900,0.114868,-0.706299,4.821777,-0.610352,12.084965,cycling_2
1769336793.9164379,-0.653931,0.142700,-0.794434,13.061527,-6.408693,5.187988,cycling_2
1769336793.9345179,-0.591797,0.269287,-0.695068,15.014652,-5.310059,5.065918,cycling_2
1769336793.9547093,-0.507813,0.217651,-0.642822,12.207035,-15.930180,3.479005,cycling_2
1769336793.9729662,-0.662109,0.016846,-0.781372,8.911133,-14.099125,4.150391,cycling_2
1769336793.9935367,-0.743774,0.030640,-0.924194,8.544922,-6.408693,9.033203,cycling_2
1769336794.013384,-0.663818,0.088501,-0.812988,4.272461,-11.230473,12.634281,cycling_2
1769336794.0339181,-0.760254,0.114380,-0.802124,-4.882813,-0.976563,5.737307,cycling_2
1769336794.0517154,-0.652710,0.081177,-0.680908,-14.465336,1.342773,5.004883,cycling_2
1769336794.071808,-0.663330,-0.214722,-0.811646,-14.892582,1.098633,1.708985,cycling_2
1769336794.0925026,-0.668213,-0.062866,-0.784180,-6.591799,5.493164,9.643555,cycling_2
1769336794.1121428,-0.702881,0.239380,-0.766235,1.770020,5.859377,9.765625,cycling_2
1769336794.131972,-0.557251,0.186279,-0.711670,3.967286,2.014160,-0.488281,cycling_2
1769336794.1552336,-0.703613,0.039795,-0.728149,10.925293,-5.981447,-0.854492,cycling_2
1769336794.1758919,-0.713135,0.057007,-0.794678,9.643555,0.793457,-1.708985,cycling_2
1769336794.1961226,-0.655396,0.032471,-0.722046,8.666992,-4.760742,-2.502441,cycling_2
1769336794.2146506,-0.704712,-0.147217,-0.813965,7.263186,-2.990724,-5.249023,cycling_2
1769336794.2320244,-0.724609,0.017090,-0.804688,7.446291,5.981447,2.746582,cycling_2
1769336794.258278,-0.647461,0.189209,-0.728271,6.164553,5.249023,0.732422,cycling_2
1769336794.2717621,-0.599976,0.012573,-0.779175,7.446291,-3.906251,-7.446291,cycling_2
1769336794.292173,-0.673828,0.088745,-0.741821,9.094238,-2.014160,1.464844,cycling_2
1769336794.3143358,-0.685425,-0.027466,-0.814087,7.995607,-4.455566,-0.671387,cycling_2
1769336794.3316665,-0.754639,0.090942,-0.745728,8.239746,-1.953125,2.197266,cycling_2
1769336794.3542361,-0.645752,0.058960,-0.730835,-1.831055,1.403809,1.098633,cycling_2
1769336794.3743665,-0.698608,-0.067505,-0.848511,-3.540040,3.784181,2.136230,cycling_2
1769336794.3921506,-0.746582,0.099854,-0.811157,-3.662110,8.850098,3.356935,cycling_2
1769336794.4140494,-0.670898,-0.022095,-0.708008,-8.300781,6.591799,-4.333496,cycling_2
1769336794.4321167,-0.772217,-0.033203,-0.772705,-5.493164,10.131836,-4.638672,cycling_2
1769336794.4553266,-0.658691,-0.020264,-0.720093,-3.479005,11.352543,-4.150391,cycling_2
1769336794.5021167,-0.623535,-0.131714,-0.745605,1.281738,3.845216,-2.441406,cycling_2
1769336794.5219498,-0.740601,-0.027344,-0.786255,4.516602,5.981447,1.342773,cycling_2
1769336794.5271506,-0.645874,-0.066772,-0.765137,3.356935,3.051759,-0.976563,cycling_2
1769336794.53438,-0.694580,-0.093018,-0.816284,2.990724,2.197266,-0.732422,cycling_2
1769336794.5548534,-0.601685,0.016235,-0.778320,-5.065918,7.629396,-1.647950,cycling_2
1769336794.5740612,-0.581299,-0.098877,-0.776123,-6.835939,4.760742,-0.671387,cycling_2
1769336794.5941124,-0.608276,0.017578,-0.706421,-8.605957,9.155273,4.760742,cycling_2
1769336794.6161816,-0.649536,-0.041382,-0.748657,-12.207035,6.530764,-0.366211,cycling_2
1769336794.6356804,-0.818726,0.042480,-0.779785,-7.263186,11.230473,-4.272461,cycling_2
1769336794.655519,-0.492554,0.100830,-0.642822,-10.131836,10.131836,-2.868653,cycling_2
1769336794.6748962,-0.570923,0.014282,-0.747803,-3.784181,-2.014160,-6.286623,cycling_2
1769336794.6948166,-0.554077,0.055664,-0.723999,-1.831055,5.004883,-6.835939,cycling_2
1769336794.712605,-0.586060,-0.041748,-0.744995,1.342773,-5.310059,-5.859377,cycling_2
1769336794.732092,-0.651611,0.030762,-0.737061,-1.892090,5.798342,-5.432129,cycling_2
1769336794.751949,-0.736328,0.088135,-0.822388,-1.525879,1.953125,-8.911133,cycling_2
1769336794.7717972,-0.570801,0.155884,-0.747803,-6.591799,4.150391,-9.338379,cycling_2
1769336794.793318,-0.530762,0.199341,-0.737793,-5.615236,-4.638672,-8.789063,cycling_2
1769336794.8136227,-0.562744,0.216919,-0.749390,-1.831055,-6.347658,-13.305668,cycling_2
1769336794.8352544,-0.559204,0.184448,-0.714722,3.173829,-12.023930,-18.188477,cycling_2
1769336794.8557587,-0.485962,0.175537,-0.701050,3.723145,-14.099125,-17.578125,cycling_2
1769336794.8749566,-0.582520,0.153687,-0.736816,8.544922,-17.456055,-19.226074,cycling_2
1769336794.891837,-0.557007,0.016846,-0.693848,8.117676,-16.967773,-18.432617,cycling_2
1769336794.9119902,-0.643188,-0.086914,-0.812988,9.155273,-12.878422,-11.474613,cycling_2
1769336794.9319293,-0.639282,-0.080933,-0.838013,9.155273,-14.099125,-0.976563,cycling_2
1769336794.9520404,-0.783081,-0.159058,-0.873901,6.286623,-16.052246,3.662110,cycling_2
1769336794.973417,-0.722168,-0.053223,-0.883911,2.319336,-8.239746,7.568361,cycling_2
1769336794.9959326,-0.639282,-0.092896,-0.711792,-2.380371,-13.610844,2.563477,cycling_2
1769336795.0148458,-0.809570,-0.035889,-0.875122,-3.112794,0.122070,2.380371,cycling_2
1769336795.0348942,-0.696533,-0.034790,-0.774292,-4.882813,-2.685547,-4.699707,cycling_2
1769336795.0546272,-0.729614,-0.170898,-0.761597,-3.479005,-5.187988,-8.178711,cycling_2
1769336795.073341,-0.705688,-0.017578,-0.727905,-2.746582,0.366211,-6.286623,cycling_2
1769336795.0926766,-0.631714,-0.186279,-0.731934,-2.990724,-2.197266,-8.239746,cycling_2
1769336795.1124418,-0.772339,-0.000366,-0.756226,-2.075195,2.319336,2.136230,cycling_2
1769336795.134778,-0.608765,-0.075317,-0.682983,-5.126953,0.061035,-4.455566,cycling_2
1769336795.1549773,-0.700195,-0.134277,-0.800049,-5.676271,-0.305176,-1.342773,cycling_2
1769336795.1743116,-0.675781,0.097046,-0.733643,-8.666992,6.286623,5.615236,cycling_2
1769336795.1946595,-0.558228,0.009033,-0.727417,-11.535648,1.281738,-2.807618,cycling_2
1769336795.2117827,-0.692383,0.281494,-0.733032,-8.483887,6.591799,-4.089355,cycling_2
1769336795.232053,-0.449707,-0.053711,-0.669800,-13.000492,-4.943848,-18.920898,cycling_2
1769336795.2534444,-0.715332,-0.066528,-0.795166,-8.239746,-3.356935,-7.019045,cycling_2
1769336795.2719305,-0.718628,0.035889,-0.766602,-9.948730,2.136230,-4.272461,cycling_2
1769336795.2945545,-0.635742,-0.010498,-0.733643,-7.873537,-0.427246,-4.638672,cycling_2
1769336795.3132112,-0.652832,-0.091187,-0.783813,-6.164553,1.342773,-5.737307,cycling_2
1769336795.3331027,-0.606812,-0.062256,-0.684814,-4.394531,-2.441406,4.760742,cycling_2
1769336795.354283,-0.734375,0.063477,-0.780518,-1.098633,1.831055,1.037598,cycling_2
1769336795.3741727,-0.633423,0.164185,-0.730713,-0.549316,1.098633,-0.183106,cycling_2
1769336795.3920262,-0.464844,0.080078,-0.692017,-0.732422,-5.493164,-0.122070,cycling_2
1769336795.411787,-0.725464,0.233398,-0.802490,8.056641,-9.277344,-0.549316,cycling_2
1769336795.5018003,-0.583496,0.089966,-0.726196,2.441406,-10.925293,-12.939457,cycling_2
1769336795.5318809,-0.623291,0.076904,-0.754395,4.394531,-11.596684,-4.150391,cycling_2
1769336795.5344942,-0.648926,0.151123,-0.737427,-1.403809,-7.019045,-4.943848,cycling_2
1769336795.542857,-0.666138,-0.001953,-0.770508,-0.915528,-9.826660,-6.713869,cycling_2
1769336795.5507658,-0.661865,0.057983,-0.728271,-3.234864,-6.042482,3.540040,cycling_2
1769336795.5554965,-0.745483,0.110474,-0.792358,0.549316,-8.239746,-2.380371,cycling_2
1769336795.55957,-0.597778,0.075195,-0.699585,-0.366211,-8.911133,-3.417970,cycling_2
1769336795.5757968,-0.580322,0.015259,-0.698975,2.441406,-11.474613,-1.525879,cycling_2
1769336795.5923245,-0.763672,0.043823,-0.763428,7.873537,-10.620117,-3.356935,cycling_2
1769336795.614347,-0.615723,-0.026611,-0.713623,11.413578,-11.962894,-1.525879,cycling_2
1769336795.632437,-0.731934,-0.014648,-0.747437,14.770512,-13.000492,0.000000,cycling_2
1769336795.6554356,-0.770264,0.040894,-0.743164,15.380863,-9.887695,-0.244141,cycling_2
1769336795.674688,-0.637329,0.028687,-0.687500,14.221195,-11.413578,-1.159668,cycling_2
1769336795.694754,-0.678345,-0.192505,-0.796753,11.962894,-10.437012,-3.967286,cycling_2
1769336795.7144637,-0.770142,0.016479,-0.789673,16.235352,-8.972168,6.713869,cycling_2
1769336795.733062,-0.664307,-0.117310,-0.715088,8.422852,-7.873537,1.708985,cycling_2
1769336795.7519126,-0.822510,0.036865,-0.851074,15.319828,-3.967286,5.249023,cycling_2
1769336795.7770205,-0.687256,0.112061,-0.692017,10.375977,-9.399414,6.896975,cycling_2
1769336795.7925308,-0.784912,-0.056641,-0.842407,13.183598,-6.225588,-3.234864,cycling_2
1769336795.8135095,-0.704102,0.135742,-0.690796,11.779789,-5.859377,3.051759,cycling_2
1769336795.834002,-0.569824,-0.120361,-0.635376,5.676271,-13.183598,-6.896975,cycling_2
1769336795.8529897,-0.776123,-0.105225,-0.812622,7.385256,-2.990724,-2.624512,cycling_2
1769336795.8720555,-0.663574,-0.258057,-0.758789,-0.915528,-1.953125,0.061035,cycling_2
1769336795.894352,-0.735840,-0.070190,-0.793823,8.544922,0.732422,9.216309,cycling_2
1769336795.9120672,-0.686768,0.093506,-0.627808,5.310059,-6.042482,14.465336,cycling_2
1769336795.933458,-0.771729,-0.134888,-0.744385,1.892090,-5.249023,3.417970,cycling_2
1769336795.9535267,-0.783325,0.050415,-0.704956,4.821777,-0.183106,13.427738,cycling_2
1769336795.972671,-0.699829,-0.108154,-0.702026,-2.807618,-5.615236,6.958010,cycling_2
1769336795.9928606,-0.725586,-0.143555,-0.768433,-1.159668,1.647950,11.535648,cycling_2
1769336796.0130174,-0.814453,0.131226,-0.672241,-4.516602,-3.601075,4.211426,cycling_2
1769336796.0351717,-0.717041,-0.185791,-0.597412,-12.268070,-2.136230,-12.939457,cycling_2
1769336796.0558052,-0.712280,-0.257324,-0.792847,-10.131836,13.488773,-1.953125,cycling_2
1769336796.0739443,-0.765747,0.145386,-0.681274,-0.976563,6.042482,9.399414,cycling_2
1769336796.0945878,-0.748169,-0.086182,-0.670410,-2.746582,3.662110,-8.178711,cycling_2
1769336796.1133642,-0.726196,-0.069580,-0.767578,6.896975,8.117676,-2.380371,cycling_2
1769336796.1357634,-0.665894,0.111938,-0.612915,9.826660,-3.662110,2.014160,cycling_2
1769336796.1543472,-0.655396,-0.184326,-0.693604,9.643555,-2.685547,-8.544922,cycling_2
1769336796.174727,-0.708008,0.058105,-0.703735,11.962894,3.112794,9.582520,cycling_2
1769336796.1945505,-0.732422,0.137207,-0.634888,7.812502,-2.685547,2.868653,cycling_2
1769336796.2120657,-0.663086,-0.004517,-0.740601,5.493164,3.723145,-1.037598,cycling_2
1769336796.2350802,-0.668823,0.100464,-0.751465,11.230473,-0.915528,4.089355,cycling_2
1769336796.2539072,-0.636353,0.165527,-0.619019,6.530764,-5.615236,4.760742,cycling_2
1769336796.274979,-0.682129,0.009644,-0.755005,5.004883,3.479005,-2.441406,cycling_2
1769336796.2925558,-0.657471,0.108887,-0.705322,6.469728,-0.610352,0.427246,cycling_2
1769336796.313642,-0.580688,-0.021973,-0.675903,4.211426,-5.432129,-1.647950,cycling_2
1769336796.3347366,-0.732178,-0.062744,-0.783569,7.690432,0.488281,-0.915528,cycling_2
1769336796.3524864,-0.703247,-0.011108,-0.713745,7.751467,-1.037598,2.502441,cycling_2
1769336796.3743126,-0.602783,-0.042114,-0.678589,5.615236,-3.417970,9.277344,cycling_2
1769336796.3917973,-0.812378,-0.113037,-0.676147,3.234864,-4.699707,6.713869,cycling_2
1769336796.411865,-0.774780,-0.199097,-0.797607,3.479005,0.976563,9.521484,cycling_2
1769336796.4381826,-0.726318,0.010498,-0.701782,3.479005,0.854492,13.977055,cycling_2
1769336796.4517245,-0.697266,-0.150024,-0.673950,-0.549316,-4.943848,5.371094,cycling_2
1769336796.4728768,-0.739380,-0.240723,-0.775879,-0.976563,2.014160,10.131836,cycling_2
1769336796.5071502,-0.908325,0.078491,-0.746094,3.479005,1.464844,9.582520,cycling_2
1769336796.5217571,-0.683960,-0.128174,-0.709106,-1.342773,-2.502441,0.244141,cycling_2
1769336796.5336955,-0.776367,-0.074829,-0.793457,7.446291,0.244141,10.131836,cycling_2
1769336796.552636,-0.777832,-0.060791,-0.688843,2.746582,-3.234864,6.103518,cycling_2
1769336796.5787382,-0.679321,-0.229858,-0.663574,0.854492,0.793457,6.896975,cycling_2
1769336796.5965786,-0.760620,-0.068848,-0.741821,0.610352,6.713869,17.700195,cycling_2
1769336796.613818,-0.875977,0.187866,-0.772705,1.586915,10.620117,10.681152,cycling_2
1769336796.6336164,-0.637573,-0.086426,-0.560303,-10.192871,-0.122070,-1.708985,cycling_2
1769336796.6538827,-0.872192,-0.095093,-0.870361,-10.131836,20.507813,14.648441,cycling_2
1769336796.6718907,-0.764404,0.190796,-0.614380,-13.000492,12.390141,7.446291,cycling_2
1769336796.6945274,-0.587646,-0.309937,-0.611084,-20.324707,6.042482,-4.028320,cycling_2
1769336796.7151668,-0.823730,-0.228027,-0.736206,-15.869144,16.662598,12.023930,cycling_2
1769336796.731937,-0.851196,0.214966,-0.715942,-13.854984,19.531250,18.859863,cycling_2
1769336796.7518601,-0.744629,0.143921,-0.770386,-15.014652,20.202637,-2.075195,cycling_2
1769336796.772033,-0.655762,-0.050537,-0.679077,-12.390141,9.643555,-3.967286,cycling_2
1769336796.7931058,-0.789063,0.135620,-0.748901,-9.948730,14.648441,4.821777,cycling_2
1769336796.813453,-0.598389,0.110352,-0.601074,-16.784668,10.070801,-5.615236,cycling_2
1769336796.8328238,-0.535034,-0.043091,-0.678345,-10.559082,6.896975,-0.549316,cycling_2
1769336796.854865,-0.703735,0.172119,-0.746582,-9.887695,11.413578,10.314941,cycling_2
1769336796.8747063,-0.563599,0.188599,-0.668213,-11.474613,7.934572,2.136230,cycling_2
1769336796.8954983,-0.479248,0.152222,-0.710815,-4.882813,4.821777,4.577637,cycling_2
1769336796.911954,-0.691772,0.238403,-0.724609,-5.187988,2.136230,-5.493164,cycling_2
1769336796.9320054,-0.607666,0.052002,-0.726318,-7.934572,5.432129,-1.647950,cycling_2
1769336796.9580514,-0.677368,0.178101,-0.785400,-1.281738,3.662110,3.356935,cycling_2
1769336796.9725597,-0.687622,0.093140,-0.765625,-1.647950,0.244141,-11.169437,cycling_2
1769336796.9939606,-0.628052,0.044678,-0.693115,-3.662110,1.770020,-0.793457,cycling_2
1769336797.0130754,-0.789429,0.086792,-0.782349,-2.502441,0.183106,-1.647950,cycling_2
1769336797.0337772,-0.780762,0.076538,-0.805054,-4.943848,3.295899,-4.638672,cycling_2
1769336797.0552425,-0.648804,0.036621,-0.717285,-8.422852,3.234864,1.586915,cycling_2
1769336797.0718954,-0.692505,-0.034790,-0.779541,-9.094238,3.662110,-0.427246,cycling_2
1769336797.0917113,-0.727417,0.085205,-0.775513,-8.850098,8.361816,4.760742,cycling_2
1769336797.1120644,-0.659668,0.055054,-0.696289,-11.962894,7.019045,-4.760742,cycling_2
1769336797.1346378,-0.597534,-0.125854,-0.739258,-10.803223,8.789063,-5.798342,cycling_2
1769336797.1531534,-0.689087,0.121094,-0.713867,-7.934572,11.169437,6.103518,cycling_2
1769336797.174845,-0.647217,0.098999,-0.686646,-9.704590,11.291508,-3.356935,cycling_2
1769336797.1948526,-0.699097,0.007446,-0.769043,-3.723145,10.009766,-2.319336,cycling_2
1769336797.214733,-0.648438,0.070435,-0.778687,-3.234864,9.338379,-2.136230,cycling_2
1769336797.2346795,-0.701050,0.235352,-0.812256,-0.549316,10.925293,-1.770020,cycling_2
1769336797.2585247,-0.672974,0.049072,-0.815186,-4.699707,5.676271,-17.822266,cycling_2
1769336797.2725856,-0.636841,-0.023682,-0.761475,-9.826660,10.620117,-0.488281,cycling_2
1769336797.2942133,-0.760864,0.094849,-0.808228,-11.901859,14.099125,-0.671387,cycling_2
1769336797.3145077,-0.659302,0.012451,-0.754639,-14.587406,12.451176,-3.845216,cycling_2
1769336797.338939,-0.648438,0.127441,-0.707520,-16.723633,15.808109,1.770020,cycling_2
1769336797.3536868,-0.621826,0.088135,-0.744141,-15.625004,13.183598,-5.615236,cycling_2
1769336797.3720205,-0.591919,0.174805,-0.710327,-11.596684,8.850098,-1.892090,cycling_2
1769336797.3920913,-0.618042,0.202148,-0.748535,-8.178711,7.568361,-5.310059,cycling_2
1769336797.4134932,-0.522827,0.052368,-0.756836,-5.737307,2.502441,-11.047363,cycling_2
1769336797.43179,-0.562622,0.104858,-0.715820,-4.089355,2.929688,-1.953125,cycling_2
1769336797.451677,-0.621704,0.186279,-0.811157,-4.272461,5.126953,-12.451176,cycling_2
1769336797.4730954,-0.551758,0.217285,-0.755249,1.708985,-3.295899,-8.422852,cycling_2
1769336797.492752,-0.576660,0.240967,-0.736816,2.380371,-8.789063,-16.967773,cycling_2
1769336797.5175378,-0.601318,0.087769,-0.782837,0.732422,-10.742188,-17.700195,cycling_2
1769336797.5416646,-0.725464,0.048584,-0.836182,1.098633,-7.995607,-12.268070,cycling_2
1769336797.6018312,-0.704834,-0.031128,-0.802002,-6.896975,-3.601075,-12.023930,cycling_2
1769336797.6200242,-0.674438,-0.015625,-0.750000,-10.375977,2.929688,-1.464844,cycling_2
1769336797.6206923,-0.613892,0.083008,-0.777222,-10.498047,3.845216,-5.981447,cycling_2
1769336797.6268382,-0.583496,-0.022217,-0.778076,-6.103518,0.732422,-10.314941,cycling_2
1769336797.6806803,-0.625000,0.084351,-0.758545,-2.136230,3.906251,-0.915528,cycling_2
1769336797.688714,-0.630859,0.122803,-0.741211,-1.037598,2.258301,-6.164553,cycling_2
1769336797.688714,-0.824219,0.208496,-0.859619,5.920412,1.037598,-15.747074,cycling_2
1769336797.6935654,-0.498413,-0.004517,-0.715332,-0.183106,-3.479005,-25.390633,cycling_2
1769336797.71405,-0.718872,0.011719,-0.866455,-1.892090,-3.479005,-11.047363,cycling_2
1769336797.7319837,-0.712891,0.075317,-0.815186,-8.300781,8.117676,-6.896975,cycling_2
1769336797.7521029,-0.684814,0.029297,-0.833008,-9.826660,5.249023,-13.916019,cycling_2
1769336797.7715936,-0.538818,0.080811,-0.752319,-12.634281,7.934572,-4.394531,cycling_2
1769336797.795246,-0.645874,0.102783,-0.824463,-8.728027,3.967286,-2.746582,cycling_2
1769336797.813064,-0.692017,0.254517,-0.791870,-9.094238,8.728027,-6.286623,cycling_2
1769336797.832529,-0.494873,-0.086182,-0.752319,-6.225588,-4.089355,-17.272949,cycling_2
1769336797.854808,-0.664063,0.001709,-0.807739,-5.798342,5.981447,0.915528,cycling_2
1769336797.875757,-0.524048,0.103760,-0.723022,-9.826660,9.155273,-2.685547,cycling_2
1769336797.8935072,-0.610718,-0.064819,-0.707520,-9.765625,1.831055,-3.051759,cycling_2
1769336797.913051,-0.733154,0.068481,-0.791138,-9.338379,10.803223,-2.502441,cycling_2
1769336797.9334161,-0.528320,0.125732,-0.751953,-8.972168,3.662110,-9.704590,cycling_2
1769336797.951898,-0.636353,0.269165,-0.851929,2.075195,2.258301,-4.272461,cycling_2
1769336797.9716005,-0.473022,0.198975,-0.753174,-1.708985,-10.192871,-32.836914,cycling_2
1769336797.9927917,-0.549561,0.017700,-0.770508,1.647950,-15.869144,-19.470215,cycling_2
1769336798.0142787,-0.714722,0.128540,-0.854248,-3.356935,-6.896975,-17.822266,cycling_2
1769336798.034318,-0.498169,-0.003540,-0.752686,-8.117676,-13.000492,-19.531250,cycling_2
1769336798.0549302,-0.570923,0.008057,-0.741699,-9.094238,-12.207035,-1.342773,cycling_2
1769336798.0765963,-0.614868,0.105469,-0.786011,-7.446291,-8.728027,-2.014160,cycling_2
1769336798.0921116,-0.500000,0.196289,-0.629761,-7.995607,-12.329105,2.258301,cycling_2
1769336798.112853,-0.689941,0.411377,-0.893921,8.361816,-7.080080,-6.591799,cycling_2
1769336798.1316383,-0.363281,0.339478,-0.710815,6.774904,-22.216805,-20.874023,cycling_2
1769336798.1556168,-0.408081,-0.089111,-0.785767,16.235352,-31.982430,-14.404301,cycling_2
1769336798.1746619,-0.882324,0.096069,-0.868530,13.732914,-22.460945,-1.953125,cycling_2
1769336798.1946275,-0.735229,-0.035522,-0.768311,1.342773,-13.122562,-9.338379,cycling_2
1769336798.2163434,-0.733398,-0.274292,-0.798828,-1.586915,-14.892582,-5.676271,cycling_2
1769336798.2348928,-0.698975,-0.050293,-0.782104,-12.268070,-2.136230,15.747074,cycling_2
1769336798.256467,-0.688110,-0.050781,-0.748657,-10.681152,-5.310059,10.009766,cycling_2
1769336798.2718751,-0.756348,0.042725,-0.767700,-7.568361,1.525879,8.911133,cycling_2
1769336798.2921531,-0.618042,0.016357,-0.708130,-5.554201,-0.549316,2.990724,cycling_2
1769336798.3125298,-0.603882,0.033447,-0.693237,-2.380371,-5.249023,0.061035,cycling_2
1769336798.3331969,-0.664795,0.028442,-0.762329,-0.549316,-5.737307,-5.432129,cycling_2
1769336798.3539298,-0.707520,0.197021,-0.792480,3.906251,-2.624512,-6.286623,cycling_2
1769336798.3736823,-0.558105,0.029297,-0.732056,4.882813,-11.230473,-16.479492,cycling_2
1769336798.396694,-0.755371,0.110840,-0.839844,9.399414,-9.826660,-7.629396,cycling_2
1769336798.4117546,-0.729370,0.100830,-0.814697,3.967286,-10.070801,-14.770512,cycling_2
1769336798.4317226,-0.631714,0.109497,-0.757568,1.342773,-9.399414,-6.835939,cycling_2
1769336798.4562972,-0.774780,0.103027,-0.848877,2.319336,-9.582520,-8.239746,cycling_2
1769336798.4728656,-0.745361,0.177368,-0.756470,-4.089355,-8.911133,-9.460449,cycling_2
1769336798.4922414,-0.582886,-0.015137,-0.692627,-6.103518,-11.047363,2.014160,cycling_2
1769336798.5118995,-0.757568,0.056641,-0.793091,-3.845216,-6.835939,-1.037598,cycling_2
1769336798.5340366,-0.603149,-0.093018,-0.714355,-5.920412,-8.728027,-2.868653,cycling_2
1769336798.5543892,-0.537476,0.010010,-0.687988,-1.953125,-3.356935,13.366703,cycling_2
1769336798.5761824,-0.669067,0.198608,-0.716553,-0.366211,-5.187988,4.516602,cycling_2
1769336798.5918345,-0.631226,0.089966,-0.692017,1.159668,-7.446291,-5.249023,cycling_2
1769336798.6119099,-0.625000,0.081909,-0.716431,5.432129,-8.300781,-3.479005,cycling_2
1769336798.6324017,-0.622925,-0.086792,-0.753662,2.319336,-7.629396,-6.164553,cycling_2
1769336798.6546974,-0.755371,-0.244019,-0.803467,5.004883,-6.347658,-1.708985,cycling_2
1769336798.6752875,-0.801514,0.099854,-0.696045,6.042482,3.784181,10.498047,cycling_2
1769336798.6916716,-0.705566,0.198975,-0.776245,1.342773,3.173829,-3.356935,cycling_2
1769336798.7118285,-0.664551,0.103149,-0.769165,5.310059,-2.441406,-3.906251,cycling_2
1769336798.732021,-0.772705,0.043823,-0.829468,4.943848,-4.638672,-6.103518,cycling_2
1769336798.7520044,-0.718506,0.002563,-0.797852,-0.061035,3.723145,-0.305176,cycling_2
1769336798.7764168,-0.734619,-0.020386,-0.715088,-9.887695,0.793457,-4.211426,cycling_2
1769336798.791708,-0.683838,-0.065918,-0.778687,-11.840824,11.169437,4.455566,cycling_2
1769336798.8139982,-0.671021,0.116089,-0.735107,-14.221195,10.864258,7.751467,cycling_2
1769336798.8334968,-0.655518,0.108276,-0.687744,-11.718754,6.347658,3.845216,cycling_2
1769336798.853522,-0.656372,0.166992,-0.652832,-9.277344,7.934572,5.249023,cycling_2
1769336798.8737397,-0.654419,0.151245,-0.679077,-4.882813,3.479005,0.793457,cycling_2
1769336798.896024,-0.568970,0.228394,-0.675537,3.173829,-3.356935,-1.098633,cycling_2
1769336798.9118235,-0.503662,0.035400,-0.721436,13.671879,-15.625004,-5.310059,cycling_2
1769336798.9318354,-0.656982,0.256104,-0.706787,18.127441,-8.605957,4.150391,cycling_2
1769336798.9540553,-0.620361,0.158203,-0.669434,14.587406,-15.625004,-10.131836,cycling_2
1769336798.9728556,-0.583618,0.066528,-0.671753,14.709476,-14.831547,-4.455566,cycling_2
1769336798.998718,-0.713623,0.204224,-0.749756,12.573246,-6.225588,-3.540040,cycling_2
1769336799.0132372,-0.597534,-0.029053,-0.797729,6.164553,-15.625004,-8.117676,cycling_2
1769336799.0344753,-0.758667,0.131592,-0.738892,7.812502,-3.417970,11.352543,cycling_2
1769336799.0520794,-0.703247,0.206665,-0.731812,0.793457,-6.530764,1.770020,cycling_2
1769336799.071851,-0.674072,0.015869,-0.771851,5.371094,-12.695316,-4.821777,cycling_2
1769336799.0918038,-0.724609,0.031250,-0.785522,7.751467,-13.366703,-1.892090,cycling_2
1769336799.113656,-0.669189,0.024536,-0.721436,8.361816,-11.108402,4.211426,cycling_2
1769336799.1317725,-0.787720,0.088623,-0.816895,14.770512,-10.559082,1.708985,cycling_2
1769336799.1527808,-0.695435,0.109985,-0.695679,16.845703,-15.930180,1.159668,cycling_2
1769336799.1745055,-0.693848,-0.034424,-0.713623,17.395020,-21.057129,-1.892090,cycling_2
1769336799.19457,-0.851074,-0.093018,-0.832886,20.141602,-12.390141,-0.488281,cycling_2
1769336799.214085,-0.889160,0.097290,-0.723022,21.667480,-3.906251,2.258301,cycling_2
1769336799.2360241,-0.740112,0.146606,-0.662476,14.770512,-4.760742,-0.061035,cycling_2
1769336799.253899,-0.643799,-0.124878,-0.705566,18.737793,-16.479492,-9.338379,cycling_2
1769336799.2746015,-0.752197,-0.109497,-0.752563,21.850586,-9.826660,4.333496,cycling_2
1769336799.2934692,-0.663818,-0.166992,-0.714478,15.441898,-11.108402,6.408693,cycling_2
1769336799.3118377,-0.704468,-0.258057,-0.726807,18.554688,-5.676271,5.554201,cycling_2
1769336799.3329742,-0.708130,0.043701,-0.739624,18.249512,5.065918,13.427738,cycling_2
1769336799.3539412,-0.699219,0.330444,-0.681030,18.432617,8.056641,8.422852,cycling_2
1769336799.3755364,-0.509888,-0.075684,-0.722168,18.371582,-5.737307,-5.920412,cycling_2
1769336799.3988812,-0.752563,-0.063843,-0.705322,25.207527,-2.258301,2.868653,cycling_2
1769336799.4194486,-0.771729,0.071777,-0.684204,23.559578,-1.831055,7.507326,cycling_2
1769336799.431942,-0.643433,-0.177002,-0.591675,18.127441,-10.070801,-2.075195,cycling_2
1769336799.452506,-0.771606,-0.216675,-0.699463,18.920898,-4.943848,9.948730,cycling_2
1769336799.4721766,-0.940674,0.110107,-0.765503,15.686039,3.051759,12.634281,cycling_2
1769336799.5519981,-0.588013,-0.077637,-0.606689,4.089355,-7.507326,3.173829,cycling_2
1769336799.5519981,-0.470215,-0.614746,-0.707520,-2.380371,-14.099125,12.268070,cycling_2
1769336799.565934,-1.089966,-0.187744,-0.840088,-4.028320,3.112794,24.169930,cycling_2
1769336799.566695,-0.688599,-0.061523,-0.735840,-12.451176,2.075195,15.563969,cycling_2
1769336799.5721035,-0.699585,-0.068359,-0.688477,-3.479005,-2.685547,10.864258,cycling_2
1769336799.5958338,-0.694214,-0.194214,-0.636597,-3.906251,-3.479005,10.864258,cycling_2
1769336799.6176283,-0.812988,-0.137207,-0.662964,0.976563,5.798342,15.991215,cycling_2
1769336799.632069,-0.845947,0.041870,-0.672241,4.882813,16.235352,15.197758,cycling_2
1769336799.6525643,-0.689087,-0.020020,-0.581665,0.488281,14.526371,12.512211,cycling_2
1769336799.6741683,-0.734009,-0.112061,-0.708374,5.981447,17.822266,14.282230,cycling_2
1769336799.695835,-0.714478,0.233887,-0.687012,7.812502,16.967773,12.451176,cycling_2
1769336799.7488725,-0.593628,0.165405,-0.713745,13.183598,1.708985,5.798342,cycling_2
1769336799.7641218,-0.649780,0.177612,-0.698242,11.840824,-8.361816,-0.427246,cycling_2
1769336799.7664468,-0.692871,0.012817,-0.718994,5.187988,-14.099125,-5.798342,cycling_2
1769336799.7757678,-0.663696,0.124146,-0.670410,0.854492,-7.446291,2.258301,cycling_2
1769336799.797763,-0.516724,0.189941,-0.537109,-7.080080,-7.019045,6.835939,cycling_2
1769336799.818689,-0.621948,0.047974,-0.723999,-5.310059,5.432129,13.916019,cycling_2
1769336799.8334174,-0.722778,0.397705,-0.691162,4.455566,-1.525879,13.977055,cycling_2
1769336799.8548899,-0.696411,0.225220,-0.706421,4.638672,-8.972168,-0.122070,cycling_2
1769336799.8747633,-0.815918,0.218384,-0.733398,11.047363,-9.826660,-10.620117,cycling_2
1769336799.897692,-0.625488,-0.001831,-0.637085,13.122562,-19.714355,-10.314941,cycling_2
1769336799.9167602,-0.820435,-0.020874,-0.721069,17.517090,-16.235352,-11.108402,cycling_2
1769336799.9327338,-0.852783,-0.117065,-0.701294,16.662598,-13.488773,-16.296387,cycling_2
1769336799.9529645,-0.764038,-0.261719,-0.745850,20.263672,-2.136230,7.873537,cycling_2
1769336799.9724276,-0.847656,-0.115234,-0.699585,18.798828,-0.671387,3.051759,cycling_2
1769336799.9918737,-0.692383,-0.203857,-0.742065,18.066406,2.014160,7.568361,cycling_2
1769336800.0173156,-0.937500,0.205688,-0.832031,27.038582,6.591799,5.920412,cycling_2
1769336800.0356753,-0.649902,-0.189941,-0.628296,17.761230,-15.258793,-10.314941,cycling_2
1769336800.0526297,-0.726074,-0.334473,-0.659790,14.831547,-6.713869,0.000000,cycling_2
1769336800.074066,-0.950562,0.163086,-0.742432,17.211914,3.112794,-7.690432,cycling_2
1769336800.0920537,-0.617432,-0.083252,-0.604492,11.840824,-9.338379,-5.554201,cycling_2
1769336800.114849,-0.681519,-0.232910,-0.720947,9.826660,-1.037598,-1.708985,cycling_2
1769336800.1336317,-0.776611,0.122803,-0.720947,15.441898,1.464844,8.117676,cycling_2
1769336800.161985,-0.709717,0.059326,-0.640503,10.375977,-2.563477,-3.356935,cycling_2
1769336800.17476,-0.693726,-0.162598,-0.611816,5.554201,4.089355,1.037598,cycling_2
1769336800.194741,-0.826660,0.076782,-0.645996,5.920412,6.042482,2.685547,cycling_2
1769336800.2147932,-0.638184,-0.246460,-0.603882,1.647950,-2.563477,-6.103518,cycling_2
1769336800.2360046,-0.592773,-0.205933,-0.665527,8.972168,3.662110,11.047363,cycling_2
1769336800.2520285,-0.715454,-0.117432,-0.742188,14.404301,1.770020,14.892582,cycling_2
1769336800.2774127,-0.866333,0.148315,-0.740723,26.000984,5.554201,14.221195,cycling_2
1769336800.2947066,-0.602173,-0.252563,-0.625977,23.071297,-6.042482,5.798342,cycling_2
1769336800.3134165,-0.792114,-0.355713,-0.798828,28.503426,7.568361,16.296387,cycling_2
1769336800.338508,-0.934692,0.144165,-0.814453,35.827637,11.230473,23.254402,cycling_2
1769336800.3538482,-0.741821,-0.364502,-0.644165,34.973145,-11.535648,16.723633,cycling_2
1769336800.3740425,-0.750122,-0.548218,-0.622070,23.437508,-6.530764,25.024422,cycling_2
1769336800.393962,-1.088257,-0.401367,-0.741943,15.258793,5.249023,25.207527,cycling_2
1769336800.4152284,-0.907104,-0.284546,-0.675781,4.516602,14.587406,20.080566,cycling_2
1769336800.431743,-0.700928,-0.365479,-0.613770,-4.882813,20.324707,24.292000,cycling_2
1769336800.4520762,-0.948486,-0.161499,-0.655151,-7.263186,30.273445,21.240234,cycling_2
1769336800.472263,-0.700806,-0.053589,-0.491333,-24.536140,30.212410,7.873537,cycling_2
1769336800.4940732,-0.757568,-0.332642,-0.606201,-22.888191,31.494148,9.582520,cycling_2
1769336800.5144148,-1.068970,0.265991,-0.772949,-13.916019,48.034683,22.705086,cycling_2
1769336800.534422,-0.524902,0.267578,-0.546753,-31.372078,33.935547,-1.770020,cycling_2
1769336800.5546954,-0.523682,-0.422485,-0.664795,-18.798828,16.845703,-8.056641,cycling_2
1769336800.5742118,-0.820313,0.044067,-0.677612,-20.446777,42.236328,25.939949,cycling_2
1769336800.5963745,-0.589722,0.292480,-0.593384,-27.587898,37.780762,12.878422,cycling_2
1769336800.6118755,-0.569092,0.293701,-0.616455,-13.671879,26.489265,19.348145,cycling_2
1769336800.6348164,-0.640381,0.345215,-0.684937,-13.549809,20.446777,9.033203,cycling_2
1769336800.6670024,-0.558228,0.101807,-0.722656,-9.460449,9.399414,0.854492,cycling_2
1769336800.672174,-0.683350,0.161255,-0.659058,-10.253906,9.765625,8.789063,cycling_2
1769336800.7019165,-0.731934,0.035034,-0.716675,-14.709476,14.709476,-5.187988,cycling_2
1769336800.7239332,-0.557983,0.168823,-0.700562,-18.188477,25.756844,4.455566,cycling_2
1769336800.734039,-0.556641,0.329224,-0.782104,-13.244633,14.526371,-2.563477,cycling_2
1769336800.8077707,-0.695435,0.255737,-0.764160,-10.742188,3.967286,-12.634281,cycling_2
1769336800.8077707,-0.697144,-0.083130,-0.772339,-10.253906,-5.981447,-19.897461,cycling_2
1769336800.8077707,-0.676636,0.026855,-0.719727,-11.413578,4.882813,-4.699707,cycling_2
1769336800.8118942,-0.731079,0.144165,-0.844238,-11.291508,5.737307,-11.413578,cycling_2
1769336800.8334348,-0.605347,-0.143188,-0.866577,-8.178711,-3.295899,-8.117676,cycling_2
1769336800.8557308,-0.675659,-0.038452,-0.893188,-0.305176,-0.549316,5.004883,cycling_2
1769336800.8750627,-0.718506,0.094116,-0.720947,6.225588,-12.817387,-4.211426,cycling_2
1769336800.8958657,-0.635010,-0.125000,-0.665161,2.929688,-14.160160,-5.004883,cycling_2
1769336800.9118507,-0.817017,-0.280518,-0.870605,3.723145,2.563477,-4.577637,cycling_2
1769336800.936006,-0.779907,0.036377,-0.807007,6.103518,14.099125,-2.319336,cycling_2
1769336800.954647,-0.561768,-0.147583,-0.609497,-0.976563,2.502441,-10.131836,cycling_2
1769336800.973203,-0.808350,-0.348877,-0.675781,-1.647950,6.713869,-10.253906,cycling_2
1769336800.9930944,-0.868530,0.043457,-0.721069,-8.850098,25.390633,-3.967286,cycling_2
1769336801.01298,-0.812134,-0.104370,-0.783447,-15.625004,20.324707,-21.484375,cycling_2
1769336801.0422156,-0.888916,-0.158936,-0.786499,-18.798828,19.287109,-30.639656,cycling_2
1769336801.057086,-0.809692,-0.089600,-0.740356,-29.174812,29.968269,-20.812988,cycling_2
1769336801.0750463,-0.779297,0.078857,-0.776001,-34.606934,34.423828,-19.897461,cycling_2
1769336801.0918133,-0.598511,0.198730,-0.679077,-35.644531,31.250008,-23.559578,cycling_2
1769336801.1130574,-0.630127,0.154785,-0.698242,-29.846199,20.629883,-33.081055,cycling_2
1769336801.1318314,-0.360718,0.182617,-0.702759,-25.512703,11.474613,-15.441898,cycling_2
1769336801.1535108,-0.479370,0.446411,-0.692261,-20.507813,8.911133,-16.235352,cycling_2
1769336801.1762416,-0.441895,0.289063,-0.748779,-15.441898,5.737307,-23.559578,cycling_2
1769336801.1933193,-0.449829,0.302246,-0.807617,-8.544922,0.061035,-20.690918,cycling_2
1769336801.2288873,-0.315186,0.166992,-0.775269,-5.493164,-7.446291,-21.301270,cycling_2
1769336801.2320738,-0.544067,0.027954,-0.834473,-6.103518,-6.530764,-12.390141,cycling_2
1769336801.2566085,-0.759888,-0.046265,-0.907471,-7.446291,0.183106,-8.300781,cycling_2
1769336801.2737799,-0.634033,0.243652,-0.783813,-8.605957,3.234864,-13.854984,cycling_2
1769336801.293918,-0.497192,-0.054443,-0.814941,-4.882813,-3.662110,-11.962894,cycling_2
1769336801.3127809,-0.736084,0.131104,-0.966675,0.610352,-2.502441,-4.089355,cycling_2
1769336801.3349636,-0.677856,0.177246,-0.806030,-5.615236,0.122070,-15.380863,cycling_2
1769336801.3533678,-0.620850,-0.195190,-0.726440,-6.713869,-6.286623,-22.644051,cycling_2
1769336801.3737624,-0.672241,-0.154907,-0.690308,-12.512211,-0.366211,-15.075687,cycling_2
1769336801.3954186,-0.524902,-0.021973,-0.754150,-13.061527,8.178711,5.859377,cycling_2
1769336801.411731,-0.687622,0.182861,-0.843140,-5.187988,6.774904,-10.192871,cycling_2
1769336801.4329283,-0.482666,-0.006104,-0.700684,-5.065918,0.366211,-14.038090,cycling_2
1769336801.4517603,-0.579346,0.054565,-0.749390,-2.746582,-2.441406,-9.521484,cycling_2
1769336801.47415,-0.614746,0.036621,-0.857544,-2.746582,-4.150391,-20.507813,cycling_2
1769336801.493512,-0.544922,0.196289,-0.809326,-1.525879,-4.821777,-10.498047,cycling_2
1769336801.5146654,-0.577637,0.014526,-0.805176,-8.117676,-4.150391,-22.155769,cycling_2
1769336801.5356414,-0.597168,-0.083008,-0.878296,-7.873537,-7.202150,-16.113281,cycling_2
1769336801.5588117,-0.658936,0.160767,-0.842896,-10.925293,-3.295899,-5.126953,cycling_2
1769336801.5769055,-0.629761,0.057495,-0.775757,-14.465336,-7.080080,-19.104004,cycling_2
1769336801.597735,-0.570313,0.117432,-0.804321,-14.953617,-3.967286,-7.690432,cycling_2
1769336801.6119146,-0.672485,0.037476,-0.806763,-11.474613,-15.380863,-23.559578,cycling_2
1769336801.6318712,-0.460938,-0.117188,-0.688232,-14.648441,-11.169437,-12.634281,cycling_2
1769336801.6558263,-0.682007,0.112549,-0.865234,-6.042482,-7.995607,0.244141,cycling_2
1769336801.674521,-0.640259,0.242798,-0.818115,-0.976563,-11.840824,-16.662598,cycling_2
1769336801.6943667,-0.258057,-0.030273,-0.728760,-2.380371,-10.375977,-8.056641,cycling_2
1769336801.7147346,-0.659912,0.263306,-0.991821,8.178711,-16.113281,4.943848,cycling_2
1769336801.7343006,-0.826660,0.375488,-0.830078,4.028320,-17.395020,-19.165039,cycling_2
1769336801.7552545,-0.514038,-0.195435,-0.705444,-0.183106,-21.545410,-34.790039,cycling_2
1769336801.7747443,-0.750366,0.141479,-0.903076,-5.126953,-7.629396,6.530764,cycling_2
1769336801.8486843,-0.791016,0.127686,-0.785767,-7.141115,-8.300781,-16.113281,cycling_2
1769336801.8576214,-0.514404,-0.206543,-0.614868,-5.554201,0.793457,-2.075195,cycling_2
1769336801.8687055,-0.654419,0.167480,-0.788818,-3.601075,8.789063,15.136723,cycling_2
1769336801.877006,-0.684204,0.402466,-0.728027,-0.427246,6.713869,0.183106,cycling_2
1769336801.877006,-0.401367,0.099609,-0.643799,-4.394531,-6.713869,-10.192871,cycling_2
1769336801.8949656,-0.367676,-0.041138,-0.816284,-1.953125,-5.920412,4.150391,cycling_2
1769336801.9133835,-0.550171,0.199341,-0.746094,0.732422,-11.413578,-0.732422,cycling_2
1769336801.9362843,-0.429810,0.111938,-0.746460,-1.098633,-15.625004,2.136230,cycling_2
1769336801.9585001,-0.734253,0.150757,-0.908081,2.441406,-13.061527,-5.554201,cycling_2
1769336801.974882,-0.612671,0.037354,-0.841187,3.662110,-13.061527,-7.812502,cycling_2
1769336801.9950407,-0.537109,0.002808,-0.777100,1.770020,-14.343266,1.586915,cycling_2
1769336802.0149207,-0.801270,-0.021484,-0.902222,3.479005,-10.803223,-0.793457,cycling_2
1769336802.034651,-0.755371,0.055908,-0.755249,5.554201,-7.507326,3.112794,cycling_2
1769336802.0552125,-0.792969,0.035767,-0.805908,2.441406,-17.700195,-17.517090,cycling_2
1769336802.0836568,-0.569580,-0.423462,-0.782227,3.173829,-25.695808,-7.263186,cycling_2
1769336802.0966895,-0.767334,-0.085693,-0.879883,9.948730,-4.211426,19.042969,cycling_2
1769336802.1175425,-0.756714,0.151367,-0.735352,5.554201,-3.967286,7.629396,cycling_2
1769336802.1348603,-0.590942,-0.146362,-0.647583,4.577637,-18.249512,-1.098633,cycling_2
1769336802.1532707,-0.821045,0.093018,-0.768677,11.047363,0.366211,5.371094,cycling_2
1769336802.1764507,-0.424072,-0.016357,-0.728882,1.281738,-19.592285,-18.310547,cycling_2
1769336802.1939754,-0.646118,-0.463867,-0.816528,16.357422,-20.263672,-11.230473,cycling_2
1769336802.2151055,-0.767822,0.064819,-0.725952,9.155273,7.995607,10.864258,cycling_2
1769336802.2415917,-0.709106,0.071533,-0.779785,11.901859,0.549316,-1.953125,cycling_2
1769336802.255471,-0.660767,0.072266,-0.718750,18.005371,-11.840824,-1.037598,cycling_2
1769336802.2766757,-0.795532,-0.005249,-0.846558,20.935059,-16.784668,-6.347658,cycling_2
1769336802.291807,-0.827026,-0.051147,-0.885620,14.465336,-16.052246,-7.812502,cycling_2
1769336802.317446,-0.780396,-0.096680,-0.772705,3.356935,1.403809,0.610352,cycling_2
1769336802.3324502,-0.802856,-0.084106,-0.742676,-4.699707,1.098633,-7.873537,cycling_2
1769336802.3538845,-0.486084,-0.436279,-0.574707,-16.784668,-3.601075,-6.286623,cycling_2
1769336802.3759894,-0.659546,-0.234619,-0.664673,-17.639160,13.916019,20.996094,cycling_2
1769336802.3959925,-0.880005,0.286377,-0.672363,-16.723633,22.644051,12.573246,cycling_2
1769336802.4162664,-0.513550,0.140747,-0.657104,-19.897461,14.709476,-3.234864,cycling_2
1769336802.4328272,-0.706177,0.303101,-0.713257,-0.610352,10.375977,7.812502,cycling_2
1769336802.4615898,-0.597412,0.489868,-0.699097,-2.441406,7.812502,-7.690432,cycling_2
1769336802.474523,-0.440552,0.225220,-0.731323,8.605957,-14.343266,-16.662598,cycling_2
1769336802.494015,-0.657593,0.141602,-0.760864,15.075687,-13.000492,-13.244633,cycling_2
1769336802.5153613,-0.668091,0.080200,-0.771118,11.169437,-13.305668,-9.704590,cycling_2
1769336802.5346177,-0.648682,-0.040649,-0.779785,7.995607,-13.549809,-1.464844,cycling_2
1769336802.5566168,-0.711182,0.086792,-0.728271,2.319336,-11.413578,6.225588,cycling_2
1769336802.5738235,-0.679077,0.178101,-0.719116,-5.676271,-5.798342,4.028320,cycling_2
1769336802.5954523,-0.597534,-0.133911,-0.743774,-4.882813,-15.258793,-6.286623,cycling_2
1769336802.612251,-0.648804,0.036743,-0.695801,-2.319336,-6.896975,7.934572,cycling_2
1769336802.6374373,-0.685425,0.131348,-0.724609,-4.882813,-6.469728,2.929688,cycling_2
1769336802.6519406,-0.661133,-0.104858,-0.743896,1.098633,-11.352543,-6.958010,cycling_2
1769336802.672956,-0.723389,0.025635,-0.723267,8.056641,-12.207035,2.624512,cycling_2
1769336802.6963594,-0.805420,-0.052612,-0.765259,11.291508,-11.962894,-5.432129,cycling_2
1769336802.7139559,-0.800171,-0.158936,-0.784546,12.756351,-14.221195,-6.958010,cycling_2
1769336802.7360313,-0.870850,-0.358643,-0.745850,13.671879,-12.451176,-7.995607,cycling_2
1769336802.7555122,-0.835327,0.034180,-0.734009,11.718754,6.713869,6.530764,cycling_2
1769336802.7732713,-0.603516,0.151611,-0.760498,9.216309,2.136230,2.136230,cycling_2
1769336802.7955618,-0.640625,0.039429,-0.756348,15.075687,-8.666992,-2.441406,cycling_2
1769336802.812223,-0.669556,-0.056274,-0.691162,13.793949,-7.995607,2.075195,cycling_2
1769336802.8347657,-0.713745,0.249878,-0.699585,10.925293,4.760742,5.676271,cycling_2
1769336802.8541112,-0.518799,-0.159424,-0.648560,2.441406,-12.817387,-12.451176,cycling_2
1769336802.879161,-0.574463,-0.074341,-0.645020,9.887695,2.990724,13.305668,cycling_2
1769336802.8946579,-0.827881,0.399292,-0.715576,9.582520,2.441406,5.371094,cycling_2
1769336802.9162738,-0.535645,0.081421,-0.654907,2.197266,-6.958010,-8.483887,cycling_2
1769336802.93633,-0.685547,-0.038208,-0.757935,14.221195,-6.103518,-5.920412,cycling_2
1769336802.957752,-0.659790,0.058838,-0.685181,11.779789,-8.300781,-4.516602,cycling_2
1769336802.977239,-0.690308,-0.006958,-0.643066,12.512211,-6.591799,0.305176,cycling_2
1769336802.993151,-0.820557,-0.125610,-0.795532,10.620117,-4.028320,-1.953125,cycling_2
1769336803.015399,-0.728638,-0.258911,-0.695435,10.253906,-9.155273,4.028320,cycling_2
1769336803.0333273,-0.795654,0.037598,-0.769531,9.338379,-3.662110,14.831547,cycling_2
1769336803.0540905,-0.730835,-0.060669,-0.741943,4.821777,-7.873537,5.004883,cycling_2
1769336803.075945,-0.731079,-0.226685,-0.749390,5.920412,-9.033203,6.164553,cycling_2
1769336803.097167,-0.790649,-0.153809,-0.769043,-2.075195,-5.310059,0.305176,cycling_2
1769336803.1119153,-0.599365,-0.486328,-0.664673,1.525879,-5.981447,0.488281,cycling_2
1769336803.1326997,-0.796021,-0.014282,-0.682861,2.990724,5.981447,15.930180,cycling_2
1769336803.1551244,-0.790161,-0.161865,-0.692627,-5.981447,2.197266,-6.408693,cycling_2
1769336803.1731684,-0.743774,-0.184570,-0.712646,5.554201,5.920412,-4.272461,cycling_2
1769336803.191835,-0.878174,0.169434,-0.780762,13.122562,6.591799,0.915528,cycling_2
1769336803.2148669,-0.683105,-0.041260,-0.720703,7.019045,-0.366211,-11.718754,cycling_2
1769336803.2318108,-0.728027,-0.286377,-0.733154,14.404301,-8.361816,7.934572,cycling_2
1769336803.2579656,-0.957397,-0.074585,-0.714966,6.713869,-0.610352,11.596684,cycling_2
1769336803.276945,-0.640015,-0.277344,-0.652344,-8.361816,2.380371,10.803223,cycling_2
1769336803.2924705,-0.664917,-0.232056,-0.750732,-6.042482,5.187988,20.263672,cycling_2
1769336803.313344,-0.833130,0.138672,-0.694336,-8.056641,6.225588,23.071297,cycling_2
1769336803.3346944,-0.708252,0.130615,-0.733276,-11.840824,11.657719,12.146000,cycling_2
1769336803.355499,-0.626953,-0.052856,-0.642090,-8.117676,3.234864,7.019045,cycling_2
1769336803.3751476,-0.744507,-0.065308,-0.682617,-4.272461,10.192871,9.704590,cycling_2
1769336803.3949447,-0.680054,0.130859,-0.600464,-4.760742,14.404301,12.756351,cycling_2
1769336803.4154925,-0.674561,0.061646,-0.675659,1.647950,7.995607,5.554201,cycling_2
1769336803.436818,-0.719482,0.241333,-0.652100,6.042482,7.751467,9.338379,cycling_2
1769336803.4517581,-0.607788,0.023315,-0.659912,6.713869,-4.394531,1.586915,cycling_2
1769336803.4717033,-0.592773,-0.017944,-0.690186,9.399414,-2.075195,13.916019,cycling_2
1769336803.4936552,-0.744873,0.049927,-0.724487,3.845216,-2.929688,8.178711,cycling_2
1769336803.513567,-0.603882,0.029541,-0.672363,-0.183106,-3.662110,13.000492,cycling_2
1769336803.5338368,-0.720459,-0.008423,-0.752075,-2.014160,-3.417970,12.512211,cycling_2
1769336803.554909,-0.783569,-0.027466,-0.793701,-7.812502,1.281738,9.582520,cycling_2
1769336803.5751226,-0.744385,-0.120117,-0.752563,-9.338379,1.098633,10.681152,cycling_2
1769336803.5955102,-0.786011,-0.105103,-0.714600,-10.803223,1.525879,10.253906,cycling_2
1769336803.6295528,-0.820435,-0.064453,-0.733398,-9.399414,8.300781,8.728027,cycling_2
1769336803.6366885,-0.729370,0.013428,-0.685059,-5.126953,3.540040,4.699707,cycling_2
1769336803.65176,-0.746948,-0.056030,-0.711182,1.708985,3.479005,4.821777,cycling_2
1769336803.6721077,-0.826294,0.108398,-0.741577,7.446291,6.835939,4.577637,cycling_2
1769336803.6942685,-0.683472,0.098511,-0.664551,5.493164,0.305176,-0.915528,cycling_2
1769336803.7143807,-0.672729,-0.203369,-0.694946,12.268070,-6.347658,-6.958010,cycling_2
1769336803.7339702,-0.764648,0.103394,-0.678711,12.390141,5.859377,5.737307,cycling_2
1769336803.755007,-0.591553,-0.047485,-0.672852,5.737307,-7.690432,-12.451176,cycling_2
1769336803.7720015,-0.610107,-0.021118,-0.676270,10.620117,1.586915,8.789063,cycling_2
1769336803.794999,-0.731323,0.178345,-0.683594,4.760742,1.403809,8.789063,cycling_2
1769336803.8120418,-0.611694,-0.088379,-0.715820,-2.685547,-0.976563,4.333496,cycling_2
1769336803.8339245,-0.690918,0.094971,-0.740112,-3.173829,11.840824,21.545410,cycling_2
1769336803.8538287,-0.770142,0.072388,-0.788574,-13.244633,10.375977,12.695316,cycling_2
1769336803.8739502,-0.655884,-0.213013,-0.763062,-17.578125,13.488773,18.310547,cycling_2
1769336803.8955438,-0.838379,0.174561,-0.772583,-11.169437,26.306160,28.259285,cycling_2
1769336803.9148707,-0.641846,0.050415,-0.686157,-13.183598,19.042969,13.732914,cycling_2
1769336803.9349592,-0.755615,-0.069458,-0.749023,-4.577637,13.488773,16.418457,cycling_2
1769336803.9524214,-0.829834,0.129517,-0.736938,-0.122070,20.446777,18.310547,cycling_2
1769336803.971732,-0.742065,0.078857,-0.804565,-4.577637,15.258793,2.990724,cycling_2
1769336803.9944205,-0.688843,-0.247925,-0.692871,-5.004883,6.835939,-0.671387,cycling_2
1769336804.014123,-0.793701,-0.009155,-0.746338,-12.939457,25.573738,8.850098,cycling_2
1769336804.0396307,-0.690918,0.110962,-0.713135,-12.512211,31.555183,8.239746,cycling_2
1769336804.0549145,-0.657104,0.183838,-0.731445,-12.329105,23.864754,-0.305176,cycling_2
1769336804.075266,-0.643677,0.110474,-0.703369,-10.681152,19.348145,-4.943848,cycling_2
1769336804.0941093,-0.587158,0.110107,-0.673950,-12.817387,17.150879,-3.601075,cycling_2
1769336804.1158729,-0.780640,0.175903,-0.787598,-11.718754,23.132332,-3.906251,cycling_2
1769336804.1333652,-0.634888,0.148315,-0.771118,-13.549809,22.766121,-9.948730,cycling_2
1769336804.155435,-0.596924,0.198853,-0.742920,-9.277344,11.962894,-9.643555,cycling_2
1769336804.1734283,-0.586792,0.119019,-0.764648,-8.605957,9.643555,-10.864258,cycling_2
1769336804.1930318,-0.559814,0.268555,-0.720947,-5.249023,7.690432,-4.760742,cycling_2
1769336804.2135043,-0.494995,0.335693,-0.646484,-8.728027,1.281738,-10.314941,cycling_2
1769336804.2324202,-0.568481,0.224243,-0.702026,-2.746582,-13.671879,-15.869144,cycling_2
1769336804.2554636,-0.540894,0.313354,-0.745972,0.671387,-12.573246,-13.305668,cycling_2
1769336804.2731874,-0.468262,0.336182,-0.761230,6.225588,-27.099617,-20.080566,cycling_2
1769336804.2921283,-0.669678,0.076782,-0.761353,5.737307,-21.606445,-13.732914,cycling_2
1769336804.3129041,-0.716431,0.027954,-0.856323,-0.305176,-11.657719,-9.765625,cycling_2
1769336804.3320146,-0.619873,-0.004272,-0.807129,-4.272461,-5.432129,1.586915,cycling_2
1769336804.3535988,-0.665771,0.133057,-0.800415,-3.356935,-4.882813,3.295899,cycling_2
1769336804.374032,-0.749268,0.071777,-0.872803,-1.770020,-3.601075,-6.530764,cycling_2
1769336804.3917577,-0.598633,-0.141846,-0.737671,-0.671387,-5.187988,-4.333496,cycling_2
1769336804.4157288,-0.782471,0.046875,-0.812012,0.061035,2.075195,-2.075195,cycling_2
1769336804.4317899,-0.706543,-0.076416,-0.768799,-1.525879,0.732422,-7.873537,cycling_2
1769336804.4519236,-0.685547,-0.200684,-0.722290,-2.807618,-1.708985,-2.136230,cycling_2
1769336804.4723606,-0.831299,0.202148,-0.801880,-7.019045,18.554688,5.187988,cycling_2
1769336804.492448,-0.610107,-0.047363,-0.772705,-10.070801,5.126953,-20.935059,cycling_2
1769336804.5145469,-0.593750,-0.063599,-0.687134,-8.422852,5.737307,-4.577637,cycling_2
1769336804.533994,-0.704468,0.263916,-0.709595,-10.864258,19.836426,-0.854492,cycling_2
1769336804.5521076,-0.494629,0.032959,-0.686890,-3.967286,-4.577637,-21.484375,cycling_2
1769336804.5758083,-0.576294,0.221191,-0.680908,1.159668,-1.708985,-4.394531,cycling_2
1769336804.592177,-0.643799,0.487793,-0.788574,3.540040,6.530764,-14.648441,cycling_2
1769336804.6119523,-0.542603,0.225830,-0.813232,11.962894,-14.892582,-36.254883,cycling_2
1769336804.6322606,-0.443726,0.037720,-0.730591,15.197758,-17.395020,-21.179199,cycling_2
1769336804.6528766,-0.560669,0.238403,-0.736694,13.854984,-15.380863,-9.948730,cycling_2
1769336804.6735878,-0.553833,0.018677,-0.810791,5.737307,-18.310547,-17.883301,cycling_2
1769336804.6940155,-0.524414,0.148071,-0.778564,6.347658,-16.845703,-3.356935,cycling_2
1769336804.7134893,-0.616211,0.087524,-0.725342,4.028320,-22.766121,-8.178711,cycling_2
1769336804.7362754,-0.603149,0.059082,-0.743286,2.075195,-18.127441,-4.211426,cycling_2
1769336804.7551942,-0.670776,0.016357,-0.800293,2.746582,-21.667480,-8.178711,cycling_2
1769336804.7738142,-0.662231,-0.058838,-0.729858,3.662110,-22.705086,-4.699707,cycling_2
1769336804.7921212,-0.708252,0.023315,-0.746460,6.042482,-21.789551,-0.976563,cycling_2
1769336804.8136506,-0.757935,-0.060181,-0.813232,6.103518,-23.681648,-8.239746,cycling_2
1769336804.8337927,-0.696045,-0.288086,-0.773804,7.141115,-21.972656,-2.990724,cycling_2
1769336804.8545468,-0.824463,-0.133179,-0.822021,6.958010,-14.038090,4.272461,cycling_2
1769336804.874971,-0.791992,-0.014526,-0.785889,2.746582,-6.225588,2.258301,cycling_2
1769336804.8958852,-0.767090,0.016357,-0.773193,6.042482,-7.446291,-4.150391,cycling_2
1769336804.9145231,-0.733521,0.054321,-0.709717,4.760742,-6.164553,-2.502441,cycling_2
1769336804.9366126,-0.666138,0.051392,-0.710571,4.333496,-6.225588,-2.746582,cycling_2
1769336804.9518056,-0.563721,-0.277466,-0.637939,-3.173829,-13.793949,-2.441406,cycling_2
1769336804.9718378,-0.619995,-0.246826,-0.775879,-3.173829,5.065918,15.441898,cycling_2
1769336804.9933982,-0.807739,0.226807,-0.732178,-2.258301,4.028320,14.648441,cycling_2
1769336805.013076,-0.668335,0.094116,-0.667480,-7.019045,2.563477,-1.831055,cycling_2
1769336805.0350592,-0.689575,0.002197,-0.827515,0.671387,1.159668,-5.310059,cycling_2
1769336805.0542493,-0.599609,0.045776,-0.730713,-0.610352,1.342773,0.427246,cycling_2
1769336805.0759687,-0.777100,0.042236,-0.793335,5.676271,-3.540040,-2.624512,cycling_2
1769336805.0919955,-0.741089,0.029785,-0.719849,5.615236,-4.394531,-2.258301,cycling_2
1769336805.1118064,-0.709229,0.092163,-0.679565,3.051759,-4.943848,5.065918,cycling_2
1769336805.135004,-0.767334,0.079712,-0.752075,4.272461,-3.845216,-1.037598,cycling_2
1769336805.1525161,-0.676636,0.130249,-0.683472,2.258301,-1.220703,3.051759,cycling_2
1769336805.1731703,-0.642578,0.079468,-0.678955,3.967286,-1.770020,6.591799,cycling_2
1769336805.301991,-0.738892,0.091187,-0.769775,6.347658,2.624512,2.319336,cycling_2
1769336805.301991,-0.583130,0.205933,-0.661987,12.146000,3.967286,7.324221,cycling_2
1769336805.301991,-0.742310,0.374023,-0.681763,17.272949,6.591799,-4.577637,cycling_2
1769336805.301991,-0.523071,0.174927,-0.607300,11.474613,-0.183106,-19.470215,cycling_2
1769336805.301991,-0.544678,0.001953,-0.703247,14.770512,1.953125,-7.690432,cycling_2
1769336805.301991,-0.810059,0.241821,-0.782104,16.906738,8.056641,-6.958010,cycling_2
1769336805.3139188,-0.616943,0.058228,-0.726807,14.465336,-7.751467,-14.831547,cycling_2
1769336805.3339033,-0.850830,0.091797,-0.759766,20.690918,-2.929688,-3.662110,cycling_2
1769336805.3521984,-0.854492,0.161621,-0.776855,18.371582,1.403809,-12.390141,cycling_2
1769336805.3745065,-0.652100,-0.107910,-0.762329,17.272949,-9.765625,-19.470215,cycling_2
1769336805.3925347,-0.598999,-0.274780,-0.668945,19.104004,-11.779789,-6.896975,cycling_2
1769336805.412093,-0.843140,-0.142456,-0.787109,18.920898,4.516602,-3.845216,cycling_2
1769336805.4321449,-0.822388,0.075317,-0.795410,19.287109,7.995607,-2.258301,cycling_2
1769336805.5232103,-0.708740,-0.110718,-0.806152,23.315437,-4.760742,-14.038090,cycling_2
1769336805.5232103,-0.715454,-0.233521,-0.723511,26.306160,-7.507326,-3.173829,cycling_2
1769336805.5232103,-0.758789,-0.014648,-0.669922,22.644051,-0.610352,0.366211,cycling_2
1769336805.5261502,-0.676514,-0.163940,-0.695801,17.700195,1.159668,-0.671387,cycling_2
1769336805.5318096,-0.782715,-0.036743,-0.753906,23.864754,1.770020,-4.638672,cycling_2
1769336805.5541215,-0.672974,-0.009277,-0.685425,20.568848,-1.220703,-6.774904,cycling_2
1769336805.5751116,-0.584839,-0.204224,-0.694092,17.578125,-2.746582,-4.211426,cycling_2
1769336805.5944266,-0.760376,-0.075562,-0.817993,12.817387,6.835939,-2.746582,cycling_2
1769336805.6169064,-0.595947,-0.227051,-0.771973,12.939457,-1.159668,3.356935,cycling_2
1769336805.7019036,-0.765137,-0.156250,-0.793335,10.314941,-5.432129,11.718754,cycling_2
1769336805.7019036,-0.678711,-0.227295,-0.766846,9.277344,-12.329105,12.573246,cycling_2
1769336805.7019036,-0.623413,-0.224243,-0.715332,10.742188,-18.127441,22.155769,cycling_2
1769336805.7119474,-0.829346,-0.498657,-0.759399,12.817387,-18.310547,10.070801,cycling_2
1769336805.7363613,-0.802124,-0.139282,-0.605713,5.249023,3.540040,14.587406,cycling_2
1769336805.7529595,-0.690674,-0.420288,-0.595581,-0.183106,1.098633,1.708985,cycling_2
1769336805.771788,-0.923706,-0.294067,-0.658813,1.098633,9.948730,7.202150,cycling_2
1769336805.7925243,-0.958130,0.137695,-0.697632,-3.906251,22.155769,10.925293,cycling_2
1769336805.8121543,-0.523438,-0.149536,-0.674194,-12.939457,7.934572,-3.601075,cycling_2
1769336805.8319016,-0.689697,-0.356689,-0.664673,-7.019045,-1.159668,4.943848,cycling_2
1769336805.8582044,-0.974854,-0.260254,-0.632202,-19.836426,21.057129,8.361816,cycling_2
1769336805.8740673,-0.713867,0.068970,-0.613770,-27.099617,31.738289,8.056641,cycling_2
1769336805.8961732,-0.669922,0.048950,-0.691895,-23.742683,24.475105,0.000000,cycling_2
1769336805.9150486,-0.729126,0.092163,-0.666626,-21.667480,19.226074,-3.723145,cycling_2
1769336805.935188,-0.537964,0.054199,-0.660034,-18.554688,12.634281,-4.943848,cycling_2
1769336805.9585795,-0.518799,0.170410,-0.652100,-14.831547,7.507326,0.732422,cycling_2
1769336806.0148623,-0.575073,0.192871,-0.642334,-13.122562,5.004883,-2.014160,cycling_2
1769336806.0219512,-0.610107,-0.075317,-0.748901,-11.779789,0.671387,0.915528,cycling_2
1769336806.0219512,-0.765625,0.006226,-0.794189,-9.887695,1.342773,8.483887,cycling_2
1769336806.0219512,-0.706543,-0.013794,-0.737915,-8.789063,-3.662110,2.624512,cycling_2
1769336806.054873,-0.715088,-0.043823,-0.728394,-5.493164,-4.760742,1.403809,cycling_2
1769336806.074965,-0.762207,-0.030884,-0.757446,-5.737307,-0.427246,-2.197266,cycling_2
1769336806.0955136,-0.700928,-0.162720,-0.761353,-3.479005,0.244141,-5.615236,cycling_2
1769336806.1116083,-0.714355,-0.073853,-0.774414,1.770020,2.380371,0.854492,cycling_2
1769336806.1331372,-0.665283,-0.106934,-0.678711,2.563477,-6.225588,-5.187988,cycling_2
1769336806.1520026,-0.574951,-0.304443,-0.736816,6.713869,-10.192871,-3.295899,cycling_2
1769336806.1744153,-0.773926,0.113403,-0.783447,9.277344,-4.577637,15.563969,cycling_2
1769336806.193806,-0.694946,0.197144,-0.726563,2.563477,1.586915,-2.624512,cycling_2
1769336806.215136,-0.578857,0.113647,-0.675415,2.136230,2.380371,-5.676271,cycling_2
1769336806.235803,-0.551880,0.112061,-0.667969,2.868653,-8.361816,-4.699707,cycling_2
1769336806.2551398,-0.623535,0.038574,-0.683594,0.000000,-5.249023,-5.432129,cycling_2
1769336806.2741675,-0.610107,0.060425,-0.709839,2.990724,-6.286623,-2.319336,cycling_2
1769336806.2946122,-0.553101,-0.016357,-0.708740,3.295899,-9.765625,0.610352,cycling_2
1769336806.3190053,-0.697754,0.199219,-0.745605,7.385256,-7.446291,3.540040,cycling_2
1769336806.333479,-0.650146,0.011597,-0.675049,3.906251,-13.366703,-6.286623,cycling_2
1769336806.3524106,-0.614136,-0.117310,-0.709351,2.685547,-9.948730,-4.638672,cycling_2
1769336806.3742445,-0.818237,0.159058,-0.806885,9.826660,-4.089355,-1.525879,cycling_2
1769336806.3949053,-0.622070,-0.028198,-0.675293,9.216309,-10.192871,-10.559082,cycling_2
1769336806.416202,-0.708618,0.019531,-0.768188,12.390141,-8.361816,-5.310059,cycling_2
1769336806.4328651,-0.843994,0.076538,-0.751953,15.441898,-9.643555,-10.192871,cycling_2
1769336806.4519415,-0.589844,-0.394409,-0.655029,10.070801,-15.502934,-14.160160,cycling_2
1769336806.4753687,-0.740967,-0.133301,-0.688232,12.817387,-9.033203,3.051759,cycling_2
1769336806.4920342,-0.824829,-0.034912,-0.732788,12.512211,-7.019045,-3.417970,cycling_2
1769336806.5149944,-0.665039,-0.327393,-0.683716,10.192871,-9.948730,-5.493164,cycling_2
1769336806.534952,-0.740601,-0.144775,-0.802734,15.014652,0.488281,5.004883,cycling_2
1769336806.554728,-0.810669,-0.007935,-0.705200,15.258793,-5.065918,-4.760742,cycling_2
1769336806.5743372,-0.707520,-0.366821,-0.687012,11.840824,-3.173829,-11.169437,cycling_2
1769336806.5946841,-0.684204,-0.256104,-0.698120,11.901859,2.502441,2.319336,cycling_2
1769336806.6136885,-0.796387,-0.073242,-0.722778,11.352543,3.723145,-0.488281,cycling_2
1769336806.631944,-0.739990,-0.245850,-0.749756,12.084965,5.004883,-5.004883,cycling_2
1769336806.6523838,-0.694824,-0.237671,-0.698730,10.803223,0.915528,-0.793457,cycling_2
1769336806.6738908,-0.858765,-0.053101,-0.753540,13.000492,5.859377,3.906251,cycling_2
1769336806.694746,-0.717773,-0.175293,-0.703857,6.469728,4.882813,-7.751467,cycling_2
1769336806.7142665,-0.635132,-0.224731,-0.667358,8.972168,2.441406,0.549316,cycling_2
1769336806.734747,-0.702026,-0.194824,-0.779419,8.178711,4.699707,4.943848,cycling_2
1769336806.7558327,-0.755981,-0.137939,-0.734009,11.657719,1.037598,6.958010,cycling_2
1769336806.7720566,-0.653442,-0.273193,-0.703613,12.207035,1.831055,4.821777,cycling_2
1769336806.7920291,-0.613159,-0.356567,-0.675171,13.427738,-5.126953,19.104004,cycling_2
1769336806.8118448,-0.889771,-0.231812,-0.855713,18.554688,-1.586915,23.010262,cycling_2
1769336806.8402092,-0.907837,0.057739,-0.729736,17.822266,4.516602,18.615723,cycling_2
1769336806.8687654,-0.541016,-0.489746,-0.554443,3.601075,-2.014160,7.080080,cycling_2
1769336806.8783052,-0.854980,-0.331299,-0.684692,3.662110,11.596684,18.188477,cycling_2
1769336806.8946147,-0.997192,0.127930,-0.795776,1.708985,22.644051,19.836426,cycling_2
1769336806.9155197,-0.345093,-0.436646,-0.513916,-13.671879,-2.441406,5.676271,cycling_2
1769336806.9318368,-0.771118,-0.472656,-0.670410,-18.005371,9.460449,19.653320,cycling_2
1769336806.9529684,-1.046387,0.108398,-0.800171,-16.296387,22.277840,23.559578,cycling_2
1769336806.9721978,-0.481323,-0.018311,-0.682129,-21.057129,14.831547,12.023930,cycling_2
1769336806.9929316,-0.621948,-0.021118,-0.726074,-10.742188,8.422852,16.662598,cycling_2
1769336807.0133688,-0.837402,0.246094,-0.735474,-7.080080,14.892582,12.817387,cycling_2
1769336807.0342917,-0.570557,0.038086,-0.612061,-10.864258,-5.371094,5.676271,cycling_2
1769336807.0544753,-0.941650,-0.323608,-0.716064,-10.070801,9.582520,-1.403809,cycling_2
1769336807.0787883,-0.773804,-0.193726,-0.663940,-17.883301,16.174316,11.779789,cycling_2
1769336807.0951235,-0.656616,-0.212891,-0.661377,-19.836426,5.676271,17.456055,cycling_2
1769336807.1164596,-0.773804,-0.057739,-0.724243,-16.235352,11.291508,17.456055,cycling_2
1769336807.132285,-0.698120,0.091187,-0.790161,-16.784668,24.353035,17.272949,cycling_2
1769336807.1534548,-0.605469,0.036011,-0.669189,-20.141602,13.732914,8.422852,cycling_2
1769336807.1733224,-0.755249,-0.074219,-0.622681,-15.441898,12.329105,10.192871,cycling_2
1769336807.1923177,-0.734619,0.142334,-0.688965,-17.822266,21.728516,8.666992,cycling_2
1769336807.213967,-0.648804,0.178589,-0.714722,-16.967773,14.465336,1.525879,cycling_2
1769336807.23536,-0.639404,-0.060181,-0.780396,-9.948730,2.624512,-1.770020,cycling_2
1769336807.2544398,-0.680298,0.005859,-0.765015,-9.765625,5.554201,10.559082,cycling_2
1769336807.2751963,-0.638672,-0.025635,-0.716309,-10.498047,0.732422,8.361816,cycling_2
1769336807.2918148,-0.676270,0.020752,-0.723267,-10.620117,4.211426,12.634281,cycling_2
1769336807.3131242,-0.783691,0.158325,-0.796997,-12.268070,14.160160,3.906251,cycling_2
1769336807.33186,-0.621826,-0.041138,-0.776123,-15.258793,7.995607,-4.211426,cycling_2
1769336807.3539302,-0.722046,-0.010742,-0.774048,-12.146000,10.009766,3.356935,cycling_2
1769336807.3744774,-0.788452,0.108521,-0.732178,-11.291508,14.831547,-0.366211,cycling_2
1769336807.395841,-0.666382,-0.024780,-0.714355,-14.343266,10.864258,-7.019045,cycling_2
1769336807.4140215,-0.676025,-0.184204,-0.717163,-9.277344,11.108402,-3.417970,cycling_2
1769336807.4319615,-0.697021,0.026611,-0.734375,-8.422852,19.592285,1.281738,cycling_2
1769336807.451781,-0.618530,0.027466,-0.796753,-0.305176,13.366703,2.807618,cycling_2
1769336807.4720404,-0.671387,0.140625,-0.745972,-1.159668,11.413578,0.671387,cycling_2
1769336807.4945726,-0.643066,0.119385,-0.758179,-3.479005,12.390141,-3.112794,cycling_2
1769336807.5125992,-0.664917,-0.001587,-0.786255,-8.544922,8.483887,-7.629396,cycling_2
1769336807.534555,-0.706177,-0.179565,-0.768921,-12.939457,6.225588,-13.061527,cycling_2
1769336807.5536046,-0.750732,-0.046143,-0.711304,-15.441898,13.305668,-6.774904,cycling_2
1769336807.574671,-0.643921,0.040161,-0.740234,-25.695808,22.827156,-2.563477,cycling_2
1769336807.5920627,-0.604492,0.134766,-0.747803,-22.949226,20.629883,-1.464844,cycling_2
1769336807.612064,-0.615356,0.286743,-0.749634,-21.057129,17.272949,-6.958010,cycling_2
1769336807.6340778,-0.450562,0.269531,-0.689209,-15.380863,7.690432,-18.676758,cycling_2
1769336807.6519237,-0.449341,0.314819,-0.723633,-7.995607,-1.281738,-20.385742,cycling_2
1769336807.6739924,-0.475586,0.274658,-0.743530,-1.770020,-10.437012,-25.634773,cycling_2
1769336807.693404,-0.406372,0.253906,-0.746216,6.896975,-15.869144,-24.719246,cycling_2
1769336807.7117581,-0.559570,0.286011,-0.761108,9.033203,-16.052246,-22.827156,cycling_2
1769336807.7342348,-0.535645,-0.197998,-0.815186,9.094238,-20.690918,-29.479988,cycling_2
1769336807.7550583,-0.701660,-0.073486,-0.843872,-0.610352,-13.671879,4.943848,cycling_2
1769336807.7732954,-0.744507,0.025269,-0.785156,-4.272461,-13.183598,-5.981447,cycling_2
1769336807.7936256,-0.650879,-0.061035,-0.841187,-4.577637,-10.314941,-2.868653,cycling_2
1769336807.8124921,-0.693970,0.108887,-0.827026,-0.732422,-14.038090,-0.732422,cycling_2
1769336807.8321204,-0.741699,0.119141,-0.806152,2.380371,-15.686039,-9.948730,cycling_2
1769336807.8540921,-0.734131,0.035034,-0.812256,4.089355,-17.089844,-19.042969,cycling_2
1769336807.874361,-0.542358,0.057617,-0.675537,-0.122070,-12.573246,-10.498047,cycling_2
1769336807.8921638,-0.619995,-0.062622,-0.768921,1.647950,-15.319828,-15.441898,cycling_2
1769336807.9124115,-0.656372,-0.081177,-0.780396,-2.685547,-9.033203,-9.460449,cycling_2
1769336807.935374,-0.640503,-0.027466,-0.779907,-0.244141,-10.192871,-5.676271,cycling_2
1769336807.9557717,-0.648315,-0.059692,-0.773193,1.586915,-11.962894,-11.535648,cycling_2
1769336807.9767778,-0.691528,-0.142334,-0.782593,2.441406,-8.972168,-6.042482,cycling_2
1769336807.9980457,-0.815186,-0.127563,-0.845215,3.356935,-3.967286,-4.760742,cycling_2
1769336808.0132234,-0.731323,-0.146362,-0.800781,5.065918,-2.075195,-11.474613,cycling_2
1769336808.2718859,-0.575073,0.180054,-0.761963,-3.112794,-0.305176,-2.685547,cycling_2
1769336808.2718859,-0.573120,0.047729,-0.728760,-5.554201,1.953125,-11.291508,cycling_2
1769336808.2718859,-0.588257,0.063721,-0.763794,-2.929688,1.342773,-9.582520,cycling_2
1769336808.2718859,-0.565552,0.208740,-0.718140,-5.004883,-0.671387,-6.408693,cycling_2
1769336808.2718859,-0.605225,0.068848,-0.735107,-2.197266,-8.544922,-16.784668,cycling_2
1769336808.2718859,-0.591675,-0.001953,-0.712280,0.915528,-8.850098,-7.263186,cycling_2
1769336808.2718859,-0.584961,-0.018555,-0.704834,1.525879,-12.146000,-3.479005,cycling_2
1769336808.284035,-0.633301,0.007690,-0.734253,3.234864,-10.803223,-3.601075,cycling_2
1769336808.291737,-0.621704,-0.015991,-0.766968,3.295899,-13.977055,-2.746582,cycling_2
1769336808.3137655,-0.697998,-0.033325,-0.801270,5.615236,-14.587406,-3.784181,cycling_2
1769336808.3320425,-0.700928,0.028198,-0.756714,3.845216,-14.648441,-6.591799,cycling_2
1769336808.3543296,-0.656738,-0.086426,-0.748657,1.220703,-13.671879,-9.765625,cycling_2
1769336808.3729584,-0.733032,-0.125732,-0.741699,-3.540040,-8.239746,-5.676271,cycling_2
1769336808.393512,-0.781982,-0.088135,-0.804688,-3.601075,-4.211426,-2.685547,cycling_2
1769336808.416556,-0.717407,-0.038574,-0.696167,-3.173829,-3.845216,-3.967286,cycling_2
1769336808.4321656,-0.680298,0.004028,-0.718262,-0.488281,-6.347658,-2.807618,cycling_2
1769336808.4519727,-0.753662,-0.054810,-0.757935,2.380371,-8.544922,-11.047363,cycling_2
1769336808.472019,-0.617798,0.004150,-0.706055,4.455566,-1.342773,-1.098633,cycling_2
1769336808.491874,-0.704834,0.015015,-0.721069,7.568361,-11.779789,-12.329105,cycling_2
1769336808.5149317,-0.587769,-0.156860,-0.753052,7.446291,-10.803223,-6.896975,cycling_2
1769336808.5377777,-0.733643,0.097046,-0.782837,8.178711,-4.760742,6.469728,cycling_2
1769336808.5545926,-0.682617,-0.165283,-0.753662,0.305176,-10.437012,-7.507326,cycling_2
1769336808.5745108,-0.651367,-0.316040,-0.744019,-1.464844,-5.554201,1.464844,cycling_2
1769336808.594525,-0.869873,-0.023926,-0.794189,-3.540040,2.929688,10.620117,cycling_2
1769336808.6140687,-0.725098,-0.209229,-0.753540,-8.361816,0.732422,-2.685547,cycling_2
1769336808.6317914,-0.810669,-0.095825,-0.765747,-0.061035,1.953125,8.178711,cycling_2
1769336808.6520376,-0.828003,0.030762,-0.700928,-3.967286,2.746582,0.488281,cycling_2
1769336808.672057,-0.628174,-0.227661,-0.677979,1.770020,-2.868653,-8.239746,cycling_2
1769336808.693113,-0.791016,0.053589,-0.741211,3.601075,3.784181,6.896975,cycling_2
1769336808.714285,-0.734497,0.006470,-0.700684,-0.915528,1.647950,-4.089355,cycling_2
1769336808.7342324,-0.709961,-0.024902,-0.743896,4.211426,-0.671387,-4.760742,cycling_2
1769336808.751817,-0.656982,0.021851,-0.678711,-2.990724,1.281738,-3.234864,cycling_2
1769336808.7719588,-0.639648,0.003906,-0.690063,-1.770020,-0.244141,-5.737307,cycling_2
1769336808.793144,-0.601929,0.103394,-0.636108,-5.126953,-3.356935,-0.854492,cycling_2
1769336808.813313,-0.663452,0.041016,-0.707642,-3.112794,-5.737307,-6.652834,cycling_2
1769336808.8318257,-0.641235,0.018555,-0.700806,0.610352,-5.187988,-6.225588,cycling_2
1769336808.8536158,-0.555176,0.125854,-0.645386,2.197266,-3.356935,2.746582,cycling_2
1769336808.8735583,-0.723999,0.193970,-0.737793,9.338379,-5.493164,-2.136230,cycling_2
1769336808.8946524,-0.639526,-0.095215,-0.697876,9.887695,-7.568361,-6.164553,cycling_2
1769336808.9147897,-0.693726,0.036865,-0.708130,11.291508,-6.591799,1.220703,cycling_2
1769336808.9320118,-0.658081,-0.068604,-0.709839,7.629396,-8.117676,-2.441406,cycling_2
1769336808.9539702,-0.816895,-0.150391,-0.797729,11.535648,-4.455566,-1.586915,cycling_2
1769336808.9955566,-0.816895,0.047485,-0.721680,8.789063,-0.366211,2.319336,cycling_2
1769336809.0088036,-0.701050,-0.104126,-0.690186,8.483887,-7.873537,-7.019045,cycling_2
1769336809.0186555,-0.762207,-0.118286,-0.733765,13.122562,-2.868653,-3.662110,cycling_2
1769336809.0340695,-0.805420,0.078125,-0.745728,12.573246,2.990724,-6.042482,cycling_2
1769336809.0757635,-0.658813,-0.002930,-0.668213,10.803223,-6.286623,-13.610844,cycling_2
1769336809.2958822,-0.795288,-0.167847,-0.725342,5.737307,1.892090,-1.403809,cycling_2
1769336809.2958822,-0.725830,-0.119995,-0.663208,3.540040,0.427246,-2.197266,cycling_2
1769336809.2958822,-0.675171,-0.172607,-0.682983,-0.549316,-0.976563,-3.479005,cycling_2
1769336809.2958822,-0.788574,-0.119629,-0.747314,0.976563,1.831055,-0.549316,cycling_2
1769336809.2958822,-0.774414,-0.120605,-0.751343,0.549316,3.784181,-3.417970,cycling_2
1769336809.2958822,-0.694458,-0.233887,-0.709351,1.525879,0.427246,-4.028320,cycling_2
1769336809.2958822,-0.767944,-0.143677,-0.663452,0.488281,4.333496,0.366211,cycling_2
1769336809.2958822,-0.773315,-0.038452,-0.685425,-6.530764,5.615236,-7.629396,cycling_2
1769336809.3139293,-0.674194,-0.260254,-0.679688,-7.202150,-1.098633,-11.108402,cycling_2
1769336809.3382895,-0.780029,-0.052368,-0.707520,-7.446291,9.643555,1.708985,cycling_2
1769336809.3736885,-0.691162,0.002563,-0.704590,-8.483887,7.934572,-2.624512,cycling_2
1769336809.4464808,-0.605103,-0.179810,-0.714600,-7.934572,0.793457,-3.601075,cycling_2
1769336809.4639168,-0.806885,0.019653,-0.731567,-2.929688,9.826660,8.300781,cycling_2
1769336809.464242,-0.559937,0.034790,-0.709106,-5.615236,2.319336,-7.812502,cycling_2
1769336809.464242,-0.677002,-0.021973,-0.710815,-0.732422,2.014160,0.549316,cycling_2
1769336809.495118,-0.789185,0.148926,-0.752075,-2.685547,7.141115,-5.798342,cycling_2
1769336809.496899,-0.605469,-0.090210,-0.696045,-2.136230,-4.394531,-13.488773,cycling_2
1769336809.4989772,-0.672974,-0.039185,-0.693848,1.831055,-1.037598,-5.615236,cycling_2
1769336809.5127344,-0.793335,0.110840,-0.741211,3.356935,1.220703,-9.338379,cycling_2
1769336809.5324898,-0.633179,-0.100098,-0.681152,2.136230,-8.300781,-18.676758,cycling_2
1769336809.554559,-0.674316,-0.172363,-0.727051,5.310059,-9.216309,-8.422852,cycling_2
1769336809.5737512,-0.718018,-0.064697,-0.707520,4.516602,-7.202150,-7.568361,cycling_2
1769336809.596271,-0.554199,-0.138550,-0.684204,1.403809,-11.718754,-8.117676,cycling_2
1769336809.6124473,-0.638184,-0.135254,-0.686157,0.915528,-13.977055,-3.356935,cycling_2
1769336809.6336873,-0.699097,-0.023804,-0.679321,-1.525879,-13.244633,-3.784181,cycling_2
1769336809.6516445,-0.572632,-0.119141,-0.639526,-6.408693,-14.770512,-5.493164,cycling_2
1769336809.67464,-0.819946,-0.017456,-0.699585,-7.263186,-7.873537,-2.380371,cycling_2
1769336809.693953,-0.800415,-0.045532,-0.764282,-4.150391,-7.324221,-10.192871,cycling_2
1769336809.7135718,-0.659790,-0.280151,-0.663696,-1.342773,-13.183598,-8.666992,cycling_2
1769336809.7338588,-0.739136,-0.237793,-0.654663,-0.427246,-7.873537,-2.075195,cycling_2
1769336809.754108,-0.845459,-0.024536,-0.712524,1.892090,-0.854492,0.183106,cycling_2
1769336809.7732959,-0.686157,-0.147949,-0.725464,2.807618,-4.455566,-6.774904,cycling_2
1769336809.7963176,-0.691528,-0.424683,-0.722046,7.385256,-13.244633,-6.225588,cycling_2
1769336809.8117824,-0.773682,-0.145508,-0.630249,5.371094,-0.061035,0.915528,cycling_2
1769336809.8318324,-0.673828,-0.238403,-0.690918,2.624512,-0.244141,-2.380371,cycling_2
1769336809.852822,-0.832764,-0.123413,-0.701416,5.737307,2.807618,0.000000,cycling_2
1769336809.8736002,-0.770264,-0.059326,-0.675781,5.737307,-1.098633,-5.981447,cycling_2
1769336809.8941512,-0.652344,-0.240356,-0.665771,3.601075,-2.441406,-6.713869,cycling_2
1769336809.9153204,-0.782104,-0.155884,-0.703613,4.943848,-0.854492,-2.563477,cycling_2
1769336809.9325974,-0.676147,-0.301392,-0.723755,2.990724,-2.990724,-8.300781,cycling_2
1769336809.9521158,-0.743164,-0.186157,-0.651489,0.122070,2.075195,-1.098633,cycling_2
1769336809.9766812,-0.824463,-0.089355,-0.706177,0.305176,1.892090,-4.211426,cycling_2
1769336809.9916577,-0.661133,-0.371216,-0.651001,-2.624512,0.549316,-10.559082,cycling_2
1769336810.012318,-0.740356,-0.221680,-0.668945,-2.258301,3.295899,-0.732422,cycling_2
1769336810.0387728,-0.733765,-0.233521,-0.674805,-5.004883,5.920412,-2.563477,cycling_2
1769336810.0541022,-0.780151,-0.279297,-0.737183,-3.967286,7.202150,-3.906251,cycling_2
1769336810.072249,-0.755005,-0.118530,-0.705200,-2.990724,8.361816,-2.258301,cycling_2
1769336810.094303,-0.710205,-0.268555,-0.692749,-3.906251,6.896975,-5.920412,cycling_2
1769336810.117295,-0.603149,-0.284668,-0.608765,-4.455566,4.882813,-0.366211,cycling_2
1769336810.318896,-0.679321,-0.260132,-0.691284,-5.310059,5.981447,-5.493164,cycling_2
1769336810.318896,-0.690796,-0.096313,-0.642456,-1.403809,3.417970,3.051759,cycling_2
1769336810.318896,-0.733887,0.075684,-0.728516,-2.075195,7.202150,-1.831055,cycling_2
1769336810.3290727,-0.646851,-0.083496,-0.669556,0.854492,1.098633,4.272461,cycling_2
1769336810.3290727,-0.721924,-0.018677,-0.732666,-0.061035,1.464844,0.976563,cycling_2
1769336810.3290727,-0.744873,-0.080933,-0.762573,4.943848,0.549316,1.586915,cycling_2
1769336810.3290727,-0.675903,-0.006836,-0.661133,3.540040,-4.272461,4.150391,cycling_2
1769336810.3290727,-0.651489,-0.153564,-0.665771,-2.868653,-3.417970,2.258301,cycling_2
1769336810.3290727,-0.699829,-0.198364,-0.677612,-4.638672,-4.150391,6.591799,cycling_2
1769336810.3342528,-0.692139,-0.175171,-0.693604,-9.582520,-3.295899,15.747074,cycling_2
1769336810.3517509,-0.745117,-0.194458,-0.736572,-12.207035,3.540040,9.033203,cycling_2
1769336810.3734486,-0.689331,-0.127930,-0.678589,-9.704590,2.441406,10.681152,cycling_2
1769336810.3956084,-0.786865,0.022461,-0.703247,-8.178711,8.605957,8.178711,cycling_2
1769336810.4183464,-0.656860,-0.225098,-0.718140,-8.117676,8.666992,-1.647950,cycling_2
1769336810.4488685,-0.720947,-0.224487,-0.687622,0.915528,4.699707,9.094238,cycling_2
1769336810.4584901,-0.671753,-0.104858,-0.667847,-0.244141,5.187988,13.244633,cycling_2
1769336810.479202,-0.721436,-0.170288,-0.670532,2.868653,3.601075,15.197758,cycling_2
1769336810.4976623,-0.686523,-0.061890,-0.713745,1.037598,3.540040,23.986824,cycling_2
1769336810.5253246,-0.687988,-0.159790,-0.716064,-3.967286,1.525879,20.324707,cycling_2
1769336810.5536451,-0.614380,-0.235352,-0.718384,-8.117676,0.488281,28.442390,cycling_2
1769336810.5536451,-0.810181,-0.208740,-0.799438,-6.958010,2.807618,26.428230,cycling_2
1769336810.57267,-0.748169,0.005005,-0.714355,-11.108402,9.399414,31.188972,cycling_2
1769336810.5950341,-0.719849,0.106934,-0.696533,-13.000492,11.474613,20.812988,cycling_2
1769336810.6117637,-0.642944,-0.052856,-0.707275,-11.352543,8.850098,15.136723,cycling_2
1769336810.631679,-0.668823,0.045532,-0.696289,-8.056641,9.155273,21.362305,cycling_2
1769336810.6520326,-0.645264,0.024048,-0.701294,-9.216309,6.042482,19.226074,cycling_2
1769336810.671646,-0.724365,0.115601,-0.762207,-2.014160,8.056641,18.432617,cycling_2
1769336810.692124,-0.681885,0.171631,-0.724243,-6.103518,5.981447,14.221195,cycling_2
1769336810.7141469,-0.526489,-0.059204,-0.693726,-11.718754,0.000000,10.742188,cycling_2
1769336810.73305,-0.858887,0.051758,-0.885986,-11.169437,11.413578,17.211914,cycling_2
1769336810.753886,-0.723022,0.029663,-0.766968,-16.174316,8.789063,14.160160,cycling_2
1769336810.7748377,-0.744141,0.071289,-0.775879,-12.695316,9.033203,16.418457,cycling_2
1769336810.7942562,-0.815308,0.096191,-0.750610,-14.709476,11.718754,8.789063,cycling_2
1769336810.8174543,-0.674316,-0.089966,-0.739624,-15.136723,4.882813,4.943848,cycling_2
1769336810.8351762,-0.720459,-0.104370,-0.714844,-8.300781,9.521484,12.023930,cycling_2
1769336810.851962,-0.671387,0.098389,-0.692871,-8.666992,17.028809,15.625004,cycling_2
1769336810.874623,-0.679565,0.177856,-0.664917,2.014160,7.873537,14.282230,cycling_2
1769336810.8944376,-0.626953,0.304810,-0.724854,4.760742,7.080080,8.361816,cycling_2
1769336810.914638,-0.511475,0.253418,-0.694336,7.446291,-2.746582,0.366211,cycling_2
1769336810.9353015,-0.620239,0.266113,-0.742065,13.610844,-2.929688,-3.540040,cycling_2
1769336810.9584792,-0.619873,0.283936,-0.648926,11.901859,-1.770020,-11.657719,cycling_2
1769336810.9761357,-0.462036,0.284790,-0.634399,10.131836,-6.774904,-9.948730,cycling_2
1769336810.9920876,-0.712158,0.284790,-0.795044,15.747074,-10.131836,-6.103518,cycling_2
1769336811.0126219,-0.575073,0.107910,-0.686279,15.686039,-26.367195,-15.502934,cycling_2
1769336811.0329404,-0.598633,0.026855,-0.674927,17.272949,-27.893074,-7.019045,cycling_2
1769336811.0545948,-0.684937,0.030029,-0.708252,16.052246,-21.789551,-10.925293,cycling_2
1769336811.0802567,-0.665649,0.000366,-0.724487,10.986328,-20.507813,-8.544922,cycling_2
1769336811.0958042,-0.728271,-0.002441,-0.814941,17.639160,-17.272949,-7.324221,cycling_2
1769336811.1153207,-0.749634,0.131958,-0.741821,16.357422,-19.958496,-9.033203,cycling_2
1769336811.1361303,-0.706543,-0.219604,-0.726318,16.906738,-27.465828,-5.187988,cycling_2
1769336811.1574707,-0.994995,-0.030640,-0.929199,15.686039,-13.732914,-2.380371,cycling_2
1769336811.1724863,-0.705322,-0.351563,-0.763916,9.887695,-17.639160,-9.033203,cycling_2
1769336811.1930623,-0.769775,-0.213135,-0.775879,11.596684,-10.437012,6.958010,cycling_2
1769336811.2145522,-0.911743,-0.088501,-0.815186,11.291508,-4.455566,-3.051759,cycling_2
1769336811.2484865,-0.548828,-0.325684,-0.678223,8.361816,-7.019045,-2.624512,cycling_2
1769336811.2638903,-0.943359,-0.164917,-0.791260,14.526371,-2.014160,4.699707,cycling_2
1769336811.2756178,-0.677002,-0.019897,-0.637085,5.676271,13.610844,8.178711,cycling_2
1769336811.297005,-0.629639,-0.138794,-0.692261,8.911133,0.671387,5.432129,cycling_2
1769336811.3119593,-0.820190,-0.050415,-0.713135,8.728027,5.859377,2.441406,cycling_2
1769336811.3375423,-0.724976,0.021606,-0.698120,4.882813,9.277344,6.591799,cycling_2
1769336811.353484,-0.724487,-0.057373,-0.695435,3.723145,4.943848,0.976563,cycling_2
1769336811.373649,-0.785034,-0.045898,-0.746826,5.065918,8.972168,2.746582,cycling_2
1769336811.3933604,-0.722046,-0.239624,-0.717896,0.915528,3.051759,-4.638672,cycling_2
1769336811.4154167,-0.682617,-0.112427,-0.687256,-0.671387,10.864258,10.559082,cycling_2
1769336811.4343615,-0.859619,0.029663,-0.748169,-0.183106,11.413578,2.807618,cycling_2
1769336811.4519777,-0.710327,-0.140991,-0.688232,-5.371094,4.089355,-7.690432,cycling_2
1769336811.4719415,-0.661377,-0.239502,-0.669800,-2.319336,6.469728,4.028320,cycling_2
1769336811.4917676,-0.782227,-0.018066,-0.699707,-5.615236,13.671879,8.972168,cycling_2
1769336811.5149038,-0.677368,-0.037598,-0.668335,-10.253906,11.047363,0.671387,cycling_2
1769336811.5395043,-0.807007,0.027222,-0.729492,-4.211426,12.023930,2.624512,cycling_2
1769336811.5536203,-0.712769,0.039917,-0.682617,-10.375977,9.216309,-8.422852,cycling_2
1769336811.5749073,-0.618164,-0.129517,-0.672729,-6.225588,0.366211,-12.390141,cycling_2
1769336811.592036,-0.846802,0.008179,-0.702881,-6.896975,8.361816,-3.601075,cycling_2
1769336811.614796,-0.695190,-0.156006,-0.672852,-14.648441,3.051759,-20.507813,cycling_2
1769336811.6349123,-0.609131,-0.110718,-0.646851,-13.061527,5.310059,-5.676271,cycling_2
1769336811.6517975,-0.750244,0.039307,-0.732422,-16.296387,10.864258,-11.535648,cycling_2
1769336811.6749487,-0.550049,-0.179688,-0.688354,-15.075687,-1.708985,-19.775391,cycling_2
1769336811.6917648,-0.715820,-0.008545,-0.700073,-11.840824,3.356935,-3.967286,cycling_2
1769336811.7135823,-0.665527,0.058594,-0.687500,-15.930180,6.896975,-12.023930,cycling_2
1769336811.7342465,-0.573486,-0.083984,-0.661377,-11.047363,1.342773,-11.901859,cycling_2
1769336811.753047,-0.682251,0.069458,-0.697144,-5.859377,5.981447,-0.793457,cycling_2
1769336811.7725036,-0.646362,0.189697,-0.749634,-3.601075,8.605957,-7.568361,cycling_2
1769336811.7968738,-0.559937,0.079956,-0.707520,6.530764,0.976563,-6.408693,cycling_2
1769336811.8130443,-0.626221,0.219116,-0.753906,12.634281,-2.746582,-2.563477,cycling_2
1769336811.8319108,-0.615479,0.039673,-0.742920,16.723633,-11.962894,-16.662598,cycling_2
1769336811.8541477,-0.487183,-0.005371,-0.664185,18.981934,-13.427738,-2.502441,cycling_2
1769336811.8738542,-0.735352,0.217407,-0.778809,22.949226,-10.559082,0.976563,cycling_2
1769336811.8932898,-0.644165,-0.072021,-0.751221,17.395020,-17.395020,-16.418457,cycling_2
1769336811.911981,-0.685791,0.139282,-0.709717,21.240234,-15.991215,-0.915528,cycling_2
1769336811.9349089,-0.704468,-0.119019,-0.743042,17.333984,-19.653320,-10.803223,cycling_2
1769336811.9563437,-0.795654,-0.064331,-0.750488,23.986824,-14.770512,-3.112794,cycling_2
1769336811.972465,-0.667236,-0.108765,-0.633423,16.113281,-20.202637,-6.408693,cycling_2
1769336811.9920971,-0.625854,-0.372925,-0.663208,14.892582,-19.653320,-3.906251,cycling_2
1769336812.0144343,-0.768677,-0.321777,-0.814331,11.718754,-10.559082,6.774904,cycling_2
1769336812.0331717,-0.726807,-0.316772,-0.803101,7.385256,-6.103518,9.521484,cycling_2
1769336812.054312,-0.822754,-0.256348,-0.798706,8.361816,-2.624512,10.742188,cycling_2
1769336812.0869937,-0.872925,-0.121582,-0.811523,6.164553,2.563477,5.371094,cycling_2
1769336812.0938907,-0.705933,-0.369507,-0.715820,5.615236,-6.286623,-4.394531,cycling_2
1769336812.1235058,-0.750122,-0.261230,-0.702148,5.249023,0.366211,8.666992,cycling_2
1769336812.1376197,-0.787842,-0.225952,-0.725830,-0.366211,6.774904,6.896975,cycling_2
1769336812.1560879,-0.838501,-0.221436,-0.762329,1.892090,7.629396,5.798342,cycling_2
1769336812.1792333,-0.759521,-0.151367,-0.674561,-2.746582,9.887695,7.873537,cycling_2
1769336812.2135746,-0.714233,-0.158325,-0.720337,-3.417970,10.375977,6.164553,cycling_2
1769336812.2135746,-0.760742,0.051880,-0.718750,-4.333496,14.831547,10.620117,cycling_2
1769336812.281679,-0.645996,-0.138794,-0.715576,-5.981447,6.652834,-2.807618,cycling_2
1769336812.281679,-0.648804,0.048584,-0.658081,-4.089355,9.216309,10.131836,cycling_2
1769336812.281679,-0.708740,0.185913,-0.699829,-2.014160,8.056641,3.906251,cycling_2
1769336812.2970054,-0.565918,-0.053223,-0.627075,-1.892090,-5.065918,-5.615236,cycling_2
1769336812.3171577,-0.745850,0.168213,-0.695435,-0.305176,8.605957,7.995607,cycling_2
1769336812.331958,-0.613281,0.085083,-0.698242,-0.244141,2.075195,-1.220703,cycling_2
1769336812.3516188,-0.729126,0.151733,-0.698608,5.737307,0.183106,2.868653,cycling_2
1769336812.3737445,-0.668213,0.127075,-0.646851,-0.366211,-2.990724,-5.371094,cycling_2
1769336812.3938427,-0.614502,-0.089111,-0.670532,1.159668,-8.544922,-3.540040,cycling_2
1769336812.4132712,-0.864014,0.155273,-0.765015,5.615236,2.685547,5.310059,cycling_2
1769336812.4351764,-0.645874,-0.006958,-0.712769,2.502441,-7.995607,-9.460449,cycling_2
1769336812.454915,-0.731812,-0.048584,-0.670532,5.737307,-6.164553,3.234864,cycling_2
1769336812.471602,-0.768799,0.117310,-0.725342,5.065918,-1.220703,-1.037598,cycling_2
1769336812.4946756,-0.650391,-0.038452,-0.714478,3.906251,-11.779789,-10.986328,cycling_2
1769336812.5118654,-0.752197,-0.211792,-0.693359,4.699707,-13.366703,-9.887695,cycling_2
1769336812.53174,-0.756226,-0.212769,-0.729858,1.586915,-4.455566,-4.760742,cycling_2
1769336812.5534666,-0.805054,-0.242310,-0.772461,1.220703,-3.295899,-2.502441,cycling_2
1769336812.574529,-0.899292,-0.229370,-0.670654,-0.183106,2.136230,0.732422,cycling_2
1769336812.5956967,-0.852417,-0.242065,-0.691406,-4.028320,2.502441,-5.187988,cycling_2
1769336812.6145976,-0.883057,-0.161255,-0.741821,-4.455566,7.202150,-6.103518,cycling_2
1769336812.632032,-0.776733,-0.281250,-0.760986,-7.873537,5.371094,-15.991215,cycling_2
1769336812.6566777,-0.720093,-0.426514,-0.693604,-7.263186,4.821777,-12.939457,cycling_2
1769336812.6717477,-0.771729,-0.276367,-0.704956,-11.474613,15.808109,-4.760742,cycling_2
1769336812.6937659,-0.791870,-0.225708,-0.734619,-12.878422,20.141602,-9.033203,cycling_2
1769336812.7135131,-0.665039,-0.324097,-0.758545,-16.845703,16.540527,-17.456055,cycling_2
1769336812.7317817,-0.715210,-0.276489,-0.651123,-17.761230,22.705086,-2.807618,cycling_2
1769336812.7521539,-0.729004,0.089966,-0.678589,-20.446777,33.996582,1.403809,cycling_2
1769336812.7744682,-0.662231,0.135742,-0.688721,-22.277840,25.268562,-13.183598,cycling_2
1769336812.7922502,-0.655518,-0.031006,-0.656982,-18.798828,17.150879,-19.409180,cycling_2
1769336812.8148484,-0.655029,0.132202,-0.664429,-17.456055,16.662598,-11.962894,cycling_2
1769336812.8339937,-0.520874,0.144653,-0.631348,-15.380863,11.230473,-13.061527,cycling_2
1769336812.86489,-0.558472,0.118774,-0.728516,-9.094238,6.225588,-8.850098,cycling_2
1769336812.872663,-0.638550,0.278076,-0.789307,1.098633,-3.845216,-10.070801,cycling_2
1769336812.8930125,-0.346924,0.126465,-0.697021,1.953125,-9.094238,-2.685547,cycling_2
1769336812.9145925,-0.399414,0.108032,-0.722778,3.356935,-10.803223,3.601075,cycling_2
1769336812.934199,-0.689575,0.075684,-0.831543,5.920412,-11.901859,-8.361816,cycling_2
1769336812.9421692,-0.618530,0.027100,-0.791748,6.347658,-13.305668,-3.723145,cycling_2
1769336812.9736438,-0.601807,-0.002197,-0.766602,7.324221,-17.089844,-7.324221,cycling_2
1769336812.9929054,-0.669922,-0.178833,-0.716553,8.422852,-20.874023,-5.249023,cycling_2
1769336813.0120926,-0.675293,0.134766,-0.728027,13.488773,-20.568848,1.037598,cycling_2
1769336813.0330925,-0.581787,-0.032471,-0.716309,11.108402,-22.583015,8.483887,cycling_2
1769336813.053631,-0.675659,-0.136963,-0.687256,12.084965,-24.047859,-0.305176,cycling_2
1769336813.074662,-0.708130,-0.054565,-0.770264,13.366703,-23.864754,-2.075195,cycling_2
1769336813.0951734,-0.657959,-0.083740,-0.743042,13.916019,-27.832039,0.122070,cycling_2
1769336813.1151726,-0.664307,-0.200317,-0.690796,7.568361,-30.517586,1.281738,cycling_2
1769336813.1330118,-0.834351,-0.182251,-0.756836,3.173829,-22.521980,0.488281,cycling_2
1769336813.1524487,-0.716797,-0.334106,-0.793335,-2.441406,-14.709476,-8.911133,cycling_2
1769336813.1723297,-0.742310,-0.358887,-0.694824,-6.591799,-10.742188,-1.281738,cycling_2
1769336813.193478,-0.837646,-0.257935,-0.755737,-14.343266,1.953125,-4.882813,cycling_2
1769336813.2132072,-0.789673,-0.287598,-0.676636,-13.916019,-1.281738,-2.685547,cycling_2
1769336813.235385,-0.808594,-0.318115,-0.624634,-12.207035,2.014160,3.417970,cycling_2
1769336813.254852,-0.833618,-0.078979,-0.734131,-7.568361,6.774904,-0.671387,cycling_2
1769336813.2742486,-0.691162,-0.300049,-0.679077,-0.183106,-3.234864,-5.615236,cycling_2
1769336813.2962484,-0.678833,-0.240723,-0.657349,1.159668,2.075195,5.004883,cycling_2
1769336813.3169322,-0.718750,-0.324341,-0.753418,4.943848,0.183106,0.671387,cycling_2
1769336813.3367758,-0.710693,-0.229492,-0.661743,6.958010,-0.122070,7.629396,cycling_2
1769336813.3575914,-0.705688,-0.106689,-0.686890,3.540040,2.563477,7.263186,cycling_2
1769336813.3757973,-0.755127,-0.137085,-0.760498,4.333496,0.671387,-4.333496,cycling_2
1769336813.3943179,-0.647339,-0.140747,-0.606567,2.319336,-2.075195,3.051759,cycling_2
1769336813.4143515,-0.656006,0.057251,-0.700439,-3.356935,1.586915,1.831055,cycling_2
1769336813.4362726,-0.691284,-0.152222,-0.756714,-5.432129,0.183106,-4.577637,cycling_2
1769336813.4579608,-0.685791,0.010254,-0.710449,-5.981447,3.417970,1.403809,cycling_2
1769336813.471735,-0.608398,-0.002319,-0.702271,-7.873537,1.525879,0.793457,cycling_2
1769336813.4939356,-0.670898,-0.074219,-0.672852,-6.042482,-0.854492,0.915528,cycling_2
1769336813.5117285,-0.690186,-0.198364,-0.678223,-3.967286,-5.615236,2.685547,cycling_2
1769336813.541955,-0.783203,0.005005,-0.658813,-1.892090,-2.441406,8.850098,cycling_2
1769336813.5680008,-0.755249,0.079102,-0.703613,-0.915528,-2.258301,3.417970,cycling_2
1769336813.5881147,-0.708984,-0.282227,-0.714355,-0.061035,-8.666992,-10.375977,cycling_2
1769336813.5946252,-0.685791,-0.251099,-0.639160,3.356935,-8.117676,7.141115,cycling_2
1769336813.6118493,-0.753418,0.042236,-0.668945,-0.732422,-0.366211,5.981447,cycling_2
1769336813.6334724,-0.651123,-0.456665,-0.632202,-4.577637,-9.765625,-4.882813,cycling_2
1769336813.6533198,-0.800659,-0.009399,-0.706177,-0.976563,4.211426,17.883301,cycling_2
1769336813.6719356,-0.646973,-0.133789,-0.709839,-3.601075,-1.586915,1.831055,cycling_2
1769336813.6940272,-0.688965,-0.139526,-0.688965,1.525879,-1.159668,10.681152,cycling_2
1769336813.713855,-0.807983,-0.090332,-0.741455,1.037598,-0.793457,2.319336,cycling_2
1769336813.7327907,-0.610962,-0.390747,-0.661743,-2.136230,1.647950,7.690432,cycling_2
1769336813.755029,-0.841553,-0.108276,-0.779419,-10.009766,17.395020,18.676758,cycling_2
1769336813.7743018,-0.781738,-0.390137,-0.780273,-13.916019,14.282230,9.704590,cycling_2
1769336813.7954001,-0.853760,-0.117065,-0.749756,-11.962894,17.517090,21.911621,cycling_2
1769336813.8131917,-0.907715,-0.131592,-0.761597,-14.160160,19.775391,15.197758,cycling_2
1769336813.8327305,-0.756348,-0.161133,-0.660889,-16.235352,17.822266,10.620117,cycling_2
1769336813.8530304,-0.754272,-0.096680,-0.687500,-15.747074,18.798828,19.897461,cycling_2
1769336813.8768325,-0.738770,-0.047119,-0.671265,-17.761230,20.935059,16.967773,cycling_2
1769336813.8942406,-0.738892,-0.193359,-0.683105,-21.118164,16.723633,19.653320,cycling_2
1769336813.914516,-0.780029,0.009888,-0.714844,-21.362305,31.127937,22.583015,cycling_2
1769336813.9345229,-0.571533,0.236084,-0.672119,-22.216805,32.226563,22.338875,cycling_2
1769336813.9518569,-0.607056,0.235718,-0.714966,-17.578125,24.536140,11.352543,cycling_2
1769336813.976122,-0.599731,0.014648,-0.706177,-13.061527,13.244633,2.197266,cycling_2
1769336813.994889,-0.656616,0.063843,-0.702759,-10.253906,22.216805,11.352543,cycling_2
1769336814.01192,-0.710327,0.227539,-0.753906,-9.826660,33.386230,10.803223,cycling_2
1769336814.033252,-0.578003,0.141846,-0.746216,-8.178711,19.836426,-4.760742,cycling_2
1769336814.0532763,-0.597534,0.065308,-0.753296,-10.986328,16.052246,0.427246,cycling_2
1769336814.0747626,-0.697266,0.103638,-0.742432,-14.404301,17.395020,2.746582,cycling_2
1769336814.0941453,-0.625977,0.163696,-0.733398,-13.000492,12.939457,-1.159668,cycling_2
1769336814.1141114,-0.595825,0.292114,-0.701782,-10.681152,7.690432,2.685547,cycling_2
1769336814.1338708,-0.652100,0.373657,-0.748413,-6.713869,4.394531,-3.173829,cycling_2
1769336814.1516626,-0.405273,0.096802,-0.643921,-2.319336,-10.253906,-9.765625,cycling_2
1769336814.1717505,-0.683105,0.226318,-0.815918,-0.610352,-5.798342,-5.004883,cycling_2
1769336814.1928005,-0.589844,0.173584,-0.798828,-0.305176,-4.577637,-5.187988,cycling_2
1769336814.2131236,-0.616333,0.175903,-0.824707,4.699707,-9.521484,-3.784181,cycling_2
1769336814.2355666,-0.609253,0.141479,-0.747803,2.746582,-12.390141,-3.784181,cycling_2
1769336814.255431,-0.658813,-0.003052,-0.829346,2.014160,-12.878422,-7.324221,cycling_2
1769336814.2761347,-0.673828,0.044312,-0.804321,-1.647950,-6.774904,0.671387,cycling_2
1769336814.2951186,-0.717041,-0.062744,-0.856567,-4.943848,-4.821777,-7.751467,cycling_2
1769336814.3154502,-0.684082,-0.214844,-0.791870,-3.845216,-4.272461,-8.972168,cycling_2
1769336814.337066,-0.677612,0.040283,-0.748413,-2.502441,1.647950,4.455566,cycling_2
1769336814.351972,-0.696777,0.065918,-0.795776,-0.183106,-0.427246,-8.850098,cycling_2
1769336814.3729517,-0.647217,-0.150757,-0.709106,9.765625,-10.681152,-5.798342,cycling_2
1769336814.3961747,-0.748779,0.150269,-0.741943,10.253906,-0.244141,3.601075,cycling_2
1769336814.4818473,-0.722900,0.103760,-0.766235,17.028809,-15.136723,-7.324221,cycling_2
1769336814.4818473,-0.685181,0.175293,-0.726196,12.939457,-5.554201,-6.103518,cycling_2
1769336814.4835467,-0.580933,0.176636,-0.739990,10.314941,-1.159668,-8.728027,cycling_2
1769336814.4835467,-0.554688,0.210449,-0.727905,7.629396,2.319336,-3.234864,cycling_2
1769336814.4920084,-0.496094,0.101440,-0.735840,2.685547,-9.460449,-8.850098,cycling_2
1769336814.512529,-0.406128,0.089111,-0.688354,2.624512,-6.225588,3.967286,cycling_2
1769336814.538561,-0.589111,0.312622,-0.761108,4.821777,-10.498047,2.807618,cycling_2
1769336814.8221684,-0.718506,-0.140381,-0.735474,10.742188,-17.456055,-0.976563,cycling_2
1769336814.8221684,-0.874268,0.053101,-0.787476,12.268070,-15.441898,-6.042482,cycling_2
1769336814.8221684,-0.773926,-0.115845,-0.771240,13.488773,-20.019531,-12.878422,cycling_2
1769336814.8221684,-0.640259,-0.354980,-0.718750,13.793949,-16.784668,-5.676271,cycling_2
1769336814.8221684,-0.715210,-0.068604,-0.770752,11.962894,-2.807618,10.253906,cycling_2
1769336814.8221684,-0.772339,-0.017334,-0.778564,13.000492,-5.493164,-0.122070,cycling_2
1769336814.8221684,-0.646973,-0.260620,-0.729370,9.338379,-12.878422,-7.446291,cycling_2
1769336814.8221684,-0.722534,-0.347412,-0.797607,9.887695,-4.455566,3.173829,cycling_2
1769336814.8221684,-0.783691,-0.200439,-0.815796,2.685547,2.014160,4.760742,cycling_2
1769336814.8380766,-0.975952,-0.110596,-0.838623,8.056641,1.342773,-2.929688,cycling_2
1769336815.029504,-0.725952,-0.325928,-0.624023,5.981447,-3.356935,-7.141115,cycling_2
1769336815.029504,-0.860474,-0.265991,-0.719360,5.859377,1.708985,1.464844,cycling_2
1769336815.0300126,-0.858276,-0.044678,-0.651611,-0.366211,11.962894,-2.563477,cycling_2
1769336815.0300126,-0.606079,-0.365845,-0.645874,-3.540040,-1.098633,-10.864258,cycling_2
1769336815.0300126,-0.761597,-0.118408,-0.647217,-2.502441,16.540527,12.390141,cycling_2
1769336815.0300126,-0.542236,0.165161,-0.691040,-14.221195,15.319828,-8.361816,cycling_2
1769336815.0315268,-0.484985,-0.089111,-0.602905,-4.882813,-2.990724,-9.216309,cycling_2
1769336815.0454733,-0.838379,0.209229,-0.719482,-3.601075,13.000492,2.807618,cycling_2
1769336815.0454733,-0.610840,0.103882,-0.699097,-9.765625,8.361816,-15.075687,cycling_2
1769336815.04922,-0.556152,-0.015991,-0.609253,-0.976563,-2.502441,-6.774904,cycling_2
1769336815.055098,-0.594482,-0.026489,-0.625977,-4.455566,-2.380371,-5.981447,cycling_2
1769336815.073833,-0.755859,0.228882,-0.761963,1.403809,0.671387,-3.051759,cycling_2
1769336815.0953388,-0.541870,0.038940,-0.655762,-1.037598,-5.615236,-9.704590,cycling_2
1769336815.1171417,-0.696655,0.107544,-0.773315,5.004883,-4.638672,-0.366211,cycling_2
1769336815.1362405,-0.733398,0.034424,-0.757690,2.563477,-3.417970,-14.831547,cycling_2
1769336815.1517212,-0.584717,-0.006958,-0.669800,3.234864,-5.676271,-6.835939,cycling_2
1769336815.172102,-0.704468,-0.027222,-0.725342,1.953125,-5.737307,-5.004883,cycling_2
1769336815.1920915,-0.671997,0.006958,-0.763550,3.906251,-2.014160,-0.366211,cycling_2
1769336815.2154167,-0.625732,-0.196167,-0.714355,3.906251,-10.314941,-1.647950,cycling_2
1769336815.2368565,-0.704224,0.015259,-0.704102,2.929688,-3.356935,10.437012,cycling_2
1769336815.2564306,-0.775391,-0.045776,-0.801880,2.807618,-6.042482,-5.126953,cycling_2
1769336815.2750537,-0.640015,-0.033691,-0.685669,2.624512,-4.699707,0.366211,cycling_2
1769336815.2957678,-0.758911,-0.079346,-0.706665,0.000000,-10.375977,-4.272461,cycling_2
1769336815.3121755,-0.754883,-0.151855,-0.764526,-3.479005,-1.464844,0.549316,cycling_2
1769336815.3320491,-0.770874,-0.325195,-0.724976,-8.422852,-5.798342,-8.483887,cycling_2
1769336815.3556895,-0.675781,-0.188843,-0.669922,-10.986328,6.286623,17.272949,cycling_2
1769336815.394122,-0.816406,0.063599,-0.723511,-13.305668,11.413578,11.474613,cycling_2
1769336815.3982275,-0.709473,-0.032593,-0.748901,-9.399414,4.516602,-1.098633,cycling_2
1769336815.4145632,-0.668213,-0.220215,-0.692871,-3.662110,-0.793457,-0.244141,cycling_2
1769336815.4342017,-0.671631,0.063354,-0.628784,-0.122070,11.474613,16.052246,cycling_2
1769336815.4519129,-0.686768,0.315186,-0.735718,4.272461,11.840824,7.995607,cycling_2
1769336815.4721096,-0.582642,0.004028,-0.643555,10.253906,-9.582520,-5.859377,cycling_2
1769336815.4920626,-0.620239,0.142456,-0.762695,11.474613,1.220703,7.202150,cycling_2
1769336815.5150537,-0.571777,0.085083,-0.787842,7.202150,-7.507326,-3.540040,cycling_2
1769336815.53289,-0.556885,0.002563,-0.724121,9.216309,-4.394531,11.474613,cycling_2
1769336815.5522606,-0.751953,0.182861,-0.803467,1.647950,1.770020,8.422852,cycling_2
1769336815.5721848,-0.704712,-0.097900,-0.795288,-0.488281,-6.286623,0.000000,cycling_2
1769336815.5951874,-0.712280,0.019653,-0.620728,-2.075195,2.563477,18.554688,cycling_2
1769336815.6158175,-0.693604,0.004639,-0.694824,-7.202150,-4.699707,-1.586915,cycling_2
1769336815.8489254,-0.767334,0.110596,-0.782227,0.305176,6.469728,7.202150,cycling_2
1769336815.8489254,-0.767212,0.277710,-0.776611,4.821777,0.366211,-8.178711,cycling_2
1769336815.8489254,-0.490845,-0.272095,-0.684570,9.765625,-23.376472,-15.197758,cycling_2
1769336815.8489254,-0.856323,-0.182861,-0.803955,8.483887,-1.037598,2.258301,cycling_2
1769336815.8489254,-0.678833,-0.227417,-0.767212,2.868653,-5.249023,-5.004883,cycling_2
1769336815.8489254,-0.848267,-0.178955,-0.670044,2.502441,0.305176,4.882813,cycling_2
1769336815.8489254,-0.808472,0.005859,-0.688110,-4.455566,11.657719,2.075195,cycling_2
1769336815.8489254,-0.702148,0.071045,-0.684937,-2.990724,10.559082,-0.915528,cycling_2
1769336815.8489254,-0.627319,0.035034,-0.702637,0.671387,2.319336,-2.624512,cycling_2
1769336815.8489254,-0.628052,-0.020752,-0.739502,8.666992,-10.925293,-0.488281,cycling_2
1769336815.8520703,-0.784180,0.174072,-0.704712,10.803223,-9.460449,2.990724,cycling_2
1769336815.8725355,-0.746948,0.172241,-0.699585,7.019045,-5.554201,5.371094,cycling_2
1769336815.8938992,-0.669189,0.105713,-0.727661,9.338379,-13.366703,-5.004883,cycling_2
1769336815.9159615,-0.572266,0.044434,-0.681396,11.718754,-18.859863,-11.962894,cycling_2
1769336815.931909,-0.548950,0.036499,-0.657593,8.666992,-14.587406,-10.864258,cycling_2
1769336816.0235965,-0.660767,0.141602,-0.715576,7.202150,-7.019045,-9.460449,cycling_2
1769336816.0465481,-0.693726,0.057373,-0.759155,6.408693,-9.582520,-21.911621,cycling_2
1769336816.0465481,-0.669678,-0.049072,-0.746948,10.498047,-10.498047,-10.437012,cycling_2
1769336816.0465481,-0.689331,0.062866,-0.680176,11.474613,-13.244633,-9.521484,cycling_2
1769336816.0527644,-0.775879,-0.003662,-0.695557,12.084965,-11.169437,-13.977055,cycling_2
1769336816.0527644,-0.720093,-0.219727,-0.685669,11.108402,-10.375977,-12.084965,cycling_2
1769336816.0751772,-0.764526,-0.140015,-0.699463,12.268070,-7.141115,-6.347658,cycling_2
1769336816.0950172,-0.740234,-0.135864,-0.707153,12.634281,-7.263186,-2.014160,cycling_2
1769336816.1122441,-0.817627,-0.169556,-0.735718,14.465336,-7.141115,-3.295899,cycling_2
1769336816.1369212,-0.752563,-0.297729,-0.697876,11.169437,-7.812502,1.403809,cycling_2
1769336816.1582413,-0.757568,-0.333984,-0.706055,7.934572,-4.089355,6.835939,cycling_2
1769336816.1735585,-0.894897,-0.280884,-0.784180,6.347658,0.915528,6.713869,cycling_2
1769336816.1918993,-0.800049,-0.348633,-0.772827,6.713869,4.760742,7.629396,cycling_2
1769336816.2150526,-0.839478,-0.313110,-0.704102,8.056641,5.554201,9.765625,cycling_2
1769336816.2354841,-0.862183,-0.227173,-0.634766,6.042482,9.216309,10.314941,cycling_2
1769336816.256938,-0.801147,-0.304688,-0.683594,4.760742,15.502934,10.192871,cycling_2
1769336816.2754557,-0.896118,-0.055664,-0.686890,7.141115,12.939457,10.070801,cycling_2
1769336816.2967944,-0.759888,-0.293335,-0.661743,3.601075,7.690432,-3.356935,cycling_2
1769336816.3154507,-0.658813,-0.308838,-0.634155,-3.234864,12.939457,0.488281,cycling_2
1769336816.3319995,-0.681641,-0.003662,-0.610840,-11.535648,16.113281,5.432129,cycling_2
1769336816.358914,-0.765381,0.132568,-0.648804,-17.883301,18.676758,-4.577637,cycling_2
1769336816.3805463,-0.603760,-0.194946,-0.651245,-23.742683,18.371582,-13.671879,cycling_2
1769336816.4058325,-0.655151,0.080322,-0.585083,-19.531250,11.718754,5.615236,cycling_2
1769336816.4818718,-0.635010,-0.094971,-0.584473,-25.634773,15.747074,-0.061035,cycling_2
1769336816.4818718,-0.638550,0.143677,-0.659302,-19.531250,15.991215,13.427738,cycling_2
1769336816.4818718,-0.680298,0.378906,-0.746338,-9.155273,6.774904,6.896975,cycling_2
1769336816.4818718,-0.595337,-0.013428,-0.695679,-8.666992,1.403809,-0.915528,cycling_2
1769336816.504325,-0.624146,0.099854,-0.705322,-3.356935,-2.868653,9.277344,cycling_2
1769336816.5119884,-0.776855,0.139648,-0.787354,-0.244141,-8.178711,-2.502441,cycling_2
1769336816.5319946,-0.640259,-0.195190,-0.656494,-4.333496,-7.141115,4.394531,cycling_2
1769336816.5540771,-0.746094,0.144043,-0.766724,0.122070,-10.009766,8.483887,cycling_2
1769336816.5738728,-0.806396,-0.043701,-0.748657,-2.807618,-10.253906,-10.498047,cycling_2
1769336816.5989897,-0.634277,-0.293945,-0.681641,-4.699707,-4.150391,-6.286623,cycling_2
1769336816.6153007,-0.793823,-0.082397,-0.713867,-0.732422,-5.981447,-2.197266,cycling_2
1769336816.634567,-0.745239,-0.137573,-0.698608,-4.455566,-2.624512,-9.643555,cycling_2
1769336816.6531436,-0.733887,-0.272949,-0.725342,-3.540040,2.136230,-2.380371,cycling_2
1769336816.6744432,-0.851929,0.018555,-0.721680,0.122070,1.647950,3.173829,cycling_2
1769336816.6918695,-0.718384,-0.069458,-0.703369,-3.356935,2.075195,-5.310059,cycling_2
1769336816.7183554,-0.758911,-0.161377,-0.760620,0.488281,1.098633,-1.525879,cycling_2
1769336816.7393742,-0.747070,-0.218262,-0.759888,-2.746582,0.976563,0.488281,cycling_2
1769336816.7821143,-0.762939,-0.125366,-0.725952,-5.187988,0.366211,5.004883,cycling_2
1769336816.7821143,-0.716187,-0.015381,-0.706299,-9.643555,3.906251,2.685547,cycling_2
1769336816.851058,-0.727051,-0.069458,-0.714600,-14.160160,7.385256,-7.263186,cycling_2
1769336816.851058,-0.623169,-0.043213,-0.655518,-13.671879,6.591799,-1.708985,cycling_2
1769336816.9520514,-0.599365,-0.004272,-0.682861,-11.291508,5.432129,1.159668,cycling_2
1769336816.9520514,-0.689575,-0.028198,-0.710327,-9.521484,6.164553,1.220703,cycling_2
1769336816.9520514,-0.597046,-0.122559,-0.658569,-12.451176,2.380371,1.281738,cycling_2
1769336816.9520514,-0.658936,-0.124023,-0.672607,-13.183598,1.403809,5.615236,cycling_2
1769336817.0419514,-0.704590,-0.003540,-0.701782,-13.061527,5.187988,7.324221,cycling_2
1769336817.0419514,-0.717651,-0.018677,-0.730835,-10.070801,5.432129,4.150391,cycling_2
1769336817.0419514,-0.636597,0.007935,-0.746216,-6.103518,1.037598,4.333496,cycling_2
1769336817.0419514,-0.696655,0.048096,-0.739990,-4.516602,3.784181,4.394531,cycling_2
1769336817.0419514,-0.785889,0.316162,-0.799072,3.662110,4.638672,5.920412,cycling_2
1769336817.0419514,-0.667236,-0.089722,-0.709351,-4.943848,0.976563,-16.113281,cycling_2
1769336817.0419514,-0.716553,-0.047241,-0.732422,-2.197266,5.615236,1.037598,cycling_2
1769336817.0531428,-0.731323,-0.052612,-0.692993,-10.192871,2.075195,-8.911133,cycling_2
1769336817.062621,-0.593628,-0.324951,-0.660522,-11.474613,-0.244141,0.488281,cycling_2
1769336817.0960586,-0.748779,0.204468,-0.819946,-4.821777,8.056641,17.944336,cycling_2
1769336817.1176095,-0.557129,0.094971,-0.755981,-9.887695,0.122070,-0.793457,cycling_2
1769336817.1330857,-0.523682,-0.072510,-0.757324,-5.615236,-4.150391,1.403809,cycling_2
1769336817.151924,-0.716309,0.282471,-0.792358,-4.760742,3.479005,14.282230,cycling_2
1769336817.1716876,-0.750122,-0.093628,-0.838379,-9.277344,-7.141115,-5.554201,cycling_2
1769336817.1935575,-0.673218,0.229736,-0.725342,-3.417970,3.967286,13.977055,cycling_2
1769336817.2129798,-0.830566,0.154907,-0.785767,-9.338379,-0.915528,-13.732914,cycling_2
1769336817.2336485,-0.624268,-0.023926,-0.843262,-0.793457,3.112794,-8.544922,cycling_2
1769336817.2553267,-0.687256,0.204468,-0.740112,9.521484,-8.789063,-0.061035,cycling_2
1769336817.2737682,-0.703613,0.000488,-0.696045,2.319336,-11.840824,-9.277344,cycling_2
1769336817.295593,-0.639893,-0.075806,-0.812744,4.699707,0.793457,1.586915,cycling_2
1769336817.3137095,-0.592163,0.259521,-0.657349,4.882813,-12.512211,8.789063,cycling_2
1769336817.3320723,-0.505859,0.043091,-0.729858,5.859377,-6.896975,5.554201,cycling_2
1769336817.3518598,-0.563354,0.200195,-0.784668,11.901859,-8.056641,13.488773,cycling_2
1769336817.3725011,-0.656128,0.097046,-0.670532,4.394531,-14.770512,5.676271,cycling_2
1769336817.3943317,-0.608521,-0.035645,-0.742554,1.708985,-3.112794,6.469728,cycling_2
1769336817.4202054,-0.559814,0.039795,-0.706543,0.854492,-2.258301,11.840824,cycling_2
1769336817.4555678,-0.759277,0.072021,-0.725830,0.244141,1.403809,10.803223,cycling_2
1769336817.4828613,-0.743896,-0.008545,-0.723267,1.708985,-3.051759,5.065918,cycling_2
1769336817.4828613,-0.815430,0.159180,-0.664551,3.295899,-2.624512,5.737307,cycling_2
1769336817.4952495,-0.735596,0.160156,-0.728882,-0.305176,1.342773,0.854492,cycling_2
1769336817.5122194,-0.644043,0.025146,-0.774170,4.211426,-2.502441,-1.037598,cycling_2
1769336817.53179,-0.715820,0.067383,-0.779053,9.887695,-2.929688,-1.770020,cycling_2
1769336817.553245,-0.636230,0.038696,-0.789185,14.892582,-4.089355,-4.821777,cycling_2
1769336817.5747142,-0.767578,0.091431,-0.726196,26.611336,-17.150879,-3.723145,cycling_2
1769336817.593642,-0.592407,-0.391235,-0.730713,13.916019,-12.268070,-11.535648,cycling_2
1769336817.6145992,-0.823486,-0.217285,-0.893555,19.165039,-4.089355,8.239746,cycling_2
1769336817.6352034,-0.822998,-0.054932,-0.690674,9.155273,0.976563,7.446291,cycling_2
1769336817.6568143,-0.676514,-0.425171,-0.608887,-6.774904,1.037598,-8.300781,cycling_2
1769336817.6720538,-0.904541,-0.151367,-0.722900,-1.647950,9.094238,0.793457,cycling_2
1769336817.6924224,-0.756470,-0.011108,-0.670288,-4.760742,17.395020,-2.563477,cycling_2
1769336817.713551,-0.731812,0.008545,-0.684326,9.399414,3.234864,-2.136230,cycling_2
1769336817.734925,-0.709717,0.184448,-0.667358,10.742188,7.019045,-0.427246,cycling_2
1769336817.754051,-0.604004,-0.000732,-0.693604,4.333496,7.324221,-7.080080,cycling_2
1769336817.7730167,-0.634155,-0.094971,-0.740234,4.821777,5.187988,-1.647950,cycling_2
1769336817.8020291,-0.565918,-0.104004,-0.660400,-2.197266,3.723145,8.178711,cycling_2
1769336817.8177495,-0.800293,0.056152,-0.698364,-4.699707,7.812502,6.469728,cycling_2
1769336817.8370798,-0.549072,-0.240234,-0.711548,-7.446291,13.488773,-3.479005,cycling_2
1769336817.8519409,-0.824341,0.350830,-0.896118,4.455566,19.042969,2.685547,cycling_2
1769336817.8791277,-0.547485,0.366089,-0.566895,2.319336,10.253906,-17.028809,cycling_2
1769336817.8937862,-0.436035,-0.136719,-0.809937,7.690432,-1.770020,-19.470215,cycling_2
1769336817.9121957,-0.738647,0.302734,-0.777588,21.728516,-3.723145,9.399414,cycling_2
1769336817.9346275,-0.486694,-0.028076,-0.542847,5.920412,-7.019045,-8.911133,cycling_2
1769336817.9542215,-0.514893,-0.294189,-0.710205,5.249023,-12.207035,2.990724,cycling_2
1769336817.9741335,-0.904053,0.228516,-0.723999,9.826660,-2.929688,4.150391,cycling_2
1769336817.995865,-0.531860,-0.190063,-0.798584,-1.037598,-2.197266,-6.652834,cycling_2
1769336818.0119064,-0.937744,0.293091,-0.828613,21.545410,-8.728027,7.385256,cycling_2
1769336818.0321603,-0.600830,-0.163208,-0.598389,-3.662110,-7.812502,-22.338875,cycling_2
1769336818.0584064,-0.567749,-0.575684,-0.838989,-2.685547,-3.723145,-12.023930,cycling_2
1769336818.073477,-0.897949,-0.295044,-0.834351,5.798342,-5.187988,5.065918,cycling_2
1769336818.0925634,-0.592285,-0.619995,-0.649292,-9.338379,-10.192871,-1.464844,cycling_2
1769336818.113976,-0.994019,-0.012695,-0.794556,7.629396,9.399414,19.226074,cycling_2
1769336818.134886,-0.664063,0.096558,-0.614746,-5.249023,13.305668,4.028320,cycling_2
1769336818.151644,-0.820923,0.129272,-0.871948,10.803223,5.493164,-9.887695,cycling_2
1769336818.1736467,-0.652100,0.112183,-0.629272,8.300781,0.610352,-16.174316,cycling_2
1769336818.1917682,-0.498779,-0.234497,-0.672241,0.122070,-2.075195,-18.310547,cycling_2
1769336818.2140021,-0.747314,-0.046509,-0.691040,4.394531,1.281738,-1.220703,cycling_2
1769336818.231839,-0.646851,-0.199829,-0.788574,-4.089355,4.089355,-4.882813,cycling_2
1769336818.2544005,-0.690063,-0.039551,-0.760742,-1.708985,4.455566,5.126953,cycling_2
1769336818.2747028,-0.620972,-0.078857,-0.783936,-5.004883,5.004883,-1.953125,cycling_2
1769336818.2958326,-0.624268,-0.072632,-0.762695,-0.427246,-1.098633,1.464844,cycling_2
1769336818.3116548,-0.672241,-0.148682,-0.724609,-0.061035,-1.586915,-1.892090,cycling_2
1769336818.332298,-0.665771,0.012207,-0.692505,-0.427246,2.929688,8.789063,cycling_2
1769336818.3565962,-0.690796,-0.070557,-0.795166,-1.098633,2.868653,-1.953125,cycling_2
1769336818.3742895,-0.710571,0.007202,-0.726563,5.615236,-0.488281,1.037598,cycling_2
1769336818.3935833,-0.727051,-0.115967,-0.709839,-0.122070,0.610352,-4.577637,cycling_2
1769336818.4124494,-0.751343,-0.224731,-0.704102,1.647950,-1.892090,-8.728027,cycling_2
1769336818.4348865,-0.489502,-0.508423,-0.596313,-8.117676,-2.136230,0.244141,cycling_2
1769336818.4551926,-0.834229,-0.081787,-0.840942,5.371094,5.554201,22.888191,cycling_2
1769336818.4763305,-0.726074,0.137207,-0.823120,0.854492,13.549809,14.831547,cycling_2
1769336818.4987512,-0.630493,0.121704,-0.732300,7.873537,-4.089355,7.873537,cycling_2
1769336818.511653,-0.768066,-0.236206,-0.665161,-4.577637,-10.375977,-13.000492,cycling_2
1769336818.5315857,-0.729980,-0.500000,-0.733521,-1.647950,-4.760742,-7.141115,cycling_2
1769336818.5537817,-0.776367,-0.245605,-0.726929,-0.976563,7.141115,18.188477,cycling_2
1769336818.5742123,-0.716431,-0.089233,-0.771729,0.427246,12.512211,12.817387,cycling_2
1769336818.5943944,-0.718872,0.204956,-0.670654,2.258301,11.840824,20.446777,cycling_2
1769336818.616557,-0.708618,-0.143188,-0.727539,-4.882813,-0.122070,-17.822266,cycling_2
1769336818.6358094,-0.734131,-0.198364,-0.743530,-6.530764,8.056641,13.061527,cycling_2
1769336818.6559908,-0.904541,-0.549316,-0.870850,-7.324221,1.281738,-20.080566,cycling_2
1769336818.6716986,-0.851563,-0.171753,-0.704224,0.427246,14.770512,12.207035,cycling_2
1769336818.6942487,-0.751831,0.099609,-0.627808,-12.634281,22.033691,-2.075195,cycling_2
1769336818.712485,-0.719116,0.060181,-0.659058,-11.535648,14.709476,-14.526371,cycling_2
1769336818.7348363,-0.928711,-0.068970,-0.761597,-10.620117,11.718754,-20.507813,cycling_2
1769336818.754716,-0.666504,0.026123,-0.588135,-19.165039,24.169930,-15.808109,cycling_2
1769336818.774118,-0.840088,-0.591675,-0.927490,-8.666992,8.300781,-17.150879,cycling_2
1769336818.7958841,-0.819092,0.091553,-0.574707,-13.793949,42.724609,8.850098,cycling_2
1769336818.8153956,-0.385376,0.108643,-0.577148,-22.460945,27.771004,-19.836426,cycling_2
1769336818.8344755,-0.745605,0.236206,-0.641968,-12.451176,21.301270,-16.479492,cycling_2
1769336818.8520036,-0.528442,0.225708,-0.833862,-13.549809,16.113281,-34.851074,cycling_2
1769336818.8749285,-0.473877,0.304199,-0.626709,-9.033203,5.371094,-14.648441,cycling_2
1769336818.89339,-0.705933,-0.412354,-0.990967,-4.394531,-7.202150,-10.009766,cycling_2
1769336818.9143715,-0.885254,0.336670,-0.808838,-14.465336,32.775879,11.901859,cycling_2
1769336818.934484,-0.371338,0.048096,-0.775635,-19.470215,4.333496,-21.667480,cycling_2
1769336818.9545393,-0.864014,-0.063843,-0.697876,-19.348145,10.437012,-5.859377,cycling_2
1769336818.9726346,-0.616211,0.067139,-0.647217,-33.264160,19.775391,-20.324707,cycling_2
1769336818.9929934,-0.658569,-0.300415,-0.716675,-16.967773,-3.723145,-3.417970,cycling_2
1769336819.0120618,-0.919678,0.204590,-0.761597,-21.545410,32.104492,1.098633,cycling_2
1769336819.0330956,-0.608887,-0.017700,-0.840820,-8.666992,-2.929688,-15.136723,cycling_2
1769336819.0538173,-0.783447,0.399536,-0.912720,-21.118164,27.893074,-34.301758,cycling_2
1769336819.0733113,-0.131226,-0.075195,-0.702026,-12.878422,-12.817387,-51.330582,cycling_2
1769336819.095586,-0.885986,-0.069214,-0.840332,-17.578125,10.986328,-26.123055,cycling_2
1769336819.1154602,-0.462524,-0.007202,-0.776367,-19.042969,7.812502,-26.184090,cycling_2
1769336819.13449,-0.701172,-0.110352,-0.696045,-19.226074,5.981447,-13.427738,cycling_2
1769336819.1516726,-0.537720,0.235718,-0.798462,-16.601563,5.554201,-4.638672,cycling_2
1769336819.176072,-0.601196,0.283936,-0.765625,-13.183598,2.075195,-14.221195,cycling_2
1769336819.1945117,-0.422974,0.045898,-0.744019,-11.413578,-8.361816,-27.221687,cycling_2
1769336819.2122383,-0.458740,-0.124146,-0.675049,-13.732914,-12.268070,-16.784668,cycling_2
1769336819.234447,-0.824341,0.414917,-0.939941,-7.080080,7.751467,-6.286623,cycling_2
1769336819.255779,-0.363525,0.305786,-0.937622,3.112794,-13.732914,-33.447266,cycling_2
1769336819.311652,-0.504272,0.118286,-0.855225,6.835939,-21.972656,-22.583015,cycling_2
1769336819.343683,-0.559692,0.256470,-0.853638,4.394531,-30.639656,-43.518066,cycling_2
1769336819.343683,-0.350586,-0.273560,-0.786133,4.333496,-46.997086,-40.161133,cycling_2
1769336819.3923779,-0.651001,0.138550,-0.838989,-2.502441,-12.084965,-1.831055,cycling_2
1769336819.3923779,-0.438110,0.139160,-0.827271,0.183106,-20.202637,-10.986328,cycling_2
1769336819.3923779,-0.600220,0.087402,-0.742676,4.943848,-26.000984,-3.540040,cycling_2
1769336819.441779,-0.398682,-0.009766,-0.682129,-2.136230,-30.029305,-16.479492,cycling_2
1769336819.441779,-0.792114,-0.095703,-0.808350,10.131836,-24.047859,-2.075195,cycling_2
1769336819.447181,-0.743774,0.329468,-0.763306,11.840824,-10.803223,-9.460449,cycling_2
1769336819.5143213,-0.534790,0.230347,-0.759644,19.836426,-33.996582,-26.794441,cycling_2
1769336819.5143213,-0.736572,-0.275757,-0.778687,21.728516,-51.818863,-44.372574,cycling_2
1769336819.5218697,-0.777222,-0.372192,-0.795532,22.705086,-38.513184,-27.038582,cycling_2
1769336819.527813,-0.809570,0.000488,-0.773071,18.981934,-17.517090,-10.681152,cycling_2
1769336819.5385554,-0.521240,-0.381104,-0.658081,7.690432,-29.052742,-24.536140,cycling_2
1769336819.5595858,-0.979858,-0.156372,-0.879028,4.638672,-5.249023,4.943848,cycling_2
1769336819.579826,-0.519653,0.163940,-0.760376,-5.676271,0.061035,-7.141115,cycling_2
1769336819.5959547,-0.419067,-0.332031,-0.754639,-1.770020,-23.803719,-16.967773,cycling_2
1769336819.615154,-0.888184,0.168701,-0.800293,2.380371,-2.014160,-0.244141,cycling_2
1769336819.6385248,-0.524536,-0.012085,-0.653931,0.366211,-23.925789,-20.324707,cycling_2
1769336819.7328417,-0.620483,-0.247925,-0.723389,4.089355,-15.747074,-8.972168,cycling_2
1769336819.7420564,-0.657349,0.078125,-0.752686,7.446291,-7.934572,0.610352,cycling_2
1769336819.7420564,-0.770264,-0.312866,-0.744385,14.282230,-23.132332,-4.943848,cycling_2
1769336819.7523751,-0.850586,0.035034,-0.734619,10.253906,-10.925293,2.197266,cycling_2
1769336819.7550778,-0.760620,-0.344849,-0.737793,5.859377,-25.146492,-13.610844,cycling_2
1769336819.7570274,-0.994263,-0.332031,-0.840210,7.019045,-10.498047,-11.474613,cycling_2
1769336819.7780356,-0.740234,-0.003296,-0.685791,0.000000,-1.159668,-5.310059,cycling_2
1769336819.797254,-0.570801,-0.410645,-0.550293,-8.422852,-11.474613,-4.821777,cycling_2
1769336819.816628,-0.824707,-0.316406,-0.747681,-7.934572,-4.821777,1.220703,cycling_2
1769336819.8389356,-0.773193,0.020386,-0.753052,-6.652834,3.112794,3.540040,cycling_2
1769336819.856353,-0.392700,-0.350220,-0.572754,-7.812502,-10.253906,-6.408693,cycling_2
1769336819.8781664,-0.602173,-0.177124,-0.614258,-5.493164,-0.427246,13.427738,cycling_2
1769336819.9001095,-0.877808,-0.074097,-0.782959,-1.770020,-2.868653,-0.671387,cycling_2
1769336819.9222574,-0.619141,-0.117188,-0.619507,0.610352,-5.554201,-1.953125,cycling_2
1769336819.9379458,-0.764038,-0.269409,-0.693848,2.563477,-9.094238,1.708985,cycling_2
1769336820.0052857,-0.966675,0.458008,-0.771118,6.286623,10.314941,17.822266,cycling_2
1769336820.0052857,-0.569458,0.026978,-0.786011,-0.122070,-9.582520,-9.887695,cycling_2
1769336820.0052857,-0.667358,-0.271240,-0.664063,10.925293,-20.446777,4.821777,cycling_2
1769336820.0188932,-0.735229,-0.107544,-0.718140,5.249023,-11.779789,14.343266,cycling_2
1769336820.034863,-0.722290,0.044434,-0.647461,-0.854492,-5.737307,20.996094,cycling_2
1769336820.0586717,-0.629150,0.061401,-0.681274,-5.798342,-7.446291,13.793949,cycling_2
1769336820.101969,-0.679932,0.083618,-0.667480,-4.150391,-16.601563,13.488773,cycling_2
1769336820.1217654,-0.559326,-0.321289,-0.663208,-5.798342,-23.803719,5.615236,cycling_2
1769336820.181864,-0.728271,-0.059692,-0.669434,0.061035,-11.657719,21.179199,cycling_2
1769336820.1984255,-0.769287,-0.156616,-0.625977,11.596684,-16.601563,1.342773,cycling_2
1769336820.206145,-0.856323,-0.074585,-0.673096,19.714355,-2.441406,15.563969,cycling_2
1769336820.2128527,-0.520386,-0.328369,-0.620728,12.084965,-11.413578,19.226074,cycling_2
1769336820.2360597,-0.866089,-0.244507,-0.858154,18.859863,-9.155273,22.277840,cycling_2
1769336820.2543764,-0.883789,-0.137085,-0.799438,15.441898,-7.507326,20.751953,cycling_2
1769336820.273134,-0.811157,0.050049,-0.678345,10.437012,-8.605957,28.015144,cycling_2
1769336820.295133,-0.757935,-0.326294,-0.725098,2.502441,-19.714355,7.751467,cycling_2
1769336820.3176825,-0.799927,-0.401489,-0.729370,4.699707,-9.765625,18.554688,cycling_2
1769336820.3368042,-0.830078,-0.370605,-0.661865,-5.615236,3.601075,27.893074,cycling_2
1769336820.3564756,-0.964355,-0.022095,-0.689087,4.882813,14.221195,24.230965,cycling_2
1769336820.3778968,-0.655640,0.153687,-0.549438,-0.671387,10.986328,26.855476,cycling_2
1769336820.3957236,-0.734497,-0.200317,-0.712891,5.004883,-0.976563,9.216309,cycling_2
1769336820.4221265,-0.828613,0.276611,-0.639648,14.160160,17.333984,34.423828,cycling_2
1769336820.4356697,-0.803711,0.028320,-0.645264,3.906251,0.915528,14.648441,cycling_2
1769336820.4592986,-0.778198,-0.210693,-0.593872,7.141115,0.610352,14.343266,cycling_2
1769336820.4743898,-0.818970,-0.101440,-0.630005,-0.793457,9.460449,18.371582,cycling_2
1769336820.4961703,-0.695068,0.030762,-0.677612,-6.347658,17.517090,19.897461,cycling_2
1769336820.5357714,-0.769287,0.098145,-0.772461,-2.929688,15.014652,15.686039,cycling_2
1769336820.5616822,-0.770630,-0.254272,-0.783813,-5.615236,4.089355,-0.549316,cycling_2
1769336820.5628626,-0.608276,-0.146973,-0.586304,-3.173829,17.089844,24.414070,cycling_2
1769336820.5750902,-0.862427,0.217529,-0.634644,-5.798342,18.493652,28.808601,cycling_2
1769336820.5963461,-0.741943,-0.142090,-0.681641,-9.277344,10.314941,-0.610352,cycling_2
1769336820.6151223,-0.691772,0.011963,-0.640259,-5.065918,15.075687,24.230965,cycling_2
1769336820.6347463,-0.886597,0.162720,-0.708496,-4.333496,17.272949,11.840824,cycling_2
1769336820.656491,-0.727783,0.341187,-0.584473,-6.225588,20.507813,13.427738,cycling_2
1769336820.677379,-0.731201,-0.212769,-0.722656,-12.634281,-5.676271,-12.451176,cycling_2
1769336820.6997464,-0.697144,-0.133057,-0.669678,1.037598,14.160160,4.028320,cycling_2
1769336820.7878058,-0.599731,0.024902,-0.623169,-9.643555,7.080080,1.770020,cycling_2
1769336820.8122911,-0.725952,0.310059,-0.636963,9.216309,17.395020,21.118164,cycling_2
1769336820.8239033,-0.703369,0.393433,-0.653687,4.333496,5.676271,8.789063,cycling_2
1769336820.8475084,-0.611938,0.056396,-0.661133,6.347658,-15.441898,-13.427738,cycling_2
1769336820.8519082,-0.691284,0.166626,-0.640625,11.108402,-0.976563,13.549809,cycling_2
1769336820.8580143,-0.815552,0.190186,-0.676270,0.549316,-3.356935,-2.319336,cycling_2
1769336820.8580143,-0.622070,-0.041504,-0.637329,-2.014160,-5.554201,-6.774904,cycling_2
1769336820.8590276,-0.688721,0.011108,-0.666748,-7.080080,6.042482,18.493652,cycling_2
1769336820.8787525,-0.936401,-0.016113,-0.811523,-5.187988,-4.638672,-3.784181,cycling_2
1769336820.8956418,-0.576782,-0.276123,-0.609497,5.615236,-6.774904,-5.981447,cycling_2
1769336820.9150145,-0.694092,0.365234,-0.701904,11.901859,8.728027,28.747566,cycling_2
1769336820.9343238,-0.898071,0.319580,-0.781128,13.793949,-11.047363,-22.033691,cycling_2
1769336820.956767,-0.505737,0.043579,-0.708130,13.366703,-8.483887,-10.925293,cycling_2
1769336820.978015,-0.781250,0.087158,-0.798706,24.169930,-12.084965,0.610352,cycling_2
1769336821.0012243,-0.798462,-0.081299,-0.771118,5.249023,-11.108402,-11.962894,cycling_2
1769336821.019358,-0.669678,-0.245728,-0.694702,4.638672,-7.446291,0.244141,cycling_2
1769336821.0588212,-0.766113,-0.034180,-0.716553,0.122070,-0.732422,15.808109,cycling_2
1769336821.0588212,-0.814331,0.007202,-0.770142,-2.685547,1.342773,2.441406,cycling_2
1769336821.076152,-0.571533,-0.002441,-0.610107,3.173829,-1.159668,11.779789,cycling_2
1769336821.0938463,-0.762939,0.108154,-0.677612,9.460449,-8.972168,11.718754,cycling_2
1769336821.1151688,-0.657104,-0.046387,-0.652466,12.878422,-9.887695,3.112794,cycling_2
1769336821.1364167,-0.730591,0.063232,-0.658203,13.366703,-7.751467,15.197758,cycling_2
1769336821.1576843,-0.760010,-0.049438,-0.718262,13.183598,-7.446291,2.685547,cycling_2
1769336821.175893,-0.695068,0.096436,-0.695801,11.047363,-0.122070,11.413578,cycling_2
1769336821.1967216,-0.700562,-0.049561,-0.678345,9.521484,-9.704590,-1.037598,cycling_2
1769336821.2174861,-0.751831,0.079224,-0.666626,12.084965,3.295899,8.728027,cycling_2
1769336821.23329,-0.744507,0.206055,-0.648926,12.329105,-0.549316,3.234864,cycling_2
1769336821.2571697,-0.626709,-0.042236,-0.617554,15.441898,-13.977055,-1.464844,cycling_2
1769336821.275746,-0.858521,0.179810,-0.741333,23.315437,-2.563477,3.967286,cycling_2
1769336821.2958963,-0.677124,0.123535,-0.601318,17.578125,-11.535648,-3.112794,cycling_2
1769336821.316007,-0.804321,-0.011353,-0.752563,24.292000,-16.113281,-2.319336,cycling_2
1769336821.3318825,-0.773193,-0.032227,-0.680054,21.423340,-17.517090,-3.295899,cycling_2
1769336821.356631,-0.785889,-0.186890,-0.708374,16.845703,-17.333984,-0.061035,cycling_2
1769336821.373914,-0.807129,-0.315063,-0.708618,7.751467,-13.671879,-2.746582,cycling_2
1769336821.392798,-0.748779,-0.358643,-0.697998,5.126953,-1.281738,12.939457,cycling_2
1769336821.413426,-0.976318,-0.063599,-0.764160,2.929688,3.051759,11.779789,cycling_2
1769336821.501766,-0.817139,-0.234009,-0.690186,-1.831055,2.624512,-1.464844,cycling_2
1769336821.526482,-0.727295,-0.077515,-0.620239,6.591799,8.361816,11.962894,cycling_2
1769336821.5382712,-0.881226,-0.212280,-0.716797,1.770020,-4.150391,-7.629396,cycling_2
1769336821.5559714,-0.717407,-0.289185,-0.653442,12.268070,4.638672,-4.638672,cycling_2
1769336821.6290944,-0.787720,-0.063110,-0.618164,7.751467,3.356935,1.281738,cycling_2
1769336821.6347942,-0.784790,0.040894,-0.581665,8.850098,12.268070,-0.793457,cycling_2
1769336821.6347942,-0.705200,0.064941,-0.641113,7.385256,9.521484,-3.906251,cycling_2
1769336821.6347942,-0.600464,-0.015259,-0.585205,5.676271,6.408693,-2.807618,cycling_2
1769336821.6363232,-0.740723,0.104492,-0.649048,10.864258,8.911133,3.295899,cycling_2
1769336821.638679,-0.744507,0.288452,-0.571045,8.056641,9.155273,0.854492,cycling_2
1769336821.638679,-0.663208,0.111206,-0.641479,7.141115,-1.098633,-8.056641,cycling_2
1769336821.6566005,-0.739380,0.221313,-0.653320,14.526371,-3.784181,0.549316,cycling_2
1769336821.6757903,-0.705078,0.025024,-0.683472,12.939457,-10.742188,-7.995607,cycling_2
1769336821.6948462,-0.691772,-0.132202,-0.677612,11.596684,-12.268070,-7.019045,cycling_2
1769336821.7138174,-0.735840,-0.015869,-0.654663,13.793949,-0.549316,10.681152,cycling_2
1769336821.7616963,-0.804199,-0.016235,-0.637817,8.605957,-8.056641,-4.699707,cycling_2
1769336821.769213,-0.772339,-0.056763,-0.679321,11.596684,-2.990724,-2.807618,cycling_2
1769336821.7768314,-0.788696,0.091431,-0.612305,9.582520,-10.253906,-21.728516,cycling_2
1769336821.798171,-0.591431,-0.448364,-0.623291,18.554688,-15.563969,-23.559578,cycling_2
1769336821.8167815,-0.833130,-0.064331,-0.674438,20.751953,0.549316,1.953125,cycling_2
1769336821.8370478,-0.935913,-0.019409,-0.661133,15.441898,2.746582,-7.324221,cycling_2
1769336821.8520327,-0.777588,-0.246094,-0.779785,18.615723,-1.770020,-17.395020,cycling_2
1769336821.8729813,-0.593994,-0.407715,-0.685303,18.371582,-1.892090,-4.455566,cycling_2
1769336821.8928938,-0.770508,-0.308838,-0.710327,15.319828,3.784181,10.437012,cycling_2
1769336821.915066,-0.863159,-0.069214,-0.633911,6.835939,12.573246,4.516602,cycling_2
1769336821.9341652,-0.796143,-0.309814,-0.630493,2.563477,5.676271,-8.300781,cycling_2
1769336821.956293,-0.744019,-0.322266,-0.607178,0.549316,10.559082,2.380371,cycling_2
1769336821.9759862,-0.883911,-0.246948,-0.656494,0.915528,13.122562,3.601075,cycling_2
1769336821.9968636,-0.907349,0.034424,-0.577637,-1.953125,19.775391,5.187988,cycling_2
1769336822.0188172,-0.801636,-0.105347,-0.708252,-3.845216,17.272949,-6.896975,cycling_2
1769336822.0384834,-0.798340,-0.249634,-0.594604,-1.586915,15.930180,-0.122070,cycling_2
1769336822.053519,-0.851807,-0.082764,-0.633057,-11.901859,21.972656,0.854492,cycling_2
1769336822.0732791,-0.841675,-0.149170,-0.697021,-13.854984,22.399910,-9.033203,cycling_2
1769336822.0985498,-0.786499,-0.159790,-0.656860,-11.779789,19.836426,-7.263186,cycling_2
1769336822.1181371,-0.669922,-0.159790,-0.609497,-15.625004,22.216805,-4.211426,cycling_2
1769336822.1361043,-0.748291,-0.128540,-0.655762,-15.319828,22.888191,-1.281738,cycling_2
1769336822.1569545,-0.618164,-0.227661,-0.555054,-22.277840,18.615723,-3.906251,cycling_2
1769336822.1759133,-0.824463,0.215210,-0.592773,-17.272949,26.733406,13.549809,cycling_2
1769336822.1978104,-0.689575,0.184570,-0.686890,-19.348145,21.728516,-5.798342,cycling_2
1769336822.2159297,-0.671631,0.104248,-0.731445,-8.422852,11.108402,-5.798342,cycling_2
1769336822.2351727,-0.670166,0.324707,-0.622681,-8.361816,13.427738,5.920412,cycling_2
1769336822.2554684,-0.555298,-0.160156,-0.672607,-7.080080,-8.544922,-16.235352,cycling_2
1769336822.2787886,-0.661255,-0.194946,-0.623291,-4.333496,1.892090,5.798342,cycling_2
1769336822.2973006,-0.653809,0.056152,-0.760376,-7.446291,10.375977,12.390141,cycling_2
1769336822.315925,-0.763306,0.202637,-0.752319,-4.943848,5.065918,-2.990724,cycling_2
1769336822.3364193,-0.545654,0.032959,-0.705444,-3.784181,-5.249023,-11.047363,cycling_2
1769336822.3567448,-0.622559,0.010010,-0.717163,-0.183106,-5.249023,0.000000,cycling_2
1769336822.3718488,-0.838135,0.101074,-0.782837,1.037598,-1.403809,-5.004883,cycling_2
1769336822.3922772,-0.684326,0.055542,-0.723389,1.892090,-5.798342,-6.958010,cycling_2
1769336822.4124165,-0.683716,-0.007813,-0.703125,3.173829,-10.925293,-4.699707,cycling_2
1769336822.4352245,-0.760132,0.029785,-0.715576,0.488281,-4.638672,-7.324221,cycling_2
1769336822.4550817,-0.633789,-0.049194,-0.694458,1.403809,-8.300781,-9.216309,cycling_2
1769336822.4752202,-0.710938,-0.039307,-0.697754,2.563477,-6.774904,-8.850098,cycling_2
1769336822.4967482,-0.730591,0.029663,-0.760132,5.432129,-2.807618,-10.498047,cycling_2
1769336822.518206,-0.641113,0.101563,-0.722168,9.277344,-7.629396,-14.404301,cycling_2
1769336822.5330245,-0.593262,-0.021606,-0.663208,12.695316,-17.639160,-18.737793,cycling_2
1769336822.5531576,-0.687866,-0.126099,-0.684570,12.084965,-10.925293,-17.517090,cycling_2
1769336822.5735972,-0.654541,-0.216919,-0.638062,10.070801,-6.652834,-13.488773,cycling_2
1769336822.5957782,-0.720337,-0.207275,-0.718994,10.437012,-3.662110,-10.742188,cycling_2
1769336822.6149461,-0.788086,-0.200928,-0.706665,10.986328,-1.953125,-8.666992,cycling_2
1769336822.6368015,-0.805542,-0.068970,-0.722046,12.207035,1.281738,-8.300781,cycling_2
1769336822.6567256,-0.681030,-0.109009,-0.704346,10.437012,-0.427246,-15.136723,cycling_2
1769336822.6759398,-0.562134,-0.354614,-0.653320,8.728027,-10.070801,-13.793949,cycling_2
1769336822.6966574,-0.768555,-0.217529,-0.674316,-0.427246,0.122070,-7.446291,cycling_2
1769336822.7140765,-0.714478,-0.206055,-0.713257,-6.347658,3.906251,-5.493164,cycling_2
1769336822.7324774,-0.749023,-0.291260,-0.726563,-7.446291,2.807618,-7.629396,cycling_2
1769336822.7568262,-0.755981,-0.148071,-0.695923,-6.408693,1.525879,-3.356935,cycling_2
1769336822.81835,-0.732544,-0.297729,-0.675049,-7.568361,-1.647950,-6.530764,cycling_2
1769336822.8321786,-0.792603,-0.368896,-0.722046,-8.239746,2.929688,-6.713869,cycling_2
1769336822.8329554,-0.781616,-0.230713,-0.677368,-7.995607,7.202150,0.183106,cycling_2
1769336822.8366165,-0.762573,-0.267700,-0.726196,-9.094238,5.371094,-8.728027,cycling_2
1769336822.858922,-0.844238,-0.230835,-0.720337,-7.812502,5.920412,-9.826660,cycling_2
1769336822.8749328,-0.655640,-0.412231,-0.675415,-10.803223,3.417970,-13.854984,cycling_2
1769336822.89553,-0.663452,-0.511353,-0.660522,-13.732914,10.009766,-4.638672,cycling_2
1769336822.9166002,-0.763306,-0.326416,-0.651123,-18.066406,19.531250,0.549316,cycling_2
1769336822.9348252,-0.588501,-0.414917,-0.571045,-24.475105,16.723633,-1.831055,cycling_2
1769336822.9588077,-0.936279,0.068237,-0.734375,-19.836426,20.263672,5.615236,cycling_2
1769336822.9756596,-0.598755,-0.044800,-0.633423,-20.446777,13.305668,-9.216309,cycling_2
1769336823.0388048,-0.705811,0.146729,-0.739136,-8.422852,12.329105,-0.305176,cycling_2
1769336823.0920355,-0.559814,-0.267578,-0.624146,-1.647950,-5.981447,-13.061527,cycling_2
1769336823.0920355,-0.669434,0.087280,-0.686768,-5.676271,3.784181,-2.319336,cycling_2
1769336823.121716,-0.620483,-0.104248,-0.761353,-8.056641,-5.310059,-15.075687,cycling_2
1769336823.1487494,-0.723267,0.051392,-0.724243,-6.774904,-4.150391,1.037598,cycling_2
1769336823.1518476,-0.545410,-0.024780,-0.738037,-10.925293,-4.455566,-1.708985,cycling_2
1769336823.1547763,-0.676025,-0.034424,-0.784424,-7.690432,-5.065918,0.732422,cycling_2
1769336823.1581187,-0.651367,0.094116,-0.755493,-5.859377,-9.826660,-0.305176,cycling_2
1769336823.1762636,-0.591064,-0.024414,-0.701660,-9.399414,-9.826660,-0.793457,cycling_2
1769336823.199276,-0.602295,-0.167847,-0.719238,-9.826660,-14.465336,-2.990724,cycling_2
1769336823.2182486,-0.704834,0.059692,-0.717163,-5.554201,-11.596684,3.234864,cycling_2
1769336823.2333527,-0.614014,-0.124512,-0.711670,-9.399414,-16.052246,-5.432129,cycling_2
1769336823.257901,-0.588745,-0.360962,-0.757935,-16.418457,-13.732914,1.647950,cycling_2
1769336823.2797678,-0.767090,-0.399170,-0.859497,-27.954109,-9.277344,9.643555,cycling_2
1769336823.2963161,-0.885376,-0.442139,-0.854492,-33.569336,-5.554201,7.202150,cycling_2
1769336823.3150914,-0.817383,-0.305664,-0.751709,-38.146973,3.601075,10.925293,cycling_2
1769336823.3362484,-0.818970,-0.159912,-0.718628,-38.513184,7.019045,7.568361,cycling_2
1769336823.357482,-0.795410,-0.222168,-0.671631,-36.621094,15.380863,1.892090,cycling_2
1769336823.3787117,-1.060791,0.104736,-0.745605,-17.883301,27.160652,4.577637,cycling_2
1769336823.40094,-0.632446,-0.050781,-0.606201,-24.108894,11.291508,-12.329105,cycling_2
1769336823.4162545,-0.479248,-0.297974,-0.619751,-9.094238,10.375977,2.563477,cycling_2
1769336823.4407926,-0.732300,0.254150,-0.666504,4.089355,12.390141,20.568848,cycling_2
1769336823.457067,-0.658081,0.067749,-0.750122,-2.014160,5.676271,-0.793457,cycling_2
1769336823.4758325,-0.542114,0.087646,-0.709595,7.568361,6.530764,13.732914,cycling_2
1769336823.495923,-0.568604,0.015015,-0.729126,-2.685547,-3.417970,1.159668,cycling_2
1769336823.5174613,-0.558350,-0.007935,-0.763428,-4.577637,9.277344,13.793949,cycling_2
1769336823.5425403,-0.601074,0.286133,-0.820679,-5.737307,7.751467,19.226074,cycling_2
1769336823.6120555,-0.618896,0.259888,-0.779907,-8.605957,0.732422,7.812502,cycling_2
1769336823.643607,-0.529541,0.224731,-0.658691,-14.648441,-3.356935,6.408693,cycling_2
1769336823.643607,-0.564819,-0.126221,-0.767700,-20.690918,-9.033203,-0.061035,cycling_2
1769336823.6485722,-0.718506,0.023071,-0.790894,-19.653320,11.596684,21.118164,cycling_2
1769336823.6485722,-0.722412,0.180176,-0.805176,-18.066406,6.286623,8.911133,cycling_2
1769336823.6577017,-0.595459,0.130371,-0.651611,-12.390141,-2.197266,7.934572,cycling_2
1769336823.6788507,-0.695679,0.187378,-0.673462,-7.812502,-9.399414,4.333496,cycling_2
1769336823.698101,-0.740234,-0.035156,-0.777100,-2.441406,-14.465336,-5.187988,cycling_2
1769336823.7185793,-0.793945,0.113281,-0.760132,4.028320,-8.056641,7.324221,cycling_2
1769336823.731813,-0.691895,-0.008545,-0.726807,0.854492,-13.671879,-2.502441,cycling_2
1769336823.7532332,-0.747803,-0.021851,-0.760010,-3.417970,-2.990724,8.544922,cycling_2
1769336823.7771695,-0.656006,-0.246826,-0.741699,-10.864258,-2.502441,1.708985,cycling_2
1769336823.7951832,-0.739014,0.039673,-0.756470,-4.455566,11.413578,17.089844,cycling_2
1769336823.814544,-0.826904,0.320313,-0.814575,-3.051759,12.451176,-0.976563,cycling_2
1769336823.8517277,-0.482178,-0.043579,-0.668213,-4.760742,-5.493164,-17.028809,cycling_2
1769336823.8517277,-0.704346,0.177612,-0.723022,3.845216,5.615236,9.643555,cycling_2
1769336823.8717551,-0.743286,0.227295,-0.729370,-7.324221,-3.112794,-30.639656,cycling_2
1769336823.9187236,-0.547607,-0.321533,-0.706421,1.708985,-15.502934,-19.714355,cycling_2
1769336823.9190545,-0.768921,0.052124,-0.769653,-1.159668,7.446291,10.070801,cycling_2
1769336823.9367273,-0.724243,0.215820,-0.828979,-4.089355,8.300781,-4.821777,cycling_2
1769336823.957353,-0.558594,0.031250,-0.805542,-2.014160,-1.708985,-4.638672,cycling_2
1769336823.97525,-0.579346,-0.062256,-0.651733,4.211426,-9.826660,4.333496,cycling_2
1769336823.998134,-0.685791,0.163330,-0.675903,-2.319336,1.708985,8.239746,cycling_2
1769336824.0197055,-0.733643,0.259521,-0.785645,-0.793457,2.258301,-4.699707,cycling_2
1769336824.03833,-0.578369,0.016357,-0.680054,-2.868653,-8.056641,-11.291508,cycling_2
1769336824.0578048,-0.667603,-0.114746,-0.748535,-4.760742,-0.244141,-0.854492,cycling_2
1769336824.0775225,-0.824829,0.032715,-0.788940,-4.089355,8.666992,5.371094,cycling_2
1769336824.0950303,-0.655029,-0.126221,-0.712524,-8.850098,1.464844,-4.028320,cycling_2
1769336824.1150794,-0.654663,-0.283325,-0.709839,-4.089355,4.882813,7.019045,cycling_2
1769336824.1358135,-0.834717,0.238647,-0.752808,-2.807618,16.357422,12.268070,cycling_2
1769336824.1562855,-0.542847,-0.093506,-0.695801,-9.521484,1.770020,-10.009766,cycling_2
1769336824.1770864,-0.730957,0.006592,-0.792480,-1.647950,8.056641,2.929688,cycling_2
1769336824.2047527,-0.741211,0.256958,-0.739990,-5.065918,12.390141,-6.286623,cycling_2
1769336824.219868,-0.498901,0.154297,-0.694946,-5.310059,2.868653,-14.892582,cycling_2
1769336824.2378147,-0.752319,0.169189,-0.786865,1.342773,-4.516602,-13.549809,cycling_2
1769336824.2536438,-0.670166,0.128540,-0.729248,-3.662110,0.427246,-13.122562,cycling_2
1769336824.2805026,-0.626831,0.114136,-0.787964,-5.554201,-3.173829,-13.549809,cycling_2
1769336824.3011017,-0.623535,0.150879,-0.761719,-6.225588,-2.441406,-6.591799,cycling_2
1769336824.3155038,-0.675537,0.184937,-0.806519,-3.356935,-2.380371,-9.643555,cycling_2
1769336824.3365016,-0.521118,0.015869,-0.619019,-6.530764,-8.972168,-13.854984,cycling_2
1769336824.3561819,-0.492920,-0.020142,-0.719849,-1.098633,-4.272461,0.915528,cycling_2
1769336824.376722,-0.689209,0.456421,-0.773560,9.033203,-0.061035,2.868653,cycling_2
1769336824.392137,-0.434570,0.324585,-0.657227,1.892090,-11.779789,-12.268070,cycling_2
1769336824.411906,-0.645386,-0.108521,-0.706787,17.639160,-20.202637,-2.075195,cycling_2
1769336824.435905,-0.601563,0.184448,-0.621094,7.934572,-9.704590,8.056641,cycling_2
1769336824.454022,-0.652954,0.024170,-0.847046,5.859377,-15.930180,-8.056641,cycling_2
1769336824.4747043,-0.731323,0.173462,-0.777222,14.648441,-10.620117,2.014160,cycling_2
1769336824.4982827,-0.657349,0.007446,-0.766357,10.742188,-22.949226,-10.009766,cycling_2
1769336824.517063,-0.778687,-0.145142,-0.855469,13.244633,-18.005371,-4.760742,cycling_2
1769336824.5397732,-0.867676,0.140747,-0.775879,11.596684,-4.455566,7.019045,cycling_2
1769336824.556031,-0.783936,-0.013306,-0.734619,8.911133,-15.808109,-11.596684,cycling_2
1769336824.5741553,-0.756836,-0.218018,-0.756714,4.150391,-12.634281,-3.845216,cycling_2
1769336824.5944574,-0.854736,-0.016602,-0.791992,1.098633,-0.976563,7.629396,cycling_2
1769336824.614691,-0.638428,-0.197144,-0.675415,-10.009766,-6.042482,-4.028320,cycling_2
1769336824.6353455,-0.721802,-0.172852,-0.779663,-7.873537,3.906251,9.460449,cycling_2
1769336824.6565433,-0.843750,0.086182,-0.710693,-6.835939,5.187988,4.943848,cycling_2
1769336824.6794147,-0.670288,-0.192871,-0.757324,-1.892090,2.197266,-10.009766,cycling_2
1769336824.6925917,-0.623169,-0.120728,-0.671021,0.854492,-1.037598,1.586915,cycling_2
1769336824.7177682,-0.758667,-0.072510,-0.751343,5.798342,6.408693,1.708985,cycling_2
1769336824.7380905,-0.727661,-0.021240,-0.686523,10.131836,1.342773,-7.446291,cycling_2
1769336824.7541,-0.708740,0.102051,-0.661133,6.713869,5.859377,1.403809,cycling_2
1769336824.7772565,-0.805542,-0.011475,-0.825195,11.352543,3.417970,-11.169437,cycling_2
1769336824.795272,-0.621948,-0.169434,-0.608276,-1.464844,2.136230,-1.464844,cycling_2
1769336824.8172665,-0.886353,0.016724,-0.791626,-1.831055,18.066406,15.808109,cycling_2
1769336824.8367949,-0.759888,0.107666,-0.619263,-13.916019,16.235352,-1.525879,cycling_2
1769336824.857344,-0.587646,-0.011108,-0.706299,-13.183598,16.052246,-1.525879,cycling_2
1769336824.8722596,-0.742676,0.191650,-0.687500,-10.498047,11.718754,0.793457,cycling_2
1769336824.8955102,-0.548218,-0.423584,-0.667480,-16.113281,-3.051759,-25.329597,cycling_2
1769336824.9144092,-0.698730,0.048950,-0.722778,-7.568361,22.521980,24.230965,cycling_2
1769336824.9364173,-0.684814,0.065430,-0.769775,-16.235352,12.451176,-31.860359,cycling_2
1769336824.9548006,-0.599121,0.022949,-0.745728,1.342773,8.911133,-7.934572,cycling_2
1769336824.9754078,-0.689941,-0.124146,-0.701660,-1.098633,-6.103518,-19.348145,cycling_2
1769336824.9968462,-0.745972,-0.021362,-0.791138,-4.821777,16.845703,1.342773,cycling_2
1769336825.016875,-0.874390,0.060303,-0.825684,-7.568361,14.587406,-7.751467,cycling_2
1769336825.0364044,-0.702637,-0.008789,-0.765015,-8.789063,16.235352,-6.774904,cycling_2
1769336825.0527172,-0.743774,0.171387,-0.756104,-12.329105,15.014652,-6.835939,cycling_2
1769336825.0731862,-0.565918,-0.167358,-0.689087,-12.817387,8.422852,-7.751467,cycling_2
1769336825.0958803,-0.775146,0.295288,-0.669312,-11.901859,23.193367,9.277344,cycling_2
1769336825.1157668,-0.599487,0.059204,-0.657471,-13.732914,3.967286,-30.456551,cycling_2
1769336825.1355069,-0.475342,0.207764,-0.610840,-2.441406,5.187988,6.469728,cycling_2
1769336825.2035897,-0.667603,0.299927,-0.806641,-0.061035,-1.953125,-14.648441,cycling_2
1769336825.2120144,-0.438965,-0.165527,-0.695435,2.075195,-23.132332,-26.489265,cycling_2
1769336825.2161236,-0.834229,0.084839,-0.846436,0.305176,1.953125,9.094238,cycling_2
1769336825.2161236,-0.754395,0.087524,-0.806763,-3.967286,1.098633,-6.469728,cycling_2
1769336825.2381568,-0.610718,-0.162354,-0.762329,-6.408693,-7.385256,-13.732914,cycling_2
1769336825.2598555,-0.791992,0.004761,-0.827148,-9.704590,10.742188,7.812502,cycling_2
1769336825.2750232,-0.855957,0.084595,-0.766602,-17.883301,10.986328,-14.282230,cycling_2
1769336825.2942927,-0.589844,-0.212036,-0.727905,-17.150879,3.112794,-18.005371,cycling_2
1769336825.316436,-0.801514,0.093994,-0.738403,-14.892582,17.272949,4.699707,cycling_2
1769336825.335724,-0.540405,-0.235840,-0.738281,-17.272949,3.479005,-23.193367,cycling_2
1769336825.3565636,-0.848145,0.140381,-0.752808,-9.094238,17.944336,-0.427246,cycling_2
1769336825.3766198,-0.621826,0.182495,-0.752563,-15.563969,13.977055,-28.503426,cycling_2
1769336825.3970344,-0.417969,-0.137817,-0.686279,-8.422852,-6.164553,-30.334480,cycling_2
1769336825.4205043,-0.651245,-0.008301,-0.681519,-11.230473,2.197266,-13.427738,cycling_2
1769336825.4354193,-0.662720,0.215820,-0.789307,-8.605957,10.803223,-13.122562,cycling_2
1769336825.4546542,-0.497437,0.081665,-0.693115,-6.835939,-6.591799,-21.972656,cycling_2
1769336825.5018036,-0.482422,0.196899,-0.805176,-1.586915,-3.051759,-2.624512,cycling_2
1769336825.5382903,-0.784424,0.346069,-0.824585,-3.784181,-5.615236,-24.353035,cycling_2
1769336825.581922,-0.318115,-0.044922,-0.676147,-4.699707,-17.517090,-27.771004,cycling_2
1769336825.601817,-0.676880,-0.045288,-0.824707,-3.417970,-9.704590,-4.821777,cycling_2
1769336825.6317818,-0.614136,0.034546,-0.746460,-9.338379,-2.014160,-2.563477,cycling_2
1769336825.634201,-0.649658,0.117310,-0.816406,-0.427246,-6.408693,-0.732422,cycling_2
1769336825.6428838,-0.622803,0.032227,-0.746094,-1.831055,-16.479492,-14.343266,cycling_2
1769336825.6428838,-0.558838,0.209473,-0.689331,0.122070,-6.896975,11.718754,cycling_2
1769336825.6428838,-0.868286,0.340942,-0.938232,7.141115,-11.657719,-14.892582,cycling_2
1769336825.6571455,-0.450195,-0.156982,-0.765625,1.647950,-26.000984,-31.005867,cycling_2
1769336825.6774018,-0.620239,-0.175049,-0.801392,0.610352,-14.648441,2.319336,cycling_2
1769336825.6988556,-0.826538,-0.041870,-0.799316,-8.605957,-6.469728,-3.295899,cycling_2
1769336825.7115989,-0.780884,0.000732,-0.833130,-6.408693,2.807618,2.929688,cycling_2
1769336825.733232,-0.557007,-0.348389,-0.763062,-15.258793,-10.009766,-21.240234,cycling_2
1769336825.7555587,-0.636108,-0.259888,-0.686890,-13.122562,3.112794,15.258793,cycling_2
1769336825.772993,-0.957153,0.442871,-0.666870,-10.742188,21.789551,8.605957,cycling_2
1769336825.7950373,-0.392578,-0.236816,-0.692749,-21.484375,-9.948730,-37.658691,cycling_2
1769336825.8171113,-0.653564,-0.189209,-0.706421,-2.258301,-1.037598,14.099125,cycling_2
1769336825.8388004,-0.956543,0.356567,-0.765381,-3.051759,8.300781,-1.586915,cycling_2
1769336825.858949,-0.540039,-0.097290,-0.832886,-0.976563,-3.173829,-6.103518,cycling_2
1769336825.877172,-0.860840,0.102783,-0.810059,-4.638672,0.000000,-8.056641,cycling_2
1769336825.8931403,-0.687378,-0.115356,-0.793823,-13.793949,-0.793457,-22.888191,cycling_2
1769336825.9163227,-0.636108,0.080688,-0.769287,-11.901859,12.329105,1.647950,cycling_2
1769336825.9339662,-0.767578,0.007568,-0.827637,-13.793949,-2.136230,-25.512703,cycling_2
1769336825.9546444,-0.605957,0.035767,-0.709961,-14.221195,10.131836,-0.366211,cycling_2
1769336826.0137823,-0.629883,0.065552,-0.814941,-6.591799,0.976563,-6.408693,cycling_2
1769336826.0218477,-0.604248,-0.061157,-0.713867,-7.141115,-2.685547,-10.314941,cycling_2
1769336826.0218477,-0.648315,0.073486,-0.772339,-5.981447,4.516602,2.624512,cycling_2
1769336826.036777,-0.652466,0.143188,-0.716187,-10.131836,1.586915,-6.591799,cycling_2
1769336826.0572906,-0.489868,-0.201660,-0.756714,-8.117676,-4.699707,-11.840824,cycling_2
1769336826.0740461,-0.736694,0.235962,-0.847168,-0.427246,13.000492,17.150879,cycling_2
1769336826.100215,-0.862915,0.484253,-0.824829,-4.699707,11.291508,-16.052246,cycling_2
1769336826.1139877,-0.402222,-0.440674,-0.769775,-3.173829,-14.648441,-17.272949,cycling_2
1769336826.1358395,-1.001709,0.241943,-0.838867,-3.906251,12.695316,17.822266,cycling_2
1769336826.1565945,-0.680054,0.212158,-0.777466,-14.892582,8.422852,-16.174316,cycling_2
1769336826.1748586,-0.481445,-0.287720,-0.769043,-5.249023,-11.596684,-9.765625,cycling_2
1769336826.1966205,-0.698486,-0.007202,-0.707153,-8.422852,1.342773,20.019531,cycling_2
1769336826.2321281,-0.658691,0.296997,-0.780273,-7.080080,9.033203,11.596684,cycling_2
1769336826.2402377,-0.638428,0.089478,-0.763306,-10.070801,-5.615236,-14.526371,cycling_2
1769336826.2576232,-0.567871,-0.115112,-0.656250,-9.277344,-2.258301,3.112794,cycling_2
1769336826.2734404,-0.665161,0.426147,-0.755493,-3.173829,13.183598,13.244633,cycling_2
1769336826.2956474,-0.649414,0.303589,-0.806274,-2.929688,-6.347658,-29.235847,cycling_2
1769336826.314974,-0.465576,-0.137573,-0.695190,5.432129,-19.042969,-23.071297,cycling_2
1769336826.3394942,-0.669434,0.008545,-0.693726,5.981447,-11.901859,-4.455566,cycling_2
1769336826.356826,-0.669189,0.247925,-0.746948,2.380371,-4.516602,-5.920412,cycling_2
1769336826.3770242,-0.573853,0.031006,-0.784790,5.371094,-22.094727,-19.775391,cycling_2
1769336826.3945866,-0.550659,-0.061279,-0.743530,-0.305176,-19.104004,-6.042482,cycling_2
1769336826.4150822,-0.537598,0.134155,-0.813110,-1.831055,-2.807618,10.070801,cycling_2
1769336826.4367507,-0.775757,0.204590,-0.873047,2.868653,-13.732914,-10.192871,cycling_2
1769336826.4570189,-0.554077,0.188721,-0.717041,-2.136230,-7.324221,-2.990724,cycling_2
1769336826.475557,-0.638550,0.008789,-0.732666,4.821777,-27.038582,-12.878422,cycling_2
1769336826.4952188,-0.752197,0.126831,-0.762573,0.671387,-11.169437,-3.967286,cycling_2
1769336826.5168984,-0.705322,0.268555,-0.842896,7.019045,-10.681152,-5.249023,cycling_2
1769336826.5362046,-0.482666,-0.062744,-0.640625,8.117676,-25.451668,-8.911133,cycling_2
1769336826.5551367,-0.603882,-0.355591,-0.739258,4.577637,-17.944336,2.563477,cycling_2
1769336826.5760205,-0.812744,-0.020996,-0.775391,11.047363,2.563477,15.014652,cycling_2
1769336826.5937984,-0.722168,0.337769,-0.715454,8.789063,6.591799,9.155273,cycling_2
1769336826.6160786,-0.590942,-0.088623,-0.713257,10.192871,-22.216805,-13.488773,cycling_2
1769336826.6340802,-0.668213,-0.244629,-0.676270,18.249512,-11.474613,6.530764,cycling_2
1769336826.6560657,-0.818970,0.345581,-0.742065,14.953617,-6.164553,-9.765625,cycling_2
1769336826.6769357,-0.525146,-0.347412,-0.635010,15.441898,-29.479988,-16.601563,cycling_2
1769336826.6970086,-0.721680,-0.233765,-0.760498,18.737793,-5.981447,7.141115,cycling_2
1769336826.7168512,-0.980103,0.411011,-0.901611,15.930180,14.709476,9.338379,cycling_2
1769336826.7386034,-0.517212,-0.055298,-0.765625,6.530764,-13.549809,-14.282230,cycling_2
1769336826.7576194,-0.628662,-0.253052,-0.817017,8.728027,-12.817387,5.065918,cycling_2
1769336826.7764225,-0.778564,-0.208374,-0.766479,-9.948730,-0.854492,10.742188,cycling_2
1769336826.7946649,-0.910522,0.011475,-0.876099,-0.488281,11.962894,9.826660,cycling_2
1769336826.8176658,-0.640869,-0.098145,-0.693115,-10.559082,-9.277344,-4.089355,cycling_2
1769336826.836258,-0.503418,-0.533936,-0.643921,-3.967286,-17.517090,5.004883,cycling_2
1769336826.8573813,-0.881836,-0.088257,-0.779541,-1.586915,2.502441,21.545410,cycling_2
1769336826.8779433,-0.880493,0.113892,-0.794189,0.915528,11.840824,10.559082,cycling_2
1769336826.8990366,-0.478027,-0.170898,-0.636108,4.455566,-8.666992,4.943848,cycling_2
1769336826.9121034,-0.943481,0.009888,-0.793579,9.155273,2.807618,16.357422,cycling_2
1769336826.941697,-0.731567,0.137939,-0.711792,0.854492,11.840824,13.305668,cycling_2
1769336826.9536269,-0.646973,-0.135986,-0.727417,4.760742,0.793457,7.873537,cycling_2
1769336826.9738426,-0.868164,0.118530,-0.734741,-0.793457,10.437012,12.695316,cycling_2
1769336826.9946048,-0.688354,-0.125610,-0.707764,-10.131836,12.695316,5.920412,cycling_2
1769336827.015441,-0.619629,-0.063232,-0.667603,-14.526371,17.578125,21.972656,cycling_2
1769336827.0366666,-0.824707,0.007935,-0.789307,-15.625004,18.981934,2.807618,cycling_2
1769336827.0519204,-0.471436,-0.001587,-0.613770,-18.432617,19.409180,19.592285,cycling_2
1769336827.0728023,-0.726929,0.064331,-0.720215,-14.099125,15.380863,13.793949,cycling_2
1769336827.0988238,-0.656250,-0.050781,-0.715454,-15.441898,14.221195,9.704590,cycling_2
1769336827.113998,-0.668213,-0.000122,-0.709839,-11.108402,11.535648,17.395020,cycling_2
1769336827.1350715,-0.766846,0.343262,-0.670288,-8.178711,23.559578,18.615723,cycling_2
1769336827.158571,-0.593262,-0.010254,-0.750122,-12.695316,-0.793457,-8.911133,cycling_2
1769336827.176343,-0.796997,0.159668,-0.786377,-5.187988,22.583015,26.184090,cycling_2
1769336827.193299,-0.855103,0.288452,-0.858276,-16.052246,27.404793,-3.784181,cycling_2
1769336827.2178628,-0.478760,-0.271851,-0.652832,-6.896975,-4.455566,-8.666992,cycling_2
1769336827.237807,-0.709595,0.060181,-0.637817,-11.535648,17.639160,20.446777,cycling_2
1769336827.2568047,-0.784546,0.252930,-0.756714,-17.333984,28.198250,-0.061035,cycling_2
1769336827.2767568,-0.518311,-0.003052,-0.705200,-8.422852,2.929688,-8.789063,cycling_2
1769336827.2999222,-0.648438,0.188599,-0.686401,-4.333496,13.549809,-0.549316,cycling_2
1769336827.3235717,-0.494141,0.091431,-0.715332,-9.399414,1.464844,-13.488773,cycling_2
1769336827.3346965,-0.596558,0.041138,-0.781860,-2.441406,1.281738,1.159668,cycling_2
1769336827.356118,-0.843994,0.500366,-0.876099,-6.774904,29.296883,3.479005,cycling_2
1769336827.3784575,-0.479614,-0.126831,-0.775269,-14.526371,-16.296387,-40.954590,cycling_2
1769336827.3936162,-0.527588,-0.296143,-0.627808,-3.051759,-6.530764,-9.948730,cycling_2
1769336827.417974,-0.873291,0.469360,-0.824463,-10.620117,36.621094,16.113281,cycling_2
1769336827.4363174,-0.427734,0.104004,-0.858521,2.868653,-21.057129,-37.719727,cycling_2
1769336827.453994,-0.460083,-0.269287,-0.550537,6.652834,-24.169930,-5.249023,cycling_2
1769336827.4752274,-0.943970,0.270386,-0.825317,-2.685547,10.742188,0.549316,cycling_2
1769336827.4963157,-0.558960,0.241577,-0.800537,-7.202150,3.967286,-18.371582,cycling_2
1769336827.5169237,-0.510376,-0.121338,-0.744385,0.671387,-19.348145,-17.761230,cycling_2
1769336827.5361414,-0.754517,-0.065674,-0.761353,-7.629396,0.793457,0.915528,cycling_2
1769336827.5577192,-0.631714,0.153076,-0.798096,-6.713869,7.141115,-4.028320,cycling_2
1769336827.577155,-0.533447,0.178101,-0.718384,-2.502441,-11.962894,-15.258793,cycling_2
1769336827.5934408,-0.718384,0.100586,-0.804565,2.441406,-8.544922,-13.610844,cycling_2
1769336827.6119332,-0.591064,0.070190,-0.729858,-0.122070,-7.080080,-13.732914,cycling_2
1769336827.6382668,-0.561768,0.081665,-0.728516,0.915528,-11.047363,-8.239746,cycling_2
1769336827.6559427,-0.806763,0.330811,-0.838379,1.892090,-1.831055,-7.995607,cycling_2
1769336827.677276,-0.583862,-0.020264,-0.694580,-0.183106,-23.315437,-32.836914,cycling_2
1769336827.6980252,-0.640137,-0.099731,-0.742432,-8.361816,-2.075195,9.582520,cycling_2
1769336827.7184875,-0.886475,0.450684,-0.855225,-1.892090,8.239746,-2.624512,cycling_2
1769336827.7325387,-0.534058,0.273071,-0.747559,-3.906251,-9.765625,-25.268562,cycling_2
1769336827.75347,-0.506104,-0.440918,-0.810791,14.099125,-32.653809,-29.113777,cycling_2
1769336827.7767262,-0.716797,-0.045654,-0.774536,-2.319336,-0.549316,18.249512,cycling_2
1769336827.794168,-0.780762,0.272583,-0.799072,2.319336,-0.427246,-2.380371,cycling_2
1769336827.8140843,-0.613525,0.097778,-0.754272,-1.403809,-5.493164,-8.422852,cycling_2
1769336827.8359191,-0.670776,-0.154297,-0.685059,-1.464844,-7.690432,-2.075195,cycling_2
1769336827.85751,-0.737915,0.159180,-0.784546,-6.408693,1.342773,2.197266,cycling_2
1769336827.8786333,-0.671509,0.054321,-0.768677,-5.676271,-1.281738,-10.253906,cycling_2
1769336827.898844,-0.580200,-0.209473,-0.701172,-0.732422,-9.216309,-10.314941,cycling_2
1769336827.9128795,-0.731323,0.004883,-0.781494,-2.990724,4.455566,6.225588,cycling_2
1769336827.9334428,-0.720703,0.149536,-0.731812,-4.638672,4.028320,-5.737307,cycling_2
1769336827.956688,-0.579102,-0.237427,-0.757690,1.464844,-8.239746,-10.070801,cycling_2
1769336827.9748347,-0.836914,0.243530,-0.864746,2.380371,12.512211,10.620117,cycling_2
1769336827.9972525,-0.705200,0.169189,-0.664673,-6.469728,-2.441406,-21.179199,cycling_2
1769336828.0167477,-0.551025,-0.322144,-0.651611,-2.380371,-7.812502,-15.869144,cycling_2
1769336828.0386803,-0.869751,-0.014282,-0.802734,-7.385256,5.065918,5.065918,cycling_2
1769336828.0578475,-0.801147,0.243652,-0.846436,-7.873537,18.737793,-3.906251,cycling_2
1769336828.0852535,-0.639404,0.158325,-0.835083,-6.591799,0.671387,-21.667480,cycling_2
1769336828.1347811,-0.596191,-0.295166,-0.692749,-7.080080,-0.244141,5.432129,cycling_2
1769336828.1347811,-0.890869,0.214233,-0.798340,-6.408693,13.793949,6.286623,cycling_2
1769336828.1347811,-0.669312,0.258423,-0.719727,-13.854984,12.878422,-11.596684,cycling_2
1769336828.1518834,-0.473877,-0.228638,-0.680054,-3.356935,-8.300781,-16.784668,cycling_2
1769336828.1762545,-0.667847,0.068726,-0.743530,-3.540040,8.178711,13.549809,cycling_2
1769336828.1936593,-0.756226,0.190796,-0.799072,-9.460449,8.605957,-8.544922,cycling_2
1769336828.2119174,-0.464966,-0.266113,-0.684692,-2.929688,-4.272461,-15.258793,cycling_2
1769336828.2376797,-0.824829,0.317505,-0.776978,-3.662110,10.437012,4.821777,cycling_2
1769336828.255043,-0.603760,0.098999,-0.736694,-9.033203,0.915528,-22.094727,cycling_2
1769336828.2733395,-0.634399,-0.059204,-0.744507,-3.479005,-2.624512,-11.352543,cycling_2
1769336828.2949114,-0.818726,-0.039551,-0.741943,-6.652834,-0.915528,-13.122562,cycling_2
1769336828.3145401,-0.656860,0.089844,-0.743164,-11.169437,10.314941,-6.042482,cycling_2
1769336828.3355973,-0.654541,-0.022461,-0.823853,-7.812502,2.685547,-12.268070,cycling_2
1769336828.3567498,-0.604980,-0.096436,-0.718262,-9.155273,6.958010,-0.610352,cycling_2
1769336828.3763254,-0.769287,0.176514,-0.770874,-7.995607,10.620117,-2.502441,cycling_2
1769336828.398787,-0.640869,0.061890,-0.774902,-8.483887,6.225588,-19.165039,cycling_2
1769336828.4119833,-0.558594,0.056152,-0.737305,-4.760742,4.577637,-6.591799,cycling_2
1769336828.4349692,-0.681274,0.153564,-0.813477,-2.990724,5.187988,-12.146000,cycling_2
1769336828.4541001,-0.596924,0.033203,-0.758789,-3.662110,0.366211,-17.272949,cycling_2
1769336828.474825,-0.665161,0.042603,-0.730835,-3.723145,0.244141,-9.338379,cycling_2
1769336828.4959595,-0.554565,-0.163208,-0.795410,-5.432129,-2.380371,-11.352543,cycling_2
1769336828.5164344,-0.729370,0.291260,-0.734375,-2.258301,7.263186,9.460449,cycling_2
1769336828.5346045,-0.570435,0.266724,-0.765747,-6.835939,4.089355,-13.916019,cycling_2
1769336828.5567253,-0.542480,0.036743,-0.774048,1.037598,-10.742188,-12.146000,cycling_2
1769336828.5761828,-0.730469,0.103149,-0.761841,-0.610352,-9.277344,-7.629396,cycling_2
1769336828.5928826,-0.574219,0.179932,-0.753662,-5.676271,-7.080080,-8.422852,cycling_2
1769336828.6165965,-0.605469,0.013550,-0.772827,-5.920412,-14.770512,-3.173829,cycling_2
1769336828.6351786,-0.667114,0.035034,-0.777344,-7.263186,-11.047363,1.342773,cycling_2
1769336828.654971,-0.618652,0.132935,-0.687378,-11.291508,-11.718754,0.183106,cycling_2
1769336828.673113,-0.571167,0.098267,-0.708740,-10.498047,-11.962894,0.732422,cycling_2
1769336828.697191,-0.669312,0.162964,-0.760864,-4.516602,-9.399414,-0.549316,cycling_2
1769336828.7170596,-0.612061,0.089600,-0.729370,-6.347658,-15.869144,-10.314941,cycling_2
1769336828.7381384,-0.532837,-0.040283,-0.728760,-3.295899,-13.366703,1.464844,cycling_2
1769336828.7539165,-0.750488,0.175537,-0.767456,-3.051759,-12.451176,-3.417970,cycling_2
1769336828.7726638,-0.621704,-0.077271,-0.775391,0.427246,-16.296387,-8.178711,cycling_2
1769336828.798215,-0.710327,0.162354,-0.762207,0.366211,-8.483887,2.319336,cycling_2
1769336828.8141606,-0.660034,0.144653,-0.762695,-0.671387,-12.512211,-7.629396,cycling_2
1769336828.8367083,-0.634033,0.031860,-0.779053,5.920412,-14.221195,-4.760742,cycling_2
1769336828.8556852,-0.762451,0.212891,-0.821655,4.089355,-11.108402,-1.342773,cycling_2
1769336828.8777096,-0.662964,-0.018311,-0.738525,4.455566,-14.099125,-1.831055,cycling_2
1769336828.8980384,-0.706055,0.050171,-0.753540,0.122070,-9.033203,0.061035,cycling_2
1769336828.918004,-0.589355,-0.265503,-0.744629,1.831055,-15.502934,-5.737307,cycling_2
1769336828.93328,-0.734619,0.210571,-0.694580,1.464844,8.789063,18.188477,cycling_2
1769336828.956221,-0.698364,0.320190,-0.714844,-0.305176,-0.488281,-2.502441,cycling_2
1769336829.046265,-0.613037,-0.031982,-0.722046,8.666992,-14.892582,-10.986328,cycling_2
1769336829.0576596,-0.772827,0.228882,-0.745361,13.061527,0.122070,1.770020,cycling_2
1769336829.0733356,-0.612427,0.041382,-0.707886,12.756351,-15.625004,-12.329105,cycling_2
1769336829.0943222,-0.669067,0.026123,-0.724243,20.324707,-11.108402,-7.263186,cycling_2
1769336829.1287649,-0.775269,0.373169,-0.796021,18.615723,1.770020,-5.493164,cycling_2
1769336829.146184,-0.601196,-0.029419,-0.813721,15.869144,-23.437508,-24.475105,cycling_2
1769336829.1718917,-0.583862,-0.128052,-0.749390,18.676758,-14.587406,-5.126953,cycling_2
1769336829.184094,-0.858032,0.212158,-0.804077,18.981934,-7.629396,-7.629396,cycling_2
1769336829.190279,-0.667969,-0.125000,-0.752808,8.056641,-18.615723,-23.132332,cycling_2
1769336829.1917872,-0.742676,0.116943,-0.732178,14.648441,-3.417970,-0.366211,cycling_2
1769336829.1957026,-0.755493,0.107910,-0.724121,11.596684,-13.488773,-16.296387,cycling_2
1769336829.1957026,-0.524414,-0.134888,-0.607422,11.474613,-25.512703,-14.770512,cycling_2
1769336829.2174785,-0.556396,-0.210205,-0.734009,17.761230,-18.859863,-0.122070,cycling_2
1769336829.2372534,-0.859375,0.153320,-0.765869,21.057129,0.305176,2.319336,cycling_2
1769336829.255828,-0.631714,0.054565,-0.657959,18.249512,-10.925293,-8.544922,cycling_2
1769336829.274171,-0.831055,0.022095,-0.734253,25.451668,-6.591799,-1.403809,cycling_2
1769336829.3006203,-0.800415,0.154541,-0.746948,23.437508,-3.173829,-3.540040,cycling_2
1769336829.317388,-0.856201,0.179688,-0.739990,23.986824,-4.333496,1.037598,cycling_2
1769336829.3343964,-0.567993,-0.272339,-0.569092,21.118164,-22.338875,-13.671879,cycling_2
1769336829.3921025,-0.700928,-0.434326,-0.617798,17.395020,-17.883301,-0.732422,cycling_2
1769336829.3921025,-0.878906,0.026367,-0.761108,18.066406,-1.647950,12.695316,cycling_2
1769336829.3921025,-1.010742,0.236328,-0.786255,21.240234,-5.065918,3.662110,cycling_2
1769336829.4181728,-0.517700,-0.574585,-0.707153,17.028809,-16.296387,-8.117676,cycling_2
1769336829.4391332,-0.882568,-0.086914,-0.724365,20.507813,-4.943848,8.483887,cycling_2
1769336829.4547994,-0.829834,-0.129272,-0.690430,13.916019,-0.854492,-5.920412,cycling_2
1769336829.4762692,-0.630371,-0.338379,-0.681030,15.075687,3.845216,-5.432129,cycling_2
1769336829.4947813,-0.694702,-0.150024,-0.702637,18.493652,3.417970,8.666992,cycling_2
1769336829.519381,-0.879517,-0.272217,-0.749512,18.371582,2.380371,-2.624512,cycling_2
1769336829.533285,-0.650635,-0.132324,-0.651001,19.287109,4.089355,11.779789,cycling_2
1769336829.5572393,-0.788208,-0.073730,-0.687500,20.019531,4.333496,11.413578,cycling_2
1769336829.5774574,-0.716064,-0.409546,-0.755005,17.944336,3.356935,3.540040,cycling_2
1769336829.5974114,-0.863892,0.070313,-0.692505,19.775391,8.056641,22.216805,cycling_2
1769336829.614211,-0.694092,-0.128296,-0.603516,10.620117,3.417970,9.582520,cycling_2
1769336829.6342583,-0.895142,0.033203,-0.761719,15.441898,10.559082,14.404301,cycling_2
1769336829.657948,-0.579102,-0.247192,-0.632813,3.601075,0.305176,0.854492,cycling_2
1769336829.6772475,-0.886841,-0.094604,-0.713501,9.521484,9.155273,17.211914,cycling_2
1769336829.6976588,-0.866699,0.080444,-0.649414,6.347658,8.850098,9.338379,cycling_2
1769336829.717849,-0.735962,-0.100464,-0.675903,9.704590,8.178711,-2.441406,cycling_2
1769336829.733117,-0.482056,-0.397949,-0.650391,7.263186,6.286623,3.479005,cycling_2
1769336829.7588742,-0.591064,-0.451660,-0.757324,9.216309,-7.446291,23.559578,cycling_2
1769336829.7774408,-0.807495,-0.278564,-0.746704,9.582520,-4.028320,31.921394,cycling_2
1769336829.797007,-0.991699,0.026245,-0.767090,9.643555,2.380371,10.498047,cycling_2
1769336829.8159533,-0.556885,-0.439453,-0.541260,3.906251,-3.295899,17.578125,cycling_2
1769336829.836406,-1.179443,0.010986,-0.857178,15.625004,18.371582,23.193367,cycling_2
1769336829.8567529,-0.839111,0.055420,-0.663818,2.075195,23.559578,8.605957,cycling_2
1769336829.9004142,-0.513550,-0.242554,-0.594971,5.310059,8.789063,7.873537,cycling_2
1769336829.9019482,-0.736938,-0.293945,-0.586304,3.967286,5.676271,12.084965,cycling_2
1769336829.9144745,-0.887573,-0.032104,-0.649414,-0.610352,18.737793,19.775391,cycling_2
1769336829.9336061,-0.576782,-0.163818,-0.618774,-10.742188,9.887695,-1.281738,cycling_2
1769336829.9569244,-0.468628,-0.589844,-0.656372,-7.324221,2.807618,4.699707,cycling_2
1769336830.0418494,-0.826782,0.178955,-0.697876,0.305176,20.751953,39.367676,cycling_2
1769336830.0521317,-0.674194,0.151245,-0.657837,-10.681152,14.648441,9.216309,cycling_2
1769336830.0856793,-0.415527,-0.224854,-0.602051,-1.953125,-7.202150,8.605957,cycling_2
1769336830.1020563,-0.870850,0.032593,-0.732544,9.094238,0.549316,29.052742,cycling_2
1769336830.1419766,-0.944580,0.207275,-0.617432,-7.446291,5.432129,19.348145,cycling_2
1769336830.1665907,-0.752930,-0.356323,-0.711304,-1.281738,-3.295899,9.155273,cycling_2
1769336830.192634,-0.978394,-0.022827,-0.777100,0.244141,10.803223,18.798828,cycling_2
1769336830.1963274,-0.715576,-0.133667,-0.663940,-18.188477,14.038090,5.493164,cycling_2
1769336830.1963274,-0.612305,-0.196899,-0.665039,-17.211914,15.991215,16.418457,cycling_2
1769336830.205729,-0.859619,-0.051270,-0.682983,-15.502934,12.634281,10.986328,cycling_2
1769336830.2247303,-0.750610,0.085205,-0.692505,-19.958496,26.000984,8.666992,cycling_2
1769336830.2716699,-0.624146,-0.049927,-0.665161,-16.357422,10.314941,4.577637,cycling_2
1769336830.2938056,-0.788452,-0.064575,-0.657715,-12.146000,11.718754,4.211426,cycling_2
1769336830.315804,-0.743408,0.138916,-0.703125,-13.305668,24.841316,10.375977,cycling_2
1769336830.322161,-0.686279,0.180420,-0.754517,-5.554201,15.441898,0.854492,cycling_2
1769336830.3424077,-0.675903,0.174194,-0.725098,-1.525879,3.051759,-5.126953,cycling_2
1769336830.348182,-0.605835,0.193115,-0.676514,-0.427246,4.272461,0.000000,cycling_2
1769336830.3486772,-0.662354,0.106689,-0.679199,-2.990724,-9.338379,-12.390141,cycling_2
1769336830.3486772,-0.707153,0.157104,-0.661255,-5.737307,2.685547,5.798342,cycling_2
1769336830.357831,-0.672607,0.209717,-0.791992,-9.155273,6.408693,-2.380371,cycling_2
1769336830.3719826,-0.535034,0.145874,-0.749878,-6.286623,0.671387,-1.525879,cycling_2
1769336830.3971984,-0.577148,0.078247,-0.752441,-3.601075,-4.089355,-1.647950,cycling_2
1769336830.4148023,-0.678833,0.122437,-0.723633,-6.774904,-0.488281,1.831055,cycling_2
1769336830.435766,-0.753296,0.096313,-0.798218,-4.089355,0.793457,-2.929688,cycling_2
1769336830.4538076,-0.571899,0.047607,-0.670044,0.122070,-8.178711,-4.638672,cycling_2
1769336830.474787,-0.665283,-0.039917,-0.719727,3.051759,-7.629396,1.464844,cycling_2
1769336830.4973335,-0.778931,0.080566,-0.748779,5.920412,-4.760742,2.990724,cycling_2
1769336830.51579,-0.678101,-0.056519,-0.693726,2.380371,-10.070801,-1.525879,cycling_2
1769336830.5371454,-0.701660,-0.078369,-0.765991,6.530764,-2.929688,8.239746,cycling_2
1769336830.557926,-0.733398,0.115601,-0.726318,4.882813,-4.028320,6.469728,cycling_2
1769336830.5788715,-0.640747,-0.026978,-0.750366,0.183106,-5.004883,2.380371,cycling_2
1769336830.5931325,-0.787598,0.229248,-0.795410,2.563477,8.422852,16.052246,cycling_2
1769336830.6134655,-0.700684,-0.020752,-0.679565,-2.929688,-10.803223,-11.047363,cycling_2
1769336830.6359968,-0.655029,-0.259888,-0.654785,-5.493164,-2.014160,1.098633,cycling_2
1769336830.6547456,-0.839233,-0.022827,-0.739136,-8.178711,8.117676,9.826660,cycling_2
1769336830.6766253,-0.704346,-0.196045,-0.774658,-9.643555,8.300781,-2.136230,cycling_2
1769336830.6967778,-0.585083,0.033325,-0.715210,-0.122070,19.042969,21.545410,cycling_2
1769336830.7194204,-0.843262,0.415527,-0.760498,3.784181,13.916019,6.469728,cycling_2
1769336830.7375014,-0.580200,-0.317261,-0.687012,4.638672,-10.131836,-9.277344,cycling_2
1769336830.7587485,-0.897583,-0.015747,-0.788330,1.647950,12.878422,16.723633,cycling_2
1769336830.777603,-0.790039,0.089722,-0.730347,-6.896975,16.479492,1.892090,cycling_2
1769336830.793931,-0.635498,-0.179077,-0.741821,-8.544922,5.920412,2.929688,cycling_2
1769336830.8133569,-0.790894,-0.025513,-0.724854,-10.375977,17.944336,16.357422,cycling_2
1769336830.8364823,-0.645508,0.041504,-0.775391,-18.798828,22.155769,5.554201,cycling_2
1769336830.8564758,-0.685791,0.180298,-0.712036,-11.108402,18.310547,7.507326,cycling_2
1769336830.8778937,-0.593628,0.173462,-0.672852,-14.282230,19.836426,2.075195,cycling_2
1769336830.899355,-0.614380,0.158813,-0.743896,-2.258301,10.498047,-4.028320,cycling_2
1769336830.9183216,-0.676636,0.258789,-0.711548,-0.427246,6.042482,-5.004883,cycling_2
1769336830.9402444,-0.622192,0.021118,-0.689209,3.051759,-10.131836,-12.207035,cycling_2
1769336830.959704,-0.717407,0.048096,-0.720093,3.601075,-3.295899,-2.624512,cycling_2
1769336830.974954,-0.716187,0.027100,-0.779541,-3.295899,-2.014160,-5.493164,cycling_2
1769336830.9957695,-0.726563,0.158081,-0.793579,-6.713869,6.774904,3.967286,cycling_2
1769336831.0296679,-0.624390,0.076538,-0.781372,-12.817387,2.258301,-6.103518,cycling_2
1769336831.0446842,-0.644287,-0.046265,-0.765625,-13.366703,0.366211,-2.685547,cycling_2
1769336831.0587356,-0.740112,0.209229,-0.734009,-16.723633,17.456055,9.765625,cycling_2
1769336831.1521199,-0.643066,0.063477,-0.762329,-16.601563,5.187988,-12.878422,cycling_2
1769336831.161696,-0.575195,-0.060425,-0.704102,-7.934572,0.915528,-15.441898,cycling_2
1769336831.1970675,-0.701904,0.024170,-0.774170,-12.817387,11.840824,-3.112794,cycling_2
1769336831.2139313,-0.693848,0.125854,-0.785889,-2.441406,11.413578,-1.770020,cycling_2
1769336831.403964,-0.666016,0.175659,-0.790405,-0.244141,4.089355,-17.395020,cycling_2
1769336831.4136646,-0.606201,-0.042358,-0.749512,2.014160,-5.249023,-14.770512,cycling_2
1769336831.4136646,-0.756714,0.014282,-0.818481,3.051759,0.488281,-10.437012,cycling_2
1769336831.4136646,-0.685547,0.113525,-0.782715,-4.394531,5.981447,-12.023930,cycling_2
1769336831.4136646,-0.606323,-0.114014,-0.766602,-6.042482,-2.929688,-11.840824,cycling_2
1769336831.4136646,-0.644531,0.133911,-0.761841,-15.930180,13.366703,-2.502441,cycling_2
1769336831.4216647,-0.578125,0.120972,-0.731567,-18.432617,8.911133,-10.253906,cycling_2
1769336831.4251552,-0.470825,-0.095459,-0.653931,-17.761230,-1.037598,-5.187988,cycling_2
1769336831.4262867,-0.676392,0.164551,-0.700195,-14.953617,8.178711,5.126953,cycling_2
1769336831.4287694,-0.698120,0.316040,-0.779297,-8.544922,10.437012,-9.948730,cycling_2
1769336831.4309473,-0.470825,0.199829,-0.772339,-1.831055,-9.338379,-24.597176,cycling_2
1769336831.4309473,-0.405518,0.185669,-0.753784,4.638672,-13.916019,-10.070801,cycling_2
1769336831.4329274,-0.567017,0.147949,-0.741333,-2.746582,-13.732914,-13.732914,cycling_2
1769336831.433991,-0.627930,0.222412,-0.872437,4.516602,-10.253906,-5.371094,cycling_2
1769336831.433991,-0.782104,0.277710,-0.857666,-0.671387,-14.892582,-22.094727,cycling_2
1769336831.4583223,-0.435425,-0.220337,-0.679565,4.211426,-24.963387,-22.888191,cycling_2
1769336831.4749522,-0.507690,-0.068848,-0.733643,-3.417970,-14.404301,11.413578,cycling_2
1769336831.4967465,-0.754028,0.342773,-0.820190,-1.708985,-3.723145,13.854984,cycling_2
1769336831.516178,-0.570923,-0.041626,-0.724976,5.126953,-20.996094,-5.493164,cycling_2
1769336831.5370984,-0.539673,0.137085,-0.736206,4.516602,-14.465336,12.207035,cycling_2
1769336831.558127,-0.719971,0.280151,-0.768188,6.896975,-24.292000,-2.746582,cycling_2
1769336831.5778904,-0.566406,-0.049072,-0.653564,7.385256,-29.235847,-13.732914,cycling_2
1769336831.5989811,-0.630005,-0.000122,-0.750000,6.103518,-19.470215,2.685547,cycling_2
1769336831.6166868,-0.800903,0.000977,-0.779663,9.521484,-23.254402,-8.483887,cycling_2
1769336831.6372483,-0.606079,-0.026489,-0.716797,5.371094,-13.427738,0.488281,cycling_2
1769336831.6576054,-0.809937,0.160278,-0.788696,13.000492,-22.766121,-7.873537,cycling_2
1769336831.6749587,-0.636353,-0.126709,-0.725220,12.084965,-25.695808,-10.742188,cycling_2
1769336831.6931012,-0.698975,-0.135986,-0.771606,10.498047,-18.127441,3.662110,cycling_2
1769336831.7181664,-0.827515,0.072021,-0.775024,6.896975,-14.892582,3.662110,cycling_2
1769336831.737154,-0.738281,-0.031372,-0.760742,3.051759,-12.573246,-2.136230,cycling_2
1769336831.755961,-0.676147,-0.089478,-0.690796,1.831055,-11.718754,3.540040,cycling_2
1769336831.7788277,-0.721802,-0.106934,-0.781982,1.037598,-6.774904,3.845216,cycling_2
1769336831.8007872,-0.708984,-0.057007,-0.758423,-0.061035,-8.239746,5.065918,cycling_2
1769336831.8149855,-0.615723,-0.173340,-0.611206,-0.549316,-6.713869,11.352543,cycling_2
1769336831.8988137,-0.819946,0.159790,-0.760986,6.164553,-0.305176,11.413578,cycling_2
1769336831.9018524,-0.739502,0.232544,-0.767700,7.446291,-3.112794,-3.662110,cycling_2
1769336831.9037528,-0.531006,-0.052612,-0.687744,10.620117,-11.779789,-1.831055,cycling_2
1769336831.9259446,-0.655518,0.006470,-0.748291,15.625004,-6.713869,8.911133,cycling_2
1769336831.9326918,-0.756348,0.134033,-0.715454,12.573246,-3.540040,1.037598,cycling_2
1769336831.9535782,-0.798462,0.145996,-0.738647,11.657719,-1.281738,3.051759,cycling_2
1769336831.9621086,-0.722290,-0.043823,-0.638428,10.986328,-6.835939,-1.403809,cycling_2
1769336831.9762294,-0.684326,-0.032715,-0.626099,2.929688,-2.197266,6.164553,cycling_2
1769336831.995495,-0.710938,0.040405,-0.691406,6.530764,9.887695,11.230473,cycling_2
1769336832.0165663,-0.859985,0.286133,-0.701172,2.197266,17.578125,5.859377,cycling_2
1769336832.0371747,-0.458374,-0.048706,-0.616089,2.685547,3.112794,4.028320,cycling_2
1769336832.1017053,-0.843506,0.352783,-0.783325,12.939457,5.126953,4.150391,cycling_2
1769336832.118293,-0.681885,0.092773,-0.708740,6.591799,-10.437012,-20.202637,cycling_2
1769336832.166058,-0.564209,-0.067017,-0.668213,14.831547,-9.704590,-7.751467,cycling_2
1769336832.1917837,-0.774048,0.094116,-0.718262,16.296387,-3.967286,-10.681152,cycling_2
1769336832.2117453,-0.739502,0.034180,-0.717285,14.770512,-2.807618,-13.427738,cycling_2
1769336832.2369037,-0.736816,-0.049927,-0.721069,18.737793,-7.446291,-10.681152,cycling_2
1769336832.2761698,-0.760498,0.020142,-0.767944,26.672371,-2.685547,-7.080080,cycling_2
1769336832.2761698,-0.682373,-0.040161,-0.706055,22.705086,-12.695316,-13.732914,cycling_2
1769336832.281642,-0.619507,-0.199463,-0.660278,24.597176,-11.779789,-6.713869,cycling_2
1769336832.281642,-0.797363,0.000977,-0.757202,26.000984,-0.732422,-2.624512,cycling_2
1769336832.281642,-0.677490,-0.000366,-0.718018,22.277840,-5.432129,-3.662110,cycling_2
1769336832.281642,-0.719727,-0.039795,-0.778076,30.151375,-8.056641,4.150391,cycling_2
1769336832.2933784,-0.626953,0.025757,-0.627563,28.259285,-10.681152,6.103518,cycling_2
1769336832.3139272,-0.755493,-0.176392,-0.747314,27.771004,-14.038090,-0.122070,cycling_2
1769336832.334879,-0.746826,-0.162231,-0.731689,29.846199,-13.916019,2.868653,cycling_2
1769336832.355456,-0.652344,-0.139282,-0.647827,30.334480,-19.042969,14.099125,cycling_2
1769336832.3760536,-0.826782,-0.221558,-0.695190,25.451668,-17.517090,5.981447,cycling_2
1769336832.4217193,-0.874634,-0.090942,-0.710815,20.507813,-5.615236,12.512211,cycling_2
1769336832.4664068,-0.757202,-0.117432,-0.689087,14.221195,-10.437012,6.958010,cycling_2
1769336832.4952636,-0.774902,-0.118408,-0.788574,9.582520,-2.075195,17.150879,cycling_2
1769336832.5190146,-1.027100,0.061157,-0.835449,9.887695,3.540040,4.211426,cycling_2
1769336832.5232828,-0.559204,-0.263916,-0.599976,-1.831055,-8.239746,1.586915,cycling_2
1769336832.5291739,-0.618774,-0.606079,-0.615356,2.380371,-10.131836,11.108402,cycling_2
1769336832.5318956,-1.136230,-0.008789,-0.732910,0.915528,12.451176,17.211914,cycling_2
1769336832.537786,-0.954712,0.093018,-0.754761,-4.699707,24.169930,8.911133,cycling_2
1769336832.5568311,-0.531128,-0.303467,-0.702148,1.708985,1.831055,-2.685547,cycling_2
1769336832.5751114,-0.980469,-0.040039,-0.607422,13.610844,12.573246,23.559578,cycling_2
1769336832.5962398,-0.938965,0.046631,-0.580933,-1.037598,20.690918,2.868653,cycling_2
1769336832.6160312,-0.679932,-0.060547,-0.663086,6.408693,20.080566,3.601075,cycling_2
1769336832.6369722,-0.726318,0.073608,-0.627808,13.000492,12.390141,7.080080,cycling_2
1769336832.7191179,-0.718506,-0.073486,-0.640991,10.314941,6.958010,-0.549316,cycling_2
1769336832.7430274,-0.689331,0.096069,-0.633179,13.000492,9.704590,11.230473,cycling_2
1769336832.7656074,-0.731323,0.004883,-0.631470,10.314941,1.464844,3.234864,cycling_2
1769336832.787016,-0.721191,-0.023560,-0.653320,9.887695,6.225588,8.422852,cycling_2
1769336832.8382564,-0.718018,0.068970,-0.645508,8.972168,2.075195,8.789063,cycling_2
1769336832.860592,-0.697998,0.067505,-0.632935,6.958010,-3.234864,6.713869,cycling_2
1769336832.8839538,-0.740723,0.000122,-0.629517,3.112794,-1.647950,2.502441,cycling_2
1769336832.898353,-0.617310,-0.216919,-0.615112,-2.990724,-4.028320,1.525879,cycling_2
1769336833.0531058,-0.811157,-0.065063,-0.717407,-1.403809,2.624512,11.413578,cycling_2
1769336833.0531058,-0.665283,-0.170166,-0.645752,-5.615236,-3.417970,0.183106,cycling_2
1769336833.0640843,-0.647827,-0.195801,-0.647461,-4.577637,-4.699707,6.835939,cycling_2
1769336833.0640843,-0.879028,-0.191528,-0.754639,-10.620117,2.685547,1.770020,cycling_2
1769336833.0640843,-0.857300,-0.425903,-0.748779,-10.559082,4.333496,-7.751467,cycling_2
1769336833.0640843,-0.844116,-0.138794,-0.700317,-7.019045,10.437012,11.413578,cycling_2
1769336833.072855,-0.819580,-0.286011,-0.694458,-8.666992,3.723145,-7.568361,cycling_2
1769336833.072855,-0.862671,-0.177124,-0.637939,-0.305176,12.634281,10.559082,cycling_2
1769336833.0752373,-0.849487,-0.165283,-0.636841,-3.234864,8.239746,-0.061035,cycling_2
1769336833.0754323,-0.807495,-0.283203,-0.628784,3.417970,6.286623,-3.173829,cycling_2
1769336833.0790246,-0.844360,-0.115479,-0.653564,1.464844,9.399414,1.342773,cycling_2
1769336833.0790246,-0.732300,-0.173950,-0.625122,-3.356935,9.826660,-9.643555,cycling_2
1769336833.0820236,-0.698242,-0.102783,-0.625732,-4.211426,11.840824,-5.432129,cycling_2
1769336833.0845997,-0.768921,-0.045532,-0.604004,-11.230473,15.136723,-11.474613,cycling_2
1769336833.0928762,-0.647217,-0.007935,-0.624512,-16.967773,16.967773,-8.972168,cycling_2
1769336833.1172068,-0.630615,-0.123779,-0.630737,-18.310547,9.582520,-9.704590,cycling_2
1769336833.1334276,-0.678223,-0.031372,-0.664795,-15.380863,14.465336,4.699707,cycling_2
1769336833.2192059,-0.806885,0.011108,-0.712524,-17.517090,12.329105,-7.629396,cycling_2
1769336833.2354047,-0.670532,0.057861,-0.685181,-16.357422,15.197758,-3.845216,cycling_2
1769336833.258674,-0.641724,0.124512,-0.689209,-14.587406,10.314941,-4.333496,cycling_2
1769336833.2619658,-0.628662,-0.147583,-0.697632,-14.648441,-0.976563,-16.601563,cycling_2
1769336833.269147,-0.725830,0.139648,-0.720947,-6.225588,7.995607,6.896975,cycling_2
1769336833.271691,-0.646240,0.057129,-0.686035,-10.925293,5.126953,-5.126953,cycling_2
1769336833.2740028,-0.655640,0.021362,-0.694580,-6.347658,0.610352,0.854492,cycling_2
1769336833.2927084,-0.706421,0.086426,-0.675659,-8.361816,0.061035,3.112794,cycling_2
1769336833.3141556,-0.685303,0.069092,-0.721680,-12.329105,5.371094,1.281738,cycling_2
1769336833.3339949,-0.707397,-0.045776,-0.733765,-15.625004,1.586915,-6.408693,cycling_2
1769336833.3571112,-0.516846,-0.087158,-0.685913,-19.104004,1.098633,9.338379,cycling_2
1769336833.3720245,-0.839478,0.058350,-0.902710,-13.244633,13.244633,14.404301,cycling_2
1769336833.397615,-0.918823,0.394653,-0.790894,-17.761230,17.517090,1.098633,cycling_2
1769336833.417771,-0.293091,-0.237549,-0.709961,-13.977055,-17.089844,-18.371582,cycling_2
1769336833.4382179,-0.587280,-0.000122,-0.757568,-10.314941,2.868653,26.184090,cycling_2
1769336833.4561443,-1.141113,0.489380,-0.781494,-6.347658,10.925293,-2.746582,cycling_2
1769336833.511954,-0.443726,-0.197998,-0.615723,-12.207035,-12.207035,-31.066902,cycling_2
1769336833.543947,-0.775391,0.186523,-0.798096,3.784181,10.131836,27.954109,cycling_2
1769336833.5522332,-0.874023,0.406860,-0.706909,-0.427246,14.160160,-2.441406,cycling_2
1769336833.5802777,-0.453247,0.050171,-0.711426,2.380371,-8.056641,-8.544922,cycling_2
1769336833.5855708,-0.651367,0.045654,-0.760376,11.779789,-8.239746,3.234864,cycling_2
1769336833.5896332,-0.686035,0.193726,-0.728760,7.507326,-5.371094,-3.601075,cycling_2
1769336833.6093295,-0.524292,0.039551,-0.721680,5.737307,-10.864258,-5.554201,cycling_2
1769336833.614989,-0.695557,0.104126,-0.687744,3.784181,-8.239746,1.892090,cycling_2
1769336833.6379642,-0.633057,-0.031006,-0.777222,4.089355,-12.695316,2.197266,cycling_2
1769336833.6540055,-0.708862,0.030884,-0.764648,6.347658,-13.732914,4.699707,cycling_2
1769336833.6762166,-0.863037,0.263916,-0.794922,7.934572,-6.835939,-2.319336,cycling_2
1769336833.6951375,-0.498779,-0.129150,-0.710693,5.371094,-20.263672,-10.437012,cycling_2
1769336833.7171612,-0.567993,-0.282593,-0.763306,5.676271,-16.845703,7.934572,cycling_2
1769336833.737156,-0.880005,0.162720,-0.824707,8.728027,-1.586915,13.610844,cycling_2
1769336833.7546988,-0.685181,0.013062,-0.713989,13.732914,-17.578125,1.647950,cycling_2
1769336833.7855241,-0.783569,-0.031494,-0.738892,17.639160,-22.033691,2.441406,cycling_2
1769336833.7937636,-0.692871,-0.165527,-0.791992,13.793949,-19.226074,2.441406,cycling_2
1769336833.8318243,-0.665649,-0.250610,-0.789063,17.150879,-19.714355,12.695316,cycling_2
1769336833.8395333,-0.820801,0.015503,-0.787842,18.310547,-9.216309,18.920898,cycling_2
1769336833.8594904,-0.817993,0.221313,-0.707153,16.052246,-4.760742,10.437012,cycling_2
1769336833.878794,-0.612549,-0.150146,-0.693726,13.610844,-10.681152,10.925293,cycling_2
1769336833.901971,-0.866455,0.084229,-0.839355,11.169437,-2.563477,12.207035,cycling_2
1769336833.9181795,-0.653687,-0.152222,-0.728882,3.601075,-7.080080,4.760742,cycling_2
1769336833.9384534,-0.614502,-0.227905,-0.613403,3.845216,-0.427246,22.399910,cycling_2
1769336834.0119524,-0.866821,0.130127,-0.679688,4.272461,5.859377,20.568848,cycling_2
1769336834.044079,-0.661377,0.123535,-0.633057,-0.427246,3.845216,11.840824,cycling_2
1769336834.061765,-0.638550,-0.078979,-0.701050,8.605957,-4.516602,12.146000,cycling_2
1769336834.100333,-0.757813,0.231323,-0.665771,6.164553,9.094238,16.845703,cycling_2
1769336834.116623,-0.693726,0.077026,-0.687134,9.155273,4.211426,3.906251,cycling_2
1769336834.141096,-0.698608,-0.017578,-0.655884,9.033203,5.798342,2.807618,cycling_2
1769336834.1621482,-0.761841,-0.060547,-0.687256,2.563477,9.094238,5.737307,cycling_2
1769336834.2017603,-0.743530,0.033813,-0.702271,6.591799,15.258793,5.859377,cycling_2
1769336834.253697,-0.651855,0.269409,-0.653809,1.831055,13.488773,7.568361,cycling_2
1769336834.253697,-0.696777,0.015015,-0.790771,6.042482,4.760742,-6.408693,cycling_2
1769336834.2816966,-0.639893,0.213379,-0.673706,8.850098,7.324221,13.122562,cycling_2
1769336834.2816966,-0.663574,-0.041626,-0.733398,7.324221,-2.502441,-0.183106,cycling_2
1769336834.2816966,-0.746948,-0.048584,-0.814453,11.962894,2.319336,4.516602,cycling_2
1769336834.2862637,-0.650757,0.034668,-0.713989,9.338379,5.249023,13.916019,cycling_2
1769336834.2882733,-0.722290,-0.013916,-0.744385,9.216309,2.807618,7.568361,cycling_2
1769336834.2907965,-0.672119,-0.040527,-0.652344,8.728027,-0.976563,11.535648,cycling_2
1769336834.2936494,-0.781250,0.034180,-0.744629,10.070801,-0.915528,6.774904,cycling_2
1769336834.2936494,-0.708374,-0.079834,-0.747192,12.084965,-1.586915,6.286623,cycling_2
1769336834.3169348,-0.777344,-0.007080,-0.790649,14.038090,0.671387,5.065918,cycling_2
1769336834.3356006,-0.656250,-0.195313,-0.700317,11.901859,-1.525879,0.488281,cycling_2
1769336834.3552656,-0.726440,-0.053101,-0.723999,12.573246,1.831055,7.995607,cycling_2
1769336834.3768501,-0.799683,-0.031860,-0.750488,10.620117,0.732422,0.671387,cycling_2
1769336834.398025,-0.759277,-0.013672,-0.732178,13.366703,2.380371,3.906251,cycling_2
1769336834.416621,-0.705322,-0.025391,-0.722168,12.207035,-0.915528,0.183106,cycling_2
1769336834.4368696,-0.716553,-0.021118,-0.745728,11.108402,3.540040,2.197266,cycling_2
1769336834.453619,-0.789917,0.127197,-0.759033,9.399414,8.056641,2.929688,cycling_2
1769336834.4750025,-0.618164,-0.246948,-0.748657,8.178711,-0.732422,-7.995607,cycling_2
1769336834.4935527,-0.648560,0.011963,-0.691406,9.948730,4.333496,10.803223,cycling_2
1769336834.5164347,-0.706299,0.104858,-0.713257,7.690432,4.821777,1.647950,cycling_2
1769336834.5366452,-0.607422,-0.040405,-0.684937,12.146000,-0.122070,11.108402,cycling_2
1769336834.5573514,-0.742310,0.166626,-0.719604,12.573246,1.403809,10.681152,cycling_2
1769336834.5720189,-0.652222,-0.007690,-0.699951,11.657719,-5.371094,3.906251,cycling_2
1769336834.598528,-0.666870,-0.092163,-0.746704,12.329105,-3.906251,9.521484,cycling_2
1769336834.6142168,-0.760010,0.129272,-0.744141,12.695316,2.014160,12.817387,cycling_2
1769336834.6420789,-0.611694,-0.008789,-0.687134,9.704590,-10.375977,6.042482,cycling_2
1769336834.6561956,-0.683350,-0.161743,-0.730225,11.047363,-15.869144,5.981447,cycling_2
1769336834.6759632,-0.805786,0.138550,-0.737915,12.451176,-14.038090,15.991215,cycling_2
1769336834.6976886,-0.680298,-0.052002,-0.698730,7.751467,-24.292000,1.770020,cycling_2
1769336834.7224689,-0.720581,-0.137329,-0.738281,10.314941,-16.601563,7.507326,cycling_2
1769336834.7417746,-0.885376,0.107178,-0.770020,10.009766,-5.065918,10.253906,cycling_2
1769336834.7571704,-0.698364,-0.311646,-0.734497,2.502441,-15.930180,-4.516602,cycling_2
1769336834.7737389,-0.721802,-0.259521,-0.686279,7.995607,-0.305176,17.272949,cycling_2
1769336834.802626,-0.975830,0.055176,-0.698853,4.272461,4.394531,13.061527,cycling_2
1769336834.8846729,-0.713623,-0.165283,-0.661987,1.281738,7.385256,6.042482,cycling_2
1769336834.903523,-0.812500,-0.040283,-0.677368,-0.549316,11.291508,10.620117,cycling_2
1769336834.9259973,-0.819702,0.061646,-0.704224,-1.770020,16.357422,5.310059,cycling_2
1769336834.9539013,-0.643433,-0.001343,-0.627563,-1.892090,9.826660,1.037598,cycling_2
1769336835.091826,-0.681030,0.025391,-0.595337,-2.136230,9.521484,4.211426,cycling_2
1769336835.091826,-0.722290,-0.046509,-0.650391,-2.929688,7.446291,-3.356935,cycling_2
1769336835.1120088,-0.689941,0.211182,-0.643799,-1.525879,8.300781,0.366211,cycling_2
1769336835.1519425,-0.585083,-0.108765,-0.651489,-4.394531,-3.356935,-9.643555,cycling_2
1769336835.1618087,-0.704224,-0.076538,-0.703247,-0.305176,5.432129,9.826660,cycling_2
1769336835.1651418,-0.851929,0.111328,-0.762695,-4.394531,13.366703,7.385256,cycling_2
1769336835.1689525,-0.608887,-0.099365,-0.685913,-9.033203,3.662110,0.610352,cycling_2
1769336835.1705413,-0.636963,-0.208252,-0.750000,-4.516602,1.525879,11.230473,cycling_2
1769336835.1705413,-0.870850,0.142578,-0.768677,-7.263186,17.456055,17.028809,cycling_2
1769336835.1726599,-0.677612,-0.013306,-0.819702,-11.047363,10.864258,1.220703,cycling_2
1769336835.1726599,-0.876099,-0.015747,-0.874268,-2.441406,10.437012,4.028320,cycling_2
1769336835.178728,-0.819092,0.080322,-0.773804,-7.019045,13.366703,2.868653,cycling_2
1769336835.1790352,-0.700073,-0.112671,-0.748901,-6.896975,3.906251,-2.197266,cycling_2
1769336835.1790352,-0.804565,-0.173950,-0.722046,-7.446291,9.033203,0.732422,cycling_2
1769336835.1790352,-0.736084,-0.159180,-0.730103,-13.244633,17.395020,7.263186,cycling_2
1769336835.1956596,-0.747070,0.083496,-0.740356,-10.375977,21.606445,4.821777,cycling_2
1769336835.2186532,-0.544189,0.047852,-0.683105,-12.695316,16.967773,3.112794,cycling_2
1769336835.2380936,-0.689331,0.020142,-0.748535,-5.004883,17.517090,1.770020,cycling_2
1769336835.2658637,-0.625610,0.171143,-0.612061,-7.934572,11.291508,3.234864,cycling_2
1769336835.2720585,-0.731689,-0.082642,-0.644043,-10.131836,13.732914,-6.530764,cycling_2
1769336835.2963705,-0.842163,0.023560,-0.836548,-8.300781,23.010262,-3.845216,cycling_2
1769336835.3519783,-0.627319,0.066406,-0.742798,-12.634281,22.277840,-4.821777,cycling_2
1769336835.3519783,-0.627930,0.122681,-0.675781,-11.840824,18.676758,-2.624512,cycling_2
1769336835.3519783,-0.706543,-0.057007,-0.775757,-13.732914,20.263672,-10.009766,cycling_2
1769336835.376151,-0.541504,0.056519,-0.705444,-14.709476,22.460945,1.586915,cycling_2
1769336835.397634,-0.584473,0.107788,-0.670410,-11.840824,14.831547,-0.610352,cycling_2
1769336835.4131317,-0.655518,0.036011,-0.764160,-8.483887,17.333984,-6.652834,cycling_2
1769336835.4370787,-0.611328,0.332520,-0.695801,-3.173829,13.427738,-1.464844,cycling_2
1769336835.4588714,-0.426880,0.262695,-0.660156,2.319336,2.197266,-13.000492,cycling_2
1769336835.4774733,-0.586670,0.327881,-0.794678,11.047363,-1.647950,-8.483887,cycling_2
1769336835.4957297,-0.477051,0.386108,-0.767212,12.817387,-6.347658,-17.578125,cycling_2
1769336835.5157704,-0.335327,0.298828,-0.666992,14.770512,-20.141602,-22.094727,cycling_2
1769336835.5382495,-0.547729,0.241455,-0.765015,20.996094,-28.625496,-23.071297,cycling_2
1769336835.5568292,-0.650391,0.170898,-0.821411,22.033691,-25.024422,-24.414070,cycling_2
1769336835.5771472,-0.451172,0.042603,-0.621948,21.240234,-33.386230,-23.925789,cycling_2
1769336835.5981603,-0.713013,-0.031616,-0.836304,19.409180,-27.587898,-7.141115,cycling_2
1769336835.6188903,-0.682495,-0.027466,-0.782959,15.075687,-23.315437,-8.178711,cycling_2
1769336835.6335802,-0.535034,-0.148926,-0.686035,10.681152,-25.878914,-5.676271,cycling_2
1769336835.6549408,-0.891235,-0.089600,-0.897949,11.352543,-21.667480,-4.211426,cycling_2
1769336835.676322,-0.672729,0.079956,-0.693604,5.187988,-18.615723,-1.098633,cycling_2
1769336835.6960208,-0.409546,-0.065552,-0.643555,-0.854492,-21.057129,0.244141,cycling_2
1769336835.7170057,-0.756958,-0.213013,-0.837769,3.417970,-25.451668,-0.610352,cycling_2
1769336835.7368414,-0.878662,-0.131470,-0.823975,5.554201,-10.864258,5.676271,cycling_2
1769336835.7587707,-0.750122,-0.153198,-0.792114,4.455566,-6.530764,0.122070,cycling_2
1769336835.7767265,-0.626709,-0.284180,-0.643921,5.187988,-11.535648,-3.540040,cycling_2
1769336835.861751,-0.789185,-0.303711,-0.753906,5.065918,-8.911133,4.272461,cycling_2
1769336835.8848982,-0.826172,-0.189087,-0.800293,4.272461,2.258301,9.338379,cycling_2
1769336835.9034855,-0.709717,-0.139771,-0.753418,6.652834,1.708985,3.112794,cycling_2
1769336835.9250822,-0.638672,-0.001343,-0.697021,9.155273,-5.432129,11.962894,cycling_2
1769336836.1217868,-0.750366,0.098755,-0.737671,10.803223,-5.004883,5.432129,cycling_2
1769336836.1217868,-0.622437,-0.011108,-0.652832,7.995607,-8.178711,-0.610352,cycling_2
1769336836.1217868,-0.689209,-0.067383,-0.759399,8.789063,-6.591799,2.990724,cycling_2
1769336836.2321258,-0.752075,0.051392,-0.789063,9.277344,-4.821777,7.873537,cycling_2
1769336836.2321258,-0.602905,-0.043457,-0.591919,-0.061035,-7.934572,2.929688,cycling_2
1769336836.2321258,-0.660645,-0.345825,-0.825317,-0.915528,-1.831055,-2.624512,cycling_2
1769336836.2369251,-0.795166,0.084351,-0.678589,2.075195,-2.685547,16.357422,cycling_2
1769336836.2375,-0.645874,0.124756,-0.670532,-1.464844,0.610352,8.056641,cycling_2
1769336836.2375,-0.705688,0.033447,-0.759644,4.455566,-9.094238,-4.333496,cycling_2
1769336836.2403648,-0.696289,-0.006348,-0.714233,5.981447,-8.728027,3.601075,cycling_2
1769336836.240851,-0.733521,-0.062744,-0.725952,3.845216,-7.324221,2.502441,cycling_2
1769336836.2470057,-0.658447,-0.130127,-0.701904,-0.671387,-2.807618,0.122070,cycling_2
1769336836.2470057,-0.815552,-0.025635,-0.804810,-0.061035,2.258301,10.559082,cycling_2
1769336836.248009,-0.703735,-0.101318,-0.713989,-5.981447,7.629396,6.469728,cycling_2
1769336836.248009,-0.737183,-0.042236,-0.727051,0.122070,3.906251,8.605957,cycling_2
1769336836.248994,-0.751099,0.151733,-0.591553,0.061035,3.967286,11.108402,cycling_2
1769336836.248994,-0.641968,-0.248779,-0.558594,-9.460449,2.502441,-6.958010,cycling_2
1769336836.2505362,-0.768188,-0.242188,-0.743408,-1.098633,10.498047,5.737307,cycling_2
1769336836.2543578,-0.892456,0.332886,-0.831055,10.864258,21.362305,16.845703,cycling_2
1769336836.2543578,-0.414673,0.005371,-0.711548,12.268070,-4.638672,-9.643555,cycling_2
1769336836.2755723,-0.565674,0.135620,-0.686035,22.766121,-8.117676,2.197266,cycling_2
1769336836.293173,-0.751587,0.191528,-0.725830,16.845703,-3.784181,0.061035,cycling_2
1769336836.3148615,-0.640259,0.102051,-0.649414,11.352543,-4.577637,-7.324221,cycling_2
1769336836.3344839,-0.631226,-0.109619,-0.712036,10.925293,-9.521484,-0.976563,cycling_2
1769336836.356721,-0.844849,-0.115845,-0.794800,14.587406,-10.009766,-1.708985,cycling_2
1769336836.3771992,-0.637573,-0.024170,-0.619873,9.460449,-9.216309,8.544922,cycling_2
1769336836.396954,-0.780396,-0.209717,-0.788086,13.183598,-12.268070,2.441406,cycling_2
1769336836.4195795,-0.796021,-0.011841,-0.743530,17.028809,-7.446291,7.446291,cycling_2
1769336836.4364283,-0.700439,-0.124268,-0.676270,15.930180,-11.596684,2.746582,cycling_2
1769336836.453411,-0.775024,-0.242920,-0.691528,15.136723,-7.568361,-0.793457,cycling_2
1769336836.4761496,-0.799561,-0.229736,-0.803589,15.747074,-1.647950,3.784181,cycling_2
1769336836.4963157,-0.800659,0.068604,-0.712524,14.953617,2.197266,13.183598,cycling_2
1769336836.5167892,-0.764526,-0.233765,-0.707764,9.887695,-4.272461,-7.934572,cycling_2
1769336836.537112,-0.806152,-0.084961,-0.695557,8.422852,3.540040,2.685547,cycling_2
1769336836.557441,-0.697144,-0.158813,-0.689697,-0.915528,4.943848,1.586915,cycling_2
1769336836.5774183,-0.783691,-0.307495,-0.747192,0.793457,3.234864,-5.432129,cycling_2
1769336836.5999389,-0.741699,-0.053101,-0.676025,3.051759,6.286623,6.164553,cycling_2
1769336836.6119645,-0.745117,0.041504,-0.701172,0.244141,1.770020,5.859377,cycling_2
1769336836.6367655,-0.738525,-0.164307,-0.668457,-0.061035,-4.943848,-13.488773,cycling_2
1769336836.6541834,-0.762329,-0.114258,-0.721191,0.610352,5.493164,3.967286,cycling_2
1769336836.6791658,-0.776733,-0.005371,-0.631470,-2.868653,6.591799,2.258301,cycling_2
1769336836.6971104,-0.672363,-0.428101,-0.672363,-7.568361,5.004883,-15.136723,cycling_2
1769336836.7165422,-0.798950,-0.111938,-0.712280,-1.525879,12.023930,9.887695,cycling_2
1769336836.7379148,-0.809937,0.047119,-0.609497,-10.131836,15.747074,9.033203,cycling_2
1769336836.7569788,-0.659180,-0.286621,-0.640869,-16.601563,14.892582,-12.573246,cycling_2
1769336836.7738996,-0.838257,0.076782,-0.672363,-11.474613,18.310547,6.652834,cycling_2
1769336836.7986152,-0.705688,-0.089722,-0.690674,-16.296387,17.944336,-12.512211,cycling_2
1769336836.8226564,-0.668701,-0.114380,-0.716431,-11.901859,16.845703,-4.638672,cycling_2
1769336836.8356433,-0.809082,-0.055176,-0.694092,-11.596684,14.160160,-7.446291,cycling_2
1769336836.855201,-0.739624,-0.015381,-0.647339,-15.197758,19.348145,-7.934572,cycling_2
1769336836.8767302,-0.685181,-0.022583,-0.664307,-14.831547,16.418457,-13.488773,cycling_2
1769336836.8970208,-0.723022,-0.007568,-0.710449,-11.962894,12.878422,-14.038090,cycling_2
1769336836.977959,-0.747437,-0.108276,-0.716309,-14.343266,13.488773,-18.554688,cycling_2
1769336837.0082805,-0.820313,0.073730,-0.692505,-12.268070,11.230473,-17.761230,cycling_2
1769336837.0173564,-0.487061,-0.093506,-0.632813,-13.916019,7.629396,-18.310547,cycling_2
1769336837.0343919,-0.666626,-0.135864,-0.703003,-7.751467,-0.366211,-9.460449,cycling_2
1769336837.068785,-0.830444,-0.014648,-0.788086,-8.056641,12.695316,-1.281738,cycling_2
1769336837.071829,-0.744995,0.193726,-0.775879,-6.958010,14.648441,-0.122070,cycling_2
1769336837.0976057,-0.490723,-0.207031,-0.640259,-8.605957,-2.319336,-23.254402,cycling_2
1769336837.1141815,-0.609253,-0.150635,-0.760254,-9.216309,5.981447,-2.563477,cycling_2
1769336837.2885745,-0.768677,0.033691,-0.798218,-13.122562,15.197758,-6.713869,cycling_2
1769336837.4018166,-0.574097,-0.036255,-0.719482,-15.747074,12.573246,-14.526371,cycling_2
1769336837.4018166,-0.650391,0.034668,-0.728516,-14.526371,11.596684,-9.887695,cycling_2
1769336837.4018166,-0.552856,-0.168823,-0.707031,-16.601563,4.821777,-21.484375,cycling_2
1769336837.4018166,-0.595703,-0.177124,-0.617188,-17.700195,1.892090,-10.131836,cycling_2
1769336837.4018166,-1.004639,0.313721,-0.883301,-9.826660,13.549809,-7.751467,cycling_2
1769336837.4018166,-0.392944,-0.131958,-0.607422,-13.427738,-1.770020,-38.818359,cycling_2
1769336837.4018166,-0.563721,-0.097900,-0.825928,1.098633,-5.371094,1.647950,cycling_2
1769336837.4117754,-0.904663,0.545288,-0.858521,4.333496,8.666992,4.882813,cycling_2
1769336837.4117754,-0.328247,-0.010864,-0.643066,3.906251,-23.559578,-40.527344,cycling_2
1769336837.4117754,-0.471436,-0.314575,-0.812012,6.774904,-17.639160,-6.958010,cycling_2
1769336837.5716357,-0.526733,-0.270752,-0.695313,-7.629396,-21.240234,-3.295899,cycling_2
1769336837.5716357,-0.928223,0.147827,-0.856079,-3.601075,-7.202150,8.544922,cycling_2
1769336837.5716357,-0.362305,0.058472,-0.653320,-7.873537,-15.319828,-8.117676,cycling_2
1769336838.2720919,-0.576782,-0.002930,-0.824341,1.342773,-18.737793,6.530764,cycling_2
1769336838.2720919,-1.005371,0.386719,-0.774536,5.126953,-13.488773,-7.629396,cycling_2
1769336838.2720919,-0.354858,-0.222412,-0.755981,10.681152,-33.569336,-14.831547,cycling_2
1769336838.2720919,-0.973145,0.117676,-0.907471,21.118164,-28.869637,0.488281,cycling_2
1769336838.2720919,-0.646606,-0.139771,-0.570801,3.845216,-36.804199,-26.672371,cycling_2
1769336838.2720919,-0.487183,-0.664673,-0.819702,3.784181,-24.353035,-7.934572,cycling_2
1769336838.2720919,-1.177979,-0.220947,-0.841431,5.004883,-22.033691,15.747074,cycling_2
1769336838.3266346,-0.847656,-0.274414,-0.667725,-15.930180,3.112794,9.521484,cycling_2
1769336838.3266346,-0.772583,-0.083252,-0.888550,-7.202150,8.728027,18.188477,cycling_2
1769336838.3266346,-0.699829,-0.416504,-0.645142,-13.793949,-6.225588,-21.362305,cycling_2
1769336838.333374,-0.567261,-0.390869,-0.722900,-12.695316,8.911133,14.953617,cycling_2
1769336838.3352365,-0.812134,-0.067749,-0.648560,-13.549809,8.911133,21.484375,cycling_2
1769336838.361831,-0.654175,-0.327759,-0.701904,-19.165039,20.080566,3.356935,cycling_2
1769336838.3752375,-0.575195,-0.174683,-0.640747,-12.634281,15.502934,21.057129,cycling_2
1769336838.3781374,-0.676514,-0.056641,-0.737183,-8.300781,18.615723,21.545410,cycling_2
1769336838.3786986,-0.725708,0.267334,-0.687622,-0.732422,11.352543,-1.464844,cycling_2
1769336838.3838706,-0.535767,-0.038086,-0.680542,4.089355,0.061035,-15.319828,cycling_2
1769336838.384293,-0.707886,-0.032715,-0.687012,4.394531,2.502441,-3.051759,cycling_2
1769336838.3875005,-0.723877,-0.299561,-0.666748,-1.647950,-0.610352,-18.310547,cycling_2
1769336838.3875005,-0.557617,-0.033325,-0.685669,-0.610352,7.202150,14.953617,cycling_2
1769336838.391735,-0.657837,0.128906,-0.648071,-8.117676,-0.488281,9.582520,cycling_2
1769336838.3935337,-0.723877,0.226807,-0.670654,-9.033203,-12.573246,10.681152,cycling_2
1769336838.3952544,-0.660645,-0.024414,-0.689209,0.854492,8.117676,7.446291,cycling_2
1769336838.3982403,-0.559204,0.048950,-0.556396,-3.234864,-4.882813,2.258301,cycling_2
1769336838.3991473,-0.473633,-0.007568,-0.568481,-6.591799,5.615236,8.911133,cycling_2
1769336838.4001627,-0.724243,-0.216187,-0.857178,4.760742,-1.892090,-6.896975,cycling_2
1769336838.404149,-0.604858,0.179565,-0.675415,9.338379,4.089355,22.399910,cycling_2
1769336838.4064634,-0.695679,0.387451,-0.726685,16.296387,-7.568361,5.676271,cycling_2
1769336838.4071145,-0.565308,0.273438,-0.655273,14.282230,-15.014652,-10.131836,cycling_2
1769336838.408946,-0.798218,0.190796,-0.804077,18.859863,-25.268562,-8.789063,cycling_2
1769336838.4152281,-0.680786,-0.082520,-0.737061,9.582520,-23.132332,-8.300781,cycling_2
1769336838.431831,-0.788696,0.066528,-0.792358,1.220703,-10.986328,14.587406,cycling_2
1769336838.453275,-0.840088,-0.061401,-0.828369,-4.333496,-5.920412,1.525879,cycling_2
1769336838.4726868,-0.650391,0.205200,-0.712036,-7.385256,4.577637,18.493652,cycling_2
1769336838.557511,-0.702637,0.133423,-0.693481,-8.666992,-4.089355,2.014160,cycling_2
1769336838.5792077,-0.684448,0.180664,-0.575195,0.915528,9.338379,15.319828,cycling_2
1769336838.6015546,-0.847412,0.338745,-0.551514,-0.122070,2.014160,-1.098633,cycling_2
1769336838.629318,-0.792603,-0.042480,-0.594727,-4.333496,4.699707,-30.639656,cycling_2
1769336838.671991,-0.549683,0.131592,-0.727173,4.760742,27.587898,-13.305668,cycling_2
1769336838.671991,-0.541138,0.385254,-0.753052,10.559082,1.220703,-13.305668,cycling_2
1769336838.671991,-0.532837,0.312378,-0.710083,17.089844,-8.422852,-26.306160,cycling_2
1769336838.671991,-0.565552,0.019775,-0.678345,18.920898,-12.695316,-7.934572,cycling_2
1769336838.6819932,-0.894287,0.144287,-0.858521,21.789551,-5.676271,-5.004883,cycling_2
1769336838.6819932,-0.597168,-0.089478,-0.760010,23.193367,-18.310547,-12.146000,cycling_2
1769336838.6956105,-0.666992,0.055298,-0.687622,28.320320,-19.775391,10.192871,cycling_2
1769336838.7165902,-0.867432,-0.061890,-0.830444,27.526863,-17.700195,-3.723145,cycling_2
1769336838.7351153,-0.800781,0.003906,-0.779785,33.081055,-22.888191,8.300781,cycling_2
1769336838.7551436,-0.563599,-0.418945,-0.782837,30.273445,-35.461426,4.821777,cycling_2
1769336838.7720683,-0.981445,0.241821,-0.836426,37.231445,-29.357918,33.081055,cycling_2
1769336838.7945523,-0.810913,-0.261963,-0.692871,14.526371,-37.536621,-3.540040,cycling_2
1769336838.8127408,-0.828369,-0.211426,-0.666626,17.822266,-16.174316,16.296387,cycling_2
1769336838.8346634,-0.836182,-0.005127,-0.688721,13.366703,-7.873537,10.986328,cycling_2
1769336838.8757827,-0.709106,-0.259277,-0.696533,6.469728,-7.690432,3.356935,cycling_2
1769336838.8823452,-0.756226,-0.023071,-0.649780,19.104004,-4.028320,11.840824,cycling_2
1769336838.8954022,-0.952759,-0.233887,-0.687134,9.704590,-1.403809,-6.042482,cycling_2
1769336838.9160116,-0.802124,0.193237,-0.653809,17.028809,21.362305,19.287109,cycling_2
1769336838.9354634,-0.684082,-0.046143,-0.645630,7.873537,2.014160,3.662110,cycling_2
1769336839.063284,-0.666382,-0.390869,-0.667603,13.732914,0.366211,2.380371,cycling_2
1769336839.081911,-0.904541,0.208130,-0.676758,19.409180,15.441898,33.447266,cycling_2
1769336839.0855312,-0.891357,0.569580,-0.582642,6.103518,16.296387,11.962894,cycling_2
1769336839.0904715,-0.412231,-0.163574,-0.648804,-9.765625,-0.183106,-16.174316,cycling_2
1769336839.0923562,-0.861206,0.472656,-0.719971,15.380863,16.845703,21.057129,cycling_2
1769336839.0954292,-0.573120,0.144653,-0.511597,-18.554688,0.488281,-6.958010,cycling_2
1769336839.0954292,-0.659180,-0.524902,-0.731079,-3.234864,-1.159668,-11.962894,cycling_2
1769336839.096576,-0.864258,0.525635,-0.564087,16.357422,21.728516,30.090340,cycling_2
1769336839.1134453,-0.714233,0.240234,-0.657349,-4.455566,0.671387,-5.432129,cycling_2
1769336839.298948,-0.594116,-0.100464,-0.762695,19.470215,-6.652834,-5.676271,cycling_2
1769336839.298948,-0.666626,0.152588,-0.619385,19.897461,-14.038090,3.601075,cycling_2
1769336839.298948,-0.695068,-0.087280,-0.632568,19.348145,-11.901859,0.488281,cycling_2
1769336839.298948,-0.683838,-0.049194,-0.602295,15.380863,-7.141115,8.483887,cycling_2
1769336839.298948,-0.684692,-0.151489,-0.676270,9.460449,-8.728027,9.948730,cycling_2
1769336839.298948,-0.943237,0.231079,-0.831665,20.629883,5.371094,13.305668,cycling_2
1769336839.298948,-0.587769,-0.213379,-0.715820,7.934572,-12.390141,-3.845216,cycling_2
1769336839.298948,-0.765747,-0.210815,-0.842163,27.465828,-9.277344,10.742188,cycling_2
1769336839.3420026,-0.846069,-0.086670,-0.683105,25.451668,-24.780281,5.737307,cycling_2
1769336839.3537853,-0.980957,-0.128296,-0.763916,29.541023,-21.911621,-0.854492,cycling_2
1769336839.3574374,-0.818237,-0.241333,-0.674561,24.780281,-19.958496,-2.624512,cycling_2
1769336839.3574374,-0.833984,-0.422729,-0.630737,19.897461,-18.127441,9.765625,cycling_2
1769336839.3762486,-1.057495,-0.275391,-0.752319,17.883301,-0.915528,12.878422,cycling_2
1769336839.3920388,-0.869507,-0.155884,-0.627197,6.164553,12.390141,16.174316,cycling_2
1769336839.4478106,-0.763672,-0.204590,-0.676147,2.624512,15.258793,12.756351,cycling_2
1769336839.4478106,-0.770386,-0.229614,-0.696289,0.427246,17.822266,7.446291,cycling_2
1769336839.4518888,-0.700562,-0.108032,-0.659302,0.854492,21.789551,11.413578,cycling_2
1769336839.476401,-0.667358,-0.249634,-0.531006,-0.854492,12.573246,6.286623,cycling_2
1769336839.4933736,-0.748535,0.317505,-0.510498,4.760742,28.808601,31.799324,cycling_2
1769336839.5156462,-0.871460,0.281250,-0.612061,-11.352543,20.568848,6.958010,cycling_2
1769336839.538887,-0.725464,-0.101685,-0.662109,-5.310059,7.934572,-16.723633,cycling_2
1769336839.5564454,-0.689209,0.207153,-0.548584,-5.737307,10.742188,14.770512,cycling_2
1769336839.641872,-0.828247,0.208374,-0.533813,-10.070801,15.686039,-1.220703,cycling_2
1769336839.6664453,-0.621094,0.079346,-0.569458,-8.605957,20.080566,-6.896975,cycling_2
1769336839.6695626,-0.630371,0.185181,-0.649780,-7.202150,23.376472,3.601075,cycling_2
1769336839.67209,-0.642944,0.259399,-0.612183,0.244141,8.850098,-7.202150,cycling_2
1769336839.6769114,-0.643677,0.239014,-0.670288,7.934572,0.549316,-7.568361,cycling_2
1769336839.6779215,-0.577637,0.150879,-0.666626,17.333984,-9.094238,-18.005371,cycling_2
1769336839.695622,-0.668823,0.161499,-0.697632,27.709969,-10.009766,1.037598,cycling_2
1769336839.7121625,-0.792358,-0.020752,-0.763062,31.433113,-16.296387,-15.136723,cycling_2
1769336839.7362697,-0.778564,0.347778,-0.620239,39.245605,-11.962894,10.803223,cycling_2
1769336839.757726,-0.657959,-0.178955,-0.589966,16.357422,-30.883797,-12.023930,cycling_2
1769336839.7720053,-0.768311,-0.375854,-0.838501,25.573738,-23.010262,-1.037598,cycling_2
1769336839.8424911,-0.899170,-0.152832,-0.890381,24.597176,-16.235352,15.197758,cycling_2
1769336839.8429976,-0.822998,-0.233276,-0.619141,7.263186,-22.216805,7.690432,cycling_2
1769336839.8429976,-0.905762,-0.323608,-0.735840,6.530764,-14.343266,0.854492,cycling_2
1769336839.8520749,-0.843018,-0.311890,-0.739258,6.042482,-4.394531,6.408693,cycling_2
1769336839.8768137,-0.789917,-0.369995,-0.738037,12.207035,-3.784181,4.089355,cycling_2
1769336839.898065,-0.727661,-0.173218,-0.625488,15.625004,1.831055,12.756351,cycling_2
1769336839.9178536,-0.852539,-0.108032,-0.673584,20.507813,2.380371,2.807618,cycling_2
1769336839.9369133,-0.762817,-0.194946,-0.610352,18.615723,2.624512,-4.760742,cycling_2
1769336839.9593787,-0.787476,-0.127686,-0.711792,17.944336,7.629396,-0.610352,cycling_2
1769336839.9763718,-0.754883,-0.032104,-0.663940,17.395020,9.704590,-1.281738,cycling_2
1769336839.9949558,-0.628784,-0.214111,-0.626709,11.718754,4.516602,-1.892090,cycling_2
1769336840.015025,-0.804688,-0.388916,-0.681763,11.474613,2.868653,-6.958010,cycling_2
1769336840.034881,-0.759888,0.099487,-0.620605,11.169437,19.958496,21.240234,cycling_2
1769336840.0566788,-0.716675,0.112793,-0.602295,-2.136230,11.352543,11.169437,cycling_2
1769336840.0841727,-0.749268,-0.040527,-0.694702,5.004883,4.455566,4.821777,cycling_2
1769336840.1064546,-0.671753,-0.170532,-0.678223,3.479005,1.220703,4.943848,cycling_2
1769336840.11809,-0.786133,0.209961,-0.600830,6.713869,8.483887,25.451668,cycling_2
1769336840.1333983,-0.782349,0.004272,-0.572266,-1.342773,-4.760742,-2.441406,cycling_2
1769336840.1533155,-0.620483,-0.291870,-0.587280,-0.610352,-7.690432,0.183106,cycling_2
1769336840.174565,-0.784668,-0.217163,-0.665405,5.126953,-4.394531,16.723633,cycling_2
1769336840.1954741,-0.978638,0.084229,-0.713989,5.493164,5.554201,17.761230,cycling_2
1769336840.215577,-0.550049,-0.064453,-0.619751,9.216309,-2.258301,6.713869,cycling_2
1769336840.238657,-0.731445,0.015747,-0.671265,15.075687,-8.178711,12.146000,cycling_2
1769336840.2731273,-0.783203,-0.033081,-0.668701,15.380863,-3.784181,2.807618,cycling_2
1769336840.2786882,-0.714111,0.048096,-0.655762,15.563969,-2.807618,10.681152,cycling_2
1769336840.2945037,-0.780640,0.029907,-0.640259,14.282230,-6.408693,6.225588,cycling_2
1769336840.314201,-0.892700,-0.026733,-0.651123,15.502934,-11.413578,-3.356935,cycling_2
1769336840.3486488,-0.643677,-0.231079,-0.530396,8.422852,-13.977055,-0.976563,cycling_2
1769336840.3547947,-0.866699,-0.198975,-0.766235,13.793949,-6.286623,9.155273,cycling_2
1769336840.3756878,-0.857178,-0.257568,-0.666626,11.840824,-7.690432,2.014160,cycling_2
1769336840.3922794,-0.641113,-0.254028,-0.599609,7.873537,-2.319336,13.732914,cycling_2
1769336840.411959,-0.821411,-0.126709,-0.703491,12.939457,-0.793457,12.573246,cycling_2
1769336840.4320176,-0.806763,-0.120117,-0.694580,12.146000,-0.061035,6.652834,cycling_2
1769336840.4561188,-0.831421,-0.394897,-0.736206,14.587406,-5.859377,-3.234864,cycling_2
1769336840.4821,-0.745239,-0.184326,-0.594971,14.526371,7.202150,14.038090,cycling_2
1769336840.4929729,-0.802734,-0.027954,-0.609863,10.681152,9.338379,11.718754,cycling_2
1769336840.5155313,-0.748047,-0.274780,-0.634033,11.901859,0.183106,-6.042482,cycling_2
1769336840.5355809,-0.723389,-0.236816,-0.654297,14.770512,7.141115,10.742188,cycling_2
1769336840.5570185,-0.865356,-0.089111,-0.690674,10.559082,10.437012,11.291508,cycling_2
1769336840.6117764,-0.723633,-0.266357,-0.669312,8.972168,8.361816,-2.380371,cycling_2
1769336840.6216602,-0.729248,0.040527,-0.637207,13.732914,15.258793,19.897461,cycling_2
1769336840.6216602,-0.780396,-0.212524,-0.641724,3.784181,4.394531,-7.324221,cycling_2
1769336840.6316426,-0.742310,-0.221191,-0.602173,9.643555,3.906251,6.835939,cycling_2
1769336840.656667,-0.825562,0.017822,-0.619873,1.953125,12.146000,15.869144,cycling_2
1769336840.6751788,-0.796875,-0.177734,-0.665649,-3.906251,10.742188,-1.342773,cycling_2
1769336840.697397,-0.747192,-0.139038,-0.607300,1.464844,9.765625,4.943848,cycling_2
1769336840.7158873,-0.762573,0.174072,-0.641113,2.563477,13.305668,13.000492,cycling_2
1769336840.7352023,-0.557007,-0.439575,-0.658691,-2.319336,-5.493164,-19.470215,cycling_2
1769336840.758198,-0.733887,-0.317017,-0.708984,12.756351,8.178711,7.873537,cycling_2
1769336840.7791936,-0.788452,0.224365,-0.608643,6.774904,19.042969,24.536140,cycling_2
1769336840.7961814,-0.657959,-0.250244,-0.619019,-0.976563,0.183106,-13.854984,cycling_2
1769336840.8133936,-0.952515,0.086670,-0.656006,16.296387,6.896975,11.718754,cycling_2
1769336840.8358238,-0.747192,0.119873,-0.678101,0.671387,5.187988,-2.075195,cycling_2
1769336840.8543627,-0.783203,-0.016724,-0.722900,4.699707,-2.014160,-3.540040,cycling_2
1769336840.874316,-0.717529,-0.166992,-0.685791,-0.610352,2.563477,0.305176,cycling_2
1769336840.8968363,-0.714233,-0.155273,-0.701172,-3.784181,4.089355,7.995607,cycling_2
1769336840.9172816,-0.788086,-0.150757,-0.661499,-6.469728,7.507326,7.080080,cycling_2
1769336840.938539,-0.677979,-0.142334,-0.644531,-7.446291,9.948730,12.329105,cycling_2
1769336840.9523103,-0.885010,0.044312,-0.677368,-3.417970,8.850098,11.291508,cycling_2
1769336840.9757116,-0.796143,0.022461,-0.586914,-6.591799,8.178711,0.732422,cycling_2
1769336840.99391,-0.774292,-0.091309,-0.697144,-1.098633,7.385256,-4.821777,cycling_2
1769336841.0171406,-0.690918,-0.033569,-0.629395,2.807618,2.563477,3.784181,cycling_2
1769336841.038781,-0.844604,-0.180420,-0.668213,5.310059,0.549316,-7.812502,cycling_2
1769336841.0570629,-0.688843,0.054810,-0.640015,3.540040,11.230473,3.906251,cycling_2
1769336841.0767994,-0.720093,0.096924,-0.703491,6.103518,-0.305176,-4.394531,cycling_2
1769336841.0968182,-0.751831,-0.027222,-0.622559,3.784181,-5.859377,-8.850098,cycling_2
1769336841.115089,-0.645020,-0.091675,-0.640503,5.676271,-5.371094,-0.549316,cycling_2
1769336841.1327007,-0.781860,0.088501,-0.721436,5.310059,-3.295899,4.150391,cycling_2
1769336841.153463,-0.711182,0.057007,-0.666016,1.403809,-8.911133,-6.164553,cycling_2
1769336841.1757078,-0.476074,-0.125000,-0.616089,1.098633,-11.901859,5.126953,cycling_2
1769336841.195929,-0.681030,-0.114624,-0.712769,-0.122070,-7.263186,9.521484,cycling_2
1769336841.2160118,-0.770264,0.041260,-0.667480,-1.647950,0.854492,13.854984,cycling_2
1769336841.2983215,-0.649658,-0.078491,-0.667969,-1.586915,-4.150391,3.356935,cycling_2
1769336841.3218968,-0.733032,-0.101074,-0.665039,1.770020,-3.356935,10.253906,cycling_2
1769336841.3427618,-0.876831,0.042969,-0.661133,2.319336,-5.615236,-5.310059,cycling_2
1769336841.3680017,-0.680908,-0.124878,-0.686523,4.638672,-9.521484,-11.718754,cycling_2
1769336842.266321,-0.766724,-0.175903,-0.682983,7.324221,-7.141115,-11.230473,cycling_2
1769336842.2675624,-0.855957,0.123535,-0.690674,10.742188,0.610352,-5.554201,cycling_2
1769336842.2675624,-0.629761,-0.188477,-0.718384,9.643555,-14.953617,-25.146492,cycling_2
1769336842.2937052,-0.608154,-0.523193,-0.611694,12.878422,-18.127441,-10.803223,cycling_2
1769336842.3340178,-0.793213,0.096924,-0.703491,12.634281,0.366211,7.690432,cycling_2
1769336842.3515391,-0.661987,-0.129028,-0.734863,13.122562,-11.596684,-6.042482,cycling_2
1769336842.3740082,-0.761719,-0.058838,-0.610962,18.737793,-17.517090,5.493164,cycling_2
1769336842.3916094,-0.871704,-0.082764,-0.677490,14.404301,-16.174316,-3.540040,cycling_2
1769336842.4140854,-0.816895,-0.361816,-0.724487,10.864258,-8.117676,-5.676271,cycling_2
1769336842.4310799,-0.836426,-0.084717,-0.569092,12.207035,-3.112794,8.544922,cycling_2
1769336842.45166,-0.751221,-0.057617,-0.651489,5.432129,-6.958010,0.427246,cycling_2
1769336842.7717836,-0.734009,-0.420166,-0.636230,4.699707,-9.521484,-0.671387,cycling_2
1769336842.7717836,-0.822266,-0.103394,-0.551514,1.953125,-5.798342,10.192871,cycling_2
1769336842.7717836,-0.684937,-0.247559,-0.653320,-6.958010,0.976563,4.882813,cycling_2
1769336842.7717836,-0.765503,-0.141968,-0.653931,-2.563477,-1.770020,8.239746,cycling_2
1769336842.7817235,-0.753906,-0.124512,-0.651855,-2.441406,-5.981447,2.319336,cycling_2
1769336842.7817235,-0.730469,-0.199585,-0.636353,-2.929688,0.061035,2.380371,cycling_2
1769336842.7817235,-0.842773,0.046021,-0.589478,-4.760742,0.976563,-2.990724,cycling_2
1769336842.7817235,-0.702393,-0.153931,-0.610718,-5.737307,-3.784181,-10.925293,cycling_2
1769336842.7817235,-0.731201,-0.239258,-0.606689,-0.732422,-4.455566,-6.042482,cycling_2
1769336842.7817235,-0.681396,-0.097656,-0.616211,1.281738,-0.427246,-2.380371,cycling_2
1769336842.7817235,-0.710449,-0.341431,-0.628784,5.432129,14.953617,9.338379,cycling_2
1769336842.7817235,-0.800781,0.018066,-0.673218,13.977055,17.028809,29.724129,cycling_2
1769336842.7817235,-0.847046,0.105347,-0.673706,8.300781,15.869144,19.775391,cycling_2
1769336842.7817235,-0.762817,-0.202271,-0.683960,7.995607,13.305668,16.235352,cycling_2
1769336842.7817235,-0.642456,-0.104248,-0.677856,5.126953,9.521484,28.869637,cycling_2
1769336842.7817235,-0.837402,-0.304199,-0.661255,6.713869,-0.793457,25.085457,cycling_2
1769336842.7834802,-0.837158,0.024048,-0.602417,2.319336,6.591799,33.935547,cycling_2
1769336842.7834802,-0.511353,-0.371826,-0.534424,-7.385256,-5.126953,25.390633,cycling_2
1769336842.7834802,-0.836914,0.053345,-0.776611,1.647950,12.268070,45.532242,cycling_2
1769336842.7834802,-0.775757,0.178955,-0.665894,-8.117676,-1.220703,35.766602,cycling_2
1769336842.7841432,-0.566895,-0.309570,-0.641724,13.061527,-17.700195,13.732914,cycling_2
1769336842.7841432,-0.861328,-0.356445,-0.721680,9.887695,-16.479492,14.099125,cycling_2
1769336842.7841432,-0.983521,0.031494,-0.757202,8.239746,-0.793457,17.395020,cycling_2
1769336842.7841432,-0.730225,-0.198730,-0.740479,2.685547,-12.268070,-4.028320,cycling_2
1769336842.8087156,-0.666138,-0.409302,-0.614014,12.329105,-15.502934,1.953125,cycling_2
1769336842.8277588,-0.949097,0.085327,-0.627319,15.747074,2.807618,9.216309,cycling_2
1769336842.848627,-0.803101,-0.038086,-0.702515,13.305668,4.516602,-3.173829,cycling_2
1769336842.8687787,-0.686523,-0.061401,-0.664551,22.827156,0.915528,-1.342773,cycling_2
1769336842.8880775,-0.754517,-0.362793,-0.639526,16.418457,-11.230473,-12.390141,cycling_2
1769336842.9034326,-0.768921,-0.167969,-0.655518,14.831547,14.099125,8.178711,cycling_2
1769336842.9257174,-0.888428,0.182739,-0.732300,9.948730,21.545410,9.399414,cycling_2
1769336842.9486082,-0.641846,-0.278442,-0.583618,5.798342,3.845216,-8.666992,cycling_2
1769336842.9687848,-0.714722,-0.280029,-0.598389,2.624512,12.207035,14.648441,cycling_2
1769336842.986033,-1.083252,0.207153,-0.739014,4.577637,28.198250,15.502934,cycling_2
1769336843.0060954,-0.659668,-0.060059,-0.636230,-8.544922,15.563969,-11.413578,cycling_2
1769336843.0287158,-0.474976,-0.080811,-0.576660,-4.821777,15.075687,19.165039,cycling_2
1769336843.048505,-0.907349,0.028931,-0.641479,-2.441406,10.986328,14.892582,cycling_2
1769336843.0684836,-0.819824,0.097778,-0.606079,-12.268070,18.493652,5.554201,cycling_2
1769336843.0836568,-0.632324,0.101807,-0.614258,-11.169437,12.634281,6.408693,cycling_2
1769336843.1067643,-0.659180,-0.073364,-0.643677,-8.422852,5.615236,-1.281738,cycling_2
1769336843.1254048,-0.573364,0.052979,-0.556641,-6.225588,8.850098,13.916019,cycling_2
1769336843.146085,-0.808594,0.364380,-0.617798,-0.671387,11.962894,11.657719,cycling_2
1769336843.1671631,-0.681030,0.053345,-0.563110,-5.432129,-6.713869,-24.963387,cycling_2
1769336843.1886702,-0.565063,0.092896,-0.568848,4.028320,-3.784181,1.953125,cycling_2
1769336843.2016497,-0.782959,0.239746,-0.791382,9.094238,-5.004883,-3.417970,cycling_2
1769336843.2236252,-0.625122,0.056885,-0.628296,16.296387,-21.545410,-9.399414,cycling_2
1769336843.249943,-0.829224,0.222656,-0.722656,16.784668,-12.390141,6.835939,cycling_2
1769336843.2695978,-0.829956,0.068237,-0.742065,8.300781,-7.507326,-8.728027,cycling_2
1769336843.288627,-0.651489,-0.363037,-0.725220,0.549316,-16.967773,-9.704590,cycling_2
1769336843.308533,-0.761230,-0.302734,-0.763062,4.760742,-6.408693,8.728027,cycling_2
1769336843.3285868,-0.929932,0.057129,-0.757813,0.915528,4.028320,12.878422,cycling_2
1769336843.349402,-0.634521,-0.232056,-0.633789,0.793457,-2.136230,-0.061035,cycling_2
1769336843.3686194,-0.722656,-0.333740,-0.627930,11.169437,-10.925293,5.371094,cycling_2
1769336843.387853,-0.907349,-0.046387,-0.650513,12.939457,5.004883,15.747074,cycling_2
1769336843.409333,-0.871216,0.054321,-0.696289,10.742188,7.812502,1.892090,cycling_2
1769336843.4238687,-0.737793,-0.065063,-0.698486,15.380863,2.319336,-4.882813,cycling_2
1769336843.4448338,-0.696289,-0.087524,-0.742188,14.038090,5.004883,2.014160,cycling_2
1769336843.4660454,-0.758789,-0.161133,-0.720459,7.385256,0.183106,-2.136230,cycling_2
1769336843.4862423,-0.792603,-0.116455,-0.638184,4.760742,3.662110,10.437012,cycling_2
1769336843.5058646,-0.839111,0.147217,-0.659058,-7.629396,13.671879,12.695316,cycling_2
1769336843.588616,-0.589722,-0.208618,-0.631104,-15.380863,-0.061035,-12.939457,cycling_2
1769336843.6083312,-0.528931,-0.202271,-0.603760,-4.333496,-0.122070,12.939457,cycling_2
1769336843.6264157,-0.988892,0.327026,-0.671265,5.676271,7.202150,20.263672,cycling_2
1769336843.6487553,-0.721069,0.090698,-0.609619,-12.084965,2.197266,-15.686039,cycling_2
1769336843.7888167,-0.635498,0.147583,-0.660522,15.136723,-4.150391,8.117676,cycling_2
1769336843.7888167,-0.791748,0.134155,-0.687134,9.338379,-6.103518,-2.624512,cycling_2
1769336843.7919133,-0.684204,-0.060547,-0.671631,10.620117,-8.056641,-6.591799,cycling_2
1769336843.7919133,-0.774780,-0.005615,-0.713623,13.610844,-9.582520,6.774904,cycling_2
1769336843.7990134,-0.838623,-0.004028,-0.748169,7.019045,-5.004883,0.915528,cycling_2
1769336843.7990134,-0.650757,-0.132446,-0.670288,0.793457,-4.577637,1.708985,cycling_2
1769336843.8044398,-0.760986,-0.132690,-0.712524,-0.976563,-7.141115,8.056641,cycling_2
1769336843.8044398,-0.735840,-0.167725,-0.636353,-0.061035,3.234864,9.033203,cycling_2
1769336843.8044398,-0.649048,-0.175537,-0.630371,-3.173829,-0.061035,12.207035,cycling_2
1769336843.8090398,-0.811035,-0.273193,-0.763306,3.540040,-0.244141,2.441406,cycling_2
1769336843.8200247,-0.756104,-0.102173,-0.654053,15.014652,4.272461,13.793949,cycling_2
1769336843.8278928,-0.884277,0.367065,-0.664551,13.122562,13.793949,23.071297,cycling_2
1769336843.848808,-0.706177,-0.273193,-0.671631,-0.671387,-12.146000,-30.456551,cycling_2
1769336843.8685749,-0.612305,-0.335815,-0.676758,13.244633,5.676271,19.653320,cycling_2
1769336843.8843484,-1.020630,0.074097,-0.753418,2.502441,10.375977,-1.586915,cycling_2
1769336843.9030151,-0.690308,0.026245,-0.674438,3.601075,8.361816,-12.573246,cycling_2
1769336843.9278862,-0.491821,-0.020752,-0.607178,4.272461,-1.770020,1.586915,cycling_2
1769336843.9461837,-0.774414,0.029541,-0.738037,9.582520,0.732422,2.075195,cycling_2
1769336843.965039,-0.677124,0.046753,-0.659790,8.178711,0.915528,2.624512,cycling_2
1769336843.9868252,-0.668823,0.023926,-0.625854,11.718754,-2.807618,2.990724,cycling_2
1769336844.0067925,-0.705933,0.111206,-0.628174,11.169437,-0.061035,4.943848,cycling_2
1769336844.0283704,-0.666260,-0.059326,-0.645264,14.831547,-6.530764,2.075195,cycling_2
1769336844.042877,-0.768799,0.128052,-0.663818,19.836426,-4.760742,9.338379,cycling_2
1769336844.0628092,-0.687378,0.205444,-0.612183,13.488773,-5.615236,5.981447,cycling_2
1769336844.0891764,-0.621338,-0.063477,-0.673950,14.404301,-15.197758,-2.624512,cycling_2
1769336844.1046467,-0.699829,-0.011475,-0.666016,15.136723,-9.521484,6.225588,cycling_2
1769336844.1264098,-0.760010,-0.155640,-0.689453,12.146000,-13.305668,0.976563,cycling_2
1769336844.1457403,-0.928833,0.095947,-0.673096,14.038090,0.122070,7.568361,cycling_2
1769336844.167808,-0.673340,-0.268555,-0.624634,4.516602,-14.160160,-8.544922,cycling_2
1769336844.1864862,-0.847900,-0.276245,-0.690674,10.498047,-6.835939,4.394531,cycling_2
1769336844.2073178,-0.830566,-0.117310,-0.650391,5.737307,2.075195,10.620117,cycling_2
1769336844.2286696,-0.784180,-0.188721,-0.734863,6.103518,4.821777,8.544922,cycling_2
1769336844.2452576,-0.926147,0.052246,-0.807129,14.038090,11.718754,3.906251,cycling_2
1769336844.266012,-0.609131,-0.415771,-0.536255,10.925293,-12.268070,-7.568361,cycling_2
1769336844.28709,-1.105713,0.072632,-0.722412,18.249512,12.329105,8.422852,cycling_2
1769336844.30801,-0.849365,0.137817,-0.743530,2.258301,20.141602,-11.474613,cycling_2
1769336844.3251915,-0.486084,-0.355469,-0.646851,10.620117,-13.122562,-20.019531,cycling_2
1769336844.347255,-0.805298,-0.321167,-0.603882,19.653320,-13.488773,3.967286,cycling_2
1769336844.3682053,-1.099487,-0.018188,-0.659302,6.591799,10.803223,0.305176,cycling_2
1769336844.3889306,-0.689819,-0.091064,-0.682129,-1.953125,15.563969,-10.559082,cycling_2
1769336844.403583,-0.734375,-0.100830,-0.687256,7.141115,0.488281,-0.732422,cycling_2
1769336844.4275854,-0.780273,0.007202,-0.659790,0.610352,9.643555,-2.075195,cycling_2
1769336844.445709,-0.615479,-0.095215,-0.639404,-1.647950,7.568361,-5.004883,cycling_2
1769336844.4668338,-0.679932,0.017334,-0.614990,0.976563,5.798342,1.403809,cycling_2
1769336844.4882083,-0.747681,-0.026611,-0.666870,2.746582,3.967286,-2.868653,cycling_2
1769336844.5076873,-0.683105,-0.078003,-0.633179,4.394531,2.319336,-0.793457,cycling_2
1769336844.528525,-0.945313,0.314697,-0.658936,13.549809,4.577637,8.911133,cycling_2
1769336844.556204,-0.605835,0.001099,-0.636963,4.455566,-6.530764,-19.104004,cycling_2
1769336844.6321502,-0.681885,-0.264404,-0.606323,15.075687,-20.629883,-11.657719,cycling_2
1769336844.655134,-0.922485,0.081421,-0.664307,12.878422,-2.014160,-0.183106,cycling_2
1769336844.6715534,-0.681030,-0.014038,-0.726318,7.446291,-1.525879,-12.939457,cycling_2
1769336844.6919959,-0.739136,-0.055908,-0.729004,15.136723,-8.361816,-8.056641,cycling_2
1769336844.7588644,-0.775635,0.080444,-0.705322,16.662598,-13.305668,-11.535648,cycling_2
1769336844.778104,-0.709351,-0.276245,-0.570313,12.512211,-20.996094,-9.643555,cycling_2
1769336844.7922702,-0.921265,0.010132,-0.713135,11.108402,-4.394531,-4.516602,cycling_2
1769336844.8225746,-0.674316,-0.118286,-0.806885,13.000492,-13.977055,-20.324707,cycling_2
1769336844.8550196,-0.372437,-0.530396,-0.535767,15.625004,-30.151375,-10.864258,cycling_2
1769336844.8752692,-0.897705,0.000122,-0.537842,19.104004,-13.732914,10.864258,cycling_2
1769336844.8755758,-0.861694,0.102417,-0.695435,8.361816,4.089355,-4.028320,cycling_2
1769336844.8755758,-0.610596,-0.090210,-0.591187,17.395020,-16.357422,-2.075195,cycling_2
1769336844.8817346,-0.713257,-0.305664,-0.490479,16.357422,-26.184090,-3.417970,cycling_2
1769336844.8817346,-0.899170,0.070557,-0.577637,18.127441,-7.995607,11.596684,cycling_2
1769336844.883548,-0.678467,-0.113037,-0.636841,15.319828,-17.639160,-3.784181,cycling_2
1769336844.8858519,-0.728271,-0.419556,-0.584717,22.460945,-29.785164,3.417970,cycling_2
1769336844.8889072,-1.024292,0.076172,-0.712158,24.780281,-7.019045,15.380863,cycling_2
1769336844.9094648,-0.775146,-0.210327,-0.600342,19.409180,-20.751953,-3.051759,cycling_2
1769336844.9276817,-0.930908,-0.342163,-0.601196,21.545410,-16.906738,8.850098,cycling_2
1769336844.9450035,-0.955444,-0.142944,-0.713379,21.301270,-8.972168,1.342773,cycling_2
1769336844.9655652,-0.566162,-0.580811,-0.472290,22.277840,-20.812988,-1.159668,cycling_2
1769336844.9861658,-0.918457,-0.342285,-0.530762,20.446777,-9.704590,9.460449,cycling_2
1769336845.0074527,-0.917725,-0.614990,-0.656494,18.676758,-9.399414,-11.718754,cycling_2
1769336845.0283973,-0.671509,-0.534302,-0.524414,21.057129,-1.281738,5.615236,cycling_2
1769336845.0483246,-0.774170,-0.366577,-0.492920,13.183598,2.990724,7.202150,cycling_2
1769336845.0687716,-0.803467,-0.564697,-0.584473,10.314941,5.249023,-6.835939,cycling_2
1769336845.0842066,-0.699341,-0.451050,-0.515381,11.657719,8.850098,7.934572,cycling_2
1769336845.1043923,-1.084717,0.009399,-0.640259,8.605957,16.967773,7.263186,cycling_2
1769336845.1278648,-0.627808,-0.505981,-0.605347,4.760742,6.347658,-14.160160,cycling_2
1769336845.1470184,-0.668457,-0.341431,-0.504150,10.803223,5.554201,12.634281,cycling_2
1769336845.1667242,-0.888184,-0.249634,-0.564941,3.173829,9.094238,3.662110,cycling_2
1769336845.1881807,-0.682983,-0.227295,-0.550049,-1.831055,9.582520,6.042482,cycling_2
1769336845.2087247,-0.690674,-0.339600,-0.599487,2.990724,7.019045,13.610844,cycling_2
1769336845.2219577,-0.969360,-0.073730,-0.678223,8.361816,11.657719,18.554688,cycling_2
1769336845.2503185,-0.761719,-0.299561,-0.542480,7.141115,5.310059,8.972168,cycling_2
1769336845.2667413,-0.854248,-0.258545,-0.588745,12.023930,6.530764,10.437012,cycling_2
1769336845.286942,-0.560913,-0.313599,-0.421875,5.798342,4.943848,15.502934,cycling_2
1769336845.3121624,-0.890991,-0.285400,-0.564941,4.028320,6.103518,14.770512,cycling_2
1769336845.3283553,-0.714355,-0.177856,-0.488647,7.446291,8.117676,18.127441,cycling_2
1769336845.347081,-0.562012,-0.253540,-0.444824,-1.770020,7.690432,15.563969,cycling_2
1769336845.3685226,-1.042969,-0.069946,-0.651367,8.056641,10.498047,14.404301,cycling_2
1769336845.3883774,-0.720215,-0.042114,-0.533569,4.577637,8.117676,4.577637,cycling_2
1769336845.4089062,-0.791870,-0.148071,-0.630615,7.202150,6.591799,8.361816,cycling_2
1769336845.4242775,-0.749390,-0.449097,-0.641968,4.821777,8.666992,0.793457,cycling_2
1769336845.4445179,-0.801880,-0.319092,-0.545532,0.671387,10.742188,18.981934,cycling_2
1769336845.4655113,-0.694824,-0.412476,-0.496460,-8.666992,20.446777,18.676758,cycling_2
1769336845.4863842,-1.042725,0.078247,-0.687378,0.061035,27.709969,27.893074,cycling_2
1769336845.5074763,-0.883423,0.077637,-0.764526,-0.976563,27.954109,4.272461,cycling_2
1769336845.527943,-0.597900,-0.776001,-0.534912,3.662110,2.258301,-12.939457,cycling_2
1769336845.547327,-0.922729,-0.030762,-0.493652,17.211914,14.709476,28.991707,cycling_2
1769336845.5687835,-0.809692,0.074463,-0.629517,-3.234864,35.278320,4.577637,cycling_2
1769336845.5869532,-0.777710,-0.010376,-0.486328,12.512211,11.108402,22.949226,cycling_2
1769336845.6117458,-0.894775,0.126221,-0.713745,8.666992,15.991215,1.831055,cycling_2
1769336845.6281588,-0.524170,-0.356934,-0.595459,12.695316,8.422852,3.540040,cycling_2
1769336845.645488,-0.896606,0.234741,-0.740234,29.357918,19.104004,27.282722,cycling_2
1769336845.6678367,-0.733032,0.039673,-0.559814,15.258793,12.817387,5.310059,cycling_2
1769336845.6892462,-0.609375,-0.325562,-0.533203,16.906738,11.230473,15.258793,cycling_2
1769336845.7090337,-0.687134,-0.281372,-0.658325,12.268070,23.864754,28.259285,cycling_2
1769336845.7295513,-0.794800,-0.096558,-0.807373,8.239746,16.418457,32.714844,cycling_2
1769336845.7462022,-0.770020,-0.377686,-0.736084,5.126953,-0.244141,21.057129,cycling_2
1769336845.7650983,-0.988159,-0.062012,-0.787231,6.225588,1.403809,28.137215,cycling_2
1769336845.784893,-0.875244,-0.061646,-0.693115,-1.281738,9.582520,12.329105,cycling_2
1769336845.8619025,-0.602661,-0.484131,-0.554199,-10.192871,6.347658,7.202150,cycling_2
1769336845.8687572,-0.933594,-0.347778,-0.669067,-8.544922,16.784668,17.639160,cycling_2
1769336845.8687572,-0.772949,-0.423462,-0.647461,-23.498543,27.221687,-2.502441,cycling_2
1769336845.8720758,-0.636597,-0.650391,-0.663818,-6.408693,24.536140,4.821777,cycling_2
1769336845.8892279,-0.836060,0.066284,-0.609131,-1.831055,29.113777,36.865234,cycling_2
1769336845.9068336,-0.838257,-0.250122,-0.588867,-14.404301,30.944832,-5.737307,cycling_2
1769336845.9257739,-0.779419,0.266357,-0.668091,2.258301,36.865234,22.216805,cycling_2
1769336845.9506307,-0.591919,-0.242188,-0.514526,-17.639160,9.338379,-16.174316,cycling_2
1769336845.9675212,-0.582397,-0.544922,-0.598267,-9.704590,17.395020,-1.098633,cycling_2
1769336845.988326,-1.065674,0.331421,-0.709473,-12.512211,39.611816,8.361816,cycling_2
1769336846.0074372,-0.385010,-0.299194,-0.663086,-28.015144,24.963387,-34.118652,cycling_2
1769336846.0279748,-0.645020,-0.008301,-0.699951,-4.516602,23.132332,23.376472,cycling_2
1769336846.0421557,-0.971313,0.245483,-0.707642,-12.756351,31.677254,1.770020,cycling_2
1769336846.069357,-0.541870,-0.031494,-0.651855,-21.545410,21.118164,-23.010262,cycling_2
1769336846.088913,-0.592651,-0.029663,-0.524780,-12.817387,7.751467,2.685547,cycling_2
1769336846.1088145,-0.861938,0.019775,-0.768799,-16.052246,15.441898,-7.995607,cycling_2
1769336846.1291065,-0.552002,0.106079,-0.668213,-15.136723,14.099125,-6.286623,cycling_2
1769336846.1487942,-0.506836,0.105957,-0.732178,-9.277344,2.258301,-7.141115,cycling_2
1769336846.1682847,-0.708740,0.468140,-0.864014,-0.793457,8.728027,-0.427246,cycling_2
1769336846.1884875,-0.557861,0.139282,-0.620728,-12.390141,-13.732914,-38.024902,cycling_2
1769336846.2084482,-0.436768,-0.330322,-0.702759,-4.577637,-24.475105,-28.320320,cycling_2
1769336846.2288938,-0.951050,0.515259,-0.815063,3.784181,3.479005,17.089844,cycling_2
1769336846.2486508,-0.490601,-0.156860,-0.755127,-7.995607,-18.615723,-55.175797,cycling_2
1769336846.2640798,-0.451538,-0.293579,-0.655273,6.408693,-18.737793,-7.141115,cycling_2
1769336846.288851,-0.908081,-0.066040,-0.845093,2.197266,-18.066406,-3.784181,cycling_2
1769336846.3071675,-0.595337,-0.182129,-0.742798,-5.554201,-0.610352,0.793457,cycling_2
1769336846.3249302,-0.735474,-0.051270,-0.755127,2.319336,-13.305668,5.432129,cycling_2
1769336846.3486526,-0.693481,-0.192139,-0.649536,-7.019045,-10.070801,-3.295899,cycling_2
1769336846.3678586,-0.650024,-0.164917,-0.743530,-6.469728,-6.774904,4.455566,cycling_2
1769336846.3889904,-0.726685,-0.202515,-0.763672,-3.234864,-5.615236,-6.164553,cycling_2
1769336846.4084208,-0.616577,-0.277222,-0.718872,0.488281,-3.051759,-4.211426,cycling_2
1769336846.4298706,-0.844971,0.137207,-0.688354,2.929688,0.000000,9.216309,cycling_2
1769336846.4445603,-0.696167,-0.154053,-0.705078,-5.859377,0.976563,-20.019531,cycling_2
1769336846.4664252,-0.729004,-0.231812,-0.759399,1.892090,-7.263186,-12.817387,cycling_2
1769336846.4870512,-0.747192,-0.003418,-0.606079,-4.089355,-0.183106,4.394531,cycling_2
1769336846.5067465,-0.651489,-0.297119,-0.791992,-9.460449,1.831055,-7.141115,cycling_2
1769336846.527893,-0.743652,-0.098633,-0.767944,-6.958010,1.037598,3.173829,cycling_2
1769336846.548882,-0.649414,-0.153076,-0.710083,-15.014652,3.601075,-5.065918,cycling_2
1769336846.5689614,-0.716675,0.004028,-0.753662,-7.263186,2.868653,2.197266,cycling_2
1769336846.5903246,-0.654419,-0.012207,-0.695557,-12.634281,-0.549316,-9.521484,cycling_2
1769336846.6088846,-0.577271,-0.204956,-0.704712,-9.765625,-2.868653,-11.352543,cycling_2
1769336846.6286993,-0.681763,0.029053,-0.726074,-3.051759,2.990724,7.690432,cycling_2
1769336846.6457896,-0.699219,-0.281860,-0.807739,-9.277344,-4.638672,-35.339355,cycling_2
1769336846.6672764,-0.400635,-0.286011,-0.664063,1.037598,-3.967286,2.746582,cycling_2
1769336846.6876993,-0.842041,0.289429,-0.675171,3.845216,-3.845216,19.531250,cycling_2
1769336846.7121131,-0.602783,-0.266357,-0.733154,-15.380863,-1.831055,-31.494148,cycling_2
1769336846.751896,-0.602539,-0.129517,-0.765869,3.784181,-8.422852,11.047363,cycling_2
1769336846.751896,-0.755493,0.339600,-0.642456,-0.122070,-4.272461,19.958496,cycling_2
1769336846.767125,-0.623291,-0.210693,-0.828491,-6.042482,-7.751467,-20.263672,cycling_2
1769336846.7846577,-0.564453,-0.158081,-0.705688,0.671387,-10.375977,8.544922,cycling_2
1769336846.8065565,-0.738770,0.227173,-0.698120,-0.122070,-6.347658,15.136723,cycling_2
1769336846.903957,-0.699097,-0.014771,-0.698120,-7.141115,-12.756351,-16.540527,cycling_2
1769336846.9256265,-0.544678,-0.071289,-0.705200,3.051759,-10.986328,4.333496,cycling_2
1769336846.9419458,-0.665405,0.155396,-0.735474,9.155273,-18.249512,7.629396,cycling_2
1769336846.9641652,-0.718018,0.134277,-0.761475,9.765625,-15.808109,-1.708985,cycling_2
1769336847.03191,-0.614258,-0.011719,-0.657227,16.235352,-21.972656,-3.967286,cycling_2
1769336847.03191,-0.801758,0.147339,-0.741089,18.859863,-19.775391,-0.061035,cycling_2
1769336847.0476925,-0.676514,-0.114624,-0.683228,11.108402,-25.939949,-18.920898,cycling_2
1769336847.0476925,-0.531372,-0.335693,-0.771240,13.732914,-21.850586,1.159668,cycling_2
1769336847.0476925,-0.857666,0.001709,-0.760864,18.066406,-16.662598,15.808109,cycling_2
1769336847.0476925,-0.658936,-0.139404,-0.578735,-0.366211,-14.709476,6.652834,cycling_2
1769336847.0517933,-0.759155,-0.283936,-0.791504,11.230473,-9.948730,11.901859,cycling_2
1769336847.0535603,-0.806763,-0.082153,-0.730835,4.211426,-3.173829,16.296387,cycling_2
1769336847.0706944,-0.872925,-0.133667,-0.907715,8.850098,1.159668,0.732422,cycling_2
1769336847.0869153,-0.749512,-0.129395,-0.643066,12.878422,-7.568361,3.173829,cycling_2
1769336847.1042647,-0.713013,-0.419434,-0.688721,7.385256,-7.385256,4.455566,cycling_2
1769336847.1332724,-0.882935,-0.330078,-0.757202,13.305668,5.126953,11.291508,cycling_2
1769336847.146014,-1.119141,0.268677,-0.804443,16.662598,24.414070,23.498543,cycling_2
1769336847.1668205,-0.468628,-0.736084,-0.534668,6.774904,-4.272461,-18.798828,cycling_2
1769336847.1877587,-0.815674,-0.218750,-0.682373,5.676271,16.967773,23.620613,cycling_2
1769336847.208534,-1.044189,0.032959,-0.619751,-7.385256,20.019531,0.854492,cycling_2
1769336847.2282913,-0.704468,-0.073975,-0.670410,-8.056641,22.338875,-13.427738,cycling_2
1769336847.2481554,-0.593994,-0.107788,-0.618042,0.000000,6.896975,-6.042482,cycling_2
1769336847.267704,-0.826660,0.138916,-0.696167,4.211426,11.413578,2.929688,cycling_2
1769336847.2851377,-0.692993,0.154785,-0.644897,3.845216,4.638672,-9.704590,cycling_2
1769336847.3056436,-0.609619,0.073975,-0.698242,9.033203,-1.159668,-5.187988,cycling_2
1769336847.3657885,-0.664063,0.102539,-0.682373,7.751467,-0.793457,-2.319336,cycling_2
1769336847.3657885,-0.636108,0.021606,-0.717896,4.394531,-3.234864,-4.272461,cycling_2
1769336847.3716671,-0.676025,-0.025513,-0.732666,3.540040,-4.638672,-1.831055,cycling_2
1769336847.388074,-0.803223,0.238647,-0.722046,2.075195,2.685547,1.770020,cycling_2
1769336847.4095612,-0.567627,-0.057861,-0.652344,-5.004883,-10.009766,-17.150879,cycling_2
1769336847.4235914,-0.788818,0.034790,-0.742065,4.150391,-1.770020,1.403809,cycling_2
1769336847.447217,-0.697754,-0.141357,-0.697632,0.671387,-6.896975,-10.925293,cycling_2
1769336847.4661515,-0.681030,-0.158936,-0.640137,9.765625,-5.676271,3.601075,cycling_2
1769336847.4859643,-0.840942,-0.021484,-0.718262,11.779789,-3.479005,1.403809,cycling_2
1769336847.5079105,-0.746704,0.018433,-0.633057,6.530764,-2.929688,-1.708985,cycling_2
1769336847.540447,-0.718262,-0.274414,-0.750488,11.230473,-13.549809,-10.070801,cycling_2
1769336847.551099,-0.885010,-0.110596,-0.677734,10.864258,-4.821777,0.000000,cycling_2
1769336847.5664425,-0.766846,-0.110107,-0.735352,0.000000,-1.037598,-13.061527,cycling_2
1769336847.5875957,-0.804077,-0.133423,-0.694458,6.591799,-4.516602,-13.488773,cycling_2
1769336847.6040833,-0.725708,-0.156006,-0.667236,2.319336,-3.112794,-11.962894,cycling_2
1769336847.6259024,-0.745361,-0.154297,-0.630981,2.746582,-4.638672,-12.634281,cycling_2
1769336847.649161,-0.649048,-0.079468,-0.643677,1.403809,0.549316,-8.972168,cycling_2
1769336847.669033,-0.577026,-0.133545,-0.674805,2.258301,-3.479005,-7.507326,cycling_2
1769336847.6885467,-0.776611,-0.086304,-0.743286,8.422852,0.244141,-12.451176,cycling_2
1769336847.708367,-0.615601,-0.414795,-0.614380,12.207035,-13.183598,-21.789551,cycling_2
1769336847.7288952,-0.781494,-0.087158,-0.598145,17.333984,-5.554201,1.159668,cycling_2
1769336847.7498786,-0.888184,0.022705,-0.737183,13.854984,0.000000,-19.165039,cycling_2
1769336847.7668383,-0.747559,-0.200562,-0.707275,15.563969,-1.525879,-24.597176,cycling_2
1769336847.7860832,-0.715942,-0.198608,-0.660645,17.028809,-2.197266,-16.113281,cycling_2
1769336847.8040278,-0.702637,-0.280884,-0.634033,14.160160,-6.286623,-12.146000,cycling_2
1769336847.8946102,-0.735718,-0.450073,-0.650513,4.455566,-0.732422,-7.995607,cycling_2
1769336847.8946102,-0.802979,-0.258667,-0.704468,2.441406,0.183106,-0.366211,cycling_2
1769336847.902059,-0.775269,-0.069458,-0.702148,-1.525879,-1.037598,-4.943848,cycling_2
1769336847.902059,-0.642334,-0.251709,-0.668823,-3.295899,-7.263186,-11.596684,cycling_2
1769336847.902059,-0.687744,-0.175415,-0.633057,-3.173829,-8.666992,-5.798342,cycling_2
1769336847.9255433,-0.734741,-0.152466,-0.684204,-3.967286,-5.004883,-9.094238,cycling_2
1769336848.017689,-0.660400,-0.188232,-0.641357,-2.502441,-6.225588,-4.455566,cycling_2
1769336848.0391417,-0.687012,-0.234619,-0.628418,2.502441,-8.056641,-3.356935,cycling_2
1769336848.062193,-0.731934,-0.261597,-0.616089,4.272461,-8.666992,-2.197266,cycling_2
1769336848.0716467,-0.772583,-0.150269,-0.624756,5.126953,-5.371094,-1.586915,cycling_2
1769336848.1181855,-0.752930,-0.216064,-0.658447,4.516602,-4.455566,-5.676271,cycling_2
1769336848.1357586,-0.746582,-0.387939,-0.627075,3.051759,-5.920412,-9.887695,cycling_2
1769336848.1616964,-0.710205,-0.320923,-0.566406,0.488281,-3.723145,-1.831055,cycling_2
1769336848.1749892,-0.766846,-0.273682,-0.680542,-2.746582,0.793457,-5.249023,cycling_2
1769336848.1749892,-0.756592,-0.363037,-0.655762,-2.685547,-1.159668,-8.544922,cycling_2
1769336848.1774192,-0.798340,-0.103394,-0.609375,-2.258301,1.647950,-2.929688,cycling_2
1769336848.1960833,-0.706177,-0.163940,-0.663452,-6.286623,1.342773,-12.329105,cycling_2
1769336848.2056432,-0.700195,-0.425781,-0.653809,-3.173829,-5.249023,-11.169437,cycling_2
1769336848.2074971,-0.736450,-0.290771,-0.645752,-2.441406,-2.624512,-6.469728,cycling_2
1769336848.2100136,-0.634521,-0.162476,-0.588257,-2.929688,-3.601075,0.488281,cycling_2
1769336848.2273667,-0.677246,-0.356201,-0.680054,-3.234864,-6.835939,0.244141,cycling_2
1769336848.3120427,-0.691284,-0.176636,-0.631348,-0.732422,-5.859377,7.141115,cycling_2
1769336848.3385816,-0.735840,-0.052246,-0.665405,0.732422,-5.737307,4.699707,cycling_2
1769336848.3600097,-0.676514,-0.177856,-0.677368,1.220703,-5.859377,-3.234864,cycling_2
1769336848.3744462,-0.676270,-0.178467,-0.590088,6.225588,-14.160160,3.845216,cycling_2
1769336848.6459644,-0.731079,-0.096802,-0.649048,7.019045,-7.568361,3.906251,cycling_2
1769336848.6516619,-0.668213,-0.157227,-0.608154,12.695316,-14.221195,6.713869,cycling_2
1769336848.6516619,-0.806885,-0.133911,-0.667847,12.512211,-13.916019,6.103518,cycling_2
1769336848.6516619,-0.662231,-0.148071,-0.601685,11.291508,-15.319828,5.676271,cycling_2
1769336848.6516619,-0.668335,-0.262939,-0.638672,9.643555,-19.042969,8.605957,cycling_2
1769336848.6619854,-0.861450,-0.080444,-0.674927,13.427738,-14.221195,12.451176,cycling_2
1769336848.667602,-0.731934,0.000122,-0.587646,12.329105,-18.249512,11.108402,cycling_2
1769336848.6693268,-0.769775,-0.200562,-0.651245,12.207035,-21.972656,7.873537,cycling_2
1769336848.6693268,-0.739624,-0.209106,-0.611938,16.174316,-21.606445,17.089844,cycling_2
1769336848.6693268,-0.785522,-0.281128,-0.632935,13.549809,-20.141602,15.380863,cycling_2
1769336848.6723163,-0.766724,-0.379272,-0.577271,11.901859,-17.822266,17.150879,cycling_2
1769336848.6760561,-0.733032,-0.300903,-0.610229,9.948730,-14.099125,19.714355,cycling_2
1769336848.6760561,-0.748657,-0.666382,-0.576294,9.338379,-18.188477,14.465336,cycling_2
1769336848.677345,-0.947510,-0.281006,-0.616699,10.314941,0.488281,25.817879,cycling_2
1769336848.6779706,-0.698242,-0.585205,-0.514404,9.338379,-2.502441,9.521484,cycling_2
1769336848.6805701,-0.881592,-0.259277,-0.522095,10.131836,6.530764,21.423340,cycling_2
1769336848.682923,-0.716797,-0.379761,-0.508057,1.403809,5.371094,9.033203,cycling_2
1769336848.682923,-0.693115,-0.574829,-0.521240,0.305176,6.530764,14.892582,cycling_2
1769336848.6862335,-0.784668,-0.416626,-0.612915,-4.455566,19.287109,20.812988,cycling_2
1769336848.7078805,-0.776367,-0.273804,-0.650879,-7.080080,28.503426,25.878914,cycling_2
1769336848.7280674,-1.004028,-0.062256,-0.792725,-1.098633,28.991707,19.470215,cycling_2
1769336848.7457936,-0.468018,-0.449829,-0.414917,-11.718754,15.197758,19.165039,cycling_2
1769336848.7718341,-0.972290,-0.331909,-0.520996,-13.427738,26.611336,27.832039,cycling_2
1769336848.7852283,-1.047241,0.057861,-0.750122,-17.944336,50.720230,26.733406,cycling_2
1769336848.807542,-0.691895,-0.009644,-0.718262,-6.835939,31.921394,19.042969,cycling_2
1769336848.8256857,-0.545654,-0.019775,-0.507446,-1.281738,15.319828,28.381355,cycling_2
1769336848.847987,-0.834839,-0.003418,-0.606567,-2.807618,21.911621,24.292000,cycling_2
1769336848.867934,-0.815186,0.338379,-0.691895,-1.281738,32.043457,31.738289,cycling_2
1769336848.951947,-0.501831,-0.194092,-0.693115,-4.455566,6.042482,26.733406,cycling_2
1769336848.9618857,-0.852173,0.080322,-0.816284,1.159668,9.643555,39.489746,cycling_2
1769336848.9718187,-0.795532,0.150879,-0.706909,-5.004883,-5.126953,27.465828,cycling_2
1769336848.9857922,-0.688599,-0.095093,-0.685913,-5.126953,-3.784181,18.981934,cycling_2
1769336849.1091633,-0.775757,0.058594,-0.726563,-3.356935,3.601075,16.906738,cycling_2
1769336849.1287408,-0.601440,-0.273071,-0.658936,-6.286623,-4.638672,9.277344,cycling_2
1769336849.147581,-1.004028,0.266235,-0.624023,6.774904,16.357422,31.555183,cycling_2
1769336849.194174,-0.719482,0.093872,-0.485962,0.427246,8.239746,10.253906,cycling_2
1769336849.194174,-0.553467,-0.205322,-0.590820,9.399414,-0.793457,23.071297,cycling_2
1769336849.1996026,-1.150146,0.349976,-0.873169,37.475586,15.380863,31.372078,cycling_2
1769336849.201665,-0.725708,0.176392,-0.539185,6.164553,-0.549316,-0.549316,cycling_2
1769336849.2035153,-0.630249,-0.353760,-0.551270,16.113281,-16.906738,-3.784181,cycling_2
1769336849.2041593,-0.984375,-0.047363,-0.799072,20.629883,7.873537,14.465336,cycling_2
1769336849.2085083,-0.776855,-0.286865,-0.753540,-10.009766,12.512211,-4.638672,cycling_2
1769336849.2085083,-0.621094,-0.587891,-0.654297,-6.347658,8.605957,4.516602,cycling_2
1769336849.210813,-0.885498,-0.296509,-0.751465,-15.869144,22.277840,21.240234,cycling_2
1769336849.2118251,-1.002563,-0.191772,-0.806030,-18.493652,32.226563,6.347658,cycling_2
1769336849.2290864,-0.729980,-0.117554,-0.686401,-18.371582,29.602058,-4.028320,cycling_2
1769336849.2508287,-0.716309,-0.230835,-0.687500,-13.183598,23.498543,-8.911133,cycling_2
1769336849.2688644,-0.802612,0.098022,-0.577515,-4.882813,30.029305,-2.197266,cycling_2
1769336849.286287,-0.706177,0.021118,-0.578369,-4.150391,19.165039,-23.498543,cycling_2
1769336849.3060126,-0.630493,-0.007935,-0.556274,3.662110,11.718754,-16.662598,cycling_2
1769336849.325444,-0.712402,0.093262,-0.720947,3.662110,14.465336,-12.146000,cycling_2
1769336849.349034,-0.674316,0.190063,-0.719238,3.479005,13.793949,-18.554688,cycling_2
1769336849.3667579,-0.510376,0.140015,-0.658081,-1.892090,7.324221,-19.226074,cycling_2
1769336849.3877633,-0.582153,0.103027,-0.747192,-1.586915,0.305176,-19.470215,cycling_2
1769336849.403966,-0.616821,0.114746,-0.735596,-8.911133,0.427246,-11.657719,cycling_2
1769336849.4233458,-0.644775,0.057983,-0.746094,-9.277344,-3.173829,-14.343266,cycling_2
1769336849.4459813,-0.575928,0.038574,-0.682129,-8.789063,-6.164553,-10.803223,cycling_2
1769336849.4681306,-0.573242,-0.035034,-0.646362,-9.582520,-9.033203,-8.239746,cycling_2
1769336849.4865358,-0.753784,-0.188477,-0.748657,-2.990724,-14.404301,-15.930180,cycling_2
1769336849.5076017,-0.679688,-0.018066,-0.705688,1.098633,-6.835939,-1.403809,cycling_2
1769336849.528054,-0.563599,0.026855,-0.680298,8.728027,-10.498047,0.244141,cycling_2
1769336849.548721,-0.756470,0.084839,-0.694702,11.657719,-13.305668,-6.042482,cycling_2
1769336849.5682886,-0.659180,0.042969,-0.714844,7.324221,-10.131836,-3.845216,cycling_2
1769336849.5892856,-0.726318,-0.082764,-0.776978,8.911133,-13.305668,-7.324221,cycling_2
1769336849.603334,-0.674683,-0.030762,-0.668579,6.042482,-8.850098,2.197266,cycling_2
1769336849.6253326,-0.781738,-0.175903,-0.826050,4.089355,-15.991215,-10.925293,cycling_2
1769336849.645637,-0.645630,-0.288818,-0.659058,8.972168,-14.343266,-5.493164,cycling_2
1769336849.6682007,-0.852783,0.110840,-0.832153,11.535648,-7.080080,7.812502,cycling_2
1769336849.6881065,-0.674072,-0.135010,-0.716553,12.023930,-11.474613,-10.314941,cycling_2
1769336849.7072737,-0.635742,-0.109253,-0.700317,19.165039,-13.610844,6.591799,cycling_2
1769336849.7288218,-0.767578,-0.071777,-0.616455,14.770512,-14.648441,7.019045,cycling_2
1769336849.748731,-0.789673,-0.154053,-0.709717,12.329105,-8.850098,5.554201,cycling_2
1769336849.7681682,-0.789673,-0.072266,-0.715698,15.747074,-10.681152,7.385256,cycling_2
1769336849.7921042,-0.672852,-0.133911,-0.658569,10.742188,-12.390141,7.568361,cycling_2
1769336849.8080995,-0.815063,-0.150024,-0.750854,12.878422,-13.549809,7.385256,cycling_2
1769336849.8275948,-0.707642,-0.121582,-0.651367,6.896975,-5.249023,12.817387,cycling_2
1769336849.848752,-0.749756,-0.256470,-0.707153,5.859377,-10.131836,3.173829,cycling_2
1769336849.8685143,-0.757446,-0.168823,-0.704956,8.728027,-1.464844,9.948730,cycling_2
1769336849.8888347,-0.839478,0.114258,-0.731079,8.911133,2.258301,10.925293,cycling_2
1769336849.9016674,-0.744873,-0.362671,-0.689453,7.080080,-11.291508,-18.676758,cycling_2
1769336849.9267557,-0.729980,-0.115112,-0.656006,12.817387,0.244141,5.554201,cycling_2
1769336849.9444425,-0.710571,-0.371826,-0.648315,7.019045,0.854492,-4.150391,cycling_2
1769336849.9685688,-0.820435,-0.123169,-0.716309,15.625004,7.507326,7.812502,cycling_2
1769336850.0321696,-0.824707,-0.196289,-0.670044,4.699707,5.371094,1.037598,cycling_2
1769336850.0321696,-0.763428,-0.213989,-0.718506,6.225588,10.437012,0.366211,cycling_2
1769336850.0472572,-0.758911,-0.300049,-0.698975,4.150391,1.647950,-4.577637,cycling_2
1769336850.0488532,-0.784912,-0.134155,-0.694702,2.075195,13.061527,3.845216,cycling_2
1769336850.0691411,-0.718140,-0.288330,-0.634521,-3.662110,4.577637,-12.084965,cycling_2
1769336850.111789,-0.686768,-0.130249,-0.628540,1.708985,13.305668,6.713869,cycling_2
1769336850.1716964,-0.765625,-0.099609,-0.660522,-2.075195,8.361816,-1.342773,cycling_2
1769336850.2021577,-0.704590,-0.091553,-0.633667,1.281738,12.512211,-1.037598,cycling_2
1769336850.2177684,-0.730469,-0.047241,-0.669556,-0.305176,5.493164,-3.112794,cycling_2
1769336850.2177684,-0.517700,-0.317627,-0.554199,1.098633,1.403809,-9.948730,cycling_2
1769336850.2219296,-0.862305,0.200562,-0.703369,5.310059,7.507326,9.521484,cycling_2
1769336850.2290103,-0.599243,-0.155029,-0.597290,-0.488281,-0.549316,-18.737793,cycling_2
1769336850.2305262,-0.637329,0.086426,-0.699707,13.122562,0.305176,14.404301,cycling_2
1769336850.2493184,-0.885864,0.223511,-0.812134,12.939457,3.601075,1.770020,cycling_2
1769336850.264352,-0.647583,0.049805,-0.663574,5.737307,-2.868653,-12.451176,cycling_2
1769336850.2868023,-0.567993,-0.206055,-0.638062,7.873537,-8.972168,-3.234864,cycling_2
1769336850.3042774,-0.936035,-0.136597,-0.812500,9.948730,-4.455566,-1.220703,cycling_2
1769336850.326794,-0.539551,-0.235596,-0.566284,-7.568361,0.366211,8.056641,cycling_2
1769336850.3471682,-0.842651,-0.201782,-0.798340,-0.122070,-3.845216,6.225588,cycling_2
1769336850.3677268,-0.830688,-0.039429,-0.688599,-5.676271,7.385256,12.817387,cycling_2
1769336850.3880146,-0.664185,-0.245728,-0.645264,-8.728027,-3.662110,0.793457,cycling_2
1769336850.4080696,-0.890259,-0.120972,-0.673462,-2.258301,1.770020,7.873537,cycling_2
1769336850.4230573,-0.777954,-0.115845,-0.664429,-9.887695,9.399414,1.220703,cycling_2
1769336850.4439192,-0.755005,-0.288818,-0.711304,-1.342773,0.244141,-5.554201,cycling_2
1769336850.467654,-0.752441,-0.004639,-0.632935,-6.774904,9.582520,-2.319336,cycling_2
1769336850.485478,-0.702271,-0.294922,-0.682495,-0.610352,-2.136230,-14.526371,cycling_2
1769336850.5065792,-0.849487,-0.054321,-0.686523,0.915528,7.568361,0.122070,cycling_2
1769336850.5271819,-0.719360,-0.117065,-0.716553,-6.591799,9.338379,-7.568361,cycling_2
1769336850.5483477,-0.745728,-0.223999,-0.781616,-1.037598,6.286623,-7.141115,cycling_2
1769336850.5687995,-0.822510,-0.012207,-0.768799,-1.647950,15.075687,-0.366211,cycling_2
1769336850.588346,-0.609009,-0.080811,-0.675415,-6.896975,6.408693,-2.929688,cycling_2
1769336850.605094,-0.826660,-0.001465,-0.746338,-7.873537,9.887695,-3.417970,cycling_2
1769336850.6242304,-0.709351,0.124878,-0.686401,-9.948730,13.977055,-2.441406,cycling_2
1769336850.6469007,-0.571533,-0.015503,-0.676636,-8.056641,1.647950,-6.347658,cycling_2
1769336850.6665905,-0.753418,0.176758,-0.658081,-2.502441,3.906251,1.281738,cycling_2
1769336850.6867142,-0.616943,0.167847,-0.634033,-5.615236,-0.549316,-7.995607,cycling_2
1769336850.7079513,-0.578125,-0.046997,-0.633789,-2.258301,-12.268070,-13.366703,cycling_2
1769336850.7224195,-0.756592,0.064209,-0.718750,-3.540040,-2.685547,-8.056641,cycling_2
1769336850.7488394,-0.730225,-0.089111,-0.721069,-3.723145,-5.859377,-17.456055,cycling_2
1769336850.768722,-0.745483,-0.245239,-0.710693,-3.906251,-6.347658,-18.859863,cycling_2
1769336850.7878456,-0.761719,-0.212891,-0.693237,-6.408693,-0.671387,-10.681152,cycling_2
1769336850.8050122,-0.849731,-0.115845,-0.746338,-5.249023,3.112794,-14.221195,cycling_2
1769336850.8271315,-0.781738,-0.155640,-0.706909,-6.225588,1.342773,-20.996094,cycling_2
1769336850.84648,-0.742065,-0.164795,-0.743652,-0.549316,-1.220703,-23.071297,cycling_2
1769336850.8665004,-0.772705,-0.232056,-0.743530,3.234864,-1.586915,-29.296883,cycling_2
1769336850.8887537,-0.736328,-0.160400,-0.671143,6.347658,-2.380371,-25.756844,cycling_2
1769336850.9092858,-0.688721,-0.217407,-0.668457,6.591799,-5.065918,-31.005867,cycling_2
1769336850.9247656,-0.690186,-0.251831,-0.667358,3.601075,-0.061035,-27.160652,cycling_2
1769336850.9505973,-0.631470,-0.147583,-0.708496,2.868653,5.432129,-20.996094,cycling_2
1769336851.002084,-0.680664,-0.110229,-0.783691,7.446291,1.281738,-23.742683,cycling_2
1769336851.0088744,-0.648926,-0.064453,-0.642578,7.507326,-10.375977,-30.517586,cycling_2
1769336851.0139945,-0.559814,-0.107056,-0.663696,-1.281738,-11.596684,-31.066902,cycling_2
1769336851.0277424,-0.611694,-0.014893,-0.658081,-5.737307,-7.873537,-24.475105,cycling_2
1769336851.048238,-0.596924,0.053589,-0.671265,-6.530764,-11.718754,-27.282722,cycling_2
1769336851.0688477,-0.560913,0.026123,-0.695801,-3.540040,-26.550301,-22.277840,cycling_2
1769336851.086662,-0.675537,-0.072998,-0.735840,0.915528,-32.104492,-23.681648,cycling_2
1769336851.103588,-0.596069,-0.026489,-0.648926,2.441406,-33.935547,-16.906738,cycling_2
1769336851.1918497,-0.696777,0.000000,-0.687622,3.784181,-30.090340,-9.765625,cycling_2
1769336851.2103639,-0.600220,-0.045898,-0.701782,3.540040,-28.808601,-9.643555,cycling_2
1769336851.2103639,-0.658569,-0.346191,-0.667114,6.469728,-35.766602,-8.056641,cycling_2
1769336851.2139819,-0.949707,-0.143066,-0.634766,12.817387,-31.250008,1.770020,cycling_2
1769336851.2220519,-0.800537,0.019287,-0.688843,8.056641,-18.432617,-7.873537,cycling_2
1769336851.2599063,-0.503540,-0.404785,-0.640869,11.901859,-32.531738,-6.713869,cycling_2
1769336851.2778273,-0.942139,-0.323242,-0.642456,15.625004,-27.343758,5.310059,cycling_2
1769336851.331847,-0.861572,-0.211914,-0.676880,11.169437,-13.427738,5.187988,cycling_2
1769336851.331847,-0.639526,-0.604614,-0.634644,12.329105,-22.460945,-3.967286,cycling_2
1769336851.3459318,-0.844849,-0.590820,-0.511108,16.906738,-25.451668,3.906251,cycling_2
1769336851.3459318,-0.900879,-0.367310,-0.611694,8.789063,-7.751467,1.220703,cycling_2
1769336851.3459318,-0.630859,-0.457153,-0.614746,7.690432,-7.934572,0.854492,cycling_2
1769336851.3665395,-0.688477,-0.630859,-0.596069,11.047363,-16.723633,-2.563477,cycling_2
1769336851.388286,-0.781738,-0.142090,-0.555908,2.929688,-1.708985,7.080080,cycling_2
1769336851.4086838,-0.736450,-0.277832,-0.672852,5.249023,-8.544922,-1.647950,cycling_2
1769336851.4420896,-0.768188,-0.281982,-0.620483,9.521484,-13.183598,-0.061035,cycling_2
1769336851.4439034,-0.811646,-0.200562,-0.638184,12.451176,-10.864258,3.356935,cycling_2
1769336851.4917653,-0.628662,-0.252808,-0.558594,9.460449,-9.216309,2.990724,cycling_2
1769336851.5117867,-0.678833,-0.219604,-0.551636,9.399414,-18.066406,11.230473,cycling_2
1769336851.5241897,-0.797241,-0.146240,-0.586182,3.784181,-18.981934,15.869144,cycling_2
1769336851.533382,-0.670288,-0.338867,-0.614014,-0.122070,-19.104004,11.840824,cycling_2
1769336851.5476766,-0.763184,-0.227783,-0.537964,6.774904,-20.324707,22.705086,cycling_2
1769336851.5673652,-0.770264,-0.139404,-0.565308,3.112794,-15.686039,20.324707,cycling_2
1769336851.5827866,-0.688354,-0.326416,-0.466431,6.225588,-20.080566,18.676758,cycling_2
1769336851.6035984,-0.967285,-0.135254,-0.583252,12.695316,-15.563969,20.263672,cycling_2
1769336851.6247609,-0.748657,-0.377563,-0.538696,19.226074,-16.479492,15.014652,cycling_2
1769336851.6451747,-0.840088,-0.337646,-0.518677,27.099617,-12.390141,21.667480,cycling_2
1769336851.6682851,-0.943726,-0.312866,-0.536743,28.747566,-10.375977,20.019531,cycling_2
1769336851.6868749,-0.861816,-0.382935,-0.545898,25.695808,-7.202150,15.136723,cycling_2
1769336851.7063088,-0.863525,-0.658936,-0.612549,23.010262,-3.417970,9.643555,cycling_2
1769336851.7270868,-0.754639,-0.850830,-0.625000,22.155769,3.601075,6.958010,cycling_2
1769336851.7422748,-0.885864,-0.423706,-0.530640,17.700195,15.319828,26.794441,cycling_2
1769336851.7644048,-0.821411,-0.535400,-0.494507,2.563477,20.568848,3.540040,cycling_2
1769336851.784444,-0.879639,-0.379395,-0.481201,1.586915,19.897461,10.314941,cycling_2
1769336851.880128,-0.839111,-0.274536,-0.521484,-3.662110,27.526863,7.812502,cycling_2
1769336851.881657,-0.786743,-0.462646,-0.519653,-6.347658,29.602058,3.723145,cycling_2
1769336851.881657,-0.728638,-0.297119,-0.463135,-2.868653,22.888191,14.038090,cycling_2
1769336851.881657,-0.730103,-0.168945,-0.439697,-8.666992,21.545410,22.521980,cycling_2
1769336851.8922904,-0.964966,-0.124878,-0.497314,-12.023930,25.207527,12.084965,cycling_2
1769336851.9022303,-0.673218,-0.253906,-0.513550,-17.333984,26.611336,15.258793,cycling_2
1769336851.9255285,-0.633057,-0.261475,-0.455688,-15.441898,26.977547,25.268562,cycling_2
1769336851.9465992,-1.041138,-0.038574,-0.648315,-7.873537,49.133316,27.099617,cycling_2
1769336851.9656882,-0.735840,-0.119751,-0.643677,-17.578125,71.228027,15.808109,cycling_2
1769336851.9847245,-0.463501,-0.114746,-0.494019,-9.399414,55.664078,34.790039,cycling_2
1769336852.0072672,-0.702515,-0.072754,-0.615845,-9.521484,41.320801,37.170410,cycling_2
1769336852.026253,-0.841919,0.072144,-0.834595,-8.972168,39.367676,38.513184,cycling_2
1769336852.0511408,-0.663940,-0.154175,-0.789795,-1.159668,16.967773,32.348633,cycling_2
1769336852.075702,-0.799927,0.083008,-0.682983,8.911133,11.840824,41.259766,cycling_2
1769336852.0896986,-0.578857,0.246948,-0.562988,-2.197266,17.822266,42.846680,cycling_2
1769336852.1100652,-0.612427,0.211548,-0.700195,-0.244141,14.831547,36.621094,cycling_2
1769336852.1259375,-0.788208,0.209839,-0.731567,4.882813,11.840824,34.423828,cycling_2
1769336852.1455617,-0.789551,0.191406,-0.651611,5.859377,0.854492,33.935547,cycling_2
1769336852.1674712,-0.689453,0.166748,-0.596558,6.286623,0.854492,38.757324,cycling_2
1769336852.2474465,-0.750000,0.093018,-0.679565,-2.807618,0.732422,29.602058,cycling_2
1769336852.26581,-0.726563,0.021118,-0.708252,-0.305176,-1.403809,25.939949,cycling_2
1769336852.2785397,-0.747803,0.202393,-0.675415,-2.868653,6.835939,32.714844,cycling_2
1769336852.2997577,-0.689575,-0.202515,-0.625732,-13.366703,-7.141115,7.690432,cycling_2
1769336852.3518531,-0.826538,0.044922,-0.699829,-0.610352,7.507326,37.292480,cycling_2
1769336852.3540714,-0.935547,-0.019043,-0.801514,-3.417970,6.835939,15.991215,cycling_2
1769336852.3540714,-0.784790,-0.099854,-0.781128,5.249023,4.943848,17.211914,cycling_2
1769336852.3646772,-0.806396,-0.244507,-0.725830,8.056641,1.342773,10.803223,cycling_2
1769336852.3716764,-0.863281,0.071655,-0.796387,12.634281,14.831547,21.667480,cycling_2
1769336852.3716764,-0.725464,-0.147583,-0.759155,7.995607,0.976563,-0.061035,cycling_2
1769336852.3862207,-0.675903,-0.127686,-0.572021,9.399414,5.249023,18.005371,cycling_2
1769336852.4031818,-0.885498,0.047241,-0.767944,1.586915,14.404301,12.390141,cycling_2
1769336852.4231517,-0.632813,0.027710,-0.681274,-3.112794,6.469728,8.789063,cycling_2
1769336852.4503362,-0.727051,0.107910,-0.657104,-2.197266,5.126953,6.408693,cycling_2
1769336852.4699585,-0.649292,0.300171,-0.631714,-5.920412,11.047363,2.929688,cycling_2
1769336852.4874952,-0.532715,0.203003,-0.666016,-3.356935,-1.708985,-10.131836,cycling_2
1769336852.506401,-0.550781,0.031738,-0.631592,-1.098633,-10.620117,-9.277344,cycling_2
1769336852.527956,-0.666260,0.206909,-0.661255,-2.258301,2.807618,10.742188,cycling_2
1769336852.5484407,-0.742798,0.254761,-0.757080,-0.122070,-2.685547,-3.784181,cycling_2
1769336852.567755,-0.496582,0.067017,-0.579712,6.591799,-16.906738,-1.892090,cycling_2
1769336852.5896714,-0.719604,0.087280,-0.694702,10.070801,-12.939457,4.943848,cycling_2
1769336852.6066785,-0.792847,0.181396,-0.731934,16.235352,-10.986328,-1.708985,cycling_2
1769336852.624548,-0.572876,0.157959,-0.602051,16.601563,-14.587406,-0.488281,cycling_2
1769336852.6486099,-0.800781,0.160889,-0.761719,27.221687,-17.700195,-1.159668,cycling_2
1769336852.6674533,-0.696777,0.003052,-0.686523,25.634773,-20.019531,-9.094238,cycling_2
1769336852.686922,-0.698364,0.098145,-0.692505,26.062019,-14.587406,-1.281738,cycling_2
1769336852.7071774,-0.783203,-0.027100,-0.685303,23.010262,-10.742188,0.122070,cycling_2
1769336852.758852,-0.833984,0.019775,-0.797119,22.338875,-7.568361,-0.183106,cycling_2
1769336852.7627208,-0.763306,-0.090088,-0.690430,20.446777,-15.747074,-5.432129,cycling_2
1769336852.7691677,-0.802368,0.130249,-0.710693,22.094727,-5.981447,4.760742,cycling_2
1769336852.7872374,-0.718628,-0.063354,-0.673584,14.892582,-19.104004,-12.939457,cycling_2
1769336852.8048284,-0.627197,-0.139893,-0.553467,17.883301,-17.517090,2.441406,cycling_2
1769336852.8277934,-0.943848,0.148560,-0.610718,17.700195,-2.319336,-4.882813,cycling_2
1769336852.846612,-0.581909,-0.037598,-0.482910,15.075687,-12.512211,-6.652834,cycling_2
1769336852.8618839,-0.698120,-0.135742,-0.627686,26.062019,-20.568848,1.403809,cycling_2
1769336852.8871553,-0.971191,0.101929,-0.718628,32.470703,-8.483887,1.770020,cycling_2
1769336852.9088302,-0.752197,-0.044067,-0.559326,27.465828,-18.981934,-5.310059,cycling_2
1769336852.9224188,-0.828125,-0.096558,-0.696289,37.170410,-16.418457,-1.281738,cycling_2
1769336852.947445,-0.642090,-0.252197,-0.582764,34.973145,-14.465336,0.671387,cycling_2
1769336852.9645815,-0.836182,-0.432251,-0.745483,34.545898,-12.756351,-1.159668,cycling_2
1769336852.9821153,-0.801147,-0.484741,-0.782593,31.677254,-0.915528,3.662110,cycling_2
1769336853.007221,-0.864746,-0.402222,-0.854248,28.686531,4.455566,6.042482,cycling_2
1769336853.0283885,-0.754761,-0.569336,-0.731323,25.695808,5.920412,0.610352,cycling_2
1769336853.048081,-0.829346,-0.487671,-0.811035,22.155769,9.643555,2.868653,cycling_2
1769336853.068436,-0.637817,-0.719971,-0.624268,11.291508,8.789063,-3.173829,cycling_2
1769336853.088819,-1.204224,0.024902,-0.863892,21.728516,33.874512,14.343266,cycling_2
1769336853.108979,-0.683228,-0.606201,-0.422363,-4.760742,6.958010,-18.127441,cycling_2
1769336853.1279588,-0.889404,-0.625854,-0.709595,10.253906,26.672371,-4.455566,cycling_2
1769336853.1450977,-1.060913,0.010620,-0.736206,5.859377,38.330078,2.807618,cycling_2
1769336853.187839,-0.650879,-0.312988,-0.551270,-11.169437,29.907234,-13.732914,cycling_2
1769336853.1990285,-0.882690,-0.220337,-0.661011,1.464844,23.498543,-10.925293,cycling_2
1769336853.2082744,-0.803223,-0.258545,-0.575317,-7.812502,29.785164,-19.409180,cycling_2
1769336853.2285004,-0.638916,0.209473,-0.451416,-8.483887,30.395515,4.699707,cycling_2
1769336853.2486353,-0.665039,-0.272705,-0.532959,-19.409180,7.019045,-29.235847,cycling_2
1769336853.3260014,-0.664795,0.055908,-0.533203,-5.737307,28.137215,13.183598,cycling_2
1769336853.3419468,-0.775391,0.287598,-0.647095,-13.916019,25.573738,5.920412,cycling_2
1769336853.3655112,-0.408813,-0.181641,-0.476440,-22.338875,9.338379,-15.625004,cycling_2
1769336853.387516,-0.534058,-0.187866,-0.655518,-7.812502,7.263186,10.070801,cycling_2
1769336853.421975,-0.701050,0.199829,-0.695679,-11.291508,19.897461,11.352543,cycling_2
1769336853.4436731,-0.495239,0.006348,-0.718140,-3.906251,4.821777,-0.305176,cycling_2
1769336853.4436731,-0.669312,0.063965,-0.642456,2.441406,-1.159668,8.544922,cycling_2
1769336853.449529,-0.708984,0.149292,-0.647949,-1.831055,2.441406,4.882813,cycling_2
1769336853.4503908,-0.686401,0.082520,-0.660400,1.464844,-5.432129,-1.159668,cycling_2
1769336853.4519038,-0.726074,0.056396,-0.727417,8.300781,-8.056641,-0.366211,cycling_2
1769336853.4646287,-0.759033,0.172607,-0.694946,10.864258,-8.483887,0.305176,cycling_2
1769336853.4858844,-0.619507,0.100708,-0.693604,14.282230,-17.578125,-2.990724,cycling_2
1769336853.5067594,-0.734985,-0.018677,-0.747314,16.662598,-20.935059,-5.065918,cycling_2
1769336853.5272956,-0.625610,-0.005493,-0.719971,11.047363,-12.390141,9.094238,cycling_2
1769336853.5478685,-0.764038,-0.156006,-0.760254,8.850098,-16.418457,4.455566,cycling_2
1769336853.5622149,-0.713501,-0.189453,-0.657349,2.075195,-9.887695,10.314941,cycling_2
1769336853.5853517,-0.697876,-0.247437,-0.740112,0.366211,-9.155273,9.887695,cycling_2
1769336853.603008,-0.797363,-0.247559,-0.783325,-2.929688,-1.403809,14.587406,cycling_2
1769336853.625669,-0.848511,-0.299316,-0.828491,0.854492,3.234864,12.207035,cycling_2
1769336853.6450186,-0.776245,-0.220581,-0.681763,1.708985,4.516602,14.282230,cycling_2
1769336853.6673234,-0.791992,-0.231323,-0.701172,-1.342773,6.347658,11.901859,cycling_2
1769336853.6877773,-0.855347,-0.299805,-0.702515,-0.366211,7.446291,8.361816,cycling_2
1769336853.706952,-0.771973,-0.155640,-0.639038,-2.929688,13.244633,15.686039,cycling_2
1769336853.7275174,-0.800415,-0.023804,-0.675537,-5.493164,14.343266,11.535648,cycling_2
1769336853.7492204,-0.725586,-0.262329,-0.616943,-3.601075,1.281738,2.563477,cycling_2
1769336853.768738,-0.734863,0.173706,-0.635132,-5.554201,18.188477,17.089844,cycling_2
1769336853.7845376,-0.602051,0.090088,-0.743774,-7.995607,7.324221,-7.019045,cycling_2
1769336853.8048086,-0.573364,-0.024292,-0.605713,-1.098633,-3.723145,2.990724,cycling_2
1769336853.8268092,-0.735962,0.199951,-0.759888,-1.037598,12.451176,12.207035,cycling_2
1769336853.846264,-0.603516,0.102661,-0.774170,0.305176,1.037598,2.502441,cycling_2
1769336853.866257,-0.707642,0.115112,-0.693237,8.911133,-5.310059,10.375977,cycling_2
1769336853.8876276,-0.617920,0.198364,-0.698120,-0.854492,-2.868653,2.136230,cycling_2
1769336853.9077628,-0.690796,-0.072021,-0.757446,0.671387,-9.460449,-0.610352,cycling_2
1769336853.9283457,-0.802979,0.000488,-0.744751,-1.342773,0.122070,5.310059,cycling_2
1769336853.9517899,-0.636841,-0.025269,-0.692383,-6.958010,-2.746582,2.319336,cycling_2
1769336853.965576,-0.698975,-0.206543,-0.693970,-5.065918,-10.498047,0.610352,cycling_2
1769336853.9912367,-0.821289,-0.075317,-0.647949,-7.080080,1.953125,5.249023,cycling_2
1769336854.0094209,-0.748535,0.023193,-0.661743,-3.417970,-0.061035,1.464844,cycling_2
1769336854.0281773,-0.787476,0.052490,-0.696899,-0.122070,-2.441406,-6.958010,cycling_2
1769336854.0474637,-0.727905,-0.156006,-0.729004,7.751467,-20.935059,-19.897461,cycling_2
1769336854.0698454,-0.735474,-0.058228,-0.650024,8.178711,-10.375977,-11.596684,cycling_2
1769336854.0921817,-0.642456,0.178955,-0.674927,6.225588,-9.216309,-15.136723,cycling_2
1769336854.1055498,-0.595459,0.022949,-0.712524,4.882813,-14.099125,-28.381355,cycling_2
1769336854.130795,-0.619263,-0.103149,-0.661621,7.324221,-13.061527,-18.493652,cycling_2
1769336854.1446955,-0.716309,0.053711,-0.696533,13.000492,-13.610844,-7.690432,cycling_2
1769336854.2322059,-0.634277,-0.074463,-0.699341,12.817387,-15.747074,-3.723145,cycling_2
1769336854.263091,-0.762329,-0.115479,-0.703735,15.075687,-20.568848,-0.793457,cycling_2
1769336854.2850268,-0.822266,0.069214,-0.663574,12.756351,-15.747074,1.831055,cycling_2
1769336854.304095,-0.692383,-0.097534,-0.636963,6.408693,-17.700195,-5.981447,cycling_2
1769336854.5519438,-0.743896,-0.164917,-0.641479,4.211426,-15.625004,-4.638672,cycling_2
1769336854.5519438,-0.759888,-0.215942,-0.636597,3.479005,-10.498047,-3.540040,cycling_2
1769336854.5519438,-0.756348,-0.167114,-0.644409,3.540040,-7.690432,-5.004883,cycling_2
1769336854.5519438,-0.741821,-0.332520,-0.680786,5.859377,-8.972168,-8.361816,cycling_2
1769336854.5519438,-0.807983,-0.315430,-0.647705,10.375977,-7.385256,-2.990724,cycling_2
1769336854.5519438,-0.694214,-0.365845,-0.621948,8.361816,-4.150391,-1.953125,cycling_2
1769336854.5519438,-0.778320,-0.397827,-0.612305,7.812502,-2.685547,1.159668,cycling_2
1769336854.5519438,-0.852173,-0.215942,-0.677124,7.446291,3.051759,-0.183106,cycling_2
1769336854.5519438,-0.712524,-0.284058,-0.613892,7.873537,-1.403809,-2.441406,cycling_2
1769336854.5519438,-0.831665,-0.194214,-0.665527,6.835939,4.211426,-4.333496,cycling_2
1769336854.5519438,-0.766724,-0.142822,-0.631104,4.699707,5.310059,-5.981447,cycling_2
1769336854.5519438,-0.691406,-0.129028,-0.643311,4.333496,0.976563,-5.737307,cycling_2
1769336854.5519438,-0.724976,-0.191040,-0.561890,2.624512,-6.103518,-6.408693,cycling_2
1769336854.5519438,-0.837646,0.016479,-0.617554,0.732422,-1.708985,-3.540040,cycling_2
1769336854.5519438,-0.810303,0.102417,-0.796021,4.028320,2.014160,-11.474613,cycling_2
1769336854.5519438,-0.730469,-0.213135,-0.584351,8.483887,-13.305668,-4.821777,cycling_2
1769336854.5620685,-0.914795,0.038574,-0.718140,7.080080,-0.976563,-7.507326,cycling_2
1769336854.5880206,-0.590576,-0.499023,-0.628418,4.577637,-12.390141,-21.301270,cycling_2
1769336854.6032758,-0.721191,-0.341064,-0.552246,5.432129,-7.629396,-0.244141,cycling_2
1769336854.6293983,-0.841919,-0.096069,-0.696411,0.610352,2.624512,-3.112794,cycling_2
1769336854.6450217,-0.635742,-0.416992,-0.588501,2.075195,-8.056641,-10.803223,cycling_2
1769336854.6641324,-0.760620,-0.141357,-0.585938,-0.915528,-0.427246,-3.356935,cycling_2
1769336854.6881735,-0.730591,-0.316284,-0.609741,0.366211,-3.479005,-9.643555,cycling_2
1769336854.707502,-0.765503,-0.230713,-0.596191,3.967286,-0.610352,-4.760742,cycling_2
1769336854.7286122,-0.732910,-0.273315,-0.660400,7.812502,-3.173829,-7.690432,cycling_2
1769336854.7498245,-0.783325,-0.086426,-0.642456,10.620117,-0.061035,-1.586915,cycling_2
1769336854.771876,-0.683472,-0.146851,-0.664551,8.911133,-2.136230,-4.394531,cycling_2
1769336854.7956102,-0.678833,-0.296753,-0.648682,10.192871,-6.347658,-2.990724,cycling_2
1769336854.8083222,-0.866577,-0.107788,-0.690552,10.437012,-1.953125,6.103518,cycling_2
1769336854.8253856,-0.704712,-0.255005,-0.622070,10.131836,-4.516602,5.004883,cycling_2
1769336854.8461835,-0.729004,-0.191650,-0.625366,10.803223,-7.446291,12.084965,cycling_2
1769336854.867198,-0.813354,-0.222534,-0.697266,9.338379,-5.004883,9.216309,cycling_2
1769336854.888182,-0.744263,-0.180054,-0.575928,8.850098,-8.483887,16.052246,cycling_2
1769336854.9077919,-0.777344,-0.180054,-0.584351,3.417970,-7.690432,13.671879,cycling_2
1769336854.9288948,-0.682739,-0.330811,-0.647217,2.441406,-4.821777,9.094238,cycling_2
1769336854.9439945,-0.722290,-0.240723,-0.533936,3.845216,-9.155273,23.376472,cycling_2
1769336854.967229,-0.828491,-0.269409,-0.667114,-1.708985,2.197266,16.662598,cycling_2
1769336854.9848547,-0.702637,-0.319214,-0.572021,-2.136230,1.708985,18.981934,cycling_2
1769336855.0057716,-0.754883,-0.173950,-0.595947,-4.089355,3.601075,26.245125,cycling_2
1769336855.026961,-0.841919,-0.324585,-0.713013,-6.591799,8.483887,12.329105,cycling_2
1769336855.0482538,-0.778442,-0.290039,-0.566040,-3.601075,4.455566,17.211914,cycling_2
1769336855.0679426,-0.805542,-0.127319,-0.621338,-9.887695,15.136723,9.582520,cycling_2
1769336855.0845597,-0.709961,-0.078125,-0.537842,-4.882813,7.202150,16.174316,cycling_2
1769336855.1084864,-0.747192,0.007568,-0.597168,-4.028320,9.826660,14.099125,cycling_2
1769336855.1242523,-0.608887,-0.135620,-0.564209,-2.441406,5.065918,14.526371,cycling_2
1769336855.1445389,-0.733887,0.023071,-0.606689,8.544922,1.464844,27.038582,cycling_2
1769336855.1654918,-0.674194,-0.190796,-0.700073,9.521484,2.197266,13.061527,cycling_2
1769336855.187252,-0.630493,-0.093018,-0.486572,15.625004,-7.751467,31.677254,cycling_2
1769336855.2070408,-0.774170,0.095459,-0.746826,11.474613,12.573246,20.629883,cycling_2
1769336855.2271636,-0.641479,0.092896,-0.627441,19.897461,3.662110,39.001465,cycling_2
1769336855.2541637,-0.699097,-0.103149,-0.655273,14.526371,4.638672,35.888672,cycling_2
1769336855.2629015,-0.867188,-0.123657,-0.745483,11.352543,11.230473,41.015625,cycling_2
1769336855.2841458,-0.871216,-0.048950,-0.770752,5.493164,9.704590,40.710449,cycling_2
1769336855.3038642,-0.836182,-0.178589,-0.722656,-1.037598,5.371094,36.987305,cycling_2
1769336855.324416,-0.882813,-0.184814,-0.696289,-0.305176,0.000000,31.494148,cycling_2
1769336855.3598075,-0.949463,0.106689,-0.751221,-1.159668,8.483887,38.452148,cycling_2
1769336855.3801205,-0.801270,-0.387573,-0.651733,-7.934572,2.441406,10.375977,cycling_2
1769336855.4219048,-0.831299,-0.301880,-0.578125,-4.333496,13.977055,28.259285,cycling_2
1769336855.4219048,-1.016235,0.104370,-0.717896,-6.347658,32.714844,32.165527,cycling_2
1769336855.497954,-0.763916,-0.051270,-0.758057,-8.056641,31.921394,6.103518,cycling_2
1769336855.5169659,-0.500000,-0.301025,-0.580933,1.525879,8.422852,16.662598,cycling_2
1769336855.5359898,-0.996704,0.037842,-0.624878,-0.671387,28.625496,17.883301,cycling_2
1769336855.556001,-0.719849,0.102539,-0.649048,-6.530764,33.142090,11.779789,cycling_2
1769336855.5619526,-0.731445,-0.060547,-0.687866,-1.708985,21.240234,4.089355,cycling_2
1769336855.5619526,-0.773560,-0.051514,-0.718628,-2.319336,24.902351,8.850098,cycling_2
1769336855.5619526,-0.750854,-0.189575,-0.734131,-3.540040,20.202637,2.624512,cycling_2
1769336855.5667486,-0.813599,-0.069214,-0.759155,-1.708985,27.038582,11.047363,cycling_2
1769336855.586314,-0.739868,0.060181,-0.704590,-8.850098,25.390633,7.446291,cycling_2
1769336855.6035793,-0.834717,-0.083984,-0.736938,-8.300781,20.568848,-2.441406,cycling_2
1769336855.6279378,-0.809326,0.021240,-0.719727,-14.099125,26.855476,6.835939,cycling_2
1769336855.644422,-0.849854,-0.122559,-0.756470,-17.883301,24.902351,-5.493164,cycling_2
1769336855.667928,-0.854248,-0.124023,-0.697021,-18.066406,24.719246,-9.765625,cycling_2
1769336855.694459,-0.739868,0.046021,-0.564453,-22.094727,25.817879,-1.770020,cycling_2
1769336855.7149138,-0.740112,0.176758,-0.594360,-23.071297,30.883797,-9.826660,cycling_2
1769336855.7309256,-0.482910,0.049072,-0.647217,-24.169930,23.193367,-13.732914,cycling_2
1769336855.7427235,-0.730835,0.028442,-0.721313,-17.456055,17.578125,-15.380863,cycling_2
1769336855.7636242,-0.679199,0.233032,-0.670044,-18.676758,28.198250,-12.756351,cycling_2
1769336855.784104,-0.459106,0.272705,-0.614258,-21.728516,16.784668,-17.333984,cycling_2
1769336855.8047519,-0.642456,0.165039,-0.739990,-11.840824,12.634281,-26.916512,cycling_2
1769336855.8306568,-0.571777,0.223267,-0.706909,-10.437012,14.770512,-20.019531,cycling_2
1769336855.8478837,-0.478760,0.115234,-0.706177,-8.361816,4.882813,-19.042969,cycling_2
1769336855.8668077,-0.619385,0.040527,-0.743896,-7.995607,11.779789,-11.291508,cycling_2
1769336855.8882978,-0.607788,0.135376,-0.801270,-5.432129,8.789063,-6.164553,cycling_2
1769336855.9057014,-0.579590,0.105469,-0.725952,-7.019045,5.981447,-14.892582,cycling_2
1769336855.9284523,-0.449951,0.000244,-0.752441,-5.065918,1.403809,-11.535648,cycling_2
1769336855.9486926,-0.639893,0.193970,-0.801025,1.831055,0.305176,-2.380371,cycling_2
1769336855.9662883,-0.547241,0.229980,-0.763428,1.342773,1.586915,-10.253906,cycling_2
1769336855.9883354,-0.577026,0.147705,-0.741455,9.399414,-11.962894,-10.253906,cycling_2
1769336856.0085642,-0.554321,0.080688,-0.738525,7.446291,-11.352543,-12.268070,cycling_2
1769336856.0264587,-0.631592,0.109741,-0.842163,9.338379,-9.521484,-8.239746,cycling_2
1769336856.048913,-0.601074,0.004883,-0.743408,5.737307,-14.953617,-11.230473,cycling_2
1769336856.069038,-0.636841,-0.119019,-0.739624,1.892090,-15.869144,-7.385256,cycling_2
1769336856.0882776,-0.742065,-0.077515,-0.792847,-0.610352,-8.972168,-0.854492,cycling_2
1769336856.1087363,-0.674316,-0.176758,-0.736816,-3.479005,-12.634281,-5.737307,cycling_2
1769336856.1256251,-0.776001,0.195557,-0.811646,2.807618,-2.075195,2.746582,cycling_2
1769336856.1448193,-0.396240,0.010498,-0.702637,-4.516602,-8.850098,-8.300781,cycling_2
1769336856.1678808,-0.604736,-0.068359,-0.803589,2.990724,-16.479492,-2.929688,cycling_2
1769336856.1876962,-0.786499,0.079346,-0.890259,5.615236,-10.192871,-0.793457,cycling_2
1769336856.2082741,-0.648926,0.145752,-0.739258,5.493164,-15.075687,-7.812502,cycling_2
1769336856.2276623,-0.474365,-0.166138,-0.627686,-0.549316,-20.812988,-13.122562,cycling_2
1769336856.247886,-0.735352,-0.020996,-0.881104,5.310059,-7.507326,6.530764,cycling_2
1769336856.2680702,-0.604370,0.111694,-0.725830,3.417970,-8.605957,5.493164,cycling_2
1769336856.2887797,-0.663208,-0.070068,-0.741821,3.601075,-14.221195,-5.676271,cycling_2
1769336856.3040435,-0.692261,-0.002563,-0.722534,4.577637,-9.948730,1.708985,cycling_2
1769336856.3319242,-0.613770,-0.147705,-0.752686,0.854492,-9.765625,-3.295899,cycling_2
1769336856.34474,-0.764038,-0.064941,-0.800659,6.164553,-7.751467,3.173829,cycling_2
1769336856.368261,-0.603394,-0.049316,-0.674927,0.488281,-5.249023,2.807618,cycling_2
1769336856.3877928,-0.792480,0.057861,-0.775879,5.676271,-6.103518,5.676271,cycling_2
1769336856.4072537,-0.586426,0.016724,-0.681152,-1.342773,-4.272461,1.403809,cycling_2
1769336856.4272878,-0.713135,-0.005127,-0.768677,3.051759,-7.873537,1.953125,cycling_2
1769336856.4476058,-0.686035,0.082153,-0.664063,-0.854492,-2.258301,4.150391,cycling_2
1769336856.5322099,-0.582642,-0.125854,-0.674683,-4.150391,-7.812502,-4.821777,cycling_2
1769336856.5419102,-0.717773,0.039551,-0.722656,2.685547,-4.760742,10.070801,cycling_2
1769336856.5645921,-0.670898,0.203735,-0.705566,2.197266,-6.835939,1.831055,cycling_2
1769336856.589257,-0.560303,0.168091,-0.599854,3.234864,-14.404301,1.525879,cycling_2
1769336856.67205,-0.619507,0.063843,-0.688721,2.319336,-17.944336,2.075195,cycling_2
1769336856.6788852,-0.948853,0.347778,-0.932617,16.540527,-5.126953,2.746582,cycling_2
1769336856.6788852,-0.415161,0.113892,-0.598999,-1.586915,-20.263672,-9.826660,cycling_2
1769336856.6788852,-0.501953,-0.306763,-0.889893,8.850098,-22.033691,-0.549316,cycling_2
1769336856.6818671,-0.824951,0.244873,-0.795776,16.113281,-7.019045,24.230965,cycling_2
1769336856.6818671,-0.631470,-0.047607,-0.758789,5.249023,-15.930180,-7.507326,cycling_2
1769336856.6826978,-0.722900,0.132202,-0.652832,17.395020,-17.639160,9.033203,cycling_2
1769336856.688235,-0.692871,-0.086304,-0.697632,8.666992,-18.493652,-4.211426,cycling_2
1769336856.708291,-0.649048,-0.234009,-0.713501,12.451176,-14.648441,3.356935,cycling_2
1769336856.7281787,-0.898071,-0.203735,-0.859985,19.958496,-12.817387,7.690432,cycling_2
1769336856.7473993,-0.857422,0.238647,-0.627441,21.972656,-1.831055,15.808109,cycling_2
1769336856.769555,-0.678223,-0.008545,-0.696167,13.427738,-16.906738,-4.821777,cycling_2
1769336856.784042,-0.787720,-0.045288,-0.760986,19.775391,-16.662598,0.183106,cycling_2
1769336856.8044403,-0.732422,-0.068359,-0.701660,15.075687,-12.756351,5.432129,cycling_2
1769336856.8270853,-0.776611,-0.089478,-0.719360,11.291508,-11.718754,2.502441,cycling_2
1769336856.8456635,-0.854614,-0.028442,-0.744873,14.526371,-4.638672,2.441406,cycling_2
1769336856.9317348,-0.679688,0.002197,-0.738892,9.521484,-6.103518,2.075195,cycling_2
1769336856.9317348,-0.723755,-0.122437,-0.747070,14.770512,-10.009766,0.427246,cycling_2
1769336856.9317348,-0.768433,0.057251,-0.620972,9.155273,-4.699707,0.549316,cycling_2
1769336856.9460719,-0.751343,-0.319580,-0.652100,6.347658,-6.164553,-9.826660,cycling_2
1769336856.9460719,-0.740967,0.066284,-0.670044,9.460449,10.498047,13.916019,cycling_2
1769336856.9641054,-0.740234,0.057251,-0.686523,2.319336,2.075195,1.892090,cycling_2
1769336856.9855237,-0.751343,-0.041016,-0.700928,10.375977,2.624512,-2.624512,cycling_2
1769336857.004591,-0.678711,0.138428,-0.630615,9.033203,4.577637,6.652834,cycling_2
1769336857.0419257,-0.731934,0.031128,-0.670532,8.544922,-1.708985,1.037598,cycling_2
1769336857.0517433,-0.645508,-0.043823,-0.677124,10.009766,-3.601075,-0.854492,cycling_2
1769336857.0691073,-0.700684,-0.041626,-0.671631,16.418457,-3.906251,7.507326,cycling_2
1769336857.0885818,-0.767944,0.139893,-0.694702,16.174316,2.746582,7.141115,cycling_2
1769336857.1062026,-0.765869,0.092407,-0.697144,15.686039,-0.244141,0.122070,cycling_2
1769336857.1245372,-0.708740,0.099609,-0.633057,17.578125,-1.525879,-1.281738,cycling_2
1769336857.144288,-0.655518,-0.051758,-0.672119,12.146000,-5.310059,0.488281,cycling_2
1769336857.1657963,-0.845093,0.092407,-0.732666,16.906738,2.746582,5.981447,cycling_2
1769336857.1867735,-0.616699,-0.212158,-0.668701,7.324221,-5.554201,-2.319336,cycling_2
1769336857.2064013,-0.714355,-0.127441,-0.653076,11.962894,-0.671387,14.831547,cycling_2
1769336857.2217958,-0.876831,0.069336,-0.710083,4.455566,4.943848,11.962894,cycling_2
1769336857.247774,-0.785645,-0.093018,-0.706177,2.075195,-0.305176,4.577637,cycling_2
1769336857.2663882,-0.799805,0.054443,-0.698608,8.422852,0.854492,10.864258,cycling_2
1769336857.2859979,-0.718140,-0.076416,-0.654419,0.976563,-5.493164,4.089355,cycling_2
1769336857.309077,-0.800049,-0.119751,-0.729248,6.408693,0.976563,10.742188,cycling_2
1769336857.3304834,-0.727539,-0.002319,-0.698242,5.859377,0.305176,14.526371,cycling_2
1769336857.3457437,-0.789185,-0.277710,-0.680054,8.605957,-13.732914,-0.244141,cycling_2
1769336857.366364,-0.823608,-0.195923,-0.670410,13.122562,-6.347658,0.366211,cycling_2
1769336857.3882396,-0.769775,-0.120728,-0.671265,8.911133,-2.624512,5.493164,cycling_2
1769336857.4209955,-0.797607,-0.107910,-0.729004,10.009766,1.464844,-2.807618,cycling_2
1769336857.422141,-0.708130,-0.127075,-0.699341,14.709476,0.061035,2.624512,cycling_2
1769336857.4487398,-0.762207,-0.130737,-0.665405,9.582520,2.014160,-3.051759,cycling_2
1769336857.4634411,-0.889038,-0.082275,-0.700439,13.305668,7.507326,-0.244141,cycling_2
1769336857.484586,-0.769897,-0.132935,-0.607666,3.540040,3.662110,-7.324221,cycling_2
1769336857.541821,-0.756836,-0.198608,-0.629395,4.943848,6.530764,-3.784181,cycling_2
1769336857.541821,-0.834351,0.075195,-0.704590,5.432129,13.305668,2.990724,cycling_2
1769336857.541821,-0.734497,-0.018311,-0.576782,-4.882813,4.577637,-7.202150,cycling_2
1769336857.6319413,-0.738892,-0.045898,-0.612671,3.234864,8.361816,7.812502,cycling_2
1769336857.658608,-0.822266,0.166504,-0.628662,-3.723145,13.854984,6.652834,cycling_2
1769336857.6785727,-0.628296,-0.003052,-0.584473,-6.164553,8.850098,-8.728027,cycling_2
1769336857.7087743,-0.569458,0.013550,-0.638550,3.723145,4.272461,4.577637,cycling_2
1769336857.749572,-0.775146,0.172363,-0.676880,4.394531,1.892090,0.671387,cycling_2
1769336857.752211,-0.723267,-0.132813,-0.684204,2.990724,0.854492,-17.578125,cycling_2
1769336857.7547698,-0.691528,0.141113,-0.694336,13.061527,3.662110,2.502441,cycling_2
1769336857.7579901,-0.726685,0.164307,-0.635986,9.094238,-0.671387,-5.615236,cycling_2
1769336857.7579901,-0.659302,-0.083740,-0.682373,14.831547,-7.080080,-12.146000,cycling_2
1769336857.7619677,-0.688232,0.056152,-0.671509,19.348145,-11.169437,0.122070,cycling_2
1769336857.7704408,-0.699219,0.054443,-0.645752,16.235352,-10.925293,2.929688,cycling_2
1769336857.789127,-0.775879,0.026733,-0.724854,19.592285,-8.300781,1.892090,cycling_2
1769336857.8119912,-0.737671,0.072510,-0.684326,19.592285,-20.324707,0.976563,cycling_2
1769336857.8262987,-0.789795,-0.038940,-0.649658,16.845703,-17.517090,5.126953,cycling_2
1769336857.8454325,-0.875488,-0.151855,-0.713989,13.977055,-16.601563,-7.324221,cycling_2
1769336857.8674402,-0.733398,-0.208740,-0.628052,14.343266,-16.784668,4.394531,cycling_2
1769336857.887179,-0.760742,-0.291504,-0.679199,10.864258,-16.296387,-0.183106,cycling_2
1769336857.908225,-0.803345,-0.335571,-0.631470,9.643555,-12.695316,0.549316,cycling_2
1769336857.927841,-0.714966,-0.375366,-0.618408,8.178711,-10.009766,1.647950,cycling_2
1769336857.9498124,-0.837158,-0.258789,-0.693970,9.704590,-0.854492,0.488281,cycling_2
1769336857.9695399,-0.789673,-0.214233,-0.638062,10.253906,-1.892090,-0.732422,cycling_2
1769336857.9918344,-0.810181,-0.182495,-0.669556,13.305668,-0.549316,-1.953125,cycling_2
1769336858.0052767,-0.770264,-0.269043,-0.627197,10.803223,0.427246,-6.652834,cycling_2
1769336858.027575,-0.781372,-0.152710,-0.598145,12.329105,3.112794,4.150391,cycling_2
1769336858.0609891,-0.785400,-0.185669,-0.649658,8.666992,3.967286,-2.502441,cycling_2
1769336858.0620022,-0.714600,-0.217041,-0.620728,8.117676,3.723145,2.868653,cycling_2
1769336858.0892973,-0.789307,-0.159058,-0.687988,6.469728,4.333496,4.455566,cycling_2
1769336858.1097043,-0.779663,-0.164795,-0.624756,5.187988,2.868653,4.455566,cycling_2
1769336858.1290052,-0.750610,-0.134766,-0.639771,3.112794,3.112794,5.493164,cycling_2
1769336858.150531,-0.779663,-0.102783,-0.649292,2.685547,3.356935,3.845216,cycling_2
1769336858.1652377,-0.616577,-0.297607,-0.555542,-0.305176,-0.488281,3.845216,cycling_2
1769336858.1891644,-0.794922,-0.040161,-0.625732,1.403809,5.371094,13.183598,cycling_2
1769336858.2068894,-0.654175,-0.133301,-0.657104,0.671387,5.554201,9.216309,cycling_2
1769336858.228933,-0.815430,-0.062256,-0.720581,7.812502,2.258301,10.925293,cycling_2
1769336858.2484436,-0.725342,0.007080,-0.585815,5.004883,2.319336,12.451176,cycling_2
1769336858.2620296,-0.668701,-0.146606,-0.597412,3.479005,-0.854492,11.901859,cycling_2
1769336858.289228,-0.886230,-0.078247,-0.719727,6.774904,3.234864,13.488773,cycling_2
1769336858.309254,-0.653442,-0.175049,-0.572144,2.014160,-2.563477,14.709476,cycling_2
1769336858.3300173,-0.868652,0.190552,-0.653198,5.737307,3.051759,26.123055,cycling_2
1769336858.3488593,-0.632568,-0.218872,-0.636841,1.037598,-5.004883,2.624512,cycling_2
1769336858.3689957,-0.616943,-0.126099,-0.612183,8.300781,-5.493164,23.803719,cycling_2
1769336858.385761,-0.810669,-0.054321,-0.642944,0.244141,-2.136230,14.953617,cycling_2
1769336858.413484,-0.670776,-0.439331,-0.685059,0.671387,-1.098633,9.582520,cycling_2
1769336858.4218287,-0.786255,0.048584,-0.679443,4.943848,8.056641,32.714844,cycling_2
1769336858.448301,-0.821411,0.038818,-0.642822,-1.770020,7.080080,16.357422,cycling_2
1769336858.4652405,-0.772217,-0.035889,-0.625854,7.324221,4.882813,16.296387,cycling_2
1769336858.4916847,-0.748779,-0.165527,-0.638794,4.821777,-1.770020,10.498047,cycling_2
1769336858.507519,-0.803589,-0.111572,-0.680786,8.911133,7.202150,18.493652,cycling_2
1769336858.5264685,-0.788696,0.008667,-0.701050,6.896975,3.051759,18.005371,cycling_2
1769336858.5488565,-0.688354,-0.241577,-0.658447,5.432129,-4.089355,16.052246,cycling_2
1769336858.567771,-0.888916,-0.082886,-0.682861,7.202150,2.868653,22.521980,cycling_2
1769336858.581905,-0.847046,0.110840,-0.632935,1.220703,8.178711,21.667480,cycling_2
1769336858.6173794,-0.602539,-0.203125,-0.623535,-3.662110,-0.366211,12.146000,cycling_2
1769336858.6233337,-0.730713,-0.064575,-0.705322,5.615236,8.239746,26.245125,cycling_2
1769336858.6500723,-0.695313,0.139038,-0.591064,0.061035,8.117676,32.409668,cycling_2
1769336858.668782,-0.665283,0.055542,-0.667236,1.220703,8.544922,23.742683,cycling_2
1769336858.6883674,-0.800049,0.228882,-0.721069,5.920412,12.084965,20.324707,cycling_2
1769336858.7063112,-0.631714,-0.124023,-0.604614,-2.441406,-4.760742,11.413578,cycling_2
1769336858.726491,-0.783081,-0.114990,-0.636353,3.845216,2.807618,23.437508,cycling_2
1769336858.7654603,-0.850952,0.301636,-0.751465,1.953125,15.014652,18.676758,cycling_2
1769336858.7686212,-0.683105,0.063232,-0.690186,-3.051759,-2.807618,7.690432,cycling_2
1769336858.7817554,-0.758423,-0.398315,-0.648682,-0.976563,-17.089844,2.685547,cycling_2
1769336858.8105717,-0.938110,-0.184082,-0.707031,1.708985,4.455566,19.958496,cycling_2
1769336858.8250859,-0.876343,0.131470,-0.686646,-4.821777,16.235352,20.446777,cycling_2
1769336858.8464944,-0.721313,-0.090210,-0.697388,-6.530764,6.835939,2.380371,cycling_2
1769336858.867138,-0.858276,0.042236,-0.710815,6.103518,13.244633,20.751953,cycling_2
1769336858.8871853,-0.776489,-0.005859,-0.662964,-0.915528,11.779789,9.704590,cycling_2
1769336858.9085665,-0.764771,-0.040161,-0.670410,7.202150,9.765625,9.216309,cycling_2
1769336858.981941,-0.795654,0.110229,-0.671875,9.704590,14.526371,11.718754,cycling_2
1769336858.981941,-0.733643,-0.027466,-0.651611,3.112794,7.446291,0.610352,cycling_2
1769336858.983521,-0.685303,0.024780,-0.579834,9.033203,10.803223,10.498047,cycling_2
1769336858.983521,-0.726074,0.234009,-0.650269,8.422852,11.291508,9.643555,cycling_2
1769336859.0158045,-0.581543,0.074951,-0.574219,6.347658,-1.037598,-1.464844,cycling_2
1769336859.0315561,-0.716919,0.328735,-0.715576,16.113281,11.352543,14.038090,cycling_2
1769336859.0464506,-0.685303,0.370605,-0.657471,6.958010,2.685547,-0.976563,cycling_2
1769336859.0668147,-0.528564,-0.202148,-0.674927,11.047363,-18.676758,-13.671879,cycling_2
1769336859.0882359,-0.767212,0.037109,-0.720703,19.042969,-3.906251,14.953617,cycling_2
1769336859.1078112,-0.851929,0.364502,-0.629639,6.591799,4.272461,9.155273,cycling_2
1769336859.1275516,-0.708496,-0.134399,-0.709229,9.582520,-7.873537,-3.112794,cycling_2
1769336859.1438918,-1.000977,0.306519,-0.805908,11.962894,2.929688,2.990724,cycling_2
1769336859.166514,-0.719482,-0.207397,-0.674683,-7.080080,-10.375977,-21.667480,cycling_2
1769336859.1857743,-0.667114,-0.274292,-0.624634,5.737307,-3.051759,2.990724,cycling_2
1769336859.2080863,-0.982910,0.065674,-0.776245,7.873537,1.647950,4.089355,cycling_2
1769336859.228602,-0.705322,0.023438,-0.643555,1.159668,6.408693,-2.380371,cycling_2
1769336859.2472715,-0.664429,-0.180298,-0.704834,9.460449,-6.469728,-1.586915,cycling_2
1769336859.2688131,-0.809082,0.013672,-0.693115,12.146000,4.333496,0.915528,cycling_2
1769336859.2882535,-0.681030,-0.061279,-0.645630,7.751467,2.136230,-5.798342,cycling_2
1769336859.3100731,-0.718506,-0.025635,-0.667603,10.009766,3.173829,-1.953125,cycling_2
1769336859.3240254,-0.764404,-0.068970,-0.734009,7.324221,5.004883,-7.141115,cycling_2
1769336859.3445334,-0.729736,-0.030151,-0.685913,6.530764,6.347658,-4.211426,cycling_2
1769336859.3657637,-0.723389,-0.050293,-0.653564,5.004883,5.065918,-7.934572,cycling_2
1769336859.3867874,-0.791016,0.013306,-0.720581,1.342773,6.958010,-12.573246,cycling_2
1769336859.4076765,-0.649780,-0.328003,-0.666504,2.136230,3.295899,-12.268070,cycling_2
1769336859.429005,-0.792480,-0.047241,-0.719116,5.859377,12.573246,9.765625,cycling_2
1769336859.4484413,-0.775024,0.098145,-0.677612,1.770020,14.831547,-1.098633,cycling_2
1769336859.4659414,-0.638550,-0.008789,-0.655029,0.976563,4.516602,-5.737307,cycling_2
1769336859.4855587,-0.701660,0.024414,-0.667847,4.943848,4.028320,2.563477,cycling_2
1769336859.5071433,-0.759644,0.180542,-0.685181,-1.037598,7.873537,1.159668,cycling_2
1769336859.5269027,-0.576538,-0.169434,-0.700684,0.305176,-2.380371,-5.798342,cycling_2
1769336859.5459998,-0.711914,0.111084,-0.739136,4.150391,7.690432,15.808109,cycling_2
1769336859.5677972,-0.762573,0.177368,-0.686401,-2.746582,1.892090,-2.380371,cycling_2
1769336859.5883412,-0.578735,-0.156128,-0.649170,-5.493164,-2.685547,-8.789063,cycling_2
1769336859.6096258,-0.728760,-0.069702,-0.719482,-0.244141,-1.770020,7.263186,cycling_2
1769336859.622957,-0.783813,-0.002686,-0.703125,-6.225588,1.647950,2.746582,cycling_2
1769336859.645111,-0.630737,-0.165161,-0.614624,-4.821777,-5.310059,-4.211426,cycling_2
1769336859.6687763,-0.899292,0.164185,-0.847412,7.202150,-0.976563,8.300781,cycling_2
1769336859.6853774,-0.622314,-0.190308,-0.654053,0.366211,-6.042482,-9.155273,cycling_2
1769336859.7075896,-0.677856,-0.204956,-0.687256,8.239746,-6.835939,8.728027,cycling_2
1769336859.7272184,-0.861572,0.081665,-0.755005,5.859377,2.868653,11.657719,cycling_2
1769336859.7459369,-0.692993,-0.158325,-0.658813,-2.502441,-2.441406,-8.361816,cycling_2
1769336859.7687068,-0.677490,-0.213379,-0.678345,0.793457,-2.502441,5.737307,cycling_2
1769336859.7884514,-0.819458,-0.078857,-0.741699,-4.821777,7.141115,1.831055,cycling_2
1769336859.8089645,-0.707642,-0.164917,-0.701294,-3.784181,3.723145,-2.441406,cycling_2
1769336859.8283947,-0.832764,-0.003296,-0.747314,0.488281,6.896975,3.051759,cycling_2
1769336859.8456078,-0.765015,-0.254150,-0.745972,-3.295899,0.061035,-18.615723,cycling_2
1769336859.867459,-0.562744,-0.296143,-0.619629,-2.380371,5.676271,1.831055,cycling_2
1769336859.8887358,-0.802002,0.050171,-0.716919,1.159668,7.324221,10.803223,cycling_2
1769336859.9079747,-0.792236,0.042969,-0.720825,-5.126953,9.948730,-7.507326,cycling_2
1769336859.9279108,-0.622559,0.010742,-0.654541,0.183106,5.432129,6.958010,cycling_2
1769336859.9420555,-0.790527,0.160400,-0.743164,-2.624512,5.859377,-3.112794,cycling_2
1769336859.9658425,-0.580688,-0.035156,-0.681763,-6.408693,6.042482,-8.972168,cycling_2
1769336859.9840972,-0.681885,-0.026855,-0.751099,-0.976563,2.990724,3.173829,cycling_2
1769336860.0069828,-0.733398,0.124146,-0.696533,-0.854492,4.516602,4.028320,cycling_2
1769336860.027606,-0.593506,0.048584,-0.647461,-2.380371,-1.953125,-2.197266,cycling_2
1769336860.0472271,-0.718750,0.033936,-0.743896,3.112794,-2.075195,5.187988,cycling_2
1769336860.0675263,-0.677124,-0.001709,-0.696289,1.159668,-3.173829,-0.061035,cycling_2
1769336860.0877638,-0.636963,-0.007690,-0.689209,2.624512,-3.112794,4.638672,cycling_2
1769336860.1080809,-0.777832,0.003906,-0.765869,5.859377,-4.760742,-1.586915,cycling_2
1769336860.128818,-0.656494,-0.017944,-0.675171,2.563477,-2.624512,-0.732422,cycling_2
1769336860.1439183,-0.639648,-0.204834,-0.769409,5.493164,-5.126953,-4.760742,cycling_2
1769336860.1685627,-0.773926,0.021118,-0.773682,7.995607,0.000000,8.300781,cycling_2
1769336860.1853855,-0.733521,-0.027954,-0.712891,3.356935,-2.075195,0.244141,cycling_2
1769336860.2092853,-0.714722,-0.076294,-0.703979,5.371094,-3.112794,2.502441,cycling_2
1769336860.2277386,-0.742188,-0.027832,-0.718628,0.671387,-0.915528,6.713869,cycling_2
1769336860.2463684,-0.785034,-0.013794,-0.772705,-0.244141,2.563477,4.638672,cycling_2
1769336860.2686906,-0.722534,-0.111694,-0.689209,-2.014160,-0.732422,-1.525879,cycling_2
1769336860.2886577,-0.637329,-0.057983,-0.641846,-5.432129,2.685547,8.728027,cycling_2
1769336860.304694,-0.772949,0.006104,-0.737671,-3.356935,3.906251,6.164553,cycling_2
1769336860.324348,-0.672852,0.035400,-0.658569,-2.319336,-1.770020,-1.281738,cycling_2
1769336860.3445685,-0.641479,0.093506,-0.669922,2.380371,-3.417970,5.004883,cycling_2
1769336860.3682547,-0.675781,0.097290,-0.734375,5.554201,-5.493164,1.831055,cycling_2
1769336860.3871386,-0.620972,0.125366,-0.697144,6.774904,-4.333496,5.432129,cycling_2
1769336860.4080226,-0.688599,0.058105,-0.758301,8.544922,-7.873537,-1.098633,cycling_2
1769336860.4285002,-0.670532,0.168945,-0.662109,7.934572,-4.272461,6.530764,cycling_2
1769336860.4496815,-0.705933,0.060059,-0.756104,2.624512,-3.784181,-0.671387,cycling_2
1769336860.470106,-0.740234,0.045166,-0.800049,3.662110,-2.868653,1.708985,cycling_2
1769336860.4916966,-0.569580,-0.054077,-0.661011,-0.183106,-5.737307,5.249023,cycling_2
1769336860.5064998,-0.686035,0.030029,-0.704712,2.319336,-5.859377,12.756351,cycling_2
1769336860.5270786,-0.811157,0.049438,-0.698120,2.258301,-5.859377,3.479005,cycling_2
1769336860.542149,-0.677979,-0.012695,-0.624146,-0.549316,-5.676271,5.065918,cycling_2
1769336860.5663166,-0.682373,-0.116455,-0.701538,0.915528,-6.225588,6.347658,cycling_2
1769336860.5937243,-0.824097,-0.069580,-0.741699,6.408693,-3.479005,4.760742,cycling_2
1769336860.6091204,-0.717896,-0.017456,-0.655884,4.516602,-2.746582,8.605957,cycling_2
1769336860.6372356,-0.786865,-0.079590,-0.686035,4.394531,-5.310059,2.197266,cycling_2
1769336860.6476135,-0.839233,-0.094116,-0.721191,3.601075,-2.746582,1.525879,cycling_2
1769336860.6649923,-0.728760,-0.215210,-0.682129,0.732422,-1.525879,1.281738,cycling_2
1769336860.6928353,-0.793335,-0.037354,-0.724854,-1.770020,8.483887,11.535648,cycling_2
1769336860.7060845,-0.785156,-0.137329,-0.710205,-6.958010,7.385256,-1.220703,cycling_2
1769336860.726819,-0.760254,-0.107910,-0.742432,-4.760742,11.596684,3.479005,cycling_2
1769336860.75451,-0.770264,-0.078735,-0.725098,-9.521484,12.268070,-2.075195,cycling_2
1769336860.768837,-0.724365,0.015747,-0.698853,-9.765625,15.930180,1.403809,cycling_2
1769336860.783361,-0.730835,-0.033081,-0.732056,-8.300781,13.549809,-4.455566,cycling_2
1769336860.8113236,-0.744263,0.046875,-0.698486,-5.554201,14.831547,-4.272461,cycling_2
1769336860.8297899,-0.608765,0.010010,-0.602051,-9.643555,6.042482,-6.042482,cycling_2
1769336860.851891,-0.726196,0.129150,-0.683838,-7.263186,10.131836,3.723145,cycling_2
1769336860.8734016,-0.691406,0.201294,-0.711548,-8.605957,9.155273,-2.990724,cycling_2
1769336860.894073,-0.525269,0.117188,-0.653931,-7.324221,-1.098633,-6.164553,cycling_2
1769336860.9118426,-0.578857,0.123291,-0.686768,-3.662110,-3.112794,-0.732422,cycling_2
1769336860.928794,-0.757080,0.196411,-0.771973,-3.784181,-0.976563,-4.028320,cycling_2
1769336860.9517086,-0.583252,0.066895,-0.684692,-2.502441,-4.516602,-9.582520,cycling_2
1769336860.9785306,-0.589478,0.171753,-0.701050,1.770020,-6.591799,-0.671387,cycling_2
1769336860.991679,-0.725464,0.187256,-0.746338,4.089355,-6.164553,-2.136230,cycling_2
1769336861.005485,-0.659424,-0.021606,-0.735840,3.723145,-12.817387,-9.704590,cycling_2
1769336861.0261414,-0.696411,0.011597,-0.702759,3.662110,-6.835939,7.263186,cycling_2
1769336861.0524354,-0.797852,0.049805,-0.734619,0.244141,-5.432129,2.807618,cycling_2
1769336861.0696232,-0.738525,0.005493,-0.721313,-2.990724,-4.211426,1.953125,cycling_2
1769336861.09109,-0.690674,0.010620,-0.712769,-3.051759,-4.150391,6.408693,cycling_2
1769336861.1089342,-0.736572,-0.051025,-0.746826,-5.554201,-7.446291,-6.774904,cycling_2
1769336861.1228456,-0.658936,0.014893,-0.659180,-1.770020,-1.464844,9.399414,cycling_2
1769336861.147302,-0.716553,0.084229,-0.724854,-0.549316,-2.563477,5.737307,cycling_2
1769336861.168947,-0.703491,0.078003,-0.708252,2.014160,-2.746582,2.136230,cycling_2
1769336861.1822145,-0.707886,0.012451,-0.749390,5.798342,-7.568361,-1.647950,cycling_2
1769336861.2058146,-0.652832,-0.042114,-0.645264,6.164553,-4.516602,4.699707,cycling_2
1769336861.226967,-0.750732,0.085693,-0.703125,8.728027,-2.746582,6.652834,cycling_2
1769336861.247602,-0.754395,0.092285,-0.692871,9.826660,1.708985,0.732422,cycling_2
1769336861.2682066,-0.728149,0.069458,-0.684937,11.230473,6.103518,-1.403809,cycling_2
1769336861.2827828,-0.666138,0.108154,-0.692871,12.634281,2.807618,-3.295899,cycling_2
1769336861.3030913,-0.638306,0.172363,-0.724609,20.935059,-0.732422,-4.943848,cycling_2
1769336861.323467,-0.584595,0.234741,-0.669678,21.789551,-9.826660,-4.699707,cycling_2
1769336861.3481457,-0.604736,0.026978,-0.703613,22.155769,-14.709476,-11.108402,cycling_2
1769336861.3668575,-0.704712,0.184692,-0.793823,20.996094,-1.159668,-3.112794,cycling_2
1769336861.386735,-0.646973,0.086792,-0.775146,17.883301,-10.925293,-14.526371,cycling_2
1769336861.4077444,-0.570313,-0.092651,-0.664917,15.625004,-14.953617,-4.333496,cycling_2
1769336861.427402,-0.748901,-0.072510,-0.722900,12.451176,-6.713869,-0.976563,cycling_2
1769336861.4479141,-0.783203,-0.000366,-0.706177,7.507326,-1.037598,-2.197266,cycling_2
1769336861.4660923,-0.697021,-0.070679,-0.686523,5.798342,-8.300781,-5.310059,cycling_2
1769336861.4900632,-0.784790,-0.059082,-0.736572,8.422852,-4.943848,-0.488281,cycling_2
1769336861.5081036,-0.711426,-0.138916,-0.658447,7.507326,-9.338379,-5.371094,cycling_2
1769336861.526563,-0.771484,-0.093262,-0.703491,9.155273,-4.211426,-1.953125,cycling_2
1769336861.54853,-0.756226,-0.084473,-0.707520,9.460449,-1.586915,-3.295899,cycling_2
1769336861.5665681,-0.771118,-0.114868,-0.716309,11.230473,-3.417970,-6.225588,cycling_2
1769336861.588117,-0.665649,-0.329956,-0.691650,10.742188,-7.141115,-2.624512,cycling_2
1769336861.6082258,-0.822144,-0.085083,-0.737793,11.657719,-2.685547,3.173829,cycling_2
1769336861.6305332,-0.691772,-0.215698,-0.661133,8.483887,-0.427246,0.366211,cycling_2
1769336861.649033,-0.690552,-0.234497,-0.740112,6.958010,-0.122070,4.455566,cycling_2
1769336861.6651227,-0.767334,-0.200928,-0.786255,6.591799,-4.272461,5.065918,cycling_2
1769336861.686279,-0.632202,-0.099121,-0.699829,10.375977,-11.962894,12.634281,cycling_2
1769336861.7088082,-0.641968,-0.203003,-0.780396,10.681152,-22.033691,14.709476,cycling_2
1769336861.7280731,-0.723999,-0.226074,-0.735840,9.277344,-21.728516,18.066406,cycling_2
1769336861.7487807,-0.906250,-0.198853,-0.764160,7.141115,-15.747074,18.615723,cycling_2
1769336861.7631626,-0.840332,-0.295288,-0.581665,0.732422,-7.995607,17.761230,cycling_2
1769336861.7879364,-0.850220,-0.216187,-0.645386,-4.516602,2.563477,14.770512,cycling_2
1769336861.803368,-0.804810,-0.246704,-0.624634,-8.239746,8.422852,11.718754,cycling_2
1769336861.824349,-0.710815,-0.187012,-0.625488,-10.498047,12.451176,15.014652,cycling_2
1769336861.8452175,-0.842773,-0.030029,-0.619263,-9.338379,17.578125,14.343266,cycling_2
1769336861.8657134,-0.812256,0.014526,-0.652100,-13.671879,25.878914,7.019045,cycling_2
1769336861.8876796,-0.669434,-0.065308,-0.635864,-12.329105,29.785164,8.666992,cycling_2
1769336861.9071183,-0.683960,0.239136,-0.721313,-5.676271,32.653809,16.540527,cycling_2
1769336861.9234765,-0.691406,0.299805,-0.633545,-7.019045,25.878914,5.859377,cycling_2
1769336861.9490118,-0.645752,0.051514,-0.635132,-3.723145,11.108402,-4.272461,cycling_2
1769336861.963473,-0.625977,0.162109,-0.726318,-1.586915,15.502934,11.169437,cycling_2
1769336862.0086603,-0.648071,0.289673,-0.728149,-0.366211,9.460449,10.559082,cycling_2
1769336862.021962,-0.555908,0.170898,-0.631958,-0.610352,-3.234864,3.173829,cycling_2
1769336862.0290053,-0.633789,-0.014771,-0.662476,-2.502441,-5.676271,6.713869,cycling_2
1769336862.0460837,-0.791748,0.119751,-0.726318,0.488281,0.244141,9.887695,cycling_2
1769336862.068814,-0.665649,0.007935,-0.681396,0.061035,-10.803223,-2.624512,cycling_2
1769336862.083035,-0.613647,-0.156128,-0.673462,4.943848,-7.263186,4.821777,cycling_2
1769336862.109928,-0.679321,-0.132935,-0.789795,5.065918,-0.183106,3.784181,cycling_2
1769336862.1285074,-0.703125,0.010010,-0.794189,10.742188,2.014160,15.136723,cycling_2
1769336862.1444113,-0.709473,0.039551,-0.769043,13.732914,-9.033203,11.413578,cycling_2
1769336862.1650262,-0.747437,-0.138550,-0.669678,14.892582,-18.188477,12.146000,cycling_2
1769336862.1848896,-0.841675,-0.048096,-0.742310,9.094238,-4.882813,7.019045,cycling_2
1769336862.207019,-0.716064,-0.049805,-0.690308,7.751467,-1.953125,3.784181,cycling_2
1769336862.227135,-0.721069,-0.063721,-0.734741,10.253906,-3.784181,4.516602,cycling_2
1769336862.2488825,-0.822144,0.106323,-0.714966,12.512211,1.708985,6.286623,cycling_2
1769336862.2686298,-0.672363,-0.067871,-0.681885,7.080080,-0.610352,0.244141,cycling_2
1769336862.2879229,-0.775757,0.018188,-0.726685,7.751467,5.798342,8.789063,cycling_2
1769336862.3092263,-0.771118,-0.000854,-0.726807,7.507326,1.342773,3.295899,cycling_2
1769336862.3252957,-0.701660,-0.007568,-0.733032,6.469728,0.915528,3.723145,cycling_2
1769336862.344623,-0.674316,-0.122314,-0.736694,6.958010,-0.854492,4.577637,cycling_2
1769336862.3660073,-0.690918,0.007202,-0.711792,4.577637,0.488281,12.634281,cycling_2
1769336862.3883805,-0.760498,0.039307,-0.762695,4.455566,-0.610352,7.934572,cycling_2
1769336862.4079049,-0.691528,-0.063477,-0.715454,4.333496,-7.751467,2.746582,cycling_2
1769336862.4280863,-0.644043,-0.048706,-0.634521,4.577637,-11.169437,20.935059,cycling_2
1769336862.4481897,-0.828125,0.055542,-0.734619,4.089355,-9.887695,10.559082,cycling_2
1769336862.4646943,-0.741455,-0.024780,-0.694336,5.249023,-9.765625,5.004883,cycling_2
1769336862.4847054,-0.665161,-0.154419,-0.637329,7.080080,-11.291508,8.972168,cycling_2
1769336862.5051308,-0.776245,-0.132813,-0.653442,5.981447,-0.732422,9.887695,cycling_2
1769336862.5309422,-0.758423,0.197388,-0.713257,5.187988,13.610844,16.906738,cycling_2
1769336862.5485556,-0.749634,0.128784,-0.752075,11.108402,1.037598,2.075195,cycling_2
1769336862.5677881,-0.784912,-0.023804,-0.679810,8.422852,-0.793457,1.281738,cycling_2
1769336862.586872,-0.742188,-0.032593,-0.666260,2.075195,5.126953,7.873537,cycling_2
1769336862.6088545,-0.794678,-0.104858,-0.759155,2.380371,5.187988,5.615236,cycling_2
1769336862.6239927,-0.806396,0.143433,-0.693481,-0.854492,9.216309,8.850098,cycling_2
1769336862.6443267,-0.717773,0.019409,-0.710083,-3.784181,3.295899,-0.793457,cycling_2
1769336862.664959,-0.670044,-0.029419,-0.749756,-5.798342,2.136230,-0.244141,cycling_2
1769336862.6849687,-0.760864,0.021973,-0.687988,-2.868653,3.234864,7.568361,cycling_2
1769336862.7086306,-0.619995,-0.089111,-0.586426,-8.361816,-1.403809,4.272461,cycling_2
1769336862.728264,-0.752808,-0.039795,-0.721069,-2.136230,2.624512,5.065918,cycling_2
1769336862.7481086,-0.724121,0.114624,-0.712646,2.563477,2.868653,9.277344,cycling_2
1769336862.768497,-0.651855,0.014648,-0.709595,5.004883,-5.371094,2.624512,cycling_2
1769336862.7869506,-0.622437,-0.246948,-0.615479,7.812502,-7.812502,7.263186,cycling_2
1769336862.8101394,-0.894287,0.148682,-0.750000,12.023930,12.939457,17.639160,cycling_2
1769336862.8271227,-0.660400,0.045776,-0.697266,6.652834,4.699707,0.854492,cycling_2
1769336862.8446157,-0.675293,0.123169,-0.680054,10.009766,2.868653,9.033203,cycling_2
1769336862.8668668,-0.882446,0.187866,-0.768188,8.789063,5.249023,-0.793457,cycling_2
1769336862.88688,-0.669067,0.030640,-0.665527,4.089355,1.708985,-4.150391,cycling_2
1769336862.907292,-0.671753,-0.141968,-0.670654,3.295899,-1.220703,0.549316,cycling_2
1769336862.9271119,-0.799805,0.161499,-0.661377,-2.746582,10.009766,10.498047,cycling_2
1769336862.9481575,-0.648560,-0.112183,-0.731323,-1.464844,3.906251,-5.187988,cycling_2
1769336862.967963,-0.558105,0.042236,-0.662231,-1.708985,3.906251,10.437012,cycling_2
1769336862.9866426,-0.703491,0.110718,-0.705688,-1.770020,4.882813,2.624512,cycling_2
1769336863.0049727,-0.716919,0.184326,-0.756836,1.708985,4.882813,4.028320,cycling_2
1769336863.0262856,-0.680176,-0.010498,-0.751709,4.333496,-1.770020,0.427246,cycling_2
1769336863.0469792,-0.784058,-0.095947,-0.705933,2.014160,-7.202150,0.427246,cycling_2
1769336863.0671713,-0.854126,-0.198364,-0.649658,3.234864,-0.488281,0.305176,cycling_2
1769336863.0887954,-0.764648,-0.052734,-0.681763,-4.882813,-4.394531,-5.493164,cycling_2
1769336863.108534,-0.726563,-0.148438,-0.750610,-1.159668,-0.244141,0.122070,cycling_2
1769336863.1291292,-0.863281,-0.055054,-0.798584,3.417970,7.019045,2.319336,cycling_2
1769336863.1515365,-0.673584,0.034668,-0.640503,-5.126953,2.807618,0.610352,cycling_2
1769336863.241845,-0.599976,-0.253906,-0.618896,-8.605957,-1.525879,1.953125,cycling_2
1769336863.241845,-0.789917,-0.012817,-0.684937,-7.507326,9.094238,11.657719,cycling_2
1769336863.2460387,-0.649170,0.129150,-0.694214,-17.089844,15.319828,-5.371094,cycling_2
1769336863.256694,-0.544800,-0.119019,-0.662231,-10.986328,5.493164,-0.549316,cycling_2
1769336863.256694,-0.769531,0.166504,-0.703613,-8.117676,9.643555,11.779789,cycling_2
1769336863.268589,-0.757813,0.218994,-0.693848,-13.244633,12.023930,-1.953125,cycling_2
1769336863.290266,-0.632324,-0.021973,-0.693604,-9.521484,7.568361,-4.699707,cycling_2
1769336863.309808,-0.730347,0.033691,-0.726563,-5.065918,9.033203,4.089355,cycling_2
1769336863.3261666,-0.738159,0.101074,-0.714844,-9.216309,8.911133,-2.197266,cycling_2
1769336863.3481696,-0.740479,-0.005127,-0.703003,-10.498047,10.498047,-0.366211,cycling_2
1769336863.3652368,-0.750732,0.155273,-0.736084,-14.770512,15.563969,-0.244141,cycling_2
1769336863.3887563,-0.647461,-0.083252,-0.712524,-15.319828,10.559082,-4.028320,cycling_2
1769336863.4071968,-0.697632,0.061157,-0.740234,-9.521484,13.488773,5.004883,cycling_2
1769336863.4281127,-0.715942,0.189453,-0.701172,-12.023930,16.113281,-3.845216,cycling_2
1769336863.44944,-0.637085,0.082520,-0.692139,-10.375977,14.343266,-8.239746,cycling_2
1769336863.465121,-0.672974,0.155029,-0.714478,-5.004883,11.413578,-4.699707,cycling_2
1769336863.485542,-0.687622,0.081055,-0.736572,-2.502441,4.516602,-15.258793,cycling_2
1769336863.505558,-0.601929,-0.017822,-0.696777,-1.220703,4.577637,-6.896975,cycling_2
1769336863.5251698,-0.720703,0.199585,-0.763184,-5.065918,7.751467,0.732422,cycling_2
1769336863.5491366,-0.607544,0.032471,-0.708374,-10.375977,4.760742,-10.437012,cycling_2
1769336863.5672283,-0.674316,0.055542,-0.772217,-7.873537,4.943848,1.647950,cycling_2
1769336863.5887113,-0.673706,0.232178,-0.716309,-9.887695,7.263186,-4.089355,cycling_2
1769336863.6077626,-0.570679,-0.033203,-0.740112,-6.347658,-2.441406,-13.732914,cycling_2
1769336863.6218624,-0.713745,-0.019409,-0.730103,-0.732422,0.671387,0.183106,cycling_2
1769336863.6460693,-0.653931,0.288696,-0.694214,-2.319336,4.516602,-3.662110,cycling_2
1769336863.663692,-0.625610,0.070435,-0.794678,0.610352,-3.295899,-14.038090,cycling_2
1769336863.6866355,-0.596191,-0.110840,-0.731934,3.356935,-7.812502,-7.995607,cycling_2
1769336863.7056792,-0.645508,0.205811,-0.743774,-3.173829,-2.624512,6.469728,cycling_2
1769336863.7264025,-0.632690,-0.099487,-0.742188,-9.826660,-3.967286,-5.615236,cycling_2
1769336863.7471592,-0.855713,0.438110,-0.933228,-2.807618,7.629396,7.629396,cycling_2
1769336863.770221,-0.433350,0.213623,-0.691040,-8.972168,-4.455566,-19.653320,cycling_2
1769336863.7882605,-0.549683,-0.018188,-0.714844,-2.319336,-13.427738,-3.051759,cycling_2
1769336863.8074634,-0.857422,0.446533,-0.844360,-2.990724,-2.563477,3.417970,cycling_2
1769336863.8246415,-0.602539,0.108887,-0.714722,-5.126953,-7.202150,-19.348145,cycling_2
1769336863.8456619,-0.683716,0.000122,-0.744629,1.281738,-11.291508,-4.333496,cycling_2
1769336863.8659942,-0.714233,0.032471,-0.757568,-3.479005,-4.638672,0.671387,cycling_2
1769336863.8926966,-0.611450,-0.087036,-0.709717,-2.014160,-9.155273,-4.333496,cycling_2
1769336863.9073615,-0.543213,0.097900,-0.665894,-2.990724,-7.690432,9.948730,cycling_2
1769336863.9280925,-0.722534,0.247314,-0.802124,-0.732422,-6.347658,5.798342,cycling_2
1769336863.9470034,-0.668335,0.134399,-0.731812,-0.549316,-9.460449,-7.934572,cycling_2
1769336863.968626,-0.552368,-0.032227,-0.703735,0.061035,-11.352543,-5.310059,cycling_2
1769336863.9841828,-0.702393,0.277954,-0.729370,-0.549316,-3.051759,11.413578,cycling_2
1769336864.0056283,-0.665771,-0.032959,-0.748047,-0.549316,-10.009766,-15.747074,cycling_2
1769336864.0275223,-0.616089,-0.058228,-0.753174,-0.305176,-6.225588,3.662110,cycling_2
1769336864.0491548,-0.741333,0.157471,-0.734863,-3.417970,-3.906251,5.737307,cycling_2
1769336864.0674145,-0.737427,-0.015015,-0.802002,-2.868653,-4.943848,-6.958010,cycling_2
1769336864.0886877,-0.678345,0.070923,-0.755371,-2.929688,-0.122070,7.385256,cycling_2
1769336864.163023,-0.697998,0.041260,-0.725098,-3.967286,-1.403809,0.671387,cycling_2
1769336864.163023,-0.681519,0.042236,-0.711670,-3.417970,1.525879,4.272461,cycling_2
1769336864.178835,-0.717285,0.112915,-0.727295,-1.831055,0.427246,2.502441,cycling_2
1769336864.1948013,-0.632324,0.013672,-0.667847,-4.699707,-3.845216,-3.540040,cycling_2
1769336864.1955633,-0.646606,-0.022583,-0.704468,-5.554201,-3.295899,5.310059,cycling_2
1769336864.2064168,-0.618652,0.125000,-0.642334,-8.911133,0.061035,10.131836,cycling_2
1769336864.228858,-0.680908,0.298828,-0.714233,-5.432129,3.784181,8.361816,cycling_2
1769336864.249842,-0.679932,0.395020,-0.739624,-3.295899,-0.366211,-7.873537,cycling_2
1769336864.2708766,-0.482666,-0.043091,-0.642090,-0.854492,-6.591799,-1.342773,cycling_2
1769336864.3057423,-0.774414,0.485596,-0.770020,-4.821777,4.699707,11.718754,cycling_2
1769336864.4415882,-0.574341,0.144287,-0.708984,6.286623,-6.652834,-6.713869,cycling_2
1769336864.4415882,-0.671143,0.243896,-0.719360,12.451176,-3.967286,-3.112794,cycling_2
1769336864.4415882,-0.698975,0.199585,-0.767334,15.991215,-14.038090,-10.314941,cycling_2
1769336864.4516287,-0.596069,-0.146606,-0.677368,16.601563,-23.681648,-9.216309,cycling_2
1769336864.469384,-0.552612,-0.101685,-0.748047,16.967773,-1.281738,10.192871,cycling_2
1769336864.499563,-0.764526,0.374634,-0.848267,23.193367,5.371094,14.892582,cycling_2
1769336864.509679,-0.649170,0.174683,-0.684326,15.197758,-3.356935,-0.610352,cycling_2
1769336864.5271435,-0.615234,-0.016235,-0.677979,17.639160,-13.061527,10.131836,cycling_2
1769336864.5485592,-0.786255,0.314331,-0.761230,13.000492,-2.441406,17.578125,cycling_2
1769336864.5678914,-0.728027,0.036865,-0.745361,8.483887,-18.554688,-4.211426,cycling_2
1769336864.5891855,-0.636475,-0.174194,-0.666260,6.835939,-14.892582,8.483887,cycling_2
1769336864.6093724,-0.784546,-0.054565,-0.752197,1.403809,-4.089355,14.282230,cycling_2
1769336864.629692,-0.856445,0.031616,-0.784058,-0.671387,-2.685547,10.864258,cycling_2
1769336864.6433558,-0.861206,-0.118774,-0.773193,4.577637,-1.647950,1.220703,cycling_2
1769336864.6665227,-0.690430,0.098267,-0.687622,0.061035,11.779789,6.469728,cycling_2
1769336864.6854763,-0.684570,0.187744,-0.747314,5.065918,8.972168,5.676271,cycling_2
1769336864.7076113,-0.726440,0.165649,-0.802124,10.253906,7.995607,1.770020,cycling_2
1769336864.7283227,-0.681274,0.183838,-0.804199,16.845703,4.882813,4.516602,cycling_2
1769336864.749184,-0.572266,0.135498,-0.734497,16.845703,-18.859863,-0.488281,cycling_2
1769336864.7687466,-0.552979,0.121826,-0.700562,21.057129,-23.559578,8.728027,cycling_2
1769336864.7858045,-0.682739,0.246216,-0.688965,20.751953,-16.723633,7.141115,cycling_2
1769336864.8057506,-0.661621,0.239258,-0.620361,16.113281,-12.207035,14.892582,cycling_2
1769336864.8292403,-0.633911,-0.031128,-0.658203,12.939457,-20.996094,2.075195,cycling_2
1769336864.8442836,-0.766235,0.146362,-0.718750,20.812988,-16.235352,-1.403809,cycling_2
1769336864.8668654,-0.727539,0.214111,-0.644897,21.484375,-20.935059,-8.483887,cycling_2
1769336864.885993,-0.751221,-0.085449,-0.629639,26.733406,-24.292000,-6.591799,cycling_2
1769336864.9084241,-0.756104,-0.106934,-0.720825,32.287598,-20.568848,-2.258301,cycling_2
1769336864.928402,-0.820557,-0.050415,-0.709229,36.560059,-20.935059,-18.066406,cycling_2
1769336864.9476871,-0.795044,-0.259399,-0.690430,37.292480,-17.944336,-14.587406,cycling_2
1769336864.9675198,-0.809692,-0.178711,-0.726074,35.949707,-13.488773,-7.507326,cycling_2
1769336864.9861195,-0.798218,-0.246216,-0.690918,33.569336,-16.845703,-5.432129,cycling_2
1769336865.0042953,-0.785034,-0.293701,-0.716187,28.503426,-4.577637,-6.164553,cycling_2
1769336865.027942,-0.692383,-0.219116,-0.676147,22.460945,2.868653,3.295899,cycling_2
1769336865.1518295,-0.705688,-0.327148,-0.852539,15.014652,6.591799,7.568361,cycling_2
1769336865.1518295,-0.837524,-0.313477,-0.775146,16.113281,0.549316,7.446291,cycling_2
1769336865.1518295,-0.732788,-0.208740,-0.543091,7.812502,9.094238,8.117676,cycling_2
1769336865.2043204,-0.546387,-0.309814,-0.571167,1.770020,3.417970,15.380863,cycling_2
1769336865.204868,-0.857788,-0.138916,-0.700439,7.568361,3.479005,22.583015,cycling_2
1769336865.204868,-0.896606,0.167969,-0.653076,12.390141,15.502934,20.690918,cycling_2
1769336865.2054276,-0.673096,-0.192993,-0.548218,2.197266,8.483887,8.666992,cycling_2
1769336865.2054276,-0.800293,0.037354,-0.673218,0.366211,19.958496,27.099617,cycling_2
1769336865.2062287,-0.855103,0.127686,-0.698120,-8.178711,19.042969,10.437012,cycling_2
1769336865.2270062,-0.703491,-0.078613,-0.613281,-10.925293,22.827156,7.080080,cycling_2
1769336865.25204,-0.767944,0.227417,-0.708862,-11.352543,32.775879,14.160160,cycling_2
1769336865.2680125,-0.842529,0.413574,-0.763672,-6.103518,25.329597,2.380371,cycling_2
1769336865.287853,-0.528320,0.132080,-0.606079,-4.394531,5.859377,-8.117676,cycling_2
1769336865.3405647,-0.614624,-0.056396,-0.570068,-3.051759,3.906251,3.173829,cycling_2
1769336865.3428109,-0.742798,0.108643,-0.696899,-0.854492,3.234864,15.441898,cycling_2
1769336865.4086342,-0.697754,0.023804,-0.760132,3.051759,-2.868653,10.314941,cycling_2
1769336865.4086342,-0.754272,0.091431,-0.699097,4.333496,-0.732422,9.216309,cycling_2
1769336865.4086342,-0.709351,-0.073853,-0.679565,5.615236,-1.281738,5.004883,cycling_2
1769336865.4918368,-0.742554,0.065552,-0.688721,4.333496,5.187988,6.835939,cycling_2
1769336865.4918368,-0.809692,0.128784,-0.714722,4.638672,8.605957,1.647950,cycling_2
1769336865.4918368,-0.642456,-0.154419,-0.703735,8.239746,2.136230,-6.774904,cycling_2
1769336865.4918368,-0.710571,0.061523,-0.695557,14.404301,1.708985,9.033203,cycling_2
1769336865.5248334,-0.722778,0.068237,-0.711182,14.953617,-1.525879,0.732422,cycling_2
1769336865.5432606,-0.728882,0.018311,-0.710815,18.249512,-2.624512,-1.281738,cycling_2
1769336865.5432606,-0.693726,0.004028,-0.687744,18.127441,-3.479005,-1.220703,cycling_2
1769336865.5469844,-0.692261,-0.126831,-0.709106,15.136723,-1.647950,-3.173829,cycling_2
1769336865.5693946,-0.683472,0.086670,-0.677856,12.390141,4.150391,7.385256,cycling_2
1769336865.5888846,-0.785522,-0.034546,-0.760986,9.277344,2.319336,-0.122070,cycling_2
1769336865.6085324,-0.559570,-0.329834,-0.745239,3.784181,-2.868653,2.441406,cycling_2
1769336865.628832,-0.666016,-0.326050,-0.722412,5.920412,-10.437012,20.141602,cycling_2
1769336865.6485968,-0.712646,-0.049194,-0.703735,-0.610352,-5.432129,21.911621,cycling_2
1769336865.6665623,-0.775757,0.003418,-0.763306,4.638672,-0.854492,18.188477,cycling_2
1769336865.6868737,-0.633545,-0.162109,-0.739014,3.540040,-9.765625,15.136723,cycling_2
1769336865.7082427,-0.799561,-0.311523,-0.716797,6.164553,-10.070801,21.667480,cycling_2
1769336865.7271287,-0.875854,-0.094360,-0.651245,-4.943848,2.502441,15.441898,cycling_2
1769336865.742087,-0.995728,-0.257690,-0.879517,0.427246,11.230473,-2.746582,cycling_2
1769336865.7679222,-0.741333,-0.038452,-0.688721,1.953125,10.498047,3.417970,cycling_2
1769336865.787989,-0.613403,-0.287109,-0.595337,-9.887695,-2.075195,0.671387,cycling_2
1769336865.8089356,-0.954956,-0.341309,-0.642578,-11.779789,9.033203,1.708985,cycling_2
1769336865.83042,-0.942017,0.120239,-0.669800,-16.174316,31.677254,14.953617,cycling_2
1769336865.8443584,-0.617432,-0.029785,-0.711304,-21.301270,13.610844,-4.333496,cycling_2
1769336865.8661458,-0.742065,-0.018311,-0.761597,-14.404301,15.197758,7.812502,cycling_2
1769336865.8877807,-0.774414,0.026733,-0.654663,-18.676758,16.845703,7.263186,cycling_2
1769336865.9066517,-0.698608,0.279541,-0.593628,-25.085457,30.029305,9.826660,cycling_2
1769336865.9282439,-0.691162,0.177490,-0.675049,-22.644051,19.592285,-4.760742,cycling_2
1769336865.9506211,-0.627563,0.127075,-0.595947,-21.179199,11.718754,-3.417970,cycling_2
1769336865.9684188,-0.672852,-0.000977,-0.656982,-21.118164,5.859377,-7.812502,cycling_2
1769336865.9891453,-0.645630,0.247192,-0.713989,-13.671879,13.427738,2.624512,cycling_2
1769336866.0043228,-0.567139,0.099609,-0.689087,-10.742188,4.638672,-4.333496,cycling_2
1769336866.0253952,-0.564941,0.081665,-0.703003,-5.371094,4.943848,2.502441,cycling_2
1769336866.046642,-0.741333,0.315063,-0.780273,-2.075195,7.141115,0.732422,cycling_2
1769336866.0668066,-0.602051,0.135864,-0.737427,-5.737307,-0.183106,-11.352543,cycling_2
1769336866.0874217,-0.596069,-0.185547,-0.757324,-0.244141,-5.493164,-7.446291,cycling_2
1769336866.1068554,-0.727417,0.410645,-0.738403,-0.366211,10.559082,4.028320,cycling_2
1769336866.1280813,-0.612549,0.011353,-0.737427,-0.183106,-10.131836,-22.338875,cycling_2
1769336866.145748,-0.640747,0.154175,-0.702637,4.333496,-1.770020,4.211426,cycling_2
1769336866.1707187,-0.725830,0.209595,-0.693115,0.854492,-6.469728,-5.737307,cycling_2
1769336866.1885757,-0.671753,0.002319,-0.690674,0.549316,-13.427738,-13.549809,cycling_2
1769336866.2054346,-0.783691,0.140381,-0.747681,0.976563,-6.469728,-0.305176,cycling_2
1769336866.2287698,-0.685059,0.159180,-0.734131,-4.150391,-4.577637,-6.042482,cycling_2
1769336866.247114,-0.605713,0.029175,-0.781738,-1.159668,-9.277344,-3.417970,cycling_2
1769336866.2701743,-0.698120,0.088257,-0.767822,-0.488281,-4.211426,4.150391,cycling_2
1769336866.28833,-0.670532,-0.024902,-0.703125,-2.990724,-7.385256,-2.319336,cycling_2
1769336866.3018918,-0.540161,0.085205,-0.630981,-3.845216,0.366211,13.366703,cycling_2
1769336866.3299358,-0.727051,0.228027,-0.735107,-2.014160,-2.380371,6.591799,cycling_2
1769336866.3500729,-0.662109,0.134033,-0.727417,-3.112794,-2.624512,-1.159668,cycling_2
1769336866.371054,-0.829590,0.234253,-0.762451,2.441406,4.516602,5.310059,cycling_2
1769336866.4216433,-0.775513,0.248779,-0.735229,-3.295899,4.150391,-8.789063,cycling_2
1769336866.4688787,-0.637573,0.028076,-0.651245,-4.150391,-0.610352,-10.192871,cycling_2
1769336866.4834218,-0.746826,0.132935,-0.722290,-3.845216,4.821777,2.746582,cycling_2
1769336866.48415,-0.776001,0.275391,-0.820435,-5.493164,8.178711,-0.549316,cycling_2
1769336866.48415,-0.695679,0.119751,-0.774780,-4.577637,-1.831055,-9.460449,cycling_2
1769336867.1493962,-0.582397,0.038330,-0.672119,-4.394531,-0.854492,1.403809,cycling_2
1769336867.1519284,-0.687622,0.351440,-0.753662,-3.051759,2.197266,0.122070,cycling_2
1769336867.1519284,-0.644165,0.369507,-0.713379,0.061035,-2.868653,-3.540040,cycling_2
1769336867.1519284,-0.664551,0.254150,-0.706055,8.239746,-10.314941,-8.300781,cycling_2
1769336867.1519284,-0.653320,-0.046387,-0.725952,13.000492,-14.160160,-15.014652,cycling_2
1769336867.1519284,-0.685303,-0.177612,-0.728149,12.634281,-7.507326,2.258301,cycling_2
1769336867.1519284,-0.694946,0.101318,-0.715454,10.375977,-2.990724,12.207035,cycling_2
1769336867.1519284,-0.696045,0.261719,-0.736206,7.751467,-3.051759,7.385256,cycling_2
1769336867.1519284,-0.634644,0.115112,-0.745361,9.338379,-11.840824,5.554201,cycling_2
1769336867.1519284,-0.725464,0.164063,-0.791992,7.751467,-10.620117,7.873537,cycling_2
1769336867.1519284,-0.666992,0.095093,-0.656006,0.305176,-8.911133,7.263186,cycling_2
1769336867.1519284,-0.689087,0.027588,-0.701904,-0.976563,-7.934572,8.056641,cycling_2
1769336867.1519284,-0.784058,0.055786,-0.762207,-3.479005,-3.845216,8.544922,cycling_2
1769336867.1519284,-0.659668,-0.001953,-0.722900,-3.662110,-2.563477,10.070801,cycling_2
1769336867.1519284,-0.680420,0.010620,-0.662964,-0.122070,-7.385256,7.751467,cycling_2
1769336867.1519284,-0.713745,-0.015381,-0.731445,2.502441,-5.676271,2.746582,cycling_2
1769336867.1519284,-0.738647,0.106445,-0.728027,3.967286,-1.647950,6.286623,cycling_2
1769336867.1519284,-0.710815,0.049072,-0.735718,5.249023,-4.394531,0.915528,cycling_2
1769336867.1705563,-0.735718,0.036133,-0.739380,5.249023,-4.577637,0.427246,cycling_2
1769336867.1858082,-0.723633,0.034546,-0.723511,0.671387,-2.563477,1.586915,cycling_2
1769336867.2078624,-0.766357,0.042236,-0.756958,0.854492,0.610352,3.234864,cycling_2
1769336867.225852,-0.684082,0.012939,-0.708496,-0.610352,-3.479005,10.314941,cycling_2
1769336867.2478304,-0.769043,0.101440,-0.750488,-0.610352,-5.126953,7.385256,cycling_2
1769336867.2498188,-0.711792,0.081543,-0.694824,-1.098633,-2.807618,5.493164,cycling_2
1769336867.2508488,-0.692261,0.090698,-0.691406,1.586915,-4.760742,5.981447,cycling_2
1769336867.2513561,-0.694336,0.114990,-0.676636,4.150391,0.671387,9.948730,cycling_2
1769336867.2518654,-0.715454,0.194336,-0.731201,6.408693,4.821777,7.385256,cycling_2
1769336867.2546184,-0.680298,0.181885,-0.671509,10.925293,6.164553,5.249023,cycling_2
1769336867.2620437,-0.674194,0.205688,-0.704468,13.488773,5.798342,-2.868653,cycling_2
1769336867.2819393,-0.610107,0.173218,-0.678223,13.061527,5.432129,-1.403809,cycling_2
1769336867.3021438,-0.668213,0.162231,-0.746338,11.291508,4.882813,-1.220703,cycling_2
1769336867.3818696,-0.594360,0.071533,-0.681519,11.047363,-3.845216,-1.159668,cycling_2
1769336867.406083,-0.693237,0.167847,-0.720825,11.718754,-4.089355,4.028320,cycling_2
1769336867.4277534,-0.664063,0.079224,-0.715942,10.375977,-6.347658,2.075195,cycling_2
1769336867.4478812,-0.717041,0.052246,-0.765747,11.596684,-7.446291,5.371094,cycling_2
1769336868.2771528,-0.697998,0.097900,-0.731323,13.183598,-5.371094,8.789063,cycling_2
1769336868.2790523,-0.667114,0.021362,-0.713867,10.375977,-13.427738,-0.549316,cycling_2
1769336868.2790523,-0.710938,-0.063232,-0.708496,12.512211,-10.192871,7.446291,cycling_2
1769336868.2790523,-0.786133,0.084229,-0.799438,11.108402,-4.882813,11.840824,cycling_2
1769336868.2797408,-0.749634,0.022705,-0.753784,12.146000,-8.850098,6.042482,cycling_2
1769336868.2802606,-0.792358,0.004883,-0.809448,14.099125,-10.070801,1.708985,cycling_2
1769336868.2802606,-0.701294,-0.159058,-0.699219,13.122562,-7.263186,11.840824,cycling_2
1769336868.2802606,-0.813721,0.138550,-0.760620,9.704590,1.098633,13.000492,cycling_2
1769336868.2802606,-0.725098,-0.039673,-0.737793,8.483887,-0.915528,4.516602,cycling_2
1769336868.2802606,-0.680664,-0.030151,-0.707031,10.864258,1.403809,9.460449,cycling_2
1769336868.2802606,-0.694336,-0.014771,-0.706543,9.887695,0.732422,10.803223,cycling_2
1769336868.2802606,-0.724243,0.237061,-0.675049,11.901859,8.117676,12.390141,cycling_2
1769336868.2802606,-0.730591,0.100098,-0.687744,8.422852,0.427246,-0.793457,cycling_2
1769336868.2802606,-0.638672,-0.063354,-0.679688,12.146000,2.868653,2.380371,cycling_2
1769336868.2802606,-0.658447,0.181641,-0.703125,13.732914,5.126953,9.155273,cycling_2
1769336868.2802606,-0.728760,0.153320,-0.680542,12.817387,2.380371,-2.502441,cycling_2
1769336868.2802606,-0.704468,0.046387,-0.718384,14.099125,2.075195,-0.793457,cycling_2
1769336868.2802606,-0.696167,0.025757,-0.707520,15.197758,-0.549316,3.234864,cycling_2
1769336868.2802606,-0.726196,0.102417,-0.702515,14.709476,1.037598,3.479005,cycling_2
1769336868.2802606,-0.737671,-0.023193,-0.772949,12.634281,3.051759,1.464844,cycling_2
1769336868.2802606,-0.720703,0.049316,-0.731201,9.826660,0.976563,1.403809,cycling_2
1769336868.2802606,-0.711182,0.278564,-0.638794,-7.446291,31.677254,26.062019,cycling_2
1769336868.2802606,-0.739136,0.426636,-0.734741,-3.784181,23.437508,2.319336,cycling_2
1769336868.2802606,-0.648804,0.222778,-0.658813,0.915528,-2.563477,-9.399414,cycling_2
1769336868.298405,-0.637329,0.134399,-0.610840,0.061035,-3.662110,-3.479005,cycling_2
1769336868.3166463,-0.671265,0.246338,-0.676270,-0.488281,4.150391,-3.784181,cycling_2
1769336868.3367023,-0.666504,0.203735,-0.698975,-1.098633,-1.220703,-10.803223,cycling_2
1769336868.3582458,-0.637573,0.105103,-0.733032,-1.953125,2.807618,-1.586915,cycling_2
1769336868.3786907,-0.723755,0.151489,-0.769165,-5.187988,4.272461,-1.831055,cycling_2
1769336868.3986812,-0.606079,0.107056,-0.723145,-4.394531,0.366211,-1.159668,cycling_2
1769336868.415629,-0.691162,0.140137,-0.761841,-2.380371,0.244141,0.000000,cycling_2
1769336868.4341516,-0.689453,0.133545,-0.737061,-2.319336,1.525879,-1.220703,cycling_2
1769336868.4551103,-0.619263,0.011353,-0.705566,-1.342773,-3.295899,-3.601075,cycling_2
1769336868.4772172,-0.724854,0.107056,-0.693359,-1.037598,3.295899,7.690432,cycling_2
1769336868.4983866,-0.715942,0.058716,-0.725586,-2.929688,2.502441,0.549316,cycling_2
1769336868.5181222,-0.697388,0.100830,-0.698242,-2.685547,2.624512,1.159668,cycling_2
1769336868.539003,-0.618164,0.016479,-0.672729,-5.493164,0.061035,-3.173829,cycling_2
1769336868.5591843,-0.750732,0.086304,-0.759644,-1.220703,6.652834,5.004883,cycling_2
1769336868.5787725,-0.742554,-0.004883,-0.788574,-1.831055,1.892090,-6.835939,cycling_2
1769336868.594232,-0.664307,-0.093262,-0.717041,-0.915528,4.516602,1.342773,cycling_2
1769336868.6918018,-0.691895,0.052002,-0.740845,0.427246,7.263186,-2.624512,cycling_2
1769336868.7049408,-0.739380,0.153809,-0.787476,-3.417970,10.253906,2.014160,cycling_2
1769336868.728458,-0.646118,-0.024536,-0.718262,-4.699707,4.821777,-1.953125,cycling_2
1769336868.7429163,-0.713379,0.160156,-0.735718,-6.591799,11.779789,4.150391,cycling_2
1769336869.246065,-0.667480,0.139526,-0.724976,-10.009766,10.009766,-2.685547,cycling_2
1769336869.2471092,-0.600098,0.058838,-0.704346,-10.192871,5.371094,-3.173829,cycling_2
1769336869.2512577,-0.746216,0.120117,-0.773560,-8.911133,11.779789,2.197266,cycling_2
1769336869.251769,-0.589111,0.081177,-0.703979,-6.164553,7.995607,-8.789063,cycling_2
1769336869.2533276,-0.725464,0.043823,-0.730103,-7.080080,6.225588,-2.746582,cycling_2
1769336869.257304,-0.674438,0.081421,-0.706421,-8.056641,11.047363,-2.075195,cycling_2
1769336869.257304,-0.617188,0.152832,-0.765137,-7.202150,6.286623,-0.366211,cycling_2
1769336869.257304,-0.815308,0.072632,-0.731934,-4.943848,4.821777,-8.422852,cycling_2
1769336869.257304,-0.552002,0.127197,-0.780273,-6.591799,8.178711,-7.263186,cycling_2
1769336869.260992,-0.667725,0.108032,-0.759888,-3.173829,3.112794,-4.455566,cycling_2
1769336869.260992,-0.693726,0.174683,-0.736938,-4.455566,8.422852,-2.563477,cycling_2
1769336869.260992,-0.631348,0.186646,-0.803467,-4.272461,2.441406,-11.901859,cycling_2
1769336869.260992,-0.532349,-0.042236,-0.655029,-3.601075,-7.202150,-9.460449,cycling_2
1769336869.262661,-0.595581,0.136597,-0.710205,-3.906251,0.000000,0.061035,cycling_2
1769336869.262661,-0.619019,0.318848,-0.766846,-2.319336,2.258301,-1.586915,cycling_2
1769336869.2637239,-0.580200,0.108765,-0.759155,2.380371,-14.526371,-17.456055,cycling_2
1769336869.2655175,-0.654419,0.183472,-0.745117,3.662110,-7.019045,0.366211,cycling_2
1769336869.2658727,-0.591187,0.267700,-0.761963,1.220703,-7.751467,-5.065918,cycling_2
1769336869.2683096,-0.608765,0.133911,-0.796387,8.666992,-15.075687,-7.629396,cycling_2
1769336869.2683096,-0.704590,0.041626,-0.816284,4.028320,-12.329105,-7.263186,cycling_2
1769336869.2683096,-0.593872,-0.016113,-0.694824,-5.065918,-2.258301,8.178711,cycling_2
1769336869.2689815,-0.575439,-0.039185,-0.693604,-1.403809,-6.103518,-5.554201,cycling_2
1769336869.2821243,-0.665161,0.370850,-0.674561,0.366211,3.662110,8.728027,cycling_2
1769336869.3004725,-0.791260,0.512939,-0.759155,4.089355,-1.098633,-8.911133,cycling_2
1769336869.317143,-0.639893,0.219116,-0.647461,11.718754,-16.235352,-20.202637,cycling_2
1769336869.3363264,-0.609985,0.162109,-0.652100,14.465336,-7.202150,-6.896975,cycling_2
1769336869.357024,-0.690430,0.371216,-0.843994,15.930180,-10.437012,-14.160160,cycling_2
1769336869.381739,-0.625122,-0.340210,-0.801270,21.728516,-24.597176,-19.165039,cycling_2
1769336869.3991377,-0.659790,-0.255981,-0.756714,9.948730,-5.859377,13.549809,cycling_2
1769336869.4221237,-0.775757,0.251465,-0.753784,2.502441,2.014160,13.549809,cycling_2
1769336869.441749,-0.638428,0.159790,-0.699463,4.394531,-6.713869,-0.549316,cycling_2
1769336869.4655576,-0.693726,0.057983,-0.766846,10.253906,-16.906738,-2.746582,cycling_2
1769336869.4831777,-0.644897,0.072876,-0.699097,10.559082,-12.634281,4.455566,cycling_2
1769336869.5018406,-0.765381,0.086548,-0.768188,11.108402,-16.357422,-2.258301,cycling_2
1769336869.5219312,-0.710938,-0.117920,-0.714722,8.483887,-8.789063,3.906251,cycling_2
1769336869.5413241,-0.810791,-0.043579,-0.810547,5.981447,-4.699707,7.751467,cycling_2
1769336869.561839,-0.730835,-0.043945,-0.723877,0.305176,2.136230,7.873537,cycling_2
1769336869.5816653,-0.734985,-0.085815,-0.763550,-0.915528,-1.464844,2.502441,cycling_2
1769336869.600747,-0.796387,-0.100220,-0.750244,-2.868653,7.263186,6.042482,cycling_2
1769336869.6216722,-0.702148,-0.049561,-0.733521,-7.080080,12.207035,0.732422,cycling_2
1769336869.641975,-0.704712,-0.025146,-0.744873,-3.845216,10.620117,-0.305176,cycling_2
1769336869.661768,-0.669189,0.029785,-0.696899,-2.014160,11.779789,-0.915528,cycling_2
1769336869.671977,-0.697266,0.164917,-0.746704,0.183106,12.573246,-2.990724,cycling_2
1769336869.7030983,-0.593140,0.105103,-0.651245,0.000000,-0.061035,-8.300781,cycling_2
1769336869.732145,-0.580688,0.031616,-0.615112,4.211426,-7.934572,-2.136230,cycling_2
1769336869.7421,-0.725586,0.149658,-0.702637,5.310059,-5.004883,-2.990724,cycling_2
1769336869.7621126,-0.591309,0.223145,-0.719482,4.272461,-7.934572,-7.446291,cycling_2
1769336869.781998,-0.546387,0.057129,-0.632080,5.615236,-13.488773,-7.080080,cycling_2
1769336869.8033037,-0.605103,0.094238,-0.701904,2.990724,-7.629396,-0.122070,cycling_2
1769336869.8259242,-0.733154,0.253418,-0.738403,-0.183106,-0.061035,-2.319336,cycling_2
1769336869.8389795,-0.633301,0.078003,-0.703979,4.089355,-8.850098,-10.314941,cycling_2
1769336869.8616934,-0.701782,0.180786,-0.764526,5.676271,-5.798342,-4.760742,cycling_2
1769336869.8859682,-0.628662,0.064697,-0.703125,3.784181,-6.896975,-0.610352,cycling_2
1769336869.901769,-0.697876,-0.070801,-0.764160,4.089355,-14.404301,-8.300781,cycling_2
1769336869.9537113,-0.717651,-0.135986,-0.744629,2.258301,-7.568361,5.981447,cycling_2
1769336870.001877,-0.822754,0.023315,-0.817383,-0.427246,-5.187988,4.089355,cycling_2
1769336870.0420363,-0.645386,-0.276855,-0.701050,-1.586915,-8.178711,-0.366211,cycling_2
1769336870.0601413,-0.915161,0.104126,-0.891235,5.554201,1.708985,6.591799,cycling_2
1769336870.0871334,-0.696655,-0.111938,-0.674927,-2.624512,-3.662110,-8.300781,cycling_2
1769336870.1112356,-0.781860,-0.099365,-0.740601,6.469728,6.958010,7.690432,cycling_2
1769336870.1509533,-0.934937,0.218018,-0.840698,6.225588,15.991215,2.014160,cycling_2
1769336870.1717963,-0.541992,-0.135010,-0.665771,1.586915,-7.080080,-13.916019,cycling_2
1769336870.221671,-0.660400,-0.394043,-0.732422,4.638672,2.502441,8.178711,cycling_2
1769336870.262729,-0.923096,0.144653,-0.717041,-2.136230,22.277840,18.432617,cycling_2
1769336870.262729,-0.660034,0.127441,-0.745483,-14.038090,17.700195,1.708985,cycling_2
1769336870.2683837,-0.605225,-0.183472,-0.685913,-5.310059,5.920412,0.793457,cycling_2
1769336870.27579,-0.715454,0.135132,-0.702271,-14.160160,20.874023,3.295899,cycling_2
1769336870.2768438,-0.604248,0.056641,-0.678101,-10.803223,12.695316,-0.976563,cycling_2
1769336870.2768438,-0.762451,0.010864,-0.698364,-2.746582,11.108402,-4.272461,cycling_2
1769336870.2768438,-0.719604,0.270752,-0.654175,-4.638672,19.042969,2.075195,cycling_2
1769336870.2823653,-0.525879,0.217041,-0.651245,-1.892090,3.295899,-7.202150,cycling_2
1769336870.2823653,-0.629883,0.134155,-0.765991,6.469728,-4.516602,-9.765625,cycling_2
1769336870.2823653,-0.622559,0.150269,-0.713501,2.502441,-3.356935,-4.211426,cycling_2
1769336870.30278,-0.608398,-0.009766,-0.735352,0.061035,-6.896975,-5.615236,cycling_2
1769336870.3216467,-0.736328,0.054443,-0.836426,-1.586915,-3.417970,-4.211426,cycling_2
1769336870.3406842,-0.581421,0.109009,-0.691162,-6.835939,-0.366211,3.417970,cycling_2
1769336870.357193,-0.616577,0.033447,-0.691040,-7.446291,-4.760742,3.234864,cycling_2
1769336870.3808959,-0.855469,0.205566,-0.768799,-0.854492,5.249023,8.911133,cycling_2
1769336870.401616,-0.725464,0.229370,-0.790649,-2.197266,-4.272461,-13.732914,cycling_2
1769336870.4209592,-0.516479,-0.045532,-0.731079,4.089355,-12.451176,-0.915528,cycling_2
1769336870.4417343,-0.801392,0.142822,-0.715210,1.892090,-3.845216,4.699707,cycling_2
1769336870.4618707,-0.759644,0.257813,-0.788574,2.563477,0.854492,-2.136230,cycling_2
1769336870.4832203,-0.643677,0.160889,-0.725342,1.586915,-11.230473,-12.817387,cycling_2
1769336870.504542,-0.648560,-0.095215,-0.756470,5.310059,-16.723633,-9.826660,cycling_2
1769336870.5295856,-0.672119,-0.088989,-0.719971,2.990724,-9.521484,5.004883,cycling_2
1769336870.5538363,-0.763916,0.140259,-0.792603,3.356935,-2.624512,2.685547,cycling_2
1769336870.5622895,-0.632690,0.148926,-0.667114,0.976563,-1.586915,7.141115,cycling_2
1769336870.5819046,-0.634644,0.009033,-0.764771,3.356935,-13.549809,-2.929688,cycling_2
1769336870.601741,-0.724487,0.124390,-0.717285,5.004883,-7.629396,4.455566,cycling_2
1769336870.6218824,-0.633545,0.154297,-0.678955,2.929688,-8.361816,-1.953125,cycling_2
1769336870.641998,-0.648804,0.109009,-0.720215,5.615236,-8.728027,-1.220703,cycling_2
1769336870.6618402,-0.672607,-0.023682,-0.747681,8.972168,-13.793949,-4.638672,cycling_2
1769336870.6825535,-0.641357,0.016968,-0.700073,5.981447,-14.587406,-3.845216,cycling_2
1769336870.7037847,-0.710571,0.044434,-0.728394,6.591799,-7.446291,5.554201,cycling_2
1769336870.7225814,-0.762085,0.037720,-0.765869,6.164553,-7.873537,-0.366211,cycling_2
1769336870.7428992,-0.668945,0.106567,-0.677490,3.051759,-3.601075,5.249023,cycling_2
1769336870.7620244,-0.592529,-0.173950,-0.706543,2.624512,-14.282230,1.281738,cycling_2
1769336870.7818506,-0.859497,0.171631,-0.743408,7.629396,3.234864,16.723633,cycling_2
1769336870.8023598,-0.851685,0.078857,-0.802002,3.356935,-8.972168,-12.939457,cycling_2
1769336870.82191,-0.647339,0.115112,-0.703125,11.718754,4.821777,9.765625,cycling_2
1769336870.8429728,-0.750244,0.362671,-0.807495,6.103518,-3.173829,-0.549316,cycling_2
1769336870.8630133,-0.578613,-0.218506,-0.695313,6.652834,-20.446777,-13.366703,cycling_2
1769336870.882354,-0.649048,-0.104492,-0.693848,8.178711,0.549316,21.057129,cycling_2
1769336870.9036982,-0.834717,0.215332,-0.795166,4.150391,0.610352,11.657719,cycling_2
1769336870.9223914,-0.683228,0.129150,-0.745239,2.746582,0.305176,5.737307,cycling_2
1769336870.9430122,-0.671509,-0.034790,-0.634644,2.197266,-8.544922,6.225588,cycling_2
1769336870.9622211,-0.731079,-0.055664,-0.669678,3.540040,-6.713869,7.751467,cycling_2
1769336870.986006,-0.678711,0.190430,-0.702271,3.845216,2.624512,14.282230,cycling_2
1769336871.0318725,-0.606934,0.052856,-0.676392,6.591799,-8.666992,4.150391,cycling_2
1769336871.0318725,-0.728394,0.047729,-0.737549,9.521484,-5.187988,8.117676,cycling_2
1769336871.0917637,-0.712769,0.105469,-0.691650,8.056641,-3.295899,10.009766,cycling_2
1769336871.096741,-0.800659,0.166626,-0.789795,11.901859,-6.469728,4.394531,cycling_2
1769336871.108128,-0.683960,-0.001587,-0.686401,6.713869,-8.361816,-1.098633,cycling_2
1769336871.108128,-0.750000,0.065552,-0.720947,1.403809,-0.671387,11.901859,cycling_2
1769336871.1227818,-0.785278,0.149780,-0.736572,0.732422,1.403809,9.704590,cycling_2
1769336871.1437738,-0.685181,0.006470,-0.724121,1.647950,-7.690432,1.953125,cycling_2
1769336871.1918626,-0.551880,-0.115967,-0.577515,-0.793457,0.915528,20.935059,cycling_2
1769336871.1918626,-0.710083,0.205933,-0.715942,2.258301,5.554201,19.958496,cycling_2
1769336871.2019734,-0.594604,0.147095,-0.664063,3.356935,0.549316,8.605957,cycling_2
1769336871.2228959,-0.584229,0.161865,-0.655884,5.371094,-1.892090,13.427738,cycling_2
1769336871.242111,-0.718750,0.363281,-0.749146,8.422852,4.943848,11.535648,cycling_2
1769336871.2617068,-0.640747,0.192871,-0.671753,9.155273,-8.789063,-1.708985,cycling_2
1769336871.2819054,-0.687012,-0.074951,-0.725464,10.803223,-11.047363,0.732422,cycling_2
1769336871.3617432,-0.726196,-0.048218,-0.661377,8.056641,-3.784181,10.742188,cycling_2
1769336871.3874652,-0.789429,0.197144,-0.735229,5.615236,2.014160,10.131836,cycling_2
1769336871.4117947,-0.696777,0.111694,-0.745972,7.568361,0.854492,14.404301,cycling_2
1769336871.431167,-0.783203,0.255737,-0.709595,16.235352,1.708985,12.023930,cycling_2
1769336871.4345744,-0.754761,0.285400,-0.780762,9.582520,-0.183106,0.427246,cycling_2
1769336871.4380622,-0.646729,0.034546,-0.714355,11.352543,-4.455566,-2.746582,cycling_2
1769336871.4380622,-0.712646,0.049072,-0.755493,7.751467,1.281738,3.845216,cycling_2
1769336871.4422605,-0.667725,0.094604,-0.654785,7.446291,1.647950,8.361816,cycling_2
1769336871.463194,-0.782715,0.269165,-0.746338,11.535648,-6.164553,-3.540040,cycling_2
1769336871.4818146,-0.646973,0.053711,-0.650024,14.221195,-8.483887,1.037598,cycling_2
1769336871.5039437,-0.750732,0.075317,-0.761719,17.333984,-6.286623,2.319336,cycling_2
1769336871.5234723,-0.755127,0.223145,-0.758789,19.958496,-5.981447,1.831055,cycling_2
1769336871.5419784,-0.572754,0.013062,-0.619385,20.019531,-15.869144,-3.784181,cycling_2
1769336871.5620348,-0.672729,-0.072510,-0.681885,19.714355,-6.347658,4.760742,cycling_2
1769336871.5818481,-0.902710,0.189941,-0.851807,24.230965,3.845216,10.253906,cycling_2
1769336871.6019266,-0.629883,-0.232422,-0.705078,24.658211,-14.282230,5.371094,cycling_2
1769336871.6217449,-0.773682,-0.052368,-0.762329,23.681648,-5.615236,11.779789,cycling_2
1769336871.6429527,-0.760376,0.058594,-0.670532,19.470215,-3.051759,12.207035,cycling_2
1769336871.6636233,-0.748901,-0.060303,-0.774780,18.676758,-5.554201,8.300781,cycling_2
1769336871.682828,-0.708984,-0.069336,-0.722046,17.150879,-3.173829,12.939457,cycling_2
1769336871.7018328,-0.700195,-0.032349,-0.744507,17.211914,-3.845216,14.465336,cycling_2
1769336871.7218866,-0.779175,0.045532,-0.719116,14.282230,-1.281738,11.718754,cycling_2
1769336871.7442136,-0.755981,0.083496,-0.725830,15.808109,3.967286,18.554688,cycling_2
1769336871.7616634,-0.706421,0.026001,-0.758667,14.770512,-0.366211,9.338379,cycling_2
1769336871.7819407,-0.582153,-0.218506,-0.644409,14.099125,-5.615236,12.817387,cycling_2
1769336871.8029852,-0.760498,0.008789,-0.709595,15.075687,2.563477,21.911621,cycling_2
1769336871.8298976,-0.786377,0.221069,-0.682129,13.000492,5.859377,19.714355,cycling_2
1769336871.8442562,-0.710083,0.003540,-0.704834,13.610844,-0.305176,11.108402,cycling_2
1769336871.8618164,-0.728760,0.125122,-0.771729,17.395020,5.310059,22.766121,cycling_2
1769336871.8818107,-0.733643,0.191040,-0.714478,17.883301,0.854492,14.648441,cycling_2
1769336871.9027245,-0.766357,0.121704,-0.697998,18.310547,2.502441,11.474613,cycling_2
1769336871.9219317,-0.767822,0.094116,-0.726318,17.822266,4.028320,10.803223,cycling_2
1769336871.9419768,-0.664185,-0.165161,-0.672485,17.150879,-4.272461,14.038090,cycling_2
1769336871.9616919,-0.755493,0.198486,-0.688477,15.563969,2.624512,25.573738,cycling_2
1769336871.9842124,-0.737549,-0.041260,-0.690918,9.948730,-4.028320,10.437012,cycling_2
1769336872.0037885,-0.636719,-0.005249,-0.673950,10.986328,3.112794,21.728516,cycling_2
1769336872.0231829,-0.690430,0.123657,-0.680298,8.544922,0.854492,16.113281,cycling_2
1769336872.044811,-0.725830,-0.083618,-0.700439,13.793949,2.380371,4.333496,cycling_2
1769336872.061791,-0.774902,0.193481,-0.737427,18.249512,7.995607,12.512211,cycling_2
1769336872.0827856,-0.713623,-0.049438,-0.634521,15.563969,0.610352,2.136230,cycling_2
1769336872.104283,-0.704590,-0.240723,-0.671387,17.700195,1.037598,7.080080,cycling_2
1769336872.1220357,-0.618774,-0.104126,-0.718994,14.160160,1.464844,1.220703,cycling_2
1769336872.1419094,-0.536621,-0.271729,-0.626831,16.784668,-2.502441,18.432617,cycling_2
1769336872.1622312,-0.700317,-0.018921,-0.691650,13.366703,4.272461,23.193367,cycling_2
1769336872.1836867,-0.700684,0.116211,-0.794922,14.099125,1.220703,25.085457,cycling_2
1769336872.203607,-0.684814,0.084961,-0.818970,24.414070,-16.723633,19.775391,cycling_2
1769336872.2281387,-0.632080,-0.065186,-0.714478,16.967773,-26.855476,26.733406,cycling_2
1769336872.2483091,-1.067871,-0.270020,-0.939453,8.422852,-1.831055,25.756844,cycling_2
1769336872.26215,-0.948364,-0.201904,-0.812622,-6.652834,20.507813,35.705566,cycling_2
1769336872.2800283,-0.822754,-0.363403,-0.686157,-15.808109,17.944336,26.245125,cycling_2
1769336872.3017058,-0.835938,-0.358521,-0.643921,-19.348145,26.733406,30.639656,cycling_2
1769336872.328189,-1.022705,0.189941,-0.745605,-19.287109,51.513687,34.484863,cycling_2
1769336872.3423948,-0.713013,0.053955,-0.644043,-26.672371,31.616219,-1.953125,cycling_2
1769336872.3662913,-0.712891,-0.250366,-0.672974,-10.864258,23.559578,15.075687,cycling_2
1769336872.381822,-0.896362,0.382935,-0.607788,-7.568361,51.330582,27.404793,cycling_2
1769336872.4255562,-0.505859,0.394409,-0.679077,-9.155273,22.644051,-11.962894,cycling_2
1769336872.4621112,-0.434082,-0.184082,-0.513428,-0.976563,-16.235352,-18.005371,cycling_2
1769336872.4621112,-0.634277,0.032959,-0.551758,-7.080080,16.052246,14.709476,cycling_2
1769336872.4621112,-0.704712,0.449829,-0.608032,-16.601563,38.452148,5.126953,cycling_2
1769336872.4815483,-0.391846,0.122192,-0.653809,-15.258793,11.596684,-14.770512,cycling_2
1769336872.496364,-0.547119,0.314819,-0.671021,-6.530764,18.188477,12.451176,cycling_2
1769336872.519097,-0.520630,0.209595,-0.751831,-12.878422,5.981447,-14.221195,cycling_2
1769336872.5420089,-0.539307,0.413086,-0.651855,-2.075195,11.962894,10.314941,cycling_2
1769336872.5617876,-0.651978,0.282959,-0.733276,-8.117676,-2.075195,-13.671879,cycling_2
1769336872.5827465,-0.478882,-0.157227,-0.734863,-3.417970,-9.216309,-8.850098,cycling_2
1769336872.6017628,-0.675781,0.202271,-0.861694,5.187988,11.352543,20.874023,cycling_2
1769336872.6219826,-0.813477,0.513916,-0.875488,0.366211,17.211914,5.187988,cycling_2
1769336872.6416621,-0.583618,0.078247,-0.776001,-5.493164,-13.732914,-16.296387,cycling_2
1769336872.663072,-0.940674,0.025513,-0.813965,-3.662110,12.878422,5.676271,cycling_2
1769336872.6828513,-0.816040,0.084106,-0.911133,-15.808109,13.916019,-14.709476,cycling_2
1769336872.7030733,-0.627319,-0.412720,-0.741333,-7.995607,-8.666992,-10.864258,cycling_2
1769336872.7215652,-0.756958,0.030518,-0.637451,-5.737307,15.991215,8.117676,cycling_2
1769336872.7418098,-0.685913,0.366455,-0.743530,-15.869144,28.442390,-0.305176,cycling_2
1769336872.7618856,-0.497192,-0.071777,-0.801392,-5.004883,-7.019045,-16.723633,cycling_2
1769336872.7818966,-0.608032,0.211792,-0.690308,-0.183106,8.972168,-0.061035,cycling_2
1769336872.8017673,-0.547607,0.367676,-0.670166,-4.150391,10.620117,-6.713869,cycling_2
1769336872.8226905,-0.597778,0.170776,-0.780151,1.037598,2.075195,-19.348145,cycling_2
1769336872.8434088,-0.586670,0.179688,-0.762695,1.098633,3.845216,-5.981447,cycling_2
1769336872.8634186,-0.622803,0.074707,-0.787231,-3.723145,2.258301,-8.605957,cycling_2
1769336872.8834152,-0.613647,-0.045166,-0.796387,-7.751467,3.295899,-0.854492,cycling_2
1769336872.9029322,-0.790161,0.361694,-0.859131,-4.272461,18.676758,8.239746,cycling_2
1769336872.9215457,-0.433838,0.055664,-0.738037,-14.404301,2.380371,-9.643555,cycling_2
1769336872.943758,-0.725830,0.258667,-0.887451,-3.784181,12.512211,5.004883,cycling_2
1769336872.962743,-0.618164,0.267456,-0.755127,-8.728027,4.150391,-11.047363,cycling_2
1769336872.9823074,-0.480835,0.029297,-0.651489,-11.169437,-2.075195,-5.981447,cycling_2
1769336873.0026596,-0.752563,0.283203,-0.776733,-4.455566,11.108402,1.281738,cycling_2
1769336873.022639,-0.574463,0.538818,-0.756592,-3.112794,14.221195,-14.160160,cycling_2
1769336873.0420072,-0.290527,0.363770,-0.614014,8.911133,-23.071297,-17.883301,cycling_2
1769336873.064062,-0.572388,0.468262,-0.713379,13.671879,-26.672371,-21.667480,cycling_2
1769336873.082341,-0.553833,0.381592,-0.735840,15.502934,-41.564941,-31.860359,cycling_2
1769336873.1019657,-0.513184,0.245850,-0.634644,13.977055,-46.813980,-23.559578,cycling_2
1769336873.1218688,-0.575073,-0.087036,-0.689453,10.620117,-45.043961,-18.798828,cycling_2
1769336873.143169,-0.657715,-0.263672,-0.946045,3.112794,-20.690918,2.258301,cycling_2
1769336873.161838,-0.749512,0.176392,-1.008789,7.080080,-4.150391,21.362305,cycling_2
1769336873.183588,-0.607300,-0.091187,-0.782471,-5.249023,-14.953617,-3.417970,cycling_2
1769336873.203965,-0.722412,-0.072021,-0.827271,3.601075,-4.943848,5.859377,cycling_2
1769336873.2222075,-0.850708,0.179932,-0.813477,7.202150,-0.061035,5.737307,cycling_2
1769336873.2420561,-0.792725,0.025269,-0.797119,8.056641,2.868653,-7.019045,cycling_2
1769336873.3337147,-0.792969,-0.017212,-0.831787,15.197758,-0.854492,-5.004883,cycling_2
1769336873.3858764,-0.932007,0.009888,-0.921509,18.371582,6.408693,-7.690432,cycling_2
1769336873.4521894,-0.560669,0.141846,-0.684570,9.521484,1.953125,-7.751467,cycling_2
1769336873.7417965,-0.649658,0.151978,-0.714111,2.136230,1.831055,-13.183598,cycling_2
1769336873.7489045,-0.576294,0.143066,-0.690430,0.732422,-2.868653,-6.347658,cycling_2
1769336873.749421,-0.557739,0.285645,-0.624390,2.258301,-19.226074,-2.441406,cycling_2
1769336873.749421,-0.386230,-0.018433,-0.468506,-6.042482,-18.737793,-4.150391,cycling_2
1769336873.749421,-0.734375,0.036011,-0.835693,2.990724,1.281738,12.939457,cycling_2
1769336873.749421,-0.553955,0.112061,-0.810669,12.207035,-10.009766,-9.033203,cycling_2
1769336873.749421,-0.680054,0.242188,-0.762573,16.662598,-13.122562,1.281738,cycling_2
1769336873.749421,-0.654297,-0.261230,-0.772095,9.704590,-15.930180,-8.789063,cycling_2
1769336873.749421,-0.794189,-0.082031,-0.742432,7.202150,-3.540040,17.272949,cycling_2
1769336873.749421,-0.811035,0.147827,-0.787964,0.366211,9.216309,14.282230,cycling_2
1769336873.7506297,-0.787231,0.380493,-0.844604,4.516602,10.437012,4.455566,cycling_2
1769336873.7506297,-0.505737,-0.289551,-0.762817,2.136230,-2.319336,-25.268562,cycling_2
1769336873.7506297,-0.767944,0.115601,-0.868774,18.066406,-0.305176,8.483887,cycling_2
1769336873.7506297,-0.593628,0.269653,-0.609009,6.835939,3.540040,5.615236,cycling_2
1769336873.7521486,-0.791626,0.055420,-0.801636,14.587406,-7.873537,-9.338379,cycling_2
1769336873.7528267,-0.736694,0.325928,-0.656494,13.671879,-8.850098,3.662110,cycling_2
1769336873.7528267,-0.566895,0.227783,-0.623413,5.554201,-17.883301,-10.559082,cycling_2
1769336873.7528267,-0.582397,0.000854,-0.716553,7.385256,-14.465336,-5.737307,cycling_2
1769336873.753628,-0.460205,-0.165527,-0.633667,4.577637,-14.770512,1.953125,cycling_2
1769336873.754916,-0.601685,0.042358,-0.732300,8.605957,-10.070801,16.479492,cycling_2
1769336873.7617047,-0.671021,0.227905,-0.708984,10.437012,-10.375977,12.878422,cycling_2
1769336873.7918756,-0.465698,0.207153,-0.494751,4.455566,-20.690918,7.995607,cycling_2
1769336873.802014,-0.554810,-0.145264,-0.724609,1.403809,-17.883301,4.943848,cycling_2
1769336873.8257344,-0.895630,0.094971,-1.061279,17.089844,-15.136723,10.375977,cycling_2
1769336873.84415,-0.764648,-0.196899,-0.715454,1.953125,-24.963387,-2.563477,cycling_2
1769336873.891995,-0.900513,-0.289917,-0.796509,1.831055,-10.498047,-1.525879,cycling_2
1769336873.891995,-0.833618,-0.055420,-0.716187,0.061035,-2.502441,13.061527,cycling_2
1769336873.904534,-0.828613,0.012573,-0.702026,-2.685547,-3.173829,5.981447,cycling_2
1769336873.957518,-0.759277,-0.132935,-0.732178,-1.037598,-1.831055,-1.892090,cycling_2
1769336873.957518,-0.789307,-0.021362,-0.769287,4.211426,-1.464844,9.948730,cycling_2
1769336873.9620843,-0.782349,0.019897,-0.679688,0.000000,2.990724,8.789063,cycling_2
1769336873.9828272,-0.618408,-0.012939,-0.716187,-0.976563,7.507326,8.972168,cycling_2
1769336874.0119894,-0.650269,0.197632,-0.664429,1.953125,-0.549316,15.197758,cycling_2
1769336874.0397284,-0.611816,0.139404,-0.633911,-3.112794,0.671387,8.605957,cycling_2
1769336874.0430682,-0.660645,0.157104,-0.708862,1.464844,-0.427246,9.094238,cycling_2
1769336874.0921829,-0.616333,0.271484,-0.636719,3.967286,-3.845216,13.061527,cycling_2
1769336874.0921829,-0.529663,0.032349,-0.621948,-1.342773,-7.446291,5.249023,cycling_2
1769336874.1021333,-0.681030,0.298584,-0.690918,11.657719,-10.375977,18.127441,cycling_2
1769336874.1544151,-0.683228,0.136353,-0.669434,4.211426,-14.038090,1.770020,cycling_2
1769336874.1544151,-0.719238,0.146362,-0.759888,6.835939,-7.568361,5.737307,cycling_2
1769336874.1618943,-0.747803,0.280396,-0.694458,8.728027,-15.136723,6.042482,cycling_2
1769336874.183382,-0.735718,-0.009399,-0.703735,4.089355,-17.822266,-6.652834,cycling_2
1769336874.205176,-0.735596,-0.001221,-0.681030,8.666992,-16.601563,5.554201,cycling_2
1769336874.2216802,-0.855591,-0.028687,-0.805054,6.286623,-12.329105,9.521484,cycling_2
1769336874.265259,-0.731445,0.122925,-0.662109,5.554201,-10.925293,7.202150,cycling_2
1769336874.265259,-0.754761,-0.072266,-0.740967,3.784181,-15.258793,-1.770020,cycling_2
1769336874.287233,-0.824707,0.074097,-0.749023,10.620117,-11.108402,4.699707,cycling_2
1769336874.3419795,-0.766724,0.019409,-0.690674,6.164553,-6.591799,2.990724,cycling_2
1769336874.3419795,-0.748291,0.251465,-0.644897,7.385256,-3.723145,17.272949,cycling_2
1769336874.3926125,-0.728516,0.387329,-0.577881,1.708985,-7.141115,5.432129,cycling_2
1769336874.4057593,-0.630615,0.098633,-0.630249,-3.845216,-8.361816,0.122070,cycling_2
1769336874.4057593,-0.734131,0.196533,-0.689697,-1.281738,-2.746582,16.723633,cycling_2
1769336874.4262183,-0.825317,0.291382,-0.674072,-1.892090,-1.220703,8.789063,cycling_2
1769336874.462121,-0.585571,0.118042,-0.523804,-4.882813,-1.708985,2.990724,cycling_2
1769336874.4673269,-0.636963,0.054199,-0.618652,1.342773,-1.953125,7.690432,cycling_2
1769336874.5062323,-0.793701,0.193237,-0.712646,9.643555,1.281738,7.202150,cycling_2
1769336874.6592193,-0.760620,0.086060,-0.601318,21.179199,-8.361816,-17.028809,cycling_2
1769336874.6592193,-0.674805,-0.109253,-0.609619,23.071297,-7.629396,-13.610844,cycling_2
1769336874.6704304,-0.805176,-0.077759,-0.829346,28.869637,0.427246,-4.882813,cycling_2
1769336874.6754463,-0.730347,0.213867,-0.629883,31.799324,-3.417970,3.540040,cycling_2
1769336874.6783035,-0.684326,-0.018433,-0.701294,26.672371,-7.751467,1.403809,cycling_2
1769336874.6783035,-0.799683,0.114014,-0.703979,26.733406,-8.056641,4.821777,cycling_2
1769336874.6918523,-0.753906,0.189697,-0.639648,16.418457,-5.493164,10.192871,cycling_2
1769336874.6954072,-0.792725,0.098877,-0.704834,13.183598,-5.432129,-2.685547,cycling_2
1769336874.701895,-0.749634,-0.072632,-0.698486,8.239746,-3.479005,-0.549316,cycling_2
1769336874.7231276,-0.797974,0.009399,-0.700928,10.437012,2.441406,7.202150,cycling_2
1769336874.739035,-0.824585,0.217163,-0.596680,8.300781,1.342773,2.319336,cycling_2
1769336874.7633939,-0.721191,-0.300415,-0.665161,12.268070,-8.300781,-10.681152,cycling_2
1769336874.780556,-0.811157,-0.010254,-0.677246,14.343266,4.760742,8.056641,cycling_2
1769336874.801881,-0.810669,0.045898,-0.670898,11.962894,4.455566,1.953125,cycling_2
1769336874.822458,-0.713745,-0.074829,-0.711548,18.737793,-0.976563,-5.432129,cycling_2
1769336874.8423977,-0.700073,-0.032959,-0.664185,18.737793,-3.845216,5.981447,cycling_2
1769336874.8625689,-0.758667,-0.080688,-0.688110,15.625004,-3.173829,5.065918,cycling_2
1769336874.8843305,-0.731689,0.023071,-0.732910,16.784668,1.403809,8.789063,cycling_2
1769336874.9018872,-0.616333,-0.144165,-0.668579,11.596684,-10.925293,0.000000,cycling_2
1769336874.9216084,-0.600342,-0.171143,-0.616577,18.066406,-11.352543,17.089844,cycling_2
1769336874.9418,-0.867676,-0.021484,-0.674194,17.456055,-7.080080,19.470215,cycling_2
1769336874.961946,-0.862549,0.060181,-0.659302,16.418457,-3.234864,16.906738,cycling_2
1769336874.9823565,-0.841187,0.179077,-0.680298,20.446777,-9.826660,15.380863,cycling_2
1769336875.0027137,-0.686768,-0.128662,-0.634766,10.498047,-19.775391,4.821777,cycling_2
1769336875.0219135,-0.960205,-0.280029,-0.796753,11.047363,-6.652834,20.385742,cycling_2
1769336875.0415723,-0.966431,0.100342,-0.611938,5.065918,10.437012,28.869637,cycling_2
1769336875.0615966,-0.836914,0.076050,-0.627686,-9.643555,15.197758,18.249512,cycling_2
1769336875.082056,-0.837769,-0.045532,-0.704224,-1.098633,10.314941,2.807618,cycling_2
1769336875.1019123,-0.716309,0.000244,-0.583618,-3.173829,10.803223,15.625004,cycling_2
1769336875.1226249,-0.758911,0.056396,-0.577759,-5.432129,15.075687,15.319828,cycling_2
1769336875.1416423,-0.795532,0.086670,-0.638550,-1.403809,18.798828,5.249023,cycling_2
1769336875.1630712,-0.570679,0.092407,-0.534180,2.197266,6.408693,8.056641,cycling_2
1769336875.1844003,-0.673340,0.151001,-0.619751,7.507326,7.263186,7.568361,cycling_2
1769336875.2041397,-0.736816,0.129272,-0.686401,8.117676,4.333496,-3.784181,cycling_2
1769336875.222315,-0.599365,-0.042358,-0.657471,12.084965,2.807618,-4.455566,cycling_2
1769336875.241799,-0.709595,0.139160,-0.654663,16.418457,5.249023,8.117676,cycling_2
1769336875.2616336,-0.740356,0.089111,-0.664185,13.732914,2.197266,-2.136230,cycling_2
1769336875.2816963,-0.860596,0.340820,-0.688354,23.742683,-0.244141,6.774904,cycling_2
1769336875.3039703,-0.823975,0.073608,-0.637939,11.840824,-6.713869,-9.582520,cycling_2
1769336875.3217547,-0.730469,-0.253540,-0.653198,12.695316,-8.056641,-4.821777,cycling_2
1769336875.3447652,-0.764282,-0.139771,-0.694092,15.014652,-4.211426,12.146000,cycling_2
1769336875.4335372,-0.989136,0.331177,-0.777588,22.399910,8.483887,10.437012,cycling_2
1769336875.4335372,-0.555298,0.127319,-0.612427,7.873537,-0.366211,-5.065918,cycling_2
1769336875.4335372,-0.635498,-0.319580,-0.726440,13.732914,-11.596684,-4.699707,cycling_2
1769336875.4417768,-0.837402,0.140259,-0.643188,12.451176,3.967286,11.474613,cycling_2
1769336875.4946177,-0.660034,-0.098511,-0.623169,8.117676,-2.746582,0.732422,cycling_2
1769336875.4987946,-0.753052,-0.206299,-0.751831,13.061527,0.854492,4.333496,cycling_2
1769336875.506078,-0.804932,-0.150879,-0.697510,13.244633,-2.563477,11.779789,cycling_2
1769336875.506078,-0.795288,-0.116455,-0.724976,13.671879,-3.417970,11.169437,cycling_2
1769336875.5220098,-0.744019,0.034790,-0.655762,12.573246,-9.887695,10.925293,cycling_2
1769336875.5430698,-0.735352,-0.183594,-0.651978,5.615236,-17.578125,3.112794,cycling_2
1769336875.5644083,-0.955322,-0.221191,-0.784790,11.901859,2.502441,13.122562,cycling_2
1769336875.582029,-0.882813,0.306885,-0.630615,9.765625,15.136723,26.428230,cycling_2
1769336875.6018977,-0.680176,-0.145630,-0.566284,-4.760742,-3.112794,-4.455566,cycling_2
1769336875.6417058,-0.776611,-0.367310,-0.651611,7.507326,1.098633,2.624512,cycling_2
1769336875.6417058,-1.122559,0.207520,-0.749023,9.765625,17.822266,22.949226,cycling_2
1769336875.662372,-0.789673,-0.164063,-0.613892,-14.831547,16.357422,-10.925293,cycling_2
1769336875.6830661,-0.654419,-0.258179,-0.616699,-0.854492,12.146000,15.380863,cycling_2
1769336875.7018263,-1.017578,0.181396,-0.665283,-2.197266,16.967773,18.188477,cycling_2
1769336875.7218087,-0.726685,0.002197,-0.634277,-15.686039,24.169930,-1.708985,cycling_2
1769336875.7418582,-0.634766,-0.059448,-0.670654,-7.263186,17.272949,7.385256,cycling_2
1769336875.7623243,-0.775269,0.042480,-0.587280,-7.141115,12.512211,11.474613,cycling_2
1769336875.7822316,-0.798340,-0.016602,-0.607666,-12.695316,19.042969,4.211426,cycling_2
1769336875.8016467,-0.710083,0.036499,-0.639160,-11.352543,22.094727,8.850098,cycling_2
1769336875.8220608,-0.699341,0.072998,-0.626465,-12.512211,19.287109,7.873537,cycling_2
1769336875.844552,-0.791382,0.061768,-0.731445,-6.713869,16.235352,4.028320,cycling_2
1769336875.8638303,-0.732544,0.135620,-0.660889,-7.019045,17.089844,8.605957,cycling_2
1769336875.880975,-0.737549,0.010498,-0.706055,-10.131836,13.793949,1.159668,cycling_2
1769336875.8987095,-0.682251,-0.012207,-0.683960,-10.681152,15.747074,5.065918,cycling_2
1769336875.9234037,-0.817505,0.025146,-0.721558,-13.305668,17.700195,11.230473,cycling_2
1769336875.9416375,-0.809570,-0.132324,-0.699463,-15.930180,16.845703,-5.615236,cycling_2
1769336875.9615667,-0.547729,0.179688,-0.671997,-21.972656,36.560059,26.245125,cycling_2
1769336875.9835577,-0.992310,-0.075439,-0.792969,-9.094238,7.446291,-29.602058,cycling_2
1769336876.002461,-0.437744,0.095337,-0.714233,-13.000492,35.217285,4.577637,cycling_2
1769336876.0227716,-0.669312,0.254395,-0.699707,-8.544922,21.789551,3.784181,cycling_2
1769336876.0371017,-0.813110,-0.059570,-0.627686,-8.666992,15.014652,-22.277840,cycling_2
1769336876.0590022,-0.678955,-0.120483,-0.656372,-13.061527,26.062019,-7.324221,cycling_2
1769336876.0819068,-0.699585,0.182861,-0.650879,-15.502934,27.587898,0.732422,cycling_2
1769336876.1016104,-0.634888,0.188599,-0.774902,-13.916019,25.573738,-12.023930,cycling_2
1769336876.1217818,-0.613892,-0.100464,-0.768311,-11.840824,15.014652,-16.723633,cycling_2
1769336876.1418123,-0.652710,0.122681,-0.707642,-16.601563,28.381355,6.530764,cycling_2
1769336876.1620345,-0.760864,0.517334,-0.684204,-18.676758,28.991707,-3.540040,cycling_2
1769336876.1817973,-0.608276,0.197266,-0.678833,-19.348145,14.160160,-35.217285,cycling_2
1769336876.1965728,-0.709595,0.119751,-0.744507,-14.343266,12.939457,-13.671879,cycling_2
1769336876.2170055,-0.682373,0.299316,-0.733032,-17.089844,17.578125,-20.019531,cycling_2
1769336876.2374089,-0.651245,0.298462,-0.696533,-13.305668,8.544922,-27.709969,cycling_2
1769336876.2604377,-0.611206,0.139160,-0.692871,-13.732914,2.624512,-34.912109,cycling_2
1769336876.2861707,-0.710938,0.192993,-0.774902,-12.512211,7.507326,-23.132332,cycling_2
1769336876.301015,-0.738403,0.341797,-0.786621,-13.305668,7.873537,-29.357918,cycling_2
1769336876.3216248,-0.511719,0.053833,-0.752319,-10.681152,0.244141,-39.550781,cycling_2
1769336876.3412807,-0.758545,0.172119,-0.848389,-8.728027,-0.549316,-21.118164,cycling_2
1769336876.361592,-0.630615,0.147583,-0.750488,-15.991215,4.333496,-24.475105,cycling_2
1769336876.3817098,-0.629272,-0.042358,-0.835815,-12.146000,4.455566,-18.798828,cycling_2
1769336876.3983405,-0.892090,0.316650,-0.901611,-10.375977,15.747074,-10.681152,cycling_2
1769336876.4218378,-0.619263,-0.078491,-0.815796,-13.122562,10.803223,-34.667969,cycling_2
1769336876.4422894,-0.563354,-0.314697,-0.759155,-6.347658,7.080080,-15.930180,cycling_2
1769336876.461967,-0.835327,-0.116089,-0.764160,-11.962894,16.540527,-8.239746,cycling_2
1769336876.5434713,-0.687988,0.215942,-0.753540,-16.601563,29.663094,-22.460945,cycling_2
1769336876.5640357,-0.365723,-0.040894,-0.700684,-16.479492,20.385742,-23.559578,cycling_2
1769336876.5893815,-0.683716,0.020874,-0.850098,-18.005371,21.606445,-7.324221,cycling_2
1769336876.6195152,-0.790771,0.347168,-0.861572,-21.728516,34.362793,-16.113281,cycling_2
1769336876.772023,-0.306885,0.194458,-0.597778,-21.484375,17.944336,-30.395515,cycling_2
1769336876.772023,-0.456421,-0.089111,-0.720459,-17.211914,3.479005,-8.056641,cycling_2
1769336876.772023,-0.484985,0.524780,-0.874878,-16.174316,16.418457,-7.812502,cycling_2
1769336876.772023,-0.307007,0.148438,-0.735962,-9.460449,-4.028320,-16.113281,cycling_2
1769336876.772023,-0.305542,-0.011353,-0.657227,-14.221195,-9.887695,-2.624512,cycling_2
1769336876.791762,-0.545776,0.178101,-0.858398,-13.854984,-5.065918,7.751467,cycling_2
1769336876.7939808,-0.711914,0.311768,-1.001709,-9.399414,0.305176,-2.563477,cycling_2
1769336876.7939808,-0.307739,0.003418,-0.773071,-8.361816,-8.483887,-10.925293,cycling_2
1769336876.7939808,-0.647461,0.054565,-0.865234,-4.882813,-10.253906,0.732422,cycling_2
1769336876.801274,-0.614502,0.122070,-0.825684,-6.713869,-3.662110,-20.202637,cycling_2
1769336876.801274,-0.556274,-0.122803,-0.831665,-5.126953,-10.253906,-12.756351,cycling_2
1769336876.8018484,-0.614746,0.233765,-0.831177,-8.483887,1.281738,-1.892090,cycling_2
1769336876.8018484,-0.346558,0.291138,-0.761963,-9.399414,-2.380371,-9.521484,cycling_2
1769336876.8233998,-0.557129,0.361206,-0.897705,1.892090,-10.864258,-3.784181,cycling_2
1769336876.8457055,-0.430908,0.301392,-0.715088,0.732422,-31.616219,-22.399910,cycling_2
1769336876.8640692,-0.463745,0.159668,-0.792236,11.596684,-36.254883,6.835939,cycling_2
1769336876.8839414,-0.735596,0.693848,-0.837280,12.756351,-25.024422,-8.056641,cycling_2
1769336876.9058244,-0.233154,0.190552,-0.675415,7.629396,-41.809082,-25.756844,cycling_2
1769336876.9261482,-0.527344,-0.015991,-0.898071,20.568848,-47.119156,-7.751467,cycling_2
1769336876.9456513,-0.622925,0.072632,-0.710815,20.446777,-49.133316,-10.375977,cycling_2
1769336876.9640124,-0.550659,0.125732,-0.826172,12.695316,-28.625496,3.173829,cycling_2
1769336876.9721174,-0.698486,0.277710,-0.676147,11.169437,-45.471207,-14.709476,cycling_2
1769336877.003989,-0.550415,-0.121582,-0.745483,5.310059,-46.081558,-17.761230,cycling_2
1769336877.0227504,-0.889771,0.316772,-0.914795,23.010262,-22.338875,-1.892090,cycling_2
1769336877.0444648,-0.473267,-0.257080,-0.693359,-0.854492,-41.748047,-21.057129,cycling_2
1769336877.06212,-0.662720,-0.504639,-0.869751,7.568361,-25.756844,7.873537,cycling_2
1769336877.0818713,-1.018188,-0.010864,-0.845459,13.854984,-13.427738,13.244633,cycling_2
1769336877.1018052,-0.813110,0.028198,-0.669800,-3.601075,-6.286623,2.746582,cycling_2
1769336877.1218698,-0.545532,-0.266968,-0.701050,8.544922,-22.033691,5.615236,cycling_2
1769336877.1426733,-1.004395,0.236694,-0.941650,23.681648,-9.277344,7.995607,cycling_2
1769336877.162278,-0.627563,0.033569,-0.670166,4.577637,-26.733406,-12.695316,cycling_2
1769336877.1833332,-0.563721,-0.564209,-0.712402,13.916019,-27.832039,-6.469728,cycling_2
1769336877.2016573,-0.964844,0.328613,-0.801636,23.620613,6.835939,25.878914,cycling_2
1769336877.221779,-0.765015,0.176880,-0.748779,-0.244141,-8.850098,-11.413578,cycling_2
1769336877.2441692,-0.545898,-0.427490,-0.823242,14.648441,-12.023930,4.699707,cycling_2
1769336877.2637472,-0.866211,0.238403,-0.724243,20.019531,4.333496,27.160652,cycling_2
1769336877.2818131,-0.744507,0.426758,-0.629517,2.807618,0.427246,13.916019,cycling_2
1769336877.3039358,-0.580566,-0.084595,-0.652710,0.915528,-14.892582,-5.981447,cycling_2
1769336877.3218315,-0.721069,-0.008057,-0.750610,10.681152,-5.126953,11.169437,cycling_2
1769336877.3419528,-0.653809,0.178101,-0.663086,3.662110,-7.019045,11.901859,cycling_2
1769336877.362294,-0.610718,-0.036865,-0.697998,1.281738,-10.864258,4.638672,cycling_2
1769336877.384312,-0.825806,0.140259,-0.705811,3.906251,0.671387,13.061527,cycling_2
1769336877.4042456,-0.720581,0.154297,-0.728027,4.333496,-3.784181,0.244141,cycling_2
1769336877.4919038,-0.594238,0.055664,-0.702148,8.911133,-1.892090,7.324221,cycling_2
1769336877.5147183,-0.868408,0.362915,-0.782837,21.362305,6.286623,3.784181,cycling_2
1769336877.5351596,-0.707764,0.123291,-0.727295,6.530764,-6.042482,-10.314941,cycling_2
1769336877.5580502,-0.666382,-0.033325,-0.697266,21.789551,-9.399414,-3.662110,cycling_2
1769336877.8720772,-0.778442,0.343384,-0.764526,22.583015,0.366211,6.713869,cycling_2
1769336877.8720772,-0.416748,-0.322632,-0.698242,18.554688,-19.287109,-4.394531,cycling_2
1769336877.8720772,-0.821411,0.120239,-0.781860,33.325195,-5.065918,19.775391,cycling_2
1769336877.8720772,-0.809326,0.421631,-0.560547,21.484375,-6.408693,15.380863,cycling_2
1769336877.8720772,-0.629517,-0.108887,-0.702271,12.023930,-17.028809,0.854492,cycling_2
1769336877.8918002,-0.624146,-0.085938,-0.670166,26.794441,-11.535648,11.230473,cycling_2
1769336877.8918002,-0.709473,0.103516,-0.695923,22.216805,-10.192871,12.878422,cycling_2
1769336877.8948662,-0.838501,0.002686,-0.714600,21.972656,-4.089355,-3.662110,cycling_2
1769336877.8948662,-0.459839,-0.136719,-0.591919,15.930180,-6.958010,6.103518,cycling_2
1769336877.8948662,-0.926514,-0.044434,-0.728638,22.033691,-5.065918,9.094238,cycling_2
1769336877.9051116,-1.002563,-0.098755,-0.816162,21.179199,-0.915528,-9.826660,cycling_2
1769336877.9071178,-0.624512,-0.109985,-0.768066,28.808601,0.000000,6.652834,cycling_2
1769336877.9091222,-0.646118,0.073608,-0.649536,26.062019,-5.615236,15.747074,cycling_2
1769336877.9091222,-0.900635,-0.258179,-0.814819,26.550301,-7.080080,-2.258301,cycling_2
1769336877.9121325,-0.777344,0.061279,-0.735229,29.174812,0.244141,22.216805,cycling_2
1769336877.9121325,-0.744263,0.156494,-0.584106,22.094727,-7.629396,15.441898,cycling_2
1769336877.9121325,-0.753906,-0.284424,-0.742065,18.310547,-5.371094,-1.647950,cycling_2
1769336877.9142387,-0.771118,0.009644,-0.733154,20.080566,5.004883,13.916019,cycling_2
1769336877.9142387,-0.630005,0.044067,-0.654297,16.296387,-7.690432,4.943848,cycling_2
1769336877.9162428,-0.629639,-0.064697,-0.567383,14.099125,-3.540040,5.859377,cycling_2
1769336877.9212575,-0.684814,-0.049438,-0.608154,13.183598,3.234864,7.141115,cycling_2
1769336877.9212575,-0.776611,-0.029907,-0.729858,20.202637,4.394531,12.756351,cycling_2
1769336878.1060927,-0.796631,0.212646,-0.687866,25.634773,7.385256,12.207035,cycling_2
1769336878.1060927,-0.626343,0.016357,-0.628784,24.414070,-0.854492,8.911133,cycling_2
1769336878.1060927,-0.874146,-0.075317,-0.703003,25.634773,-2.685547,8.911133,cycling_2
1769336878.110097,-0.768921,-0.324829,-0.750244,23.437508,-1.770020,3.051759,cycling_2
1769336878.1320133,-0.740967,-0.048584,-0.682495,22.277840,-1.037598,24.658211,cycling_2
1769336878.1320133,-0.848267,-0.046509,-0.783447,20.385742,-2.929688,19.775391,cycling_2
1769336878.1320133,-0.739014,-0.304321,-0.766235,18.127441,-9.399414,9.521484,cycling_2
1769336878.1320133,-0.773682,-0.367798,-0.759033,20.202637,-3.051759,17.456055,cycling_2
1769336878.1320133,-0.806274,-0.016479,-0.656372,19.042969,0.793457,31.921394,cycling_2
1769336878.1320133,-0.792603,-0.310547,-0.545410,7.568361,-10.009766,14.770512,cycling_2
1769336878.141053,-1.013062,-0.154419,-0.672119,7.446291,16.845703,14.709476,cycling_2
1769336878.16258,-0.820068,-0.030518,-0.693115,0.366211,12.817387,1.281738,cycling_2
1769336878.1843288,-0.516113,-0.267090,-0.676880,2.868653,14.709476,11.352543,cycling_2
1769336878.2109432,-0.823120,-0.062134,-0.672729,1.953125,17.211914,14.465336,cycling_2
1769336878.2329147,-0.864502,0.186035,-0.598511,2.319336,24.536140,12.329105,cycling_2
1769336878.2469056,-0.613647,0.019287,-0.612549,0.488281,16.235352,2.441406,cycling_2
1769336878.2721527,-0.703735,0.000122,-0.713623,8.300781,14.343266,8.422852,cycling_2
1769336878.2917511,-0.722412,0.065430,-0.663818,7.446291,10.131836,9.826660,cycling_2
1769336878.3230271,-0.665649,0.039795,-0.641724,10.131836,8.972168,20.019531,cycling_2
1769336878.3230271,-0.713135,0.064697,-0.607666,5.798342,9.338379,12.878422,cycling_2
1769336878.3526306,-0.703735,0.032104,-0.705933,6.408693,11.352543,15.930180,cycling_2
1769336878.3718426,-0.755127,0.035767,-0.720703,4.150391,8.544922,9.765625,cycling_2
1769336878.3905315,-0.714478,-0.059937,-0.689941,5.615236,3.540040,8.178711,cycling_2
1769336878.4091635,-0.708984,0.002441,-0.636963,1.464844,8.666992,8.361816,cycling_2
1769336878.4288185,-0.658325,-0.281616,-0.721191,-2.441406,10.559082,3.234864,cycling_2
1769336878.456672,-0.736938,-0.035645,-0.749634,1.159668,6.530764,17.272949,cycling_2
1769336878.4617481,-0.777710,-0.020996,-0.799805,12.329105,-1.953125,7.507326,cycling_2
1769336878.4966755,-0.652100,0.007446,-0.662231,12.268070,-9.216309,12.878422,cycling_2
1769336878.5672655,-0.805542,-0.193604,-0.690674,12.023930,-14.465336,7.263186,cycling_2
1769336878.5925808,-0.823730,-0.032959,-0.705688,9.460449,-1.831055,13.549809,cycling_2
1769336878.6345983,-0.720947,-0.220093,-0.731445,5.310059,-5.493164,6.164553,cycling_2
1769336878.6345983,-0.770630,-0.023682,-0.679932,7.629396,-3.356935,15.014652,cycling_2
1769336878.6345983,-0.825317,0.004517,-0.656128,4.028320,-0.122070,8.239746,cycling_2
1769336878.6345983,-0.665039,-0.129028,-0.660522,-4.211426,-0.915528,7.202150,cycling_2
1769336878.6345983,-0.786499,-0.160034,-0.741577,-1.892090,3.112794,8.789063,cycling_2
1769336878.6496425,-0.826904,-0.130981,-0.712280,-5.065918,8.422852,10.070801,cycling_2
1769336878.7516513,-0.753174,-0.093872,-0.634766,-9.094238,14.465336,13.488773,cycling_2
1769336878.7516513,-0.796265,-0.023926,-0.695679,-10.009766,13.916019,10.498047,cycling_2
1769336878.7516513,-0.734131,0.293457,-0.632690,-10.070801,17.761230,10.314941,cycling_2
1769336878.7516513,-0.666382,-0.125488,-0.737183,-14.709476,5.981447,-9.155273,cycling_2
1769336878.7516513,-0.737793,-0.107788,-0.671631,-9.704590,13.854984,7.446291,cycling_2
1769336878.7671998,-0.689209,0.019043,-0.576416,-22.521980,17.944336,15.502934,cycling_2
1769336878.7818701,-0.637085,-0.087524,-0.640503,-22.460945,20.019531,7.751467,cycling_2
1769336878.801685,-0.683716,0.136841,-0.650757,-17.700195,18.737793,17.578125,cycling_2
1769336878.8217762,-0.549561,-0.000122,-0.672485,-17.517090,12.756351,6.835939,cycling_2
1769336878.8467658,-0.687622,0.182129,-0.731567,-10.009766,15.625004,18.249512,cycling_2
1769336878.8664887,-0.665649,0.192017,-0.729370,-9.582520,13.977055,7.324221,cycling_2
1769336878.882711,-0.634277,0.206177,-0.716675,-4.272461,12.451176,5.187988,cycling_2
1769336878.9017205,-0.604492,0.261475,-0.668213,-3.906251,7.934572,3.845216,cycling_2
1769336878.9236233,-0.731567,0.306763,-0.728027,-4.943848,5.981447,0.061035,cycling_2
1769336878.945111,-0.679443,0.128784,-0.751587,-4.150391,3.723145,-6.958010,cycling_2
1769336878.9642923,-0.730591,0.075073,-0.753906,-6.774904,2.319336,-6.835939,cycling_2
1769336878.9854465,-0.666382,0.121460,-0.715820,-9.887695,11.474613,3.845216,cycling_2
1769336879.0014691,-0.690308,0.190918,-0.770142,-10.009766,4.760742,-1.647950,cycling_2
1769336879.021409,-0.565186,-0.034668,-0.698486,-8.422852,5.798342,-0.793457,cycling_2
1769336879.0437074,-0.602051,0.194824,-0.696777,-4.821777,10.253906,6.530764,cycling_2
1769336879.0618844,-0.590576,0.147705,-0.692261,-3.601075,0.671387,-1.953125,cycling_2
1769336879.0817907,-0.798706,0.533447,-0.792969,12.634281,12.390141,-2.563477,cycling_2
1769336879.1016695,-0.168579,-0.030029,-0.554932,2.380371,-19.714355,-22.705086,cycling_2
1769336879.122233,-0.745361,-0.177246,-0.901611,12.512211,-11.840824,1.220703,cycling_2
1769336879.1435723,-0.958984,0.494385,-0.854370,15.686039,15.625004,12.634281,cycling_2
1769336879.164593,-0.671631,0.474854,-0.758179,1.159668,-5.004883,-15.441898,cycling_2
1769336879.1870286,-0.519165,-0.303467,-0.755249,4.150391,-30.395515,-20.324707,cycling_2
1769336879.2014546,-0.791748,-0.191406,-0.858276,8.544922,-11.657719,4.089355,cycling_2
1769336879.2217157,-0.674805,0.267944,-0.749634,1.342773,3.845216,7.934572,cycling_2
1769336879.2418082,-0.684326,0.044556,-0.789429,2.868653,-7.751467,-7.324221,cycling_2
1769336879.2615755,-0.681519,0.123047,-0.676270,2.075195,-3.295899,5.981447,cycling_2
1769336879.2822006,-0.658691,-0.031128,-0.796143,-0.244141,-5.493164,-2.380371,cycling_2
1769336879.3062353,-0.674561,0.226929,-0.747314,4.333496,9.521484,10.009766,cycling_2
1769336879.3220809,-0.622803,0.144043,-0.675415,-2.319336,-3.234864,-3.845216,cycling_2
1769336879.3414998,-0.661621,0.318481,-0.609497,-0.671387,8.911133,12.512211,cycling_2
1769336879.3617363,-0.679810,0.202881,-0.776733,-4.577637,1.464844,-8.178711,cycling_2
1769336879.3846152,-0.663452,0.364258,-0.691772,6.591799,5.065918,2.990724,cycling_2
1769336879.4072201,-0.671509,0.155029,-0.739990,-5.310059,-1.831055,-10.620117,cycling_2
1769336879.42151,-0.631348,0.068726,-0.716797,-0.976563,3.173829,-0.610352,cycling_2
1769336879.4451807,-0.722900,0.201416,-0.753418,0.122070,7.629396,5.126953,cycling_2
1769336879.49919,-0.803101,0.457520,-0.789185,5.126953,12.268070,0.793457,cycling_2
1769336879.49919,-0.508789,0.138550,-0.682129,11.657719,-11.474613,-16.906738,cycling_2
1769336879.5077074,-0.646606,0.003296,-0.711914,12.023930,-8.300781,-9.643555,cycling_2
1769336879.5216343,-0.759888,0.034058,-0.801880,13.244633,0.488281,-5.187988,cycling_2
1769336879.5413942,-0.686523,0.096558,-0.734863,17.456055,-3.540040,-5.493164,cycling_2
1769336879.561707,-0.725708,-0.049072,-0.782715,18.432617,-8.850098,-8.911133,cycling_2
1769336879.587757,-0.698242,-0.020020,-0.714722,19.042969,-2.502441,-5.371094,cycling_2
1769336879.652259,-0.670044,-0.019775,-0.798218,14.709476,-2.502441,-0.488281,cycling_2
1769336879.652259,-0.648560,0.020264,-0.727783,16.296387,-5.920412,4.272461,cycling_2
1769336879.6675494,-0.712646,0.001221,-0.748779,11.779789,-11.535648,0.976563,cycling_2
1769336879.6675494,-0.751221,-0.001709,-0.732422,9.155273,-8.789063,2.136230,cycling_2
1769336879.7357981,-0.783325,-0.060425,-0.740723,5.249023,-6.103518,-4.577637,cycling_2
1769336879.7415946,-0.654785,-0.074585,-0.694702,-1.586915,-0.732422,1.647950,cycling_2
1769336879.7415946,-0.770508,-0.162842,-0.788452,-3.417970,2.746582,-1.037598,cycling_2
1769336879.7701747,-0.756592,-0.066162,-0.734009,-8.789063,12.878422,-1.586915,cycling_2
1769336879.8954012,-0.724121,0.023804,-0.693604,-12.146000,17.761230,-5.798342,cycling_2
1769336879.8954012,-0.625000,-0.125977,-0.698486,-11.047363,17.272949,-7.263186,cycling_2
1769336879.8954012,-0.657227,0.147827,-0.701294,-9.948730,28.198250,3.112794,cycling_2
1769336879.8954012,-0.740601,0.221313,-0.793213,-7.751467,21.545410,-8.117676,cycling_2
1769336879.8954012,-0.583862,-0.005371,-0.690796,-6.469728,9.887695,-15.075687,cycling_2
1769336879.8954012,-0.591309,0.105957,-0.688110,-3.540040,11.352543,-2.563477,cycling_2
1769336879.8954012,-0.637207,0.146606,-0.763306,-2.990724,10.742188,-8.056641,cycling_2
1769336879.9115112,-0.570313,-0.056641,-0.780518,-3.967286,1.586915,-9.277344,cycling_2
1769336879.924172,-0.708984,0.110107,-0.736206,2.929688,11.169437,1.037598,cycling_2
1769336879.9434683,-0.646851,0.123413,-0.749390,-8.972168,8.605957,-6.896975,cycling_2
1769336879.965743,-0.638062,-0.357788,-0.763062,-4.394531,-3.295899,-10.498047,cycling_2
1769336879.9832127,-0.669678,-0.079224,-0.709961,-5.493164,9.826660,8.483887,cycling_2
1769336880.0061862,-0.927979,0.141357,-0.878296,-0.122070,8.605957,-2.136230,cycling_2
1769336880.0223148,-0.513916,-0.092896,-0.680420,-5.249023,-3.295899,-15.380863,cycling_2
1769336880.0422587,-0.568115,-0.191528,-0.729858,-2.075195,-4.577637,1.464844,cycling_2
1769336880.0630825,-0.919800,0.088501,-0.834473,-2.990724,7.873537,2.929688,cycling_2
1769336880.0837853,-0.817139,0.102051,-0.818604,-14.221195,20.202637,-9.948730,cycling_2
1769336880.104609,-0.575928,0.040894,-0.656128,-15.991215,13.122562,-11.840824,cycling_2
1769336880.1235733,-0.558350,-0.180054,-0.662720,-20.690918,4.943848,-13.305668,cycling_2
1769336880.143806,-0.655640,-0.011230,-0.763550,-14.099125,9.765625,1.831055,cycling_2
1769336880.166156,-0.631226,0.069580,-0.714844,-17.150879,10.375977,-4.028320,cycling_2
1769336880.1865819,-0.678589,-0.058594,-0.750488,-14.465336,10.314941,-7.324221,cycling_2
1769336880.202307,-0.647461,-0.077148,-0.754639,-14.587406,6.774904,-5.920412,cycling_2
1769336880.2266963,-0.676514,0.008789,-0.777588,-14.160160,7.080080,-1.586915,cycling_2
1769336880.2423878,-0.711182,0.058105,-0.817871,-19.409180,12.939457,-9.033203,cycling_2
1769336880.2636516,-0.620361,0.007690,-0.730713,-24.597176,9.582520,-14.221195,cycling_2
1769336880.2853014,-0.849731,0.113770,-0.828003,-23.864754,19.165039,-0.732422,cycling_2
1769336880.3026237,-0.640869,0.045898,-0.808350,-28.625496,20.690918,-17.272949,cycling_2
1769336880.3259752,-0.589966,-0.099121,-0.729858,-25.146492,18.249512,-10.559082,cycling_2
1769336880.3419807,-0.782227,0.118774,-0.810303,-24.292000,22.338875,-8.361816,cycling_2
1769336880.3617084,-0.593506,0.087524,-0.734863,-28.930672,22.033691,-18.310547,cycling_2
1769336880.3816545,-0.537109,-0.157715,-0.699341,-27.526863,16.906738,-10.009766,cycling_2
1769336880.4037368,-0.697510,0.172729,-0.640259,-32.531738,32.592773,-2.624512,cycling_2
1769336880.4226375,-0.484009,0.585815,-0.691162,-32.287598,31.005867,-14.770512,cycling_2
1769336880.4413266,-0.440796,0.155151,-0.780029,-14.343266,3.784181,-19.470215,cycling_2
1769336880.461735,-0.539429,0.486328,-0.798706,-22.644051,9.582520,-23.742683,cycling_2
1769336880.4818282,-0.311523,0.369629,-0.750244,-11.901859,-6.469728,-27.893074,cycling_2
1769336880.503106,-0.414185,0.273926,-0.800415,-7.934572,-13.183598,-19.348145,cycling_2
1769336880.5216768,-0.553101,0.345947,-0.897827,-4.577637,-11.108402,-16.845703,cycling_2
1769336880.5436175,-0.416138,0.094604,-0.727783,-3.662110,-18.432617,-21.972656,cycling_2
1769336880.5616477,-0.457764,-0.033569,-0.754639,-9.643555,-21.240234,-3.417970,cycling_2
1769336880.5818973,-0.691650,0.346924,-0.985840,-5.981447,-4.272461,7.019045,cycling_2
1769336880.6046586,-0.598877,0.345703,-0.875366,-0.244141,-18.676758,-20.263672,cycling_2
1769336880.6247752,-0.276978,-0.249390,-0.662720,-1.037598,-19.287109,0.183106,cycling_2
1769336880.7135992,-0.641235,0.290161,-0.801758,0.427246,-11.047363,16.845703,cycling_2
1769336880.726342,-0.814331,0.645752,-0.957153,0.305176,-41.870117,-26.489265,cycling_2
1769336880.726342,-0.480469,-0.462158,-0.607544,6.652834,-35.705566,-14.404301,cycling_2
1769336880.7278793,-0.629883,0.156250,-0.747559,-6.591799,-9.704590,12.634281,cycling_2
1769336880.9554262,-0.792969,0.340332,-0.894531,-0.061035,2.807618,2.807618,cycling_2
1769336880.956713,-0.581299,0.109863,-0.821167,2.136230,-18.737793,-16.845703,cycling_2
1769336880.956713,-0.456421,-0.186279,-0.691772,1.953125,-24.658211,-4.943848,cycling_2
1769336880.956713,-0.674927,0.167480,-0.785889,-0.488281,-8.911133,2.929688,cycling_2
1769336880.956713,-0.657959,-0.085571,-0.831909,0.305176,-23.071297,-19.775391,cycling_2
1769336880.9651139,-0.564453,-0.373413,-0.792969,-1.525879,-11.413578,-3.051759,cycling_2
1769336880.9651139,-0.700562,-0.012817,-0.860962,-2.624512,-1.831055,8.972168,cycling_2
1769336880.9679134,-0.811401,0.062134,-0.926025,0.183106,0.366211,4.699707,cycling_2
1769336880.9689724,-0.752808,-0.033325,-0.881714,5.981447,-15.808109,-10.864258,cycling_2
1769336880.9689724,-0.656128,-0.260498,-0.702881,2.258301,-9.155273,-3.173829,cycling_2
1769336880.9689724,-0.787109,-0.033325,-0.726074,-0.732422,-0.305176,0.366211,cycling_2
1769336880.9689724,-0.740356,0.039307,-0.801636,-4.272461,0.061035,-17.333984,cycling_2
1769336880.981477,-0.626221,-0.226440,-0.764526,-5.981447,2.746582,-15.869144,cycling_2
1769336880.9896448,-0.627686,-0.048584,-0.734375,-15.197758,13.732914,0.122070,cycling_2
1769336881.0017626,-0.663574,0.176514,-0.774170,-19.042969,17.883301,-4.760742,cycling_2
1769336881.0221188,-0.747070,0.239746,-0.850342,-12.634281,17.089844,-12.695316,cycling_2
1769336881.0441058,-0.487305,0.087280,-0.694702,-11.413578,7.812502,-21.301270,cycling_2
1769336881.0617473,-0.620605,0.277222,-0.787964,-9.643555,11.596684,3.112794,cycling_2
1769336881.0817616,-0.710693,0.383057,-0.806885,-6.591799,3.295899,-16.906738,cycling_2
1769336881.101765,-0.423096,0.081787,-0.591919,-2.746582,-12.817387,-17.517090,cycling_2
1769336881.1216948,-0.600586,0.223145,-0.768188,-1.159668,-10.009766,-2.136230,cycling_2
1769336881.1417446,-0.654907,0.431763,-0.818848,-3.417970,-7.202150,-11.840824,cycling_2
1769336881.1630435,-0.408203,0.072998,-0.712036,2.136230,-14.465336,-16.052246,cycling_2
1769336881.182395,-0.579346,0.205200,-0.763672,-2.624512,-15.258793,-1.892090,cycling_2
1769336881.2039628,-0.614502,0.077637,-0.715332,-6.042482,-17.150879,-13.854984,cycling_2
1769336881.2278605,-0.512207,-0.065918,-0.770264,-5.493164,-13.793949,-0.305176,cycling_2
1769336881.241729,-0.722778,0.279663,-0.900024,2.014160,-6.225588,6.347658,cycling_2
1769336881.263082,-0.541504,0.208740,-0.729004,2.990724,-18.737793,-10.925293,cycling_2
1769336881.2813766,-0.519775,-0.204590,-0.679199,1.953125,-15.380863,0.244141,cycling_2
1769336881.3014226,-0.767822,0.259644,-0.819946,4.943848,-8.117676,11.413578,cycling_2
1769336881.3276813,-0.549438,0.239136,-0.702393,12.268070,-23.254402,-17.395020,cycling_2
1769336881.3442712,-0.507446,-0.033325,-0.761963,2.685547,-10.925293,12.329105,cycling_2
1769336881.3647773,-0.900879,0.320679,-0.858643,11.535648,-13.366703,3.540040,cycling_2
1769336881.3832545,-0.653687,0.053589,-0.723022,4.333496,-11.413578,-8.117676,cycling_2
1769336881.4017324,-0.646851,-0.128052,-0.758545,2.685547,-8.728027,6.042482,cycling_2
1769336881.4218173,-0.806885,-0.067871,-0.838379,7.019045,-9.338379,4.272461,cycling_2
1769336881.4414861,-0.678711,0.220581,-0.769409,-2.929688,2.685547,7.324221,cycling_2
1769336881.4617496,-0.603882,-0.233398,-0.683472,0.000000,-7.507326,9.033203,cycling_2
1769336881.4818304,-0.740845,0.094727,-0.757446,5.004883,8.056641,19.592285,cycling_2
1769336881.5025861,-0.797485,0.522095,-0.791260,-1.159668,1.892090,5.126953,cycling_2
1769336881.5213778,-0.434082,-0.480591,-0.613770,8.422852,-20.507813,-10.620117,cycling_2
1769336881.5398195,-0.613037,0.014282,-0.778442,-3.662110,15.441898,29.541023,cycling_2
1769336881.565678,-0.971558,0.523804,-0.873901,2.685547,-2.197266,0.915528,cycling_2
1769336881.5816534,-0.490601,-0.204712,-0.554688,2.258301,-7.690432,-10.864258,cycling_2
1769336881.6022089,-0.839966,0.185303,-0.875977,8.544922,-9.765625,8.728027,cycling_2
1769336881.6226711,-0.818115,0.088013,-0.876099,2.441406,-5.493164,-4.882813,cycling_2
1769336881.6459801,-0.506226,-0.120239,-0.669678,2.075195,-2.258301,7.568361,cycling_2
1769336881.6685824,-0.891113,0.114990,-0.837891,-3.234864,-3.662110,10.375977,cycling_2
1769336881.684406,-0.813477,0.036499,-0.738892,-10.070801,7.202150,-0.122070,cycling_2
1769336881.7378037,-0.504395,-0.051758,-0.703003,-10.559082,6.225588,7.934572,cycling_2
1769336881.788053,-0.624634,-0.030762,-0.605225,-7.690432,12.390141,15.136723,cycling_2
1769336881.8178701,-0.581543,0.239746,-0.754517,4.699707,-9.582520,-14.282230,cycling_2
1769336881.8178701,-0.594971,-0.051758,-0.699219,14.892582,-6.958010,-3.356935,cycling_2
1769336881.9881368,-0.808350,0.354370,-0.779907,7.263186,-2.563477,-1.342773,cycling_2
1769336881.9981425,-0.616455,-0.035889,-0.723511,5.493164,-7.812502,-10.986328,cycling_2
1769336881.9981425,-0.824219,0.005737,-0.952393,7.446291,-2.807618,-2.319336,cycling_2
1769336881.9981425,-0.669556,0.064575,-0.755249,-2.136230,-5.615236,-2.502441,cycling_2
1769336882.0024786,-0.686890,0.122559,-0.705322,-6.103518,2.197266,5.432129,cycling_2
1769336882.0024786,-0.779663,-0.047729,-0.869751,1.831055,-8.850098,-5.065918,cycling_2
1769336882.002891,-0.653442,0.107056,-0.678223,-5.432129,4.516602,4.943848,cycling_2
1769336882.002891,-0.580444,0.018555,-0.593872,-4.028320,-6.042482,5.187988,cycling_2
1769336882.002891,-0.726929,0.097046,-0.740845,1.037598,3.356935,-0.061035,cycling_2
1769336882.0055723,-0.503906,0.108276,-0.674316,2.685547,-11.596684,-15.136723,cycling_2
1769336882.0055723,-0.432495,-0.064575,-0.576172,2.685547,-0.244141,5.676271,cycling_2
1769336882.0219805,-0.898315,0.403320,-0.863403,12.023930,-0.732422,-1.281738,cycling_2
1769336882.0448368,-0.591431,0.000732,-0.650024,8.728027,-14.038090,-20.751953,cycling_2
1769336882.0618844,-0.530640,-0.099487,-0.728882,7.080080,-4.943848,5.737307,cycling_2
1769336882.081501,-0.802002,0.085938,-0.741089,7.019045,-10.498047,0.305176,cycling_2
1769336882.1024282,-0.725220,-0.159424,-0.804321,2.929688,-5.737307,-5.065918,cycling_2
1769336882.1218188,-0.729370,0.286987,-0.761597,-1.525879,-3.112794,6.286623,cycling_2
1769336882.1538117,-0.759155,0.069092,-0.823486,-2.319336,-0.732422,-6.408693,cycling_2
1769336882.17004,-0.655029,0.031860,-0.784912,3.662110,-6.408693,-3.173829,cycling_2
1769336882.1858983,-0.712524,0.179810,-0.683350,-4.638672,-5.310059,3.479005,cycling_2
1769336882.2314248,-0.692505,-0.066895,-0.716797,-0.732422,-3.723145,-1.220703,cycling_2
1769336882.2530732,-0.806396,0.279053,-0.833984,-3.479005,5.432129,2.380371,cycling_2
1769336882.2684014,-0.555298,-0.199829,-0.644653,-0.122070,5.310059,8.239746,cycling_2
1769336882.2747352,-0.759521,0.184326,-0.757813,5.126953,5.859377,9.155273,cycling_2
1769336882.288805,-0.736450,0.057495,-0.741821,-0.427246,-2.014160,-10.375977,cycling_2
1769336882.3015828,-0.446655,-0.137085,-0.504272,-0.915528,10.375977,14.953617,cycling_2
1769336882.3232412,-0.887451,0.621704,-0.733765,14.648441,24.475105,21.545410,cycling_2
1769336882.3432398,-0.675903,0.636963,-0.706787,-6.835939,3.479005,-20.874023,cycling_2
1769336882.3647482,-0.546509,-0.382080,-0.749146,14.770512,-21.118164,-20.019531,cycling_2
1769336882.3817935,-0.954102,0.473267,-0.789795,-3.723145,26.550301,12.390141,cycling_2
1769336882.401868,-0.642700,0.027100,-0.755859,-12.268070,15.197758,-19.592285,cycling_2
1769336882.4219003,-0.481689,-0.155884,-0.673706,-4.394531,19.714355,5.859377,cycling_2
1769336882.4418893,-0.820313,0.459839,-0.797607,-1.892090,24.230965,7.629396,cycling_2
1769336882.461784,-0.533813,0.230225,-0.642090,-7.690432,14.099125,-8.239746,cycling_2
1769336882.4817097,-0.620117,0.056763,-0.789673,2.380371,2.746582,-11.718754,cycling_2
1769336882.5030053,-0.586182,0.353027,-0.684937,8.728027,14.221195,0.488281,cycling_2
1769336882.5237384,-0.458252,-0.075317,-0.671265,5.310059,-17.944336,-18.981934,cycling_2
1769336882.5438426,-0.640259,-0.291870,-0.780396,13.244633,-11.169437,-0.976563,cycling_2
1769336882.5638797,-0.793335,0.255249,-0.835449,17.089844,4.211426,15.869144,cycling_2
1769336882.5815415,-0.658447,0.420532,-0.773560,10.375977,-6.347658,0.793457,cycling_2
1769336882.6019356,-0.614014,-0.172241,-0.779419,15.136723,-31.250008,-10.009766,cycling_2
1769336882.6217878,-0.835815,0.021240,-0.885254,14.160160,-13.427738,9.094238,cycling_2
1769336882.642655,-0.660034,0.065186,-0.762939,4.150391,-14.160160,4.211426,cycling_2
1769336882.6632566,-0.650024,-0.278320,-0.823242,2.502441,-20.690918,3.173829,cycling_2
1769336882.6829183,-0.846558,-0.003418,-0.787354,5.187988,-2.319336,15.197758,cycling_2
1769336882.703559,-0.714600,0.122314,-0.775635,-1.647950,-2.075195,3.906251,cycling_2
1769336882.7235475,-0.534302,-0.106689,-0.626099,-2.380371,-3.356935,4.150391,cycling_2
1769336882.741723,-0.766724,-0.261841,-0.800537,4.821777,-8.911133,-0.915528,cycling_2
1769336882.7529356,-0.741699,0.224976,-0.680420,-2.197266,17.700195,14.831547,cycling_2
1769336882.7828102,-0.644409,-0.209229,-0.735840,3.479005,-9.948730,-6.286623,cycling_2
1769336882.8017495,-0.658203,-0.135864,-0.628784,5.920412,1.220703,11.291508,cycling_2
1769336882.8216562,-0.948975,0.390869,-0.809204,3.723145,16.052246,13.305668,cycling_2
1769336882.841564,-0.675293,0.058105,-0.706543,-2.441406,-0.305176,-14.404301,cycling_2
1769336882.8634431,-0.588989,-0.217529,-0.733154,-0.915528,6.713869,1.953125,cycling_2
1769336882.8835404,-0.811768,0.011353,-0.801270,-2.563477,17.456055,6.713869,cycling_2
1769336882.901729,-0.631592,0.115356,-0.682983,-11.657719,8.728027,-8.544922,cycling_2
1769336882.9733412,-0.621704,-0.105469,-0.693970,-7.873537,8.239746,-3.234864,cycling_2
1769336882.9733412,-0.751099,0.253662,-0.777954,-4.150391,18.981934,5.004883,cycling_2
1769336882.9857326,-0.611206,0.305298,-0.726196,-3.051759,5.004883,-7.873537,cycling_2
1769336882.9857326,-0.582397,0.026978,-0.717285,0.671387,0.061035,-7.934572,cycling_2
1769336883.0041008,-0.735962,0.076782,-0.758667,3.967286,1.220703,-7.690432,cycling_2
1769336883.0239046,-0.647095,0.186646,-0.692505,-4.089355,2.563477,-5.920412,cycling_2
1769336883.043251,-0.645386,-0.020752,-0.772095,-2.014160,3.845216,-2.563477,cycling_2
1769336883.0616767,-0.755859,0.295288,-0.803467,0.732422,3.906251,-2.807618,cycling_2
1769336883.081862,-0.548462,0.055908,-0.656860,-1.831055,-3.601075,-8.605957,cycling_2
1769336883.1016665,-0.649414,0.085938,-0.745605,-0.854492,0.793457,0.061035,cycling_2
1769336883.1218905,-0.745850,0.038818,-0.797974,4.150391,-3.295899,-8.300781,cycling_2
1769336883.143146,-0.571899,0.015015,-0.644165,0.183106,-4.516602,-0.976563,cycling_2
1769336883.163276,-0.686890,0.130615,-0.744995,-3.234864,-0.427246,1.464844,cycling_2
1769336883.1831415,-0.672363,0.078369,-0.731445,-1.586915,0.000000,0.183106,cycling_2
1769336883.2033653,-0.609375,0.010498,-0.785400,2.624512,-2.197266,1.098633,cycling_2
1769336883.2235205,-0.785278,0.252808,-0.787964,-3.051759,4.455566,-3.540040,cycling_2
1769336883.2441995,-0.650757,-0.375122,-0.718506,-0.854492,-9.399414,-17.639160,cycling_2
1769336883.2619915,-0.730835,-0.109253,-0.817017,-8.483887,12.390141,9.216309,cycling_2
1769336883.2816038,-0.960815,0.258789,-0.862671,-2.685547,19.531250,0.671387,cycling_2
1769336883.3018732,-0.566650,-0.379883,-0.723999,2.075195,1.037598,-11.047363,cycling_2
1769336883.32166,-0.875732,-0.083130,-0.827637,-2.990724,16.906738,8.300781,cycling_2
1769336883.3430395,-0.831787,0.042725,-0.715698,-14.160160,27.160652,-4.638672,cycling_2
1769336883.363002,-0.648804,-0.401489,-0.696533,-12.023930,12.268070,-16.479492,cycling_2
1769336883.3815575,-0.698975,-0.095703,-0.678833,-20.324707,31.799324,13.732914,cycling_2
1769336883.4018116,-0.797607,0.431519,-0.793091,-19.470215,40.954590,-1.098633,cycling_2
1769336883.4265056,-0.446655,0.008789,-0.717041,-17.639160,16.174316,-24.047859,cycling_2
1769336883.4420142,-0.738159,0.206299,-0.784424,-15.563969,21.179199,-10.742188,cycling_2
1769336883.4617963,-0.534546,0.091309,-0.644897,-21.057129,13.732914,-16.906738,cycling_2
1769336883.481831,-0.485474,0.183960,-0.649170,-18.188477,12.329105,-5.310059,cycling_2
1769336883.502457,-0.614990,0.380737,-0.770996,-19.958496,12.390141,-15.502934,cycling_2
1769336883.523836,-0.531982,0.066040,-0.779541,-7.629396,-4.699707,-26.245125,cycling_2
1769336883.544248,-0.200195,0.481934,-0.703979,-15.014652,10.070801,13.305668,cycling_2
1769336883.5619078,-0.722046,0.157227,-0.807739,-7.690432,-4.699707,-34.118652,cycling_2
1769336883.5822244,-0.280396,-0.040039,-0.848022,-1.892090,-3.479005,-15.991215,cycling_2
1769336883.6053114,-0.739990,0.266724,-0.789307,-2.075195,-12.207035,-7.751467,cycling_2
1769336883.621996,-0.669067,0.135132,-0.701050,-9.582520,-3.173829,-16.967773,cycling_2
1769336883.6420171,-0.640015,0.044556,-0.830322,0.976563,-13.366703,-13.793949,cycling_2
1769336883.6617348,-0.733154,0.262939,-0.820190,1.403809,-6.835939,-3.356935,cycling_2
1769336883.6844718,-0.620728,-0.065308,-0.768188,0.183106,-19.287109,-24.353035,cycling_2
1769336883.7037134,-0.545044,-0.036499,-0.744629,-11.901859,-7.141115,17.211914,cycling_2
1769336883.7235663,-0.727173,0.320923,-0.821777,-6.713869,1.708985,5.920412,cycling_2
1769336883.7415895,-0.612671,0.220947,-0.841553,-1.220703,-7.019045,-14.892582,cycling_2
1769336883.7688982,-0.468994,0.030273,-0.637329,0.549316,-14.160160,-7.995607,cycling_2
1769336883.7829409,-0.748901,0.133545,-0.865112,4.272461,-13.000492,-10.498047,cycling_2
1769336883.8016531,-0.667480,0.048340,-0.763916,2.075195,-8.239746,-15.686039,cycling_2
1769336883.8217647,-0.545898,-0.080811,-0.729370,-0.549316,-6.591799,-2.746582,cycling_2
1769336883.8432226,-0.841309,0.136353,-0.928101,0.305176,-3.845216,-7.507326,cycling_2
1769336883.8639686,-0.524292,0.104858,-0.700562,-8.300781,-0.549316,-4.150391,cycling_2
1769336883.8818548,-0.714111,0.133545,-0.846069,-0.366211,-4.577637,-6.896975,cycling_2
1769336883.9048836,-0.738892,0.208252,-0.838867,-3.906251,-1.525879,-16.601563,cycling_2
1769336883.922023,-0.468628,-0.114746,-0.744629,-1.342773,-6.042482,-12.023930,cycling_2
1769336883.9426177,-0.747437,0.111816,-0.861816,0.366211,-0.305176,0.122070,cycling_2
1769336883.9615817,-0.486450,-0.172729,-0.644165,-1.770020,-0.488281,-9.216309,cycling_2
1769336883.982267,-0.581909,-0.049927,-0.743164,1.342773,-5.065918,7.934572,cycling_2
1769336884.0024185,-0.807861,0.382568,-0.812744,0.427246,4.821777,3.967286,cycling_2
1769336884.023225,-0.542358,-0.023560,-0.693848,1.525879,-6.652834,-11.596684,cycling_2
1769336884.0427182,-0.589722,-0.131714,-0.809448,1.586915,-8.239746,1.342773,cycling_2
1769336884.0653949,-0.626953,0.149902,-0.715576,-6.042482,5.310059,14.099125,cycling_2
1769336884.0823948,-0.762817,0.271606,-0.781128,-4.272461,-4.760742,-7.080080,cycling_2
1769336884.0921257,-0.557983,-0.224243,-0.730713,-8.056641,-2.929688,-4.638672,cycling_2
1769336884.121864,-0.716064,0.298218,-0.747559,-9.277344,6.958010,12.512211,cycling_2
1769336884.1441705,-0.730225,0.162231,-0.787231,-7.812502,-5.859377,-19.531250,cycling_2
1769336884.1624343,-0.491211,-0.217896,-0.727661,-4.272461,2.197266,-5.859377,cycling_2
1769336884.1834989,-0.806030,0.255859,-0.791016,1.159668,-3.173829,-0.183106,cycling_2
1769336884.2077954,-0.656006,0.101440,-0.716675,-6.469728,-2.319336,-17.639160,cycling_2
1769336884.2218273,-0.705566,0.133911,-0.853149,2.075195,0.366211,-3.601075,cycling_2
1769336884.2420666,-0.715576,0.140015,-0.797485,-0.915528,-10.131836,-17.639160,cycling_2
1769336884.2629452,-0.507690,-0.300049,-0.719604,-2.197266,-2.746582,-7.324221,cycling_2
1769336884.2817464,-0.832642,0.256592,-0.819824,2.624512,1.464844,5.798342,cycling_2
1769336884.3019469,-0.672485,0.146240,-0.737671,-8.789063,-1.281738,-13.610844,cycling_2
1769336884.3220909,-0.573364,-0.238647,-0.750732,-2.197266,-2.197266,-7.812502,cycling_2
1769336884.34169,-0.753662,0.149536,-0.773682,-3.784181,0.549316,3.234864,cycling_2
1769336884.363033,-0.706299,-0.104248,-0.873535,-4.760742,1.953125,-8.666992,cycling_2
1769336884.383046,-0.523926,-0.187500,-0.644531,-7.995607,4.455566,5.126953,cycling_2
1769336884.4021237,-0.809448,0.251953,-0.819580,-3.295899,12.268070,11.413578,cycling_2
1769336884.4219382,-0.805664,0.167114,-0.785645,-7.690432,8.911133,-17.456055,cycling_2
1769336884.4419107,-0.587769,-0.167847,-0.725830,-8.850098,1.647950,-20.446777,cycling_2
1769336884.4619398,-0.804565,0.115967,-0.786011,-4.394531,17.395020,-0.183106,cycling_2
1769336884.4829583,-0.503174,-0.041626,-0.692627,-12.451176,8.972168,-23.803719,cycling_2
1769336884.5024955,-0.721191,-0.140259,-0.831421,-5.920412,8.178711,-10.803223,cycling_2
1769336884.5240278,-0.696167,-0.173340,-0.677612,-12.451176,14.160160,-5.859377,cycling_2
1769336884.543828,-0.688354,0.203125,-0.721924,-7.141115,19.348145,2.746582,cycling_2
1769336884.563489,-0.611084,0.114624,-0.780029,-10.192871,13.000492,-15.563969,cycling_2
1769336884.5853968,-0.587158,0.014404,-0.704590,-3.723145,8.605957,-3.662110,cycling_2
1769336884.6051402,-0.710327,0.088379,-0.824707,-3.173829,7.446291,-12.268070,cycling_2
1769336884.6216698,-0.573364,-0.138306,-0.732178,-7.507326,4.638672,-1.770020,cycling_2
1769336884.6417336,-0.806519,0.244995,-0.850464,-12.634281,20.385742,3.112794,cycling_2
1769336884.663462,-0.535034,0.020752,-0.808716,-16.113281,8.361816,-17.700195,cycling_2
1769336884.683187,-0.519531,0.212524,-0.690430,-20.385742,13.366703,4.272461,cycling_2
1769336884.7030149,-0.723755,0.223389,-0.844971,-21.972656,14.648441,-14.099125,cycling_2
1769336884.724903,-0.470947,0.028564,-0.724976,-19.287109,2.746582,-19.531250,cycling_2
1769336884.742051,-0.517090,0.253296,-0.678833,-18.981934,7.873537,-5.859377,cycling_2
1769336884.7619503,-0.630615,0.222412,-0.845581,-7.324221,0.427246,-22.460945,cycling_2
1769336884.7838175,-0.448364,-0.041382,-0.677856,-3.906251,-11.352543,-16.601563,cycling_2
1769336884.801802,-0.631348,0.144043,-0.851685,-3.051759,3.540040,1.342773,cycling_2
1769336884.8234422,-0.629883,0.018799,-0.858521,-2.685547,-2.319336,-9.521484,cycling_2
1769336884.843215,-0.611084,-0.089355,-0.712769,-2.746582,-5.249023,-8.117676,cycling_2
1769336884.862118,-0.618774,0.301758,-0.760864,-8.422852,12.329105,9.887695,cycling_2
1769336884.8841398,-0.629272,0.012573,-0.808960,-1.770020,-4.089355,-19.348145,cycling_2
1769336884.9050422,-0.774780,-0.072266,-0.749512,-1.342773,-6.958010,-7.446291,cycling_2
1769336884.922067,-0.411499,0.259277,-0.631226,-8.789063,7.141115,5.920412,cycling_2
1769336884.9418628,-0.672119,0.046631,-0.909790,3.845216,-19.775391,-17.883301,cycling_2
1769336884.9631178,-0.681763,0.084717,-0.822144,-7.568361,5.615236,-5.310059,cycling_2
1769336884.981851,-0.295532,0.235107,-0.778320,-5.920412,-3.906251,-7.385256,cycling_2
1769336885.0019162,-0.614502,0.177856,-0.775269,-4.760742,-16.235352,-14.648441,cycling_2
1769336885.0231113,-0.666260,0.156982,-0.851440,-7.141115,-8.239746,-20.568848,cycling_2
1769336885.0450354,-0.492432,0.077271,-0.727051,-3.723145,-13.000492,-11.230473,cycling_2
1769336885.0645814,-0.654663,0.012085,-0.848389,0.000000,-15.502934,-16.235352,cycling_2
1769336885.0955963,-0.660767,-0.141724,-0.802368,-0.183106,-10.559082,-12.756351,cycling_2
1769336885.1125982,-0.533569,-0.170166,-0.703613,-0.488281,-8.605957,-3.906251,cycling_2
1769336885.122089,-0.668091,0.151245,-0.856201,3.723145,2.685547,0.122070,cycling_2
1769336885.1420026,-0.553223,0.107910,-0.802002,11.108402,-14.831547,-14.526371,cycling_2
1769336885.162897,-0.626465,0.014771,-0.822876,17.395020,-13.061527,-8.056641,cycling_2
1769336885.1821737,-0.755615,0.082520,-0.895630,16.723633,-13.305668,-13.427738,cycling_2
1769336885.2022922,-0.643921,0.010010,-0.782837,13.427738,-10.070801,-9.948730,cycling_2
1769336885.2227776,-0.682251,0.034790,-0.778076,11.474613,-9.216309,-10.437012,cycling_2
1769336885.243974,-0.750244,0.038574,-0.870972,1.770020,-6.896975,-11.535648,cycling_2
1769336885.2619374,-0.802979,-0.110352,-0.755859,-2.807618,-5.371094,-12.512211,cycling_2
1769336885.2817998,-0.621582,-0.235840,-0.703857,-16.845703,1.770020,-7.324221,cycling_2
1769336885.3026762,-0.670532,-0.003174,-0.856445,-16.967773,9.643555,4.760742,cycling_2
1769336885.3243191,-0.755737,-0.146118,-0.774658,-15.930180,1.098633,-13.183598,cycling_2
1769336885.411769,-0.392822,-0.087769,-0.559204,-19.165039,12.329105,9.033203,cycling_2
1769336885.431642,-0.699951,0.332397,-0.747559,-10.375977,13.000492,6.896975,cycling_2
1769336885.4519906,-0.711914,0.304932,-0.610718,-9.826660,2.685547,-15.319828,cycling_2
1769336885.4537392,-0.534180,0.036865,-0.763672,-0.671387,-0.671387,-11.169437,cycling_2
1769336885.4590359,-0.768433,0.138550,-0.866455,-0.915528,-0.976563,-15.808109,cycling_2
1769336885.46198,-0.688843,0.017822,-0.817871,-7.202150,2.014160,-14.221195,cycling_2
1769336885.46198,-0.655762,-0.068726,-0.736328,-9.033203,4.577637,-11.901859,cycling_2
1769336885.481755,-0.791626,0.098145,-0.798218,-10.192871,9.826660,-4.882813,cycling_2
1769336885.502396,-0.754639,0.015625,-0.814941,-14.038090,12.695316,-10.864258,cycling_2
1769336885.5216246,-0.738892,-0.109985,-0.853516,-11.474613,10.925293,-12.939457,cycling_2
1769336885.5426683,-0.616333,-0.105225,-0.802856,-18.981934,18.981934,-7.812502,cycling_2
1769336885.563447,-0.666870,-0.261963,-0.755493,-20.141602,14.709476,-4.699707,cycling_2
1769336885.583594,-0.760986,0.110962,-0.675049,-24.475105,29.602058,5.981447,cycling_2
1769336885.603378,-0.658936,0.196167,-0.726074,-29.357918,28.930672,-12.451176,cycling_2
1769336885.6219966,-0.588867,0.056885,-0.696655,-21.545410,18.310547,-15.014652,cycling_2
1769336885.6416247,-0.451294,0.084595,-0.593262,-26.245125,14.892582,-11.352543,cycling_2
1769336885.6630652,-0.533081,0.229248,-0.760864,-15.197758,20.080566,-1.220703,cycling_2
1769336885.682666,-0.460449,0.327393,-0.763184,-3.417970,5.371094,-24.169930,cycling_2
1769336885.711564,-0.241333,0.183350,-0.820435,5.004883,-6.103518,-16.662598,cycling_2
1769336885.7230709,-0.634033,0.214355,-0.864868,4.089355,-3.356935,-8.666992,cycling_2
1769336885.7437694,-0.555420,0.325928,-0.777466,-6.347658,7.629396,-8.300781,cycling_2
1769336885.7619812,-0.368652,0.114502,-0.760986,-8.117676,-4.882813,-10.253906,cycling_2
1769336885.781931,-0.735229,0.432007,-0.817139,-7.324221,2.014160,1.342773,cycling_2
1769336885.8018637,-0.427734,0.156738,-0.800781,-10.009766,-9.948730,-20.507813,cycling_2
1769336885.8218205,-0.477783,-0.309082,-0.791992,-0.976563,-21.728516,-15.808109,cycling_2
1769336885.8428338,-0.618164,0.205811,-0.735352,-0.610352,-4.882813,9.460449,cycling_2
1769336885.8628511,-0.635254,0.321289,-0.953369,7.751467,-5.920412,-11.718754,cycling_2
1769336885.883938,-0.552002,0.121948,-0.725220,9.582520,-26.306160,-19.348145,cycling_2
1769336885.904187,-0.541260,-0.352295,-0.772217,7.934572,-32.104492,-16.967773,cycling_2
1769336885.9216197,-0.800171,-0.090454,-0.932373,6.286623,-15.197758,-3.295899,cycling_2
1769336885.9419603,-0.770020,0.391235,-0.964600,8.117676,-6.652834,-8.178711,cycling_2
1769336885.9616294,-0.430664,-0.394043,-0.722290,9.033203,-32.592773,-17.517090,cycling_2
1769336885.9817247,-0.690063,-0.180176,-0.801636,6.774904,-15.258793,12.329105,cycling_2
1769336886.002045,-0.946289,0.313599,-0.856079,2.746582,-5.554201,1.403809,cycling_2
1769336886.023597,-0.613159,-0.068726,-0.800903,-4.028320,-13.549809,-12.939457,cycling_2
1769336886.043437,-0.580078,-0.288086,-0.746338,-3.417970,-13.183598,-3.662110,cycling_2
1769336886.0616822,-0.670776,0.097778,-0.731934,-9.704590,1.098633,-1.586915,cycling_2
1769336886.0839522,-0.590698,-0.079224,-0.760132,-8.605957,-4.211426,-12.817387,cycling_2
1769336886.101839,-0.649170,0.011719,-0.754272,-2.075195,4.455566,-5.981447,cycling_2
1769336886.1217885,-0.570190,0.217407,-0.730591,1.892090,-0.061035,-9.643555,cycling_2
1769336886.141589,-0.583008,0.034302,-0.764404,5.920412,-7.995607,-15.502934,cycling_2
1769336886.1624177,-0.729492,-0.028198,-0.809814,7.019045,-4.394531,-13.427738,cycling_2
1769336886.1834843,-0.705688,0.087891,-0.794189,6.408693,0.183106,-7.385256,cycling_2
1769336886.202641,-0.598145,-0.023438,-0.871094,1.892090,-4.272461,-9.399414,cycling_2
1769336886.221983,-0.645386,-0.108521,-0.788208,0.732422,-1.281738,-2.624512,cycling_2
1769336886.2416317,-0.639771,0.055298,-0.743042,-2.441406,3.234864,1.037598,cycling_2
1769336886.2617908,-0.593750,0.166260,-0.719116,-3.112794,8.117676,0.976563,cycling_2
1769336886.2839074,-0.578857,0.038330,-0.823486,1.037598,2.197266,-7.507326,cycling_2
1769336886.3030891,-0.523682,0.145020,-0.712646,5.065918,4.638672,4.028320,cycling_2
1769336886.3229535,-0.604370,0.168701,-0.739868,8.483887,-3.234864,-3.845216,cycling_2
1769336886.3427274,-0.666748,0.068481,-0.863403,8.300781,1.708985,-5.310059,cycling_2
1769336886.361672,-0.783813,0.091797,-0.761475,2.014160,-3.234864,-10.559082,cycling_2
1769336886.384371,-0.614258,-0.231934,-0.744629,-5.554201,-7.263186,-11.962894,cycling_2
1769336886.4017968,-0.746460,-0.160522,-0.862305,-9.460449,3.234864,-2.380371,cycling_2
1769336886.4217808,-0.855713,0.123779,-0.933472,-13.793949,13.916019,-4.821777,cycling_2
1769336886.4424314,-0.546997,-0.353638,-0.757080,-13.549809,-7.141115,-15.625004,cycling_2
1769336886.461663,-0.785278,0.135986,-0.792725,-7.690432,9.094238,9.338379,cycling_2
1769336886.4828906,-0.712158,0.115967,-0.773560,-11.474613,5.249023,-10.314941,cycling_2
1769336886.502133,-0.468506,-0.293579,-0.734497,2.075195,-12.084965,-3.417970,cycling_2
1769336886.5215523,-0.733643,0.093506,-0.735229,5.187988,-3.356935,9.277344,cycling_2
1769336886.5417025,-0.583984,-0.071289,-0.765015,-1.831055,-10.253906,-3.601075,cycling_2
1769336886.5616698,-0.675659,-0.275757,-0.699951,3.662110,-13.061527,-1.281738,cycling_2
1769336886.581767,-0.675537,0.001831,-0.775146,-2.502441,7.629396,10.437012,cycling_2
1769336886.6009283,-0.693848,0.183838,-0.813110,-3.540040,3.662110,-4.272461,cycling_2
1769336886.6200511,-0.610596,-0.179321,-0.732422,-5.554201,-7.202150,-12.878422,cycling_2
1769336886.6410856,-0.795288,-0.006348,-0.833862,-6.103518,8.605957,0.610352,cycling_2
1769336886.6616917,-0.875610,0.250244,-0.872314,-14.343266,17.333984,-11.413578,cycling_2
1769336886.6816978,-0.532593,-0.224121,-0.749756,-17.578125,-0.305176,-22.216805,cycling_2
1769336886.7018297,-0.564209,-0.396973,-0.713623,-18.005371,2.624512,0.122070,cycling_2
1769336886.7217288,-0.769165,0.314941,-0.744629,-20.874023,24.230965,-1.220703,cycling_2
1769336886.7421188,-0.466797,-0.060913,-0.736816,-19.104004,4.577637,-14.282230,cycling_2
1769336886.7620847,-0.630615,-0.089966,-0.715454,-7.202150,1.647950,2.136230,cycling_2
1769336886.781764,-0.726807,0.349731,-0.755737,-11.657719,14.892582,-1.586915,cycling_2
1769336886.8015873,-0.456909,0.048706,-0.771362,-9.643555,0.183106,-15.380863,cycling_2
1769336886.8217719,-0.645752,-0.089478,-0.780762,-1.281738,-3.784181,-10.742188,cycling_2
1769336886.8422077,-0.725952,0.248413,-0.764771,-8.117676,11.047363,-5.371094,cycling_2
1769336886.8642187,-0.454224,-0.011353,-0.735596,-8.239746,-1.647950,-14.709476,cycling_2
1769336886.8784215,-0.694702,0.192383,-0.898438,-3.540040,6.347658,-5.249023,cycling_2
1769336886.8981407,-0.583374,0.021851,-0.851440,-6.774904,-2.746582,-18.127441,cycling_2
1769336886.9184623,-0.553101,-0.066162,-0.649902,-6.103518,-3.906251,-0.610352,cycling_2
1769336886.9399989,-0.735596,0.223877,-0.764038,-8.666992,4.577637,-2.380371,cycling_2
1769336886.9607923,-0.511597,-0.123779,-0.775513,-9.582520,-5.004883,-10.742188,cycling_2
1769336886.9817395,-0.722168,0.136719,-0.840088,-5.249023,9.033203,1.403809,cycling_2
1769336887.0016217,-0.434814,0.034180,-0.760254,-11.047363,-9.582520,-26.489265,cycling_2
1769336887.0218875,-0.538086,-0.178467,-0.801147,-4.150391,-5.493164,1.098633,cycling_2
1769336887.038921,-0.821167,0.137939,-0.834229,-10.253906,3.845216,-7.019045,cycling_2
1769336887.060618,-0.607056,0.040039,-0.737549,-11.779789,0.610352,-11.047363,cycling_2
1769336887.082159,-0.636963,-0.030518,-0.778687,-10.070801,-0.732422,-11.108402,cycling_2
1769336887.1017196,-0.582397,-0.080200,-0.711670,-9.582520,-4.211426,-4.699707,cycling_2
1769336887.120433,-0.627441,0.184692,-0.830444,-5.065918,0.732422,-4.821777,cycling_2
1769336887.1419787,-0.578247,-0.075806,-0.804077,-3.173829,-9.399414,-14.892582,cycling_2
1769336887.161913,-0.500000,-0.008179,-0.721069,-6.896975,-2.441406,7.934572,cycling_2
1769336887.181213,-0.812866,0.412720,-0.859741,-7.446291,4.577637,-5.065918,cycling_2
1769336887.198854,-0.501831,0.092651,-0.828369,-13.854984,-4.028320,-19.653320,cycling_2
1769336887.2178414,-0.471436,-0.089355,-0.747070,-6.652834,-8.605957,-2.136230,cycling_2
1769336887.2378137,-0.809448,0.415405,-0.848022,-10.009766,9.826660,2.746582,cycling_2
1769336887.2629724,-0.465088,-0.140259,-0.701904,-3.173829,-10.742188,-7.751467,cycling_2
1769336887.2802901,-0.672729,0.096313,-0.738892,-4.638672,-3.173829,7.812502,cycling_2
1769336887.3031437,-0.701050,0.140503,-0.834351,0.000000,-6.408693,-8.239746,cycling_2
1769336887.321625,-0.613892,0.066040,-0.768677,2.197266,-10.375977,-3.356935,cycling_2
1769336887.3417146,-0.664429,-0.006836,-0.787964,1.220703,-11.474613,-0.244141,cycling_2
1769336887.3629167,-0.702515,-0.007446,-0.822754,-0.610352,-6.713869,1.098633,cycling_2
1769336887.3823128,-0.647217,0.018677,-0.772095,-6.347658,-5.676271,-4.089355,cycling_2
1769336887.4018903,-0.615112,-0.044312,-0.798218,-10.864258,-2.685547,1.770020,cycling_2
1769336887.421951,-0.720337,0.056030,-0.808960,-11.108402,0.488281,1.464844,cycling_2
1769336887.4418094,-0.659180,-0.008423,-0.800659,-13.671879,1.281738,-5.920412,cycling_2
1769336887.4616706,-0.613281,-0.196289,-0.739014,-14.282230,2.136230,-1.892090,cycling_2
1769336887.481944,-0.531128,-0.004272,-0.720703,-12.390141,9.033203,11.169437,cycling_2
1769336887.5027778,-0.670288,0.418213,-0.842407,-3.112794,20.690918,9.582520,cycling_2
1769336887.5227056,-0.487305,-0.057373,-0.667603,1.281738,-21.667480,-18.493652,cycling_2
1769336887.5434113,-0.793579,-0.050171,-0.735107,-2.746582,-2.746582,1.281738,cycling_2
1769336887.5619295,-0.822510,0.344238,-0.827637,-13.244633,14.404301,-1.892090,cycling_2
1769336887.5789819,-0.440308,-0.065430,-0.781860,-6.042482,-9.826660,-7.446291,cycling_2
1769336887.6013482,-0.645386,-0.026367,-0.782104,-8.056641,-3.967286,8.789063,cycling_2
1769336887.6218941,-0.637329,0.148682,-0.790771,-14.160160,5.798342,9.582520,cycling_2
1769336887.6419277,-0.596924,0.341919,-0.722046,-10.681152,6.713869,3.173829,cycling_2
1769336887.6622012,-0.551880,-0.016235,-0.833984,-5.737307,-9.277344,-20.202637,cycling_2
1769336887.6826677,-0.472534,-0.050171,-0.682495,-5.859377,-5.004883,6.225588,cycling_2
1769336887.703726,-0.595947,0.262451,-0.698608,-4.089355,2.746582,7.568361,cycling_2
1769336887.7227142,-0.677979,0.330566,-0.823975,3.112794,-2.319336,-12.878422,cycling_2
1769336887.7419124,-0.479492,0.166382,-0.679810,5.737307,-15.258793,-8.789063,cycling_2
1769336887.7621794,-0.694946,0.112549,-0.823730,8.178711,-14.404301,-7.080080,cycling_2
1769336887.7821214,-0.680054,0.077881,-0.822876,4.150391,-11.657719,-7.019045,cycling_2
1769336887.8016953,-0.659302,-0.000977,-0.783569,-0.793457,-12.146000,-2.807618,cycling_2
1769336887.8218682,-0.709595,-0.011841,-0.777222,-7.751467,-3.723145,2.502441,cycling_2
1769336887.841806,-0.711426,0.128052,-0.797241,-8.239746,0.549316,0.732422,cycling_2
1769336887.8621094,-0.626587,-0.099731,-0.806152,-3.723145,-9.216309,-11.535648,cycling_2
1769336887.8829246,-0.558838,0.067383,-0.687866,-4.943848,2.990724,11.535648,cycling_2
1769336887.9028864,-0.630005,0.239868,-0.769043,-0.122070,-0.366211,-3.723145,cycling_2
1769336887.9225848,-0.634277,-0.017212,-0.712402,5.554201,-9.582520,2.014160,cycling_2
1769336887.9419484,-0.742676,0.215942,-0.789307,0.488281,-1.342773,-2.929688,cycling_2
1769336887.952952,-0.617432,0.040039,-0.767334,-3.051759,-4.272461,-5.920412,cycling_2
1769336887.9821737,-0.716309,0.026611,-0.806641,-3.356935,-0.976563,-2.197266,cycling_2
1769336888.0020633,-0.682373,0.124023,-0.782227,-7.446291,3.540040,-1.403809,cycling_2
1769336888.0218613,-0.633789,0.060913,-0.780151,-6.896975,1.342773,-1.647950,cycling_2
1769336888.0426364,-0.692139,0.045044,-0.810913,-4.028320,0.854492,-0.976563,cycling_2
1769336888.079864,-0.640503,0.194458,-0.723633,-4.028320,7.080080,5.615236,cycling_2
1769336888.08863,-0.640625,0.221436,-0.750977,-1.953125,-3.417970,-6.469728,cycling_2
1769336888.108177,-0.658691,0.050293,-0.788330,0.427246,-5.615236,-7.995607,cycling_2
1769336888.122116,-0.626343,0.208740,-0.737183,-0.244141,1.342773,-0.122070,cycling_2
1769336888.142172,-0.584839,0.022095,-0.743652,0.610352,-11.413578,-11.047363,cycling_2
1769336888.1624274,-0.649780,-0.004395,-0.715942,-1.037598,-3.417970,0.305176,cycling_2
1769336888.1833432,-0.635376,0.141968,-0.771851,-0.854492,-3.479005,-5.554201,cycling_2
1769336888.203503,-0.590576,0.035156,-0.720093,2.319336,-5.493164,-3.845216,cycling_2
1769336888.2217333,-0.631104,0.129150,-0.745728,1.831055,-4.333496,-0.183106,cycling_2
1769336888.2434835,-0.686035,0.135864,-0.776123,2.441406,-3.845216,-2.624512,cycling_2
1769336888.2619357,-0.712769,0.062134,-0.796143,2.990724,-5.249023,-9.338379,cycling_2
1769336888.2822618,-0.613037,0.001343,-0.733398,0.366211,-3.967286,-3.051759,cycling_2
1769336888.301806,-0.716431,0.176514,-0.796997,0.854492,0.915528,-1.159668,cycling_2
1769336888.3219357,-0.727661,0.226807,-0.817017,-2.136230,2.197266,-8.850098,cycling_2
1769336888.3419752,-0.571411,-0.246094,-0.725098,3.784181,-13.488773,-13.305668,cycling_2
1769336888.3621929,-0.728027,0.041016,-0.763672,-2.197266,2.990724,7.202150,cycling_2
1769336888.3831987,-0.643311,0.208496,-0.687012,-9.399414,5.554201,1.159668,cycling_2
1769336888.4032362,-0.532715,-0.286011,-0.741089,2.990724,-12.573246,-4.516602,cycling_2
1769336888.422128,-0.774170,0.182617,-0.803223,1.159668,9.399414,13.916019,cycling_2
1769336888.4417038,-0.554199,0.142456,-0.659180,-3.417970,-3.479005,-4.272461,cycling_2
1769336888.462119,-0.694946,0.123413,-0.799194,4.333496,-0.305176,-8.300781,cycling_2
1769336888.4880285,-0.702881,0.319702,-0.779419,1.098633,-2.197266,-11.169437,cycling_2
1769336888.603783,-0.701172,0.098389,-0.791138,-3.173829,0.000000,0.183106,cycling_2
1769336888.603783,-0.706177,0.272339,-0.754883,-6.896975,0.122070,1.525879,cycling_2
1769336888.603783,-0.591431,0.184082,-0.747192,-9.887695,-2.441406,-3.601075,cycling_2
1769336888.6119592,-0.571045,0.081665,-0.683105,-9.826660,-1.953125,5.249023,cycling_2
1769336888.6119592,-0.728271,0.195923,-0.793213,-8.605957,2.746582,-2.197266,cycling_2
1769336888.6119592,-0.538696,0.149170,-0.700317,-7.446291,2.075195,-1.098633,cycling_2
1769336888.642048,-0.580933,0.183594,-0.710571,-0.488281,-2.624512,2.136230,cycling_2
1769336888.661676,-0.727661,0.346558,-0.795410,4.577637,1.770020,-4.333496,cycling_2
1769336888.6818748,-0.595825,0.146484,-0.732910,9.521484,-13.916019,-10.314941,cycling_2
1769336888.7018118,-0.776123,0.198364,-0.786133,11.047363,-5.065918,-2.746582,cycling_2
1769336888.722748,-0.787109,0.255005,-0.789429,6.469728,-2.258301,-8.605957,cycling_2
1769336888.7427356,-0.672241,-0.074097,-0.739990,9.704590,-10.009766,-11.169437,cycling_2
1769336888.7616751,-0.707764,0.045166,-0.775269,5.676271,-0.549316,-3.601075,cycling_2
1769336888.78507,-0.638062,0.066162,-0.716675,1.770020,-0.610352,-2.197266,cycling_2
1769336888.8017776,-0.632080,0.017212,-0.804932,8.666992,-3.723145,-4.272461,cycling_2
1769336888.8216863,-0.558716,0.294556,-0.687988,6.591799,5.676271,7.019045,cycling_2
1769336888.842725,-0.575562,0.051514,-0.714600,4.455566,-6.347658,-4.516602,cycling_2
1769336888.86148,-0.619629,0.160522,-0.778442,6.042482,0.183106,6.408693,cycling_2
1769336888.882151,-0.640137,0.143311,-0.777466,3.112794,-5.737307,0.000000,cycling_2
1769336888.9039397,-0.619751,0.019409,-0.761841,3.417970,-10.070801,-0.671387,cycling_2
1769336888.9218733,-0.670776,0.008789,-0.763794,3.234864,-5.493164,1.586915,cycling_2
1769336888.9420147,-0.756836,0.054565,-0.809326,0.854492,-1.525879,-0.549316,cycling_2
1769336888.9653463,-0.667358,-0.020874,-0.749023,3.967286,-2.258301,9.338379,cycling_2
1769336888.9829128,-0.718018,0.053589,-0.760498,6.591799,-5.554201,5.798342,cycling_2
1769336889.001858,-0.691284,-0.012329,-0.785156,9.948730,-6.591799,5.798342,cycling_2
1769336889.0225196,-0.761353,0.116333,-0.808838,15.258793,-6.469728,8.056641,cycling_2
1769336889.0420573,-0.707764,0.082764,-0.745728,11.901859,-11.535648,4.516602,cycling_2
1769336889.0629914,-0.697266,-0.071899,-0.757935,11.413578,-9.277344,2.990724,cycling_2
1769336889.081754,-0.704834,-0.050415,-0.735718,7.019045,-8.117676,6.591799,cycling_2
1769336889.101799,-0.725220,-0.081909,-0.830200,4.638672,-7.080080,6.774904,cycling_2
1769336889.1218467,-0.656128,-0.022583,-0.730225,5.371094,1.708985,13.366703,cycling_2
1769336889.1418457,-0.609253,0.238281,-0.686890,5.371094,0.488281,16.784668,cycling_2
1769336889.1618495,-0.636841,-0.172852,-0.720703,5.432129,-14.526371,-5.615236,cycling_2
1769336889.1817443,-0.737183,0.117065,-0.671021,7.812502,3.540040,17.028809,cycling_2
1769336889.2030244,-0.752563,0.165283,-0.710205,3.723145,0.793457,5.737307,cycling_2
1769336889.2225025,-0.637207,-0.162598,-0.770752,7.812502,-4.699707,3.356935,cycling_2
1769336889.2419684,-0.779175,-0.049438,-0.742188,2.990724,1.220703,16.662598,cycling_2
1769336889.2620873,-0.851196,-0.014282,-0.791748,-4.577637,8.911133,8.972168,cycling_2
1769336889.2819035,-0.697388,-0.071167,-0.748047,-5.310059,9.826660,9.521484,cycling_2
1769336889.3017743,-0.754272,0.326172,-0.715210,-12.695316,22.521980,16.784668,cycling_2
1769336889.3212323,-0.657959,0.058228,-0.680298,-17.150879,7.385256,-2.258301,cycling_2
1769336889.3419719,-0.683105,0.204102,-0.732788,-14.587406,18.737793,11.840824,cycling_2
1769336889.3619194,-0.824463,0.452148,-0.784546,-18.432617,15.991215,-11.535648,cycling_2
1769336889.3820636,-0.531616,-0.281372,-0.547852,-8.544922,-16.174316,-19.226074,cycling_2
1769336889.4017498,-0.772461,-0.052734,-0.670532,-12.023930,19.836426,13.793949,cycling_2
1769336889.4218285,-0.818237,0.564941,-0.812256,-15.991215,41.381836,9.216309,cycling_2
1769336889.4417186,-0.561890,0.216553,-0.790405,-7.202150,7.446291,-19.958496,cycling_2
1769336889.46167,-0.652466,0.091064,-0.701294,-4.333496,4.760742,-4.394531,cycling_2
1769336889.482189,-0.686401,0.079346,-0.697510,-9.216309,19.287109,0.244141,cycling_2
1769336889.501866,-0.713989,0.406250,-0.797241,-7.934572,21.667480,-11.596684,cycling_2
1769336889.524105,-0.560913,0.100952,-0.689941,1.342773,-2.807618,-21.240234,cycling_2
1769336889.5433936,-0.665405,-0.092163,-0.690186,2.563477,-5.737307,-16.540527,cycling_2
1769336889.5651836,-0.621704,-0.003540,-0.663086,-3.173829,9.521484,1.770020,cycling_2
1769336889.591936,-0.619751,0.387817,-0.731689,3.540040,12.939457,3.662110,cycling_2
1769336889.6018012,-0.547363,0.341064,-0.727173,5.554201,0.793457,-9.582520,cycling_2
1769336889.6266677,-0.565552,0.272705,-0.742310,9.765625,-3.845216,-3.479005,cycling_2
1769336889.6567266,-0.615967,0.296509,-0.728760,6.225588,-10.681152,-14.709476,cycling_2
1769336889.6634011,-0.537842,0.154541,-0.674561,0.244141,-2.868653,-9.704590,cycling_2
1769336889.6836243,-0.720703,0.140381,-0.846069,-0.854492,1.037598,-7.263186,cycling_2
1769336889.7037299,-0.733521,0.006226,-0.873535,1.953125,-3.417970,-15.563969,cycling_2
1769336889.7235477,-0.569214,0.022827,-0.725952,-2.075195,-4.699707,-6.164553,cycling_2
1769336889.7450082,-0.790283,-0.175415,-0.776123,-3.112794,-6.469728,-12.207035,cycling_2
1769336889.7954936,-0.713135,0.150879,-0.855347,-10.375977,9.582520,1.831055,cycling_2
1769336889.8690724,-0.586548,0.049683,-0.779663,-10.925293,13.977055,0.427246,cycling_2
1769336889.8690724,-0.739014,0.102417,-0.724243,-11.840824,5.798342,-4.028320,cycling_2
1769336889.8690724,-0.776733,-0.033447,-0.725342,-9.521484,5.737307,-12.390141,cycling_2
1769336889.8690724,-0.624878,-0.075439,-0.753418,-8.911133,6.774904,-2.868653,cycling_2
1769336889.88189,-0.771484,-0.003418,-0.822510,-6.408693,10.742188,-4.943848,cycling_2
1769336889.901811,-0.591553,0.007446,-0.754150,-7.446291,9.582520,-8.178711,cycling_2
1769336889.921946,-0.609863,0.001099,-0.728516,-9.399414,12.023930,-6.896975,cycling_2
1769336889.9419754,-0.687378,0.062500,-0.803955,-8.483887,20.996094,-6.530764,cycling_2
1769336889.9618642,-0.633911,0.064941,-0.831177,-4.638672,15.075687,-13.793949,cycling_2
1769336889.9829824,-0.586914,0.035889,-0.765137,-4.394531,14.038090,-9.582520,cycling_2
1769336890.0018978,-0.639160,0.038086,-0.761353,-5.310059,17.150879,-7.934572,cycling_2
1769336890.0222702,-0.664673,0.130371,-0.791260,-9.826660,18.737793,-15.869144,cycling_2
1769336890.0425732,-0.558838,-0.069214,-0.736084,-12.939457,12.573246,-16.479492,cycling_2
1769336890.0620139,-0.655029,0.031250,-0.770996,-12.878422,18.798828,-6.286623,cycling_2
1769336890.0818167,-0.583374,0.191162,-0.765625,-13.732914,21.118164,-6.469728,cycling_2
1769336890.101706,-0.574219,0.108398,-0.787598,-9.460449,11.108402,-10.375977,cycling_2
1769336890.1218097,-0.594604,0.163818,-0.738525,-8.239746,8.300781,-10.559082,cycling_2
1769336890.14157,-0.517090,0.239868,-0.792358,-4.333496,-1.220703,-21.057129,cycling_2
1769336890.162002,-0.619019,0.120605,-0.858276,-4.394531,-2.990724,-19.470215,cycling_2
1769336890.1822178,-0.560913,0.057983,-0.771118,-7.629396,-2.014160,-8.361816,cycling_2
1769336890.2016058,-0.602783,0.029053,-0.891968,-9.521484,1.037598,-17.028809,cycling_2
1769336890.2238238,-0.540894,-0.030273,-0.746338,-13.366703,-0.488281,-6.713869,cycling_2
1769336890.2434509,-0.621704,0.092773,-0.739746,-15.441898,4.394531,-7.019045,cycling_2
1769336890.2618065,-0.586182,0.176270,-0.750977,-13.610844,4.699707,-10.192871,cycling_2
1769336890.2853558,-0.685181,0.201416,-0.787964,-1.708985,-0.366211,-8.361816,cycling_2
1769336890.3027005,-0.520996,0.299316,-0.790894,-0.732422,-3.234864,-26.550301,cycling_2
1769336890.3243985,-0.359741,-0.024048,-0.753784,6.286623,-20.019531,-20.324707,cycling_2
1769336890.3430355,-0.726440,0.081787,-0.888916,0.366211,-5.615236,-7.995607,cycling_2
1769336890.361998,-0.569580,0.182739,-0.870972,-2.929688,-1.831055,-10.009766,cycling_2
1769336890.3821216,-0.642212,0.102417,-0.799438,-5.981447,-8.422852,-17.517090,cycling_2
1769336890.4017386,-0.656250,-0.022095,-0.786743,-9.826660,-6.713869,-12.329105,cycling_2
1769336890.4218142,-0.610474,0.037842,-0.827026,-9.094238,-1.159668,-5.004883,cycling_2
1769336890.4420054,-0.557983,0.058228,-0.798950,-5.432129,-4.394531,-4.516602,cycling_2
1769336890.4618824,-0.612183,0.098267,-0.739258,-5.554201,-3.601075,-2.563477,cycling_2
1769336890.4818153,-0.621338,0.127197,-0.790405,-5.493164,-3.967286,-8.666992,cycling_2
1769336890.501722,-0.615112,-0.004639,-0.795654,-3.723145,-7.507326,-12.512211,cycling_2
1769336890.5217047,-0.552002,0.064087,-0.767944,-6.408693,-4.272461,-7.080080,cycling_2
1769336890.5430496,-0.599854,0.196289,-0.819214,-2.624512,-5.432129,-6.286623,cycling_2
1769336890.5717716,-0.622192,0.057495,-0.828125,-1.586915,-11.108402,-15.319828,cycling_2
1769336890.6530187,-0.552856,-0.042480,-0.745605,-3.723145,-11.047363,-5.615236,cycling_2
1769336890.6530187,-0.624878,0.188110,-0.789917,-5.981447,-6.286623,0.915528,cycling_2
1769336890.671175,-0.541870,0.138306,-0.763306,-6.896975,-10.009766,-3.967286,cycling_2
1769336890.6975763,-0.671631,0.174438,-0.815186,-1.525879,-11.901859,-3.723145,cycling_2
1769336890.6994355,-0.635742,0.184448,-0.820435,-0.671387,-14.099125,-14.099125,cycling_2
1769336890.6997564,-0.542236,0.026611,-0.766602,2.563477,-20.141602,-6.774904,cycling_2
1769336890.702977,-0.679443,0.134033,-0.787231,0.549316,-10.070801,0.488281,cycling_2
1769336890.7242873,-0.663330,0.080444,-0.840820,1.098633,-17.883301,-12.695316,cycling_2
1769336890.7422154,-0.512817,-0.103882,-0.696411,0.427246,-15.380863,3.173829,cycling_2
1769336890.7616322,-0.744263,0.335205,-0.811890,2.990724,-9.948730,4.943848,cycling_2
1769336890.7850537,-0.615845,0.147949,-0.758179,0.122070,-15.075687,-12.268070,cycling_2
1769336890.802191,-0.656006,-0.023071,-0.768188,8.544922,-23.986824,-10.925293,cycling_2
1769336890.825745,-0.647217,0.074951,-0.718140,6.164553,-12.146000,-1.403809,cycling_2
1769336890.841699,-0.698242,0.087280,-0.756958,7.690432,-13.000492,-6.958010,cycling_2
1769336890.9087677,-0.679932,-0.020508,-0.732666,6.286623,-16.052246,-7.446291,cycling_2
1769336890.9087677,-0.643433,0.029053,-0.735840,9.582520,-8.605957,3.417970,cycling_2
1769336890.9087677,-0.747681,-0.052734,-0.841553,7.751467,-15.258793,-8.850098,cycling_2
1769336890.9216142,-0.743164,-0.091064,-0.760010,4.028320,-5.798342,2.319336,cycling_2
1769336890.959582,-0.762329,-0.020508,-0.826416,-0.488281,2.624512,-0.061035,cycling_2
1769336890.9615734,-0.645508,-0.145142,-0.742310,0.732422,-3.051759,-1.586915,cycling_2
1769336890.9837778,-0.729248,-0.025513,-0.763184,-2.136230,2.441406,3.051759,cycling_2
1769336891.00177,-0.726685,-0.009033,-0.783936,-3.295899,6.774904,-0.610352,cycling_2
1769336891.0235455,-0.786743,0.061035,-0.827759,-2.319336,12.207035,-3.173829,cycling_2
1769336891.0417666,-0.659058,-0.061523,-0.748291,-5.920412,6.591799,-9.155273,cycling_2
1769336891.0631387,-0.657959,-0.041382,-0.739746,-6.042482,12.939457,-2.319336,cycling_2
1769336891.0817454,-0.895142,0.100586,-0.848022,-3.173829,19.958496,-6.591799,cycling_2
1769336891.10173,-0.718262,0.215576,-0.858398,-4.272461,21.057129,-16.296387,cycling_2
1769336891.1217813,-0.390991,0.063232,-0.790405,-4.943848,-0.183106,-12.451176,cycling_2
1769336891.1419978,-0.798828,-0.033691,-0.842651,3.601075,-5.126953,-7.812502,cycling_2
1769336891.1618946,-0.800415,0.150757,-0.819214,-0.122070,7.202150,-10.253906,cycling_2
1769336891.1832154,-0.589966,-0.102783,-0.793213,-1.953125,-6.408693,-13.366703,cycling_2
1769336891.2029681,-0.736206,0.028931,-0.737671,3.601075,-3.723145,-1.586915,cycling_2
1769336891.2217128,-0.573975,0.043457,-0.705933,0.061035,-3.540040,0.000000,cycling_2
1769336891.244907,-0.680786,-0.017578,-0.758179,2.868653,-1.892090,-1.159668,cycling_2
1769336891.2618835,-0.600220,0.115723,-0.674683,0.488281,0.915528,1.892090,cycling_2
1769336891.2933033,-0.564331,-0.148071,-0.661987,-7.080080,-0.915528,-4.943848,cycling_2
1769336891.3068929,-0.697144,-0.027588,-0.692993,-7.263186,9.399414,1.342773,cycling_2
1769336891.3218606,-0.586792,-0.050537,-0.672485,-12.512211,10.986328,0.488281,cycling_2
1769336891.344008,-0.608643,0.137817,-0.757080,-3.234864,11.840824,3.906251,cycling_2
1769336891.3786244,-0.599976,0.176270,-0.725098,-0.183106,1.159668,-0.854492,cycling_2
1769336891.3817866,-0.756836,0.293091,-0.813599,5.676271,1.953125,-10.070801,cycling_2
1769336891.4034126,-0.467773,0.114014,-0.667358,-1.220703,-4.821777,-15.197758,cycling_2
1769336891.4235466,-0.628174,-0.024292,-0.813110,-0.671387,-1.953125,-7.812502,cycling_2
1769336891.4419637,-0.722534,0.051270,-0.851318,-0.610352,2.075195,-0.976563,cycling_2
1769336891.4616525,-0.578735,-0.047729,-0.752808,-0.976563,-0.793457,3.540040,cycling_2
1769336891.4820673,-0.648438,0.063354,-0.789551,0.854492,-0.244141,8.728027,cycling_2
1769336891.5017276,-0.599243,0.153931,-0.726318,0.183106,-0.427246,7.873537,cycling_2
1769336891.5230033,-0.541992,0.140991,-0.674805,-0.122070,-2.685547,3.479005,cycling_2
1769336891.5432467,-0.510864,0.045532,-0.677246,0.976563,-4.150391,1.953125,cycling_2
1769336891.5616398,-0.639282,0.071777,-0.748169,5.432129,-6.591799,1.281738,cycling_2
1769336891.584432,-0.736572,0.233032,-0.832764,11.169437,-7.141115,-6.225588,cycling_2
1769336891.6088989,-0.321045,-0.080078,-0.575562,2.380371,-17.211914,-2.868653,cycling_2
1769336891.621746,-0.792725,0.012329,-0.887451,5.920412,-8.300781,4.943848,cycling_2
1769336891.6540198,-0.758423,0.174561,-0.816406,4.943848,-8.300781,-3.723145,cycling_2
1769336891.7417974,-0.724976,0.245605,-0.725220,4.638672,-16.296387,-10.620117,cycling_2
1769336891.7417974,-0.601685,-0.189453,-0.722534,-1.953125,-14.038090,-20.446777,cycling_2
1769336891.7417974,-0.855835,0.059814,-0.855957,2.075195,4.638672,4.882813,cycling_2
1769336891.7520566,-0.493286,-0.179932,-0.582886,-3.356935,-4.333496,-2.258301,cycling_2
1769336891.761882,-0.739136,-0.275024,-0.797363,4.028320,-3.540040,2.929688,cycling_2
1769336891.7818317,-0.724243,0.198364,-0.725098,9.094238,3.051759,17.211914,cycling_2
1769336891.802042,-0.566772,0.171021,-0.655029,4.516602,-5.432129,2.258301,cycling_2
1769336891.822205,-0.536621,-0.070068,-0.654785,3.417970,-10.131836,-3.540040,cycling_2
1769336891.8472834,-0.674194,0.051147,-0.801880,7.324221,-4.577637,-0.976563,cycling_2
1769336891.8628988,-0.713989,-0.006592,-0.815430,8.728027,-9.033203,-6.958010,cycling_2
1769336891.8832123,-0.682007,0.055908,-0.804810,9.521484,-5.432129,-2.685547,cycling_2
1769336891.911674,-0.697021,0.134888,-0.744751,8.666992,-10.192871,-0.122070,cycling_2
1769336891.953778,-0.667603,-0.010254,-0.729614,4.699707,-13.732914,-2.075195,cycling_2
1769336891.953778,-0.763916,-0.107300,-0.850708,5.554201,-8.666992,-5.859377,cycling_2
1769336891.965462,-0.687500,-0.064087,-0.757202,4.211426,-7.080080,3.967286,cycling_2
1769336891.9817872,-0.694214,-0.051758,-0.790283,4.150391,-3.112794,4.394531,cycling_2
1769336892.001866,-0.632813,0.172485,-0.705322,7.080080,-5.981447,2.685547,cycling_2
1769336892.022054,-0.663208,0.098267,-0.740967,10.986328,-10.742188,-6.164553,cycling_2
1769336892.0436585,-0.757324,0.154419,-0.746216,17.944336,-12.939457,-13.183598,cycling_2
1769336892.0579078,-0.507690,0.027344,-0.587891,13.549809,-18.432617,-14.160160,cycling_2
1769336892.0832114,-0.648682,-0.146606,-0.781982,18.432617,-15.197758,-14.648441,cycling_2
1769336892.1030717,-0.784302,0.145508,-0.846680,26.306160,-8.666992,-0.183106,cycling_2
1769336892.1220474,-0.583130,0.134155,-0.683716,28.991707,-23.071297,-11.474613,cycling_2
1769336892.1419604,-0.473511,0.119263,-0.681763,29.846199,-25.817879,2.380371,cycling_2
1769336892.1616385,-0.916016,-0.051880,-0.697144,25.939949,-32.836914,-3.845216,cycling_2
1769336892.1827762,-0.813110,-0.375366,-0.790894,15.808109,-15.014652,1.525879,cycling_2
1769336892.2028506,-0.755005,-0.057007,-0.643799,8.789063,-12.512211,26.245125,cycling_2
1769336892.2227888,-0.874878,-0.122437,-0.643188,-2.258301,-10.620117,8.789063,cycling_2
1769336892.243808,-0.811523,-0.148682,-0.868774,-3.356935,4.577637,5.920412,cycling_2
1769336892.263743,-0.624512,-0.179932,-0.645264,-3.967286,-4.394531,3.112794,cycling_2
1769336892.2875044,-0.692749,-0.216675,-0.651001,0.610352,-2.014160,1.464844,cycling_2
1769336892.331628,-0.882813,-0.128662,-0.711304,8.239746,-0.793457,2.563477,cycling_2
1769336892.5444388,-0.653442,-0.358887,-0.686035,8.117676,1.403809,20.507813,cycling_2
1769336892.5444388,-0.944824,-0.031128,-0.731934,13.549809,3.906251,23.376472,cycling_2
1769336892.5444388,-0.484497,-0.151001,-0.556885,6.774904,1.770020,14.221195,cycling_2
1769336892.5444388,-0.922363,-0.006104,-0.935913,14.892582,1.708985,13.488773,cycling_2
1769336892.5444388,-0.841064,0.218018,-0.666016,12.268070,-4.821777,8.605957,cycling_2
1769336892.5444388,-0.653442,-0.086426,-0.645996,-2.258301,-3.906251,-1.342773,cycling_2
1769336892.5444388,-0.915161,-0.244507,-0.849976,0.183106,1.281738,-0.793457,cycling_2
1769336892.5444388,-0.920288,-0.068970,-0.673706,-1.098633,2.014160,14.404301,cycling_2
1769336892.5444388,-0.729980,-0.145996,-0.613281,-14.648441,10.742188,13.244633,cycling_2
1769336892.5444388,-0.789917,-0.084351,-0.731323,-16.540527,17.333984,12.695316,cycling_2
1769336892.5444388,-0.509644,-0.235962,-0.520630,-26.000984,18.737793,18.615723,cycling_2
1769336892.9517379,-0.796997,0.085205,-0.801514,4.272461,-2.807618,5.187988,cycling_2
1769336892.9517379,-0.770874,0.069214,-0.755371,6.042482,-2.807618,-6.347658,cycling_2
1769336892.9517379,-0.679321,0.031494,-0.603516,7.446291,-5.859377,-0.366211,cycling_2
1769336892.9517379,-0.785400,0.043335,-0.682495,5.371094,-4.638672,0.244141,cycling_2
1769336892.9517379,-0.758179,-0.140137,-0.766357,1.953125,-4.943848,-10.559082,cycling_2
1769336892.9517379,-0.664063,-0.025879,-0.748535,5.737307,0.122070,5.065918,cycling_2
1769336892.9517379,-0.827148,-0.163452,-0.758423,-7.263186,2.319336,-4.760742,cycling_2
1769336892.9517379,-0.680176,-0.114990,-0.736450,-5.187988,8.911133,2.807618,cycling_2
1769336892.9620209,-0.693481,0.166260,-0.736816,-2.685547,8.544922,12.329105,cycling_2
1769336893.0000768,-0.628906,0.189209,-0.664673,-4.577637,2.563477,-8.300781,cycling_2
1769336893.0000768,-0.421509,0.126831,-0.639160,-2.380371,3.723145,4.089355,cycling_2
1769336893.0217235,-0.878540,-0.030273,-0.875122,10.864258,-13.183598,-5.065918,cycling_2
1769336893.0433598,-0.873169,0.070068,-0.631226,11.779789,-8.361816,-0.793457,cycling_2
1769336893.0632613,-0.663940,-0.113892,-0.540283,-7.202150,-6.164553,-7.263186,cycling_2
1769336893.0830657,-0.864502,-0.520874,-0.818970,-9.826660,4.150391,-22.399910,cycling_2
1769336893.1020386,-0.692261,-0.161011,-0.717896,-11.230473,14.526371,9.521484,cycling_2
1769336893.121661,-0.618774,-0.058594,-0.548706,-20.629883,15.808109,11.657719,cycling_2
1769336893.1419122,-0.829224,-0.043335,-0.768188,-10.253906,22.644051,-4.211426,cycling_2
1769336893.1619952,-0.646851,0.317261,-0.644775,-0.183106,13.916019,10.131836,cycling_2
1769336893.1816213,-0.712646,0.239014,-0.802246,7.446291,3.845216,-17.089844,cycling_2
1769336893.2027292,-0.738403,0.046387,-0.813354,10.742188,3.051759,-20.629883,cycling_2
1769336893.2229471,-0.603027,0.145142,-0.709839,3.723145,1.281738,-6.774904,cycling_2
1769336893.2429202,-0.740112,-0.017700,-0.788696,-4.699707,0.915528,-13.977055,cycling_2
1769336893.2616692,-0.633423,-0.332031,-0.758179,-17.089844,9.338379,-4.089355,cycling_2
1769336893.281848,-0.701172,-0.130859,-0.755981,-19.042969,10.925293,18.554688,cycling_2
1769336893.3016186,-0.666138,0.056030,-0.651978,-20.751953,17.395020,8.300781,cycling_2
1769336893.3217263,-0.675659,0.108643,-0.715820,-10.559082,19.165039,9.399414,cycling_2
1769336893.341838,-0.684570,0.164185,-0.649048,-5.493164,9.582520,0.183106,cycling_2
1769336893.3618596,-0.600220,0.146973,-0.671509,-1.037598,9.094238,-1.159668,cycling_2
1769336893.3844092,-0.619507,0.387695,-0.742310,8.911133,2.624512,3.295899,cycling_2
1769336893.403677,-0.551758,0.156006,-0.582520,6.286623,-13.366703,-18.005371,cycling_2
1769336893.4238784,-0.586670,-0.114624,-0.810669,10.681152,-6.896975,-6.713869,cycling_2
1769336893.4417791,-0.748047,0.256348,-0.778320,4.028320,-7.324221,5.310059,cycling_2
1769336893.4620845,-0.569824,0.050903,-0.720459,-5.432129,-1.159668,-2.441406,cycling_2
1769336893.4830577,-0.610718,0.114136,-0.793335,-0.915528,-3.417970,5.065918,cycling_2
1769336893.5018024,-0.564453,0.089722,-0.729370,2.075195,-11.230473,-1.464844,cycling_2
1769336893.5343382,-0.606323,0.111084,-0.697876,3.112794,-11.779789,4.577637,cycling_2
1769336893.5416582,-0.734253,0.115723,-0.765259,7.568361,-10.925293,-0.183106,cycling_2
1769336893.5592918,-0.803345,0.125000,-0.818481,10.498047,-11.962894,-5.371094,cycling_2
1769336893.5819588,-0.599243,0.190063,-0.649780,9.094238,-18.066406,-2.197266,cycling_2
1769336893.6018655,-0.740845,0.078735,-0.739868,7.934572,-18.676758,-10.986328,cycling_2
1769336893.6821237,-0.739990,0.049927,-0.793335,7.995607,-12.268070,-7.995607,cycling_2
1769336893.7028255,-0.625854,0.108032,-0.659790,5.859377,-13.427738,-2.868653,cycling_2
1769336893.703438,-0.698120,-0.165161,-0.731079,2.685547,-13.732914,-8.728027,cycling_2
1769336893.7189946,-0.734131,-0.159424,-0.761475,6.713869,-4.211426,-1.708985,cycling_2
1769336893.7319288,-0.718018,0.065308,-0.683960,7.568361,-4.455566,-0.366211,cycling_2
1769336893.7442467,-0.725220,-0.174316,-0.781860,11.352543,-6.225588,-12.023930,cycling_2
1769336893.75639,-0.819336,-0.052246,-0.763794,14.770512,-4.882813,6.042482,cycling_2
1769336893.7646577,-0.816040,-0.184326,-0.769409,9.399414,-5.004883,-1.281738,cycling_2
1769336893.78584,-0.784424,-0.177002,-0.785278,10.131836,-0.854492,1.647950,cycling_2
1769336893.8303273,-0.662354,-0.159668,-0.700806,3.173829,-1.953125,11.291508,cycling_2
1769336893.8303273,-0.745117,-0.159790,-0.699951,0.671387,-6.530764,7.446291,cycling_2
1769336893.8417907,-0.744873,-0.033325,-0.721924,-4.211426,5.554201,8.239746,cycling_2
1769336893.8619645,-0.682739,0.074097,-0.618286,-5.737307,1.708985,5.859377,cycling_2
1769336893.8845289,-0.674316,-0.163086,-0.677368,-10.009766,3.295899,-3.051759,cycling_2
1769336893.903598,-0.741089,-0.201416,-0.756836,-4.943848,8.422852,-0.488281,cycling_2
1769336893.9258533,-0.741333,0.091675,-0.670410,-3.356935,12.084965,13.977055,cycling_2
1769336893.9418788,-0.771118,-0.051025,-0.780640,-4.089355,11.962894,-4.943848,cycling_2
1769336893.9649682,-0.748047,0.207275,-0.733276,0.549316,10.437012,14.099125,cycling_2
1769336893.981816,-0.795288,0.161255,-0.758179,-3.723145,6.103518,-4.516602,cycling_2
1769336894.0024877,-0.678711,0.143066,-0.709351,-6.774904,8.789063,-2.258301,cycling_2
1769336894.024984,-0.607178,0.113770,-0.630615,-9.826660,1.708985,-0.976563,cycling_2
1769336894.0432498,-0.580444,-0.017578,-0.689209,-13.977055,5.920412,2.380371,cycling_2
1769336894.062725,-0.626465,0.162476,-0.708740,-8.361816,3.295899,12.329105,cycling_2
1769336894.0830076,-0.590942,0.144043,-0.623535,-9.216309,-2.258301,1.159668,cycling_2
1769336894.1019158,-0.615845,0.138184,-0.695190,2.746582,-1.953125,7.263186,cycling_2
1769336894.121921,-0.726318,0.188965,-0.723145,3.784181,-5.371094,-0.183106,cycling_2
1769336894.1420357,-0.674316,0.016846,-0.732788,1.831055,-2.380371,-8.789063,cycling_2
1769336894.1639192,-0.727295,-0.041138,-0.775391,4.028320,-2.990724,-3.845216,cycling_2
1769336894.182989,-0.830811,-0.113281,-0.738281,1.953125,-3.295899,-4.089355,cycling_2
1769336894.2024286,-0.744141,-0.133423,-0.703735,-4.638672,7.263186,0.183106,cycling_2
1769336894.2237282,-0.854370,0.158325,-0.787842,3.295899,4.821777,3.479005,cycling_2
1769336894.2439058,-0.662231,0.051758,-0.625122,-6.713869,0.366211,-20.935059,cycling_2
1769336894.261899,-0.663086,-0.279053,-0.733276,-2.075195,1.342773,-13.916019,cycling_2
1769336894.281762,-0.845459,0.062866,-0.792358,1.525879,6.408693,8.422852,cycling_2
1769336894.3016815,-0.726807,0.100342,-0.691284,-5.798342,9.033203,-4.699707,cycling_2
1769336894.3218622,-0.588745,-0.165649,-0.669312,-7.019045,6.774904,-8.911133,cycling_2
1769336894.343178,-0.637329,-0.006104,-0.718384,-2.563477,5.187988,11.535648,cycling_2
1769336894.364871,-0.654297,0.211792,-0.672607,-4.333496,3.967286,0.671387,cycling_2
1769336894.3820026,-0.550171,-0.007324,-0.691040,-5.493164,3.173829,-5.187988,cycling_2
1769336894.4036033,-0.689453,0.016846,-0.821899,0.244141,0.732422,2.746582,cycling_2
1769336894.4232495,-0.667236,0.062622,-0.734619,-4.577637,3.784181,2.807618,cycling_2
1769336894.4438498,-0.618408,0.005493,-0.723145,-7.629396,4.211426,4.028320,cycling_2
1769336894.4688942,-0.815063,0.045776,-0.861328,-4.943848,3.906251,5.920412,cycling_2
1769336894.4836662,-0.797729,-0.037109,-0.804321,-8.789063,5.493164,-2.868653,cycling_2
1769336894.5054398,-0.727661,-0.000366,-0.768188,-12.756351,10.681152,2.685547,cycling_2
1769336894.5218685,-0.734497,0.034302,-0.702393,-14.038090,10.742188,-1.647950,cycling_2
1769336894.5419827,-0.642212,-0.156250,-0.733398,-14.587406,14.099125,-1.464844,cycling_2
1769336894.5634775,-0.720825,0.005493,-0.723999,-12.207035,14.221195,8.239746,cycling_2
1769336894.5838814,-0.735229,0.098633,-0.735840,-10.803223,14.953617,1.953125,cycling_2
1769336894.6021452,-0.681152,0.143677,-0.781860,-9.216309,18.493652,0.061035,cycling_2
1769336894.621844,-0.576050,0.127075,-0.640259,-7.446291,6.347658,-20.812988,cycling_2
1769336894.6418629,-0.549927,0.025024,-0.672363,-6.469728,2.319336,-8.789063,cycling_2
1769336894.6616583,-0.776367,0.242065,-0.838501,0.976563,1.586915,-3.601075,cycling_2
1769336894.6820288,-0.613037,0.147827,-0.663940,-5.615236,-0.427246,-15.808109,cycling_2
1769336894.7028677,-0.549805,-0.103027,-0.745605,-1.403809,-4.150391,-9.216309,cycling_2
1769336894.7260609,-0.648804,0.111694,-0.808350,-2.136230,-1.098633,7.629396,cycling_2
1769336894.8041685,-0.643311,0.200684,-0.715942,-7.568361,-0.183106,2.197266,cycling_2
1769336894.826943,-0.578857,0.030396,-0.751709,-8.422852,-0.793457,-1.220703,cycling_2
1769336894.8471787,-0.594727,0.002686,-0.791748,-3.967286,-2.685547,0.915528,cycling_2
1769336894.8634465,-0.571167,0.231934,-0.721191,-4.821777,-2.502441,9.094238,cycling_2
1769336894.8987575,-0.644897,0.042969,-0.828125,-3.601075,-0.793457,-4.943848,cycling_2
1769336894.8987575,-0.592651,0.209351,-0.761597,-2.197266,-2.014160,7.934572,cycling_2
1769336894.901782,-0.758667,0.134399,-0.713013,-3.295899,-13.671879,-10.681152,cycling_2
1769336894.9049761,-0.584839,-0.044678,-0.779419,-8.178711,3.479005,-2.075195,cycling_2
1769336894.9049761,-0.721069,0.147827,-0.797974,-3.356935,-3.173829,3.295899,cycling_2
1769336894.918187,-0.718750,0.201416,-0.732544,-3.540040,-0.549316,-7.019045,cycling_2
1769336894.9454834,-0.588135,-0.162231,-0.746582,-3.234864,1.708985,-16.479492,cycling_2
1769336894.9622977,-0.729492,-0.073730,-0.793823,0.732422,-1.403809,2.807618,cycling_2
1769336894.9940088,-0.736328,0.081055,-0.722290,-2.868653,2.990724,0.244141,cycling_2
1769336895.0161808,-0.665405,-0.161499,-0.727661,-5.432129,5.187988,-9.765625,cycling_2
1769336895.0232964,-0.785767,0.406494,-0.819214,-1.647950,7.141115,16.723633,cycling_2
1769336895.0771315,-0.645874,0.241211,-0.734375,-5.676271,-1.464844,-22.338875,cycling_2
1769336895.1228113,-0.538330,-0.139526,-0.740234,-8.483887,-0.732422,-16.174316,cycling_2
1769336895.1244266,-0.680786,0.266602,-0.787109,-5.432129,-1.892090,4.272461,cycling_2
1769336895.1254592,-0.619629,0.201538,-0.696289,-10.742188,-4.394531,-17.700195,cycling_2
1769336895.1286132,-0.546021,0.012085,-0.733643,-8.544922,-3.417970,-13.549809,cycling_2
1769336895.1418943,-0.599121,0.156738,-0.722656,0.854492,-14.282230,-9.521484,cycling_2
1769336895.1641684,-0.528198,0.055176,-0.706299,2.502441,-8.911133,-8.789063,cycling_2
1769336895.1835778,-0.592041,0.125122,-0.791748,9.460449,-12.573246,-3.417970,cycling_2
1769336895.2019646,-0.648926,0.157715,-0.749512,8.666992,-14.038090,-4.394531,cycling_2
1769336895.2225564,-0.650879,0.210327,-0.764526,7.507326,-13.854984,-6.896975,cycling_2
1769336895.2435796,-0.626221,-0.080811,-0.850464,8.483887,-15.869144,-16.479492,cycling_2
1769336895.2633107,-0.773071,0.128296,-0.840942,6.591799,-14.160160,3.417970,cycling_2
1769336895.2853384,-0.710205,0.063477,-0.754883,0.366211,-9.277344,-2.685547,cycling_2
1769336895.3036206,-0.675049,0.097290,-0.758423,1.342773,-11.840824,-0.915528,cycling_2
1769336895.3347595,-0.729248,-0.031860,-0.736206,-1.037598,-14.160160,-6.164553,cycling_2
1769336895.3438487,-0.712036,-0.084473,-0.740356,-0.732422,-7.873537,-2.014160,cycling_2
1769336895.361688,-0.693237,0.139771,-0.740356,1.586915,-7.080080,5.310059,cycling_2
1769336895.3822167,-0.684082,-0.073486,-0.736694,2.136230,-11.657719,-13.000492,cycling_2
1769336895.4031546,-0.613647,0.259399,-0.670654,5.493164,-4.943848,18.737793,cycling_2
1769336895.4230337,-0.794434,0.154541,-0.772095,6.591799,-13.854984,-8.483887,cycling_2
1769336895.443724,-0.686157,-0.052979,-0.794678,7.568361,-4.333496,-9.704590,cycling_2
1769336895.463833,-0.576782,0.074585,-0.645630,3.051759,-10.620117,7.934572,cycling_2
1769336895.4818416,-0.740723,-0.026123,-0.739380,-0.244141,-9.033203,-1.220703,cycling_2
1769336895.5021002,-0.733765,0.090454,-0.719727,-2.502441,-1.892090,3.295899,cycling_2
1769336895.5217903,-0.646973,0.110229,-0.666260,-3.479005,-6.347658,0.549316,cycling_2
1769336895.5423427,-0.685303,0.255981,-0.648071,3.112794,-8.728027,-1.342773,cycling_2
1769336895.563534,-0.680176,-0.042847,-0.727539,4.455566,-13.244633,-16.540527,cycling_2
1769336895.585816,-0.631958,-0.029175,-0.696533,6.469728,-8.544922,-0.305176,cycling_2
1769336895.6052282,-0.814209,0.286255,-0.759277,10.253906,-8.972168,3.723145,cycling_2
1769336895.6218903,-0.664185,-0.061890,-0.728638,6.164553,-12.634281,-21.484375,cycling_2
1769336895.641771,-0.536011,0.033081,-0.678467,8.850098,-9.033203,5.615236,cycling_2
1769336895.6618614,-0.849487,0.244751,-0.767578,10.925293,-14.099125,-4.028320,cycling_2
1769336895.6819925,-0.583862,-0.116455,-0.705811,6.164553,-9.399414,-12.329105,cycling_2
1769336895.701777,-0.591187,-0.173584,-0.728149,7.934572,-9.643555,9.338379,cycling_2
1769336895.7249115,-0.986450,0.066406,-0.648193,7.812502,-12.329105,9.887695,cycling_2
1769336895.8171287,-0.601807,0.043091,-0.540283,1.281738,3.356935,3.601075,cycling_2
1769336895.8217998,-0.627319,-0.109619,-0.725342,1.953125,-3.906251,4.455566,cycling_2
1769336895.8217998,-0.870117,0.057251,-0.710449,14.892582,-3.601075,4.333496,cycling_2
1769336895.8291402,-0.535767,-0.043457,-0.636719,9.155273,-5.676271,-5.554201,cycling_2
1769336895.8316672,-0.797852,-0.013550,-0.812744,18.859863,-5.310059,1.220703,cycling_2
1769336895.8435435,-0.841064,0.314819,-0.597534,19.287109,-11.474613,-5.371094,cycling_2
1769336895.862623,-0.710693,-0.312012,-0.716797,3.173829,-14.648441,-23.071297,cycling_2
1769336895.882598,-0.755615,-0.211060,-0.743896,11.230473,-6.225588,5.371094,cycling_2
1769336895.9032855,-0.982544,0.232910,-0.736816,12.390141,-0.732422,8.850098,cycling_2
1769336895.938771,-0.557861,-0.341919,-0.717896,-2.563477,-4.028320,-16.235352,cycling_2
1769336895.9419475,-0.648804,-0.121582,-0.716064,9.887695,-0.366211,11.291508,cycling_2
1769336895.9654222,-0.791504,0.162476,-0.668213,8.361816,-1.464844,8.239746,cycling_2
1769336895.986012,-0.676147,-0.012939,-0.741943,5.554201,1.403809,-6.591799,cycling_2
1769336896.0019348,-0.629517,0.067871,-0.660767,16.845703,-4.455566,2.258301,cycling_2
1769336896.0223734,-0.737549,0.037476,-0.693481,13.366703,-8.361816,0.732422,cycling_2
1769336896.0430858,-0.811035,0.032959,-0.756836,14.831547,-2.258301,-0.244141,cycling_2
1769336896.0647025,-0.684937,-0.118286,-0.684204,9.155273,-7.324221,-3.601075,cycling_2
1769336896.0835142,-0.748047,0.010864,-0.679199,12.023930,-1.708985,7.629396,cycling_2
1769336896.101583,-0.863525,0.155151,-0.738159,13.000492,0.122070,2.136230,cycling_2
1769336896.121971,-0.673340,-0.073120,-0.660156,8.239746,-3.845216,-6.774904,cycling_2
1769336896.1420312,-0.626587,-0.156738,-0.652344,10.070801,-2.136230,6.103518,cycling_2
1769336896.1619754,-0.790161,0.100952,-0.689209,12.817387,0.549316,8.728027,cycling_2
1769336896.183087,-0.685303,0.048950,-0.620605,7.873537,-3.356935,0.793457,cycling_2
1769336896.2023098,-0.698608,-0.021484,-0.661621,12.939457,-2.502441,2.441406,cycling_2
1769336896.2238214,-0.724121,0.020142,-0.646851,10.986328,-2.990724,2.014160,cycling_2
1769336896.2446034,-0.726685,-0.119263,-0.674561,10.864258,-3.784181,-1.525879,cycling_2
1769336896.2639494,-0.721313,-0.122803,-0.745850,14.160160,-1.892090,5.920412,cycling_2
1769336896.2857158,-0.810547,-0.111816,-0.760498,18.310547,-4.882813,6.713869,cycling_2
1769336896.3052363,-0.768188,-0.074951,-0.701660,18.981934,-4.211426,10.070801,cycling_2
1769336896.3237796,-0.865356,-0.098145,-0.757935,18.737793,-5.065918,8.972168,cycling_2
1769336896.343358,-0.748047,-0.254150,-0.733154,11.779789,-3.723145,7.873537,cycling_2
1769336896.3623493,-0.773560,0.006592,-0.650146,11.230473,2.868653,21.301270,cycling_2
1769336896.383839,-0.804321,-0.014526,-0.700195,4.577637,2.563477,8.117676,cycling_2
1769336896.4025953,-0.845703,-0.000122,-0.722290,6.347658,6.225588,5.798342,cycling_2
1769336896.423616,-0.671753,0.012207,-0.622314,3.234864,5.065918,7.568361,cycling_2
1769336896.4437523,-0.750488,-0.063843,-0.678345,2.014160,4.943848,4.760742,cycling_2
1769336896.4618678,-0.668579,-0.044922,-0.596924,1.647950,8.850098,4.760742,cycling_2
1769336896.4819157,-0.574219,-0.156860,-0.587158,3.295899,4.150391,6.835939,cycling_2
1769336896.501732,-0.792236,0.008423,-0.777100,11.230473,10.253906,10.070801,cycling_2
1769336896.5239933,-0.734741,0.192627,-0.612427,12.695316,5.859377,3.417970,cycling_2
1769336896.54366,-0.604980,-0.163940,-0.605225,9.765625,-1.403809,-3.173829,cycling_2
1769336896.5633855,-0.751831,-0.120117,-0.646851,14.282230,4.882813,1.647950,cycling_2
1769336896.5845752,-0.884766,0.293091,-0.743408,18.554688,10.192871,-5.981447,cycling_2
1769336896.6059015,-0.344971,-0.164917,-0.615845,10.253906,-2.258301,-7.873537,cycling_2
1769336896.6219168,-0.726807,-0.335083,-0.771606,19.470215,-6.591799,5.615236,cycling_2
1769336896.6416981,-0.962524,0.127441,-0.692993,18.981934,4.272461,14.526371,cycling_2
1769336896.661612,-0.738281,0.072510,-0.651855,8.056641,0.061035,0.427246,cycling_2
1769336896.686648,-0.616943,-0.226196,-0.648193,5.615236,-5.371094,-0.488281,cycling_2
1769336896.7018852,-0.786621,-0.134888,-0.717163,4.821777,2.319336,7.141115,cycling_2
1769336896.7224452,-0.785522,-0.178101,-0.721924,0.488281,2.563477,2.136230,cycling_2
1769336896.7429986,-0.771606,-0.079102,-0.752197,3.112794,8.789063,4.699707,cycling_2
1769336896.7633736,-0.721313,-0.025269,-0.638428,2.014160,3.662110,-0.366211,cycling_2
1769336896.7817864,-0.718994,-0.343872,-0.720703,5.493164,0.061035,-3.723145,cycling_2
1769336896.791751,-0.759888,-0.138550,-0.765015,9.582520,11.108402,8.666992,cycling_2
1769336896.8228152,-0.678101,0.009766,-0.654907,8.483887,7.751467,13.305668,cycling_2
1769336896.8422446,-0.740479,-0.069580,-0.700195,12.084965,11.230473,10.620117,cycling_2
1769336896.8618655,-0.749390,0.086426,-0.655640,11.779789,4.272461,13.732914,cycling_2
1769336896.8832629,-0.809326,-0.017456,-0.727661,10.803223,4.150391,1.647950,cycling_2
1769336896.903137,-0.671509,-0.135010,-0.643188,5.859377,3.906251,-0.549316,cycling_2
1769336896.9234173,-0.700684,-0.031982,-0.573120,4.638672,-0.122070,5.920412,cycling_2
1769336896.9420927,-0.756348,-0.068604,-0.707153,1.953125,6.713869,-0.915528,cycling_2
1769336896.9619827,-0.593750,-0.033447,-0.621826,0.000000,7.385256,2.075195,cycling_2
1769336896.9818926,-0.799683,0.041626,-0.740723,10.864258,6.530764,4.028320,cycling_2
1769336897.0017312,-0.654663,0.127197,-0.613892,10.498047,0.427246,2.929688,cycling_2
1769336897.021935,-0.682495,-0.140137,-0.647827,9.826660,-1.647950,-3.784181,cycling_2
1769336897.041721,-0.799194,-0.017090,-0.713257,12.695316,6.347658,1.831055,cycling_2
1769336897.0630727,-0.768677,0.066406,-0.793579,16.784668,3.845216,1.342773,cycling_2
1769336897.082603,-0.625977,-0.064453,-0.540771,12.756351,-5.432129,-5.126953,cycling_2
1769336897.1019332,-0.754395,-0.337280,-0.696289,12.756351,-1.770020,-5.432129,cycling_2
1769336897.1217062,-0.965942,0.033081,-0.862427,16.052246,9.765625,1.708985,cycling_2
1769336897.143963,-0.549927,-0.192627,-0.691895,8.789063,-1.647950,-3.051759,cycling_2
1769336897.1637578,-0.646851,-0.377808,-0.761230,11.474613,-10.070801,3.051759,cycling_2
1769336897.1846461,-0.796631,-0.364746,-0.760010,4.760742,-8.117676,13.122562,cycling_2
1769336897.2029786,-0.775391,-0.228638,-0.686768,2.136230,-3.662110,20.935059,cycling_2
1769336897.2234917,-0.758545,-0.205811,-0.693726,-0.122070,-1.220703,16.662598,cycling_2
1769336897.2435937,-0.558350,-0.673584,-0.549683,-12.268070,2.075195,8.056641,cycling_2
1769336897.2637045,-0.896362,-0.238403,-0.705933,-3.295899,18.798828,23.254402,cycling_2
1769336897.2842789,-0.906128,0.267212,-0.572876,-9.643555,29.052742,38.513184,cycling_2
1769336897.3019059,-0.721924,-0.262695,-0.668091,-18.066406,17.822266,-12.634281,cycling_2
1769336897.321957,-0.856567,-0.202393,-0.703247,-6.896975,20.446777,8.666992,cycling_2
1769336897.3416264,-0.952881,-0.114380,-0.751099,-14.465336,22.827156,8.361816,cycling_2
1769336897.3616033,-0.711426,-0.258667,-0.763916,-21.484375,30.883797,-2.990724,cycling_2
1769336897.3816276,-0.779907,-0.127808,-0.659668,-26.245125,31.311043,10.375977,cycling_2
1769336897.4018247,-0.733032,-0.014160,-0.598022,-32.775879,33.935547,7.141115,cycling_2
1769336897.424096,-0.668579,-0.039551,-0.640015,-32.409668,36.193848,4.943848,cycling_2
1769336897.4464402,-0.724609,0.110596,-0.677856,-26.062019,37.109375,10.375977,cycling_2
1769336897.461795,-0.603882,0.217529,-0.616211,-26.977547,30.395515,2.258301,cycling_2
1769336897.48857,-0.567871,0.100830,-0.642944,-21.362305,17.700195,-6.286623,cycling_2
1769336897.507978,-0.596802,0.216553,-0.689331,-17.517090,12.634281,-1.220703,cycling_2
1769336897.527003,-0.655029,0.081543,-0.709229,-14.221195,4.699707,-12.023930,cycling_2
1769336897.5438504,-0.632446,0.087280,-0.764404,-11.230473,8.483887,-8.056641,cycling_2
1769336897.563863,-0.546509,0.087769,-0.704102,-11.413578,-0.244141,-14.770512,cycling_2
1769336897.5888147,-0.601807,-0.119751,-0.870972,-6.835939,-0.305176,-15.869144,cycling_2
1769336897.6021585,-0.654053,0.210693,-0.760620,-4.760742,2.868653,-1.220703,cycling_2
1769336897.624372,-0.655273,0.153076,-0.808838,-9.460449,1.525879,-17.272949,cycling_2
1769336897.645858,-0.771606,-0.109131,-0.798706,-6.530764,-1.220703,-18.798828,cycling_2
1769336897.6616282,-0.693359,0.153442,-0.630127,-10.314941,-0.122070,-10.498047,cycling_2
1769336897.682,-0.654785,-0.024048,-0.776978,-13.793949,5.249023,-17.883301,cycling_2
1769336897.718953,-0.682251,-0.100464,-0.827026,-10.437012,4.333496,-10.009766,cycling_2
1769336897.7264614,-0.644409,-0.090210,-0.690063,-11.230473,3.417970,-7.324221,cycling_2
1769336897.7437496,-0.598389,-0.031250,-0.656860,-14.526371,7.812502,-2.197266,cycling_2
1769336897.7637353,-0.686646,0.102539,-0.740967,-13.366703,3.417970,-10.925293,cycling_2
1769336897.7818902,-0.690552,-0.121582,-0.866455,-4.943848,2.929688,-9.094238,cycling_2
1769336897.8019512,-0.741089,0.052246,-0.778687,-5.371094,8.972168,-3.540040,cycling_2
1769336897.822277,-0.756104,-0.136475,-0.845825,-11.047363,9.948730,-9.826660,cycling_2
1769336897.8416257,-0.798828,-0.085815,-0.804688,-13.732914,12.817387,-10.620117,cycling_2
1769336897.8616884,-0.582275,-0.054077,-0.755493,-24.169930,20.568848,-6.042482,cycling_2
1769336897.9117286,-0.674927,-0.147583,-0.811401,-24.108894,21.057129,-5.615236,cycling_2
1769336897.9117286,-0.712402,0.095093,-0.726196,-27.587898,31.860359,2.990724,cycling_2
1769336897.9239407,-0.567993,-0.121094,-0.718994,-25.390633,28.381355,-16.845703,cycling_2
1769336897.943696,-0.589722,-0.132080,-0.725952,-23.132332,27.343758,-0.061035,cycling_2
1769336897.9619365,-0.678955,0.178833,-0.743530,-24.047859,33.447266,-1.525879,cycling_2
1769336897.9818056,-0.659790,0.091064,-0.814697,-18.005371,26.550301,-15.808109,cycling_2
1769336898.0017116,-0.556763,0.229736,-0.817749,-19.042969,26.611336,-15.014652,cycling_2
1769336898.022524,-0.589600,0.181763,-0.882446,-17.822266,16.113281,-27.893074,cycling_2
1769336898.0430074,-0.531372,0.102661,-0.773071,-23.071297,19.226074,-17.028809,cycling_2
1769336898.062964,-0.586792,0.215820,-0.846436,-23.376472,20.324707,-15.625004,cycling_2
1769336898.0836253,-0.483276,0.115723,-0.748413,-22.033691,10.009766,-18.127441,cycling_2
1769336898.1044796,-0.528687,0.191284,-0.719482,-23.498543,3.479005,-9.033203,cycling_2
1769336898.1245892,-0.432129,0.447876,-0.765503,-18.676758,-0.244141,-11.779789,cycling_2
1769336898.1452062,-0.340820,0.236694,-0.808350,-9.155273,-16.723633,-23.376472,cycling_2
1769336898.1624663,-0.443970,0.324097,-0.764648,-2.685547,-18.676758,-15.991215,cycling_2
1769336898.1834195,-0.359009,0.050049,-0.789307,-1.342773,-20.202637,-16.845703,cycling_2
1769336898.2016022,-0.672974,0.138672,-0.868652,1.892090,-17.150879,-5.004883,cycling_2
1769336898.223626,-0.685913,0.194580,-0.901855,2.685547,-16.540527,-16.967773,cycling_2
1769336898.2444513,-0.534058,0.124512,-0.736938,0.610352,-19.287109,-11.413578,cycling_2
1769336898.2620804,-0.691162,0.126465,-0.896118,4.089355,-23.071297,-15.197758,cycling_2
1769336898.2837186,-0.677979,-0.055176,-0.916748,3.845216,-22.949226,-20.629883,cycling_2
1769336898.3016562,-0.640015,0.189453,-0.816895,-2.319336,-17.883301,-5.554201,cycling_2
1769336898.3239553,-0.707275,0.080933,-0.884644,-2.197266,-21.118164,-18.859863,cycling_2
1769336898.3420675,-0.463867,0.010620,-0.702637,-3.906251,-21.179199,-11.718754,cycling_2
1769336898.362802,-0.505371,0.012573,-0.809570,-8.483887,-18.066406,-2.014160,cycling_2
1769336898.3816075,-0.593628,-0.087402,-0.809326,-6.469728,-10.681152,-0.061035,cycling_2
1769336898.4035509,-0.494629,0.191528,-0.644653,-6.042482,-7.324221,8.911133,cycling_2
1769336898.4557106,-0.568237,0.189941,-0.791626,5.493164,-15.014652,-11.535648,cycling_2
1769336898.4619813,-0.487671,0.182861,-0.746094,9.155273,-19.714355,-4.150391,cycling_2
1769336898.4644105,-0.651855,-0.026123,-0.820190,11.108402,-28.076180,-11.169437,cycling_2
1769336898.4821,-0.740479,0.024902,-0.830811,9.704590,-14.526371,2.624512,cycling_2
1769336898.5023005,-0.702881,0.021484,-0.833130,3.967286,-13.610844,-1.953125,cycling_2
1769336898.521961,-0.779663,-0.185425,-0.876953,-1.464844,-9.521484,-1.281738,cycling_2
1769336898.5434735,-0.901489,0.178833,-0.863892,-0.671387,-3.967286,3.356935,cycling_2
1769336898.563255,-0.574585,-0.412354,-0.751831,-14.343266,1.464844,-12.146000,cycling_2
1769336898.5840557,-0.656250,-0.045288,-0.915283,-9.887695,13.122562,16.662598,cycling_2
1769336898.6045542,-0.816406,0.373779,-0.776367,-2.746582,7.324221,0.000000,cycling_2
1769336898.6240525,-0.721313,0.083130,-0.643555,-9.216309,1.403809,-23.315437,cycling_2
1769336898.6421852,-0.687134,-0.265747,-0.745850,-2.990724,4.638672,-22.094727,cycling_2
1769336898.6616802,-0.635498,-0.182373,-0.763550,-3.295899,10.192871,-1.342773,cycling_2
1769336898.7436197,-0.631226,0.147461,-0.773071,-3.723145,14.892582,8.666992,cycling_2
1769336898.7521598,-0.596802,0.007813,-0.719238,-9.521484,9.094238,-10.192871,cycling_2
1769336898.7642198,-0.609741,-0.003540,-0.783447,-8.239746,9.521484,-0.061035,cycling_2
1769336898.7852337,-0.631714,0.205322,-0.761841,-12.390141,8.361816,-3.173829,cycling_2
1769336899.304539,-0.541382,0.037231,-0.755127,-13.854984,7.751467,-9.399414,cycling_2
1769336899.304539,-0.598877,0.097290,-0.749390,-13.183598,7.202150,-2.746582,cycling_2
1769336899.304539,-0.617432,0.245972,-0.748413,-11.840824,5.859377,-2.990724,cycling_2
1769336899.304539,-0.503540,-0.026489,-0.650757,-12.451176,-8.911133,-12.695316,cycling_2
1769336899.304539,-0.785156,0.224854,-0.871826,-3.662110,1.708985,2.319336,cycling_2
1769336899.304539,-0.673584,0.359985,-0.812378,-10.009766,-2.319336,-22.644051,cycling_2
1769336899.304539,-0.231445,-0.345703,-0.629028,-9.460449,-11.291508,-22.399910,cycling_2
1769336899.304539,-0.650269,0.036743,-0.872803,-10.253906,0.061035,26.000984,cycling_2
1769336899.304539,-0.989746,0.482300,-0.905762,-3.051759,3.662110,0.122070,cycling_2
1769336899.304539,-0.563110,0.136353,-0.735962,-12.390141,4.211426,-21.606445,cycling_2
1769336899.304539,-0.606445,-0.029175,-0.859741,-7.324221,-2.807618,0.427246,cycling_2
1769336899.304539,-0.667236,0.247192,-0.724731,-9.094238,2.197266,6.713869,cycling_2
1769336899.304539,-0.669434,0.031128,-0.807617,-9.216309,0.183106,-16.113281,cycling_2
1769336899.304539,-0.585571,-0.021606,-0.732056,-12.390141,4.028320,-0.305176,cycling_2
1769336899.304539,-0.694092,0.361938,-0.756958,-9.948730,2.075195,4.333496,cycling_2
1769336899.304539,-0.680664,0.166870,-0.888672,-5.615236,-0.427246,-15.869144,cycling_2
1769336899.304539,-0.471680,0.077759,-0.829956,0.915528,-5.371094,-13.916019,cycling_2
1769336899.304539,-0.518677,0.000244,-0.704346,-5.310059,-7.019045,-1.464844,cycling_2
1769336899.306649,-0.728882,0.350708,-0.732300,-9.643555,2.502441,11.352543,cycling_2
1769336899.306649,-0.747437,0.288696,-0.799438,-9.704590,-5.798342,-19.775391,cycling_2
1769336899.306649,-0.466919,-0.171265,-0.670898,-10.864258,-5.004883,-13.854984,cycling_2
1769336899.306649,-0.609619,0.352661,-0.721558,5.249023,-11.047363,-11.535648,cycling_2
1769336899.306649,-0.556641,0.079834,-0.691895,2.075195,-25.024422,-14.953617,cycling_2
1769336899.306649,-0.739502,0.003052,-0.780884,-3.540040,-23.132332,-8.056641,cycling_2
1769336899.3219438,-0.841675,0.560791,-0.875854,-3.417970,-2.563477,-0.671387,cycling_2
1769336899.3439465,-0.300171,-0.025635,-0.586426,-3.906251,-35.766602,-36.560059,cycling_2
1769336899.3663104,-0.490845,-0.319458,-0.816528,0.793457,-18.859863,2.380371,cycling_2
1769336899.38183,-0.894775,0.652100,-0.890747,6.408693,-1.831055,14.160160,cycling_2
1769336899.4037123,-0.612427,0.545044,-0.563232,-0.549316,-22.460945,-28.442390,cycling_2
1769336899.4231222,-0.433960,-0.148315,-0.673828,10.375977,-29.724129,-19.409180,cycling_2
1769336899.4446647,-0.709473,-0.081421,-0.990967,17.456055,-20.019531,3.601075,cycling_2
1769336899.465162,-0.772949,0.491089,-0.753540,9.826660,-6.164553,7.507326,cycling_2
1769336899.4825673,-0.687378,-0.237793,-0.720581,10.070801,-26.611336,-20.080566,cycling_2
1769336899.5018687,-0.730347,-0.338867,-0.761719,1.403809,-6.958010,14.526371,cycling_2
1769336899.5249238,-0.870605,0.181030,-0.792480,-2.319336,-0.427246,22.338875,cycling_2
1769336899.5444782,-0.684082,0.047363,-0.702759,-7.263186,0.671387,6.347658,cycling_2
1769336899.5647051,-0.638428,-0.025269,-0.735840,2.014160,-1.586915,10.620117,cycling_2
1769336899.585133,-0.710938,0.277466,-0.681274,3.112794,-0.610352,15.625004,cycling_2
1769336899.604578,-0.627441,0.179565,-0.688354,5.554201,1.770020,-0.427246,cycling_2
1769336899.6241953,-0.637695,0.180054,-0.651123,7.202150,-2.929688,0.366211,cycling_2
1769336899.6452587,-0.666138,0.033325,-0.682373,4.882813,-5.493164,-0.549316,cycling_2
1769336899.6660047,-0.662354,0.314453,-0.721436,5.126953,8.605957,8.789063,cycling_2
1769336899.6818826,-0.574585,0.310181,-0.716431,2.929688,-3.601075,-3.112794,cycling_2
1769336899.701995,-0.578491,-0.053467,-0.748291,4.638672,-14.282230,-6.652834,cycling_2
1769336899.7222738,-0.785400,0.149780,-0.809082,14.038090,-0.305176,9.277344,cycling_2
1769336899.744525,-0.545532,0.236328,-0.654907,4.516602,-16.540527,-5.615236,cycling_2
1769336899.7645583,-0.700195,-0.083984,-0.804443,13.305668,-18.554688,-2.319336,cycling_2
1769336899.7840314,-0.811157,-0.027222,-0.844727,16.052246,-15.808109,5.554201,cycling_2
1769336899.806853,-0.709106,0.139160,-0.701294,7.690432,-8.850098,12.268070,cycling_2
1769336899.8260705,-0.715454,-0.072388,-0.748169,5.920412,-13.793949,2.441406,cycling_2
1769336899.841747,-0.772827,-0.136597,-0.802734,5.432129,-11.596684,5.920412,cycling_2
1769336899.8656716,-0.909058,-0.063965,-0.761230,-1.464844,-8.178711,9.277344,cycling_2
1769336899.8829496,-0.751465,-0.058472,-0.757568,-2.380371,2.563477,5.859377,cycling_2
1769336899.9029236,-0.623779,-0.089844,-0.696411,6.591799,-1.892090,7.202150,cycling_2
1769336899.9239264,-0.739014,0.033203,-0.669067,10.742188,-3.601075,8.239746,cycling_2
1769336899.942229,-0.723877,0.062378,-0.671753,11.901859,-0.610352,1.647950,cycling_2
1769336899.964736,-0.782593,0.220581,-0.752686,18.249512,1.953125,1.708985,cycling_2
1769336899.985422,-0.685791,-0.008545,-0.691895,14.465336,-8.544922,-11.474613,cycling_2
1769336900.0061905,-0.775757,-0.022705,-0.754028,7.690432,6.347658,7.019045,cycling_2
1769336900.0238676,-0.804443,0.127197,-0.734497,2.258301,9.521484,7.629396,cycling_2
1769336900.0423362,-0.672363,-0.074829,-0.739990,0.244141,-0.732422,-0.488281,cycling_2
1769336900.0626764,-0.642944,0.027588,-0.675537,-0.610352,7.385256,14.709476,cycling_2
1769336900.0845976,-0.763184,0.150269,-0.770752,0.427246,3.723145,11.657719,cycling_2
1769336900.104745,-0.671143,0.061401,-0.719238,-3.173829,6.042482,7.385256,cycling_2
1769336900.1219704,-0.733276,0.052490,-0.654785,2.075195,8.422852,15.319828,cycling_2
1769336900.1420593,-0.757813,0.011108,-0.708984,-2.746582,3.540040,3.051759,cycling_2
1769336900.1701183,-0.711548,-0.075439,-0.656738,-0.122070,10.009766,5.615236,cycling_2
1769336900.1819103,-0.723267,0.103760,-0.691772,0.427246,12.207035,10.498047,cycling_2
1769336900.2031891,-0.771729,0.140991,-0.720825,-0.244141,13.916019,-0.671387,cycling_2
1769336900.22244,-0.637573,0.036377,-0.690063,-1.037598,5.493164,-7.019045,cycling_2
1769336900.244416,-0.711548,-0.197021,-0.717651,-0.427246,6.835939,-1.892090,cycling_2
1769336900.2646463,-0.798218,0.202881,-0.714600,-5.615236,23.864754,11.718754,cycling_2
1769336900.2871413,-0.862427,0.229614,-0.778442,-1.586915,14.770512,-8.728027,cycling_2
1769336900.3045366,-0.533936,0.058960,-0.636963,-7.995607,5.371094,-12.207035,cycling_2
1769336900.327922,-0.616821,-0.036133,-0.707642,-7.202150,3.906251,0.244141,cycling_2
1769336900.3430672,-0.685791,0.208008,-0.706909,-8.544922,10.620117,6.713869,cycling_2
1769336900.362046,-0.635254,0.289185,-0.714233,-9.521484,9.033203,-2.258301,cycling_2
1769336900.38528,-0.693726,0.286499,-0.698120,-0.793457,-4.089355,-17.089844,cycling_2
1769336900.4021487,-0.618286,-0.039551,-0.677612,0.671387,-9.094238,-20.812988,cycling_2
1769336900.4228415,-0.705688,-0.079224,-0.746094,1.525879,1.770020,-3.051759,cycling_2
1769336900.4435418,-0.721802,0.150513,-0.778442,1.525879,10.864258,3.784181,cycling_2
1769336900.4650278,-0.675537,-0.069092,-0.758423,-2.502441,3.112794,-8.056641,cycling_2
1769336900.481817,-0.666626,-0.207031,-0.735229,-2.807618,9.094238,4.150391,cycling_2
1769336900.505785,-0.760010,0.091187,-0.772827,-4.455566,14.038090,12.817387,cycling_2
1769336900.5273273,-0.715576,0.009277,-0.753540,-9.582520,18.737793,-2.075195,cycling_2
1769336900.5423644,-0.714355,0.024658,-0.766113,-7.141115,18.127441,-0.549316,cycling_2
1769336900.5630283,-0.717651,0.044922,-0.726318,-6.835939,15.747074,-2.685547,cycling_2
1769336900.5841427,-0.695557,-0.065918,-0.746460,-8.239746,16.784668,-5.187988,cycling_2
1769336900.6043825,-0.735474,0.004272,-0.747070,-9.887695,19.897461,0.915528,cycling_2
1769336900.625752,-0.665405,0.026489,-0.722046,-15.258793,22.705086,-1.098633,cycling_2
1769336900.6419864,-0.635010,-0.137329,-0.751831,-16.784668,22.033691,-2.075195,cycling_2
1769336900.6617336,-0.687866,0.254395,-0.717896,-16.723633,29.235847,-0.671387,cycling_2
1769336900.681623,-0.481079,0.089478,-0.684814,-16.845703,19.653320,-11.657719,cycling_2
1769336900.703034,-0.773926,0.210449,-0.855469,-5.859377,22.766121,0.305176,cycling_2
1769336900.7220616,-0.622681,0.393677,-0.908325,-8.300781,25.390633,-22.094727,cycling_2
1769336900.744425,-0.334961,-0.078735,-0.723877,-3.173829,-0.305176,-20.690918,cycling_2
1769336900.764104,-0.721680,-0.041626,-0.697510,-12.023930,10.986328,-3.723145,cycling_2
1769336900.7845638,-0.569214,0.319946,-0.846680,-17.089844,26.916512,-8.789063,cycling_2
1769336900.804178,-0.618164,-0.005615,-0.831299,-5.920412,3.356935,-20.507813,cycling_2
1769336900.825094,-0.592529,0.080566,-0.708496,-13.977055,13.977055,-6.286623,cycling_2
1769336900.84171,-0.561890,0.259155,-0.770142,-14.160160,17.700195,-3.845216,cycling_2
1769336900.8626373,-0.619873,0.199097,-0.843140,-9.765625,11.901859,-10.803223,cycling_2
1769336900.8832462,-0.527100,0.068481,-0.728760,-11.596684,3.662110,-17.333984,cycling_2
1769336900.9059575,-0.611206,0.080078,-0.722046,-13.610844,6.103518,-11.230473,cycling_2
1769336900.9234738,-0.479004,0.164917,-0.673340,-14.221195,3.112794,-10.253906,cycling_2
1769336900.9445262,-0.652222,0.303345,-0.832275,-7.507326,3.784181,-6.408693,cycling_2
1769336900.9647982,-0.440796,0.439819,-0.851563,-4.638672,0.061035,-19.104004,cycling_2
1769336901.0478058,-0.416870,0.092285,-0.813721,4.882813,-22.399910,-24.597176,cycling_2
1769336901.0518022,-0.612061,0.174805,-0.789307,-3.540040,-10.253906,-13.977055,cycling_2
1769336901.065008,-0.624756,0.329834,-0.922241,-2.807618,-4.577637,-14.343266,cycling_2
1769336901.0783355,-0.549194,-0.071533,-0.776367,-2.624512,-12.817387,-13.610844,cycling_2
1769336901.1049345,-0.654541,-0.030884,-0.867554,-7.019045,-5.126953,-2.624512,cycling_2
1769336901.1119459,-0.628784,-0.137817,-0.813477,-8.239746,-1.342773,7.629396,cycling_2
1769336902.221785,-0.634033,0.212646,-0.810669,-12.512211,9.521484,11.535648,cycling_2
1769336925.7279358,-0.377563,-0.039673,-0.333374,-0.305176,0.061035,-1.220703,cycling_2
