timestamp,ax,ay,az,gx,gy,gz,activity
1769345793.1757457,-0.114380,-0.933960,-0.378540,-0.610352,1.037598,2.258301,sit_stand_sit
1769345793.1910276,-0.106934,-0.939819,-0.384766,-1.037598,1.342773,2.319336,sit_stand_sit
1769345793.215475,-0.095825,-0.926392,-0.384644,-2.075195,0.671387,3.173829,sit_stand_sit
1769345793.2334871,-0.093262,-0.928833,-0.390503,-0.488281,0.976563,2.075195,sit_stand_sit
1769345793.253486,-0.093872,-0.969604,-0.390259,-0.305176,1.647950,0.915528,sit_stand_sit
1769345793.2757986,-0.096802,-0.980591,-0.383057,-1.708985,3.417970,2.624512,sit_stand_sit
1769345793.2862492,-0.102417,-0.964966,-0.376831,-1.159668,6.896975,5.310059,sit_stand_sit
1769345793.3158462,-0.118652,-0.951660,-0.372925,0.183106,14.526371,7.507326,sit_stand_sit
1769345793.3361032,-0.113281,-0.934326,-0.367676,2.014160,23.559578,10.498047,sit_stand_sit
1769345793.357602,-0.088501,-0.914795,-0.355469,4.455566,29.785164,14.160160,sit_stand_sit
1769345793.376166,-0.085205,-0.922607,-0.347534,5.371094,29.296883,13.244633,sit_stand_sit
1769345793.3960736,-0.094482,-0.926270,-0.339478,5.798342,27.709969,11.108402,sit_stand_sit
1769345793.4164262,-0.113525,-0.921875,-0.335938,5.493164,27.343758,9.338379,sit_stand_sit
1769345793.4364085,-0.145020,-0.894897,-0.335693,4.333496,28.930672,8.544922,sit_stand_sit
1769345793.456128,-0.155884,-0.861328,-0.330688,4.760742,31.494148,7.629396,sit_stand_sit
1769345793.47601,-0.150024,-0.842163,-0.330688,5.371094,31.005867,6.347658,sit_stand_sit
1769345793.4962842,-0.151245,-0.785889,-0.335938,6.103518,25.939949,7.141115,sit_stand_sit
1769345793.5162811,-0.163452,-0.762573,-0.340454,8.056641,21.911621,7.446291,sit_stand_sit
1769345793.536406,-0.179321,-0.743530,-0.337524,9.033203,19.165039,6.896975,sit_stand_sit
1769345793.5564184,-0.184692,-0.723877,-0.340332,9.338379,17.944336,8.361816,sit_stand_sit
1769345793.57896,-0.193237,-0.705566,-0.346680,9.521484,18.920898,10.864258,sit_stand_sit
1769345793.5964704,-0.190796,-0.701294,-0.353516,9.277344,20.263672,12.451176,sit_stand_sit
1769345793.6183264,-0.225220,-0.732910,-0.371948,6.530764,21.789551,11.474613,sit_stand_sit
1769345793.6348617,-0.252319,-0.777710,-0.387207,3.295899,24.475105,12.451176,sit_stand_sit
1769345793.6555758,-0.245483,-0.814941,-0.389282,-2.502441,27.221687,16.906738,sit_stand_sit
1769345793.6762347,-0.226440,-0.817261,-0.395264,-7.019045,28.564461,23.864754,sit_stand_sit
1769345793.6907156,-0.226807,-0.848755,-0.392700,-10.437012,27.282722,28.076180,sit_stand_sit
1769345793.715997,-0.228882,-0.888428,-0.389893,-13.916019,26.306160,31.188972,sit_stand_sit
1769345793.7362785,-0.251099,-0.921143,-0.396851,-16.967773,25.756844,32.714844,sit_stand_sit
1769345793.754796,-0.245117,-1.041870,-0.395142,-24.108894,32.226563,41.931152,sit_stand_sit
1769345793.774535,-0.231689,-1.022583,-0.402832,-31.799324,28.625496,47.302261,sit_stand_sit
1769345793.7930746,-0.250854,-1.049805,-0.401245,-35.705566,25.085457,57.006851,sit_stand_sit
1769345793.8152707,-0.287231,-1.054688,-0.407349,-40.771484,25.817879,64.880371,sit_stand_sit
1769345793.8362744,-0.328003,-1.039063,-0.412720,-42.175293,29.724129,70.434570,sit_stand_sit
1769345793.8556793,-0.358765,-1.077271,-0.410522,-44.677750,37.353516,76.232910,sit_stand_sit
1769345793.876294,-0.321167,-1.121216,-0.441162,-53.833023,44.616714,85.632324,sit_stand_sit
1769345793.8962624,-0.295288,-1.096558,-0.479614,-63.903824,46.752945,90.332062,sit_stand_sit
1769345793.916327,-0.294922,-1.050537,-0.510132,-69.152832,49.377457,88.501007,sit_stand_sit
1769345793.9350264,-0.241943,-1.006226,-0.547607,-73.303223,44.128418,83.557129,sit_stand_sit
1769345793.9562454,-0.235718,-0.980591,-0.595093,-78.063965,30.334480,79.528809,sit_stand_sit
1769345793.9774408,-0.291626,-0.946411,-0.639160,-83.374023,22.216805,73.364258,sit_stand_sit
1769345793.9960306,-0.259766,-0.886719,-0.676025,-83.923340,16.174316,68.237305,sit_stand_sit
1769345794.0165622,-0.328735,-0.852051,-0.709595,-81.420898,7.629396,60.180679,sit_stand_sit
1769345794.0361314,-0.290161,-0.818604,-0.713623,-76.354980,-1.892090,53.710953,sit_stand_sit
1769345794.0574596,-0.344360,-0.776855,-0.710327,-70.190430,-11.718754,48.522964,sit_stand_sit
1769345794.0763583,-0.457397,-0.710693,-0.710449,-61.035172,-11.230473,40.710449,sit_stand_sit
1769345794.0960035,-0.532349,-0.655884,-0.736206,-49.133316,-2.258301,31.188972,sit_stand_sit
1769345794.113653,-0.551758,-0.606934,-0.766235,-36.621094,7.202150,21.545410,sit_stand_sit
1769345794.135962,-0.420654,-0.524536,-0.743286,-24.292000,3.967286,16.967773,sit_stand_sit
1769345794.1562996,-0.294434,-0.366821,-0.684448,-4.943848,-27.465828,11.535648,sit_stand_sit
1769345794.1764312,-0.347900,-0.349854,-0.612061,9.582520,-41.625977,12.756351,sit_stand_sit
1769345794.1961792,-0.380859,-0.335693,-0.570679,19.042969,-47.424332,14.648441,sit_stand_sit
1769345794.2164223,-0.433228,-0.338989,-0.551636,22.705086,-45.349136,15.869144,sit_stand_sit
1769345794.2366154,-0.504028,-0.352295,-0.544434,24.414070,-36.193848,16.418457,sit_stand_sit
1769345794.2556496,-0.526855,-0.370361,-0.548462,23.132332,-27.404793,16.296387,sit_stand_sit
1769345794.2757878,-0.446655,-0.363281,-0.541382,19.897461,-23.986824,12.939457,sit_stand_sit
1769345794.2960882,-0.619995,-0.365845,-0.611694,10.253906,-17.761230,26.672371,sit_stand_sit
1769345794.3162148,-0.738647,-0.380493,-0.678467,-2.075195,17.578125,28.869637,sit_stand_sit
1769345794.5050852,-0.627808,-0.335327,-0.737915,-6.958010,42.236328,19.226074,sit_stand_sit
1769345794.5060973,-0.442505,-0.322266,-0.764526,-8.178711,43.090820,7.202150,sit_stand_sit
1769345794.5060973,-0.349731,-0.353882,-0.762817,-6.225588,22.216805,-3.234864,sit_stand_sit
1769345794.5060973,-0.391479,-0.420654,-0.746582,-2.563477,-0.854492,-10.192871,sit_stand_sit
1769345794.5060973,-0.752686,-0.601929,-0.876099,1.953125,-1.220703,-0.305176,sit_stand_sit
1769345794.5060973,-0.836060,-0.573486,-0.985962,-10.498047,18.371582,-3.479005,sit_stand_sit
1769345794.5060973,-0.700806,-0.498657,-0.954224,-12.268070,32.287598,6.835939,sit_stand_sit
1769345794.5060973,-0.529663,-0.518677,-0.836182,-9.521484,32.897949,11.840824,sit_stand_sit
1769345794.708442,-0.411377,-0.483887,-0.768066,1.464844,17.150879,14.282230,sit_stand_sit
1769345794.708442,-0.384155,-0.469971,-0.712036,13.000492,0.793457,12.207035,sit_stand_sit
1769345794.708442,-0.457153,-0.459473,-0.652466,29.052742,-7.019045,14.099125,sit_stand_sit
1769345794.708442,-0.479736,-0.445923,-0.650269,36.560059,-1.708985,15.563969,sit_stand_sit
1769345794.708442,-0.447998,-0.406372,-0.663330,41.076660,5.554201,15.502934,sit_stand_sit
1769345794.708442,-0.395020,-0.379639,-0.692749,45.288101,5.981447,11.779789,sit_stand_sit
1769345794.708442,-0.400391,-0.353394,-0.746582,46.813980,1.098633,1.647950,sit_stand_sit
1769345794.708442,-0.458984,-0.372437,-0.793579,47.058121,-11.352543,-9.399414,sit_stand_sit
1769345794.708442,-0.493774,-0.427490,-0.791870,43.823242,-28.625496,-16.845703,sit_stand_sit
1769345794.708442,-0.562988,-0.478271,-0.692017,37.048340,-43.029785,-18.493652,sit_stand_sit
1769345794.708442,-0.606079,-0.496582,-0.622803,35.034180,-41.503906,-22.583015,sit_stand_sit
1769345794.7164526,-0.681885,-0.566528,-0.591919,31.188972,-30.029305,-22.644051,sit_stand_sit
1769345794.7363303,-0.685303,-0.604736,-0.550049,25.817879,-13.000492,-19.653320,sit_stand_sit
1769345794.7564254,-0.635254,-0.619629,-0.570557,21.484375,-0.244141,-17.150879,sit_stand_sit
1769345794.7762992,-0.632568,-0.629883,-0.569092,18.310547,10.742188,-12.390141,sit_stand_sit
1769345794.7962897,-0.585693,-0.619019,-0.570923,15.319828,22.583015,-7.629396,sit_stand_sit
1769345794.8185797,-0.541992,-0.601929,-0.624146,8.544922,32.287598,-6.530764,sit_stand_sit
1769345794.8360648,-0.523071,-0.561890,-0.660278,2.075195,35.034180,-4.638672,sit_stand_sit
1769345794.8563151,-0.490479,-0.498657,-0.683472,-2.990724,30.456551,-1.342773,sit_stand_sit
1769345794.8763523,-0.449097,-0.433838,-0.684326,-6.164553,18.554688,-2.563477,sit_stand_sit
1769345794.8962514,-0.421021,-0.405518,-0.672974,-8.850098,3.417970,-7.690432,sit_stand_sit
1769345794.916347,-0.424805,-0.414063,-0.654785,-11.291508,-5.859377,-14.587406,sit_stand_sit
1769345794.9267755,-0.445313,-0.449951,-0.619629,-9.155273,-10.192871,-23.559578,sit_stand_sit
1769345794.9564834,-0.559082,-0.533325,-0.599121,-7.080080,-8.911133,-26.611336,sit_stand_sit
1769345794.9763615,-0.616333,-0.611328,-0.602539,-6.652834,2.990724,-24.414070,sit_stand_sit
1769345794.9966857,-0.543335,-0.604492,-0.609985,-5.249023,13.610844,-22.949226,sit_stand_sit
1769345795.0161285,-0.415405,-0.562866,-0.612671,2.502441,19.287109,-24.963387,sit_stand_sit
1769345795.0365794,-0.282104,-0.564087,-0.616577,14.221195,7.629396,-25.817879,sit_stand_sit
1769345795.0565064,-0.246338,-0.583496,-0.628784,20.324707,-18.859863,-33.386230,sit_stand_sit
1769345795.0763884,-0.260620,-0.602051,-0.592407,34.729004,-48.889175,-53.955093,sit_stand_sit
1769345795.0960882,-0.322754,-0.662354,-0.581177,39.367676,-59.143082,-61.828629,sit_stand_sit
1769345795.1161354,-0.647583,-0.772949,-0.579224,35.827637,-47.607437,-60.913101,sit_stand_sit
1769345795.136209,-0.691528,-0.780884,-0.557617,35.949707,-16.296387,-67.199707,sit_stand_sit
1769345795.189636,-0.500122,-0.762207,-0.535034,40.466309,5.859377,-70.922852,sit_stand_sit
1769345795.189636,-0.305542,-0.777466,-0.490723,43.945313,2.929688,-75.317383,sit_stand_sit
1769345795.200313,-0.149658,-0.856934,-0.427246,49.377457,-25.024422,-88.501007,sit_stand_sit
1769345795.216,-0.107910,-0.976685,-0.401733,52.429214,-45.166031,-88.867218,sit_stand_sit
1769345795.2364342,-0.094116,-1.044922,-0.419312,49.865738,-68.603516,-98.510773,sit_stand_sit
1769345795.2562485,-0.134888,-1.159790,-0.402344,51.635757,-84.350586,-107.849152,sit_stand_sit
1769345795.2761595,-0.154053,-1.278687,-0.382690,50.292984,-98.510773,-119.262726,sit_stand_sit
1769345795.2945037,-0.171265,-1.362427,-0.333252,46.386734,-116.943390,-129.028320,sit_stand_sit
1769345795.3149667,-0.177856,-1.448853,-0.292358,37.780762,-140.441895,-134.887695,sit_stand_sit
1769345795.3334231,-0.259155,-1.478149,-0.278442,17.211914,-156.982422,-145.446777,sit_stand_sit
1769345795.3559656,-0.286987,-1.537720,-0.275635,13.122562,-146.423340,-139.282227,sit_stand_sit
1769345795.3727963,-0.265015,-1.495972,-0.268433,3.662110,-127.441437,-119.079620,sit_stand_sit
1769345795.3962545,-0.213135,-1.259644,-0.280884,0.183106,-104.858429,-82.397461,sit_stand_sit
1769345795.4162478,-0.210938,-1.047485,-0.299805,11.657719,-70.312500,-44.921890,sit_stand_sit
1769345795.4367268,-0.186401,-0.950317,-0.379639,26.062019,-25.451668,-27.160652,sit_stand_sit
1769345795.456445,-0.158447,-0.928589,-0.436279,29.602058,48.156754,-7.202150,sit_stand_sit
1769345795.476292,-0.102539,-0.901489,-0.388794,18.432617,89.233429,5.310059,sit_stand_sit
1769345795.4968953,-0.041504,-0.821045,-0.342896,14.404301,107.482941,5.310059,sit_stand_sit
1769345795.516099,0.027588,-0.795166,-0.309937,13.305668,102.050812,-0.122070,sit_stand_sit
1769345795.5361648,0.138062,-0.775024,-0.297974,13.183598,75.256348,-3.356935,sit_stand_sit
1769345795.5517957,0.171387,-0.764404,-0.295410,14.099125,40.832520,-4.516602,sit_stand_sit
1769345795.5761552,0.122314,-0.765503,-0.283203,13.732914,12.390141,-4.333496,sit_stand_sit
1769345795.5964363,0.054321,-0.727051,-0.244019,11.535648,-16.296387,-1.281738,sit_stand_sit
1769345795.6164489,-0.014038,-0.712891,-0.197998,10.620117,-23.864754,-1.403809,sit_stand_sit
1769345795.6373205,-0.060669,-0.755981,-0.177612,6.408693,-16.723633,-2.746582,sit_stand_sit
1769345795.6564577,-0.070435,-0.777222,-0.180664,-0.976563,-9.948730,-3.967286,sit_stand_sit
1769345795.676284,-0.092041,-0.792969,-0.186523,-5.249023,-5.187988,-0.305176,sit_stand_sit
1769345795.6960907,-0.114990,-0.826172,-0.196533,-4.455566,1.220703,1.953125,sit_stand_sit
1769345795.7165356,-0.097168,-0.894653,-0.191162,-5.615236,5.554201,3.479005,sit_stand_sit
1769345795.7334156,-0.053467,-0.911987,-0.207031,-10.070801,0.488281,9.704590,sit_stand_sit
1769345795.7535093,-0.064331,-0.900635,-0.227905,-10.009766,-7.385256,10.131836,sit_stand_sit
1769345795.7758105,-0.094238,-0.913086,-0.239868,-7.995607,-13.488773,6.591799,sit_stand_sit
1769345795.7943583,-0.099854,-0.921265,-0.251709,-7.324221,-16.967773,3.967286,sit_stand_sit
1769345795.8157494,-0.088745,-0.928101,-0.257935,-6.591799,-17.272949,2.197266,sit_stand_sit
1769345795.836575,-0.118408,-0.951538,-0.266602,-6.286623,-14.282230,-0.244141,sit_stand_sit
1769345795.8559742,-0.116211,-0.984863,-0.268799,-7.385256,-4.150391,-2.197266,sit_stand_sit
1769345795.8763077,0.043945,-1.028809,-0.259155,-15.441898,-7.934572,13.427738,sit_stand_sit
1769345795.8963146,-0.105469,-0.916138,-0.270020,-5.126953,-1.708985,3.173829,sit_stand_sit
1769345795.9165776,0.018555,-0.972290,-0.276733,-4.943848,-0.671387,5.065918,sit_stand_sit
1769345795.936455,0.066772,-0.926025,-0.288086,-6.958010,-10.498047,7.202150,sit_stand_sit
1769345795.956295,-0.049072,-0.902100,-0.280518,1.220703,-8.605957,7.202150,sit_stand_sit
1769345795.9760683,-0.007690,-0.950806,-0.272949,0.000000,4.516602,10.925293,sit_stand_sit
1769345795.9959884,0.040894,-0.956909,-0.266235,0.549316,0.000000,12.573246,sit_stand_sit
1769345796.0166993,-0.023804,-0.953613,-0.261719,1.037598,0.000000,10.437012,sit_stand_sit
1769345796.0362833,-0.076294,-0.967285,-0.266235,2.563477,11.962894,8.239746,sit_stand_sit
1769345796.0569165,-0.027832,-0.995728,-0.269043,2.868653,17.822266,2.746582,sit_stand_sit
1769345796.0760562,-0.032593,-1.000732,-0.261108,2.075195,17.395020,-1.281738,sit_stand_sit
1769345796.0972412,-0.022705,-0.991699,-0.262695,1.159668,15.625004,-2.746582,sit_stand_sit
1769345796.1161516,-0.044434,-0.982910,-0.265625,1.220703,9.643555,-1.708985,sit_stand_sit
1769345796.1361878,-0.049194,-0.980225,-0.263550,1.708985,7.812502,-2.014160,sit_stand_sit
1769345796.156362,-0.046265,-0.975708,-0.260864,1.098633,4.882813,-1.647950,sit_stand_sit
1769345796.1765254,-0.048828,-0.951172,-0.261230,0.305176,1.708985,-0.671387,sit_stand_sit
1769345796.1962235,-0.052490,-0.952515,-0.263184,0.488281,-2.075195,0.976563,sit_stand_sit
1769345796.2163682,-0.057373,-0.956177,-0.263428,-0.488281,-5.554201,1.892090,sit_stand_sit
1769345796.236358,-0.054443,-0.944580,-0.265747,-0.854492,-8.789063,2.136230,sit_stand_sit
1769345796.2564335,-0.067871,-0.942627,-0.271240,-1.220703,-12.146000,3.784181,sit_stand_sit
1769345796.2765596,-0.068848,-0.948853,-0.270264,-1.464844,-13.000492,5.065918,sit_stand_sit
1769345796.2967153,-0.072021,-0.951538,-0.270630,-1.831055,-13.427738,6.530764,sit_stand_sit
1769345796.3163757,-0.077881,-0.943481,-0.270264,-2.990724,-13.122562,8.666992,sit_stand_sit
1769345796.336545,-0.093628,-0.918091,-0.272827,-1.647950,-10.498047,4.943848,sit_stand_sit
1769345796.356304,-0.090942,-0.932983,-0.273071,-0.732422,-7.080080,4.577637,sit_stand_sit
1769345796.3761895,-0.078369,-0.929199,-0.272583,-1.647950,-5.554201,4.333496,sit_stand_sit
1769345796.3965347,-0.085083,-0.917358,-0.275024,-1.831055,-3.356935,5.493164,sit_stand_sit
1769345796.4163451,-0.088989,-0.906860,-0.274170,-2.136230,-2.136230,5.004883,sit_stand_sit
1769345796.436442,-0.086792,-0.904907,-0.265137,-1.892090,-1.220703,5.493164,sit_stand_sit
1769345796.4573004,-0.086670,-0.887451,-0.263184,-2.685547,-0.671387,6.042482,sit_stand_sit
1769345796.4739385,-0.089722,-0.864502,-0.259155,-2.929688,-0.976563,8.056641,sit_stand_sit
1769345796.4963448,-0.099121,-0.847656,-0.254395,-1.831055,0.061035,8.666992,sit_stand_sit
1769345796.5161994,-0.103882,-0.849976,-0.253174,-2.258301,0.976563,11.596684,sit_stand_sit
1769345796.5362868,-0.114380,-0.823608,-0.249146,-2.502441,2.136230,11.230473,sit_stand_sit
1769345796.5568004,-0.115601,-0.828857,-0.249390,-2.075195,4.211426,14.770512,sit_stand_sit
1769345796.576381,-0.134155,-0.821655,-0.256592,-4.211426,4.455566,15.686039,sit_stand_sit
1769345796.5970833,-0.164795,-0.800537,-0.254272,-3.356935,5.004883,6.591799,sit_stand_sit
1769345796.6165507,-0.175537,-0.796387,-0.267944,-2.075195,-0.244141,-6.042482,sit_stand_sit
1769345796.6368315,-0.033569,-0.877319,-0.258179,0.976563,-2.441406,0.793457,sit_stand_sit
1769345796.6553602,-0.121826,-0.847046,-0.272949,-6.225588,-6.164553,6.408693,sit_stand_sit
1769345796.6735044,-0.152710,-0.843140,-0.268799,-3.784181,0.000000,-0.610352,sit_stand_sit
1769345796.696397,-0.121094,-0.929199,-0.258301,-5.432129,5.554201,-5.371094,sit_stand_sit
1769345796.7161682,-0.101318,-0.949097,-0.265015,-8.972168,3.845216,-3.967286,sit_stand_sit
1769345796.7363138,-0.098022,-0.929199,-0.270508,-10.986328,-3.479005,-3.356935,sit_stand_sit
1769345796.7577186,-0.119751,-0.947510,-0.278442,-10.009766,-7.751467,7.873537,sit_stand_sit
1769345796.7763689,-0.105835,-0.930786,-0.287842,-8.911133,-18.066406,12.756351,sit_stand_sit
1769345796.7962973,-0.168335,-0.948608,-0.273071,-2.258301,-19.592285,20.324707,sit_stand_sit
1769345796.8164055,-0.167847,-0.971680,-0.271851,-7.202150,-21.484375,23.986824,sit_stand_sit
1769345796.8361979,-0.167480,-0.931885,-0.255859,-6.225588,-20.324707,27.587898,sit_stand_sit
1769345796.8541398,-0.163818,-0.914185,-0.278564,-3.723145,-16.601563,33.447266,sit_stand_sit
1769345796.8751976,-0.188354,-0.927856,-0.265747,-2.441406,-12.512211,33.996582,sit_stand_sit
1769345796.8961992,-0.267090,-0.959106,-0.230591,-2.136230,7.446291,35.827637,sit_stand_sit
1769345796.916047,-0.138306,-0.994751,-0.315552,-2.563477,-3.845216,32.409668,sit_stand_sit
1769345796.9364567,-0.270020,-1.016357,-0.296265,-2.929688,0.488281,38.574219,sit_stand_sit
1769345796.9560814,-0.217163,-0.997070,-0.275513,-3.295899,-1.708985,35.278320,sit_stand_sit
1769345796.974417,-0.185059,-1.017578,-0.271851,-3.417970,-16.967773,44.738785,sit_stand_sit
1769345796.9961355,-0.245483,-0.983032,-0.269531,-3.662110,-27.832039,50.903336,sit_stand_sit
1769345797.016738,-0.300659,-0.986572,-0.286499,-0.244141,-28.076180,52.307144,sit_stand_sit
1769345797.0360792,-0.332886,-1.024292,-0.314697,0.366211,-25.207527,51.757828,sit_stand_sit
1769345797.0562243,-0.384766,-1.018188,-0.287476,-1.037598,-18.066406,46.142593,sit_stand_sit
1769345797.0764067,-0.392212,-1.059570,-0.286987,3.356935,-12.695316,51.635757,sit_stand_sit
1769345797.0984237,-0.340942,-1.085815,-0.312500,-1.770020,-24.597176,59.021011,sit_stand_sit
1769345797.116422,-0.382080,-1.025879,-0.295654,-1.586915,-35.583496,61.584488,sit_stand_sit
1769345797.136079,-0.457642,-0.967285,-0.278687,4.699707,-38.391113,53.100601,sit_stand_sit
1769345797.1557403,-0.447388,-0.973877,-0.263184,8.911133,-45.043961,48.522964,sit_stand_sit
1769345797.1764996,-0.472656,-0.906982,-0.246826,13.000492,-58.593765,55.969254,sit_stand_sit
1769345797.1937208,-0.545044,-0.871460,-0.245483,17.333984,-64.025879,58.532730,sit_stand_sit
1769345797.2148328,-0.602539,-0.878052,-0.253540,18.981934,-60.424820,57.556168,sit_stand_sit
1769345797.2363634,-0.602539,-0.877563,-0.237671,18.798828,-50.109879,58.532730,sit_stand_sit
1769345797.2560265,-0.613770,-0.886353,-0.204468,20.751953,-42.175293,59.448257,sit_stand_sit
1769345797.2763083,-0.666870,-0.913696,-0.171753,21.301270,-28.930672,54.626480,sit_stand_sit
1769345797.2970285,-0.689819,-0.917480,-0.183350,21.911621,-13.366703,46.997086,sit_stand_sit
1769345797.3165202,-0.698975,-0.930298,-0.157837,26.367195,-17.578125,39.062500,sit_stand_sit
1769345797.3363934,-0.739380,-0.902710,-0.167847,27.038582,-20.935059,34.790039,sit_stand_sit
1769345797.3561878,-0.752563,-0.848145,-0.226318,26.489265,-10.192871,31.188972,sit_stand_sit
1769345797.3767486,-0.670288,-0.765503,-0.282104,23.437508,0.122070,31.066902,sit_stand_sit
1769345797.3963668,-0.594360,-0.665283,-0.296631,20.446777,5.615236,33.569336,sit_stand_sit
1769345797.4164665,-0.624878,-0.632690,-0.297974,20.935059,7.934572,33.325195,sit_stand_sit
1769345797.4361603,-0.659302,-0.599976,-0.245728,17.089844,31.799324,31.250008,sit_stand_sit
1769345797.4564626,-0.638062,-0.587036,-0.213867,15.686039,44.006348,29.235847,sit_stand_sit
1769345797.476117,-0.604004,-0.569214,-0.162354,17.822266,43.823242,11.535648,sit_stand_sit
1769345797.4978352,-0.642212,-0.515869,-0.133057,19.531250,51.818863,9.338379,sit_stand_sit
1769345797.5185006,-0.610107,-0.572876,-0.110229,22.338875,44.494644,0.000000,sit_stand_sit
1769345797.5375755,-0.678467,-0.624756,-0.125977,20.446777,33.752441,-6.408693,sit_stand_sit
1769345797.5565975,-0.718262,-0.683716,-0.156372,15.502934,21.789551,-6.347658,sit_stand_sit
1769345797.5763698,-0.757813,-0.705078,-0.198364,5.493164,7.690432,-0.061035,sit_stand_sit
1769345797.5982285,-0.797729,-0.730469,-0.188843,0.122070,8.422852,2.563477,sit_stand_sit
1769345797.7815423,-0.791626,-0.732910,-0.139160,-5.310059,12.695316,2.685547,sit_stand_sit
1769345797.7815423,-0.714600,-0.729492,-0.122803,-8.483887,13.854984,2.746582,sit_stand_sit
1769345797.7815423,-0.641968,-0.710205,-0.135254,-8.850098,10.070801,-2.075195,sit_stand_sit
1769345797.7831502,-0.615967,-0.720581,-0.146240,-8.117676,6.103518,-3.112794,sit_stand_sit
1769345797.7831502,-0.598145,-0.725708,-0.161987,-7.202150,-14.709476,-0.854492,sit_stand_sit
1769345797.7831502,-0.623535,-0.732056,-0.170044,-3.967286,-9.277344,0.549316,sit_stand_sit
1769345797.7831502,-0.655762,-0.726318,-0.163574,-2.624512,-14.343266,2.380371,sit_stand_sit
1769345797.7831502,-0.695068,-0.707031,-0.155396,-0.793457,-12.939457,3.417970,sit_stand_sit
1769345797.986136,-0.719116,-0.695923,-0.150024,1.220703,-7.446291,2.197266,sit_stand_sit
1769345797.986136,-0.728027,-0.691040,-0.150391,2.502441,-3.356935,0.732422,sit_stand_sit
1769345797.986136,-0.722656,-0.692261,-0.156250,2.990724,-1.708985,-0.854492,sit_stand_sit
1769345797.986136,-0.713135,-0.697266,-0.162842,2.258301,-0.122070,-1.892090,sit_stand_sit
1769345797.986136,-0.696411,-0.700317,-0.166504,1.281738,-0.061035,-2.502441,sit_stand_sit
1769345797.986136,-0.681396,-0.702148,-0.169922,0.549316,-1.403809,-3.234864,sit_stand_sit
1769345797.986136,-0.674194,-0.708130,-0.167236,0.183106,-4.211426,-4.211426,sit_stand_sit
1769345797.986136,-0.676392,-0.718750,-0.160767,0.305176,-7.995607,-3.967286,sit_stand_sit
1769345797.986136,-0.680298,-0.721924,-0.153076,-0.061035,-9.887695,-2.990724,sit_stand_sit
1769345797.986136,-0.681274,-0.713623,-0.149902,0.244141,-9.033203,-2.075195,sit_stand_sit
1769345797.986136,-0.676880,-0.709961,-0.140503,0.915528,-7.995607,-1.159668,sit_stand_sit
1769345797.9962373,-0.677002,-0.712158,-0.135498,0.793457,-8.972168,-1.281738,sit_stand_sit
1769345798.018896,-0.678711,-0.711182,-0.138062,0.732422,-8.850098,-1.464844,sit_stand_sit
1769345798.0372603,-0.673462,-0.710571,-0.139893,0.732422,-9.948730,-3.234864,sit_stand_sit
1769345798.0560734,-0.677856,-0.712158,-0.143066,1.281738,-12.573246,-4.821777,sit_stand_sit
1769345798.0763855,-0.677002,-0.728271,-0.137939,2.502441,-15.747074,-4.699707,sit_stand_sit
1769345798.0960472,-0.650879,-0.728394,-0.127808,0.671387,-21.667480,-6.408693,sit_stand_sit
1769345798.1160574,-0.646606,-0.733765,-0.131836,-1.281738,-27.160652,-5.493164,sit_stand_sit
1769345798.1364157,-0.657593,-0.731812,-0.138428,-3.784181,-33.630371,-2.868653,sit_stand_sit
1769345798.1561208,-0.652466,-0.705566,-0.142700,-5.493164,-40.954590,-5.004883,sit_stand_sit
1769345798.1757238,-0.634766,-0.697876,-0.122559,-7.751467,-47.729507,-5.981447,sit_stand_sit
1769345798.1962123,-0.613037,-0.682739,-0.078857,-8.972168,-55.664078,-6.530764,sit_stand_sit
1769345798.216105,-0.628174,-0.691895,-0.077515,-9.643555,-61.340347,-9.338379,sit_stand_sit
1769345798.2361135,-0.655640,-0.692139,-0.087524,-10.803223,-59.814468,-13.183598,sit_stand_sit
1769345798.256137,-0.653931,-0.688354,-0.070923,-11.596684,-57.800308,-15.869144,sit_stand_sit
1769345798.276017,-0.683838,-0.692017,-0.043213,-10.070801,-57.861343,-20.751953,sit_stand_sit
1769345798.2937396,-0.671021,-0.717651,-0.003174,-10.925293,-58.410660,-28.869637,sit_stand_sit
1769345798.3163955,-0.687500,-0.731812,0.019897,-11.901859,-56.518570,-32.592773,sit_stand_sit
1769345798.3356414,-0.723511,-0.742188,0.007935,-16.174316,-51.635757,-37.536621,sit_stand_sit
1769345798.355401,-0.689453,-0.733032,-0.014771,-20.385742,-37.658691,-44.189453,sit_stand_sit
1769345798.3760834,-0.654175,-0.765381,-0.012939,-20.812988,-28.686531,-49.133316,sit_stand_sit
1769345798.3959715,-0.674805,-0.822388,-0.021606,-20.812988,-13.732914,-64.819336,sit_stand_sit
1769345798.4161937,-0.896606,-0.876099,-0.032837,-23.803719,23.010262,-83.618164,sit_stand_sit
1769345798.4360619,-0.683594,-0.908325,-0.074829,-21.606445,41.870117,-90.087921,sit_stand_sit
1769345798.4572704,-0.482422,-0.950928,-0.082886,-16.601563,7.446291,-88.256836,sit_stand_sit
1769345798.4763923,-0.516357,-0.993286,-0.028320,-13.427738,-18.432617,-74.340820,sit_stand_sit
1769345798.4960575,-0.479614,-1.003052,0.001953,-14.038090,-37.780762,-90.881378,sit_stand_sit
1769345798.531137,-0.545166,-1.104004,-0.005859,-18.127441,-24.597176,-95.947296,sit_stand_sit
1769345798.5477743,-0.596069,-1.143066,-0.005371,-22.521980,15.319828,-89.965851,sit_stand_sit
1769345798.5565612,-0.489990,-1.198608,-0.034180,-28.259285,55.786148,-83.984375,sit_stand_sit
1769345798.5762312,-0.455444,-1.219360,-0.083984,-34.729004,93.139679,-80.627441,sit_stand_sit
1769345798.5961046,-0.407715,-1.224854,-0.160767,-36.804199,127.624542,-81.115723,sit_stand_sit
1769345798.6158466,-0.300415,-1.221191,-0.186890,-32.958984,136.230469,-77.087402,sit_stand_sit
1769345798.6345801,-0.248779,-1.191040,-0.157593,-16.418457,121.337921,-71.044922,sit_stand_sit
1769345798.656391,-0.245117,-1.206055,-0.113281,-6.408693,103.454620,-54.992691,sit_stand_sit
1769345798.6720371,-0.154053,-1.172485,-0.119873,4.028320,78.002930,-46.752945,sit_stand_sit
1769345798.6956186,-0.043945,-1.154663,-0.103516,10.681152,45.349136,-36.682129,sit_stand_sit
1769345798.7160668,-0.067749,-1.150757,-0.036499,10.192871,11.291508,-21.728516,sit_stand_sit
1769345798.7365425,-0.133789,-1.061401,-0.070068,5.493164,4.455566,-18.920898,sit_stand_sit
1769345798.756394,-0.064209,-0.996338,-0.173584,-4.028320,3.051759,-26.184090,sit_stand_sit
1769345798.7760806,-0.204102,-0.952515,-0.139526,-7.568361,23.803719,-11.169437,sit_stand_sit
1769345798.7961538,-0.200317,-0.877319,-0.173218,-11.352543,52.368179,-6.347658,sit_stand_sit
1769345798.8160663,-0.108643,-0.845825,-0.205078,-12.390141,65.917969,-17.761230,sit_stand_sit
1769345798.8360627,-0.055542,-0.909546,-0.216309,-14.099125,63.781754,-20.324707,sit_stand_sit
1769345798.8556905,0.006958,-0.916504,-0.244873,-20.385742,50.781265,-11.474613,sit_stand_sit
1769345798.8777692,0.049683,-0.833740,-0.255615,-15.075687,25.939949,-9.582520,sit_stand_sit
1769345798.896372,0.012817,-0.855713,-0.256592,-11.840824,-5.249023,-3.540040,sit_stand_sit
1769345798.9159594,-0.041992,-0.830322,-0.249390,-11.962894,-16.357422,-3.051759,sit_stand_sit
1769345798.934836,-0.058716,-0.795288,-0.228394,-11.535648,-19.348145,-0.366211,sit_stand_sit
1769345798.9572227,-0.055176,-0.770020,-0.213745,-11.047363,-18.920898,1.953125,sit_stand_sit
1769345798.9773736,-0.061157,-0.737305,-0.216919,-11.108402,-15.625004,4.699707,sit_stand_sit
1769345798.9961777,-0.075684,-0.696777,-0.218262,-8.789063,-10.375977,6.286623,sit_stand_sit
1769345799.017527,-0.089478,-0.713623,-0.187988,-8.239746,8.972168,1.098633,sit_stand_sit
1769345799.037094,0.032349,-0.705933,-0.191406,-11.230473,-8.789063,0.183106,sit_stand_sit
1769345799.056503,-0.054688,-0.720093,-0.170044,-6.408693,-13.366703,3.723145,sit_stand_sit
1769345799.0763748,-0.081665,-0.755859,-0.166260,-4.211426,-7.263186,-0.610352,sit_stand_sit
1769345799.0959992,-0.075317,-0.801758,-0.183960,-4.150391,-1.464844,-7.995607,sit_stand_sit
1769345799.1160743,-0.042236,-0.875610,-0.196045,-8.056641,-0.305176,-7.019045,sit_stand_sit
1769345799.1379483,-0.060059,-0.900513,-0.199585,-10.253906,1.098633,-7.812502,sit_stand_sit
1769345799.156383,-0.122803,-0.963623,-0.189575,-8.300781,5.981447,-12.817387,sit_stand_sit
1769345799.1760411,-0.136597,-1.006714,-0.180664,-7.080080,5.981447,-12.878422,sit_stand_sit
1769345799.195988,-0.149414,-1.017212,-0.178711,-6.958010,2.990724,-9.399414,sit_stand_sit
1769345799.213056,-0.162964,-1.008179,-0.191772,-6.347658,0.854492,-5.187988,sit_stand_sit
1769345799.2368457,-0.151245,-0.989624,-0.223145,-4.821777,2.319336,-1.770020,sit_stand_sit
1769345799.2563436,-0.139648,-0.981079,-0.249878,-1.953125,5.432129,1.892090,sit_stand_sit
1769345799.2784572,-0.140137,-1.000488,-0.263428,-0.366211,7.812502,5.249023,sit_stand_sit
1769345799.2963996,-0.105347,-0.982056,-0.269531,-1.708985,7.629396,11.779789,sit_stand_sit
1769345799.3161674,-0.090088,-0.958374,-0.282715,1.403809,9.216309,17.395020,sit_stand_sit
1769345799.33635,-0.021973,-0.949707,-0.310303,-1.586915,5.676271,17.822266,sit_stand_sit
1769345799.3559287,0.080078,-0.966431,-0.316284,-0.183106,-3.479005,22.216805,sit_stand_sit
1769345799.3712056,-0.112305,-0.856689,-0.347290,3.356935,-10.620117,4.821777,sit_stand_sit
1769345799.39627,-0.064331,-0.948242,-0.320679,2.624512,-1.159668,10.375977,sit_stand_sit
1769345799.4163198,-0.071167,-0.961914,-0.303467,0.732422,5.065918,9.399414,sit_stand_sit
1769345799.4370017,0.022095,-0.983887,-0.302856,-5.493164,-1.953125,8.544922,sit_stand_sit
1769345799.4561856,-0.045776,-0.955566,-0.308105,-8.056641,-8.056641,5.798342,sit_stand_sit
1769345799.475955,-0.051147,-0.955933,-0.316284,-9.277344,-1.647950,4.638672,sit_stand_sit
1769345799.4963067,-0.068359,-0.953857,-0.301514,-5.554201,4.150391,-0.183106,sit_stand_sit
1769345799.5161984,-0.075684,-0.969116,-0.300171,-4.699707,12.817387,-1.525879,sit_stand_sit
1769345799.5362794,-0.065430,-0.954956,-0.315186,-0.610352,18.493652,-6.469728,sit_stand_sit
1769345799.55627,-0.013062,-1.004761,-0.275879,2.380371,21.423340,-8.789063,sit_stand_sit
1769345799.5771403,0.014404,-0.990479,-0.263428,-5.737307,5.126953,-14.648441,sit_stand_sit
1769345799.5964007,-0.068115,-0.957153,-0.266479,-4.333496,3.417970,-9.765625,sit_stand_sit
1769345799.6183758,-0.038696,-0.950684,-0.269897,-2.014160,4.821777,-6.896975,sit_stand_sit
1769345799.6362522,-0.004395,-0.945068,-0.268677,-1.525879,-3.967286,-7.202150,sit_stand_sit
1769345799.6564858,-0.043091,-0.944458,-0.258423,-2.014160,-8.911133,-5.310059,sit_stand_sit
1769345799.6771321,-0.049683,-0.949341,-0.261108,-2.502441,-8.605957,-5.554201,sit_stand_sit
1769345799.6979442,-0.054932,-0.950073,-0.262329,-3.601075,-8.239746,-3.723145,sit_stand_sit
1769345799.716027,-0.080078,-0.931274,-0.271362,-2.685547,-5.737307,-3.784181,sit_stand_sit
1769345799.7364008,-0.084473,-0.943848,-0.272705,-0.366211,-4.394531,-5.554201,sit_stand_sit
1769345799.7567909,-0.079712,-0.965698,-0.271240,-0.976563,-6.713869,-4.638672,sit_stand_sit
1769345799.7763252,-0.092163,-0.966675,-0.273682,-1.220703,-8.666992,-3.479005,sit_stand_sit
1769345799.786265,-0.108521,-0.974976,-0.275513,-1.281738,-7.141115,-4.394531,sit_stand_sit
1769345799.816244,-0.098511,-0.968506,-0.285156,-2.624512,-1.770020,-3.356935,sit_stand_sit
1769345799.8360307,-0.057251,-0.953125,-0.297852,-2.624512,1.037598,-2.685547,sit_stand_sit
1769345799.8562071,-0.032104,-0.949097,-0.307129,-1.464844,-0.549316,-2.380371,sit_stand_sit
1769345799.8778737,-0.037842,-0.950684,-0.309570,-0.793457,-4.882813,-1.403809,sit_stand_sit
1769345799.897261,-0.042725,-0.944092,-0.311890,-0.366211,-8.544922,-0.671387,sit_stand_sit
1769345799.91642,-0.051514,-0.944336,-0.310669,0.854492,-10.498047,-1.098633,sit_stand_sit
1769345799.9391425,-0.063232,-0.957031,-0.306030,1.159668,-9.826660,-1.647950,sit_stand_sit
1769345799.953856,-0.067383,-0.932983,-0.301270,-0.305176,-7.568361,-0.915528,sit_stand_sit
1769345800.1362362,-0.072754,-0.906250,-0.298218,-0.061035,-6.713869,-0.488281,sit_stand_sit
1769345800.138461,-0.086304,-0.884033,-0.288696,0.427246,-4.760742,0.183106,sit_stand_sit
1769345800.138461,-0.106812,-0.864868,-0.271729,1.342773,-1.220703,1.464844,sit_stand_sit
1769345800.138461,-0.135498,-0.851074,-0.259644,2.258301,4.272461,2.502441,sit_stand_sit
1769345800.138461,-0.143555,-0.845947,-0.251465,4.089355,10.986328,3.234864,sit_stand_sit
1769345800.138461,-0.093018,-0.826538,-0.225952,4.760742,13.122562,5.187988,sit_stand_sit
1769345800.138461,-0.081665,-0.781128,-0.214600,3.540040,8.178711,7.446291,sit_stand_sit
1769345800.138461,-0.087646,-0.736206,-0.220825,3.417970,4.882813,8.666992,sit_stand_sit
1769345800.3436706,-0.086670,-0.728149,-0.227173,5.737307,5.004883,7.690432,sit_stand_sit
1769345800.3436706,-0.087524,-0.766113,-0.212524,7.141115,2.807618,6.347658,sit_stand_sit
1769345800.3436706,-0.082397,-0.796021,-0.194214,4.882813,-1.953125,8.666992,sit_stand_sit
1769345800.3436706,-0.070557,-0.778198,-0.192871,2.563477,-8.789063,14.282230,sit_stand_sit
1769345800.3436706,-0.103027,-0.780640,-0.203613,5.004883,-17.517090,19.592285,sit_stand_sit
1769345800.3436706,-0.122925,-0.788208,-0.221680,10.437012,-14.831547,20.263672,sit_stand_sit
1769345800.3456907,-0.076904,-0.855713,-0.232666,4.333496,-15.563969,29.785164,sit_stand_sit
1769345800.3456907,-0.068848,-0.844971,-0.222778,2.685547,-28.076180,28.259285,sit_stand_sit
1769345800.3456907,-0.139648,-0.878784,-0.187866,4.638672,-33.142090,23.803719,sit_stand_sit
1769345800.3462012,-0.139771,-0.905762,-0.189331,6.103518,-28.930672,19.653320,sit_stand_sit
1769345800.3462012,-0.145142,-0.977417,-0.223633,0.366211,-29.174812,20.812988,sit_stand_sit
1769345800.3533275,-0.187134,-0.993286,-0.232300,-1.159668,-23.498543,18.554688,sit_stand_sit
1769345800.3891897,-0.174316,-1.056030,-0.230225,-2.563477,-19.836426,28.442390,sit_stand_sit
1769345800.3961494,-0.168823,-1.044312,-0.233154,-7.751467,-25.512703,29.846199,sit_stand_sit
1769345800.415952,-0.207397,-1.021240,-0.214111,-6.530764,-25.512703,29.602058,sit_stand_sit
1769345800.4381266,-0.213379,-1.027832,-0.211304,-2.990724,-19.226074,29.541023,sit_stand_sit
1769345800.4542162,-0.178345,-1.025269,-0.238037,2.319336,-27.709969,31.616219,sit_stand_sit
1769345800.47541,-0.261841,-1.056274,-0.296387,6.835939,-9.704590,50.781265,sit_stand_sit
1769345800.4957297,-0.193115,-1.080566,-0.309448,5.920412,-23.315437,55.786148,sit_stand_sit
1769345800.5156121,-0.230469,-1.091431,-0.277710,7.812502,-41.137695,54.687515,sit_stand_sit
1769345800.5365918,-0.272095,-1.104248,-0.249634,10.559082,-51.574722,54.626480,sit_stand_sit
1769345800.5563347,-0.310303,-1.121948,-0.225830,10.437012,-57.128922,55.236832,sit_stand_sit
1769345800.577577,-0.353760,-1.112061,-0.209839,8.422852,-53.527847,54.565445,sit_stand_sit
1769345800.5945218,-0.391357,-1.076538,-0.204834,6.835939,-41.137695,49.377457,sit_stand_sit
1769345800.615464,-0.432861,-1.039917,-0.209229,5.065918,-19.042969,43.151855,sit_stand_sit
1769345800.6343632,-0.457886,-0.998291,-0.225830,2.319336,-4.272461,36.621094,sit_stand_sit
1769345800.6563046,-0.458740,-0.958252,-0.272583,1.281738,5.981447,31.005867,sit_stand_sit
1769345800.676347,-0.313477,-0.935669,-0.395874,1.708985,-9.948730,26.489265,sit_stand_sit
1769345800.6964288,-0.120361,-0.917603,-0.456909,7.446291,-77.026367,25.268562,sit_stand_sit
1769345800.7161126,-0.251587,-0.953369,-0.363403,10.070801,-148.925781,24.536140,sit_stand_sit
1769345800.7378192,-0.731323,-0.954468,-0.141235,0.244141,-156.372070,9.887695,sit_stand_sit
1769345800.757923,-0.835083,-0.935791,-0.089111,-4.455566,-106.140167,0.488281,sit_stand_sit
1769345800.7763226,-0.871826,-0.913208,-0.068237,-6.530764,-40.710449,-5.859377,sit_stand_sit
1769345800.7964458,-0.836426,-0.932007,-0.045410,-8.239746,26.367195,-9.155273,sit_stand_sit
1769345800.814167,-0.648071,-0.953247,-0.058594,-11.840824,66.833496,-11.291508,sit_stand_sit
1769345800.8285923,-0.545288,-0.900269,-0.067017,-17.211914,83.923340,-5.920412,sit_stand_sit
1769345800.8561323,-0.528809,-0.856201,-0.061890,-18.493652,91.796906,-5.798342,sit_stand_sit
1769345800.8724027,-0.448730,-0.831055,-0.086792,-18.127441,97.534210,-7.812502,sit_stand_sit
1769345800.8977737,-0.384644,-0.804565,-0.121094,-16.601563,95.947296,-9.094238,sit_stand_sit
1769345800.9164076,-0.381470,-0.787476,-0.156250,-13.427738,92.346222,-12.939457,sit_stand_sit
1769345800.9363291,-0.417114,-0.802734,-0.191895,-10.986328,91.491730,-17.883301,sit_stand_sit
1769345800.9563184,-0.401001,-0.822388,-0.234619,-8.850098,93.078644,-22.583015,sit_stand_sit
1769345800.9760244,-0.396973,-0.856079,-0.262329,-8.911133,99.121124,-28.869637,sit_stand_sit
1769345800.9960072,-0.383545,-0.888184,-0.284180,-10.314941,99.609406,-34.729004,sit_stand_sit
1769345801.01751,-0.255005,-0.866455,-0.303101,-11.291508,92.346222,-39.916992,sit_stand_sit
1769345801.0365517,-0.182983,-0.872437,-0.320801,-8.239746,75.988770,-42.175293,sit_stand_sit
1769345801.0576582,-0.175171,-0.884155,-0.330566,-3.601075,57.739273,-42.968750,sit_stand_sit
1769345801.0767667,-0.216919,-0.923218,-0.368530,-5.126953,46.569839,-40.893555,sit_stand_sit
1769345801.097526,-0.295044,-0.942505,-0.375732,-5.798342,37.292480,-38.085938,sit_stand_sit
1769345801.1163104,-0.312134,-0.947632,-0.367920,-3.051759,29.052742,-33.691406,sit_stand_sit
1769345801.1365433,-0.288208,-0.941772,-0.349243,2.075195,3.540040,-27.893074,sit_stand_sit
1769345801.1578443,-0.405151,-0.961060,-0.365601,4.333496,-3.784181,-14.404301,sit_stand_sit
1769345801.1764157,-0.397827,-0.934692,-0.413086,3.173829,-15.136723,-2.563477,sit_stand_sit
1769345801.1984224,-0.456055,-0.931519,-0.383301,-0.305176,-12.084965,10.620117,sit_stand_sit
1769345801.2162607,-0.434692,-0.905396,-0.379150,2.685547,4.028320,13.305668,sit_stand_sit
1769345801.2370348,-0.330200,-0.902466,-0.373657,3.784181,7.385256,16.906738,sit_stand_sit
1769345801.2563381,-0.328613,-0.866699,-0.346313,3.601075,9.826660,11.230473,sit_stand_sit
1769345801.276452,-0.290527,-0.868408,-0.306763,3.173829,16.296387,7.629396,sit_stand_sit
1769345801.2962787,-0.259155,-0.891357,-0.305908,2.075195,16.967773,4.699707,sit_stand_sit
1769345801.3175392,-0.235229,-0.912842,-0.319092,0.000000,14.404301,1.708985,sit_stand_sit
1769345801.3344896,-0.203247,-0.904663,-0.326294,-0.183106,12.573246,1.647950,sit_stand_sit
1769345801.3546438,-0.201904,-0.903564,-0.332520,1.525879,8.911133,1.281738,sit_stand_sit
1769345801.37593,-0.204834,-0.910889,-0.351929,3.051759,5.126953,-0.549316,sit_stand_sit
1769345801.3951807,-0.181030,-0.910522,-0.369385,3.479005,1.647950,-1.586915,sit_stand_sit
1769345801.4171517,-0.171631,-0.906250,-0.359863,3.173829,-7.202150,-3.417970,sit_stand_sit
1769345801.4262164,-0.203491,-0.910767,-0.338745,3.356935,-16.723633,-6.042482,sit_stand_sit
1769345801.4667864,-0.234619,-0.916748,-0.326050,2.624512,-20.507813,-7.995607,sit_stand_sit
1769345801.4899538,-0.256958,-0.915039,-0.320557,1.647950,-22.399910,-7.995607,sit_stand_sit
1769345801.5002775,-0.288452,-0.905273,-0.314941,0.915528,-17.639160,-6.408693,sit_stand_sit
1769345801.5141637,-0.286865,-0.906372,-0.317139,1.464844,-9.033203,-5.065918,sit_stand_sit
1769345801.5360746,-0.264893,-0.917358,-0.333374,1.831055,-2.685547,-2.990724,sit_stand_sit
1769345801.5562525,-0.267456,-0.910645,-0.336548,2.197266,2.380371,-1.159668,sit_stand_sit
1769345801.57606,-0.247192,-0.911011,-0.333130,2.929688,6.591799,-0.366211,sit_stand_sit
1769345801.5961733,-0.227905,-0.915649,-0.332886,2.685547,7.080080,0.488281,sit_stand_sit
1769345801.6140704,-0.220947,-0.924683,-0.328491,2.563477,5.615236,0.732422,sit_stand_sit
1769345801.6369426,-0.212280,-0.927612,-0.320679,1.831055,1.586915,-0.183106,sit_stand_sit
1769345801.656298,-0.223389,-0.912842,-0.309937,1.586915,-4.821777,-1.586915,sit_stand_sit
1769345801.677903,-0.236206,-0.925659,-0.306763,1.831055,-6.591799,-3.356935,sit_stand_sit
1769345801.6961544,-0.239502,-0.928833,-0.314819,1.342773,-8.178711,-3.601075,sit_stand_sit
1769345801.7163336,-0.253784,-0.916016,-0.322876,1.892090,-7.263186,-2.624512,sit_stand_sit
1769345801.7354963,-0.250244,-0.920044,-0.326660,2.685547,-8.361816,-1.586915,sit_stand_sit
1769345801.7561884,-0.260376,-0.915283,-0.328369,2.868653,-9.033203,-1.098633,sit_stand_sit
1769345801.7762308,-0.268677,-0.912476,-0.328369,2.929688,-7.202150,-1.586915,sit_stand_sit
1769345801.7962463,-0.273926,-0.907471,-0.328247,2.624512,-2.746582,-2.258301,sit_stand_sit
1769345801.8071547,-0.266235,-0.906738,-0.324707,2.685547,-0.610352,-2.502441,sit_stand_sit
1769345801.8339546,-0.258057,-0.905762,-0.324341,2.319336,-0.122070,-3.967286,sit_stand_sit
1769345801.8558104,-0.261353,-0.907104,-0.321411,3.173829,-0.183106,-4.150391,sit_stand_sit
1769345801.8757353,-0.254517,-0.898071,-0.322266,2.807618,-0.427246,-4.821777,sit_stand_sit
1769345801.8957272,-0.250854,-0.882935,-0.318848,3.356935,-4.333496,-5.554201,sit_stand_sit
1769345801.9105053,-0.231445,-0.872314,-0.317749,6.225588,-1.464844,-5.676271,sit_stand_sit
1769345801.935834,-0.212280,-0.861328,-0.328125,8.972168,-11.535648,-7.080080,sit_stand_sit
1769345801.954757,-0.228760,-0.879517,-0.325562,9.460449,-18.432617,-8.911133,sit_stand_sit
1769345801.9743512,-0.243286,-0.890503,-0.315918,7.263186,-27.709969,-13.244633,sit_stand_sit
1769345801.9959412,-0.291992,-0.890381,-0.297974,7.568361,-27.160652,-13.916019,sit_stand_sit
1769345802.0162225,-0.292358,-0.880493,-0.287354,5.798342,-26.123055,-17.456055,sit_stand_sit
1769345802.0361507,-0.300171,-0.904297,-0.271606,5.493164,-20.019531,-17.517090,sit_stand_sit
1769345802.0563052,-0.322754,-0.926514,-0.268799,9.216309,-7.080080,-16.174316,sit_stand_sit
1769345802.0764856,-0.296143,-0.956543,-0.273682,10.192871,-0.183106,-14.770512,sit_stand_sit
1769345802.0971444,-0.283325,-0.986206,-0.283691,12.329105,1.403809,-12.878422,sit_stand_sit
1769345802.1163452,-0.280518,-1.026855,-0.300903,14.526371,-0.549316,-13.916019,sit_stand_sit
1769345802.1384392,-0.285889,-1.087891,-0.313721,17.272949,0.488281,-16.052246,sit_stand_sit
1769345802.156378,-0.292358,-1.167969,-0.330322,18.127441,8.056641,-16.479492,sit_stand_sit
1769345802.1754992,-0.262695,-1.234375,-0.333374,18.005371,17.211914,-16.113281,sit_stand_sit
1769345802.1955044,-0.182739,-1.328979,-0.308716,23.925789,24.292000,-16.723633,sit_stand_sit
1769345802.2109509,-0.162476,-1.379517,-0.298340,26.855476,26.489265,-16.967773,sit_stand_sit
1769345802.235875,-0.142334,-1.388062,-0.277222,27.893074,32.531738,-15.563969,sit_stand_sit
1769345802.2561018,-0.112061,-1.317993,-0.274780,27.648933,39.428711,-14.648441,sit_stand_sit
1769345802.276292,-0.087158,-1.286621,-0.278809,30.456551,46.875015,-15.991215,sit_stand_sit
1769345802.2962644,0.014526,-1.287964,-0.245972,29.907234,47.058121,-15.014652,sit_stand_sit
1769345802.3165412,0.149658,-1.274292,-0.160278,26.489265,29.052742,-10.498047,sit_stand_sit
1769345802.3361108,0.164917,-1.250854,-0.127319,20.141602,8.300781,-13.488773,sit_stand_sit
1769345802.356301,0.116211,-1.163818,-0.127075,12.695316,-13.488773,-17.333984,sit_stand_sit
1769345802.3760707,0.038086,-1.102539,-0.127930,10.498047,-28.991707,-22.583015,sit_stand_sit
1769345802.3965185,-0.041748,-1.079224,-0.131226,6.958010,-31.921394,-28.198250,sit_stand_sit
1769345802.4148896,-0.097046,-1.037842,-0.140625,3.417970,-23.620613,-31.188972,sit_stand_sit
1769345802.4352143,-0.139282,-1.003174,-0.127930,2.380371,-7.629396,-32.897949,sit_stand_sit
1769345802.4562523,-0.161621,-0.941284,-0.120117,0.122070,21.606445,-31.127937,sit_stand_sit
1769345802.4771855,-0.138672,-0.869141,-0.140259,-0.183106,36.804199,-26.062019,sit_stand_sit
1769345802.4964721,-0.117188,-0.802368,-0.165894,1.037598,47.485367,-21.301270,sit_stand_sit
1769345802.5162716,-0.098267,-0.777710,-0.177246,3.295899,51.452652,-18.676758,sit_stand_sit
1769345802.537856,-0.079712,-0.773193,-0.181152,2.319336,48.706070,-15.808109,sit_stand_sit
1769345802.5561488,-0.048706,-0.762085,-0.176270,-0.183106,39.123535,-11.291508,sit_stand_sit
1769345802.5762413,0.003174,-0.745361,-0.150269,-2.441406,16.296387,-5.859377,sit_stand_sit
1769345802.5959845,0.023193,-0.731934,-0.141235,-5.187988,-0.305176,-4.394531,sit_stand_sit
1769345802.6169434,0.033203,-0.711792,-0.150879,-7.263186,-18.005371,-2.990724,sit_stand_sit
1769345802.6362345,-0.036621,-0.712891,-0.176758,-7.995607,-33.142090,-2.502441,sit_stand_sit
1769345802.6561089,-0.087646,-0.759155,-0.175293,-9.399414,-33.569336,0.122070,sit_stand_sit
1769345802.6774855,-0.070435,-0.732056,-0.187866,-11.657719,-35.095215,1.586915,sit_stand_sit
1769345802.696199,-0.081787,-0.718994,-0.176270,-15.380863,-36.315918,1.464844,sit_stand_sit
1769345802.717804,-0.097656,-0.715332,-0.167114,-14.160160,-31.005867,2.380371,sit_stand_sit
1769345802.7367744,-0.093506,-0.751953,-0.170288,-11.901859,-24.536140,1.342773,sit_stand_sit
1769345802.7574558,-0.107544,-0.796997,-0.182983,-11.169437,-17.822266,1.770020,sit_stand_sit
1769345802.779259,-0.139526,-0.855957,-0.190552,-10.498047,-8.239746,0.671387,sit_stand_sit
1769345802.7992783,-0.132080,-0.927612,-0.185425,-9.521484,2.380371,-3.662110,sit_stand_sit
1769345802.8176093,-0.101807,-0.992310,-0.177856,-10.742188,8.605957,-5.493164,sit_stand_sit
1769345802.8361487,-0.047974,-1.012573,-0.185181,-12.573246,7.507326,-3.234864,sit_stand_sit
1769345802.8576953,-0.028564,-1.008911,-0.190063,-11.108402,2.014160,-0.366211,sit_stand_sit
1769345802.8776617,-0.023071,-0.996338,-0.200684,-9.033203,-3.295899,1.281738,sit_stand_sit
1769345802.8963447,-0.020508,-0.965454,-0.213867,-6.469728,-5.737307,4.211426,sit_stand_sit
1769345802.9174848,-0.023315,-0.949463,-0.218750,-2.746582,-5.065918,6.958010,sit_stand_sit
1769345802.9363499,-0.030640,-0.945190,-0.219116,-0.854492,-1.220703,7.141115,sit_stand_sit
1769345802.956165,-0.015869,-0.944214,-0.217651,-0.122070,5.798342,10.437012,sit_stand_sit
1769345802.9781075,-0.001831,-0.949707,-0.218384,0.549316,10.437012,10.375977,sit_stand_sit
1769345802.9961436,0.008911,-0.978271,-0.213135,1.403809,13.183598,9.338379,sit_stand_sit
1769345803.0163538,0.020264,-0.993164,-0.217651,0.061035,12.390141,8.911133,sit_stand_sit
1769345803.0382102,0.026367,-0.988647,-0.218872,-0.610352,8.422852,7.385256,sit_stand_sit
1769345803.0561512,0.002319,-0.999146,-0.218994,0.366211,6.042482,5.371094,sit_stand_sit
1769345803.0790298,-0.003052,-1.015381,-0.221680,-0.183106,5.798342,3.417970,sit_stand_sit
1769345803.0964985,-0.007080,-0.995850,-0.210083,-0.305176,2.380371,2.868653,sit_stand_sit
1769345803.119107,-0.023560,-0.981934,-0.212524,-0.732422,1.647950,2.990724,sit_stand_sit
1769345803.1375074,-0.026855,-0.969604,-0.211548,0.854492,2.746582,3.234864,sit_stand_sit
1769345803.158261,-0.020142,-0.986084,-0.209473,1.708985,3.662110,2.075195,sit_stand_sit
1769345803.1773207,-0.030762,-0.993896,-0.217529,1.220703,3.723145,1.220703,sit_stand_sit
1769345803.1961112,-0.033936,-0.996338,-0.217407,0.610352,4.272461,0.915528,sit_stand_sit
1769345803.2062101,-0.018677,-0.989380,-0.210938,-0.061035,4.089355,0.671387,sit_stand_sit
1769345803.237959,-0.019775,-0.978027,-0.209106,0.793457,3.417970,0.488281,sit_stand_sit
1769345803.2563748,-0.017334,-0.976440,-0.214111,0.976563,3.540040,0.244141,sit_stand_sit
1769345803.2764282,-0.017456,-0.975952,-0.213257,1.281738,3.417970,-0.061035,sit_stand_sit
1769345803.2973793,-0.017456,-0.982788,-0.211426,1.586915,3.845216,0.061035,sit_stand_sit
1769345803.3176885,-0.010742,-0.989746,-0.214355,1.281738,4.272461,-0.122070,sit_stand_sit
1769345803.3371565,-0.002686,-0.978271,-0.221069,0.854492,2.319336,0.305176,sit_stand_sit
1769345803.3565502,0.005005,-0.978516,-0.225220,0.732422,-3.906251,0.244141,sit_stand_sit
1769345803.3760107,-0.003418,-0.980469,-0.236816,0.488281,-7.446291,-0.061035,sit_stand_sit
1769345803.3978138,0.005371,-0.976563,-0.231689,-0.061035,-11.901859,0.549316,sit_stand_sit
1769345803.4201267,0.017090,-0.972778,-0.222900,0.244141,-18.310547,1.281738,sit_stand_sit
1769345803.4377735,0.010254,-0.983643,-0.220703,1.220703,-24.169930,0.122070,sit_stand_sit
1769345803.4564083,-0.014404,-0.991333,-0.220825,1.647950,-25.939949,-0.854492,sit_stand_sit
1769345803.4764667,-0.046021,-0.988770,-0.225098,2.441406,-22.216805,-1.586915,sit_stand_sit
1769345803.4973538,-0.098022,-1.004639,-0.224487,2.746582,-7.080080,-5.371094,sit_stand_sit
1769345803.5178225,-0.095215,-0.994141,-0.222900,2.075195,5.615236,-6.713869,sit_stand_sit
1769345803.5363543,-0.092896,-0.987183,-0.227661,2.624512,15.991215,-7.873537,sit_stand_sit
1769345803.556345,-0.082397,-0.989014,-0.232910,3.051759,23.620613,-8.850098,sit_stand_sit
1769345803.5762076,-0.050171,-0.992188,-0.234497,3.112794,26.428230,-8.666992,sit_stand_sit
1769345803.596259,-0.031494,-0.989624,-0.239868,2.929688,23.620613,-8.117676,sit_stand_sit
1769345803.6162434,-0.032471,-0.989624,-0.262329,2.868653,17.333984,-7.568361,sit_stand_sit
1769345803.6382904,-0.034302,-0.978027,-0.259399,3.112794,11.779789,-4.882813,sit_stand_sit
1769345803.6563704,-0.046997,-0.977173,-0.252930,3.234864,8.117676,-2.563477,sit_stand_sit
1769345803.6762602,-0.053467,-0.946899,-0.263306,2.441406,9.216309,1.098633,sit_stand_sit
1769345803.696364,-0.088257,-0.947144,-0.267822,2.258301,13.183598,2.990724,sit_stand_sit
1769345803.7165253,-0.080078,-0.966064,-0.255371,-0.793457,19.287109,3.112794,sit_stand_sit
1769345803.7262168,-0.021606,-0.969238,-0.231079,-4.821777,19.165039,5.126953,sit_stand_sit
1769345803.7561479,0.054565,-0.962524,-0.195923,-9.582520,2.502441,7.141115,sit_stand_sit
1769345803.7776115,0.075806,-0.957153,-0.181885,-11.108402,-14.343266,6.896975,sit_stand_sit
1769345803.7961555,0.073608,-0.944580,-0.165649,-11.169437,-32.104492,5.798342,sit_stand_sit
1769345803.816499,0.042358,-0.939331,-0.150879,-10.131836,-46.020523,3.784181,sit_stand_sit
1769345803.8376489,-0.014282,-0.947266,-0.143433,-7.446291,-52.001968,1.281738,sit_stand_sit
1769345803.85797,-0.077271,-0.982422,-0.144775,-5.310059,-48.095718,-1.220703,sit_stand_sit
1769345803.8762765,-0.121216,-1.013184,-0.151489,-4.760742,-34.790039,-2.258301,sit_stand_sit
1769345803.8968565,-0.132202,-1.028564,-0.166016,-4.760742,-10.253906,-1.953125,sit_stand_sit
1769345803.9163654,-0.106201,-1.015503,-0.170654,-4.455566,0.915528,-1.220703,sit_stand_sit
1769345803.9385877,-0.080566,-0.990967,-0.176880,-3.173829,5.737307,0.305176,sit_stand_sit
1769345803.9578247,-0.067261,-0.972778,-0.192871,-0.671387,6.896975,1.770020,sit_stand_sit
1769345803.9785724,-0.071411,-0.962891,-0.208252,1.281738,6.835939,3.234864,sit_stand_sit
1769345803.9975123,-0.086548,-0.952881,-0.218384,2.075195,7.568361,4.333496,sit_stand_sit
1769345804.016373,-0.085693,-0.946167,-0.217407,1.464844,10.498047,4.943848,sit_stand_sit
1769345804.0362203,-0.073242,-0.959839,-0.212158,0.793457,10.742188,4.760742,sit_stand_sit
1769345804.0562184,-0.058472,-0.974854,-0.207642,-0.915528,8.117676,4.577637,sit_stand_sit
1769345804.0779982,-0.043091,-0.966919,-0.211304,-2.075195,2.563477,5.004883,sit_stand_sit
1769345804.0979147,-0.045166,-0.967773,-0.217651,-0.915528,-4.272461,4.455566,sit_stand_sit
1769345804.1163895,-0.054810,-0.961914,-0.220947,-0.549316,-9.094238,4.577637,sit_stand_sit
1769345804.1374013,-0.062012,-0.935303,-0.212158,0.671387,-10.009766,6.591799,sit_stand_sit
1769345804.1576624,-0.083130,-0.895386,-0.208984,2.868653,-2.929688,8.483887,sit_stand_sit
1769345804.1762667,-0.081421,-0.864014,-0.211304,3.540040,5.981447,10.131836,sit_stand_sit
1769345804.1967206,-0.063354,-0.828247,-0.209473,3.173829,13.793949,11.779789,sit_stand_sit
1769345804.2163405,-0.034790,-0.805298,-0.212158,2.746582,18.554688,12.084965,sit_stand_sit
1769345804.2375972,-0.007935,-0.798706,-0.218750,3.112794,18.920898,7.812502,sit_stand_sit
1769345804.255981,0.016846,-0.849854,-0.223755,0.976563,13.793949,7.263186,sit_stand_sit
1769345804.2776096,0.025635,-0.883667,-0.227295,-5.859377,-3.417970,2.929688,sit_stand_sit
1769345804.296017,0.009521,-0.938599,-0.235840,-7.263186,-11.718754,-1.586915,sit_stand_sit
1769345804.315993,0.027588,-1.002808,-0.244385,-10.498047,-20.812988,-2.197266,sit_stand_sit
1769345804.3363621,0.044189,-1.019409,-0.256836,-13.427738,-33.325195,-0.671387,sit_stand_sit
1769345804.3574383,0.024658,-1.002319,-0.268555,-14.038090,-46.508804,1.953125,sit_stand_sit
1769345804.3770034,-0.026978,-0.984131,-0.272949,-11.596684,-54.687515,5.310059,sit_stand_sit
1769345804.39751,-0.076538,-0.937866,-0.265015,-8.605957,-55.358902,10.925293,sit_stand_sit
1769345804.4161096,-0.141846,-0.882202,-0.250488,-0.305176,-40.405273,22.583015,sit_stand_sit
1769345804.4375818,-0.172974,-0.874512,-0.246216,2.990724,-24.475105,29.418953,sit_stand_sit
1769345804.4558764,-0.197876,-0.896606,-0.238281,-0.183106,-10.314941,39.001465,sit_stand_sit
1769345804.476057,-0.197998,-0.862549,-0.235107,-5.432129,-0.183106,42.236328,sit_stand_sit
1769345804.496256,-0.176758,-0.853149,-0.227905,-7.995607,1.708985,37.353516,sit_stand_sit
1769345804.5167274,-0.085815,-0.881592,-0.203491,-11.779789,-2.990724,31.494148,sit_stand_sit
1769345804.5372996,-0.038330,-0.879517,-0.180908,-16.418457,-28.137215,38.635254,sit_stand_sit
1769345804.5559433,-0.185303,-0.826050,-0.189697,-20.141602,-80.810547,40.161133,sit_stand_sit
1769345804.577683,-0.231567,-0.786255,-0.192017,-17.028809,-102.844269,41.992188,sit_stand_sit
1769345804.6145175,-0.274414,-0.802979,-0.172485,-14.587406,-114.990265,45.166031,sit_stand_sit
1769345804.6353898,-0.357056,-0.810181,-0.146851,-15.930180,-116.821320,51.452652,sit_stand_sit
1769345804.635894,-0.416260,-0.803711,-0.143188,-16.479492,-103.820831,57.189957,sit_stand_sit
1769345804.6563532,-0.429321,-0.872803,-0.142090,-17.700195,-88.989288,73.913574,sit_stand_sit
1769345804.6759017,-0.466309,-0.859741,-0.105713,-19.287109,-71.105957,69.946289,sit_stand_sit
1769345804.696001,-0.507568,-0.884644,-0.097778,-15.991215,-53.405777,61.096207,sit_stand_sit
1769345804.7170117,-0.496826,-0.955811,-0.149658,-14.587406,-29.907234,54.016129,sit_stand_sit
1769345804.737257,-0.462036,-1.005127,-0.177368,-14.587406,-7.934572,48.706070,sit_stand_sit
1769345804.7568755,-0.469604,-1.026733,-0.224365,-15.808109,1.342773,43.823242,sit_stand_sit
1769345804.7769141,-0.493286,-1.002075,-0.299805,-16.479492,0.854492,37.231445,sit_stand_sit
1769345804.7961066,-0.542969,-0.966309,-0.337524,-15.319828,-0.061035,31.066902,sit_stand_sit
1769345804.8160353,-0.560913,-0.917114,-0.318970,-9.826660,3.601075,20.324707,sit_stand_sit
1769345804.836415,-0.641602,-0.938843,-0.311523,-3.173829,11.840824,13.732914,sit_stand_sit
1769345804.8560102,-0.723389,-0.974854,-0.328979,3.784181,27.404793,3.479005,sit_stand_sit
1769345804.8761678,-0.731812,-1.016846,-0.366943,10.131836,52.307144,-7.019045,sit_stand_sit
1769345804.8962777,-0.639526,-1.024658,-0.489014,14.038090,66.223145,-14.770512,sit_stand_sit
1769345804.9165084,-0.415283,-1.014648,-0.680542,17.944336,36.560059,-15.686039,sit_stand_sit
1769345804.9374018,-0.568970,-0.939331,-0.487183,7.263186,-28.991707,-13.183598,sit_stand_sit
1769345804.9560332,-0.661987,-0.799438,-0.301514,-2.075195,-5.554201,-18.310547,sit_stand_sit
1769345804.976318,-0.622437,-0.751587,-0.184937,1.892090,31.921394,-22.521980,sit_stand_sit
1769345804.9960222,-0.616089,-0.790771,-0.155273,-0.122070,65.002441,-25.146492,sit_stand_sit
1769345805.017808,-0.550537,-0.802002,-0.173706,-4.333496,96.191437,-28.076180,sit_stand_sit
1769345805.0361009,-0.487427,-0.834473,-0.187378,-5.615236,117.858917,-32.714844,sit_stand_sit
1769345805.055883,-0.504395,-0.891724,-0.233154,-9.216309,129.089355,-37.109375,sit_stand_sit
1769345805.0781367,-0.441650,-0.909302,-0.344971,-16.906738,128.845215,-35.217285,sit_stand_sit
1769345805.0982447,-0.262573,-0.889404,-0.316040,-16.479492,110.473663,-31.311043,sit_stand_sit
1769345805.1161888,-0.090210,-0.848145,-0.312378,-6.713869,78.125000,-28.503426,sit_stand_sit
1769345805.1374612,-0.004272,-0.899780,-0.375000,4.760742,24.963387,-24.169930,sit_stand_sit
1769345805.1574497,-0.056152,-0.937622,-0.444824,10.070801,-24.719246,-19.897461,sit_stand_sit
1769345805.176305,-0.126099,-0.950684,-0.485229,13.122562,-65.002441,-19.470215,sit_stand_sit
1769345805.196379,-0.256470,-0.947754,-0.461426,8.728027,-80.993652,-12.573246,sit_stand_sit
1769345805.2171319,-0.546265,-0.933716,-0.418823,-3.051759,-58.166519,-8.483887,sit_stand_sit
1769345805.236939,-0.484863,-0.863403,-0.392090,-8.544922,-29.113777,-5.981447,sit_stand_sit
1769345805.256934,-0.389038,-0.807373,-0.377930,-5.004883,-18.615723,-5.187988,sit_stand_sit
1769345805.2770345,-0.475464,-0.843018,-0.337402,-0.976563,-4.028320,-3.051759,sit_stand_sit
1769345805.2956214,-0.448364,-0.869385,-0.317383,3.173829,11.535648,0.610352,sit_stand_sit
1769345805.3161242,-0.352905,-0.872070,-0.302368,2.929688,12.268070,5.371094,sit_stand_sit
1769345805.3373427,-0.386108,-0.863159,-0.282593,5.493164,5.310059,3.601075,sit_stand_sit
1769345805.356073,-0.407959,-0.877441,-0.295044,3.417970,7.019045,2.319336,sit_stand_sit
1769345805.3764255,-0.403320,-0.876953,-0.330444,0.488281,16.296387,1.708985,sit_stand_sit
1769345805.3967857,-0.352661,-0.874634,-0.358276,-2.136230,23.132332,1.159668,sit_stand_sit
1769345805.4178379,-0.312988,-0.863647,-0.384521,-2.929688,24.841316,2.441406,sit_stand_sit
1769345805.4374363,-0.287476,-0.868042,-0.407349,-1.586915,24.902351,2.990724,sit_stand_sit
1769345805.458289,-0.242188,-0.869751,-0.409790,0.488281,20.263672,2.929688,sit_stand_sit
1769345805.4779077,-0.230469,-0.879639,-0.386475,3.112794,8.850098,1.708985,sit_stand_sit
1769345805.496405,-0.234375,-0.879639,-0.368652,4.150391,1.403809,0.488281,sit_stand_sit
1769345805.517575,-0.267456,-0.881836,-0.357788,4.455566,-1.647950,-0.549316,sit_stand_sit
1769345805.5366015,-0.295654,-0.882080,-0.358887,4.699707,-0.671387,-1.586915,sit_stand_sit
1769345805.55726,-0.299927,-0.878906,-0.360352,4.699707,0.244141,-2.563477,sit_stand_sit
1769345805.5771706,-0.299316,-0.875610,-0.357056,5.249023,-0.488281,-2.624512,sit_stand_sit
1769345805.5966668,-0.306396,-0.874023,-0.360962,5.065918,0.915528,-0.915528,sit_stand_sit
1769345805.6161227,-0.299194,-0.877319,-0.356689,5.981447,-0.549316,-0.122070,sit_stand_sit
1769345805.637582,-0.309204,-0.880493,-0.352173,5.798342,-1.953125,0.061035,sit_stand_sit
1769345805.6563878,-0.303833,-0.869019,-0.348877,6.164553,-1.586915,0.183106,sit_stand_sit
1769345805.6762283,-0.298950,-0.872070,-0.348633,6.042482,-4.089355,-1.281738,sit_stand_sit
1769345805.6972606,-0.296143,-0.863037,-0.343750,5.065918,-5.004883,-3.723145,sit_stand_sit
1769345805.7173474,-0.281494,-0.850830,-0.349609,6.164553,-6.835939,-5.981447,sit_stand_sit
1769345805.7364802,-0.290527,-0.851074,-0.349243,6.591799,-11.169437,-8.666992,sit_stand_sit
1769345805.7591052,-0.299683,-0.861816,-0.345459,7.263186,-15.930180,-11.108402,sit_stand_sit
1769345805.7762463,-0.337524,-0.871582,-0.334961,6.774904,-19.958496,-14.343266,sit_stand_sit
1769345805.7980523,-0.355347,-0.873169,-0.316040,5.920412,-19.226074,-15.380863,sit_stand_sit
1769345805.816271,-0.404907,-0.861572,-0.308960,7.446291,-6.958010,-16.113281,sit_stand_sit
1769345805.8363862,-0.367798,-0.886353,-0.304688,7.507326,0.915528,-14.038090,sit_stand_sit
1769345805.8572538,-0.354126,-0.893555,-0.296509,8.911133,14.404301,-12.817387,sit_stand_sit
1769345805.8772795,-0.335938,-0.939087,-0.303101,7.690432,20.812988,-14.221195,sit_stand_sit
1769345805.89647,-0.352173,-0.942139,-0.302246,9.826660,28.076180,-12.756351,sit_stand_sit
1769345805.9161317,-0.327148,-0.963013,-0.298706,13.916019,37.841797,-10.498047,sit_stand_sit
1769345805.937216,-0.307129,-0.968262,-0.311523,15.258793,42.358398,-8.666992,sit_stand_sit
1769345805.956792,-0.298950,-0.952637,-0.338135,17.272949,47.180191,-6.042482,sit_stand_sit
1769345805.9789755,-0.242432,-0.934082,-0.353271,18.249512,47.241226,-8.483887,sit_stand_sit
1769345805.9974134,-0.178467,-0.907715,-0.337036,22.460945,39.001465,-14.221195,sit_stand_sit
1769345806.017337,-0.242432,-0.909546,-0.311646,21.667480,29.541023,-23.071297,sit_stand_sit
1769345806.036318,-0.305054,-0.935303,-0.286133,23.010262,37.780762,-32.775879,sit_stand_sit
1769345806.0562832,-0.265137,-1.050415,-0.292114,28.991707,51.086441,-37.109375,sit_stand_sit
1769345806.0760756,-0.186523,-1.187012,-0.319824,31.250008,51.696793,-42.724609,sit_stand_sit
1769345806.0964773,-0.158081,-1.322998,-0.384521,32.653809,39.123535,-44.982925,sit_stand_sit
1769345806.11673,-0.216919,-1.387451,-0.396729,30.029305,35.400391,-35.644531,sit_stand_sit
1769345806.1361823,-0.151001,-1.332886,-0.331421,26.855476,46.142593,-24.597176,sit_stand_sit
1769345806.1584065,-0.086914,-1.346191,-0.286011,29.907234,41.687012,-15.869144,sit_stand_sit
1769345806.1761332,-0.077515,-1.335938,-0.252808,30.334480,34.851074,0.610352,sit_stand_sit
1769345806.1973202,-0.006226,-1.281494,-0.234131,29.418953,28.442390,13.000492,sit_stand_sit
1769345806.2178907,0.145630,-1.184204,-0.282593,27.832039,20.019531,13.916019,sit_stand_sit
1769345806.23816,0.319336,-1.102661,-0.380737,29.846199,14.587406,2.197266,sit_stand_sit
1769345806.2582057,0.286133,-1.239990,-0.352783,37.048340,-41.870117,-9.460449,sit_stand_sit
1769345806.2768383,0.120361,-1.242188,-0.294922,20.568848,-88.073730,-10.070801,sit_stand_sit
1769345806.2963393,-0.033081,-1.084229,-0.260498,11.718754,-116.210968,-11.047363,sit_stand_sit
1769345806.3163204,-0.172485,-0.976807,-0.219238,9.460449,-113.769562,-20.935059,sit_stand_sit
1769345806.3381174,-0.258911,-0.971436,-0.186646,7.629396,-81.970215,-33.874512,sit_stand_sit
1769345806.3561056,-0.246460,-0.938110,-0.140015,0.122070,-32.409668,-34.545898,sit_stand_sit
1769345806.3760197,-0.159058,-0.840698,-0.104614,-2.380371,10.742188,-30.944832,sit_stand_sit
1769345806.3976767,-0.062622,-0.795776,-0.059326,-1.953125,55.603043,-23.437508,sit_stand_sit
1769345806.4164784,-0.032959,-0.791016,-0.043701,-3.112794,72.387695,-19.287109,sit_stand_sit
1769345806.4378097,0.004883,-0.801392,-0.042114,-5.004883,75.744629,-17.150879,sit_stand_sit
1769345806.4568973,0.035889,-0.820313,-0.055298,-7.263186,66.711426,-15.930180,sit_stand_sit
1769345806.4760916,0.052612,-0.827271,-0.072632,-9.460449,49.316422,-13.427738,sit_stand_sit
1769345806.4962053,0.046875,-0.828979,-0.095947,-10.192871,27.648933,-10.742188,sit_stand_sit
1769345806.5170195,0.001953,-0.821411,-0.127319,-10.864258,-2.380371,-5.676271,sit_stand_sit
1769345806.536611,-0.009644,-0.788818,-0.140381,-10.498047,-19.531250,-1.464844,sit_stand_sit
1769345806.5570655,-0.019287,-0.747437,-0.143677,-7.995607,-34.118652,0.976563,sit_stand_sit
1769345806.5779855,-0.037231,-0.752808,-0.137085,-5.249023,-45.959488,0.793457,sit_stand_sit
1769345806.597721,-0.069458,-0.760376,-0.141113,-5.554201,-51.330582,1.159668,sit_stand_sit
1769345806.6161935,-0.110962,-0.756958,-0.144165,-6.225588,-49.194351,2.197266,sit_stand_sit
1769345806.6362145,-0.141602,-0.772949,-0.143311,-6.591799,-39.733887,1.647950,sit_stand_sit
1769345806.656367,-0.139893,-0.807007,-0.139282,-8.972168,-21.911621,1.770020,sit_stand_sit
1769345806.676149,-0.119263,-0.829346,-0.142334,-9.399414,-12.512211,2.685547,sit_stand_sit
1769345806.6960995,-0.111938,-0.855591,-0.156250,-9.765625,-7.141115,3.540040,sit_stand_sit
1769345806.716408,-0.099854,-0.892944,-0.165527,-9.094238,-4.394531,4.577637,sit_stand_sit
1769345806.7373848,-0.086792,-0.926025,-0.167114,-7.629396,-2.929688,2.197266,sit_stand_sit
1769345806.7566116,-0.083252,-0.958984,-0.167236,-6.408693,-2.380371,1.464844,sit_stand_sit
1769345806.777441,-0.073975,-0.987305,-0.169800,-6.164553,-1.586915,2.990724,sit_stand_sit
1769345806.7992227,-0.053345,-1.009888,-0.170166,-4.272461,-0.122070,2.746582,sit_stand_sit
1769345806.8160496,-0.039063,-1.007446,-0.174683,-3.540040,1.464844,6.408693,sit_stand_sit
1769345806.837656,0.051025,-1.011108,-0.208984,-2.502441,1.525879,10.803223,sit_stand_sit
1769345806.8562732,-0.052246,-0.925537,-0.174683,-2.319336,-0.732422,-2.441406,sit_stand_sit
1769345806.877748,-0.034058,-0.992188,-0.189697,4.272461,14.648441,9.521484,sit_stand_sit
1769345806.8978298,0.057007,-1.011353,-0.215210,-0.122070,8.666992,6.774904,sit_stand_sit
1769345806.9176426,0.021851,-0.968140,-0.225220,0.366211,3.906251,9.460449,sit_stand_sit
1769345806.9373472,0.035889,-0.977661,-0.223389,2.075195,3.906251,7.202150,sit_stand_sit
1769345806.9562557,0.066528,-0.989990,-0.225952,1.281738,-1.586915,4.821777,sit_stand_sit
1769345806.97617,0.028076,-0.970825,-0.227539,0.976563,-5.798342,2.136230,sit_stand_sit
1769345806.9980254,0.012207,-0.977783,-0.223877,1.647950,-5.920412,0.305176,sit_stand_sit
1769345807.0164182,0.018921,-0.982544,-0.223389,0.061035,-6.225588,-0.610352,sit_stand_sit
1769345807.0379128,0.009277,-0.974854,-0.227295,-0.183106,-7.202150,-1.525879,sit_stand_sit
1769345807.0577536,-0.040527,-0.975342,-0.231445,1.098633,-1.647950,-3.540040,sit_stand_sit
1769345807.076331,-0.023926,-0.983032,-0.234985,1.831055,2.075195,-3.479005,sit_stand_sit
1769345807.1001215,-0.008423,-0.995728,-0.235229,0.000000,-3.723145,-4.272461,sit_stand_sit
1769345807.116863,-0.060547,-0.975586,-0.233154,-0.366211,-4.699707,-4.394531,sit_stand_sit
1769345807.1363978,-0.075195,-0.971558,-0.230103,1.770020,0.061035,-4.455566,sit_stand_sit
1769345807.1575494,-0.058838,-0.985352,-0.227295,1.159668,0.244141,-4.821777,sit_stand_sit
1769345807.176131,-0.073975,-0.972534,-0.229736,-1.037598,-2.014160,-1.770020,sit_stand_sit
1769345807.1961412,-0.075317,-0.967163,-0.226440,-0.732422,-1.403809,-1.708985,sit_stand_sit
1769345807.2176042,-0.062256,-0.978882,-0.221924,-0.549316,-2.441406,-1.953125,sit_stand_sit
1769345807.2374005,-0.060181,-0.984985,-0.218140,-1.525879,-4.882813,-1.037598,sit_stand_sit
1769345807.2593167,-0.068726,-0.976685,-0.213135,-1.464844,-5.920412,-1.098633,sit_stand_sit
1769345807.2787251,-0.067993,-0.983643,-0.205200,-0.610352,-4.943848,-1.098633,sit_stand_sit
1769345807.2990093,-0.060547,-0.990845,-0.201172,-0.976563,-4.272461,-0.244141,sit_stand_sit
1769345807.3167944,-0.055298,-0.974121,-0.200562,-0.732422,-4.455566,1.098633,sit_stand_sit
1769345807.3361516,-0.059814,-0.973022,-0.200439,0.244141,-3.173829,1.281738,sit_stand_sit
1769345807.3563251,-0.060059,-0.977051,-0.201294,0.976563,-0.854492,1.770020,sit_stand_sit
1769345807.3772242,-0.052124,-0.981079,-0.199341,1.281738,0.976563,1.953125,sit_stand_sit
1769345807.3971086,-0.050415,-0.980347,-0.203735,1.464844,1.892090,2.136230,sit_stand_sit
1769345807.4177938,-0.053223,-0.980957,-0.208740,1.708985,2.685547,2.380371,sit_stand_sit
1769345807.4361055,-0.051025,-0.985229,-0.210693,2.014160,3.356935,2.563477,sit_stand_sit
1769345807.4568307,-0.049316,-0.988403,-0.212646,1.708985,3.234864,2.929688,sit_stand_sit
1769345807.4772682,-0.048706,-0.985840,-0.215576,1.647950,3.173829,3.234864,sit_stand_sit
1769345807.4961348,-0.045654,-0.983398,-0.217773,1.403809,2.990724,3.295899,sit_stand_sit
1769345807.5164413,-0.038818,-0.977051,-0.214722,1.159668,2.197266,3.479005,sit_stand_sit
1769345807.536198,-0.035889,-0.972778,-0.211182,0.915528,1.342773,3.295899,sit_stand_sit
1769345807.557836,-0.040283,-0.972168,-0.213745,0.732422,1.586915,2.624512,sit_stand_sit
1769345807.576245,-0.032349,-0.952271,-0.206299,0.244141,1.953125,2.441406,sit_stand_sit
1769345807.596414,-0.033569,-0.943970,-0.198486,0.122070,1.953125,1.037598,sit_stand_sit
1769345807.6182323,-0.033569,-0.929932,-0.193604,-0.061035,2.929688,0.122070,sit_stand_sit
1769345807.6267996,-0.023682,-0.915527,-0.181885,-0.183106,3.417970,-0.610352,sit_stand_sit
1769345807.6573315,-0.025513,-0.895874,-0.178467,-0.244141,3.662110,-1.464844,sit_stand_sit
1769345807.683293,-0.038940,-0.880371,-0.176025,0.122070,4.943848,-2.868653,sit_stand_sit
1769345807.6962895,-0.038696,-0.877808,-0.171509,0.793457,7.263186,-5.187988,sit_stand_sit
1769345807.7177937,-0.018677,-0.858643,-0.166504,0.061035,6.958010,-6.469728,sit_stand_sit
1769345807.7410896,-0.020996,-0.837891,-0.174438,0.000000,5.065918,-6.958010,sit_stand_sit
1769345807.7623267,-0.020142,-0.805176,-0.184692,-0.549316,3.356935,-7.629396,sit_stand_sit
1769345807.7762887,-0.024170,-0.765991,-0.189087,-0.610352,1.098633,-7.690432,sit_stand_sit
1769345807.7962058,-0.034546,-0.747559,-0.185791,-0.183106,-0.183106,-8.789063,sit_stand_sit
1769345807.8162687,-0.048584,-0.750000,-0.181274,0.732422,1.464844,-10.437012,sit_stand_sit
1769345807.8376772,-0.070068,-0.794434,-0.198608,1.281738,8.666992,-12.878422,sit_stand_sit
1769345807.8559546,-0.072021,-0.826050,-0.207031,0.793457,13.610844,-12.695316,sit_stand_sit
1769345807.876278,-0.069214,-0.872314,-0.206299,0.366211,17.028809,-12.817387,sit_stand_sit
1769345807.8974547,-0.062866,-0.907593,-0.205444,-1.892090,19.226074,-11.901859,sit_stand_sit
1769345807.9172764,-0.036011,-0.916992,-0.199707,-4.272461,18.005371,-7.812502,sit_stand_sit
1769345807.9366949,-0.023193,-0.918701,-0.197998,-5.493164,14.465336,-3.417970,sit_stand_sit
1769345807.956169,-0.008423,-0.918091,-0.202759,-5.798342,10.559082,0.549316,sit_stand_sit
1769345807.9761894,-0.000610,-0.952148,-0.207520,-5.126953,3.845216,4.882813,sit_stand_sit
1769345807.9962358,-0.003052,-0.990112,-0.206177,-6.164553,0.366211,5.676271,sit_stand_sit
1769345808.0165312,-0.008057,-1.011353,-0.204712,-7.263186,-2.929688,7.568361,sit_stand_sit
1769345808.037518,-0.032104,-1.028442,-0.212769,-8.666992,-4.150391,7.446291,sit_stand_sit
1769345808.056671,-0.040649,-1.028320,-0.226563,-10.498047,-2.624512,8.300781,sit_stand_sit
1769345808.0763962,-0.017700,-1.014526,-0.228271,-11.718754,-3.112794,11.230473,sit_stand_sit
1769345808.0964847,0.030518,-0.983032,-0.232422,-10.070801,-7.263186,18.188477,sit_stand_sit
1769345808.116156,-0.102905,-1.057007,-0.211670,-4.882813,5.126953,19.470215,sit_stand_sit
1769345808.1364233,0.006836,-1.079590,-0.231689,-10.437012,3.723145,22.338875,sit_stand_sit
1769345808.1562395,-0.031494,-1.070679,-0.230591,-12.756351,2.258301,23.010262,sit_stand_sit
1769345808.1772294,-0.034546,-1.084717,-0.227783,-12.451176,5.737307,24.780281,sit_stand_sit
1769345808.1962276,-0.009766,-1.127075,-0.222168,-13.183598,4.821777,25.817879,sit_stand_sit
1769345808.2170348,-0.005249,-1.181030,-0.214111,-14.099125,-0.122070,26.000984,sit_stand_sit
1769345808.2373853,-0.025024,-1.221924,-0.228394,-18.188477,-2.136230,26.489265,sit_stand_sit
1769345808.256362,-0.028076,-1.206543,-0.240356,-19.653320,-3.479005,29.479988,sit_stand_sit
1769345808.2763264,-0.068115,-1.175659,-0.254761,-20.385742,-4.760742,31.188972,sit_stand_sit
1769345808.2964177,-0.083008,-1.121338,-0.276245,-21.545410,-0.366211,31.311043,sit_stand_sit
1769345808.3163943,-0.068237,-1.060547,-0.310791,-20.996094,5.371094,31.372078,sit_stand_sit
1769345808.3364031,-0.078979,-1.022827,-0.333618,-20.568848,7.934572,31.311043,sit_stand_sit
1769345808.3564446,-0.101929,-0.998535,-0.340332,-20.629883,7.568361,30.761726,sit_stand_sit
1769345808.3763926,-0.099854,-0.964600,-0.343628,-19.348145,5.920412,29.357918,sit_stand_sit
1769345808.3961143,-0.089111,-0.966675,-0.359619,-17.089844,-0.915528,27.221687,sit_stand_sit
1769345808.4165373,-0.096680,-0.964966,-0.388306,-15.136723,-10.498047,24.780281,sit_stand_sit
1769345808.4363432,-0.121216,-0.971191,-0.419678,-13.732914,-22.094727,24.169930,sit_stand_sit
1769345808.4562135,-0.153198,-0.968750,-0.435303,-13.732914,-33.142090,22.216805,sit_stand_sit
1769345808.476245,-0.176270,-0.952393,-0.435303,-13.916019,-42.663574,20.385742,sit_stand_sit
1769345808.4960456,-0.227417,-0.947388,-0.421265,-12.146000,-62.377945,18.615723,sit_stand_sit
1769345808.5162542,-0.322632,-0.931763,-0.402954,-11.413578,-61.340347,16.113281,sit_stand_sit
1769345808.536037,-0.340698,-0.911621,-0.395386,-10.253906,-53.283707,12.878422,sit_stand_sit
1769345808.5563946,-0.368530,-0.913208,-0.364868,-7.873537,-49.682632,10.192871,sit_stand_sit
1769345808.5773115,-0.423828,-0.904297,-0.352783,-8.789063,-34.423828,7.751467,sit_stand_sit
1769345808.5962732,-0.392944,-0.900879,-0.352295,-7.141115,-24.169930,7.934572,sit_stand_sit
1769345808.617347,-0.430542,-0.894897,-0.354858,-7.873537,-13.183598,7.751467,sit_stand_sit
1769345808.6393325,-0.361816,-0.868896,-0.362793,-9.704590,-4.394531,8.117676,sit_stand_sit
1769345808.656448,-0.375000,-0.861450,-0.357422,-8.544922,-4.394531,8.056641,sit_stand_sit
1769345808.6763232,-0.377197,-0.864502,-0.351929,-8.361816,-3.295899,6.774904,sit_stand_sit
1769345808.6964965,-0.369385,-0.869629,-0.349976,-7.995607,-0.732422,5.737307,sit_stand_sit
1769345808.7176394,-0.359619,-0.871094,-0.345947,-7.446291,2.136230,5.065918,sit_stand_sit
1769345808.7363715,-0.346436,-0.864502,-0.337646,-6.652834,2.929688,4.394531,sit_stand_sit
1769345808.7573023,-0.345093,-0.864014,-0.330322,-5.004883,2.502441,3.906251,sit_stand_sit
1769345808.776483,-0.342041,-0.868896,-0.329956,-3.723145,4.272461,3.601075,sit_stand_sit
1769345808.7960885,-0.328491,-0.873169,-0.337646,-2.807618,5.310059,4.211426,sit_stand_sit
1769345808.8164544,-0.316406,-0.873535,-0.348755,-2.502441,4.150391,4.455566,sit_stand_sit
1769345808.8365335,-0.311768,-0.876465,-0.360596,-2.136230,2.136230,4.577637,sit_stand_sit
1769345808.8574705,-0.317017,-0.869629,-0.376831,-2.502441,3.479005,5.249023,sit_stand_sit
1769345808.8762262,-0.303467,-0.861938,-0.383667,-2.075195,4.882813,4.272461,sit_stand_sit
1769345808.8964522,-0.288330,-0.868530,-0.376221,-1.159668,2.624512,2.441406,sit_stand_sit
1769345808.916432,-0.295288,-0.871948,-0.366455,-0.366211,0.122070,1.586915,sit_stand_sit
1769345808.9372582,-0.308472,-0.867554,-0.359009,1.098633,0.244141,1.159668,sit_stand_sit
1769345808.9573364,-0.303467,-0.869141,-0.352295,2.380371,0.732422,0.732422,sit_stand_sit
1769345808.9763772,-0.306030,-0.871582,-0.348999,3.479005,0.488281,0.732422,sit_stand_sit
1769345808.9970193,-0.317505,-0.874268,-0.350098,4.394531,2.197266,0.488281,sit_stand_sit
1769345809.0162854,-0.321167,-0.869751,-0.354736,4.577637,1.525879,0.000000,sit_stand_sit
1769345809.0359926,-0.337524,-0.881470,-0.345337,6.530764,4.821777,-0.122070,sit_stand_sit
1769345809.0564718,-0.314819,-0.876221,-0.353760,5.126953,1.220703,-2.197266,sit_stand_sit
1769345809.0775828,-0.342041,-0.875122,-0.355591,5.432129,-0.488281,-2.136230,sit_stand_sit
1769345809.0966802,-0.350464,-0.882202,-0.352539,5.310059,1.464844,-2.624512,sit_stand_sit
1769345809.1174722,-0.341431,-0.889771,-0.354004,4.333496,2.990724,-2.319336,sit_stand_sit
1769345809.1378853,-0.338745,-0.888672,-0.357300,3.295899,4.333496,-2.258301,sit_stand_sit
1769345809.1575098,-0.332520,-0.883545,-0.356079,2.807618,7.751467,-2.807618,sit_stand_sit
1769345809.1764183,-0.324341,-0.885132,-0.354980,3.051759,9.765625,-3.051759,sit_stand_sit
1769345809.1968887,-0.317871,-0.886475,-0.356201,3.479005,11.718754,-2.868653,sit_stand_sit
1769345809.2160213,-0.298828,-0.891235,-0.358887,4.150391,13.305668,-2.319336,sit_stand_sit
1769345809.2367542,-0.279297,-0.895996,-0.361694,4.760742,13.488773,-1.464844,sit_stand_sit
1769345809.257406,-0.269775,-0.897217,-0.360229,5.065918,11.901859,-0.793457,sit_stand_sit
1769345809.276775,-0.273560,-0.894287,-0.358521,4.394531,9.704590,-1.708985,sit_stand_sit
1769345809.296128,-0.253174,-0.898071,-0.352661,4.882813,7.568361,-2.563477,sit_stand_sit
1769345809.3160136,-0.258911,-0.900635,-0.345825,4.516602,2.380371,-3.234864,sit_stand_sit
1769345809.337034,-0.277466,-0.899536,-0.341064,3.417970,-1.037598,-5.249023,sit_stand_sit
1769345809.3588023,-0.280640,-0.889893,-0.336060,2.990724,-2.807618,-6.713869,sit_stand_sit
1769345809.3761692,-0.286865,-0.886841,-0.329834,3.234864,-4.333496,-7.812502,sit_stand_sit
1769345809.3962922,-0.296997,-0.884888,-0.331177,3.417970,-5.065918,-8.789063,sit_stand_sit
1769345809.416113,-0.295410,-0.881470,-0.329346,3.723145,-4.211426,-9.460449,sit_stand_sit
1769345809.438152,-0.299194,-0.883667,-0.332031,4.394531,-2.502441,-9.338379,sit_stand_sit
1769345809.4568646,-0.301147,-0.879517,-0.330811,4.882813,1.281738,-9.460449,sit_stand_sit
1769345809.4763238,-0.285400,-0.874023,-0.327881,5.737307,4.760742,-10.131836,sit_stand_sit
1769345809.4986014,-0.269409,-0.877563,-0.320923,7.263186,6.408693,-10.620117,sit_stand_sit
1769345809.5161593,-0.260742,-0.879883,-0.325928,8.483887,6.225588,-11.535648,sit_stand_sit
1769345809.5361896,-0.262817,-0.887451,-0.326050,10.192871,5.493164,-13.061527,sit_stand_sit
1769345809.5577347,-0.262573,-0.874878,-0.321411,9.826660,2.380371,-17.761230,sit_stand_sit
1769345809.5775843,-0.287598,-0.865845,-0.315674,9.521484,6.164553,-22.521980,sit_stand_sit
1769345809.5964463,-0.262573,-0.871216,-0.325806,15.930180,9.826660,-24.719246,sit_stand_sit
1769345809.6176763,-0.268677,-0.870239,-0.322144,10.803223,11.291508,-28.259285,sit_stand_sit
1769345809.637846,-0.261353,-0.876099,-0.326660,17.211914,14.404301,-27.893074,sit_stand_sit
1769345809.6559715,-0.246338,-0.914917,-0.325684,17.456055,15.625004,-26.916512,sit_stand_sit
1769345809.6760137,-0.246338,-0.879150,-0.332275,14.831547,14.526371,-29.235847,sit_stand_sit
1769345809.695945,-0.243408,-0.936523,-0.337158,18.737793,18.432617,-33.386230,sit_stand_sit
1769345809.7186496,-0.238037,-0.972900,-0.335938,13.427738,17.089844,-38.879395,sit_stand_sit
1769345809.7366264,-0.241333,-1.040649,-0.342529,15.686039,18.615723,-42.846680,sit_stand_sit
1769345809.7580564,-0.213623,-1.069336,-0.362305,15.014652,15.686039,-44.006348,sit_stand_sit
1769345809.7769473,-0.177490,-1.131714,-0.371948,28.747566,16.357422,-38.696289,sit_stand_sit
1769345809.7965293,-0.125732,-1.220215,-0.355713,28.625496,9.582520,-32.165527,sit_stand_sit
1769345809.8161614,-0.147583,-1.244019,-0.359863,33.874512,2.990724,-27.038582,sit_stand_sit
1769345809.8377836,-0.170410,-1.322021,-0.344482,40.893555,8.117676,-31.799324,sit_stand_sit
1769345809.8559668,-0.129761,-1.461426,-0.315796,43.151855,17.028809,-36.437988,sit_stand_sit
1769345809.8783798,-0.063599,-1.535767,-0.268066,32.592773,21.667480,-31.372078,sit_stand_sit
1769345809.8963635,0.004639,-1.457397,-0.216553,19.042969,19.958496,-18.005371,sit_stand_sit
1769345809.9192517,0.074097,-1.337524,-0.174561,13.916019,15.747074,-9.399414,sit_stand_sit
1769345809.9377491,0.215576,-1.235840,-0.137817,16.113281,1.831055,-6.164553,sit_stand_sit
1769345809.95897,0.163452,-1.203491,-0.135986,17.089844,-22.460945,-2.563477,sit_stand_sit
1769345809.976268,0.139893,-1.145874,-0.147217,16.845703,-31.433113,-4.028320,sit_stand_sit
1769345809.9976053,0.178223,-1.073120,-0.122437,18.554688,-43.823242,-8.544922,sit_stand_sit
1769345810.016276,0.117676,-1.024170,-0.109131,21.423340,-55.297867,-11.840824,sit_stand_sit
1769345810.036132,-0.003174,-0.974854,-0.114136,18.981934,-47.546402,-14.404301,sit_stand_sit
1769345810.0583518,-0.045654,-0.909912,-0.129639,17.089844,-23.315437,-17.395020,sit_stand_sit
1769345810.0774174,-0.037964,-0.891602,-0.122925,17.883301,16.479492,-23.376472,sit_stand_sit
1769345810.0965676,-0.008667,-0.911133,-0.108276,16.052246,34.240723,-25.817879,sit_stand_sit
1769345810.1187212,0.016479,-0.909546,-0.107178,12.023930,40.649414,-24.047859,sit_stand_sit
1769345810.136408,0.040527,-0.892212,-0.109009,8.300781,40.405273,-20.263672,sit_stand_sit
1769345810.156366,0.101685,-0.875000,-0.132690,6.774904,31.677254,-18.371582,sit_stand_sit
1769345810.1761358,0.140015,-0.880737,-0.165894,5.065918,12.512211,-18.554688,sit_stand_sit
1769345810.1964984,0.092285,-0.869263,-0.177368,-0.610352,-4.394531,-18.737793,sit_stand_sit
1769345810.2164185,0.029785,-0.830322,-0.180908,-10.192871,-14.099125,-20.324707,sit_stand_sit
1769345810.2372155,-0.035645,-0.816284,-0.160889,-7.324221,-5.371094,-7.568361,sit_stand_sit
1769345810.2560356,-0.044434,-0.809692,-0.139038,-11.169437,8.361816,-0.488281,sit_stand_sit
1769345810.2782128,0.011353,-0.750977,-0.142334,-13.488773,10.803223,-5.493164,sit_stand_sit
1769345810.2977512,0.027954,-0.745728,-0.127563,-12.817387,9.216309,-4.638672,sit_stand_sit
1769345810.316211,0.037964,-0.743652,-0.114258,-12.939457,5.493164,0.549316,sit_stand_sit
1769345810.3266356,0.046021,-0.723877,-0.110962,-13.427738,-0.610352,2.319336,sit_stand_sit
1769345810.3572848,0.036499,-0.709351,-0.104248,-11.901859,-10.437012,4.455566,sit_stand_sit
1769345810.3766592,0.009766,-0.726929,-0.103027,-11.291508,-14.160160,3.540040,sit_stand_sit
1769345810.3966303,-0.004639,-0.763550,-0.112427,-10.437012,-15.563969,1.281738,sit_stand_sit
1769345810.4161804,-0.028564,-0.822510,-0.115234,-10.314941,-14.465336,0.183106,sit_stand_sit
1769345810.436658,-0.051392,-0.872070,-0.118408,-11.108402,-9.277344,-1.159668,sit_stand_sit
1769345810.4563973,-0.056274,-0.923340,-0.122925,-11.779789,-4.089355,-2.807618,sit_stand_sit
1769345810.4777024,-0.048218,-0.987793,-0.136841,-13.488773,-0.183106,-2.136230,sit_stand_sit
1769345810.4963822,-0.025879,-1.006226,-0.143188,-12.817387,1.159668,0.854492,sit_stand_sit
1769345810.5162704,0.002808,-1.026733,-0.139526,-10.681152,0.000000,2.929688,sit_stand_sit
1769345810.5361683,0.008789,-1.034302,-0.140991,-8.972168,-0.915528,2.685547,sit_stand_sit
1769345810.5575583,0.019287,-1.003784,-0.154785,-7.629396,1.342773,4.211426,sit_stand_sit
1769345810.5780969,0.048340,-0.985840,-0.151001,-4.821777,3.479005,8.605957,sit_stand_sit
1769345810.5971022,0.064331,-0.997559,-0.143555,-4.028320,5.676271,10.314941,sit_stand_sit
1769345810.617353,0.181152,-0.977295,-0.166382,-10.375977,13.122562,13.549809,sit_stand_sit
1769345810.6362624,0.005005,-0.924561,-0.136108,3.540040,22.094727,-3.417970,sit_stand_sit
1769345810.6563005,0.199707,-1.018921,-0.159790,-0.732422,20.568848,-0.366211,sit_stand_sit
1769345810.6762624,0.160278,-0.984253,-0.158447,-3.784181,6.958010,2.502441,sit_stand_sit
1769345810.6962328,0.084106,-0.979248,-0.157837,-1.098633,5.737307,1.647950,sit_stand_sit
1769345810.7161808,0.137695,-1.006348,-0.160645,0.244141,7.568361,-2.014160,sit_stand_sit
1769345810.7365446,0.132324,-1.009888,-0.171265,1.342773,1.525879,-1.098633,sit_stand_sit
1769345810.7525942,0.095825,-0.996826,-0.183960,3.540040,1.220703,-0.610352,sit_stand_sit
1769345810.7762747,0.100952,-1.005737,-0.190552,4.821777,1.586915,3.356935,sit_stand_sit
1769345810.7963874,0.127686,-1.015259,-0.196045,3.723145,-3.540040,7.446291,sit_stand_sit
1769345810.8165998,0.069214,-0.968140,-0.193848,2.197266,-9.460449,5.249023,sit_stand_sit
1769345810.836363,0.027832,-0.967285,-0.186523,5.249023,-7.507326,0.610352,sit_stand_sit
1769345810.856322,0.039429,-1.010254,-0.182861,3.417970,-6.286623,-0.183106,sit_stand_sit
1769345810.877404,0.023071,-0.983643,-0.187256,-1.220703,-7.141115,1.770020,sit_stand_sit
1769345810.9159236,0.009521,-0.972900,-0.191162,-1.037598,-6.042482,-0.122070,sit_stand_sit
1769345810.925497,0.021606,-0.982910,-0.193726,-0.366211,-5.676271,-2.380371,sit_stand_sit
1769345810.9364457,0.029541,-0.988525,-0.195435,-0.244141,-7.568361,-1.525879,sit_stand_sit
1769345810.9561357,0.010132,-0.987915,-0.196533,-0.732422,-8.972168,-0.427246,sit_stand_sit
1769345810.9763992,0.003418,-0.975586,-0.194580,-0.671387,-7.263186,0.610352,sit_stand_sit
1769345810.9963622,0.004028,-0.967773,-0.194946,-0.305176,-2.868653,1.281738,sit_stand_sit
1769345811.0162277,0.012817,-0.969727,-0.200806,0.244141,-0.427246,2.075195,sit_stand_sit
1769345811.036042,0.021729,-0.988159,-0.195557,0.000000,-0.244141,2.136230,sit_stand_sit
1769345811.0562506,0.026123,-0.986816,-0.196167,-0.793457,-1.037598,2.197266,sit_stand_sit
1769345811.0761101,0.025146,-0.990845,-0.188232,-0.610352,-1.464844,2.319336,sit_stand_sit
1769345811.2995613,0.025757,-0.999878,-0.178223,-0.427246,-1.037598,2.258301,sit_stand_sit
1769345811.2995613,0.026978,-0.994019,-0.180054,-0.610352,-0.610352,3.417970,sit_stand_sit
1769345811.2995613,0.024170,-0.987671,-0.188599,0.183106,-0.427246,3.662110,sit_stand_sit
1769345811.3010826,0.020752,-0.988159,-0.189575,0.854492,0.366211,3.295899,sit_stand_sit
1769345811.3010826,0.022217,-0.991577,-0.188232,0.610352,1.403809,2.990724,sit_stand_sit
1769345811.3010826,0.024292,-0.987427,-0.190430,0.732422,1.892090,2.929688,sit_stand_sit
1769345811.3010826,0.022583,-0.984619,-0.190674,0.488281,2.380371,3.845216,sit_stand_sit
1769345811.3010826,0.020630,-0.977905,-0.189697,0.244141,2.929688,4.821777,sit_stand_sit
1769345811.3010826,0.023315,-0.981689,-0.189453,0.183106,3.601075,4.882813,sit_stand_sit
1769345811.3010826,0.028320,-0.990234,-0.191528,-0.732422,3.234864,4.760742,sit_stand_sit
1769345811.3010826,0.030640,-0.986084,-0.192871,-1.159668,2.563477,4.211426,sit_stand_sit
1769345811.3172996,0.034058,-0.992188,-0.192139,-1.647950,-0.122070,2.624512,sit_stand_sit
1769345811.3362572,0.025635,-0.996582,-0.185425,-2.258301,-0.610352,2.380371,sit_stand_sit
1769345811.362991,0.025391,-0.992798,-0.186157,-2.319336,-0.610352,2.502441,sit_stand_sit
1769345811.3760452,0.017944,-0.992554,-0.187378,-2.380371,-0.488281,2.258301,sit_stand_sit
1769345811.397301,0.013306,-0.980103,-0.194092,-2.136230,0.427246,2.441406,sit_stand_sit
1769345811.4181929,0.006104,-0.977295,-0.191406,-2.075195,1.647950,2.014160,sit_stand_sit
1769345811.4378083,0.008179,-0.970215,-0.191772,-2.746582,3.295899,1.708985,sit_stand_sit
1769345811.456731,0.010254,-0.949951,-0.193359,-2.990724,4.028320,2.380371,sit_stand_sit
1769345811.477882,-0.004639,-0.934692,-0.191528,-3.417970,4.943848,2.868653,sit_stand_sit
1769345811.4964254,-0.020996,-0.928467,-0.196289,-3.784181,8.056641,2.624512,sit_stand_sit
1769345811.5162978,-0.010620,-0.921143,-0.202881,-4.150391,11.047363,2.685547,sit_stand_sit
1769345811.537024,0.004639,-0.900879,-0.187744,-5.187988,9.033203,3.967286,sit_stand_sit
1769345811.5560532,-0.004517,-0.877197,-0.185181,-5.859377,7.568361,4.821777,sit_stand_sit
1769345811.5766537,0.004761,-0.849609,-0.184448,-6.164553,7.812502,5.432129,sit_stand_sit
1769345811.597917,0.021973,-0.806396,-0.183716,-6.286623,5.981447,7.568361,sit_stand_sit
1769345811.6164474,0.015869,-0.765747,-0.176880,-5.859377,2.014160,9.460449,sit_stand_sit
1769345811.6385448,0.009888,-0.743286,-0.161255,-4.821777,-0.610352,9.704590,sit_stand_sit
1769345811.6568012,0.000244,-0.749390,-0.145020,-3.295899,0.305176,7.080080,sit_stand_sit
1769345811.6760616,-0.008789,-0.796387,-0.138428,-3.356935,3.356935,4.455566,sit_stand_sit
1769345811.696845,-0.009155,-0.830200,-0.135376,-3.784181,5.187988,2.502441,sit_stand_sit
1769345811.7161722,-0.000244,-0.875122,-0.120117,-4.028320,3.967286,0.183106,sit_stand_sit
1769345811.7363713,0.011841,-0.891602,-0.127197,-5.004883,0.488281,-0.183106,sit_stand_sit
1769345811.7560415,0.008301,-0.886475,-0.149536,-4.455566,-3.234864,1.159668,sit_stand_sit
1769345811.776801,-0.027344,-0.876343,-0.164551,-1.159668,-4.150391,-1.708985,sit_stand_sit
1769345811.795997,-0.030518,-0.938965,-0.175903,-1.525879,-1.220703,1.159668,sit_stand_sit
1769345811.8164814,-0.045532,-0.942017,-0.188354,0.061035,3.051759,3.540040,sit_stand_sit
1769345811.8362007,-0.071533,-0.935669,-0.213867,-0.793457,11.291508,3.051759,sit_stand_sit
1769345811.8563142,-0.115601,-0.949341,-0.237183,0.305176,23.681648,1.831055,sit_stand_sit
1769345811.8760843,-0.107056,-1.002808,-0.239258,1.037598,35.400391,-1.525879,sit_stand_sit
1769345811.8961692,-0.030029,-1.064575,-0.230713,-3.173829,37.475586,4.028320,sit_stand_sit
1769345811.9163015,-0.005005,-1.026001,-0.227295,-4.150391,30.273445,8.361816,sit_stand_sit
1769345811.937644,0.020386,-0.993896,-0.230835,-2.929688,18.676758,14.099125,sit_stand_sit
1769345811.956757,0.040039,-0.976685,-0.232300,-2.441406,9.887695,18.554688,sit_stand_sit
1769345811.976089,0.047729,-0.983643,-0.225586,-2.319336,2.624512,22.033691,sit_stand_sit
1769345811.9962468,0.040039,-0.987183,-0.216553,-4.760742,-2.563477,24.780281,sit_stand_sit
1769345812.0174894,0.031982,-0.981201,-0.210571,-5.798342,-4.455566,27.954109,sit_stand_sit
1769345812.0361147,0.028931,-1.007568,-0.205444,-7.812502,-3.723145,25.268562,sit_stand_sit
1769345812.056006,0.045044,-1.066650,-0.201294,-12.390141,-10.498047,23.559578,sit_stand_sit
1769345812.0760117,0.031372,-1.101074,-0.194336,-14.038090,-14.709476,20.935059,sit_stand_sit
1769345812.0990176,0.027710,-1.140381,-0.196777,-14.648441,-20.141602,18.798828,sit_stand_sit
1769345812.1171696,-0.004150,-1.164307,-0.211914,-15.319828,-23.803719,18.859863,sit_stand_sit
1769345812.1376004,-0.054932,-1.183716,-0.239990,-14.892582,-23.620613,20.080566,sit_stand_sit
1769345812.1559849,-0.102417,-1.206787,-0.300049,-15.502934,-16.479492,20.874023,sit_stand_sit
1769345812.1668131,-0.094727,-1.219482,-0.373291,-18.493652,-10.620117,21.667480,sit_stand_sit
1769345812.1959932,0.029053,-1.149292,-0.482788,-20.385742,-32.897949,24.475105,sit_stand_sit
1769345812.216394,0.052612,-1.122314,-0.503906,-18.920898,-71.716309,28.198250,sit_stand_sit
1769345812.2385995,-0.111816,-1.087891,-0.455566,-23.376472,-91.247589,25.390633,sit_stand_sit
1769345812.2561321,-0.237671,-1.069092,-0.398804,-26.000984,-86.547852,16.845703,sit_stand_sit
1769345812.277187,-0.359863,-1.074463,-0.348755,-28.015144,-61.340347,7.812502,sit_stand_sit
1769345812.2980638,-0.367554,-1.070679,-0.333984,-28.259285,-28.198250,4.943848,sit_stand_sit
1769345812.3180828,-0.337402,-1.033691,-0.310425,-29.052742,19.348145,6.042482,sit_stand_sit
1769345812.3364084,-0.269043,-0.976196,-0.302612,-28.503426,36.376953,6.530764,sit_stand_sit
1769345812.3561354,-0.226929,-0.912964,-0.303101,-24.108894,40.527344,6.408693,sit_stand_sit
1769345812.3780854,-0.192139,-0.885498,-0.315674,-19.042969,34.301758,4.577637,sit_stand_sit
1769345812.3960278,-0.177734,-0.864258,-0.330933,-15.136723,21.423340,3.540040,sit_stand_sit
1769345812.4180915,-0.202148,-0.850708,-0.328003,-9.826660,13.610844,3.967286,sit_stand_sit
1769345812.4378324,-0.173950,-0.854126,-0.331299,-5.676271,6.591799,2.258301,sit_stand_sit
1769345812.4560921,-0.214966,-0.872925,-0.320435,-1.708985,-5.126953,0.244141,sit_stand_sit
1769345812.4761574,-0.208862,-0.878540,-0.339722,-2.685547,-9.277344,0.549316,sit_stand_sit
1769345812.4960868,-0.289063,-0.880737,-0.362183,-2.380371,-8.911133,3.906251,sit_stand_sit
1769345812.5164788,-0.277710,-0.876831,-0.387207,-4.821777,-11.413578,3.173829,sit_stand_sit
1769345812.5361462,-0.318848,-0.876587,-0.393433,-4.394531,-7.934572,6.835939,sit_stand_sit
1769345812.556723,-0.308716,-0.866333,-0.398804,-2.624512,-8.239746,5.493164,sit_stand_sit
1769345812.5771947,-0.341919,-0.885010,-0.389648,-0.427246,-1.525879,5.065918,sit_stand_sit
1769345812.5982656,-0.333740,-0.919189,-0.390137,0.305176,15.380863,6.347658,sit_stand_sit
1769345812.6176035,-0.318237,-0.932983,-0.398071,-0.732422,21.484375,6.408693,sit_stand_sit
1769345812.6364896,-0.292358,-0.927734,-0.391846,-2.258301,28.259285,7.934572,sit_stand_sit
1769345812.6576269,-0.241699,-0.921143,-0.380737,-3.295899,34.729004,10.375977,sit_stand_sit
1769345812.6769571,-0.208130,-0.923950,-0.379150,-5.249023,37.292480,12.084965,sit_stand_sit
1769345812.697075,-0.163696,-0.906006,-0.379150,-6.103518,35.400391,12.939457,sit_stand_sit
1769345812.7162957,-0.141113,-0.908813,-0.387817,-5.615236,26.306160,12.268070,sit_stand_sit
1769345812.7360108,-0.127808,-0.897827,-0.389282,-5.798342,17.150879,11.047363,sit_stand_sit
1769345812.7560563,-0.121094,-0.883057,-0.387451,-4.394531,6.286623,8.911133,sit_stand_sit
1769345812.777629,-0.128784,-0.880859,-0.377563,-2.319336,-4.760742,5.065918,sit_stand_sit
1769345812.7974439,-0.162476,-0.885742,-0.371094,-1.159668,-12.268070,0.793457,sit_stand_sit
1769345812.816324,-0.197632,-0.888916,-0.367676,-0.671387,-15.747074,-3.234864,sit_stand_sit
1769345812.8397353,-0.215332,-0.892700,-0.360474,-0.122070,-16.174316,-5.798342,sit_stand_sit
1769345812.8575888,-0.210083,-0.892700,-0.374023,0.244141,-19.897461,-7.263186,sit_stand_sit
1769345812.8764203,-0.246216,-0.902100,-0.383789,-0.610352,-18.981934,-5.004883,sit_stand_sit
1769345812.89652,-0.256592,-0.899536,-0.389526,-1.037598,-14.892582,-2.441406,sit_stand_sit
1769345812.9162123,-0.253540,-0.894897,-0.390869,-0.122070,-12.084965,-1.098633,sit_stand_sit
1769345812.9362264,-0.253662,-0.897461,-0.394287,0.427246,-9.582520,-0.366211,sit_stand_sit
1769345812.9569082,-0.251709,-0.894897,-0.396118,1.342773,-6.286623,1.037598,sit_stand_sit
1769345812.9760904,-0.249146,-0.890259,-0.399658,2.563477,-0.183106,2.502441,sit_stand_sit
1769345812.996272,-0.245972,-0.895874,-0.398315,2.807618,1.892090,1.708985,sit_stand_sit
1769345813.0174503,-0.226929,-0.883545,-0.395508,2.807618,1.708985,1.403809,sit_stand_sit
1769345813.0361688,-0.229980,-0.875732,-0.388550,3.295899,0.549316,1.892090,sit_stand_sit
1769345813.0562327,-0.229614,-0.866211,-0.381958,4.028320,-1.586915,0.915528,sit_stand_sit
1769345813.076261,-0.230469,-0.866211,-0.375000,3.906251,-6.286623,-1.220703,sit_stand_sit
1769345813.0976033,-0.254639,-0.859741,-0.367188,4.699707,-5.126953,-2.197266,sit_stand_sit
1769345813.1164153,-0.241333,-0.860718,-0.365112,5.676271,-5.187988,-5.432129,sit_stand_sit
1769345813.1377983,-0.245850,-0.854980,-0.359497,6.225588,-8.972168,-8.666992,sit_stand_sit
1769345813.1592157,-0.282593,-0.858032,-0.352295,7.690432,-6.164553,-10.253906,sit_stand_sit
1769345813.1760926,-0.253662,-0.854980,-0.358276,7.141115,-2.990724,-13.427738,sit_stand_sit
1769345813.1959794,-0.260742,-0.851929,-0.349731,10.925293,2.075195,-13.732914,sit_stand_sit
1769345813.2162812,-0.246582,-0.865112,-0.348755,14.648441,9.338379,-14.709476,sit_stand_sit
1769345813.2364519,-0.224731,-0.855713,-0.355835,15.869144,8.605957,-20.202637,sit_stand_sit
1769345813.256995,-0.211060,-0.884888,-0.354858,21.301270,14.831547,-22.705086,sit_stand_sit
1769345813.27669,-0.224243,-0.901123,-0.350220,25.634773,17.395020,-23.193367,sit_stand_sit
1769345813.286276,-0.209717,-0.920288,-0.344971,28.991707,22.949226,-22.644051,sit_stand_sit
1769345813.3166435,-0.191895,-0.939331,-0.337891,29.052742,19.042969,-26.489265,sit_stand_sit
1769345813.3365045,-0.248901,-0.981567,-0.333252,29.357918,20.935059,-36.254883,sit_stand_sit
1769345813.3564727,-0.216919,-1.076660,-0.364624,34.729004,33.325195,-42.846680,sit_stand_sit
1769345813.376696,-0.117188,-1.367554,-0.426025,39.123535,43.151855,-42.724609,sit_stand_sit
1769345813.396349,-0.007690,-1.441895,-0.436157,37.658691,33.142090,-35.461426,sit_stand_sit
1769345813.4164772,0.045410,-1.410889,-0.409790,37.414551,7.873537,-25.573738,sit_stand_sit
1769345813.4376054,0.028076,-1.356689,-0.357422,36.193848,-11.657719,-25.085457,sit_stand_sit
1769345813.4560475,0.029785,-1.321045,-0.317871,32.775879,-16.845703,-28.991707,sit_stand_sit
1769345813.4768405,0.007935,-1.264648,-0.305542,25.573738,-14.343266,-26.428230,sit_stand_sit
1769345813.496326,-0.015015,-1.216797,-0.299561,22.888191,-5.187988,-25.451668,sit_stand_sit
1769345813.5175455,0.086182,-1.256104,-0.257568,23.010262,2.319336,-28.381355,sit_stand_sit
1769345813.5365963,0.119141,-1.276489,-0.214355,18.676758,-3.723145,-21.972656,sit_stand_sit
1769345813.5562549,0.047363,-1.239868,-0.198242,13.488773,-7.812502,-15.441898,sit_stand_sit
1769345813.5784886,-0.021362,-1.179077,-0.201782,7.263186,-0.671387,-15.808109,sit_stand_sit
1769345813.5964093,0.074341,-1.078247,-0.205566,10.803223,-5.432129,-17.700195,sit_stand_sit
1769345813.6171665,0.024536,-1.057861,-0.157837,15.686039,-16.296387,-15.502934,sit_stand_sit
1769345813.6368172,-0.060913,-1.012939,-0.117554,16.296387,-8.544922,-10.681152,sit_stand_sit
1769345813.6590502,-0.055176,-0.975586,-0.102173,16.357422,4.821777,-8.178711,sit_stand_sit
1769345813.6764412,-0.026367,-0.943970,-0.098267,15.258793,16.418457,-6.835939,sit_stand_sit
1769345813.6963632,0.011353,-0.893066,-0.104736,12.573246,18.432617,-4.699707,sit_stand_sit
1769345813.716289,0.045898,-0.826050,-0.098999,10.009766,9.094238,-1.159668,sit_stand_sit
1769345813.7371535,0.047607,-0.785767,-0.078735,9.033203,-3.723145,0.000000,sit_stand_sit
1769345813.7579167,0.020874,-0.766357,-0.071411,7.690432,-14.282230,-0.671387,sit_stand_sit
1769345813.7763557,-0.003418,-0.756592,-0.068848,5.554201,-21.850586,0.976563,sit_stand_sit
1769345813.7974596,-0.009766,-0.762939,-0.071533,4.272461,-21.362305,1.159668,sit_stand_sit
1769345813.8180242,-0.026001,-0.765381,-0.072510,0.976563,-15.136723,-4.821777,sit_stand_sit
1769345813.8391647,0.046509,-0.738770,-0.125122,-5.554201,-20.751953,-17.517090,sit_stand_sit
1769345813.8563907,-0.018555,-0.752441,-0.113281,0.244141,-17.517090,8.178711,sit_stand_sit
1769345813.8764362,-0.007813,-0.722534,-0.125610,-4.333496,-9.277344,8.361816,sit_stand_sit
1769345813.8963053,0.093994,-0.692261,-0.158447,-0.854492,-15.808109,-3.295899,sit_stand_sit
1769345813.9177737,0.088745,-0.779053,-0.166504,1.770020,-31.250008,-3.967286,sit_stand_sit
1769345813.937238,0.056763,-0.818481,-0.152710,0.732422,-35.278320,-5.432129,sit_stand_sit
1769345813.9570913,0.015503,-0.858521,-0.119507,0.854492,-31.555183,-8.117676,sit_stand_sit
1769345813.9761999,0.018433,-0.916748,-0.090210,0.244141,-24.292000,-9.460449,sit_stand_sit
1769345813.9959924,-0.008057,-0.933594,-0.080933,-3.417970,-13.183598,-7.080080,sit_stand_sit
1769345814.016164,-0.039673,-0.899658,-0.084961,-4.211426,4.760742,-7.080080,sit_stand_sit
1769345814.0371606,0.005005,-0.920776,-0.092163,-0.305176,28.747566,-9.277344,sit_stand_sit
1769345814.0563474,0.008057,-0.935547,-0.106323,-0.244141,36.071777,-8.117676,sit_stand_sit
1769345814.0760832,0.002319,-0.939819,-0.120117,-0.549316,39.001465,-7.080080,sit_stand_sit
1769345814.099124,0.004761,-0.952148,-0.135376,-0.305176,39.123535,-7.202150,sit_stand_sit
1769345814.116394,-0.009155,-0.968994,-0.145996,0.000000,37.414551,-7.995607,sit_stand_sit
1769345814.1375031,-0.010254,-0.998169,-0.158813,0.244141,34.667969,-7.080080,sit_stand_sit
1769345814.1588583,-0.003540,-1.028320,-0.154907,-0.854492,29.785164,-3.417970,sit_stand_sit
1769345814.1761036,0.004150,-1.011597,-0.165283,-4.577637,20.324707,0.610352,sit_stand_sit
1769345814.1961,-0.003418,-0.987549,-0.178101,-5.310059,13.549809,2.136230,sit_stand_sit
1769345814.2178488,-0.012695,-0.976318,-0.200195,-6.958010,9.826660,4.943848,sit_stand_sit
1769345814.2374077,-0.003174,-0.969482,-0.201294,-8.605957,6.164553,6.591799,sit_stand_sit
1769345814.2758048,0.054688,-0.999878,-0.154907,-8.178711,-4.150391,5.981447,sit_stand_sit
1769345814.2880743,0.085693,-1.029297,-0.125732,-10.925293,-18.127441,5.676271,sit_stand_sit
1769345814.2988985,0.038452,-1.012329,-0.123047,-13.854984,-31.677254,9.826660,sit_stand_sit
1769345814.3164423,0.027222,-1.004517,-0.097290,-13.183598,-28.076180,10.253906,sit_stand_sit
1769345814.3360856,0.055420,-1.003906,-0.092896,-9.765625,-22.766121,10.742188,sit_stand_sit
1769345814.356401,0.048218,-1.008667,-0.097778,-8.666992,-13.000492,13.000492,sit_stand_sit
1769345814.376354,0.179077,-1.021851,-0.092773,-6.286623,-5.920412,16.967773,sit_stand_sit
1769345814.3978636,0.010376,-0.943481,-0.151855,2.319336,-4.272461,3.295899,sit_stand_sit
1769345814.417086,0.121826,-1.021362,-0.146851,-0.427246,7.385256,7.202150,sit_stand_sit
1769345814.4367645,0.141235,-0.975342,-0.171509,-0.061035,4.882813,5.065918,sit_stand_sit
1769345814.456608,0.141235,-0.987427,-0.169800,1.770020,2.441406,2.990724,sit_stand_sit
1769345814.4787304,0.170044,-1.004639,-0.190308,1.159668,-3.112794,3.356935,sit_stand_sit
1769345814.4977136,0.133911,-0.981567,-0.196533,-1.037598,-13.488773,0.671387,sit_stand_sit
1769345814.5161734,0.042603,-0.961060,-0.185059,2.685547,-13.427738,-3.906251,sit_stand_sit
1769345814.537935,0.031860,-0.990723,-0.181519,1.892090,-15.258793,-5.554201,sit_stand_sit
1769345814.5571165,0.001343,-0.990723,-0.181030,0.732422,-18.310547,-6.103518,sit_stand_sit
1769345814.576271,-0.044434,-0.994263,-0.168823,0.793457,-14.526371,-6.347658,sit_stand_sit
1769345814.589098,-0.034302,-0.992554,-0.162231,0.732422,-10.375977,-6.164553,sit_stand_sit
1769345814.6161113,-0.038940,-0.991577,-0.169800,0.671387,-7.995607,-4.150391,sit_stand_sit
1769345814.637326,-0.034302,-0.986816,-0.178223,-0.061035,-7.202150,-1.831055,sit_stand_sit
1769345814.6580944,-0.019897,-0.983276,-0.183960,0.366211,-8.850098,-0.061035,sit_stand_sit
1769345814.6763275,-0.019287,-0.983032,-0.188354,0.427246,-10.375977,0.732422,sit_stand_sit
1769345814.6971455,-0.030518,-0.985352,-0.190430,-0.915528,-6.225588,2.624512,sit_stand_sit
1769345814.716054,-0.023438,-0.979858,-0.187622,-1.586915,-0.305176,3.845216,sit_stand_sit
1769345814.7366343,-0.000732,-0.978516,-0.185547,-1.892090,5.065918,4.699707,sit_stand_sit
1769345814.7559874,0.022949,-0.984009,-0.187744,-1.770020,6.774904,4.943848,sit_stand_sit
1769345814.7762792,0.031738,-0.991943,-0.185669,-2.075195,6.286623,4.516602,sit_stand_sit
1769345814.7972822,0.040039,-0.988403,-0.181519,-2.258301,4.821777,4.089355,sit_stand_sit
1769345814.8180237,0.033203,-0.987915,-0.175415,-2.075195,2.990724,3.295899,sit_stand_sit
1769345814.8363748,0.031006,-0.990967,-0.164429,-1.708985,0.854492,2.380371,sit_stand_sit
1769345814.857953,0.023193,-0.987305,-0.162964,-1.220703,-0.610352,2.136230,sit_stand_sit
1769345814.875986,0.016235,-0.982178,-0.166138,-0.976563,-1.159668,2.380371,sit_stand_sit
1769345814.896414,0.010376,-0.987183,-0.163574,-0.610352,-1.831055,1.831055,sit_stand_sit
1769345814.9175074,-0.002197,-0.988281,-0.175293,-0.610352,-1.159668,1.281738,sit_stand_sit
1769345814.9375832,0.003784,-0.983521,-0.181763,-0.366211,-0.671387,1.403809,sit_stand_sit
1769345814.9572308,0.000244,-0.989258,-0.186768,-0.610352,-2.746582,0.915528,sit_stand_sit
1769345814.9784043,-0.011719,-0.984009,-0.190674,-0.732422,-2.929688,1.647950,sit_stand_sit
1769345814.9960978,-0.014160,-0.987671,-0.184204,-1.098633,-1.525879,1.586915,sit_stand_sit
1769345815.0163343,-0.010986,-0.987061,-0.187500,-1.586915,-0.366211,1.953125,sit_stand_sit
1769345815.0362885,-0.011475,-0.976563,-0.191895,-1.708985,-0.671387,2.380371,sit_stand_sit
1769345815.0568814,-0.017212,-0.972290,-0.190674,-1.770020,-0.671387,2.441406,sit_stand_sit
1769345815.0772278,-0.021729,-0.965942,-0.187500,-1.831055,0.244141,2.441406,sit_stand_sit
1769345815.0962915,-0.011108,-0.954102,-0.181274,-2.502441,1.464844,2.624512,sit_stand_sit
1769345815.116096,-0.010498,-0.935913,-0.176025,-2.624512,1.098633,2.807618,sit_stand_sit
1769345815.137968,-0.001709,-0.922852,-0.170288,-2.563477,0.915528,2.685547,sit_stand_sit
1769345815.156126,-0.003174,-0.907349,-0.169556,-2.563477,0.183106,3.051759,sit_stand_sit
1769345815.1763132,-0.011230,-0.891113,-0.167847,-2.380371,0.793457,2.380371,sit_stand_sit
1769345815.1975842,-0.011841,-0.874268,-0.176147,-1.892090,2.441406,1.342773,sit_stand_sit
1769345815.2164302,0.000366,-0.853149,-0.172241,-2.197266,1.281738,0.732422,sit_stand_sit
1769345815.2378025,-0.001221,-0.825195,-0.165161,-3.295899,0.000000,0.732422,sit_stand_sit
1769345815.257121,-0.011353,-0.815918,-0.156372,-3.234864,0.671387,0.000000,sit_stand_sit
1769345815.2777042,-0.014160,-0.827148,-0.148560,-3.112794,2.197266,-1.647950,sit_stand_sit
1769345815.2968144,-0.013916,-0.843262,-0.150757,-4.394531,4.394531,-3.173829,sit_stand_sit
1769345815.316258,-0.001465,-0.847168,-0.154541,-5.065918,6.591799,-3.417970,sit_stand_sit
1769345815.336438,0.007935,-0.853760,-0.149658,-4.333496,6.042482,-3.967286,sit_stand_sit
1769345815.3561952,0.012573,-0.872681,-0.149658,-3.051759,0.183106,-5.065918,sit_stand_sit
1769345815.3797417,-0.002808,-0.872559,-0.164795,-2.136230,-2.258301,-3.784181,sit_stand_sit
1769345815.39789,-0.019531,-0.878540,-0.180664,-1.098633,-0.793457,-3.173829,sit_stand_sit
1769345815.416676,-0.017334,-0.907471,-0.187256,0.366211,2.624512,-4.089355,sit_stand_sit
1769345815.4364393,-0.009399,-0.947998,-0.170166,0.244141,3.906251,-4.333496,sit_stand_sit
1769345815.4584002,-0.010132,-0.964722,-0.168335,-1.708985,6.103518,-2.319336,sit_stand_sit
1769345815.4766443,-0.007568,-0.956299,-0.182617,-2.929688,9.826660,-0.183106,sit_stand_sit
1769345815.4962335,0.017456,-0.993042,-0.191162,-1.525879,10.070801,-1.831055,sit_stand_sit
1769345815.5163305,0.033325,-1.025757,-0.187378,-1.464844,5.065918,-1.831055,sit_stand_sit
1769345815.5372727,0.040527,-1.029175,-0.189819,-1.953125,-1.770020,0.244141,sit_stand_sit
1769345815.5565047,0.031128,-1.004028,-0.194336,-1.770020,-5.554201,3.417970,sit_stand_sit
1769345815.576848,0.016357,-0.986084,-0.198975,0.122070,-5.371094,4.516602,sit_stand_sit
1769345815.5979424,0.010498,-0.992188,-0.195190,2.441406,-2.502441,4.699707,sit_stand_sit
1769345815.6169317,0.014893,-0.981812,-0.198853,2.563477,3.601075,8.850098,sit_stand_sit
1769345815.637637,0.002563,-0.969116,-0.199585,2.197266,8.972168,11.413578,sit_stand_sit
1769345815.6564002,0.008789,-0.979126,-0.209351,3.967286,15.625004,13.732914,sit_stand_sit
1769345815.6773674,-0.003662,-1.011597,-0.202515,2.563477,23.742683,11.840824,sit_stand_sit
1769345815.6961513,0.052979,-1.043823,-0.201294,-3.112794,20.690918,14.953617,sit_stand_sit
1769345815.7174156,0.030029,-1.032959,-0.193970,-7.446291,13.732914,15.441898,sit_stand_sit
1769345815.7283251,0.006226,-1.042725,-0.190918,-8.544922,8.605957,13.916019,sit_stand_sit
1769345815.7567906,0.008667,-1.094971,-0.183105,-10.681152,-2.868653,13.671879,sit_stand_sit
1769345815.7773538,-0.085083,-1.147583,-0.215698,-18.859863,-4.211426,19.226074,sit_stand_sit
1769345815.7988498,-0.095215,-1.133545,-0.243408,-28.137215,6.652834,24.658211,sit_stand_sit
1769345815.8182027,-0.048462,-1.120605,-0.274658,-29.296883,5.432129,31.311043,sit_stand_sit
1769345815.8370903,-0.066895,-1.134766,-0.287598,-30.883797,0.854492,35.278320,sit_stand_sit
1769345815.8562677,-0.036865,-1.104858,-0.318115,-30.578621,-11.962894,38.146973,sit_stand_sit
1769345815.8773077,-0.111206,-1.067383,-0.372437,-29.663094,-24.230965,39.672852,sit_stand_sit
1769345815.8975015,-0.107178,-1.015991,-0.388306,-26.977547,-28.503426,40.039063,sit_stand_sit
1769345815.9162922,-0.176758,-1.023438,-0.400024,-28.869637,-26.733406,39.672852,sit_stand_sit
1769345815.9366145,-0.166748,-0.980347,-0.394531,-35.705566,-22.399910,32.043457,sit_stand_sit
1769345815.9580116,-0.153564,-0.992432,-0.373657,-28.747566,-20.019531,30.578621,sit_stand_sit
1769345815.977472,-0.174072,-1.033203,-0.356079,-27.038582,-23.620613,25.817879,sit_stand_sit
1769345815.99756,-0.223511,-1.099121,-0.358765,-26.977547,-24.841316,22.827156,sit_stand_sit
1769345816.0179906,-0.244019,-1.050659,-0.333130,-26.367195,-13.488773,21.484375,sit_stand_sit
1769345816.0362499,-0.365356,-1.067871,-0.340210,-23.010262,-9.826660,20.507813,sit_stand_sit
1769345816.0565827,-0.387573,-1.009644,-0.331299,-27.099617,12.573246,15.747074,sit_stand_sit
1769345816.0766468,-0.303223,-0.917114,-0.337646,-19.226074,14.953617,18.493652,sit_stand_sit
1769345816.0962029,-0.348267,-0.911133,-0.336182,-17.883301,18.798828,18.493652,sit_stand_sit
1769345816.1165576,-0.319214,-0.867432,-0.351196,-15.991215,30.395515,16.906738,sit_stand_sit
1769345816.1370678,-0.309570,-0.850098,-0.384888,-13.122562,42.297363,16.662598,sit_stand_sit
1769345816.1564622,-0.239014,-0.852173,-0.431885,-12.878422,57.006851,11.291508,sit_stand_sit
1769345816.1761718,-0.136230,-0.839722,-0.451294,-14.465336,56.335464,7.263186,sit_stand_sit
1769345816.1975994,-0.126587,-0.842041,-0.437012,-13.793949,48.034683,5.249023,sit_stand_sit
1769345816.2164133,-0.118774,-0.844238,-0.431885,-13.000492,33.386230,-0.122070,sit_stand_sit
1769345816.2366118,-0.138916,-0.865601,-0.428101,-12.390141,12.451176,-2.563477,sit_stand_sit
1769345816.2578976,-0.154297,-0.878174,-0.416748,-12.573246,-10.070801,-4.089355,sit_stand_sit
1769345816.2783127,-0.253418,-0.894653,-0.380981,-8.972168,-22.277840,-2.441406,sit_stand_sit
1769345816.2991855,-0.257080,-0.912964,-0.380615,-7.995607,-20.446777,-0.915528,sit_stand_sit
1769345816.3177419,-0.284424,-0.920776,-0.378296,-6.530764,-14.831547,2.380371,sit_stand_sit
1769345816.3362267,-0.260254,-0.907471,-0.382813,-4.760742,-0.305176,5.065918,sit_stand_sit
1769345816.3563826,-0.174561,-0.886353,-0.416992,-3.112794,4.333496,6.774904,sit_stand_sit
1769345816.3764293,-0.135498,-0.880859,-0.442383,-1.220703,-4.028320,6.408693,sit_stand_sit
1769345816.397568,-0.134888,-0.868164,-0.459839,0.244141,-13.488773,5.126953,sit_stand_sit
1769345816.417418,-0.139771,-0.859131,-0.470581,1.770020,-27.160652,1.892090,sit_stand_sit
1769345816.4360442,-0.161621,-0.851807,-0.466553,0.976563,-34.545898,-2.563477,sit_stand_sit
1769345816.4563465,-0.188599,-0.854004,-0.450928,0.793457,-40.405273,-5.981447,sit_stand_sit
1769345816.4782622,-0.218506,-0.863647,-0.434937,0.549316,-44.372574,-7.812502,sit_stand_sit
1769345816.4962952,-0.241943,-0.866943,-0.418579,0.427246,-45.227066,-8.850098,sit_stand_sit
1769345816.5163643,-0.262207,-0.866089,-0.404297,1.098633,-44.311539,-9.216309,sit_stand_sit
1769345816.5272036,-0.300415,-0.870239,-0.391235,3.051759,-39.978027,-8.178711,sit_stand_sit
1769345816.5561762,-0.317017,-0.866577,-0.380859,5.859377,-35.217285,-6.530764,sit_stand_sit
1769345816.578035,-0.291870,-0.877930,-0.385376,11.474613,-28.320320,-0.244141,sit_stand_sit
1769345816.5974615,-0.286377,-0.871826,-0.369385,13.610844,-23.620613,-2.868653,sit_stand_sit
1769345816.6164238,-0.267700,-0.914063,-0.348755,11.535648,-26.794441,1.770020,sit_stand_sit
1769345816.6371298,-0.311279,-0.875244,-0.378540,7.629396,-23.620613,0.732422,sit_stand_sit
1769345816.656497,-0.348999,-0.898560,-0.414063,3.051759,-9.338379,-4.272461,sit_stand_sit
1769345816.6760428,-0.266113,-0.874878,-0.442627,-0.793457,0.732422,-8.056641,sit_stand_sit
1769345816.6891057,-0.271118,-0.863770,-0.432739,-1.098633,2.014160,-6.774904,sit_stand_sit
1769345816.725685,-0.278442,-0.864624,-0.406372,1.342773,1.892090,-6.408693,sit_stand_sit
1769345816.7449825,-0.300659,-0.882202,-0.377686,3.234864,3.784181,-6.713869,sit_stand_sit
1769345816.7580893,-0.297729,-0.884399,-0.358887,3.906251,7.995607,-5.371094,sit_stand_sit
1769345816.777664,-0.282471,-0.880249,-0.348022,4.333496,10.620117,-3.295899,sit_stand_sit
1769345816.7980566,-0.264038,-0.868774,-0.344849,5.249023,10.498047,-2.929688,sit_stand_sit
1769345816.817895,-0.243408,-0.858765,-0.362793,5.920412,4.394531,-4.638672,sit_stand_sit
1769345816.8361015,-0.260498,-0.859497,-0.371826,7.202150,1.892090,-5.554201,sit_stand_sit
1769345816.8474772,-0.268311,-0.861938,-0.369385,8.605957,4.089355,-7.019045,sit_stand_sit
1769345816.8780928,-0.248535,-0.863403,-0.374268,7.873537,2.502441,-9.582520,sit_stand_sit
1769345816.8962858,-0.252075,-0.867432,-0.374146,7.446291,-0.183106,-11.840824,sit_stand_sit
1769345816.9177296,-0.292847,-0.850708,-0.361328,10.803223,0.976563,-14.465336,sit_stand_sit
1769345816.938446,-0.274658,-0.874512,-0.361328,10.437012,8.728027,-18.615723,sit_stand_sit
1769345816.9567351,-0.291870,-0.871826,-0.359741,13.854984,13.305668,-17.578125,sit_stand_sit
1769345816.9763489,-0.279541,-0.878418,-0.356934,12.634281,19.287109,-18.798828,sit_stand_sit
1769345816.9968596,-0.256958,-0.886475,-0.354126,13.061527,21.606445,-21.728516,sit_stand_sit
1769345817.0161526,-0.263672,-0.882080,-0.353638,18.432617,22.094727,-24.353035,sit_stand_sit
1769345817.0397558,-0.231079,-0.913330,-0.358398,17.089844,18.493652,-26.672371,sit_stand_sit
1769345817.0562572,-0.252686,-0.922729,-0.345459,17.150879,15.563969,-28.015144,sit_stand_sit
1769345817.077187,-0.234985,-0.980347,-0.356323,19.104004,26.000984,-32.836914,sit_stand_sit
1769345817.0961282,-0.219849,-1.073853,-0.359009,26.428230,30.334480,-32.897949,sit_stand_sit
1769345817.1164825,-0.143066,-1.203369,-0.336304,31.188972,31.372078,-33.142090,sit_stand_sit
1769345817.1373732,-0.064941,-1.291016,-0.321167,34.851074,25.268562,-30.334480,sit_stand_sit
1769345817.156379,-0.028442,-1.299683,-0.313599,35.827637,16.723633,-22.644051,sit_stand_sit
1769345817.177258,-0.013306,-1.248047,-0.306641,39.123535,10.986328,-16.845703,sit_stand_sit
1769345817.1974688,-0.002930,-1.252441,-0.302979,40.039063,14.831547,-14.160160,sit_stand_sit
1769345817.216289,0.085938,-1.245483,-0.266602,38.024902,11.047363,-9.399414,sit_stand_sit
1769345817.2364902,0.157104,-1.238159,-0.218994,36.437988,-5.493164,-4.150391,sit_stand_sit
1769345817.2576928,0.153198,-1.235474,-0.179688,33.386230,-22.521980,-4.760742,sit_stand_sit
1769345817.2779052,0.130737,-1.234009,-0.144531,31.188972,-34.301758,-8.544922,sit_stand_sit
1769345817.2974553,0.106689,-1.224487,-0.133789,28.625496,-42.663574,-13.183598,sit_stand_sit
1769345817.317386,0.081177,-1.217041,-0.148682,26.611336,-48.706070,-17.700195,sit_stand_sit
1769345817.336239,-0.035034,-1.151001,-0.210938,22.216805,-43.701172,-23.010262,sit_stand_sit
1769345817.3578367,-0.099487,-1.094849,-0.236694,22.399910,-29.296883,-25.756844,sit_stand_sit
1769345817.376283,-0.108521,-1.078491,-0.246826,23.681648,-8.728027,-29.724129,sit_stand_sit
1769345817.397525,-0.079346,-1.056519,-0.251343,21.728516,10.742188,-31.005867,sit_stand_sit
1769345817.4256465,-0.039063,-1.021118,-0.246094,18.310547,23.071297,-28.320320,sit_stand_sit
1769345817.449426,0.001587,-0.986816,-0.228271,14.343266,24.841316,-24.414070,sit_stand_sit
1769345817.4599025,0.026123,-0.953247,-0.189453,10.009766,14.648441,-17.883301,sit_stand_sit
1769345817.477621,0.014526,-0.877319,-0.137207,3.967286,10.192871,-12.023930,sit_stand_sit
1769345817.4973497,-0.026123,-0.818726,-0.114502,1.770020,12.084965,-5.737307,sit_stand_sit
1769345817.5162284,-0.054810,-0.780273,-0.089844,1.892090,18.493652,-2.319336,sit_stand_sit
1769345817.5371358,-0.069946,-0.773804,-0.080078,2.136230,26.184090,-2.014160,sit_stand_sit
1769345817.556148,-0.059937,-0.774414,-0.085449,1.831055,31.372078,-2.502441,sit_stand_sit
1769345817.5763745,-0.040649,-0.786621,-0.094360,0.427246,30.822762,-5.371094,sit_stand_sit
1769345817.5966566,-0.016357,-0.816040,-0.117798,-7.751467,18.066406,-15.075687,sit_stand_sit
1769345817.6166282,-0.027832,-0.811523,-0.114746,-5.371094,10.253906,-7.873537,sit_stand_sit
1769345817.636116,-0.033325,-0.822144,-0.099731,-9.704590,5.065918,-4.638672,sit_stand_sit
1769345817.6562355,0.020020,-0.787842,-0.108643,-12.512211,-10.192871,-7.385256,sit_stand_sit
1769345817.676195,0.002686,-0.785400,-0.108032,-12.207035,-23.864754,-5.676271,sit_stand_sit
1769345817.697881,-0.024292,-0.800415,-0.108887,-11.108402,-29.663094,-2.929688,sit_stand_sit
1769345817.716986,-0.035400,-0.810547,-0.117676,-10.131836,-31.066902,-0.671387,sit_stand_sit
1769345817.7361908,-0.062256,-0.841553,-0.119751,-7.507326,-25.085457,1.464844,sit_stand_sit
1769345817.7563143,-0.067627,-0.863892,-0.120117,-7.202150,-16.601563,1.403809,sit_stand_sit
1769345817.7763286,-0.075806,-0.889160,-0.125488,-7.141115,-6.408693,2.258301,sit_stand_sit
1769345817.7991917,-0.059326,-0.914307,-0.125000,-7.324221,2.929688,4.699707,sit_stand_sit
1769345817.8163795,-0.037842,-0.935547,-0.127197,-6.347658,9.094238,4.455566,sit_stand_sit
1769345817.8381824,-0.032349,-0.955688,-0.143188,-5.249023,12.573246,2.258301,sit_stand_sit
1769345817.8587527,-0.012695,-0.990112,-0.147949,-4.577637,12.573246,1.647950,sit_stand_sit
1769345817.8772275,0.000610,-0.990845,-0.150879,-4.699707,10.131836,2.929688,sit_stand_sit
1769345817.8962288,-0.014648,-0.996216,-0.160278,-3.234864,9.277344,5.981447,sit_stand_sit
1769345817.9183903,-0.017700,-1.007080,-0.164795,-2.868653,11.230473,6.225588,sit_stand_sit
1769345817.9379025,0.001709,-1.007690,-0.162842,-2.807618,12.268070,7.751467,sit_stand_sit
1769345817.9570398,0.002197,-1.003662,-0.164551,-2.624512,13.000492,10.681152,sit_stand_sit
1769345817.9768646,0.013672,-0.990723,-0.164551,-1.342773,14.587406,9.887695,sit_stand_sit
1769345817.9962447,0.043091,-0.989502,-0.165405,-0.671387,15.869144,11.657719,sit_stand_sit
1769345818.0173707,0.055054,-0.975830,-0.167114,-1.098633,15.625004,11.535648,sit_stand_sit
1769345818.0373914,0.064087,-0.978394,-0.164429,-1.281738,14.892582,9.216309,sit_stand_sit
1769345818.0564568,0.076904,-0.980225,-0.163940,-1.708985,14.099125,6.652834,sit_stand_sit
1769345818.0771487,0.068848,-0.986084,-0.165771,-1.892090,12.023930,5.737307,sit_stand_sit
1769345818.0972173,0.051514,-0.997314,-0.157227,-2.197266,10.070801,4.028320,sit_stand_sit
1769345818.117757,0.039307,-0.996460,-0.146118,-1.647950,9.216309,2.563477,sit_stand_sit
1769345818.1379821,0.018921,-0.987549,-0.141602,-0.061035,8.666992,3.112794,sit_stand_sit
1769345818.1568043,0.011230,-1.001343,-0.137817,0.732422,8.117676,3.540040,sit_stand_sit
1769345818.1761093,0.015015,-0.995850,-0.139648,0.610352,6.103518,4.394531,sit_stand_sit
1769345818.19625,0.012451,-0.992188,-0.142090,0.366211,3.601075,4.577637,sit_stand_sit
1769345818.217634,0.001343,-0.988403,-0.142944,0.183106,2.624512,4.394531,sit_stand_sit
1769345818.2360659,0.004028,-0.993408,-0.139893,-0.183106,2.441406,2.929688,sit_stand_sit
1769345818.2573223,0.013550,-0.987915,-0.147583,-0.427246,0.061035,0.366211,sit_stand_sit
1769345818.277353,0.012939,-0.983154,-0.151245,0.000000,-2.380371,-0.549316,sit_stand_sit
1769345818.2977479,0.009644,-0.981934,-0.153320,0.183106,-4.333496,-0.976563,sit_stand_sit
1769345818.3171816,0.008057,-0.978394,-0.151489,0.610352,-4.272461,-1.281738,sit_stand_sit
1769345818.3363683,-0.004517,-0.982300,-0.151489,0.488281,-3.417970,-1.220703,sit_stand_sit
1769345818.3564353,0.011963,-0.972290,-0.159302,-0.244141,-2.197266,-0.915528,sit_stand_sit
1769345818.3671885,0.010376,-0.943359,-0.165039,0.305176,-1.281738,-1.098633,sit_stand_sit
1769345818.396413,-0.004639,-0.947632,-0.155640,1.342773,0.793457,-2.563477,sit_stand_sit
1769345818.4175541,-0.010254,-0.953491,-0.152344,1.281738,3.356935,-2.868653,sit_stand_sit
1769345818.437154,-0.007935,-0.948853,-0.150391,1.464844,5.187988,-3.356935,sit_stand_sit
1769345818.4563773,0.006958,-0.938599,-0.141724,1.770020,4.272461,-3.234864,sit_stand_sit
1769345818.4773095,0.017700,-0.920532,-0.134277,1.220703,1.281738,-2.380371,sit_stand_sit
1769345818.4964185,0.016357,-0.883545,-0.136353,0.549316,-2.929688,-1.159668,sit_stand_sit
1769345818.5162888,-0.010254,-0.866211,-0.130859,2.197266,-3.967286,-3.479005,sit_stand_sit
1769345818.5365312,-0.004761,-0.890381,-0.118530,2.502441,-1.708985,-6.103518,sit_stand_sit
1769345818.5562847,0.023926,-0.876221,-0.106689,0.183106,-2.136230,-4.394531,sit_stand_sit
1769345818.5780296,0.019043,-0.842529,-0.105957,-0.366211,-5.004883,-2.380371,sit_stand_sit
1769345818.5968819,-0.009155,-0.839966,-0.110718,1.159668,-4.577637,-4.394531,sit_stand_sit
1769345818.617332,-0.008667,-0.864502,-0.122559,3.051759,-1.647950,-7.019045,sit_stand_sit
1769345818.636525,0.003906,-0.897339,-0.134155,3.356935,-1.953125,-8.056641,sit_stand_sit
1769345818.6561973,-0.009399,-0.923096,-0.161255,1.159668,-3.295899,-6.896975,sit_stand_sit
1769345818.676124,-0.019165,-0.909790,-0.175659,-1.037598,-1.281738,-5.004883,sit_stand_sit
1769345818.6976228,-0.017212,-0.894043,-0.177856,-2.380371,0.915528,-3.295899,sit_stand_sit
1769345818.7163677,-0.023438,-0.901245,-0.187256,-3.234864,4.150391,-3.295899,sit_stand_sit
1769345818.7361057,-0.018677,-0.911865,-0.201782,-4.821777,7.751467,-2.624512,sit_stand_sit
1769345818.756225,-0.009399,-0.933472,-0.190918,-5.249023,8.605957,-0.915528,sit_stand_sit
1769345818.777426,-0.028320,-1.014160,-0.167847,-6.103518,8.972168,-1.953125,sit_stand_sit
1769345818.7970152,-0.017578,-1.052002,-0.167725,-7.751467,11.108402,-1.708985,sit_stand_sit
1769345818.816474,0.004150,-1.070557,-0.168579,-9.216309,10.559082,0.610352,sit_stand_sit
1769345818.8365076,0.005615,-1.072388,-0.173340,-9.948730,7.751467,3.417970,sit_stand_sit
1769345818.8564065,0.023193,-1.060791,-0.168457,-9.094238,4.333496,6.652834,sit_stand_sit
1769345818.8761125,0.028687,-1.046631,-0.166016,-7.324221,1.159668,10.375977,sit_stand_sit
1769345818.8964932,0.019165,-1.028687,-0.178101,-6.286623,1.037598,15.014652,sit_stand_sit
1769345818.9162056,0.043579,-0.975342,-0.172852,-5.920412,2.685547,23.071297,sit_stand_sit
1769345818.9360914,0.076538,-0.927246,-0.162598,-6.286623,0.732422,27.648933,sit_stand_sit
1769345818.9575348,0.070679,-0.888916,-0.159302,-5.920412,-1.953125,29.357918,sit_stand_sit
1769345818.9765112,0.047607,-0.896851,-0.155518,-6.286623,-2.136230,27.526863,sit_stand_sit
1769345818.9980073,0.049927,-0.920898,-0.151611,-8.544922,-2.014160,23.742683,sit_stand_sit
1769345819.016201,0.058838,-0.924805,-0.143555,-12.023930,-6.408693,20.812988,sit_stand_sit
1769345819.026558,0.040283,-0.935181,-0.135010,-14.099125,-12.390141,18.676758,sit_stand_sit
1769345819.0575988,-0.001343,-1.007324,-0.139648,-15.197758,-18.737793,14.465336,sit_stand_sit
1769345819.0765684,-0.037109,-1.054321,-0.158447,-17.700195,-20.874023,14.465336,sit_stand_sit
1769345819.0962577,-0.083252,-1.088013,-0.181396,-20.507813,-19.409180,16.235352,sit_stand_sit
1769345819.1165051,-0.113403,-1.114990,-0.207886,-22.644051,-14.770512,18.615723,sit_stand_sit
1769345819.1367168,-0.118164,-1.137329,-0.241211,-24.475105,-10.925293,22.521980,sit_stand_sit
1769345819.1576302,-0.113647,-1.156982,-0.290283,-25.390633,-9.216309,26.245125,sit_stand_sit
1769345819.1761646,-0.095947,-1.176758,-0.396973,-27.160652,-14.038090,30.700691,sit_stand_sit
1769345819.1965642,-0.071289,-1.139893,-0.433838,-26.550301,-21.606445,32.165527,sit_stand_sit
1769345819.2067492,-0.089600,-1.107788,-0.461548,-27.221687,-34.179688,35.644531,sit_stand_sit
1769345819.2372928,-0.173218,-1.075073,-0.406372,-31.250008,-35.522461,33.813477,sit_stand_sit
1769345819.2561874,-0.229980,-1.005371,-0.373291,-32.470703,-28.198250,33.142090,sit_stand_sit
1769345819.2779508,-0.263794,-0.974243,-0.341187,-31.860359,-20.812988,31.494148,sit_stand_sit
1769345819.2973826,-0.276123,-0.977905,-0.317505,-28.076180,-14.465336,28.381355,sit_stand_sit
1769345819.3167582,-0.307861,-1.048462,-0.317993,-21.362305,-2.502441,22.094727,sit_stand_sit
1769345819.3380694,-0.322998,-1.084961,-0.341064,-19.592285,5.065918,19.958496,sit_stand_sit
1769345819.3584127,-0.314819,-1.051514,-0.357300,-19.470215,8.239746,20.874023,sit_stand_sit
1769345819.376119,-0.294800,-0.977905,-0.361816,-18.188477,5.859377,23.376472,sit_stand_sit
1769345819.3960621,-0.256104,-0.910522,-0.375732,-15.502934,-3.723145,25.268562,sit_stand_sit
1769345819.4167843,-0.242920,-0.868774,-0.379517,-13.793949,-12.146000,26.428230,sit_stand_sit
1769345819.4362416,-0.274048,-0.840698,-0.378174,-13.793949,-5.615236,26.489265,sit_stand_sit
1769345819.4562037,-0.263672,-0.827271,-0.384888,-14.770512,2.197266,23.376472,sit_stand_sit
1769345819.4769073,-0.229858,-0.821411,-0.388062,-15.319828,3.417970,17.578125,sit_stand_sit
1769345819.4965553,-0.208130,-0.833252,-0.388184,-14.770512,-3.051759,10.925293,sit_stand_sit
1769345819.5160587,-0.243652,-0.847412,-0.389893,-13.977055,-9.643555,5.249023,sit_stand_sit
1769345819.5362782,-0.293823,-0.856934,-0.383789,-12.146000,-10.681152,0.732422,sit_stand_sit
1769345819.55614,-0.313843,-0.864868,-0.370483,-10.070801,-11.108402,-3.051759,sit_stand_sit
1769345819.5764525,-0.352417,-0.887085,-0.344238,-7.446291,-11.962894,-6.774904,sit_stand_sit
1769345819.5963857,-0.372559,-0.892578,-0.345703,-7.080080,-3.662110,-7.446291,sit_stand_sit
1769345819.6163442,-0.368286,-0.881836,-0.370361,-5.737307,6.042482,-5.493164,sit_stand_sit
1769345819.636385,-0.328491,-0.867676,-0.395996,-2.990724,8.422852,-2.319336,sit_stand_sit
1769345819.6575441,-0.293701,-0.859253,-0.425903,-0.793457,3.173829,0.244141,sit_stand_sit
1769345819.6764386,-0.304810,-0.855835,-0.448853,0.305176,-2.990724,3.784181,sit_stand_sit
1769345819.696139,-0.316406,-0.853760,-0.447510,0.488281,-7.019045,6.225588,sit_stand_sit
1769345819.7162015,-0.340454,-0.850220,-0.425415,-1.525879,-6.713869,6.103518,sit_stand_sit
1769345819.7362695,-0.352173,-0.846680,-0.414429,-2.258301,-0.671387,5.004883,sit_stand_sit
1769345819.7561624,-0.334961,-0.847168,-0.401733,-1.770020,6.347658,3.295899,sit_stand_sit
1769345819.7778609,-0.299927,-0.852051,-0.386353,-0.976563,8.605957,2.014160,sit_stand_sit
1769345819.798283,-0.280396,-0.871948,-0.374878,1.464844,7.995607,2.197266,sit_stand_sit
1769345819.8170445,-0.285278,-0.867310,-0.380493,2.502441,5.676271,2.136230,sit_stand_sit
1769345819.838169,-0.291016,-0.852295,-0.373535,4.333496,-0.183106,1.831055,sit_stand_sit
1769345819.8564322,-0.315186,-0.860352,-0.370239,3.784181,-1.037598,2.075195,sit_stand_sit
1769345819.8761182,-0.313232,-0.857666,-0.380249,4.577637,-2.990724,1.159668,sit_stand_sit
1769345819.8961313,-0.322266,-0.876221,-0.382446,3.417970,-6.591799,-0.671387,sit_stand_sit
1769345819.9176266,-0.326538,-0.868042,-0.385986,2.258301,-5.676271,-0.732422,sit_stand_sit
1769345819.937251,-0.322632,-0.864868,-0.397095,2.075195,-4.272461,-1.647950,sit_stand_sit
1769345819.9561772,-0.306763,-0.858887,-0.408569,1.892090,-4.028320,-2.929688,sit_stand_sit
1769345819.9769266,-0.279663,-0.866333,-0.401611,2.441406,-8.850098,-3.417970,sit_stand_sit
1769345819.997544,-0.291626,-0.860840,-0.397461,1.953125,-10.070801,-4.699707,sit_stand_sit
1769345820.0291002,-0.304932,-0.853638,-0.401733,2.258301,-9.643555,-6.164553,sit_stand_sit
1769345820.0362854,-0.294312,-0.857300,-0.391968,2.441406,-11.718754,-8.239746,sit_stand_sit
1769345820.0560048,-0.305908,-0.859619,-0.382813,2.319336,-12.878422,-9.460449,sit_stand_sit
1769345820.077868,-0.313232,-0.851318,-0.379395,2.746582,-13.977055,-10.375977,sit_stand_sit
1769345820.0967445,-0.330688,-0.858521,-0.371704,4.150391,-11.535648,-11.291508,sit_stand_sit
1769345820.116234,-0.321899,-0.868896,-0.368530,5.004883,-6.958010,-11.108402,sit_stand_sit
1769345820.1379292,-0.297485,-0.866211,-0.359375,3.540040,-10.742188,-10.925293,sit_stand_sit
1769345820.1576567,-0.323242,-0.856812,-0.347046,4.516602,-10.009766,-11.108402,sit_stand_sit
1769345820.1763885,-0.303101,-0.845215,-0.349487,4.089355,-12.817387,-14.099125,sit_stand_sit
1769345820.196846,-0.327026,-0.861572,-0.341187,6.713869,-11.108402,-15.014652,sit_stand_sit
1769345820.2160428,-0.319580,-0.855835,-0.346436,6.774904,-7.385256,-14.648441,sit_stand_sit
1769345820.2363565,-0.297241,-0.851440,-0.340576,8.361816,-4.821777,-14.282230,sit_stand_sit
1769345820.2584682,-0.298218,-0.860840,-0.331909,14.465336,-1.953125,-12.390141,sit_stand_sit
1769345820.2781904,-0.294678,-0.848022,-0.344360,12.756351,1.953125,-15.869144,sit_stand_sit
1769345820.2979145,-0.280640,-0.885132,-0.340088,16.235352,6.042482,-14.465336,sit_stand_sit
1769345820.3172677,-0.287964,-0.878906,-0.349731,19.470215,11.840824,-15.808109,sit_stand_sit
1769345820.3368938,-0.267090,-0.884766,-0.358398,16.784668,12.817387,-20.751953,sit_stand_sit
1769345820.3572686,-0.283081,-0.909912,-0.363281,19.531250,19.470215,-26.245125,sit_stand_sit
1769345820.378759,-0.274048,-0.903198,-0.360352,21.484375,25.451668,-27.771004,sit_stand_sit
1769345820.3962445,-0.283813,-0.923950,-0.352295,21.301270,28.320320,-33.325195,sit_stand_sit
1769345820.41672,-0.305786,-0.991333,-0.358643,21.423340,36.193848,-40.832520,sit_stand_sit
1769345820.4367054,-0.233887,-1.079590,-0.360229,28.625496,40.222168,-39.245605,sit_stand_sit
1769345820.457492,-0.175415,-1.171509,-0.331787,32.531738,34.240723,-36.071777,sit_stand_sit
1769345820.4760108,-0.154175,-1.282104,-0.310913,35.583496,30.212410,-38.757324,sit_stand_sit
1769345820.4960494,-0.156250,-1.377441,-0.353271,30.700691,23.620613,-41.870117,sit_stand_sit
1769345820.5389662,-0.133057,-1.340332,-0.338135,24.841316,13.793949,-36.621094,sit_stand_sit
1769345820.563347,-0.108521,-1.291138,-0.281982,24.108894,2.136230,-30.151375,sit_stand_sit
1769345820.563347,-0.059204,-1.268555,-0.199585,22.644051,-5.371094,-25.085457,sit_stand_sit
1769345820.5775557,-0.048950,-1.233887,-0.162354,22.094727,-5.920412,-18.554688,sit_stand_sit
1769345820.595998,-0.033569,-1.219604,-0.152588,24.597176,1.525879,-12.695316,sit_stand_sit
1769345820.617055,0.021484,-1.248047,-0.151855,25.268562,11.718754,-9.948730,sit_stand_sit
1769345820.6380165,0.080811,-1.267822,-0.171509,24.902351,16.479492,-7.568361,sit_stand_sit
1769345820.6571503,0.151855,-1.224365,-0.197876,23.010262,6.469728,-10.620117,sit_stand_sit
1769345820.6772888,0.190674,-1.145264,-0.239136,21.606445,-12.207035,-14.587406,sit_stand_sit
1769345820.6961884,0.145508,-1.075317,-0.270142,20.263672,-25.695808,-18.005371,sit_stand_sit
1769345820.717952,0.061768,-1.057129,-0.283081,18.188477,-27.587898,-20.385742,sit_stand_sit
1769345820.736975,0.004761,-1.036621,-0.279053,12.939457,-19.897461,-21.118164,sit_stand_sit
1769345820.7560964,-0.016724,-0.952026,-0.237915,8.300781,-6.225588,-18.371582,sit_stand_sit
1769345820.7771115,-0.020386,-0.919067,-0.188354,8.483887,1.403809,-17.578125,sit_stand_sit
1769345820.7976775,-0.004517,-0.896851,-0.151245,7.690432,6.896975,-16.662598,sit_stand_sit
1769345820.8318164,0.005371,-0.863892,-0.133179,6.652834,9.887695,-13.916019,sit_stand_sit
1769345820.8361971,-0.019409,-0.844727,-0.121338,5.493164,12.084965,-12.512211,sit_stand_sit
1769345820.8563068,-0.042114,-0.830078,-0.111206,3.540040,15.258793,-13.000492,sit_stand_sit
1769345820.8761094,-0.037598,-0.799927,-0.106567,-3.112794,15.258793,-17.150879,sit_stand_sit
1769345820.8962405,-0.022095,-0.775024,-0.114868,-5.249023,9.765625,-14.953617,sit_stand_sit
1769345820.9179044,-0.049805,-0.774292,-0.107788,-7.202150,8.178711,-5.981447,sit_stand_sit
1769345820.9378185,-0.026855,-0.751221,-0.120972,-9.643555,3.234864,-8.483887,sit_stand_sit
1769345820.957804,-0.016235,-0.745850,-0.134277,-11.474613,-6.652834,-6.958010,sit_stand_sit
1769345820.9760633,-0.022217,-0.734497,-0.135742,-13.244633,-14.892582,-2.502441,sit_stand_sit
1769345820.9978387,-0.017090,-0.719238,-0.140747,-13.549809,-23.498543,-0.854492,sit_stand_sit
1769345821.0166025,-0.041382,-0.746582,-0.132324,-13.183598,-33.142090,1.464844,sit_stand_sit
1769345821.0360823,-0.060913,-0.755981,-0.133911,-13.793949,-34.484863,3.967286,sit_stand_sit
1769345821.0562084,-0.089844,-0.755249,-0.140503,-13.305668,-31.555183,5.187988,sit_stand_sit
1769345821.0760136,-0.110962,-0.778442,-0.130249,-11.169437,-24.169930,5.126953,sit_stand_sit
1769345821.0971859,-0.122314,-0.844116,-0.129395,-10.070801,-13.488773,3.967286,sit_stand_sit
1769345821.1170301,-0.108276,-0.898071,-0.127075,-8.666992,-3.417970,2.685547,sit_stand_sit
1769345821.1381693,-0.077515,-0.984375,-0.125854,-6.774904,4.821777,0.305176,sit_stand_sit
1769345821.159205,-0.048706,-1.003174,-0.144165,-6.652834,5.798342,1.892090,sit_stand_sit
1769345821.1780722,-0.006714,-0.991943,-0.151611,-5.126953,1.770020,5.737307,sit_stand_sit
1769345821.1977198,-0.009155,-0.987915,-0.168823,-2.075195,-3.295899,7.629396,sit_stand_sit
1769345821.216247,-0.031372,-0.985474,-0.190552,0.366211,-3.051759,8.789063,sit_stand_sit
1769345821.2385452,-0.038086,-0.984619,-0.201904,2.929688,2.075195,11.169437,sit_stand_sit
1769345821.2571163,-0.024170,-0.998169,-0.203979,3.723145,7.934572,13.854984,sit_stand_sit
1769345821.2776654,0.010864,-1.002197,-0.217651,3.051759,14.038090,16.784668,sit_stand_sit
1769345821.2977502,0.038574,-0.997314,-0.250854,2.258301,15.197758,15.380863,sit_stand_sit
1769345821.318172,0.101318,-0.991821,-0.291016,1.403809,11.962894,11.413578,sit_stand_sit
1769345821.3402407,0.140015,-0.977417,-0.309570,-0.549316,2.319336,7.995607,sit_stand_sit
1769345821.3584998,0.099121,-0.974854,-0.288818,-2.685547,-4.516602,5.798342,sit_stand_sit
1769345821.37628,0.032715,-0.985840,-0.252075,-4.455566,-2.075195,5.615236,sit_stand_sit
1769345821.3985531,0.010986,-0.977783,-0.226807,-5.249023,4.577637,4.455566,sit_stand_sit
1769345821.4160368,0.009399,-0.976196,-0.188477,-2.624512,8.117676,1.647950,sit_stand_sit
1769345821.4365299,0.005493,-0.987183,-0.166748,-1.586915,6.408693,0.915528,sit_stand_sit
1769345821.4568872,-0.007080,-0.995239,-0.158569,-0.793457,5.065918,0.793457,sit_stand_sit
1769345821.4800415,-0.018677,-0.997314,-0.161743,-1.525879,4.333496,0.488281,sit_stand_sit
1769345821.4988608,-0.011108,-0.976563,-0.169312,-1.403809,1.464844,-0.671387,sit_stand_sit
1769345821.5183716,-0.023193,-0.966553,-0.169067,-0.366211,-1.953125,-2.319336,sit_stand_sit
1769345821.5363402,-0.033203,-0.984863,-0.167358,0.610352,-3.112794,-2.929688,sit_stand_sit
1769345821.557308,-0.018555,-0.988403,-0.165405,0.244141,-1.220703,0.244141,sit_stand_sit
1769345821.5762432,-0.074585,-0.969604,-0.173584,2.441406,1.647950,-3.723145,sit_stand_sit
1769345821.5988727,-0.034180,-1.002441,-0.182373,1.770020,2.685547,-3.112794,sit_stand_sit
1769345821.6186688,-0.038452,-0.995361,-0.183350,2.136230,3.112794,-4.089355,sit_stand_sit
1769345821.6378956,-0.009155,-0.995361,-0.198242,2.502441,1.098633,-3.295899,sit_stand_sit
1769345821.6561651,0.010254,-0.990356,-0.204346,2.014160,-4.272461,-1.708985,sit_stand_sit
1769345821.6794674,-0.020386,-0.978760,-0.204956,1.770020,-5.493164,-1.037598,sit_stand_sit
1769345821.6964035,-0.003174,-0.977295,-0.214478,2.014160,-1.159668,0.122070,sit_stand_sit
1769345821.7071278,0.006592,-0.978882,-0.219360,0.305176,-2.807618,0.793457,sit_stand_sit
1769345821.7390838,-0.016235,-0.975098,-0.215332,0.244141,0.000000,0.244141,sit_stand_sit
1769345821.7563684,0.000977,-0.989502,-0.209473,0.122070,1.037598,-0.122070,sit_stand_sit
1769345821.7781913,0.008057,-1.005615,-0.202393,-0.915528,-0.122070,0.793457,sit_stand_sit
1769345821.7990308,-0.020386,-0.994995,-0.191406,-1.220703,0.854492,-0.732422,sit_stand_sit
1769345821.8180327,-0.018433,-0.992188,-0.186035,-0.854492,1.403809,-2.075195,sit_stand_sit
1769345821.840295,-0.012939,-0.989014,-0.180298,-0.488281,1.525879,-3.173829,sit_stand_sit
1769345821.8562226,0.031616,-1.002563,-0.180542,-1.281738,-2.807618,-2.868653,sit_stand_sit
1769345822.0482242,-0.001343,-0.994019,-0.178955,-1.831055,-7.568361,-0.793457,sit_stand_sit
1769345822.0482242,-0.021118,-0.973267,-0.180298,-1.403809,-5.249023,-0.061035,sit_stand_sit
1769345822.0482242,-0.016479,-0.968994,-0.184937,-0.061035,-2.624512,-1.770020,sit_stand_sit
1769345822.0482242,-0.004028,-0.985474,-0.194214,-0.244141,-3.479005,-1.342773,sit_stand_sit
1769345822.0482242,-0.012085,-0.990845,-0.198730,-0.488281,-3.540040,-1.281738,sit_stand_sit
1769345822.0482242,-0.017822,-0.984619,-0.210815,-0.549316,-2.990724,-1.525879,sit_stand_sit
1769345822.0482242,-0.025513,-0.986084,-0.218018,-0.366211,-2.014160,-1.770020,sit_stand_sit
1769345822.0482242,-0.031982,-0.984497,-0.220703,-0.610352,0.366211,-1.708985,sit_stand_sit
1769345822.2561646,-0.028320,-0.977783,-0.222778,-0.976563,2.868653,-1.281738,sit_stand_sit
1769345822.2561646,-0.027466,-0.968994,-0.229858,-1.770020,4.882813,-0.671387,sit_stand_sit
1769345822.2561646,-0.018555,-0.956909,-0.218872,-1.586915,5.310059,-0.305176,sit_stand_sit
1769345822.2561646,-0.010132,-0.949463,-0.214844,-3.112794,5.004883,-0.549316,sit_stand_sit
1769345822.2561646,0.003296,-0.906128,-0.214233,-4.516602,3.173829,0.671387,sit_stand_sit
1769345822.2561646,0.001587,-0.864014,-0.201294,-4.394531,0.671387,1.892090,sit_stand_sit
1769345822.2561646,-0.007080,-0.838623,-0.191772,-3.173829,0.549316,1.525879,sit_stand_sit
1769345822.2561646,-0.007324,-0.823242,-0.188110,-2.868653,2.746582,1.525879,sit_stand_sit
1769345822.2561646,-0.014771,-0.775513,-0.175781,-3.723145,7.690432,0.305176,sit_stand_sit
1769345822.2561646,-0.020630,-0.760010,-0.158813,-2.929688,12.939457,-2.197266,sit_stand_sit
1769345822.2561646,-0.012817,-0.777710,-0.140503,-0.732422,17.517090,-5.859377,sit_stand_sit
1769345822.2561646,-0.021851,-0.818726,-0.143066,-0.305176,21.667480,-8.666992,sit_stand_sit
1769345822.2767386,-0.026855,-0.852661,-0.143799,-0.915528,27.038582,-9.582520,sit_stand_sit
1769345822.2962973,-0.003662,-0.880493,-0.135864,-0.732422,29.724129,-10.009766,sit_stand_sit
1769345822.3185434,0.020142,-0.881714,-0.144653,-1.464844,27.221687,-8.789063,sit_stand_sit
1769345822.336123,0.002686,-0.859741,-0.189453,-0.915528,21.850586,-5.371094,sit_stand_sit
1769345822.356731,0.007446,-0.873169,-0.197998,0.488281,20.507813,-4.760742,sit_stand_sit
1769345822.3762827,-0.005737,-0.908325,-0.218018,1.403809,20.324707,-5.004883,sit_stand_sit
1769345822.3982654,-0.017700,-0.948730,-0.240112,0.488281,22.155769,-4.638672,sit_stand_sit
1769345822.416374,-0.001587,-0.969971,-0.238525,-1.220703,22.094727,-2.990724,sit_stand_sit
1769345822.4385448,0.019409,-0.971191,-0.227905,-2.685547,16.540527,-1.098633,sit_stand_sit
1769345822.4567022,0.006714,-0.992065,-0.216797,-3.051759,10.009766,-0.549316,sit_stand_sit
1769345822.4760423,0.011963,-1.010498,-0.221802,-2.075195,8.239746,-2.075195,sit_stand_sit
1769345822.4961774,0.045410,-1.027222,-0.229492,-6.408693,3.540040,6.164553,sit_stand_sit
1769345822.5180974,0.036011,-0.988403,-0.218262,-5.798342,-2.563477,10.803223,sit_stand_sit
1769345822.5361226,0.005371,-0.994751,-0.212036,-3.601075,-1.281738,7.751467,sit_stand_sit
1769345822.5586596,0.016235,-1.018555,-0.214111,-2.441406,3.845216,6.164553,sit_stand_sit
1769345822.5765657,0.018311,-1.019287,-0.220703,-3.906251,7.873537,9.338379,sit_stand_sit
1769345822.59778,0.031738,-0.997681,-0.224854,-5.187988,11.901859,12.817387,sit_stand_sit
1769345822.6177251,0.052490,-0.994873,-0.206909,-5.798342,9.399414,14.770512,sit_stand_sit
1769345822.6371603,0.044189,-1.010376,-0.190552,-7.141115,4.455566,16.845703,sit_stand_sit
1769345822.6586933,0.011475,-1.044189,-0.183838,-8.911133,4.150391,16.235352,sit_stand_sit
1769345822.6788614,0.007080,-1.077393,-0.186157,-11.596684,6.652834,15.686039,sit_stand_sit
1769345822.698429,0.029053,-1.091797,-0.192871,-15.258793,4.089355,18.554688,sit_stand_sit
1769345822.7161672,-0.023682,-1.101074,-0.239258,-25.878914,0.854492,26.672371,sit_stand_sit
1769345822.736673,-0.030273,-1.078979,-0.330078,-30.151375,9.216309,27.099617,sit_stand_sit
1769345822.7573519,-0.007690,-1.079102,-0.344238,-30.883797,9.277344,26.000984,sit_stand_sit
1769345822.7761047,0.074951,-1.120483,-0.320557,-21.728516,-13.854984,23.986824,sit_stand_sit
1769345822.968283,-0.025879,-1.184326,-0.329224,-26.306160,-34.057617,23.376472,sit_stand_sit
1769345822.9736567,-0.112305,-1.109131,-0.365356,-33.142090,-26.794441,25.207527,sit_stand_sit
1769345822.9736567,-0.031860,-1.016113,-0.403931,-32.958984,-23.010262,25.817879,sit_stand_sit
1769345822.9736567,-0.016357,-0.958740,-0.426270,-32.714844,-40.954590,26.611336,sit_stand_sit
1769345822.9736567,-0.079346,-0.947388,-0.388550,-33.935547,-42.663574,24.475105,sit_stand_sit
1769345822.9736567,-0.138428,-0.956299,-0.357666,-33.081055,-34.301758,21.179199,sit_stand_sit
1769345822.9736567,-0.192383,-0.991577,-0.352051,-30.578621,-23.193367,16.906738,sit_stand_sit
1769345822.9736567,-0.211060,-1.024536,-0.371460,-29.357918,-13.671879,13.122562,sit_stand_sit
1769345823.1761196,-0.224731,-1.021973,-0.405518,-28.076180,-8.056641,12.451176,sit_stand_sit
1769345823.188679,-0.223511,-1.003418,-0.410400,-26.184090,-6.591799,12.878422,sit_stand_sit
1769345823.189587,-0.181152,-0.960571,-0.409424,-19.470215,-19.531250,17.456055,sit_stand_sit
1769345823.189587,-0.202026,-0.954102,-0.418945,-15.258793,-28.686531,19.958496,sit_stand_sit
1769345823.189587,-0.212280,-0.939087,-0.435547,-12.573246,-32.226563,21.179199,sit_stand_sit
1769345823.189587,-0.228760,-0.908936,-0.449707,-10.986328,-29.663094,20.446777,sit_stand_sit
1769345823.189587,-0.217041,-0.889038,-0.453857,-10.498047,-24.902351,17.272949,sit_stand_sit
1769345823.189587,-0.249268,-0.886108,-0.467651,-11.352543,-17.028809,13.793949,sit_stand_sit
1769345823.189587,-0.236694,-0.877075,-0.466187,-11.962894,-7.995607,5.310059,sit_stand_sit
1769345823.189587,-0.272827,-0.878662,-0.444458,-12.573246,-4.394531,1.281738,sit_stand_sit
1769345823.189587,-0.228271,-0.852661,-0.422974,-10.498047,-2.624512,-1.464844,sit_stand_sit
1769345823.1914246,-0.221069,-0.867188,-0.405762,-9.826660,-7.141115,-2.868653,sit_stand_sit
1769345823.1985931,-0.249634,-0.859619,-0.407837,-9.826660,-10.498047,-4.882813,sit_stand_sit
1769345823.2165244,-0.240601,-0.842529,-0.407104,-6.835939,-14.221195,-6.042482,sit_stand_sit
1769345823.2368624,-0.236206,-0.850220,-0.401978,-3.479005,-19.714355,-6.408693,sit_stand_sit
1769345823.2561085,-0.270752,-0.870239,-0.404175,0.976563,-24.780281,-4.577637,sit_stand_sit
1769345823.2783725,-0.268433,-0.872070,-0.407715,2.990724,-24.719246,-2.319336,sit_stand_sit
1769345823.2988486,-0.284302,-0.881470,-0.410767,2.807618,-21.240234,-1.098633,sit_stand_sit
1769345823.31894,-0.294922,-0.878052,-0.416260,1.770020,-14.343266,0.549316,sit_stand_sit
1769345823.3406734,-0.273560,-0.877563,-0.430176,-0.122070,-9.643555,0.732422,sit_stand_sit
1769345823.3583689,-0.280640,-0.873047,-0.428101,-2.319336,-5.249023,0.244141,sit_stand_sit
1769345823.3795648,-0.249756,-0.872559,-0.422974,-2.624512,-0.305176,-0.976563,sit_stand_sit
1769345823.3985362,-0.236572,-0.873291,-0.417725,-2.502441,-2.990724,-1.586915,sit_stand_sit
1769345823.4178107,-0.246460,-0.875732,-0.411133,-1.403809,-3.173829,-1.159668,sit_stand_sit
1769345823.436401,-0.263062,-0.889404,-0.406616,-0.244141,-1.098633,-0.732422,sit_stand_sit
1769345823.4574406,-0.246216,-0.889526,-0.409912,-0.244141,2.075195,-0.183106,sit_stand_sit
1769345823.475998,-0.245850,-0.881226,-0.414673,0.061035,-0.366211,-0.061035,sit_stand_sit
1769345823.4984643,-0.239380,-0.874756,-0.421875,0.793457,-0.732422,0.000000,sit_stand_sit
1769345823.5174303,-0.252319,-0.873413,-0.423462,1.464844,1.586915,0.915528,sit_stand_sit
1769345823.5387483,-0.253052,-0.872559,-0.429077,2.197266,3.784181,1.403809,sit_stand_sit
1769345823.5577874,-0.246338,-0.871704,-0.428467,2.380371,6.958010,1.159668,sit_stand_sit
1769345823.5832262,-0.231323,-0.878174,-0.423950,2.746582,8.239746,0.976563,sit_stand_sit
1769345823.59905,-0.233643,-0.885620,-0.420044,2.807618,7.080080,0.793457,sit_stand_sit
1769345823.6179194,-0.235352,-0.883789,-0.415283,2.624512,6.164553,0.732422,sit_stand_sit
1769345823.637654,-0.238892,-0.889038,-0.412109,2.624512,5.126953,0.122070,sit_stand_sit
1769345823.6584215,-0.238525,-0.882080,-0.411499,2.441406,4.089355,-0.244141,sit_stand_sit
1769345823.6990983,-0.238159,-0.880005,-0.414307,2.441406,3.784181,0.000000,sit_stand_sit
1769345823.7206552,-0.232910,-0.877930,-0.410278,2.563477,3.662110,0.122070,sit_stand_sit
1769345823.7206552,-0.226074,-0.880737,-0.410645,2.746582,3.051759,0.061035,sit_stand_sit
1769345823.738676,-0.223389,-0.884888,-0.411377,2.868653,0.976563,-0.305176,sit_stand_sit
1769345823.7567997,-0.230713,-0.881348,-0.408447,2.868653,-1.159668,-0.732422,sit_stand_sit
1769345823.7762496,-0.238281,-0.878418,-0.403931,3.479005,-2.014160,-1.342773,sit_stand_sit
1769345823.7961922,-0.243164,-0.876953,-0.401245,3.601075,-2.685547,-1.525879,sit_stand_sit
1769345823.8187125,-0.250366,-0.877319,-0.398560,3.967286,-2.868653,-1.586915,sit_stand_sit
1769345823.8385143,-0.256836,-0.882813,-0.397827,4.028320,-2.380371,-1.953125,sit_stand_sit
1769345823.8581996,-0.253418,-0.883057,-0.400024,4.394531,-1.464844,-1.892090,sit_stand_sit
1769345823.8759327,-0.256714,-0.883301,-0.394897,5.432129,-0.244141,-1.831055,sit_stand_sit
1769345823.896864,-0.254761,-0.892090,-0.393555,5.737307,-0.183106,-1.037598,sit_stand_sit
1769345823.9162269,-0.243164,-0.880859,-0.393188,6.286623,-0.366211,-0.427246,sit_stand_sit
1769345823.9362564,-0.240845,-0.883789,-0.386719,6.896975,-0.854492,-1.098633,sit_stand_sit
1769345823.9566615,-0.232788,-0.877441,-0.388794,7.080080,-1.037598,-2.014160,sit_stand_sit
1769345823.9780543,-0.230835,-0.872192,-0.388672,7.812502,-2.014160,-3.295899,sit_stand_sit
1769345823.9961343,-0.246216,-0.879028,-0.387207,8.056641,-0.854492,-5.310059,sit_stand_sit
1769345824.018336,-0.221436,-0.860840,-0.392212,8.422852,0.000000,-8.300781,sit_stand_sit
1769345824.0359194,-0.219116,-0.866211,-0.380615,10.375977,-1.525879,-11.474613,sit_stand_sit
1769345824.0560188,-0.229126,-0.869873,-0.380615,9.887695,-4.821777,-16.174316,sit_stand_sit
1769345824.0792487,-0.252808,-0.874512,-0.375244,9.643555,-3.356935,-19.653320,sit_stand_sit
1769345824.09845,-0.254883,-0.866089,-0.372803,10.620117,-0.244141,-22.399910,sit_stand_sit
1769345824.1163602,-0.252686,-0.876831,-0.366333,10.864258,2.868653,-24.902351,sit_stand_sit
1769345824.1378276,-0.243652,-0.887085,-0.363281,13.610844,5.676271,-24.475105,sit_stand_sit
1769345824.1574347,-0.241089,-0.894287,-0.368530,14.953617,6.652834,-26.428230,sit_stand_sit
1769345824.176056,-0.245483,-0.918457,-0.366699,14.770512,9.094238,-28.076180,sit_stand_sit
1769345824.197708,-0.236450,-0.923218,-0.356812,17.089844,12.634281,-27.832039,sit_stand_sit
1769345824.2063653,-0.225586,-0.952271,-0.366089,17.700195,15.075687,-29.296883,sit_stand_sit
1769345824.2377715,-0.237671,-0.973877,-0.361572,18.615723,19.104004,-30.395515,sit_stand_sit
1769345824.2560737,-0.211182,-1.012573,-0.351440,18.188477,24.169930,-31.860359,sit_stand_sit
1769345824.2771068,-0.142456,-1.052979,-0.351074,22.460945,23.437508,-32.409668,sit_stand_sit
1769345824.297717,-0.058838,-1.136475,-0.325684,27.832039,18.432617,-33.386230,sit_stand_sit
1769345824.3170938,0.031616,-1.271362,-0.302734,35.156250,1.953125,-37.658691,sit_stand_sit
1769345824.3376029,0.087769,-1.297241,-0.275513,38.391113,-7.019045,-39.184570,sit_stand_sit
1769345824.3562794,0.044189,-1.295166,-0.264160,37.353516,-5.798342,-35.705566,sit_stand_sit
1769345824.3793027,-0.002441,-1.270752,-0.274048,35.217285,4.455566,-34.973145,sit_stand_sit
1769345824.3977168,-0.019775,-1.284790,-0.285889,32.653809,10.986328,-34.790039,sit_stand_sit
1769345824.418784,-0.007324,-1.261475,-0.292114,27.526863,14.221195,-30.090340,sit_stand_sit
1769345824.4375486,0.035522,-1.189819,-0.309326,24.414070,13.549809,-19.531250,sit_stand_sit
1769345824.4581418,0.057861,-1.172485,-0.308228,25.512703,6.774904,-14.404301,sit_stand_sit
1769345824.4767168,0.072998,-1.183838,-0.297729,25.329597,-2.380371,-10.070801,sit_stand_sit
1769345824.4967413,0.050781,-1.150146,-0.303467,21.728516,-12.268070,-6.164553,sit_stand_sit
1769345824.5177517,0.003540,-1.101685,-0.287231,20.019531,-18.432617,-4.028320,sit_stand_sit
1769345824.5388303,-0.052856,-1.069458,-0.285034,17.211914,-12.634281,-6.164553,sit_stand_sit
1769345824.5586255,-0.000122,-1.028320,-0.268677,15.563969,1.586915,-11.901859,sit_stand_sit
1769345824.5764852,0.083130,-0.968262,-0.209717,20.263672,-1.586915,-12.634281,sit_stand_sit
1769345824.5984757,0.024292,-0.995605,-0.143066,16.845703,-6.286623,-11.718754,sit_stand_sit
1769345824.616324,0.008057,-0.967041,-0.097412,10.498047,-4.760742,-8.972168,sit_stand_sit
1769345824.638702,0.011963,-0.935669,-0.070068,5.615236,-1.220703,-6.286623,sit_stand_sit
1769345824.6579602,-0.000122,-0.904053,-0.069946,1.037598,6.652834,-3.479005,sit_stand_sit
1769345824.6787083,0.006470,-0.881958,-0.068970,-1.159668,14.709476,-0.732422,sit_stand_sit
1769345824.6964018,0.040039,-0.864990,-0.081787,-4.211426,19.165039,4.760742,sit_stand_sit
1769345824.7163947,0.032959,-0.844971,-0.109253,-5.493164,16.296387,8.666992,sit_stand_sit
1769345824.7369761,0.027344,-0.838257,-0.123657,-5.310059,12.146000,10.437012,sit_stand_sit
1769345824.756029,0.034668,-0.841431,-0.130737,-4.638672,7.202150,10.620117,sit_stand_sit
1769345824.7789164,0.034424,-0.842896,-0.130005,-4.760742,0.610352,10.070801,sit_stand_sit
1769345824.7981598,0.022827,-0.819702,-0.122314,-7.446291,-3.906251,5.981447,sit_stand_sit
1769345824.816683,0.062012,-0.773804,-0.128052,-7.995607,-13.305668,-3.540040,sit_stand_sit
1769345824.838734,0.014771,-0.812744,-0.102661,-7.202150,-12.451176,14.648441,sit_stand_sit
1769345824.8578243,0.052124,-0.764771,-0.129395,-8.239746,-14.404301,7.629396,sit_stand_sit
1769345824.8788311,0.048828,-0.780640,-0.141479,-6.958010,-18.249512,6.286623,sit_stand_sit
1769345824.8963497,0.040894,-0.803101,-0.139648,-7.385256,-22.155769,6.591799,sit_stand_sit
1769345824.9177396,0.009033,-0.815308,-0.138794,-7.019045,-23.010262,4.882813,sit_stand_sit
1769345824.9363885,-0.016968,-0.836060,-0.131226,-6.286623,-18.005371,4.455566,sit_stand_sit
1769345824.959385,-0.004395,-0.839233,-0.120850,-5.310059,-10.681152,3.417970,sit_stand_sit
1769345824.9776857,0.024292,-0.875366,-0.117676,-0.122070,-10.131836,1.342773,sit_stand_sit
1769345824.996146,0.004395,-0.943359,-0.137939,-0.122070,-10.681152,2.197266,sit_stand_sit
1769345825.0183868,-0.031982,-0.954834,-0.170044,-0.976563,-7.568361,-0.854492,sit_stand_sit
1769345825.0393448,-0.039551,-0.948364,-0.194336,-2.380371,-5.310059,-2.258301,sit_stand_sit
1769345825.0561786,-0.046997,-0.940552,-0.200684,-2.868653,-5.126953,-2.990724,sit_stand_sit
1769345825.0762086,-0.069336,-0.956421,-0.198730,-2.197266,-3.234864,-4.333496,sit_stand_sit
1769345825.0976381,-0.067871,-1.004272,-0.215454,-2.258301,1.647950,-2.502441,sit_stand_sit
1769345825.1179225,-0.041382,-1.012451,-0.221069,-3.234864,0.183106,0.366211,sit_stand_sit
1769345825.1371489,-0.028687,-1.020996,-0.218994,-3.906251,-4.211426,2.746582,sit_stand_sit
1769345825.157149,-0.029541,-1.008179,-0.224854,-5.065918,-9.399414,6.835939,sit_stand_sit
1769345825.1767168,-0.048706,-0.979492,-0.225830,-4.760742,-10.803223,9.155273,sit_stand_sit
1769345825.1962004,-0.059814,-0.981323,-0.219971,-3.967286,-7.019045,8.483887,sit_stand_sit
1769345825.2159894,-0.051636,-0.986816,-0.211304,-4.577637,0.000000,8.605957,sit_stand_sit
1769345825.2362432,-0.030151,-0.963379,-0.200195,-5.065918,8.361816,8.239746,sit_stand_sit
1769345825.2565656,-0.023315,-0.950806,-0.197754,-4.272461,12.023930,7.263186,sit_stand_sit
1769345825.2777166,-0.010132,-0.953735,-0.187622,-2.868653,13.061527,6.286623,sit_stand_sit
1769345825.2963607,-0.009155,-0.967529,-0.180298,-1.892090,11.413578,4.943848,sit_stand_sit
1769345825.3177774,-0.014893,-0.980591,-0.176636,-1.586915,10.437012,3.845216,sit_stand_sit
1769345825.3386116,-0.020874,-0.983398,-0.176758,-1.220703,10.681152,3.723145,sit_stand_sit
1769345825.3579369,-0.017578,-0.993042,-0.173584,-0.488281,11.291508,2.502441,sit_stand_sit
1769345825.3788466,0.002808,-1.002319,-0.174072,0.061035,9.765625,1.342773,sit_stand_sit
1769345825.3989322,0.015259,-0.992798,-0.188599,-0.366211,5.920412,1.159668,sit_stand_sit
1769345825.4163916,0.010864,-0.979370,-0.197754,0.488281,2.624512,0.610352,sit_stand_sit
1769345825.4390519,0.000122,-0.992554,-0.193726,1.403809,1.159668,-1.281738,sit_stand_sit
1769345825.4577634,-0.005493,-0.989014,-0.202026,0.427246,3.601075,-1.159668,sit_stand_sit
1769345825.476385,-0.003296,-0.978760,-0.203979,0.854492,6.164553,-0.976563,sit_stand_sit
1769345825.4961967,-0.000244,-0.988770,-0.200195,0.976563,6.652834,-2.502441,sit_stand_sit
1769345825.5191984,0.004761,-0.993652,-0.205688,0.671387,5.187988,-2.502441,sit_stand_sit
1769345825.5377872,0.000244,-0.996460,-0.205566,0.305176,1.342773,-2.746582,sit_stand_sit
1769345825.556049,-0.010742,-0.993896,-0.200562,-0.122070,-1.220703,-2.868653,sit_stand_sit
1769345825.5763211,-0.020630,-0.991333,-0.195068,0.122070,-2.258301,-2.319336,sit_stand_sit
1769345825.596094,-0.026733,-0.985352,-0.198364,-0.183106,-2.258301,-1.708985,sit_stand_sit
1769345825.6172419,-0.031738,-0.974854,-0.202271,0.427246,-2.380371,-1.220703,sit_stand_sit
1769345825.6400054,-0.041138,-0.979736,-0.196533,0.061035,-1.342773,-0.854492,sit_stand_sit
1769345825.657597,-0.037720,-0.979004,-0.196045,-0.244141,-0.366211,-0.183106,sit_stand_sit
1769345825.6791878,-0.039795,-0.975098,-0.201416,-0.366211,0.122070,0.122070,sit_stand_sit
1769345825.6984644,-0.043945,-0.978149,-0.200195,-0.244141,0.976563,0.427246,sit_stand_sit
1769345825.7161772,-0.044434,-0.984497,-0.197754,-0.061035,2.746582,0.671387,sit_stand_sit
1769345825.7361686,-0.033447,-0.987427,-0.197021,-0.366211,4.211426,0.915528,sit_stand_sit
1769345825.7580776,-0.019165,-0.979126,-0.200073,-0.427246,4.577637,1.037598,sit_stand_sit
1769345825.7764487,-0.016968,-0.988525,-0.196655,-0.488281,4.760742,0.549316,sit_stand_sit
1769345825.799735,-0.006470,-0.984619,-0.195801,-1.098633,4.638672,0.488281,sit_stand_sit
1769345825.8175366,-0.007813,-0.975708,-0.196777,-0.976563,3.540040,0.488281,sit_stand_sit
1769345825.8385825,-0.010620,-0.972168,-0.194458,-0.366211,2.746582,0.427246,sit_stand_sit
1769345825.8594408,-0.010620,-0.971313,-0.192627,-0.122070,3.051759,0.549316,sit_stand_sit
1769345825.8765168,-0.016724,-0.966797,-0.195923,-0.122070,3.112794,0.549316,sit_stand_sit
1769345825.8962314,-0.021729,-0.951050,-0.192139,0.122070,3.417970,-0.122070,sit_stand_sit
1769345825.9161308,-0.018799,-0.945557,-0.183228,-0.183106,4.211426,-0.976563,sit_stand_sit
1769345825.9371412,-0.003662,-0.911133,-0.194092,-1.220703,3.540040,-1.037598,sit_stand_sit
1769345825.9575138,-0.017700,-0.885620,-0.191162,-0.915528,4.638672,-0.427246,sit_stand_sit
1769345825.9764745,-0.013916,-0.862915,-0.182739,-0.183106,7.324221,-0.976563,sit_stand_sit
1769345825.9989743,0.000732,-0.843750,-0.181152,0.122070,9.887695,-1.831055,sit_stand_sit
1769345826.0178187,0.026733,-0.771240,-0.166382,0.122070,7.629396,-1.831055,sit_stand_sit
1769345826.040172,0.011597,-0.737305,-0.148804,1.098633,3.723145,-2.990724,sit_stand_sit
1769345826.058332,-0.019409,-0.725708,-0.136719,2.197266,4.028320,-5.065918,sit_stand_sit
1769345826.0784311,-0.034546,-0.746216,-0.123291,3.051759,9.704590,-7.263186,sit_stand_sit
1769345826.0962875,-0.032471,-0.764893,-0.116089,1.831055,16.845703,-8.605957,sit_stand_sit
1769345826.117828,-0.029297,-0.793213,-0.100952,1.708985,23.498543,-9.216309,sit_stand_sit
1769345826.13765,-0.111816,-0.875610,-0.076660,-0.610352,42.297363,-10.620117,sit_stand_sit
1769345826.1578531,-0.107544,-0.923950,-0.103638,-8.544922,89.050323,-10.437012,sit_stand_sit
1769345826.1797729,0.013428,-0.902710,-0.151367,-9.521484,101.379425,-7.568361,sit_stand_sit
1769345826.1995003,0.105591,-0.898193,-0.208008,-7.019045,88.562042,-6.347658,sit_stand_sit
1769345826.219422,0.146362,-0.928833,-0.254761,-2.014160,61.645523,-7.202150,sit_stand_sit
1769345826.238512,0.142090,-0.977173,-0.284302,0.244141,32.104492,-6.835939,sit_stand_sit
1769345826.2573876,0.108887,-0.996582,-0.276123,0.366211,7.690432,-4.272461,sit_stand_sit
1769345826.277979,0.061890,-0.996460,-0.246338,-1.647950,-13.183598,-1.464844,sit_stand_sit
1769345826.2996314,0.043335,-0.991455,-0.225586,-2.380371,-18.127441,0.427246,sit_stand_sit
1769345826.318688,0.039185,-1.013550,-0.201416,-2.380371,-20.446777,2.319336,sit_stand_sit
1769345826.3382392,0.036377,-1.040771,-0.187622,-3.112794,-21.240234,3.906251,sit_stand_sit
1769345826.3577533,0.022217,-1.024902,-0.190308,-4.699707,-20.202637,7.324221,sit_stand_sit
1769345826.3781004,0.016357,-0.998657,-0.186890,-4.699707,-17.456055,11.108402,sit_stand_sit
1769345826.3975315,0.025024,-1.010498,-0.179321,-4.516602,-13.305668,11.474613,sit_stand_sit
1769345826.4161885,0.033813,-1.071289,-0.175049,-4.455566,-9.033203,10.437012,sit_stand_sit
1769345826.4374707,0.044678,-1.120483,-0.182495,-6.591799,-7.873537,10.925293,sit_stand_sit
1769345826.4603124,0.074097,-1.138062,-0.175659,-9.948730,-12.451176,14.221195,sit_stand_sit
1769345826.4775045,0.072144,-1.163330,-0.244995,-18.798828,-16.540527,18.249512,sit_stand_sit
1769345826.4992828,0.062866,-1.076782,-0.268311,-22.216805,-16.052246,23.437508,sit_stand_sit
1769345826.518864,0.014771,-1.124878,-0.332031,-18.981934,-25.085457,26.611336,sit_stand_sit
1769345826.5408485,-0.203003,-1.207275,-0.280518,-30.944832,-5.432129,28.564461,sit_stand_sit
1769345826.5585966,-0.062256,-1.140869,-0.336914,-34.240723,36.499023,37.109375,sit_stand_sit
1769345826.5762925,0.039429,-1.140015,-0.379639,-37.109375,31.555183,37.719727,sit_stand_sit
1769345826.5962768,0.148560,-1.056396,-0.394775,-36.682129,0.183106,40.405273,sit_stand_sit
1769345826.617627,0.068359,-1.018188,-0.386353,-36.437988,-29.418953,42.846680,sit_stand_sit
1769345826.6376557,-0.020386,-0.987183,-0.340454,-37.963867,-38.818359,39.306641,sit_stand_sit
1769345826.6586893,-0.104004,-0.967773,-0.314697,-39.123535,-36.499023,33.935547,sit_stand_sit
1769345826.678682,-0.196289,-0.976563,-0.312866,-39.489746,-12.451176,23.925789,sit_stand_sit
1769345826.6985204,-0.168579,-1.001831,-0.334351,-35.766602,-6.286623,18.554688,sit_stand_sit
1769345826.7164142,-0.160034,-1.021118,-0.364502,-32.836914,-11.718754,15.136723,sit_stand_sit
1769345826.7571545,-0.146729,-1.005615,-0.394165,-28.442390,-21.728516,13.061527,sit_stand_sit
1769345826.7763534,-0.148682,-0.986816,-0.425171,-23.376472,-32.836914,12.512211,sit_stand_sit
1769345826.778377,-0.139282,-0.962402,-0.466553,-19.226074,-44.250504,13.366703,sit_stand_sit
1769345826.7977042,-0.176880,-0.939209,-0.486694,-16.235352,-53.344742,14.892582,sit_stand_sit
1769345826.8173723,-0.227905,-0.875122,-0.467163,-13.549809,-40.771484,13.061527,sit_stand_sit
1769345826.8365214,-0.233398,-0.867310,-0.438354,-12.084965,-29.174812,12.573246,sit_stand_sit
1769345826.856462,-0.241943,-0.872681,-0.432007,-11.596684,-17.517090,9.582520,sit_stand_sit
1769345826.8781874,-0.232788,-0.880615,-0.433594,-10.192871,-8.911133,3.540040,sit_stand_sit
1769345826.8961234,-0.202637,-0.860107,-0.432129,-8.728027,-5.310059,1.525879,sit_stand_sit
1769345826.9161224,-0.205688,-0.884155,-0.419434,-5.432129,-8.422852,-0.427246,sit_stand_sit
1769345826.9362516,-0.280762,-0.924316,-0.438354,-9.155273,-18.493652,-8.972168,sit_stand_sit
1769345826.9563415,-0.285889,-0.907959,-0.425171,-8.544922,-23.986824,-14.404301,sit_stand_sit
1769345826.977721,-0.208862,-0.851440,-0.372559,-5.432129,-27.404793,-17.944336,sit_stand_sit
1769345826.997235,-0.291382,-0.843506,-0.374268,-4.028320,-20.324707,-10.681152,sit_stand_sit
1769345827.0187037,-0.315796,-0.851318,-0.407227,-3.295899,-4.943848,-7.873537,sit_stand_sit
1769345827.0384016,-0.259521,-0.855591,-0.456055,-2.746582,-3.051759,-9.155273,sit_stand_sit
1769345827.057564,-0.268921,-0.853760,-0.469727,-3.967286,-3.417970,-9.338379,sit_stand_sit
1769345827.0760365,-0.233765,-0.841309,-0.441895,-2.136230,1.892090,-6.652834,sit_stand_sit
1769345827.0986125,-0.200684,-0.851196,-0.428223,-0.244141,-1.831055,-5.859377,sit_stand_sit
1769345827.1173277,-0.215942,-0.861450,-0.412354,1.403809,-6.225588,-4.272461,sit_stand_sit
1769345827.1376278,-0.216675,-0.878540,-0.393066,2.014160,-8.911133,-4.516602,sit_stand_sit
1769345827.157186,-0.266724,-0.899902,-0.371582,2.014160,-5.126953,-2.746582,sit_stand_sit
1769345827.178155,-0.253418,-0.904541,-0.356934,1.342773,1.647950,-2.685547,sit_stand_sit
1769345827.1986704,-0.207642,-0.908447,-0.364868,1.159668,2.502441,-3.356935,sit_stand_sit
1769345827.216853,-0.175415,-0.896362,-0.395508,0.915528,-2.624512,-3.417970,sit_stand_sit
1769345827.2368603,-0.177490,-0.890015,-0.409668,1.159668,-4.333496,-2.319336,sit_stand_sit
1769345827.2561321,-0.183105,-0.893555,-0.423218,0.915528,-3.845216,-1.342773,sit_stand_sit
1769345827.2763968,-0.190308,-0.906006,-0.432007,0.976563,-3.173829,-1.403809,sit_stand_sit
1769345827.2972934,-0.205322,-0.907837,-0.429321,1.281738,-3.173829,-1.831055,sit_stand_sit
1769345827.3176634,-0.216797,-0.904053,-0.424438,1.831055,-0.488281,-1.892090,sit_stand_sit
1769345827.3373187,-0.202759,-0.912598,-0.402344,3.356935,2.258301,-1.892090,sit_stand_sit
1769345827.3565037,-0.209717,-0.905884,-0.400146,3.906251,3.295899,-1.159668,sit_stand_sit
1769345827.3770504,-0.208374,-0.906372,-0.399048,4.333496,5.554201,-0.976563,sit_stand_sit
1769345827.396555,-0.199951,-0.902588,-0.400513,4.089355,6.652834,-0.549316,sit_stand_sit
1769345827.4188924,-0.193359,-0.898193,-0.407959,3.784181,6.347658,-0.183106,sit_stand_sit
1769345827.4360034,-0.192017,-0.893799,-0.413574,3.540040,5.554201,-0.244141,sit_stand_sit
1769345827.4567568,-0.185181,-0.893311,-0.415527,3.112794,4.455566,-0.732422,sit_stand_sit
1769345827.476695,-0.183594,-0.894531,-0.412720,1.953125,2.624512,-0.610352,sit_stand_sit
1769345827.4973645,-0.174683,-0.890991,-0.406372,1.586915,1.220703,-0.122070,sit_stand_sit
1769345827.5189757,-0.180786,-0.900879,-0.399658,0.915528,0.122070,0.366211,sit_stand_sit
1769345827.538202,-0.194824,-0.914307,-0.397217,0.000000,0.000000,-0.366211,sit_stand_sit
1769345827.5592713,-0.187500,-0.912964,-0.395386,-0.793457,0.000000,-1.586915,sit_stand_sit
1769345827.5672028,-0.173706,-0.907593,-0.389648,-0.732422,-0.854492,-2.746582,sit_stand_sit
1769345827.598199,-0.176147,-0.906250,-0.394043,-0.305176,-5.126953,-3.601075,sit_stand_sit
1769345827.6179981,-0.191772,-0.906616,-0.401245,-0.183106,-6.103518,-3.723145,sit_stand_sit
1769345827.637074,-0.197388,-0.903198,-0.405029,-0.061035,-6.225588,-3.295899,sit_stand_sit
1769345827.6586232,-0.203369,-0.900879,-0.406250,0.122070,-4.638672,-2.319336,sit_stand_sit
1769345827.6770878,-0.200562,-0.897095,-0.408203,0.488281,-4.150391,-1.953125,sit_stand_sit
1769345827.698455,-0.205933,-0.896973,-0.406372,0.915528,-3.662110,-1.342773,sit_stand_sit
1769345827.716116,-0.205566,-0.896606,-0.403687,0.915528,-3.051759,-0.793457,sit_stand_sit
1769345827.7360718,-0.211060,-0.895508,-0.403931,1.159668,-0.305176,-0.366211,sit_stand_sit
1769345827.7573483,-0.207764,-0.895996,-0.401489,1.464844,0.854492,0.488281,sit_stand_sit
1769345827.7760758,-0.205688,-0.894897,-0.400513,1.281738,2.807618,1.281738,sit_stand_sit
1769345827.7988222,-0.196655,-0.894165,-0.403809,1.342773,4.882813,1.464844,sit_stand_sit
1769345827.81759,-0.183472,-0.904297,-0.399658,1.403809,4.821777,1.281738,sit_stand_sit
1769345827.8386421,-0.191895,-0.908813,-0.402466,1.037598,3.845216,0.854492,sit_stand_sit
1769345827.8589733,-0.199707,-0.905151,-0.404907,0.976563,4.516602,-0.793457,sit_stand_sit
1769345827.879435,-0.178223,-0.906006,-0.403931,1.220703,3.784181,-1.464844,sit_stand_sit
1769345827.89632,-0.177002,-0.909668,-0.402588,0.854492,1.586915,-1.647950,sit_stand_sit
1769345827.9174147,-0.185669,-0.905640,-0.402954,0.549316,-0.061035,-1.831055,sit_stand_sit
1769345827.9371374,-0.190674,-0.901855,-0.401733,0.488281,-0.610352,-2.197266,sit_stand_sit
1769345827.9577892,-0.191284,-0.900146,-0.396729,0.610352,-0.549316,-2.380371,sit_stand_sit
1769345827.9783754,-0.189575,-0.894409,-0.395630,0.854492,-0.061035,-2.136230,sit_stand_sit
1769345827.997411,-0.183594,-0.893555,-0.392212,1.770020,0.488281,-1.281738,sit_stand_sit
1769345828.0164306,-0.181396,-0.892334,-0.386841,2.502441,-0.061035,-0.610352,sit_stand_sit
1769345828.0365305,-0.186890,-0.888428,-0.382935,3.417970,0.366211,0.244141,sit_stand_sit
1769345828.058708,-0.189331,-0.883057,-0.382690,4.394531,2.014160,1.037598,sit_stand_sit
1769345828.0764456,-0.177124,-0.879517,-0.373779,5.371094,2.929688,1.831055,sit_stand_sit
1769345828.0970383,-0.164795,-0.870728,-0.365356,6.530764,4.089355,2.136230,sit_stand_sit
1769345828.1179574,-0.150024,-0.875000,-0.355469,7.934572,3.662110,2.624512,sit_stand_sit
1769345828.137789,-0.187988,-0.873901,-0.360352,10.070801,3.906251,-1.098633,sit_stand_sit
1769345828.1567056,-0.197510,-0.870972,-0.373413,13.183598,7.141115,-4.455566,sit_stand_sit
1769345828.177984,-0.209229,-0.870728,-0.383423,12.817387,9.277344,-9.094238,sit_stand_sit
1769345828.1988869,-0.215332,-0.875366,-0.395752,16.784668,11.779789,-12.939457,sit_stand_sit
1769345828.2171674,-0.237061,-0.860840,-0.412231,16.540527,13.671879,-21.545410,sit_stand_sit
1769345828.239606,-0.244019,-0.888794,-0.402588,13.427738,17.028809,-26.428230,sit_stand_sit
1769345828.2471962,-0.229736,-0.913696,-0.396240,16.845703,22.399910,-25.817879,sit_stand_sit
1769345828.278567,-0.227417,-0.912354,-0.393799,17.456055,25.146492,-27.465828,sit_stand_sit
1769345828.2970915,-0.179077,-0.935059,-0.405518,17.761230,23.803719,-26.123055,sit_stand_sit
1769345828.3178487,-0.158203,-0.925293,-0.389404,17.150879,17.944336,-24.963387,sit_stand_sit
1769345828.3363163,-0.141235,-0.938110,-0.363403,19.531250,11.840824,-25.634773,sit_stand_sit
1769345828.3597307,-0.112671,-0.995850,-0.326416,21.118164,10.620117,-24.230965,sit_stand_sit
1769345828.3791628,-0.096069,-1.003784,-0.312378,20.263672,3.967286,-28.930672,sit_stand_sit
1769345828.3969636,-0.040405,-1.119141,-0.292236,29.724129,9.582520,-30.395515,sit_stand_sit
1769345828.4189255,0.009155,-1.164917,-0.276733,33.142090,6.103518,-27.832039,sit_stand_sit
1769345828.4379258,0.021606,-1.226196,-0.299194,37.048340,5.371094,-31.860359,sit_stand_sit
1769345828.4586694,0.071777,-1.277588,-0.332764,41.992188,-1.770020,-38.879395,sit_stand_sit
1769345828.4786143,0.088745,-1.317505,-0.333618,42.724609,-15.502934,-38.940430,sit_stand_sit
1769345828.497933,0.105835,-1.253052,-0.306763,42.602539,-27.832039,-37.597656,sit_stand_sit
1769345828.516415,0.107178,-1.232178,-0.248535,47.912613,-42.236328,-36.010742,sit_stand_sit
1769345828.5393846,0.027222,-1.304565,-0.183472,45.410172,-44.372574,-30.212410,sit_stand_sit
1769345828.5564928,-0.066772,-1.341431,-0.150879,36.437988,-32.714844,-21.606445,sit_stand_sit
1769345828.5787847,-0.036865,-1.313965,-0.157715,25.268562,-11.230473,-14.892582,sit_stand_sit
1769345828.5960395,0.072144,-1.231812,-0.186890,19.104004,-0.549316,-7.568361,sit_stand_sit
1769345828.6185262,0.091553,-1.159058,-0.224121,19.409180,-5.004883,-1.586915,sit_stand_sit
1769345828.6379044,0.093506,-1.110840,-0.255371,18.737793,-12.268070,-1.464844,sit_stand_sit
1769345828.656581,0.024902,-1.040649,-0.285034,19.042969,-12.817387,-6.103518,sit_stand_sit
1769345828.6786156,0.064209,-0.997314,-0.254272,21.423340,-16.723633,-10.681152,sit_stand_sit
1769345828.696453,0.072998,-0.980103,-0.201050,24.108894,-29.113777,-12.817387,sit_stand_sit
1769345828.7230084,0.027710,-0.969727,-0.148926,18.737793,-33.203125,-14.099125,sit_stand_sit
1769345828.7394369,0.025879,-0.933960,-0.129028,12.329105,-24.414070,-14.404301,sit_stand_sit
1769345828.756532,0.055054,-0.908447,-0.121460,6.347658,-14.709476,-14.404301,sit_stand_sit
1769345828.7760012,0.061279,-0.896484,-0.102783,1.159668,-9.399414,-12.146000,sit_stand_sit
1769345828.7964044,0.033936,-0.907104,-0.052612,-4.089355,-1.281738,-5.554201,sit_stand_sit
1769345828.8183694,0.021606,-0.878296,-0.048096,-8.056641,7.934572,0.610352,sit_stand_sit
1769345828.8383687,0.037964,-0.844116,-0.067505,-8.605957,15.991215,2.685547,sit_stand_sit
1769345828.8578672,0.057129,-0.836182,-0.091309,-11.413578,17.700195,-3.784181,sit_stand_sit
1769345828.8785233,0.105103,-0.826294,-0.108154,-8.972168,8.850098,-6.896975,sit_stand_sit
1769345828.898597,0.041992,-0.850830,-0.102783,-9.521484,6.469728,8.239746,sit_stand_sit
1769345828.9162128,0.079468,-0.756592,-0.107666,-12.023930,-7.080080,3.723145,sit_stand_sit
1769345828.9386008,0.060791,-0.753174,-0.090210,-8.728027,-12.329105,2.075195,sit_stand_sit
1769345828.9564004,0.066528,-0.752686,-0.086670,-7.568361,-12.573246,-0.610352,sit_stand_sit
1769345828.9769905,0.085205,-0.752930,-0.099243,-6.835939,-16.601563,1.953125,sit_stand_sit
1769345829.000595,0.050049,-0.766113,-0.106812,-5.859377,-18.432617,7.690432,sit_stand_sit
1769345829.0199797,0.014771,-0.765015,-0.115356,-4.882813,-15.319828,8.056641,sit_stand_sit
1769345829.038514,-0.006470,-0.799561,-0.105957,-2.197266,-9.643555,6.408693,sit_stand_sit
1769345829.0563831,-0.036621,-0.877563,-0.091431,0.183106,0.366211,5.493164,sit_stand_sit
1769345829.0792038,-0.055054,-0.913452,-0.095825,0.122070,6.835939,6.408693,sit_stand_sit
1769345829.0970492,-0.062378,-0.925903,-0.097046,0.549316,12.512211,7.324221,sit_stand_sit
1769345829.1193166,-0.059937,-0.964111,-0.092529,2.014160,19.775391,7.385256,sit_stand_sit
1769345829.1371567,-0.060547,-1.002563,-0.098999,1.770020,29.663094,7.751467,sit_stand_sit
1769345829.1577902,-0.034424,-1.003906,-0.125732,-1.037598,38.452148,8.850098,sit_stand_sit
1769345829.1787672,0.086304,-0.978760,-0.197144,-2.624512,35.034180,7.141115,sit_stand_sit
1769345829.198977,0.163818,-0.986450,-0.229614,-2.258301,18.371582,6.164553,sit_stand_sit
1769345829.2162404,0.165527,-0.992188,-0.236816,-5.004883,1.220703,8.239746,sit_stand_sit
1769345829.2421706,0.120239,-0.973267,-0.209351,-7.507326,-7.141115,9.399414,sit_stand_sit
1769345829.2561798,0.060913,-0.955322,-0.176636,-9.460449,-6.530764,10.803223,sit_stand_sit
1769345829.2769957,0.043579,-0.944946,-0.151367,-8.728027,-0.671387,10.986328,sit_stand_sit
1769345829.2962859,0.036987,-0.963867,-0.134521,-6.835939,3.479005,9.887695,sit_stand_sit
1769345829.3189259,0.048340,-0.975586,-0.134155,-6.225588,4.455566,9.643555,sit_stand_sit
1769345829.336517,0.066040,-0.972656,-0.132813,-7.690432,3.479005,9.033203,sit_stand_sit
1769345829.3585706,-0.042969,-0.966919,-0.113525,-1.159668,7.568361,5.554201,sit_stand_sit
1769345829.3787844,0.013916,-1.007690,-0.125977,-2.319336,10.803223,2.075195,sit_stand_sit
1769345829.3960981,0.001831,-0.998169,-0.134766,-2.380371,12.512211,1.464844,sit_stand_sit
1769345829.416449,0.006958,-1.013550,-0.141235,-1.159668,16.906738,0.732422,sit_stand_sit
1769345829.4385834,0.052734,-1.025513,-0.148682,-1.403809,16.418457,0.000000,sit_stand_sit
1769345829.4570448,0.094727,-1.003296,-0.162354,-2.075195,6.286623,0.183106,sit_stand_sit
1769345829.4774387,0.080322,-0.982666,-0.168091,-0.671387,-1.220703,-1.586915,sit_stand_sit
1769345829.4985926,0.098511,-1.009521,-0.171143,0.000000,-4.516602,3.906251,sit_stand_sit
1769345829.517218,0.071533,-0.980835,-0.171509,-1.159668,-11.901859,2.441406,sit_stand_sit
1769345829.5389996,0.021240,-0.964844,-0.165039,2.746582,-10.803223,-1.220703,sit_stand_sit
1769345829.7284086,0.020752,-0.987671,-0.160645,2.746582,-9.643555,-0.427246,sit_stand_sit
1769345829.7322323,0.003296,-0.968994,-0.165405,1.403809,-10.314941,0.244141,sit_stand_sit
1769345829.7322323,-0.013794,-0.980957,-0.165649,1.647950,-9.399414,0.244141,sit_stand_sit
1769345829.7322323,-0.021973,-0.990601,-0.171631,0.671387,-8.728027,-0.305176,sit_stand_sit
1769345829.7332416,-0.028931,-1.002686,-0.175903,0.732422,-9.155273,-0.976563,sit_stand_sit
1769345829.7332416,-0.033203,-1.021729,-0.173462,-0.305176,-9.704590,-0.366211,sit_stand_sit
1769345829.7332416,-0.036255,-1.015869,-0.174194,-1.342773,-10.009766,-0.061035,sit_stand_sit
1769345829.7332416,-0.038696,-1.001221,-0.183228,-1.647950,-9.338379,0.610352,sit_stand_sit
1769345829.936317,-0.034912,-0.993164,-0.182129,-1.098633,-8.178711,1.708985,sit_stand_sit
1769345829.9373784,-0.039185,-0.984497,-0.184204,-1.647950,-4.516602,3.051759,sit_stand_sit
1769345829.9373784,-0.028198,-0.973633,-0.182007,-2.075195,-0.122070,4.455566,sit_stand_sit
1769345829.9373784,-0.014404,-0.967407,-0.175781,-2.136230,3.234864,4.211426,sit_stand_sit
1769345829.9373784,-0.006470,-0.970337,-0.174805,-1.892090,5.432129,3.723145,sit_stand_sit
1769345829.9373784,-0.003662,-0.977051,-0.173218,-2.075195,6.042482,3.540040,sit_stand_sit
1769345829.9373784,0.000122,-0.990967,-0.168213,-1.708985,4.516602,1.831055,sit_stand_sit
1769345829.9373784,-0.000732,-1.006958,-0.162598,-1.647950,2.807618,1.464844,sit_stand_sit
1769345829.9373784,-0.006592,-1.004028,-0.163818,-2.136230,2.075195,1.770020,sit_stand_sit
1769345829.9373784,-0.006226,-0.996704,-0.168823,-1.892090,1.708985,2.136230,sit_stand_sit
1769345829.9373784,-0.002319,-0.993774,-0.175049,-1.647950,1.647950,2.014160,sit_stand_sit
1769345829.9373784,-0.000366,-0.991943,-0.178711,-1.525879,1.586915,2.075195,sit_stand_sit
1769345829.9585042,-0.004395,-0.990234,-0.177246,-1.708985,2.258301,2.075195,sit_stand_sit
1769345829.9778972,-0.000488,-0.989014,-0.179077,-1.770020,3.051759,1.892090,sit_stand_sit
1769345829.998155,-0.002808,-0.989868,-0.178223,-1.525879,2.197266,1.892090,sit_stand_sit
1769345830.0184827,-0.009766,-0.989136,-0.174683,-1.708985,1.403809,1.586915,sit_stand_sit
1769345830.0391357,-0.016602,-0.985718,-0.170044,-1.464844,1.037598,1.647950,sit_stand_sit
1769345830.0574148,-0.016968,-0.987793,-0.169312,-1.464844,0.854492,1.525879,sit_stand_sit
1769345830.0761828,-0.014648,-0.982178,-0.174316,-1.281738,-0.122070,1.586915,sit_stand_sit
1769345830.0978177,-0.020142,-0.984741,-0.180786,-0.915528,-0.732422,1.464844,sit_stand_sit
1769345830.117466,-0.017700,-0.995728,-0.183716,-0.915528,-0.915528,1.037598,sit_stand_sit
1769345830.1378188,-0.013916,-0.990723,-0.182739,-1.342773,-1.342773,0.915528,sit_stand_sit
1769345830.2060556,-0.023438,-0.986694,-0.192505,-1.647950,-0.976563,0.793457,sit_stand_sit
1769345830.2083538,-0.021973,-0.983765,-0.189697,-0.793457,-0.122070,0.793457,sit_stand_sit
1769345830.210382,-0.020386,-0.998779,-0.182007,-1.159668,-0.244141,0.366211,sit_stand_sit
1769345830.2218454,-0.023804,-0.984497,-0.189087,-1.831055,0.244141,0.793457,sit_stand_sit
1769345830.2381084,-0.030273,-0.977539,-0.183228,-1.098633,1.525879,1.281738,sit_stand_sit
1769345830.255989,-0.022827,-0.986450,-0.179932,-1.098633,1.525879,1.220703,sit_stand_sit
1769345830.2807658,-0.020264,-0.988281,-0.184692,-1.281738,-0.244141,1.037598,sit_stand_sit
1769345830.2960992,-0.022339,-0.986328,-0.186279,-1.403809,-2.380371,0.793457,sit_stand_sit
1769345830.3185956,-0.027954,-0.979614,-0.185547,-1.220703,-3.601075,0.854492,sit_stand_sit
1769345830.3378553,-0.033691,-0.983154,-0.183350,-0.976563,-3.234864,1.220703,sit_stand_sit
1769345830.3562064,-0.035645,-0.986328,-0.185303,-1.037598,-2.014160,1.464844,sit_stand_sit
1769345830.377936,-0.031616,-0.983276,-0.192505,-0.915528,-0.732422,1.464844,sit_stand_sit
1769345830.3989475,-0.034668,-0.980591,-0.193970,-0.732422,0.122070,1.647950,sit_stand_sit
1769345830.418574,-0.034058,-0.979980,-0.192627,-0.488281,1.220703,1.770020,sit_stand_sit
1769345830.4386826,-0.034424,-0.983887,-0.193237,-0.610352,2.197266,1.525879,sit_stand_sit
1769345830.4585907,-0.038574,-0.984131,-0.194824,-0.793457,3.173829,1.403809,sit_stand_sit
1769345830.4770272,-0.041382,-0.990234,-0.191528,-0.427246,4.394531,1.037598,sit_stand_sit
1769345830.4982266,-0.032959,-0.989258,-0.185669,-1.525879,5.187988,0.793457,sit_stand_sit
1769345830.5183303,-0.038452,-0.986572,-0.183472,-0.732422,6.103518,1.342773,sit_stand_sit
1769345830.5386481,-0.033203,-0.986328,-0.188965,-0.793457,6.713869,1.403809,sit_stand_sit
1769345830.558924,-0.029297,-0.988159,-0.193481,-0.488281,6.225588,1.159668,sit_stand_sit
1769345830.5762103,-0.027100,-0.992188,-0.192871,-0.732422,5.737307,1.037598,sit_stand_sit
1769345830.5987525,-0.026489,-0.985474,-0.193115,-1.342773,5.615236,1.037598,sit_stand_sit
1769345830.6182961,-0.032227,-0.981567,-0.188965,-1.403809,5.493164,0.976563,sit_stand_sit
1769345830.6369712,-0.035889,-0.986450,-0.193970,-1.037598,7.751467,1.586915,sit_stand_sit
1769345830.6578393,-0.026489,-0.988892,-0.191650,-0.549316,6.896975,1.403809,sit_stand_sit
1769345830.6784878,-0.037231,-0.993286,-0.191895,-1.281738,7.141115,1.220703,sit_stand_sit
1769345830.6988316,-0.034912,-0.980835,-0.193604,-1.159668,7.446291,1.525879,sit_stand_sit
1769345830.7178004,-0.034180,-0.981079,-0.189087,-1.098633,7.995607,1.708985,sit_stand_sit
1769345830.7370539,-0.031738,-0.982788,-0.187378,-0.915528,7.690432,1.586915,sit_stand_sit
1769345830.7606769,-0.028687,-0.972290,-0.192505,-1.647950,7.629396,2.380371,sit_stand_sit
1769345830.7774925,-0.032349,-0.966797,-0.190552,-0.976563,9.399414,2.136230,sit_stand_sit
1769345830.7959816,-0.028564,-0.968994,-0.189331,-0.732422,10.192871,1.586915,sit_stand_sit
1769345830.8188646,-0.021240,-0.963989,-0.190430,-0.976563,10.253906,1.403809,sit_stand_sit
1769345830.837567,-0.010742,-0.950317,-0.191406,-0.793457,8.056641,1.037598,sit_stand_sit
1769345830.8598113,-0.001831,-0.928589,-0.186646,-0.671387,4.333496,0.915528,sit_stand_sit
1769345830.8791156,0.048828,-0.875366,-0.181274,-0.671387,-0.976563,1.342773,sit_stand_sit
1769345830.896343,0.068604,-0.826416,-0.209229,1.708985,-7.385256,-5.981447,sit_stand_sit
1769345830.9163082,-0.000854,-0.812134,-0.254028,1.098633,-3.479005,-16.723633,sit_stand_sit
1769345830.9379478,-0.029663,-0.816528,-0.230957,0.305176,2.868653,-26.611336,sit_stand_sit
1769345830.9561322,-0.041016,-0.841919,-0.163696,-2.868653,4.699707,-33.142090,sit_stand_sit
1769345830.9780912,-0.063721,-0.867676,-0.114624,-6.103518,7.934572,-35.522461,sit_stand_sit
1769345830.9976015,-0.059082,-0.883301,-0.124634,-6.896975,14.099125,-33.569336,sit_stand_sit
1769345831.0176313,-0.037598,-0.906738,-0.146606,-6.103518,18.920898,-27.465828,sit_stand_sit
1769345831.0376704,-0.012329,-0.955811,-0.157471,-0.732422,14.526371,-14.465336,sit_stand_sit
1769345831.056392,-0.015991,-0.987305,-0.153564,-0.976563,8.178711,-3.967286,sit_stand_sit
1769345831.0762646,0.002563,-0.953613,-0.136719,-0.793457,-1.220703,8.850098,sit_stand_sit
1769345831.0960453,0.042236,-0.907593,-0.120605,3.112794,-17.578125,20.507813,sit_stand_sit
1769345831.1174247,0.004395,-0.853394,-0.141602,10.986328,-32.836914,22.949226,sit_stand_sit
1769345831.1382773,0.012451,-0.968872,-0.135376,18.432617,-47.241226,42.602539,sit_stand_sit
1769345831.1571093,-0.077881,-0.904419,-0.122192,16.540527,-57.922379,53.833023,sit_stand_sit
1769345831.1779182,-0.141724,-0.903442,-0.070557,20.202637,-48.706070,57.434097,sit_stand_sit
1769345831.1987062,-0.127686,-0.955078,-0.054810,20.324707,-39.794922,58.410660,sit_stand_sit
1769345831.2180626,-0.102539,-0.994263,-0.071045,18.615723,-38.269043,57.189957,sit_stand_sit
1769345831.2362578,-0.104492,-1.014771,-0.082031,15.380863,-38.330078,54.931656,sit_stand_sit
1769345831.256523,-0.086914,-1.032227,-0.104858,11.901859,-36.254883,49.804703,sit_stand_sit
1769345831.2761858,0.001587,-1.058228,-0.204468,5.310059,-40.893555,45.837418,sit_stand_sit
1769345831.2989051,0.166504,-0.998169,-0.348755,-3.479005,-88.989288,46.081558,sit_stand_sit
1769345831.3184705,0.047729,-0.996094,-0.294922,-6.652834,-129.272461,47.058121,sit_stand_sit
1769345831.3384867,-0.238403,-1.009644,-0.185791,-10.742188,-133.789063,51.818863,sit_stand_sit
1769345831.358152,-0.403809,-0.985962,-0.148315,-9.765625,-96.984894,49.865738,sit_stand_sit
1769345831.3761446,-0.371704,-0.979248,-0.160034,-5.493164,-53.283707,47.973648,sit_stand_sit
1769345831.3961794,-0.309570,-0.980591,-0.153809,-2.563477,-32.775879,51.452652,sit_stand_sit
1769345831.4163322,-0.317383,-0.981445,-0.125732,-1.281738,-21.728516,55.908218,sit_stand_sit
1769345831.4372551,-0.351318,-0.980103,-0.092407,-0.549316,-22.460945,55.603043,sit_stand_sit
1769345831.4560819,-0.394165,-0.989380,-0.069336,-2.563477,-25.695808,56.274429,sit_stand_sit
1769345831.479571,-0.468018,-0.995972,-0.066040,-7.873537,-16.479492,57.189957,sit_stand_sit
1769345831.4975722,-0.519409,-0.992188,-0.082886,-13.793949,4.089355,57.678238,sit_stand_sit
1769345831.5179336,-0.484009,-1.006104,-0.099121,-16.723633,12.023930,58.532730,sit_stand_sit
1769345831.5389276,-0.474609,-1.047974,-0.081421,-17.700195,3.173829,62.194839,sit_stand_sit
1769345831.5586734,-0.555054,-1.069214,-0.076782,-21.606445,-3.112794,65.246582,sit_stand_sit
1769345831.5795197,-0.597534,-1.051636,-0.059692,-22.277840,1.464844,68.542480,sit_stand_sit
1769345831.5868802,-0.646240,-1.018433,-0.046509,-21.362305,7.080080,71.350098,sit_stand_sit
1769345831.616326,-0.686035,-0.964111,-0.078003,-19.653320,13.610844,73.791504,sit_stand_sit
1769345831.6373026,-0.731079,-0.933960,-0.143921,-18.432617,28.015144,74.645996,sit_stand_sit
1769345831.656059,-0.723877,-0.953735,-0.216064,-19.348145,45.654312,72.814941,sit_stand_sit
1769345831.6761723,-0.689331,-0.933472,-0.260010,-21.301270,54.992691,73.181152,sit_stand_sit
1769345831.6960814,-0.543091,-0.872803,-0.344727,-26.550301,42.602539,67.932129,sit_stand_sit
1769345831.7168667,-0.583130,-0.816284,-0.337280,-25.268562,27.587898,62.988297,sit_stand_sit
1769345831.7362,-0.741821,-0.813110,-0.259277,-25.024422,23.254402,61.523453,sit_stand_sit
1769345831.7594345,-0.718994,-0.736816,-0.225464,-31.127937,17.700195,44.494644,sit_stand_sit
1769345831.7781453,-0.772583,-0.672363,-0.185181,-15.808109,21.911621,52.246109,sit_stand_sit
1769345831.7982855,-0.629150,-0.604858,-0.188965,-10.253906,31.555183,47.912613,sit_stand_sit
1769345831.8184156,-0.590942,-0.585938,-0.189697,-3.601075,31.799324,48.217789,sit_stand_sit
1769345831.8376393,-0.612183,-0.531006,-0.207031,1.098633,45.837418,42.663574,sit_stand_sit
1769345831.85853,-0.574341,-0.536743,-0.269165,1.708985,60.607925,31.127937,sit_stand_sit
1769345831.877723,-0.489502,-0.501343,-0.384399,-1.098633,66.162109,19.592285,sit_stand_sit
1769345831.8989809,-0.438477,-0.541138,-0.489014,-4.638672,45.532242,9.460449,sit_stand_sit
1769345831.9172323,-0.492554,-0.552979,-0.533081,-8.544922,13.488773,4.455566,sit_stand_sit
1769345831.936166,-0.623413,-0.576904,-0.508057,-11.230473,-9.216309,-0.488281,sit_stand_sit
1769345831.9588275,-0.776123,-0.605957,-0.443237,-15.686039,-17.456055,-5.493164,sit_stand_sit
1769345831.9762056,-0.805054,-0.604126,-0.411377,-14.953617,-11.230473,-4.760742,sit_stand_sit
1769345831.9972432,-0.776611,-0.594604,-0.394531,-13.122562,-5.676271,-4.882813,sit_stand_sit
1769345832.0188403,-0.762939,-0.602783,-0.376099,-9.887695,-0.610352,-2.868653,sit_stand_sit
1769345832.0398924,-0.758667,-0.602783,-0.362915,-7.446291,4.333496,-0.610352,sit_stand_sit
1769345832.0584831,-0.759277,-0.608276,-0.369019,-5.676271,10.803223,-0.732422,sit_stand_sit
1769345832.0764205,-0.713867,-0.604980,-0.380981,-4.638672,15.563969,-1.403809,sit_stand_sit
1769345832.098376,-0.665894,-0.615479,-0.384155,-4.577637,14.221195,-1.403809,sit_stand_sit
1769345832.1160927,-0.658081,-0.627197,-0.387939,-4.821777,11.108402,-2.075195,sit_stand_sit
1769345832.138018,-0.659180,-0.627441,-0.389771,-5.126953,8.056641,-2.807618,sit_stand_sit
1769345832.15713,-0.657471,-0.631714,-0.382324,-4.455566,3.173829,-3.540040,sit_stand_sit
1769345832.1785336,-0.669922,-0.635742,-0.372559,-3.601075,-1.770020,-4.211426,sit_stand_sit
1769345832.1998708,-0.679565,-0.630249,-0.361694,-2.868653,-4.882813,-4.394531,sit_stand_sit
1769345832.218269,-0.704956,-0.622192,-0.355591,-1.892090,-5.126953,-3.173829,sit_stand_sit
1769345832.2384095,-0.706787,-0.613403,-0.367798,-0.732422,-3.479005,-1.892090,sit_stand_sit
1769345832.2560136,-0.713745,-0.614746,-0.384644,0.061035,-2.990724,-1.037598,sit_stand_sit
1769345832.2761333,-0.717407,-0.602051,-0.400269,0.732422,-2.563477,-0.976563,sit_stand_sit
1769345832.296133,-0.708374,-0.600220,-0.407227,1.098633,-1.525879,-0.793457,sit_stand_sit
1769345832.3183384,-0.696777,-0.600952,-0.406006,0.732422,-1.037598,-0.610352,sit_stand_sit
1769345832.3377898,-0.681641,-0.603516,-0.398315,0.854492,-1.342773,-0.610352,sit_stand_sit
1769345832.3592732,-0.674561,-0.609131,-0.384888,1.159668,-4.150391,-0.244141,sit_stand_sit
1769345832.3776233,-0.688110,-0.619385,-0.379150,0.854492,-4.333496,-0.366211,sit_stand_sit
1769345832.3991702,-0.701782,-0.627075,-0.374634,0.244141,-3.417970,-0.244141,sit_stand_sit
1769345832.4193795,-0.705933,-0.628174,-0.377197,-0.671387,-2.624512,-0.610352,sit_stand_sit
1769345832.4362483,-0.703979,-0.624756,-0.380127,-1.220703,-2.868653,-1.342773,sit_stand_sit
1769345832.456403,-0.690308,-0.625000,-0.376953,-1.831055,-4.455566,-1.892090,sit_stand_sit
1769345832.4776561,-0.693237,-0.633057,-0.377441,-2.868653,-6.774904,-0.915528,sit_stand_sit
1769345832.4980285,-0.700684,-0.629028,-0.376465,-3.234864,-6.591799,-0.366211,sit_stand_sit
1769345832.5172143,-0.695313,-0.621704,-0.382935,-2.563477,-7.141115,-0.976563,sit_stand_sit
1769345832.538625,-0.700928,-0.637207,-0.377197,-1.953125,-8.422852,0.366211,sit_stand_sit
1769345832.5583158,-0.712524,-0.631592,-0.372192,-1.647950,-7.263186,1.708985,sit_stand_sit
1769345832.5775726,-0.714722,-0.622314,-0.364990,-0.793457,-2.990724,1.403809,sit_stand_sit
1769345832.5965106,-0.701172,-0.622925,-0.364624,-0.061035,0.305176,1.892090,sit_stand_sit
1769345832.6161723,-0.685913,-0.605225,-0.373535,1.037598,2.441406,1.647950,sit_stand_sit
1769345832.6375856,-0.683716,-0.595947,-0.377197,1.403809,2.075195,1.037598,sit_stand_sit
1769345832.6584911,-0.687866,-0.590942,-0.381104,1.525879,1.159668,0.061035,sit_stand_sit
1769345832.677611,-0.695313,-0.593872,-0.383423,1.098633,0.549316,-0.915528,sit_stand_sit
1769345832.6986024,-0.704346,-0.601563,-0.383789,0.488281,0.671387,-1.403809,sit_stand_sit
1769345832.719461,-0.705322,-0.614014,-0.386353,0.061035,1.403809,-1.708985,sit_stand_sit
1769345832.7392182,-0.696167,-0.623169,-0.381592,-0.122070,1.159668,-2.136230,sit_stand_sit
1769345832.75642,-0.689575,-0.631470,-0.380859,-0.183106,0.976563,-1.770020,sit_stand_sit
1769345832.7784169,-0.678223,-0.636841,-0.383789,-0.305176,1.586915,-1.403809,sit_stand_sit
1769345832.796764,-0.667969,-0.635132,-0.390991,-0.366211,1.647950,-1.647950,sit_stand_sit
1769345832.816622,-0.664551,-0.633423,-0.396973,-0.427246,1.281738,-1.525879,sit_stand_sit
1769345832.8377447,-0.655518,-0.625000,-0.400146,-0.732422,0.244141,-1.770020,sit_stand_sit
1769345832.858568,-0.660645,-0.623169,-0.399170,-1.037598,-1.037598,-1.770020,sit_stand_sit
1769345832.8790934,-0.679443,-0.617920,-0.395630,-1.403809,-2.014160,-2.136230,sit_stand_sit
1769345832.8965096,-0.687012,-0.612671,-0.389893,-1.831055,-1.953125,-2.502441,sit_stand_sit
1769345832.9189553,-0.689453,-0.613647,-0.384644,-1.708985,-2.197266,-2.258301,sit_stand_sit
1769345832.940913,-0.692139,-0.615356,-0.374634,-1.770020,-2.441406,-1.770020,sit_stand_sit
1769345832.9563901,-0.698975,-0.614136,-0.371338,-1.342773,-2.380371,-1.464844,sit_stand_sit
1769345832.9779751,-0.701050,-0.619873,-0.369873,-1.281738,-1.403809,-1.159668,sit_stand_sit
1769345832.9981518,-0.703857,-0.620972,-0.374756,-1.098633,-0.183106,-0.976563,sit_stand_sit
1769345833.0171561,-0.693604,-0.620361,-0.376953,-0.671387,0.000000,-1.037598,sit_stand_sit
1769345833.0375028,-0.690918,-0.618164,-0.377319,-0.427246,-0.061035,-0.671387,sit_stand_sit
1769345833.0563366,-0.687012,-0.616699,-0.379761,-0.122070,0.061035,-0.305176,sit_stand_sit
1769345833.0784178,-0.682251,-0.617798,-0.380981,0.061035,-0.183106,-0.122070,sit_stand_sit
1769345833.1004074,-0.684692,-0.621826,-0.385376,0.122070,-0.793457,0.000000,sit_stand_sit
1769345833.1184897,-0.687988,-0.618164,-0.387207,-0.061035,-0.732422,-0.122070,sit_stand_sit
1769345833.136332,-0.684326,-0.620850,-0.385376,-0.244141,-1.220703,-0.183106,sit_stand_sit
1769345833.1593266,-0.684937,-0.622925,-0.383545,-0.305176,-1.586915,0.000000,sit_stand_sit
1769345833.179353,-0.681885,-0.622437,-0.384766,-0.305176,-1.770020,0.000000,sit_stand_sit
1769345833.2006686,-0.678345,-0.623657,-0.384521,-0.549316,-2.014160,0.061035,sit_stand_sit
1769345833.219752,-0.679321,-0.628296,-0.385132,-0.671387,-2.075195,-0.061035,sit_stand_sit
1769345833.2406015,-0.680298,-0.625977,-0.386108,-0.793457,-1.892090,-0.183106,sit_stand_sit
1769345833.2592735,-0.684570,-0.627808,-0.385742,-0.732422,-1.647950,-0.244141,sit_stand_sit
1769345833.2946994,-0.686401,-0.624756,-0.386475,-0.549316,-1.892090,-0.366211,sit_stand_sit
1769345833.3062472,-0.691406,-0.622559,-0.383301,-0.366211,-2.075195,-0.427246,sit_stand_sit
1769345833.3171554,-0.691772,-0.620483,-0.380981,-0.427246,-1.831055,-0.488281,sit_stand_sit
1769345833.3373458,-0.695557,-0.617554,-0.379517,-0.549316,-1.342773,-0.427246,sit_stand_sit
1769345833.3565233,-0.696533,-0.612915,-0.380737,-0.549316,-1.037598,-0.427246,sit_stand_sit
1769345833.3786755,-0.697266,-0.612305,-0.380859,-0.488281,-0.793457,-0.549316,sit_stand_sit
1769345833.3985074,-0.691406,-0.615967,-0.383057,-0.549316,-0.610352,-0.671387,sit_stand_sit
1769345833.416387,-0.687500,-0.614136,-0.382568,-0.488281,-0.549316,-0.793457,sit_stand_sit
1769345833.4360123,-0.683838,-0.615845,-0.384644,-0.488281,-0.732422,-0.671387,sit_stand_sit
1769345833.4577646,-0.681885,-0.622192,-0.386597,-0.366211,-1.098633,-0.549316,sit_stand_sit
1769345833.4761617,-0.685303,-0.621338,-0.382935,-0.244141,-1.525879,-0.732422,sit_stand_sit
1769345833.4974618,-0.687378,-0.621704,-0.383423,-0.061035,-1.647950,-0.793457,sit_stand_sit
1769345833.5190368,-0.689453,-0.623291,-0.381348,0.061035,-1.464844,-0.610352,sit_stand_sit
1769345833.5381074,-0.690674,-0.623413,-0.380859,-0.061035,-1.098633,-0.732422,sit_stand_sit
1769345833.556398,-0.689575,-0.620605,-0.377808,-0.183106,-1.525879,-0.549316,sit_stand_sit
1769345833.576344,-0.691162,-0.618652,-0.374878,-0.244141,-1.708985,-0.366211,sit_stand_sit
1769345833.596401,-0.691772,-0.620117,-0.374390,-0.305176,-1.708985,-0.244141,sit_stand_sit
1769345833.6165297,-0.689697,-0.619385,-0.374634,-0.427246,-1.892090,-0.183106,sit_stand_sit
1769345833.636719,-0.689453,-0.618774,-0.376343,-0.488281,-1.953125,-0.122070,sit_stand_sit
1769345833.6583557,-0.690674,-0.620117,-0.377930,-0.427246,-1.831055,-0.122070,sit_stand_sit
1769345833.676882,-0.687134,-0.621582,-0.379761,-0.366211,-1.708985,-0.244141,sit_stand_sit
1769345833.698858,-0.687012,-0.621094,-0.378418,-0.183106,-1.586915,0.122070,sit_stand_sit
1769345833.718603,-0.692993,-0.628418,-0.380493,0.000000,-1.281738,0.366211,sit_stand_sit
1769345833.7361262,-0.692627,-0.629150,-0.382446,0.305176,-1.342773,0.244141,sit_stand_sit
1769345833.7566144,-0.687500,-0.630615,-0.381104,0.671387,-1.892090,0.244141,sit_stand_sit
1769345833.7787197,-0.692505,-0.628418,-0.378784,1.037598,-2.441406,0.610352,sit_stand_sit
1769345833.797445,-0.688477,-0.620239,-0.376099,1.525879,-2.258301,0.244141,sit_stand_sit
1769345833.8177707,-0.686401,-0.621704,-0.371094,2.319336,-2.380371,-0.244141,sit_stand_sit
1769345833.837381,-0.685547,-0.625000,-0.370972,2.380371,-2.868653,0.976563,sit_stand_sit
1769345833.8579023,-0.706787,-0.625854,-0.375000,2.502441,-1.708985,1.647950,sit_stand_sit
1769345833.8778527,-0.696899,-0.617188,-0.377441,2.807618,-0.732422,1.586915,sit_stand_sit
1769345833.8981917,-0.689453,-0.615601,-0.366699,3.479005,-2.502441,1.342773,sit_stand_sit
1769345833.9163885,-0.697510,-0.615723,-0.359863,4.516602,-3.601075,1.281738,sit_stand_sit
1769345833.9365125,-0.718384,-0.614014,-0.353516,6.042482,-3.417970,1.220703,sit_stand_sit
1769345833.958615,-0.727051,-0.597290,-0.352783,7.507326,-2.929688,-1.220703,sit_stand_sit
1769345833.9771283,-0.734253,-0.606201,-0.346924,8.178711,-1.525879,-0.610352,sit_stand_sit
1769345833.9974763,-0.739014,-0.597290,-0.343750,8.483887,0.366211,1.403809,sit_stand_sit
1769345834.0183854,-0.733521,-0.591797,-0.345825,8.544922,3.173829,0.366211,sit_stand_sit
1769345834.038503,-0.717285,-0.594849,-0.349121,8.850098,3.601075,-1.342773,sit_stand_sit
1769345834.058176,-0.702637,-0.582397,-0.356812,9.460449,2.624512,-2.929688,sit_stand_sit
1769345834.0760527,-0.707031,-0.577881,-0.367554,9.948730,1.708985,-3.845216,sit_stand_sit
1769345834.0964444,-0.712524,-0.566650,-0.369751,11.169437,1.525879,-4.882813,sit_stand_sit
1769345834.1162028,-0.716064,-0.565796,-0.365845,12.939457,2.563477,-8.728027,sit_stand_sit
1769345834.136214,-0.706421,-0.576904,-0.364868,15.014652,4.760742,-11.535648,sit_stand_sit
1769345834.1581569,-0.686768,-0.578491,-0.363403,17.517090,5.310059,-12.146000,sit_stand_sit
1769345834.1764054,-0.678711,-0.581177,-0.356445,20.202637,5.371094,-14.160160,sit_stand_sit
1769345834.197476,-0.666504,-0.590820,-0.346924,24.353035,6.652834,-19.348145,sit_stand_sit
1769345834.2190316,-0.665527,-0.595581,-0.337280,26.733406,6.103518,-22.399910,sit_stand_sit
1769345834.2361307,-0.677002,-0.601074,-0.326172,30.090340,4.516602,-25.268562,sit_stand_sit
1769345834.256096,-0.685181,-0.615723,-0.317627,33.386230,-2.563477,-28.381355,sit_stand_sit
1769345834.2761765,-0.681885,-0.611694,-0.309326,36.682129,-15.441898,-34.545898,sit_stand_sit
1769345834.2962353,-0.638062,-0.654785,-0.217651,39.733887,-29.724129,-43.518066,sit_stand_sit
1769345834.3178782,-0.686401,-0.689575,-0.146851,40.466309,-10.437012,-56.335464,sit_stand_sit
1769345834.3376665,-1.022095,-1.000244,-0.626099,33.935547,-32.714844,-54.992691,sit_stand_sit
1769345834.357906,-0.911987,-0.915527,-0.144287,24.963387,-27.465828,-44.860855,sit_stand_sit
1769345834.3785846,-0.644287,-0.768311,-0.119019,36.926270,-0.915528,-52.368179,sit_stand_sit
1769345834.396979,-0.511841,-0.898926,-0.254272,45.593277,-15.197758,-64.636230,sit_stand_sit
1769345834.4193375,-0.543335,-0.966187,-0.376709,40.649414,-30.212410,-64.331055,sit_stand_sit
1769345834.437675,-0.593994,-1.024048,-0.319458,32.897949,-22.766121,-58.410660,sit_stand_sit
1769345834.456151,-0.387573,-1.050659,-0.251587,24.475105,-3.845216,-64.575195,sit_stand_sit
1769345834.477339,-0.258667,-1.097900,-0.225098,21.179199,-10.986328,-72.448730,sit_stand_sit
1769345834.496869,-0.165405,-1.119751,-0.217651,17.944336,-29.357918,-76.965332,sit_stand_sit
1769345834.5192769,-0.113403,-1.139160,-0.175171,15.747074,-50.903336,-78.063965,sit_stand_sit
1769345834.5382314,-0.110840,-1.125366,-0.141113,10.253906,-74.951172,-85.876465,sit_stand_sit
1769345834.558585,-0.248169,-1.131592,-0.114014,15.563969,-76.599121,-89.782745,sit_stand_sit
1769345834.5786047,-0.261963,-1.148071,-0.118286,14.892582,-68.359375,-96.679718,sit_stand_sit
1769345834.5959783,-0.222778,-1.161377,-0.099121,6.896975,-63.476578,-86.669922,sit_stand_sit
1769345834.6162736,-0.264648,-1.109131,-0.082886,0.610352,-53.222672,-79.650879,sit_stand_sit
1769345834.638206,-0.262817,-1.040161,-0.080566,-3.601075,-36.621094,-77.697754,sit_stand_sit
1769345834.656386,-0.202271,-0.981323,-0.064697,-3.417970,-22.521980,-75.256348,sit_stand_sit
1769345834.6772995,-0.248413,-0.976440,-0.044434,-4.577637,-8.483887,-69.213867,sit_stand_sit
1769345834.6980557,-0.363525,-0.992676,-0.042358,-11.169437,23.559578,-66.833496,sit_stand_sit
1769345834.717714,-0.270630,-0.974731,-0.025391,-15.014652,68.725586,-60.668961,sit_stand_sit
1769345834.7389388,-0.233276,-0.974243,-0.001953,-17.944336,80.261230,-54.260269,sit_stand_sit
1769345834.7586107,-0.183105,-0.952637,-0.001831,-20.568848,79.223633,-48.767105,sit_stand_sit
1769345834.7664168,-0.168457,-0.930176,0.006226,-22.033691,78.002930,-43.884277,sit_stand_sit
1769345834.79626,-0.144165,-0.897949,0.000977,-22.705086,78.247070,-38.330078,sit_stand_sit
1769345834.8183992,-0.104004,-0.861938,-0.072632,-19.409180,69.824219,-32.531738,sit_stand_sit
1769345834.836348,-0.098633,-0.857422,-0.095337,-15.441898,52.795425,-28.503426,sit_stand_sit
1769345834.8586986,-0.133545,-0.840576,-0.071045,-16.052246,49.804703,-18.371582,sit_stand_sit
1769345834.8777735,-0.054443,-0.796875,-0.105835,-10.192871,36.682129,-13.488773,sit_stand_sit
1769345834.8965058,-0.052612,-0.817261,-0.099487,-5.798342,17.089844,-10.314941,sit_stand_sit
1769345834.9170213,-0.068481,-0.832886,-0.094604,-5.981447,3.173829,-7.446291,sit_stand_sit
1769345834.9373639,-0.086792,-0.822388,-0.100952,-6.408693,-3.784181,-4.882813,sit_stand_sit
1769345834.9609387,-0.068237,-0.839844,-0.099731,-6.469728,-10.498047,-4.150391,sit_stand_sit
1769345834.976121,-0.067993,-0.872070,-0.089966,-7.385256,-18.005371,-3.295899,sit_stand_sit
1769345834.9975753,-0.097534,-0.900513,-0.093018,-9.155273,-17.639160,-1.831055,sit_stand_sit
1769345835.0172365,-0.104858,-0.906372,-0.098877,-10.009766,-13.610844,-0.671387,sit_stand_sit
1769345835.038624,-0.096436,-0.922241,-0.109985,-11.230473,-9.765625,3.417970,sit_stand_sit
1769345835.059298,-0.104858,-0.917236,-0.116211,-9.460449,-4.333496,1.708985,sit_stand_sit
1769345835.076261,-0.103271,-0.935059,-0.122681,-5.310059,3.601075,-1.403809,sit_stand_sit
1769345835.0992079,-0.080811,-0.964600,-0.129150,-2.258301,10.314941,0.976563,sit_stand_sit
1769345835.1183836,-0.079102,-0.972778,-0.157471,0.061035,18.127441,7.568361,sit_stand_sit
1769345835.1374464,-0.034668,-0.967529,-0.194824,2.502441,20.324707,10.009766,sit_stand_sit
1769345835.157186,0.033447,-0.965454,-0.229614,2.685547,14.831547,12.390141,sit_stand_sit
1769345835.1784756,0.050171,-0.956665,-0.257202,2.258301,6.896975,12.817387,sit_stand_sit
1769345835.1969655,0.057983,-0.972656,-0.270142,2.075195,0.793457,10.864258,sit_stand_sit
1769345835.2189987,0.060059,-0.997070,-0.276733,-0.061035,-4.882813,9.826660,sit_stand_sit
1769345835.2375588,0.034302,-0.998291,-0.252075,-3.784181,-6.652834,10.559082,sit_stand_sit
1769345835.259421,-0.021484,-0.987061,-0.189697,-6.713869,6.469728,9.948730,sit_stand_sit
1769345835.2764058,-0.062256,-0.991089,-0.159668,-6.103518,21.362305,7.324221,sit_stand_sit
1769345835.2972028,-0.062012,-0.997070,-0.147949,-4.394531,33.691406,3.906251,sit_stand_sit
1769345835.3160458,-0.043945,-1.007568,-0.137695,-2.929688,38.024902,0.610352,sit_stand_sit
1769345835.3361976,-0.024414,-0.983643,-0.125610,-1.647950,36.560059,-0.549316,sit_stand_sit
1769345835.3575766,-0.005737,-0.970337,-0.121948,0.915528,33.569336,-1.281738,sit_stand_sit
1769345835.3764095,0.014038,-0.966309,-0.126831,4.272461,23.620613,-2.502441,sit_stand_sit
1769345835.3962343,0.033447,-0.973633,-0.141235,5.371094,13.122562,-3.295899,sit_stand_sit
1769345835.416499,0.010864,-0.979248,-0.149414,5.126953,4.455566,-2.075195,sit_stand_sit
1769345835.4386756,-0.015137,-0.981812,-0.146973,3.906251,1.892090,-0.671387,sit_stand_sit
1769345835.456043,-0.020264,-0.986206,-0.151245,2.929688,3.417970,0.061035,sit_stand_sit
1769345835.4779775,-0.015503,-0.997681,-0.163940,1.525879,6.164553,1.037598,sit_stand_sit
1769345835.4977734,-0.008179,-0.998901,-0.180786,0.183106,6.774904,1.525879,sit_stand_sit
1769345835.5165758,0.003784,-1.002686,-0.196533,-0.305176,3.234864,1.037598,sit_stand_sit
1769345835.5383499,0.012695,-1.000366,-0.200439,-0.244141,-2.441406,1.342773,sit_stand_sit
1769345835.5577333,0.004639,-0.996094,-0.193481,-0.488281,-7.507326,2.136230,sit_stand_sit
1769345835.578833,-0.005981,-0.992554,-0.181641,-0.305176,-10.070801,2.075195,sit_stand_sit
1769345835.598546,-0.019409,-0.989868,-0.178345,-0.732422,-10.131836,1.953125,sit_stand_sit
1769345835.6175225,-0.027222,-0.981689,-0.173096,-0.732422,-8.666992,2.197266,sit_stand_sit
1769345835.6377614,-0.033203,-0.985229,-0.169800,-0.732422,-5.310059,1.037598,sit_stand_sit
1769345835.6563585,-0.036743,-0.982178,-0.173462,-0.610352,-3.906251,0.488281,sit_stand_sit
1769345835.677142,-0.046265,-0.981323,-0.177002,-0.305176,-3.540040,-0.366211,sit_stand_sit
1769345835.6984735,-0.051270,-0.983765,-0.175049,-0.061035,-3.295899,-0.976563,sit_stand_sit
1769345835.7179055,-0.054199,-0.989136,-0.170898,0.000000,-2.319336,-0.854492,sit_stand_sit
1769345835.7363298,-0.056763,-0.989990,-0.169556,-0.488281,-0.915528,0.000000,sit_stand_sit
1769345835.7562687,-0.056030,-0.990234,-0.170654,-0.732422,0.488281,0.366211,sit_stand_sit
1769345835.776421,-0.043457,-0.993774,-0.167969,-0.976563,1.770020,1.037598,sit_stand_sit
1769345835.7985408,-0.035278,-0.995850,-0.170654,-1.525879,1.281738,1.525879,sit_stand_sit
1769345835.8161848,-0.028809,-0.989990,-0.171509,-1.464844,-0.671387,1.281738,sit_stand_sit
1769345835.838585,-0.033325,-0.993652,-0.174194,-1.098633,0.000000,1.892090,sit_stand_sit
1769345835.8583672,-0.022949,-0.990723,-0.177856,-0.671387,1.159668,2.746582,sit_stand_sit
1769345835.8786793,-0.033081,-0.989014,-0.177612,0.000000,1.831055,1.037598,sit_stand_sit
1769345835.896232,-0.025879,-0.998291,-0.180420,-0.671387,2.746582,1.403809,sit_stand_sit
1769345835.9164355,-0.029785,-0.993896,-0.176270,-1.403809,5.493164,2.990724,sit_stand_sit
1769345835.9370701,-0.026733,-0.987305,-0.175659,-1.953125,7.446291,2.502441,sit_stand_sit
1769345835.9560351,-0.031616,-0.987671,-0.175903,-1.525879,8.483887,1.647950,sit_stand_sit
1769345835.977932,-0.027466,-0.998901,-0.172852,-1.831055,7.690432,1.892090,sit_stand_sit
1769345835.9977853,-0.026733,-0.989990,-0.173706,-2.380371,5.676271,1.403809,sit_stand_sit
1769345836.0171227,-0.028320,-0.980103,-0.172974,-1.892090,3.356935,1.708985,sit_stand_sit
1769345836.037457,-0.040527,-0.983276,-0.170044,-1.586915,0.732422,1.647950,sit_stand_sit
1769345836.0590272,-0.045166,-0.981567,-0.170044,-2.502441,1.037598,1.708985,sit_stand_sit
1769345836.076455,-0.044556,-0.975586,-0.177124,-2.990724,2.929688,1.525879,sit_stand_sit
1769345836.0989366,-0.050659,-0.970093,-0.185425,-3.601075,6.530764,0.610352,sit_stand_sit
1769345836.117028,-0.052979,-0.961548,-0.193726,-3.723145,10.559082,-0.976563,sit_stand_sit
1769345836.1363842,-0.051880,-0.955688,-0.197144,-3.601075,12.451176,-3.173829,sit_stand_sit
1769345836.1576545,-0.046997,-0.951538,-0.200439,-3.356935,12.878422,-5.554201,sit_stand_sit
1769345836.1792643,-0.064331,-0.957520,-0.201782,-3.723145,14.648441,-7.751467,sit_stand_sit
1769345836.197419,-0.071777,-0.950073,-0.198486,-4.333496,16.418457,-7.446291,sit_stand_sit
1769345836.2199895,-0.070190,-0.942261,-0.187012,-4.455566,16.662598,-7.507326,sit_stand_sit
1769345836.2382884,-0.061279,-0.934570,-0.179199,-4.211426,16.174316,-7.019045,sit_stand_sit
1769345836.2575543,-0.050659,-0.920044,-0.174927,-3.723145,14.892582,-4.638672,sit_stand_sit
1769345836.2950475,-0.036255,-0.895386,-0.173096,-3.051759,12.084965,-2.075195,sit_stand_sit
1769345836.3165588,-0.008667,-0.844604,-0.176270,-1.220703,4.272461,0.122070,sit_stand_sit
1769345836.317474,-0.020874,-0.822144,-0.162231,0.183106,-0.183106,2.136230,sit_stand_sit
1769345836.3381984,-0.026611,-0.804688,-0.149536,1.159668,-4.821777,3.234864,sit_stand_sit
1769345836.3578925,-0.004883,-0.800781,-0.130737,2.197266,-11.474613,3.356935,sit_stand_sit
1769345836.3798544,-0.002319,-0.788940,-0.135376,3.967286,-18.432617,3.356935,sit_stand_sit
1769345836.3975534,0.010010,-0.802734,-0.132080,2.380371,-28.015144,6.896975,sit_stand_sit
1769345836.4168532,-0.029419,-0.790039,-0.117310,3.112794,-36.987305,8.605957,sit_stand_sit
1769345836.436278,-0.021240,-0.848877,-0.114380,3.112794,-39.367676,9.582520,sit_stand_sit
1769345836.455955,0.007690,-0.868652,-0.120605,3.234864,-44.677750,12.634281,sit_stand_sit
1769345836.477622,0.043823,-0.888306,-0.148682,3.967286,-58.105484,14.160160,sit_stand_sit
1769345836.497763,0.070923,-0.923462,-0.130859,-0.488281,-70.129395,18.798828,sit_stand_sit
1769345836.5161886,0.055298,-0.894043,-0.139404,0.183106,-88.012695,21.667480,sit_stand_sit
1769345836.5367415,-0.037109,-0.961548,-0.117798,3.967286,-105.590851,22.277840,sit_stand_sit
1769345836.5567884,-0.143555,-0.998535,-0.115723,4.089355,-108.093292,21.911621,sit_stand_sit
1769345836.5761654,-0.188354,-1.002075,-0.148315,4.882813,-100.402863,22.644051,sit_stand_sit
1769345836.5866566,-0.216064,-1.035889,-0.166992,4.699707,-88.317871,23.315437,sit_stand_sit
1769345836.6174848,-0.217896,-1.057983,-0.215210,5.126953,-80.078125,24.780281,sit_stand_sit
1769345836.6360028,-0.226929,-1.070557,-0.224121,4.333496,-75.561523,29.296883,sit_stand_sit
1769345836.6596763,-0.267334,-1.050415,-0.208496,3.601075,-65.429688,34.423828,sit_stand_sit
1769345836.6770113,-0.297485,-1.024658,-0.204834,5.493164,-50.659195,37.292480,sit_stand_sit
1769345836.6982403,-0.288574,-1.021973,-0.166138,9.094238,-29.663094,41.748047,sit_stand_sit
1769345836.718032,-0.288452,-1.018188,-0.150391,10.253906,-17.089844,44.921890,sit_stand_sit
1769345836.7392168,-0.246948,-1.015503,-0.168579,10.559082,-7.629396,45.166031,sit_stand_sit
1769345836.758502,-0.200073,-1.000854,-0.157959,13.427738,-13.671879,47.424332,sit_stand_sit
1769345836.7782955,-0.242432,-1.019531,-0.129761,10.620117,-27.221687,47.912613,sit_stand_sit
1769345836.796397,-0.291870,-1.027100,-0.099243,4.882813,-28.320320,46.447769,sit_stand_sit
1769345836.8161159,-0.295654,-1.029297,-0.099609,3.112794,-26.977547,41.992188,sit_stand_sit
1769345836.837848,-0.286987,-1.083130,-0.108521,-3.112794,-29.113777,38.879395,sit_stand_sit
1769345836.8572254,-0.276367,-1.083008,-0.103271,-6.591799,-36.193848,37.963867,sit_stand_sit
1769345836.8790526,-0.333862,-1.078247,-0.096069,-10.070801,-40.039063,35.278320,sit_stand_sit
1769345836.8977046,-0.387817,-1.075562,-0.103394,-12.023930,-38.208008,30.761726,sit_stand_sit
1769345836.916477,-0.405762,-1.064697,-0.123413,-14.038090,-38.696289,26.672371,sit_stand_sit
1769345836.9364283,-0.470825,-1.030029,-0.109619,-10.131836,-31.066902,28.198250,sit_stand_sit
1769345836.957066,-0.499268,-0.997192,-0.093872,-10.864258,-26.794441,27.893074,sit_stand_sit
1769345836.9765172,-0.534912,-0.935303,-0.093018,-10.192871,-20.324707,25.512703,sit_stand_sit
1769345836.9960263,-0.562866,-0.914307,-0.095703,-9.460449,-6.896975,22.705086,sit_stand_sit
1769345837.0183675,-0.511230,-0.901367,-0.104248,-11.657719,2.746582,20.690918,sit_stand_sit
1769345837.0382824,-0.480469,-0.886353,-0.112915,-12.451176,4.089355,19.042969,sit_stand_sit
1769345837.0587664,-0.476685,-0.887573,-0.120972,-13.488773,2.990724,15.930180,sit_stand_sit
1769345837.0761409,-0.484985,-0.890869,-0.140015,-15.075687,3.417970,11.840824,sit_stand_sit
1769345837.0988426,-0.502197,-0.879150,-0.169434,-18.432617,7.568361,6.896975,sit_stand_sit
1769345837.1164339,-0.491455,-0.873657,-0.170776,-19.592285,10.864258,3.662110,sit_stand_sit
1769345837.1367652,-0.502197,-0.884766,-0.164795,-20.996094,14.038090,-0.549316,sit_stand_sit
1769345837.1559741,-0.507324,-0.859863,-0.164063,-22.460945,21.911621,-3.112794,sit_stand_sit
1769345837.177064,-0.500122,-0.841309,-0.153076,-22.277840,33.264160,-5.859377,sit_stand_sit
1769345837.197883,-0.503784,-0.825073,-0.141846,-22.338875,47.729507,-9.948730,sit_stand_sit
1769345837.2177784,-0.524292,-0.820313,-0.140503,-21.667480,76.660156,-17.272949,sit_stand_sit
1769345837.238038,-0.491821,-0.824951,-0.144409,-19.470215,95.520050,-21.789551,sit_stand_sit
1769345837.25895,-0.427246,-0.849365,-0.148193,-18.676758,105.346710,-26.550301,sit_stand_sit
1769345837.2760699,-0.393188,-0.855225,-0.141602,-17.517090,113.342316,-29.602058,sit_stand_sit
1769345837.2968543,-0.396851,-0.887817,-0.133545,-15.991215,126.586945,-32.897949,sit_stand_sit
1769345837.3183713,-0.374390,-0.927124,-0.162842,-15.625004,138.061523,-35.766602,sit_stand_sit
1769345837.3362856,-0.334595,-0.959839,-0.197876,-16.967773,144.653320,-37.048340,sit_stand_sit
1769345837.3579063,-0.251587,-0.976318,-0.252075,-15.747074,141.357422,-34.912109,sit_stand_sit
1769345837.3783243,-0.221558,-0.990601,-0.296997,-13.732914,130.981445,-30.273445,sit_stand_sit
1769345837.3966706,-0.152100,-0.979736,-0.377686,-10.498047,109.252960,-24.292000,sit_stand_sit
1769345837.4159937,-0.028809,-0.941162,-0.490601,-4.882813,65.063477,-18.554688,sit_stand_sit
1769345837.4391394,-0.024902,-0.943848,-0.579346,2.197266,11.047363,-12.939457,sit_stand_sit
1769345837.4593673,-0.076904,-0.916870,-0.605469,6.774904,-36.621094,-9.460449,sit_stand_sit
1769345837.4773612,-0.130859,-0.890869,-0.583496,7.812502,-65.612793,-10.070801,sit_stand_sit
1769345837.4974346,-0.332275,-0.897949,-0.459351,4.455566,-71.350098,-9.277344,sit_stand_sit
1769345837.517534,-0.436157,-0.925049,-0.390381,-2.075195,-44.067383,-5.004883,sit_stand_sit
1769345837.5363235,-0.494507,-0.918701,-0.371216,-6.896975,2.380371,4.699707,sit_stand_sit
1769345837.55609,-0.332397,-0.908203,-0.355469,-12.939457,29.052742,3.173829,sit_stand_sit
1769345837.5760145,-0.251831,-0.897095,-0.361450,-11.840824,39.733887,8.361816,sit_stand_sit
1769345837.5963688,-0.120483,-0.830322,-0.350830,-6.408693,35.034180,4.882813,sit_stand_sit
1769345837.6067083,-0.152710,-0.853149,-0.347778,-4.272461,1.953125,11.413578,sit_stand_sit
1769345837.6381776,-0.216309,-0.861694,-0.334229,1.037598,-4.943848,6.225588,sit_stand_sit
1769345837.7563922,-0.250244,-0.891113,-0.329102,0.793457,-7.019045,1.525879,sit_stand_sit
1769345837.7563922,-0.276367,-0.890991,-0.340454,-0.854492,-2.990724,0.976563,sit_stand_sit
1769345837.7563922,-0.258057,-0.883667,-0.358643,-0.793457,1.037598,-0.671387,sit_stand_sit
1769345837.7563922,-0.249390,-0.898560,-0.380371,-0.671387,0.793457,-1.953125,sit_stand_sit
1769345837.7563922,-0.242676,-0.900391,-0.402344,-0.732422,0.549316,-1.098633,sit_stand_sit
1769345837.7563922,-0.219971,-0.895386,-0.447510,0.732422,-1.464844,0.610352,sit_stand_sit
1769345837.7791643,-0.221313,-0.898071,-0.450684,0.854492,-3.662110,1.525879,sit_stand_sit
1769345837.7995954,-0.235352,-0.887573,-0.441895,0.976563,-2.929688,2.075195,sit_stand_sit
1769345838.0254123,-0.245972,-0.883301,-0.427612,1.159668,-0.793457,0.915528,sit_stand_sit
1769345838.0284703,-0.244019,-0.888184,-0.412598,1.281738,1.464844,-0.427246,sit_stand_sit
1769345838.0284703,-0.235962,-0.888916,-0.401489,0.793457,2.014160,-0.915528,sit_stand_sit
1769345838.0284703,-0.235474,-0.887817,-0.395996,0.244141,3.356935,-2.075195,sit_stand_sit
1769345838.0284703,-0.233765,-0.895264,-0.390869,-0.671387,5.126953,-2.319336,sit_stand_sit
1769345838.029797,-0.218750,-0.889526,-0.395996,-1.464844,6.774904,-2.380371,sit_stand_sit
1769345838.029797,-0.213501,-0.891602,-0.395996,-1.159668,6.652834,-1.953125,sit_stand_sit
1769345838.029797,-0.224731,-0.895508,-0.401733,-1.831055,9.155273,-1.525879,sit_stand_sit
1769345838.029797,-0.201416,-0.889893,-0.399048,-0.610352,9.216309,-0.976563,sit_stand_sit
1769345838.029797,-0.202271,-0.894287,-0.392578,0.427246,6.774904,-0.305176,sit_stand_sit
1769345838.029797,-0.210693,-0.897705,-0.385742,0.915528,6.347658,2.319336,sit_stand_sit
1769345838.0364692,-0.213379,-0.906006,-0.387207,0.427246,6.408693,2.746582,sit_stand_sit
1769345838.0682316,-0.213379,-0.908081,-0.394897,-0.549316,6.774904,2.868653,sit_stand_sit
1769345838.0773888,-0.214844,-0.900635,-0.405884,-1.220703,6.896975,2.685547,sit_stand_sit
1769345838.0960195,-0.203003,-0.892212,-0.411011,-0.976563,5.798342,1.281738,sit_stand_sit
1769345838.116372,-0.191162,-0.885498,-0.410156,-0.183106,2.197266,0.671387,sit_stand_sit
1769345838.1394334,-0.195557,-0.881958,-0.407471,0.610352,-0.915528,0.610352,sit_stand_sit
1769345838.1561255,-0.213501,-0.892334,-0.401978,0.854492,-3.845216,-0.366211,sit_stand_sit
1769345838.1783528,-0.217773,-0.886108,-0.401733,0.427246,-3.723145,-0.732422,sit_stand_sit
1769345838.197674,-0.210815,-0.885864,-0.398315,0.671387,-3.784181,-0.854492,sit_stand_sit
1769345838.219448,-0.216187,-0.887329,-0.394531,0.793457,-4.516602,-0.610352,sit_stand_sit
1769345838.2389023,-0.223389,-0.884155,-0.400146,1.037598,-4.516602,-0.244141,sit_stand_sit
1769345838.2563324,-0.222534,-0.878906,-0.395386,1.770020,-4.150391,0.000000,sit_stand_sit
1769345838.2762475,-0.214722,-0.868042,-0.394165,3.173829,-3.417970,0.305176,sit_stand_sit
1769345838.2964196,-0.216187,-0.868896,-0.389771,4.577637,-4.211426,-0.305176,sit_stand_sit
1769345838.3182044,-0.211060,-0.866699,-0.381226,6.347658,-6.164553,-0.610352,sit_stand_sit
1769345838.3373952,-0.211792,-0.868408,-0.374023,7.995607,-7.934572,-1.220703,sit_stand_sit
1769345838.3565361,-0.219360,-0.873779,-0.375488,9.765625,-9.094238,-2.746582,sit_stand_sit
1769345838.3774436,-0.230347,-0.876343,-0.376831,10.131836,-10.009766,-5.310059,sit_stand_sit
1769345838.397872,-0.239624,-0.874878,-0.377563,11.779789,-8.300781,-6.286623,sit_stand_sit
1769345838.418768,-0.238525,-0.860962,-0.384277,12.756351,-6.530764,-8.422852,sit_stand_sit
1769345838.4395401,-0.243286,-0.864868,-0.384521,13.305668,-6.286623,-11.230473,sit_stand_sit
1769345838.4580393,-0.247681,-0.871094,-0.379028,14.648441,-4.455566,-12.878422,sit_stand_sit
1769345838.4780998,-0.251099,-0.867798,-0.373291,15.808109,-2.563477,-14.831547,sit_stand_sit
1769345838.4990447,-0.247681,-0.881470,-0.367310,16.357422,-0.366211,-16.418457,sit_stand_sit
1769345838.5179286,-0.245850,-0.884888,-0.361572,16.906738,2.197266,-19.165039,sit_stand_sit
1769345838.538937,-0.231812,-0.906494,-0.355225,18.371582,6.408693,-21.606445,sit_stand_sit
1769345838.5574296,-0.205933,-0.927002,-0.345947,20.935059,7.446291,-21.240234,sit_stand_sit
1769345838.5784504,-0.185059,-0.956055,-0.338867,22.033691,6.713869,-24.536140,sit_stand_sit
1769345838.5963528,-0.179199,-0.977539,-0.334106,22.705086,5.920412,-26.977547,sit_stand_sit
1769345838.6159263,-0.168579,-1.009155,-0.302856,24.780281,6.103518,-30.395515,sit_stand_sit
1769345838.642647,-0.141113,-1.089355,-0.265137,27.099617,3.540040,-41.809082,sit_stand_sit
1769345838.6575334,-0.085815,-1.249756,-0.242432,36.193848,7.812502,-47.729507,sit_stand_sit
1769345838.6772504,-0.042603,-1.391235,-0.255371,38.452148,-5.187988,-49.804703,sit_stand_sit
1769345838.6977954,-0.062622,-1.341064,-0.291992,37.902832,-20.874023,-42.663574,sit_stand_sit
1769345838.719223,-0.161865,-1.255615,-0.279419,41.748047,-26.916512,-31.616219,sit_stand_sit
1769345838.7391648,-0.284668,-1.281982,-0.223755,39.611816,-8.300781,-25.024422,sit_stand_sit
1769345838.7561364,-0.235840,-1.283569,-0.214111,34.606934,15.258793,-19.897461,sit_stand_sit
1769345838.7777522,-0.136230,-1.266968,-0.260986,30.944832,27.160652,-12.939457,sit_stand_sit
1769345838.796034,-0.057251,-1.246826,-0.324585,25.695808,34.423828,-6.347658,sit_stand_sit
1769345838.8159492,0.127808,-1.178467,-0.409912,18.432617,26.855476,-3.662110,sit_stand_sit
1769345838.8383694,0.186768,-1.142334,-0.419067,13.427738,1.953125,-9.887695,sit_stand_sit
1769345838.8585072,0.108276,-1.152466,-0.370483,19.775391,-13.305668,-10.314941,sit_stand_sit
1769345838.8783486,0.044312,-1.201294,-0.311523,18.737793,-28.381355,-10.314941,sit_stand_sit
1769345838.8989384,0.100464,-1.123779,-0.278320,12.512211,-49.316422,-11.413578,sit_stand_sit
1769345838.9186227,0.072876,-1.019043,-0.218750,17.517090,-65.429688,-8.361816,sit_stand_sit
1769345838.936032,-0.132935,-0.992554,-0.103516,13.732914,-39.184570,-4.333496,sit_stand_sit
1769345838.9572213,-0.141968,-0.936157,-0.060425,7.690432,0.061035,-0.061035,sit_stand_sit
1769345838.97591,-0.099243,-0.883423,-0.045044,1.831055,30.090340,4.394531,sit_stand_sit
1769345838.9991562,-0.049561,-0.827271,-0.048462,-1.281738,43.945313,6.103518,sit_stand_sit
1769345839.018319,-0.002808,-0.808105,-0.047729,-3.601075,44.189453,5.737307,sit_stand_sit
1769345839.038389,0.024780,-0.798950,-0.054932,-6.896975,37.902832,5.249023,sit_stand_sit
1769345839.0588427,0.014648,-0.789795,-0.058716,-9.216309,30.578621,5.615236,sit_stand_sit
1769345839.0760384,0.007568,-0.783569,-0.057617,-10.253906,18.981934,-0.427246,sit_stand_sit
1769345839.0993938,0.048340,-0.777710,-0.078735,-12.390141,6.103518,-14.587406,sit_stand_sit
1769345839.1159225,0.027710,-0.805908,-0.091797,-8.300781,-8.300781,-0.610352,sit_stand_sit
1769345839.135986,-0.011475,-0.807251,-0.095825,-11.779789,-17.028809,7.751467,sit_stand_sit
1769345839.1587389,-0.008301,-0.770630,-0.082886,-8.605957,-23.803719,-0.915528,sit_stand_sit
1769345839.1784754,-0.035156,-0.815186,-0.075928,-6.225588,-23.437508,-6.469728,sit_stand_sit
1769345839.1970904,-0.019653,-0.793945,-0.112671,-7.751467,-18.310547,0.793457,sit_stand_sit
1769345839.2194147,-0.006470,-0.777344,-0.130371,-6.774904,-19.470215,0.976563,sit_stand_sit
1769345839.238783,-0.002930,-0.796997,-0.145264,-5.004883,-19.958496,-1.159668,sit_stand_sit
1769345839.2601972,-0.015747,-0.825562,-0.159546,-4.882813,-20.507813,-2.197266,sit_stand_sit
1769345839.2795265,-0.044189,-0.842041,-0.168823,-6.225588,-20.080566,-2.990724,sit_stand_sit
1769345839.299325,-0.070313,-0.867920,-0.162476,-5.981447,-16.845703,-3.967286,sit_stand_sit
1769345839.3161652,-0.090332,-0.954346,-0.158203,-6.896975,-5.920412,-3.845216,sit_stand_sit
1769345839.3400068,-0.091431,-0.976563,-0.179810,-8.850098,0.854492,-2.990724,sit_stand_sit
1769345839.3598835,-0.095581,-0.977539,-0.199707,-8.239746,5.676271,-3.662110,sit_stand_sit
1769345839.377088,-0.103516,-1.005127,-0.207764,-6.103518,10.375977,-4.211426,sit_stand_sit
1769345839.3999565,-0.103760,-1.028809,-0.213135,-6.286623,15.014652,-2.929688,sit_stand_sit
1769345839.4195647,-0.096191,-1.025269,-0.225586,-7.385256,16.845703,1.953125,sit_stand_sit
1769345839.4391942,-0.097046,-1.000610,-0.227539,-8.422852,18.920898,5.310059,sit_stand_sit
1769345839.4467642,-0.073853,-0.971802,-0.220581,-7.080080,21.972656,7.629396,sit_stand_sit
1769345839.4779189,-0.053589,-0.959229,-0.210938,-7.202150,22.949226,9.399414,sit_stand_sit
1769345839.4969764,-0.021606,-0.944580,-0.204956,-6.469728,19.287109,11.352543,sit_stand_sit
1769345839.5160298,0.001465,-0.928833,-0.197266,-5.737307,11.291508,13.183598,sit_stand_sit
1769345839.5382543,-0.002930,-0.920288,-0.189819,-3.845216,2.990724,13.427738,sit_stand_sit
1769345839.5586112,-0.019897,-0.937256,-0.177124,-1.708985,-1.708985,11.474613,sit_stand_sit
1769345839.5761108,0.082886,-1.008545,-0.172974,-6.347658,-0.244141,8.239746,sit_stand_sit
1769345839.5994155,-0.104736,-0.960205,-0.136230,3.051759,9.460449,6.530764,sit_stand_sit
1769345839.6211016,0.001343,-1.018921,-0.168823,0.305176,12.207035,1.708985,sit_stand_sit
1769345839.6364055,-0.026978,-0.996704,-0.166870,-0.549316,13.793949,4.211426,sit_stand_sit
1769345839.6860235,0.002930,-0.993042,-0.177490,1.464844,18.798828,1.953125,sit_stand_sit
1769345839.703157,0.047974,-1.004028,-0.192383,2.136230,17.700195,0.549316,sit_stand_sit
1769345839.703157,0.081055,-1.005493,-0.215454,1.464844,10.742188,-1.403809,sit_stand_sit
1769345839.717814,0.065186,-0.973022,-0.242554,1.159668,-1.281738,-3.356935,sit_stand_sit
1769345839.7381248,-0.019165,-0.960571,-0.231079,5.065918,-0.122070,-5.310059,sit_stand_sit
1769345839.7585566,0.061035,-1.028809,-0.225220,2.319336,-1.892090,-0.427246,sit_stand_sit
1769345839.7759798,0.007446,-0.991089,-0.230469,-3.295899,-12.939457,0.244141,sit_stand_sit
1769345839.9664423,-0.081055,-0.951782,-0.220581,-0.427246,-8.728027,-1.281738,sit_stand_sit
1769345839.9664423,-0.071289,-0.979980,-0.209351,1.708985,-4.028320,-2.502441,sit_stand_sit
1769345839.9664423,-0.059937,-1.005493,-0.193970,0.366211,-4.943848,-0.488281,sit_stand_sit
1769345839.9664423,-0.089355,-0.980713,-0.186646,0.488281,0.488281,2.014160,sit_stand_sit
1769345839.9664423,-0.085693,-0.974121,-0.190674,0.610352,3.540040,1.892090,sit_stand_sit
1769345839.9664423,-0.078857,-0.968384,-0.201050,1.037598,5.065918,2.136230,sit_stand_sit
1769345839.9664423,-0.056641,-0.968750,-0.207520,0.915528,4.028320,2.136230,sit_stand_sit
1769345839.9664423,-0.043701,-0.972778,-0.210083,0.244141,1.403809,1.831055,sit_stand_sit
1769345840.1741617,-0.044922,-0.971802,-0.219971,-0.732422,-0.915528,1.892090,sit_stand_sit
1769345840.1741617,-0.052246,-0.974731,-0.220581,-0.793457,-2.075195,0.610352,sit_stand_sit
1769345840.1741617,-0.052368,-0.990112,-0.211426,-1.220703,-0.610352,0.366211,sit_stand_sit
1769345840.1741617,-0.047974,-0.980469,-0.211426,-1.770020,1.220703,0.915528,sit_stand_sit
1769345840.176178,-0.043091,-0.971313,-0.214722,-1.159668,1.953125,1.342773,sit_stand_sit
1769345840.176178,-0.042603,-0.973267,-0.211914,-0.488281,2.258301,1.525879,sit_stand_sit
1769345840.176178,-0.044312,-0.984741,-0.208618,-0.305176,2.990724,1.464844,sit_stand_sit
1769345840.176178,-0.041626,-0.983032,-0.207520,-0.976563,3.479005,1.586915,sit_stand_sit
1769345840.176178,-0.043457,-0.980225,-0.204956,-1.098633,2.441406,1.159668,sit_stand_sit
1769345840.176178,-0.044434,-0.981812,-0.209106,-1.342773,1.464844,1.098633,sit_stand_sit
1769345840.176178,-0.043701,-0.989746,-0.200439,-0.976563,-0.244141,0.793457,sit_stand_sit
1769345840.1815588,-0.048950,-0.991699,-0.201050,-1.586915,-1.464844,0.366211,sit_stand_sit
1769345840.1976573,-0.054565,-0.979614,-0.204956,-1.708985,-1.403809,0.854492,sit_stand_sit
1769345840.2194088,-0.055542,-0.972412,-0.206055,-1.220703,-0.793457,0.854492,sit_stand_sit
1769345840.2393517,-0.052734,-0.975830,-0.214233,-0.854492,-0.305176,0.915528,sit_stand_sit
1769345840.2574008,-0.054321,-0.986938,-0.212524,-0.854492,-0.732422,0.793457,sit_stand_sit
1769345840.277087,-0.054199,-0.992065,-0.207275,-1.770020,-0.549316,0.549316,sit_stand_sit
1769345840.296813,-0.051514,-0.982666,-0.209106,-1.831055,-0.854492,1.098633,sit_stand_sit
1769345840.3161428,-0.051025,-0.978027,-0.212158,-1.281738,-1.464844,0.976563,sit_stand_sit
1769345840.336997,-0.054321,-0.981445,-0.213135,-1.037598,-1.525879,0.976563,sit_stand_sit
1769345840.3574095,-0.057495,-0.978882,-0.213623,-0.915528,-0.976563,1.159668,sit_stand_sit
1769345840.3781648,-0.058594,-0.978638,-0.216553,-1.098633,0.122070,0.915528,sit_stand_sit
1769345840.400059,-0.060303,-0.972778,-0.216553,-1.098633,0.305176,1.159668,sit_stand_sit
1769345840.4199538,-0.062866,-0.976318,-0.211548,-0.732422,0.488281,0.976563,sit_stand_sit
1769345840.4362314,-0.064453,-0.982666,-0.209473,-1.220703,0.671387,0.976563,sit_stand_sit
1769345840.4598825,-0.067383,-0.972168,-0.213257,-1.342773,0.793457,1.586915,sit_stand_sit
1769345840.479615,-0.068726,-0.971680,-0.215210,-0.854492,0.671387,1.708985,sit_stand_sit
1769345840.4971335,-0.069580,-0.976318,-0.216431,-0.915528,0.183106,1.647950,sit_stand_sit
1769345840.5161035,-0.072021,-0.976929,-0.215576,-1.098633,0.427246,2.014160,sit_stand_sit
1769345840.5378437,-0.067383,-0.978027,-0.216919,-1.281738,0.854492,1.953125,sit_stand_sit
1769345840.558989,-0.064819,-0.978149,-0.220581,-1.342773,0.732422,2.075195,sit_stand_sit
1769345840.5793467,-0.062744,-0.978149,-0.219971,-1.525879,0.244141,1.892090,sit_stand_sit
1769345840.596233,-0.063232,-0.979370,-0.216309,-1.525879,0.000000,1.586915,sit_stand_sit
1769345840.620494,-0.066650,-0.974365,-0.222900,-1.831055,0.732422,1.586915,sit_stand_sit
1769345840.6385093,-0.062622,-0.972168,-0.216187,-1.220703,0.671387,1.525879,sit_stand_sit
1769345840.6562514,-0.061646,-0.963745,-0.217163,-1.708985,0.732422,1.342773,sit_stand_sit
1769345840.679399,-0.062012,-0.947510,-0.213379,-1.708985,0.793457,1.892090,sit_stand_sit
1769345840.6977134,-0.059204,-0.932983,-0.208496,-1.708985,0.610352,1.770020,sit_stand_sit
1769345840.7203038,-0.055786,-0.916504,-0.204712,-1.525879,-0.183106,1.831055,sit_stand_sit
1769345840.7385764,-0.055786,-0.899658,-0.207031,-1.647950,-0.549316,1.953125,sit_stand_sit
1769345840.759905,-0.047363,-0.885620,-0.214355,-1.220703,-1.770020,1.647950,sit_stand_sit
1769345840.779198,-0.048462,-0.864136,-0.223267,-1.220703,-5.554201,-0.366211,sit_stand_sit
1769345840.7974033,-0.053955,-0.852905,-0.220093,-1.342773,-7.934572,-1.159668,sit_stand_sit
1769345840.8162572,-0.060425,-0.826416,-0.220337,-3.234864,-9.582520,-0.793457,sit_stand_sit
1769345840.8382616,-0.059814,-0.771484,-0.215332,-4.577637,-11.413578,1.281738,sit_stand_sit
1769345840.8587875,-0.071289,-0.725342,-0.209473,-4.150391,-13.977055,2.685547,sit_stand_sit
1769345840.878735,-0.100830,-0.721436,-0.198608,-2.136230,-14.648441,1.281738,sit_stand_sit
1769345840.8964179,-0.146606,-0.789429,-0.156738,-4.272461,-9.765625,-1.342773,sit_stand_sit
1769345840.9195154,-0.126343,-0.805664,-0.183228,-8.605957,-3.601075,1.525879,sit_stand_sit
1769345840.9375541,-0.106812,-0.811279,-0.219849,-16.784668,0.000000,6.286623,sit_stand_sit
1769345840.956316,-0.088257,-0.794922,-0.214355,-20.141602,-3.601075,7.629396,sit_stand_sit
1769345840.9766517,-0.038574,-0.817017,-0.199829,-16.479492,-18.798828,6.469728,sit_stand_sit
1769345840.997961,-0.027710,-0.847656,-0.203003,-11.779789,-42.419434,6.347658,sit_stand_sit
1769345841.017843,-0.062256,-0.869873,-0.208130,-6.530764,-62.500015,9.155273,sit_stand_sit
1769345841.0371242,-0.133911,-0.942993,-0.216064,1.831055,-71.228027,12.878422,sit_stand_sit
1769345841.0579674,-0.171997,-1.026123,-0.188721,2.807618,-69.396973,14.770512,sit_stand_sit
1769345841.0805378,-0.155273,-1.056030,-0.167114,-0.061035,-63.293472,22.766121,sit_stand_sit
1769345841.0989707,-0.147217,-1.048706,-0.183960,-2.380371,-55.297867,32.226563,sit_stand_sit
1769345841.1199164,-0.167969,-1.046265,-0.222290,-3.601075,-41.320801,33.935547,sit_stand_sit
1769345841.138254,-0.143311,-1.051025,-0.234375,-3.845216,-30.334480,34.057617,sit_stand_sit
1769345841.1579394,-0.157227,-1.064697,-0.234131,-6.347658,-25.695808,33.508301,sit_stand_sit
1769345841.1784847,-0.149170,-1.043823,-0.243896,-9.338379,-22.338875,33.813477,sit_stand_sit
1769345841.19898,-0.081299,-1.087158,-0.256348,-7.019045,-35.522461,42.541504,sit_stand_sit
1769345841.2191434,-0.113647,-1.046753,-0.273926,-6.591799,-58.044449,42.358398,sit_stand_sit
1769345841.2396643,-0.167969,-1.026489,-0.255859,-1.647950,-75.622559,44.982925,sit_stand_sit
1769345841.2600498,-0.208008,-1.027466,-0.232300,2.685547,-90.942413,43.945313,sit_stand_sit
1769345841.2795072,-0.275269,-1.047607,-0.220093,4.577637,-97.167999,44.433609,sit_stand_sit
1769345841.2978542,-0.351563,-1.033447,-0.174683,7.568361,-89.782745,38.269043,sit_stand_sit
1769345841.3162198,-0.363770,-1.072266,-0.189453,7.446291,-87.829590,36.132813,sit_stand_sit
1769345841.3370504,-0.452759,-1.068726,-0.186279,7.629396,-71.716309,32.470703,sit_stand_sit
1769345841.3572412,-0.459595,-1.096924,-0.219849,3.601075,-56.457535,29.296883,sit_stand_sit
1769345841.3762805,-0.468750,-1.096558,-0.249023,2.624512,-48.461929,24.780281,sit_stand_sit
1769345841.3972557,-0.510010,-1.072876,-0.257202,1.586915,-43.334961,20.935059,sit_stand_sit
1769345841.420989,-0.535278,-1.001099,-0.233643,-2.441406,-39.733887,21.301270,sit_stand_sit
1769345841.4363623,-0.508667,-0.923218,-0.209106,-5.004883,-40.405273,23.681648,sit_stand_sit
1769345841.4566662,-0.502563,-0.918579,-0.197021,-7.751467,-42.297363,25.756844,sit_stand_sit
1769345841.4760103,-0.506714,-0.925659,-0.161987,-10.314941,-43.457031,28.076180,sit_stand_sit
1769345841.4985642,-0.506592,-0.939941,-0.150024,-10.314941,-46.936050,26.184090,sit_stand_sit
1769345841.518509,-0.562378,-0.951782,-0.118164,-11.474613,-46.936050,22.094727,sit_stand_sit
1769345841.53759,-0.501831,-0.920898,-0.095337,-13.000492,-46.752945,17.822266,sit_stand_sit
1769345841.5586402,-0.450684,-0.869385,-0.080688,-11.108402,-75.500488,15.869144,sit_stand_sit
1769345841.5784209,-0.572510,-0.858765,-0.085938,-9.948730,-83.923340,10.253906,sit_stand_sit
1769345841.5977178,-0.578125,-0.829712,-0.072510,-8.178711,-79.711914,5.493164,sit_stand_sit
1769345841.6192386,-0.528442,-0.788330,-0.025635,-4.638672,-76.904297,2.502441,sit_stand_sit
1769345841.6377223,-0.526123,-0.768799,0.000854,-1.525879,-75.439453,4.333496,sit_stand_sit
1769345841.6563528,-0.564941,-0.793579,-0.018677,1.281738,-67.321777,0.183106,sit_stand_sit
1769345841.6783626,-0.572388,-0.822021,-0.064697,-0.671387,-50.842300,-4.882813,sit_stand_sit
1769345841.6984618,-0.584961,-0.819458,-0.009521,-1.892090,-22.521980,-2.014160,sit_stand_sit
1769345841.7170932,-0.533325,-0.812988,0.027710,0.000000,-8.544922,-4.943848,sit_stand_sit
1769345841.7383068,-0.541870,-0.820190,0.090576,4.272461,6.774904,-12.023930,sit_stand_sit
1769345841.7584157,-0.496826,-0.822876,0.135620,4.821777,18.066406,-16.540527,sit_stand_sit
1769345841.778705,-0.508667,-0.853516,0.145752,6.530764,30.212410,-20.019531,sit_stand_sit
1769345841.796473,-0.515991,-0.864380,0.103638,8.850098,50.720230,-25.451668,sit_stand_sit
1769345841.8196347,-0.471436,-0.856567,0.043091,8.361816,74.279785,-21.301270,sit_stand_sit
1769345841.8372526,-0.600464,-0.923828,-0.064575,5.859377,66.284180,-13.610844,sit_stand_sit
1769345841.8566976,-0.647827,-0.887695,-0.165649,5.554201,45.288101,-5.676271,sit_stand_sit
1769345841.877298,-0.585693,-0.908081,-0.183960,8.605957,18.310547,0.183106,sit_stand_sit
1769345841.8991647,-0.587524,-0.910400,-0.139648,4.699707,4.455566,3.967286,sit_stand_sit
1769345841.919577,-0.571899,-0.871826,-0.062988,1.892090,10.681152,7.019045,sit_stand_sit
1769345841.9361122,-0.557373,-0.844360,0.008545,1.403809,27.709969,7.507326,sit_stand_sit
1769345841.9583313,-0.486206,-0.866821,0.037476,-1.159668,51.879898,3.479005,sit_stand_sit
1769345841.9762266,-0.403809,-0.879272,0.015991,-2.319336,52.917496,4.089355,sit_stand_sit
1769345841.9972942,-0.367310,-0.877930,-0.031738,-2.075195,41.870117,4.943848,sit_stand_sit
1769345842.0163615,-0.353760,-0.868896,-0.089722,-0.366211,23.437508,4.516602,sit_stand_sit
1769345842.0364132,-0.374390,-0.872314,-0.134277,2.197266,3.662110,2.868653,sit_stand_sit
1769345842.0589688,-0.407227,-0.882446,-0.137207,2.441406,-10.864258,0.610352,sit_stand_sit
1769345842.0794666,-0.435791,-0.879150,-0.113281,1.586915,-18.920898,-0.671387,sit_stand_sit
1769345842.1003299,-0.481323,-0.876465,-0.078613,-0.366211,-19.226074,-3.784181,sit_stand_sit
1769345842.117145,-0.496948,-0.874512,-0.065674,-1.953125,-15.258793,-5.249023,sit_stand_sit
1769345842.1404717,-0.506958,-0.870605,-0.057617,-3.173829,-10.803223,-5.310059,sit_stand_sit
1769345842.1586092,-0.505615,-0.859131,-0.051147,-3.051759,-7.324221,-4.455566,sit_stand_sit
1769345842.179659,-0.511841,-0.858765,-0.048096,-2.075195,-6.652834,-2.990724,sit_stand_sit
1769345842.1996417,-0.518921,-0.856812,-0.048340,-0.549316,-6.958010,-1.708985,sit_stand_sit
1769345842.2202997,-0.527832,-0.856323,-0.051147,1.892090,-1.647950,-0.854492,sit_stand_sit
1769345842.239086,-0.511353,-0.870972,-0.053711,3.295899,2.075195,-0.549316,sit_stand_sit
1769345842.2578254,-0.495605,-0.876831,-0.067383,3.234864,4.943848,-0.244141,sit_stand_sit
1769345842.2763097,-0.477661,-0.882324,-0.081177,2.807618,5.737307,0.122070,sit_stand_sit
1769345842.3003397,-0.460449,-0.885620,-0.082397,1.953125,3.356935,0.305176,sit_stand_sit
1769345842.3167322,-0.462769,-0.886597,-0.077026,1.159668,0.305176,0.732422,sit_stand_sit
1769345842.3380656,-0.472412,-0.887817,-0.071167,1.220703,-1.647950,0.854492,sit_stand_sit
1769345842.3575385,-0.480713,-0.884155,-0.068481,0.610352,-2.624512,0.732422,sit_stand_sit
1769345842.379144,-0.489746,-0.872681,-0.069336,0.488281,-1.953125,0.427246,sit_stand_sit
1769345842.397911,-0.489624,-0.870361,-0.069214,0.854492,-0.610352,-0.244141,sit_stand_sit
1769345842.4197474,-0.477295,-0.869751,-0.069702,0.427246,-0.671387,-1.220703,sit_stand_sit
1769345842.4388115,-0.478760,-0.865112,-0.071411,0.183106,-1.464844,-2.014160,sit_stand_sit
1769345842.4567332,-0.484741,-0.864258,-0.069580,0.122070,-1.403809,-3.112794,sit_stand_sit
1769345842.4760182,-0.484741,-0.869751,-0.061890,-0.061035,-0.061035,-3.540040,sit_stand_sit
1769345842.4962242,-0.484985,-0.870239,-0.065552,0.183106,0.854492,-3.112794,sit_stand_sit
1769345842.5175924,-0.481934,-0.879150,-0.063354,0.244141,2.563477,-3.173829,sit_stand_sit
1769345842.5364316,-0.468140,-0.880371,-0.063965,0.427246,2.746582,-2.868653,sit_stand_sit
1769345842.559207,-0.462769,-0.883789,-0.072754,0.610352,1.953125,-2.563477,sit_stand_sit
1769345842.5793989,-0.459473,-0.886230,-0.078857,0.366211,1.281738,-2.624512,sit_stand_sit
1769345842.5993493,-0.450317,-0.882935,-0.075928,-0.366211,-0.549316,-2.136230,sit_stand_sit
1769345842.6197176,-0.456543,-0.880737,-0.068604,-1.159668,-3.295899,-2.197266,sit_stand_sit
1769345842.6363578,-0.466919,-0.884521,-0.065918,-1.586915,-4.089355,-2.380371,sit_stand_sit
1769345842.6588023,-0.472656,-0.878052,-0.062622,-1.525879,-5.065918,-2.197266,sit_stand_sit
1769345842.679983,-0.480591,-0.878296,-0.060181,-1.281738,-5.187988,-2.075195,sit_stand_sit
1769345842.6986294,-0.484009,-0.875366,-0.061279,-0.732422,-3.662110,-1.708985,sit_stand_sit
1769345842.7183366,-0.479370,-0.878662,-0.060669,-0.183106,-2.075195,-1.037598,sit_stand_sit
1769345842.7394733,-0.473145,-0.880127,-0.064575,0.000000,-1.037598,-0.671387,sit_stand_sit
1769345842.7596047,-0.465942,-0.877930,-0.067139,0.305176,-0.366211,-0.549316,sit_stand_sit
1769345842.7790916,-0.464722,-0.877563,-0.065796,0.549316,-0.366211,-0.488281,sit_stand_sit
1769345842.7960658,-0.469360,-0.878052,-0.063599,0.793457,-0.427246,-0.549316,sit_stand_sit
1769345842.816075,-0.470703,-0.874634,-0.063721,0.915528,-0.183106,-0.366211,sit_stand_sit
1769345842.838763,-0.471802,-0.876099,-0.064331,1.281738,0.000000,-0.366211,sit_stand_sit
1769345842.856639,-0.468018,-0.878540,-0.065430,1.403809,-0.244141,-0.488281,sit_stand_sit
1769345842.8784826,-0.468872,-0.874756,-0.060303,1.586915,-1.770020,-0.244141,sit_stand_sit
1769345842.8991091,-0.474365,-0.875000,-0.057495,1.892090,-1.403809,-0.488281,sit_stand_sit
1769345842.9201813,-0.484863,-0.877930,-0.056396,1.953125,-0.183106,-0.488281,sit_stand_sit
1769345842.9374359,-0.487915,-0.881348,-0.058838,1.403809,1.464844,0.366211,sit_stand_sit
1769345842.9567757,-0.480713,-0.875732,-0.061279,1.342773,2.075195,0.854492,sit_stand_sit
1769345842.9797916,-0.483032,-0.880981,-0.063110,1.342773,1.586915,1.098633,sit_stand_sit
1769345842.9972613,-0.482910,-0.890381,-0.051636,0.793457,1.586915,1.281738,sit_stand_sit
1769345843.0166948,-0.467773,-0.871216,-0.049072,0.976563,0.061035,0.976563,sit_stand_sit
1769345843.0377915,-0.472168,-0.868896,-0.053955,1.831055,-1.037598,-0.915528,sit_stand_sit
1769345843.0760267,-0.477783,-0.869507,-0.059692,1.403809,-3.540040,-1.464844,sit_stand_sit
1769345843.1024141,-0.496826,-0.857788,-0.063721,0.000000,-5.615236,-2.441406,sit_stand_sit
1769345843.1024141,-0.492065,-0.844482,-0.057129,-0.183106,-8.728027,-3.784181,sit_stand_sit
1769345843.1163807,-0.516357,-0.843262,-0.045410,-0.549316,-12.695316,-5.981447,sit_stand_sit
1769345843.1399844,-0.593018,-0.809326,-0.049683,-0.061035,-7.324221,-11.352543,sit_stand_sit
1769345843.1577718,-0.580933,-0.810181,-0.048828,0.671387,-4.455566,-13.671879,sit_stand_sit
1769345843.175982,-0.577393,-0.819336,-0.045288,0.488281,-9.643555,-14.465336,sit_stand_sit
1769345843.1981351,-0.572998,-0.795288,-0.037354,0.061035,-13.000492,-15.930180,sit_stand_sit
1769345843.2171803,-0.576660,-0.799072,-0.028320,1.281738,-15.747074,-19.226074,sit_stand_sit
1769345843.2379405,-0.586426,-0.805420,-0.002197,3.234864,-10.253906,-22.033691,sit_stand_sit
1769345843.2585502,-0.551880,-0.847290,0.004517,5.981447,-4.028320,-24.047859,sit_stand_sit
1769345843.2660851,-0.468140,-0.918945,0.017090,9.216309,-1.708985,-30.090340,sit_stand_sit
1769345843.2975693,-0.407959,-1.001099,0.024414,10.803223,0.549316,-35.461426,sit_stand_sit
1769345843.320488,-0.347534,-1.061035,0.034668,10.742188,2.075195,-40.405273,sit_stand_sit
1769345843.3387122,-0.379272,-1.140381,0.046753,7.019045,17.456055,-45.043961,sit_stand_sit
1769345843.3589454,-0.360840,-1.177490,0.041138,3.112794,47.058121,-51.696793,sit_stand_sit
1769345843.3790205,-0.308838,-1.230469,0.007935,1.037598,75.988770,-60.119644,sit_stand_sit
1769345843.398975,-0.266235,-1.247925,-0.051880,-3.784181,106.445343,-65.795898,sit_stand_sit
1769345843.4194999,-0.228516,-1.315552,-0.121704,-8.056641,148.376465,-68.664551,sit_stand_sit
1769345843.4389825,-0.213135,-1.327026,-0.139771,-11.108402,167.663574,-62.316910,sit_stand_sit
1769345843.4600785,-0.161987,-1.312500,-0.147461,-7.507326,169.860840,-50.476089,sit_stand_sit
1769345843.4798508,-0.032837,-1.280273,-0.195557,1.098633,143.981934,-43.945313,sit_stand_sit
1769345843.4976869,0.045044,-1.262329,-0.257690,11.718754,99.609406,-42.846680,sit_stand_sit
1769345843.5175145,-0.007202,-1.248779,-0.294067,15.747074,59.509293,-41.442871,sit_stand_sit
1769345843.5372393,-0.101563,-1.134277,-0.255737,12.146000,36.315918,-34.973145,sit_stand_sit
1769345843.5592713,-0.112427,-1.048828,-0.205322,11.718754,35.339355,-33.630371,sit_stand_sit
1769345843.579076,-0.139526,-1.001709,-0.152954,12.084965,43.640137,-33.386230,sit_stand_sit
1769345843.598552,-0.158081,-0.974609,-0.125732,10.009766,60.302750,-31.616219,sit_stand_sit
1769345843.6162858,-0.143066,-0.953979,-0.103516,7.995607,75.195313,-27.465828,sit_stand_sit
1769345843.6387284,-0.111694,-0.936646,-0.097412,5.249023,80.993652,-22.705086,sit_stand_sit
1769345843.656556,-0.087769,-0.912109,-0.089478,2.136230,77.880859,-18.005371,sit_stand_sit
1769345843.6786819,-0.081421,-0.879883,-0.070435,-2.624512,65.124512,-13.488773,sit_stand_sit
1769345843.6973553,-0.018677,-0.812256,-0.117065,-8.544922,44.799820,-32.836914,sit_stand_sit
1769345843.7202961,-0.064941,-0.846069,-0.099854,1.037598,36.010742,-9.338379,sit_stand_sit
1769345843.7380245,-0.053101,-0.857056,-0.102051,-5.249023,25.146492,-0.549316,sit_stand_sit
1769345843.7562618,-0.013184,-0.790283,-0.123413,-5.187988,3.479005,-5.371094,sit_stand_sit
1769345843.7761123,-0.046997,-0.804077,-0.115234,-4.089355,-12.023930,-7.568361,sit_stand_sit
1769345843.7998261,-0.021606,-0.805420,-0.109863,-7.324221,-25.756844,-6.713869,sit_stand_sit
1769345843.8164296,-0.015503,-0.790039,-0.107666,-8.544922,-34.118652,-3.417970,sit_stand_sit
1769345843.8360074,-0.035400,-0.787598,-0.103760,-9.399414,-39.855957,-2.258301,sit_stand_sit
1769345843.8606071,-0.051147,-0.777710,-0.116577,-9.765625,-40.649414,-1.647950,sit_stand_sit
1769345843.8794901,-0.058716,-0.770386,-0.130737,-9.277344,-37.292480,-1.159668,sit_stand_sit
1769345843.8983943,-0.071899,-0.780762,-0.146362,-8.605957,-31.372078,-0.122070,sit_stand_sit
1769345843.9201262,-0.079590,-0.813232,-0.152100,-7.019045,-23.803719,0.610352,sit_stand_sit
1769345843.9400792,-0.098022,-0.861938,-0.154053,-7.263186,-11.901859,1.464844,sit_stand_sit
1769345843.9561193,-0.101563,-0.870117,-0.146606,-8.728027,-2.807618,3.845216,sit_stand_sit
1769345843.9770439,-0.081177,-0.895386,-0.129883,-6.958010,6.164553,2.624512,sit_stand_sit
1769345843.9991872,-0.069702,-0.957520,-0.131714,-5.981447,11.901859,0.671387,sit_stand_sit
1769345844.0185132,-0.060547,-0.997559,-0.154297,-7.690432,14.770512,1.831055,sit_stand_sit
1769345844.038644,-0.048828,-0.990601,-0.177856,-9.033203,14.648441,1.403809,sit_stand_sit
1769345844.0593054,-0.051392,-0.989258,-0.184204,-7.751467,12.878422,-0.854492,sit_stand_sit
1769345844.0799997,-0.031006,-1.008057,-0.192871,-7.690432,8.972168,-0.549316,sit_stand_sit
1769345844.0997145,-0.027222,-0.982666,-0.199585,-8.361816,4.699707,1.098633,sit_stand_sit
1769345844.1205268,-0.037476,-0.967163,-0.186768,-6.591799,2.990724,1.708985,sit_stand_sit
1769345844.1411474,-0.060181,-0.975098,-0.172852,-5.798342,6.408693,3.356935,sit_stand_sit
1769345844.1561825,-0.064697,-0.964844,-0.169556,-5.981447,13.366703,5.493164,sit_stand_sit
1769345844.1773047,-0.056519,-0.957886,-0.166260,-5.493164,20.507813,8.361816,sit_stand_sit
1769345844.1989522,-0.038696,-0.976929,-0.172607,-3.967286,27.465828,10.192871,sit_stand_sit
1769345844.2191353,-0.025146,-0.990479,-0.185059,-3.601075,26.794441,8.239746,sit_stand_sit
1769345844.2387478,-0.010498,-0.991211,-0.193970,-3.051759,22.705086,6.347658,sit_stand_sit
1769345844.2568848,-0.002930,-0.986206,-0.187500,-2.746582,17.395020,5.187988,sit_stand_sit
1769345844.2797256,-0.000977,-0.985107,-0.184326,-2.197266,13.061527,4.211426,sit_stand_sit
1769345844.3000722,-0.008545,-0.984131,-0.194336,-2.136230,9.948730,4.760742,sit_stand_sit
1769345844.318063,-0.002075,-0.972290,-0.204102,-2.319336,6.530764,4.821777,sit_stand_sit
1769345844.336405,0.003296,-0.965942,-0.195801,-1.770020,-0.305176,3.295899,sit_stand_sit
1769345844.357227,-0.009277,-0.968018,-0.195435,-2.136230,-3.356935,2.807618,sit_stand_sit
1769345844.3800428,-0.023926,-0.962402,-0.206421,-2.075195,-4.638672,2.075195,sit_stand_sit
1769345844.3982718,-0.035278,-0.977173,-0.204712,-0.854492,-5.554201,1.281738,sit_stand_sit
1769345844.41619,-0.055786,-0.994751,-0.198730,-1.159668,-4.577637,1.159668,sit_stand_sit
1769345844.4371095,-0.065674,-0.987793,-0.198608,-1.342773,-1.403809,2.075195,sit_stand_sit
1769345844.4589288,-0.043213,-0.988770,-0.200195,-1.281738,2.075195,0.732422,sit_stand_sit
1769345844.4816148,-0.066895,-0.982544,-0.200806,0.061035,5.187988,1.403809,sit_stand_sit
1769345844.497227,-0.033813,-0.994507,-0.207642,-0.366211,4.760742,1.464844,sit_stand_sit
1769345844.5165234,-0.045410,-0.984985,-0.202515,-0.793457,2.380371,0.061035,sit_stand_sit
1769345844.560503,-0.038330,-0.984253,-0.198486,-0.732422,2.624512,-0.122070,sit_stand_sit
1769345844.560503,-0.028564,-0.977539,-0.198730,-1.159668,-0.366211,0.915528,sit_stand_sit
1769345844.5792243,-0.055542,-0.966431,-0.189819,0.122070,-1.708985,0.610352,sit_stand_sit
1769345844.598321,-0.033203,-0.990479,-0.182739,2.014160,1.098633,-1.281738,sit_stand_sit
1769345844.6179194,-0.022827,-0.981201,-0.194946,0.427246,-2.319336,0.000000,sit_stand_sit
1769345844.6363761,-0.056519,-0.959595,-0.199585,1.953125,-3.051759,-0.305176,sit_stand_sit
1769345844.6578825,-0.048584,-0.976196,-0.209839,3.845216,-1.831055,-2.807618,sit_stand_sit
1769345844.675982,-0.039307,-0.989014,-0.219116,3.540040,-2.990724,-3.051759,sit_stand_sit
1769345844.699014,-0.056030,-0.993530,-0.223267,2.319336,-3.601075,-2.746582,sit_stand_sit
1769345844.7183523,-0.070190,-0.994141,-0.218262,1.770020,-1.525879,-2.624512,sit_stand_sit
1769345844.737318,-0.060791,-0.993652,-0.210327,0.427246,2.197266,-1.281738,sit_stand_sit
1769345844.7562845,-0.055542,-0.984253,-0.207764,0.122070,3.112794,-0.732422,sit_stand_sit
1769345844.7782116,-0.054810,-0.984497,-0.205200,0.122070,3.112794,-0.671387,sit_stand_sit
1769345844.7974813,-0.049683,-0.982056,-0.199585,0.183106,2.868653,-0.488281,sit_stand_sit
1769345844.816214,-0.047607,-0.983032,-0.192017,0.488281,2.197266,-0.244141,sit_stand_sit
1769345844.838165,-0.065918,-0.977783,-0.192749,0.427246,2.685547,-1.159668,sit_stand_sit
1769345844.8571172,-0.037964,-0.985962,-0.197876,1.464844,5.493164,-0.732422,sit_stand_sit
1769345844.8763452,-0.048706,-0.987915,-0.194824,0.610352,4.028320,-0.793457,sit_stand_sit
1769345844.8977578,-0.044556,-0.975220,-0.201294,0.061035,4.028320,-0.061035,sit_stand_sit
1769345844.919188,-0.041382,-0.976196,-0.195068,0.366211,4.333496,0.854492,sit_stand_sit
1769345844.93814,-0.038086,-0.986938,-0.193359,0.000000,4.089355,0.488281,sit_stand_sit
1769345844.9596078,-0.027222,-0.984253,-0.199097,-1.098633,2.563477,0.915528,sit_stand_sit
1769345844.976271,-0.036011,-0.976440,-0.200317,-1.159668,0.366211,1.525879,sit_stand_sit
1769345844.9998615,-0.052246,-0.979248,-0.197510,-0.671387,-0.122070,1.342773,sit_stand_sit
1769345845.0174792,-0.076538,-0.977051,-0.193237,1.220703,3.540040,-1.708985,sit_stand_sit
1769345845.0369554,-0.020264,-1.011108,-0.195190,0.244141,3.540040,-0.793457,sit_stand_sit
1769345845.0599854,-0.046021,-0.988037,-0.197998,-1.281738,-0.671387,-0.427246,sit_stand_sit
1769345845.0778782,-0.045776,-0.982788,-0.199097,-0.793457,-0.427246,0.366211,sit_stand_sit
1769345845.1002958,-0.046265,-0.985474,-0.196167,-0.610352,-0.244141,0.183106,sit_stand_sit
1769345845.117545,-0.041016,-0.979614,-0.200562,-0.793457,0.915528,0.183106,sit_stand_sit
1769345845.1362972,-0.039795,-0.976318,-0.202515,-0.732422,1.586915,0.488281,sit_stand_sit
1769345845.1562784,-0.040405,-0.978027,-0.200928,-0.610352,2.014160,0.732422,sit_stand_sit
1769345845.1778388,-0.042969,-0.982788,-0.198242,-0.610352,2.258301,0.610352,sit_stand_sit
1769345845.1975935,-0.044922,-0.983521,-0.197388,-1.037598,2.563477,0.183106,sit_stand_sit
1769345845.2172272,-0.043823,-0.979126,-0.197144,-1.281738,2.624512,0.427246,sit_stand_sit
1769345845.2382424,-0.043579,-0.980347,-0.194702,-1.220703,2.075195,0.915528,sit_stand_sit
1769345845.258191,-0.046997,-0.989014,-0.194458,-1.098633,1.220703,0.366211,sit_stand_sit
1769345845.2760756,-0.045288,-0.983398,-0.196411,-1.098633,1.037598,0.122070,sit_stand_sit
1769345845.303366,-0.044922,-0.984985,-0.194336,-0.854492,0.305176,-0.122070,sit_stand_sit
1769345845.3189914,-0.044189,-0.979736,-0.199341,-1.281738,0.183106,-0.244141,sit_stand_sit
1769345845.3364184,-0.041138,-0.978149,-0.195068,-0.488281,-0.549316,0.000000,sit_stand_sit
1769345845.3567548,-0.046143,-0.984863,-0.195557,-0.671387,-0.732422,-0.366211,sit_stand_sit
1769345845.3784971,-0.068115,-0.993042,-0.195435,-2.014160,5.310059,8.361816,sit_stand_sit
1769345845.3990896,-0.026123,-0.960327,-0.203979,-1.342773,0.732422,1.647950,sit_stand_sit
1769345845.4187653,-0.043579,-0.983521,-0.204590,-0.915528,-1.464844,1.708985,sit_stand_sit
1769345845.4399183,-0.055420,-0.970703,-0.204468,-1.586915,-0.366211,2.746582,sit_stand_sit
1769345845.4568434,-0.046265,-0.963501,-0.200439,-0.976563,-1.220703,0.976563,sit_stand_sit
1769345845.4760911,-0.052368,-0.969604,-0.194214,-1.281738,-1.953125,1.098633,sit_stand_sit
1769345845.4960692,-0.057983,-0.954346,-0.194580,-1.403809,-1.098633,1.403809,sit_stand_sit
1769345845.5176454,-0.052979,-0.932007,-0.191040,-0.549316,-0.610352,0.915528,sit_stand_sit
1769345845.5363064,-0.056274,-0.923340,-0.188843,-0.061035,0.000000,0.549316,sit_stand_sit
1769345845.5592127,-0.055786,-0.908936,-0.193237,0.000000,1.098633,0.976563,sit_stand_sit
1769345845.5781088,-0.049561,-0.882813,-0.198486,0.305176,1.220703,1.281738,sit_stand_sit
1769345845.5983477,-0.049683,-0.866821,-0.202148,1.220703,0.183106,1.098633,sit_stand_sit
1769345845.6205733,-0.059082,-0.854004,-0.211426,0.854492,-0.671387,1.281738,sit_stand_sit
1769345845.6397781,-0.063843,-0.825562,-0.217773,-0.427246,-1.464844,2.075195,sit_stand_sit
1769345845.657384,-0.068604,-0.763916,-0.203491,-0.854492,-5.249023,4.028320,sit_stand_sit
1769345845.6761274,-0.084595,-0.755371,-0.192627,-0.488281,-8.422852,3.173829,sit_stand_sit
1769345845.6999323,-0.103394,-0.782104,-0.170532,0.061035,-8.666992,0.976563,sit_stand_sit
1769345845.7182238,-0.098511,-0.805542,-0.162354,-2.197266,-7.019045,-0.488281,sit_stand_sit
1769345845.7390609,-0.064575,-0.799805,-0.155273,-3.234864,-8.544922,0.488281,sit_stand_sit
1769345845.7588172,-0.067017,-0.785156,-0.150269,-1.770020,-12.451176,-1.098633,sit_stand_sit
1769345845.7800481,-0.018799,-0.812134,-0.147705,-4.028320,-22.094727,5.065918,sit_stand_sit
1769345845.8013906,-0.056885,-0.843872,-0.125000,0.427246,-28.930672,2.807618,sit_stand_sit
1769345845.81883,-0.071289,-0.901489,-0.120728,2.685547,-27.954109,0.122070,sit_stand_sit
1769345845.8360615,-0.060547,-0.923706,-0.142822,2.258301,-27.648933,2.319336,sit_stand_sit
1769345845.859265,-0.073120,-0.925171,-0.153687,2.563477,-27.282722,4.455566,sit_stand_sit
1769345845.8779962,-0.115479,-0.972168,-0.138184,7.324221,-20.568848,4.028320,sit_stand_sit
1769345845.8971164,-0.084717,-1.027466,-0.127563,3.540040,-14.709476,3.723145,sit_stand_sit
1769345845.9184604,-0.061157,-1.039551,-0.135254,1.647950,-13.122562,11.535648,sit_stand_sit
1769345845.936212,-0.047241,-1.024780,-0.194336,0.549316,-14.099125,15.930180,sit_stand_sit
1769345845.959423,-0.018677,-1.026733,-0.274902,1.464844,-18.249512,19.165039,sit_stand_sit
1769345845.9803534,0.015381,-1.042969,-0.343140,-0.244141,-27.587898,20.019531,sit_stand_sit
1769345845.9974337,0.015991,-1.042480,-0.334473,-3.601075,-39.794922,21.728516,sit_stand_sit
1769345846.0183983,-0.062134,-1.037231,-0.264404,-7.629396,-46.142593,23.315437,sit_stand_sit
1769345846.0369449,-0.158081,-1.033325,-0.199463,-11.413578,-28.381355,20.141602,sit_stand_sit
1769345846.0584629,-0.155273,-1.025879,-0.196655,-9.826660,-18.493652,17.944336,sit_stand_sit
1769345846.0786335,-0.215942,-1.038818,-0.188477,-5.737307,-3.784181,17.944336,sit_stand_sit
1769345846.0965295,-0.190674,-1.080078,-0.182495,-8.300781,2.197266,17.822266,sit_stand_sit
1769345846.1211572,-0.202148,-1.097412,-0.187988,-10.742188,1.220703,16.418457,sit_stand_sit
1769345846.1376245,-0.225586,-1.092773,-0.208252,-11.108402,2.990724,14.221195,sit_stand_sit
1769345846.1559978,-0.224487,-1.116821,-0.227905,-11.108402,2.441406,13.122562,sit_stand_sit
1769345846.1953459,-0.212402,-1.160400,-0.260742,-14.770512,-5.371094,13.366703,sit_stand_sit
1769345846.2113116,-0.211304,-1.153931,-0.290771,-16.601563,-9.826660,14.160160,sit_stand_sit
1769345846.2211092,-0.239014,-1.146606,-0.309082,-18.371582,-13.793949,15.258793,sit_stand_sit
1769345846.2386408,-0.256470,-1.128784,-0.320313,-21.179199,-15.014652,17.272949,sit_stand_sit
1769345846.2589972,-0.240967,-1.087280,-0.325439,-23.437508,-16.113281,20.568848,sit_stand_sit
1769345846.2798395,-0.238647,-1.050537,-0.312134,-24.292000,-17.761230,24.108894,sit_stand_sit
1769345846.301182,-0.249634,-1.029663,-0.295654,-22.888191,-18.554688,26.672371,sit_stand_sit
1769345846.3193398,-0.289429,-1.026978,-0.287964,-21.789551,-14.526371,28.198250,sit_stand_sit
1769345846.3397744,-0.302124,-1.012451,-0.297241,-21.057129,-10.009766,28.808601,sit_stand_sit
1769345846.3565736,-0.299438,-0.989258,-0.308105,-19.775391,-7.934572,28.442390,sit_stand_sit
1769345846.3785052,-0.294678,-0.960938,-0.329102,-18.920898,-15.319828,25.268562,sit_stand_sit
1769345846.3976057,-0.328125,-0.908691,-0.334473,-17.944336,-21.362305,23.620613,sit_stand_sit
1769345846.418398,-0.334351,-0.871948,-0.322876,-15.441898,-21.118164,22.155769,sit_stand_sit
1769345846.4385276,-0.350952,-0.849609,-0.311279,-12.329105,-20.202637,19.714355,sit_stand_sit
1769345846.45907,-0.378052,-0.834473,-0.300049,-10.559082,-15.747074,18.676758,sit_stand_sit
1769345846.4762142,-0.366333,-0.848022,-0.288208,-9.460449,-10.192871,15.686039,sit_stand_sit
1769345846.499133,-0.379028,-0.871582,-0.271973,-9.033203,-3.479005,13.000492,sit_stand_sit
1769345846.5194657,-0.405396,-0.899780,-0.260864,-9.277344,5.432129,9.277344,sit_stand_sit
1769345846.5370665,-0.395630,-0.905762,-0.260132,-10.009766,12.878422,5.432129,sit_stand_sit
1769345846.5599308,-0.384155,-0.912354,-0.254639,-9.399414,15.197758,2.319336,sit_stand_sit
1769345846.5790544,-0.348999,-0.917480,-0.267944,-6.835939,12.329105,-1.831055,sit_stand_sit
1769345846.5984619,-0.348877,-0.922607,-0.297241,-4.577637,4.577637,-3.479005,sit_stand_sit
1769345846.6195445,-0.336914,-0.909790,-0.317383,-2.990724,-3.662110,-3.479005,sit_stand_sit
1769345846.6368194,-0.329712,-0.896118,-0.322876,-1.098633,-13.061527,-3.356935,sit_stand_sit
1769345846.7760544,-0.352905,-0.867065,-0.331665,0.976563,-17.822266,-2.807618,sit_stand_sit
1769345846.7760544,-0.361328,-0.855591,-0.338135,2.990724,-17.761230,-1.586915,sit_stand_sit
1769345846.7760544,-0.351318,-0.853638,-0.336548,3.356935,-18.676758,0.427246,sit_stand_sit
1769345846.7760544,-0.381348,-0.843506,-0.333008,2.807618,-15.441898,2.990724,sit_stand_sit
1769345846.7760544,-0.361816,-0.850830,-0.322510,2.563477,-11.718754,1.892090,sit_stand_sit
1769345846.7760544,-0.388916,-0.867310,-0.312988,0.793457,-6.835939,0.854492,sit_stand_sit
1769345846.7760544,-0.401489,-0.869019,-0.309692,-0.854492,-0.061035,0.122070,sit_stand_sit
1769345846.7991178,-0.381592,-0.871582,-0.314697,-2.197266,4.272461,-1.708985,sit_stand_sit
1769345846.9265535,-0.367188,-0.878174,-0.324341,-2.258301,4.394531,-3.540040,sit_stand_sit
1769345846.9265535,-0.392578,-0.892456,-0.326660,-2.258301,4.516602,-3.845216,sit_stand_sit
1769345846.9265535,-0.398071,-0.892334,-0.324707,-2.563477,7.568361,-2.746582,sit_stand_sit
1769345846.9265535,-0.389648,-0.891113,-0.317749,-1.892090,7.812502,-1.037598,sit_stand_sit
1769345846.9265535,-0.378540,-0.884521,-0.312134,-1.281738,6.713869,0.122070,sit_stand_sit
1769345846.9265535,-0.373047,-0.879150,-0.305298,-0.244141,8.544922,1.159668,sit_stand_sit
1769345846.9265535,-0.345337,-0.878296,-0.300293,0.610352,8.789063,2.075195,sit_stand_sit
1769345846.9562979,-0.333984,-0.873413,-0.300903,-0.122070,8.239746,3.051759,sit_stand_sit
1769345846.9822445,-0.318848,-0.866821,-0.311401,0.671387,4.638672,1.342773,sit_stand_sit
1769345846.9995959,-0.317383,-0.874878,-0.312744,1.403809,0.305176,-0.427246,sit_stand_sit
1769345847.019553,-0.337646,-0.879761,-0.311279,1.342773,-3.112794,-0.854492,sit_stand_sit
1769345847.0425718,-0.361938,-0.878906,-0.316162,1.708985,-2.624512,-1.220703,sit_stand_sit
1769345847.0586245,-0.368896,-0.881470,-0.320923,1.770020,-0.915528,-1.770020,sit_stand_sit
1769345847.0775692,-0.367188,-0.884888,-0.323608,1.525879,0.427246,-1.892090,sit_stand_sit
1769345847.0961325,-0.357056,-0.887573,-0.327515,1.220703,1.525879,-2.014160,sit_stand_sit
1769345847.1186223,-0.355469,-0.890503,-0.326660,0.915528,1.403809,-2.136230,sit_stand_sit
1769345847.1365075,-0.346924,-0.886597,-0.321167,0.732422,0.793457,-2.075195,sit_stand_sit
1769345847.1590075,-0.342041,-0.886353,-0.314941,0.671387,-0.183106,-2.197266,sit_stand_sit
1769345847.1762104,-0.342163,-0.886841,-0.316162,0.488281,-0.793457,-2.258301,sit_stand_sit
1769345847.1964428,-0.332642,-0.884399,-0.317505,0.732422,-1.098633,-2.014160,sit_stand_sit
1769345847.2180402,-0.329346,-0.889038,-0.314575,0.427246,-2.624512,-2.136230,sit_stand_sit
1769345847.2370737,-0.331787,-0.885254,-0.313843,0.488281,-2.929688,-2.075195,sit_stand_sit
1769345847.2591345,-0.332642,-0.889160,-0.310669,0.671387,-2.380371,-2.014160,sit_stand_sit
1769345847.2796998,-0.318848,-0.891968,-0.309326,0.549316,-3.723145,-1.831055,sit_stand_sit
1769345847.2998624,-0.328979,-0.889282,-0.310669,0.122070,-4.638672,-1.892090,sit_stand_sit
1769345847.316892,-0.328125,-0.888672,-0.312256,0.366211,-5.737307,-2.380371,sit_stand_sit
1769345847.3366168,-0.338623,-0.891113,-0.309448,0.366211,-6.164553,-2.502441,sit_stand_sit
1769345847.3559794,-0.348022,-0.889893,-0.309692,0.488281,-5.187988,-2.258301,sit_stand_sit
1769345847.3791716,-0.344360,-0.891235,-0.307861,0.549316,-5.371094,-1.892090,sit_stand_sit
1769345847.3988733,-0.353271,-0.894043,-0.308350,0.488281,-5.737307,-1.098633,sit_stand_sit
1769345847.4177413,-0.362427,-0.892944,-0.309814,0.488281,-3.906251,-0.610352,sit_stand_sit
1769345847.4361186,-0.357056,-0.891235,-0.311768,0.366211,-2.197266,-0.366211,sit_stand_sit
1769345847.4587593,-0.349243,-0.889648,-0.310059,0.427246,-1.281738,-0.061035,sit_stand_sit
1769345847.476426,-0.348877,-0.891724,-0.309204,0.488281,-0.976563,0.000000,sit_stand_sit
1769345847.496327,-0.342529,-0.891602,-0.308350,0.549316,-1.037598,0.061035,sit_stand_sit
1769345847.516402,-0.347046,-0.889404,-0.308594,0.305176,-1.098633,-0.183106,sit_stand_sit
1769345847.5380816,-0.344482,-0.887085,-0.307007,0.122070,-1.220703,-0.427246,sit_stand_sit
1769345847.5574498,-0.345825,-0.886230,-0.307007,-0.061035,-1.586915,-0.549316,sit_stand_sit
1769345847.579103,-0.349365,-0.887573,-0.308228,-0.122070,-1.586915,-0.793457,sit_stand_sit
1769345847.5989017,-0.344727,-0.887085,-0.307373,-0.061035,-1.464844,-0.915528,sit_stand_sit
1769345847.6191165,-0.343506,-0.887939,-0.306641,0.061035,-1.342773,-0.915528,sit_stand_sit
1769345847.6395838,-0.333130,-0.888306,-0.303955,0.366211,-1.586915,-1.037598,sit_stand_sit
1769345847.656414,-0.335205,-0.889038,-0.303833,0.793457,-2.197266,-1.281738,sit_stand_sit
1769345847.6767592,-0.334473,-0.890991,-0.300293,1.037598,-3.051759,-1.708985,sit_stand_sit
1769345847.6965766,-0.334351,-0.889282,-0.297729,1.525879,-3.845216,-1.525879,sit_stand_sit
1769345847.7175593,-0.340454,-0.892700,-0.293945,1.953125,-3.845216,-1.220703,sit_stand_sit
1769345847.7386353,-0.336792,-0.891968,-0.289429,2.258301,-3.845216,-0.732422,sit_stand_sit
1769345847.7586236,-0.332153,-0.896729,-0.288574,3.479005,-4.089355,-0.854492,sit_stand_sit
1769345847.7810688,-0.336426,-0.895264,-0.296143,4.394531,-5.126953,-0.732422,sit_stand_sit
1769345847.7986627,-0.334351,-0.887085,-0.299561,5.187988,-6.652834,-0.183106,sit_stand_sit
1769345847.8176866,-0.338135,-0.883911,-0.295288,5.920412,-8.422852,-0.183106,sit_stand_sit
1769345847.8406498,-0.347412,-0.891357,-0.279541,6.347658,-10.009766,-1.892090,sit_stand_sit
1769345847.8614995,-0.359375,-0.917358,-0.256836,7.446291,-12.084965,-6.286623,sit_stand_sit
1769345847.8770375,-0.354004,-0.945801,-0.243042,8.178711,-16.784668,-11.901859,sit_stand_sit
1769345847.896508,-0.397705,-0.925781,-0.261475,9.826660,-24.230965,-13.549809,sit_stand_sit
1769345847.9170508,-0.415161,-0.903442,-0.260498,11.230473,-23.620613,-13.488773,sit_stand_sit
1769345847.9383533,-0.387695,-0.915649,-0.243652,12.390141,-16.601563,-15.869144,sit_stand_sit
1769345847.9586089,-0.296387,-0.900635,-0.259766,15.075687,-20.141602,-17.944336,sit_stand_sit
1769345847.9763246,-0.339722,-0.893555,-0.273926,13.610844,-22.644051,-15.319828,sit_stand_sit
1769345847.996277,-0.368042,-0.846924,-0.292603,11.413578,-17.150879,-15.930180,sit_stand_sit
1769345848.0173752,-0.342651,-0.858643,-0.263794,13.366703,-18.127441,-19.775391,sit_stand_sit
1769345848.0363934,-0.388184,-0.882080,-0.228271,13.183598,-14.282230,-20.568848,sit_stand_sit
1769345848.0565786,-0.411255,-0.896240,-0.199341,13.183598,-5.432129,-21.545410,sit_stand_sit
1769345848.078532,-0.381592,-0.903320,-0.175415,14.343266,3.173829,-25.207527,sit_stand_sit
1769345848.100353,-0.354370,-0.904053,-0.159668,16.601563,10.009766,-27.893074,sit_stand_sit
1769345848.1186328,-0.372803,-0.929932,-0.143066,19.226074,16.845703,-28.747566,sit_stand_sit
1769345848.13855,-0.366455,-0.960938,-0.162842,20.324707,30.212410,-37.353516,sit_stand_sit
1769345848.1590226,-0.298218,-1.091064,-0.177490,24.536140,41.503906,-54.443375,sit_stand_sit
1769345848.1775923,-0.349487,-1.227051,-0.195435,27.771004,37.475586,-60.241714,sit_stand_sit
1769345848.196941,-0.382813,-1.305298,-0.200562,26.123055,40.039063,-61.584488,sit_stand_sit
1769345848.216405,-0.325562,-1.317139,-0.184937,25.512703,50.964371,-61.096207,sit_stand_sit
1769345848.2360222,-0.277466,-1.368042,-0.203857,27.771004,61.401382,-56.884781,sit_stand_sit
1769345848.256694,-0.195923,-1.416260,-0.220825,27.587898,65.490723,-50.598160,sit_stand_sit
1769345848.2782815,-0.099609,-1.431519,-0.225708,25.146492,54.931656,-31.311043,sit_stand_sit
1769345848.2990165,0.120850,-1.313232,-0.290771,13.916019,37.658691,-21.118164,sit_stand_sit
1769345848.3163717,0.209595,-1.241943,-0.332153,8.972168,14.404301,-18.066406,sit_stand_sit
1769345848.33867,0.204346,-1.220825,-0.292480,10.131836,-0.549316,-13.610844,sit_stand_sit
1769345848.3561544,0.183228,-1.201050,-0.246582,5.920412,-9.460449,-9.155273,sit_stand_sit
1769345848.3784945,0.204834,-1.088623,-0.232788,5.065918,-20.141602,-6.225588,sit_stand_sit
1769345848.398315,0.076050,-1.037231,-0.211182,4.943848,-23.437508,-6.774904,sit_stand_sit
1769345848.419658,-0.120850,-0.981445,-0.137939,0.915528,7.751467,-11.535648,sit_stand_sit
1769345848.4379282,-0.114136,-0.910767,-0.107544,-0.183106,30.334480,-12.573246,sit_stand_sit
1769345848.4590583,-0.069092,-0.861572,-0.084717,-1.159668,44.494644,-13.000492,sit_stand_sit
1769345848.481319,-0.066406,-0.822266,-0.070068,-2.990724,53.100601,-13.366703,sit_stand_sit
1769345848.4996524,-0.067139,-0.783569,-0.060059,-5.187988,57.312027,-12.878422,sit_stand_sit
1769345848.5182767,-0.045654,-0.768677,-0.055664,-6.286623,57.312027,-18.249512,sit_stand_sit
1769345848.5374749,0.051025,-0.789795,-0.085571,-8.666992,42.602539,-28.930672,sit_stand_sit
1769345848.5571177,0.018188,-0.804077,-0.088135,-11.840824,21.484375,1.525879,sit_stand_sit
1769345848.5773618,0.026001,-0.730103,-0.098633,-14.038090,7.080080,-0.976563,sit_stand_sit
1769345848.5964458,-0.002686,-0.723145,-0.099731,-9.521484,-5.065918,-7.629396,sit_stand_sit
1769345848.6198997,-0.030762,-0.758911,-0.102417,-8.300781,-10.986328,-7.751467,sit_stand_sit
1769345848.6395514,-0.045288,-0.764160,-0.114136,-8.789063,-14.160160,-4.821777,sit_stand_sit
1769345848.6583111,-0.062500,-0.761719,-0.122314,-9.094238,-13.732914,-3.173829,sit_stand_sit
1769345848.6811383,-0.083496,-0.750122,-0.121948,-7.202150,-5.798342,-1.953125,sit_stand_sit
1769345848.6984754,-0.079102,-0.780640,-0.118408,-5.737307,1.159668,-2.380371,sit_stand_sit
1769345848.7173522,-0.060425,-0.799072,-0.126221,-5.737307,5.371094,-1.037598,sit_stand_sit
1769345848.7382393,-0.061157,-0.834106,-0.127808,-4.333496,7.934572,0.671387,sit_stand_sit
1769345848.758088,-0.067993,-0.894287,-0.133911,-3.601075,10.620117,1.831055,sit_stand_sit
1769345848.7796812,-0.076416,-0.923462,-0.142944,-4.577637,13.732914,2.380371,sit_stand_sit
1769345848.7981198,-0.070679,-0.951294,-0.143433,-3.906251,15.014652,3.356935,sit_stand_sit
1769345848.8198442,-0.060059,-0.995850,-0.150757,-3.723145,15.502934,2.807618,sit_stand_sit
1769345848.836294,-0.051270,-1.001221,-0.171875,-2.807618,16.357422,3.845216,sit_stand_sit
1769345848.8579857,-0.032104,-1.005981,-0.185669,-2.807618,15.930180,7.751467,sit_stand_sit
1769345848.876992,-0.009399,-0.980103,-0.197998,-2.990724,14.770512,8.789063,sit_stand_sit
1769345848.8962266,0.005371,-0.977417,-0.212280,-1.708985,14.099125,10.742188,sit_stand_sit
1769345848.918086,0.014893,-0.964844,-0.227295,-2.136230,13.549809,13.122562,sit_stand_sit
1769345848.9390974,0.014771,-0.953247,-0.219727,-0.732422,13.793949,14.343266,sit_stand_sit
1769345848.9589307,0.016968,-0.970825,-0.205322,-0.732422,12.084965,14.648441,sit_stand_sit
1769345848.980483,0.004517,-0.977051,-0.188477,-0.854492,10.620117,16.784668,sit_stand_sit
1769345848.998069,-0.008423,-0.978394,-0.173462,-0.976563,11.718754,17.639160,sit_stand_sit
1769345849.0203252,-0.017944,-0.977173,-0.165405,-0.122070,14.831547,15.625004,sit_stand_sit
1769345849.0393994,-0.016846,-0.986206,-0.154907,0.854492,17.944336,12.512211,sit_stand_sit
1769345849.0572398,-0.013672,-0.990112,-0.152832,0.427246,19.958496,10.192871,sit_stand_sit
1769345849.0787437,-0.003784,-0.983032,-0.159912,-0.244141,19.653320,5.187988,sit_stand_sit
1769345849.0988197,-0.005737,-0.981934,-0.168457,-0.305176,18.859863,2.197266,sit_stand_sit
1769345849.1184797,0.028320,-1.001099,-0.173340,-0.793457,17.150879,0.366211,sit_stand_sit
1769345849.139444,0.013794,-0.983521,-0.166382,-1.953125,13.916019,-2.929688,sit_stand_sit
1769345849.1601224,-0.013428,-0.983398,-0.170288,-0.488281,14.221195,-2.868653,sit_stand_sit
1769345849.1760316,0.021362,-1.003052,-0.176025,-0.732422,10.803223,-4.455566,sit_stand_sit
1769345849.1966262,0.008057,-1.011108,-0.171875,-1.220703,5.065918,-1.770020,sit_stand_sit
1769345849.2174246,-0.008911,-1.000854,-0.166016,-0.915528,-0.854492,-0.488281,sit_stand_sit
1769345849.2378614,-0.005005,-1.004883,-0.163330,0.305176,-2.868653,-0.366211,sit_stand_sit
1769345849.2590225,-0.017334,-0.988770,-0.165039,0.549316,-3.784181,-0.854492,sit_stand_sit
1769345849.279263,0.003052,-0.988281,-0.172729,1.342773,-4.272461,-0.915528,sit_stand_sit
1769345849.300821,0.036987,-0.991455,-0.186279,-0.061035,-11.779789,-1.525879,sit_stand_sit
1769345849.3162353,-0.020508,-0.976074,-0.191772,0.488281,-12.329105,1.708985,sit_stand_sit
1769345849.338461,-0.032959,-0.974487,-0.195313,1.708985,-7.995607,-1.037598,sit_stand_sit
1769345849.3560956,-0.042603,-0.993896,-0.191772,1.159668,-7.873537,-2.197266,sit_stand_sit
1769345849.3773854,-0.058350,-0.994385,-0.184570,0.183106,-6.408693,-1.953125,sit_stand_sit
1769345849.3988762,-0.062866,-0.995239,-0.182007,-0.183106,-4.577637,-1.831055,sit_stand_sit
1769345849.419276,-0.058350,-0.991577,-0.185303,-0.549316,-4.272461,-1.647950,sit_stand_sit
1769345849.4401946,-0.058228,-0.983154,-0.191406,-0.610352,-4.455566,-1.342773,sit_stand_sit
1769345849.4598143,-0.057617,-0.980957,-0.194946,-0.427246,-3.967286,-1.098633,sit_stand_sit
1769345849.480005,-0.052002,-0.979858,-0.202271,-0.671387,-0.915528,-0.305176,sit_stand_sit
1769345849.4978144,-0.042847,-0.976685,-0.200928,-0.793457,0.915528,0.000000,sit_stand_sit
1769345849.5180166,-0.041138,-0.979370,-0.202881,-1.098633,2.319336,0.305176,sit_stand_sit
1769345849.5363963,-0.034546,-0.983398,-0.197388,-1.037598,2.929688,0.549316,sit_stand_sit
1769345849.5571103,-0.037109,-0.994995,-0.185303,-1.037598,2.563477,0.427246,sit_stand_sit
1769345849.5791757,-0.042236,-0.994873,-0.182495,-1.708985,2.807618,0.671387,sit_stand_sit
1769345849.5980334,-0.037964,-0.982788,-0.174438,-1.098633,3.173829,1.220703,sit_stand_sit
1769345849.6190884,-0.031494,-0.985596,-0.175049,-0.976563,3.051759,1.159668,sit_stand_sit
1769345849.636206,-0.027832,-0.979980,-0.184570,-1.098633,2.319336,1.586915,sit_stand_sit
1769345849.657586,-0.027344,-0.981445,-0.187744,-0.793457,1.159668,1.037598,sit_stand_sit
1769345849.6761441,-0.027466,-0.988892,-0.187256,-0.793457,0.061035,0.183106,sit_stand_sit
1769345849.69971,-0.029175,-0.988281,-0.189575,-1.220703,-0.549316,0.244141,sit_stand_sit
1769345849.7163484,-0.032471,-0.985229,-0.191650,-1.220703,-0.976563,0.000000,sit_stand_sit
1769345849.737672,-0.036133,-0.988770,-0.189087,-0.976563,-1.037598,-0.305176,sit_stand_sit
1769345849.7597194,-0.036377,-0.986694,-0.189087,-1.159668,-0.854492,0.061035,sit_stand_sit
1769345849.7787297,-0.038696,-0.986084,-0.191772,-1.037598,-0.366211,0.183106,sit_stand_sit
1769345849.799489,-0.038574,-0.984985,-0.194458,-0.732422,0.305176,0.244141,sit_stand_sit
1769345849.8168633,-0.033081,-0.987061,-0.196411,-0.549316,0.427246,0.122070,sit_stand_sit
1769345849.8371801,-0.031250,-0.990112,-0.196045,-0.671387,0.000000,-0.061035,sit_stand_sit
1769345849.861385,-0.033203,-0.987671,-0.197144,-1.098633,-0.305176,0.244141,sit_stand_sit
1769345849.8883712,-0.040405,-0.981201,-0.192139,-0.671387,0.305176,0.183106,sit_stand_sit
1769345849.8992486,-0.039429,-0.992065,-0.188110,-0.671387,0.610352,0.122070,sit_stand_sit
1769345849.9177763,-0.038086,-0.985474,-0.191650,-0.976563,0.610352,0.244141,sit_stand_sit
1769345849.9386992,-0.040161,-0.978149,-0.192993,-0.671387,0.427246,0.366211,sit_stand_sit
1769345850.0563364,-0.046021,-0.984985,-0.192139,-0.427246,1.281738,0.488281,sit_stand_sit
1769345850.0563364,-0.050171,-0.973755,-0.207642,-0.488281,2.075195,0.732422,sit_stand_sit
1769345850.0563364,-0.057861,-0.986450,-0.196411,0.122070,2.685547,0.610352,sit_stand_sit
1769345850.0563364,-0.058716,-0.994995,-0.195801,-0.854492,4.150391,0.366211,sit_stand_sit
1769345850.0563364,-0.052002,-0.980835,-0.199219,-1.342773,5.249023,0.976563,sit_stand_sit
1769345850.0763707,-0.054932,-0.977051,-0.194214,-1.159668,5.249023,1.464844,sit_stand_sit
1769345850.196328,-0.055420,-0.977051,-0.198730,-1.403809,5.493164,1.892090,sit_stand_sit
1769345850.20772,-0.054565,-0.982178,-0.195679,-2.075195,6.225588,2.136230,sit_stand_sit
1769345850.20772,-0.052979,-0.979248,-0.193481,-1.892090,6.225588,2.319336,sit_stand_sit
1769345850.20772,-0.048584,-0.985352,-0.192993,-1.647950,5.554201,2.441406,sit_stand_sit
1769345850.2090805,-0.044556,-0.975952,-0.192505,-2.075195,4.577637,2.929688,sit_stand_sit
1769345850.2174387,-0.044678,-0.963989,-0.190430,-1.708985,2.990724,3.479005,sit_stand_sit
1769345850.2380812,-0.029175,-0.956299,-0.193604,-1.403809,1.953125,3.356935,sit_stand_sit
1769345850.3595917,0.000977,-0.913696,-0.193237,-1.525879,1.647950,6.896975,sit_stand_sit
1769345850.3595917,-0.052734,-0.875732,-0.192871,-0.488281,-1.098633,6.958010,sit_stand_sit
1769345850.3608804,-0.021606,-0.860229,-0.192383,0.671387,0.488281,4.211426,sit_stand_sit
1769345850.3608804,0.009766,-0.873291,-0.192993,-0.183106,-4.638672,3.356935,sit_stand_sit
1769345850.3608804,-0.045044,-0.821167,-0.193970,-2.075195,-8.605957,0.427246,sit_stand_sit
1769345850.3826044,-0.004028,-0.773560,-0.191650,-3.173829,-11.291508,-1.892090,sit_stand_sit
1769345850.4500694,-0.002563,-0.757080,-0.191650,-2.136230,-23.315437,-11.901859,sit_stand_sit
1769345850.5376565,-0.104736,-0.809082,-0.155396,-5.187988,-17.700195,-15.075687,sit_stand_sit
1769345850.5376565,-0.093262,-0.858521,-0.126099,-5.676271,-13.916019,-17.639160,sit_stand_sit
1769345850.5376565,-0.097290,-0.891724,-0.140625,-7.446291,-9.704590,-17.822266,sit_stand_sit
1769345850.5376565,-0.061768,-0.897095,-0.172607,-6.591799,-6.469728,-14.099125,sit_stand_sit
1769345850.5376565,-0.018433,-0.888428,-0.174561,-5.187988,-12.695316,-10.253906,sit_stand_sit
1769345850.5376565,0.002930,-0.965942,-0.186157,0.732422,-28.869637,1.403809,sit_stand_sit
1769345850.7232852,-0.093872,-0.949707,-0.186523,5.737307,-31.677254,7.568361,sit_stand_sit
1769345850.7232852,-0.090698,-0.984497,-0.166992,5.615236,-22.399910,8.850098,sit_stand_sit
1769345850.7232852,-0.077881,-1.005249,-0.152588,4.699707,-14.343266,11.413578,sit_stand_sit
1769345850.7232852,-0.059448,-1.023193,-0.175293,2.990724,-9.704590,13.854984,sit_stand_sit
1769345850.7232852,-0.046143,-1.031006,-0.198242,-0.915528,-12.512211,18.127441,sit_stand_sit
1769345850.7232852,-0.028564,-1.027710,-0.204590,-2.441406,-18.005371,20.812988,sit_stand_sit
1769345850.7232852,0.014893,-1.013550,-0.227051,-2.441406,-27.160652,22.277840,sit_stand_sit
1769345850.8063753,-0.057861,-1.023682,-0.254883,0.000000,-36.621094,21.362305,sit_stand_sit
1769345850.8063753,-0.091919,-1.034546,-0.258667,-1.525879,-31.188972,21.301270,sit_stand_sit
1769345850.8063753,-0.081055,-1.010986,-0.248779,-2.746582,-27.160652,21.789551,sit_stand_sit
1769345850.8063753,-0.079102,-0.998413,-0.224487,-0.976563,-21.545410,17.395020,sit_stand_sit
1769345850.8184867,-0.082153,-1.003052,-0.221924,-0.610352,-15.930180,14.831547,sit_stand_sit
1769345850.8382006,-0.095093,-1.009277,-0.231079,-2.502441,-11.474613,13.183598,sit_stand_sit
1769345850.8574297,-0.107300,-1.015625,-0.224976,-6.286623,-8.117676,10.375977,sit_stand_sit
1769345850.8772454,-0.112183,-1.031860,-0.209106,-10.498047,-4.638672,5.187988,sit_stand_sit
1769345850.8977444,-0.115967,-1.044556,-0.182251,-14.709476,0.244141,0.793457,sit_stand_sit
1769345850.9172575,-0.122681,-1.091431,-0.146118,-16.967773,9.094238,-3.845216,sit_stand_sit
1769345850.9386618,-0.132324,-1.135132,-0.157837,-17.395020,16.052246,-6.103518,sit_stand_sit
1769345850.9628458,-0.114014,-1.137329,-0.195313,-18.981934,20.324707,-6.958010,sit_stand_sit
1769345850.9800162,-0.109863,-1.092651,-0.244507,-13.732914,21.057129,-1.892090,sit_stand_sit
1769345850.9960525,-0.146484,-1.087158,-0.270996,-14.221195,21.362305,-1.525879,sit_stand_sit
1769345851.0163171,-0.120117,-1.080200,-0.304810,-16.967773,12.878422,3.112794,sit_stand_sit
1769345851.0363042,-0.187378,-1.034546,-0.328003,-18.859863,11.108402,3.479005,sit_stand_sit
1769345851.0582788,-0.226685,-1.003052,-0.341919,-20.385742,21.179199,4.638672,sit_stand_sit
1769345851.0801995,-0.217651,-1.011841,-0.327881,-20.080566,25.329597,6.286623,sit_stand_sit
1769345851.0989065,-0.204346,-1.010498,-0.320313,-21.484375,27.221687,9.704590,sit_stand_sit
1769345851.1231115,-0.183228,-0.988770,-0.321533,-22.277840,26.672371,14.038090,sit_stand_sit
1769345851.1367846,-0.167114,-0.978760,-0.327271,-21.057129,22.949226,17.456055,sit_stand_sit
1769345851.15617,-0.162964,-0.985352,-0.334229,-19.409180,15.808109,20.202637,sit_stand_sit
1769345851.1763146,-0.184082,-0.996338,-0.338135,-19.470215,9.094238,21.606445,sit_stand_sit
1769345851.196372,-0.211426,-0.978027,-0.351074,-19.531250,8.361816,21.789551,sit_stand_sit
1769345851.2193215,-0.217041,-0.952637,-0.366089,-18.676758,6.958010,21.728516,sit_stand_sit
1769345851.2383068,-0.222290,-0.929810,-0.368286,-17.883301,6.591799,20.874023,sit_stand_sit
1769345851.258407,-0.232910,-0.911499,-0.365356,-16.723633,8.483887,20.263672,sit_stand_sit
1769345851.2782598,-0.230957,-0.903320,-0.366333,-15.380863,9.338379,19.775391,sit_stand_sit
1769345851.2997591,-0.226074,-0.902832,-0.363281,-13.793949,9.033203,18.127441,sit_stand_sit
1769345851.316594,-0.203125,-0.892090,-0.369019,-11.779789,5.371094,16.418457,sit_stand_sit
1769345851.3360171,-0.185059,-0.883301,-0.379272,-10.131836,-2.441406,16.296387,sit_stand_sit
1769345851.3589156,-0.186768,-0.885620,-0.397705,-8.483887,-12.207035,14.160160,sit_stand_sit
1769345851.377127,-0.214966,-0.896851,-0.405029,-7.263186,-18.188477,11.352543,sit_stand_sit
1769345851.397395,-0.233643,-0.896362,-0.413574,-5.737307,-20.446777,9.216309,sit_stand_sit
1769345851.4198074,-0.248901,-0.894165,-0.413940,-4.089355,-21.057129,7.873537,sit_stand_sit
1769345851.4395366,-0.249268,-0.899292,-0.414063,-3.356935,-22.094727,4.455566,sit_stand_sit
1769345851.4563777,-0.273560,-0.895386,-0.402222,-3.540040,-16.052246,-0.854492,sit_stand_sit
1769345851.4768279,-0.283325,-0.898193,-0.395020,-2.624512,-7.385256,-3.417970,sit_stand_sit
1769345851.4962437,-0.253906,-0.898071,-0.400024,-3.051759,-5.676271,-5.798342,sit_stand_sit
1769345851.5189261,-0.239380,-0.901978,-0.393799,-2.868653,-6.896975,-5.859377,sit_stand_sit
1769345851.5376678,-0.227051,-0.900391,-0.406128,-3.723145,-11.901859,-3.112794,sit_stand_sit
1769345851.5563214,-0.333618,-0.912964,-0.397461,-5.310059,-9.094238,-0.427246,sit_stand_sit
1769345851.5786684,-0.303467,-0.900757,-0.370117,-5.126953,2.258301,0.488281,sit_stand_sit
1769345851.5978699,-0.252563,-0.883057,-0.375122,-3.906251,5.920412,0.793457,sit_stand_sit
1769345851.6193082,-0.243774,-0.892944,-0.379150,-2.014160,6.469728,2.563477,sit_stand_sit
1769345851.638047,-0.235107,-0.897095,-0.381226,-0.793457,6.896975,4.150391,sit_stand_sit
1769345851.6601193,-0.223633,-0.901855,-0.385132,-0.488281,6.958010,5.004883,sit_stand_sit
1769345851.68235,-0.217407,-0.890503,-0.383423,1.281738,6.042482,6.469728,sit_stand_sit
1769345851.6963184,-0.220703,-0.882813,-0.381958,2.258301,4.882813,6.469728,sit_stand_sit
1769345851.7179973,-0.227783,-0.880859,-0.379272,2.685547,-1.281738,4.272461,sit_stand_sit
1769345851.7385347,-0.246094,-0.882690,-0.377808,2.929688,-4.943848,2.075195,sit_stand_sit
1769345851.7591221,-0.261597,-0.886963,-0.371826,3.234864,-5.981447,1.770020,sit_stand_sit
1769345851.7795296,-0.278076,-0.885742,-0.367554,1.892090,-5.310059,1.281738,sit_stand_sit
1769345851.796258,-0.282104,-0.878784,-0.367310,0.854492,-3.906251,-0.305176,sit_stand_sit
1769345851.8161094,-0.277222,-0.886841,-0.372925,0.793457,-2.868653,-0.915528,sit_stand_sit
1769345851.837689,-0.279053,-0.885132,-0.381470,0.366211,-2.624512,-0.549316,sit_stand_sit
1769345851.856708,-0.276489,-0.886353,-0.386230,0.793457,-1.892090,-0.427246,sit_stand_sit
1769345851.8762066,-0.281128,-0.888916,-0.385986,0.976563,-0.488281,0.244141,sit_stand_sit
1769345851.8999765,-0.280151,-0.890747,-0.387329,1.525879,2.319336,0.854492,sit_stand_sit
1769345851.9185905,-0.275513,-0.907227,-0.382202,1.831055,4.516602,0.793457,sit_stand_sit
1769345851.9377542,-0.264771,-0.901733,-0.380859,1.464844,6.164553,1.586915,sit_stand_sit
1769345851.955948,-0.252563,-0.896606,-0.376587,1.892090,6.469728,2.319336,sit_stand_sit
1769345851.976247,-0.237671,-0.898438,-0.370483,1.647950,4.699707,1.953125,sit_stand_sit
1769345851.9986885,-0.227539,-0.900391,-0.371582,1.403809,1.525879,1.403809,sit_stand_sit
1769345852.0162094,-0.232544,-0.896240,-0.373047,0.915528,-1.770020,0.610352,sit_stand_sit
1769345852.0374112,-0.239258,-0.893677,-0.375610,0.976563,-3.967286,0.061035,sit_stand_sit
1769345852.0579538,-0.244873,-0.899048,-0.380615,0.732422,-5.493164,-0.976563,sit_stand_sit
1769345852.0772018,-0.252686,-0.897339,-0.382690,0.244141,-6.103518,-1.586915,sit_stand_sit
1769345852.0987823,-0.254761,-0.893066,-0.382080,0.305176,-5.798342,-1.770020,sit_stand_sit
1769345852.1193066,-0.258545,-0.895996,-0.376221,0.610352,-5.249023,-1.770020,sit_stand_sit
1769345852.1403143,-0.263550,-0.897461,-0.373901,0.549316,-4.699707,-1.770020,sit_stand_sit
1769345852.163104,-0.264282,-0.897461,-0.373047,0.671387,-3.967286,-1.586915,sit_stand_sit
1769345852.1763463,-0.265991,-0.900635,-0.372314,0.793457,-3.234864,-1.403809,sit_stand_sit
1769345852.1995325,-0.268799,-0.904785,-0.376343,0.732422,-2.746582,-1.647950,sit_stand_sit
1769345852.2167394,-0.265991,-0.904419,-0.376221,0.549316,-2.258301,-1.525879,sit_stand_sit
1769345852.2394185,-0.264893,-0.897949,-0.372925,0.244141,-1.159668,-0.732422,sit_stand_sit
1769345852.2581055,-0.260742,-0.892334,-0.370605,0.244141,-0.427246,-0.366211,sit_stand_sit
1769345852.2794228,-0.256714,-0.890015,-0.372192,0.244141,0.061035,-0.305176,sit_stand_sit
1769345852.2998946,-0.254761,-0.890015,-0.373413,0.488281,0.488281,-0.244141,sit_stand_sit
1769345852.3199332,-0.246826,-0.888062,-0.371582,0.488281,-0.061035,0.183106,sit_stand_sit
1769345852.3399956,-0.245483,-0.890137,-0.369507,0.610352,-1.342773,0.244141,sit_stand_sit
1769345852.3562462,-0.251831,-0.890503,-0.370483,0.244141,-2.075195,-0.061035,sit_stand_sit
1769345852.3789496,-0.258057,-0.891724,-0.376221,0.732422,-1.403809,-0.915528,sit_stand_sit
1769345852.4001875,-0.256714,-0.898560,-0.369751,0.366211,-1.159668,-1.281738,sit_stand_sit
1769345852.4190133,-0.257080,-0.892822,-0.372681,0.427246,-0.976563,-0.732422,sit_stand_sit
1769345852.438504,-0.262207,-0.894775,-0.370850,0.671387,-0.732422,-0.976563,sit_stand_sit
1769345852.4598603,-0.257935,-0.896973,-0.370239,0.732422,-0.549316,-1.037598,sit_stand_sit
1769345852.4800446,-0.258911,-0.901611,-0.372437,0.671387,-0.671387,-0.854492,sit_stand_sit
1769345852.4961257,-0.259033,-0.896851,-0.369995,0.610352,-0.549316,-0.732422,sit_stand_sit
1769345852.5204759,-0.258545,-0.893677,-0.368774,0.732422,-0.427246,-0.549316,sit_stand_sit
1769345852.5413487,-0.260742,-0.893433,-0.371216,0.915528,0.183106,-0.427246,sit_stand_sit
1769345852.5599663,-0.256470,-0.887695,-0.371704,1.098633,0.793457,-0.305176,sit_stand_sit
1769345852.5800393,-0.252441,-0.883789,-0.368408,1.464844,1.098633,0.122070,sit_stand_sit
1769345852.5979345,-0.247437,-0.879883,-0.363281,2.075195,0.915528,0.427246,sit_stand_sit
1769345852.6184037,-0.243408,-0.877930,-0.358032,2.990724,0.244141,0.549316,sit_stand_sit
1769345852.6397371,-0.246704,-0.873779,-0.354858,4.211426,-0.732422,0.610352,sit_stand_sit
1769345852.6603198,-0.248901,-0.874146,-0.354126,4.882813,-1.892090,-0.305176,sit_stand_sit
1769345852.6762135,-0.248779,-0.869629,-0.350342,5.920412,-2.990724,-1.281738,sit_stand_sit
1769345852.6995053,-0.248901,-0.868774,-0.347290,6.286623,-5.249023,-2.929688,sit_stand_sit
1769345852.7201962,-0.256958,-0.869385,-0.345337,7.385256,-7.751467,-5.249023,sit_stand_sit
1769345852.7384543,-0.260742,-0.877197,-0.346069,7.934572,-9.826660,-7.812502,sit_stand_sit
1769345852.7578049,-0.274658,-0.868042,-0.344604,7.080080,-11.474613,-11.596684,sit_stand_sit
1769345852.7784529,-0.280762,-0.866333,-0.352783,10.559082,-8.178711,-15.319828,sit_stand_sit
1769345852.8000605,-0.281372,-0.886475,-0.344360,12.329105,-5.249023,-15.686039,sit_stand_sit
1769345852.817405,-0.269653,-0.871338,-0.350708,10.437012,-5.676271,-18.676758,sit_stand_sit
1769345852.8384492,-0.289429,-0.893433,-0.346436,14.587406,-0.061035,-18.676758,sit_stand_sit
1769345852.859752,-0.286377,-0.889893,-0.352173,16.418457,4.272461,-19.592285,sit_stand_sit
1769345852.8767622,-0.257080,-0.904541,-0.351929,14.038090,3.906251,-23.559578,sit_stand_sit
1769345852.8971076,-0.244507,-0.914673,-0.350830,14.587406,5.554201,-28.930672,sit_stand_sit
1769345852.918537,-0.260620,-0.938965,-0.339355,17.456055,7.324221,-29.357918,sit_stand_sit
1769345852.9385614,-0.253296,-0.965088,-0.327148,19.409180,12.756351,-31.555183,sit_stand_sit
1769345852.9586363,-0.230957,-1.019165,-0.296753,16.418457,11.779789,-39.306641,sit_stand_sit
1769345852.9809484,-0.214844,-1.074829,-0.293091,18.005371,13.366703,-48.400894,sit_stand_sit
1769345852.9961789,-0.166748,-1.195068,-0.300049,25.451668,19.287109,-45.227066,sit_stand_sit
1769345853.0160859,-0.112183,-1.275635,-0.310303,26.977547,17.272949,-40.954590,sit_stand_sit
1769345853.0386345,-0.073364,-1.302368,-0.337769,29.785164,3.173829,-40.527344,sit_stand_sit
1769345853.0565345,-0.115356,-1.275879,-0.364014,29.052742,-0.854492,-38.757324,sit_stand_sit
1769345853.0782833,-0.112183,-1.231323,-0.355347,28.625496,0.976563,-34.667969,sit_stand_sit
1769345853.0990632,-0.099243,-1.217407,-0.325806,28.320320,6.042482,-32.165527,sit_stand_sit
1769345853.1194274,-0.105469,-1.238892,-0.297974,25.207527,15.380863,-28.076180,sit_stand_sit
1769345853.1398156,-0.079346,-1.253906,-0.259888,20.141602,25.634773,-20.812988,sit_stand_sit
1769345853.1594121,0.001709,-1.236206,-0.227295,14.587406,22.949226,-10.131836,sit_stand_sit
1769345853.1768458,0.044678,-1.206177,-0.234741,11.474613,16.601563,-5.798342,sit_stand_sit
1769345853.196331,0.122925,-1.145264,-0.241211,11.840824,1.281738,-3.051759,sit_stand_sit
1769345853.2198577,0.103394,-1.081787,-0.234985,14.343266,-15.563969,-2.685547,sit_stand_sit
1769345853.238982,0.098755,-1.044067,-0.194824,17.211914,-27.221687,-6.103518,sit_stand_sit
1769345853.257522,0.098999,-0.986084,-0.139771,22.766121,-34.057617,-8.422852,sit_stand_sit
1769345853.27988,0.024902,-0.992188,-0.114502,25.634773,-35.583496,-10.070801,sit_stand_sit
1769345853.299685,-0.110107,-0.986328,-0.093506,14.343266,-5.676271,-9.033203,sit_stand_sit
1769345853.31639,-0.074341,-0.944336,-0.121094,7.568361,18.432617,-9.277344,sit_stand_sit
1769345853.339395,0.002563,-0.908325,-0.157104,2.746582,29.479988,-9.704590,sit_stand_sit
1769345853.3564029,0.037231,-0.887817,-0.171631,-0.305176,26.733406,-7.202150,sit_stand_sit
1769345853.376604,0.020996,-0.873779,-0.163574,-2.685547,20.507813,-3.417970,sit_stand_sit
1769345853.3984592,0.015137,-0.867676,-0.146240,-2.990724,17.333984,-0.427246,sit_stand_sit
1769345853.4178784,0.024170,-0.848267,-0.136963,-3.662110,13.366703,2.441406,sit_stand_sit
1769345853.440101,0.033569,-0.808960,-0.117920,-5.004883,5.065918,-3.479005,sit_stand_sit
1769345853.46037,0.076782,-0.788330,-0.135986,-3.662110,-7.324221,-13.671879,sit_stand_sit
1769345853.479841,0.004028,-0.836060,-0.123169,-1.281738,-9.948730,4.150391,sit_stand_sit
1769345853.4999151,0.009399,-0.803955,-0.124146,-6.835939,-12.695316,4.516602,sit_stand_sit
1769345853.5199525,0.009888,-0.782715,-0.123779,-5.126953,-19.042969,-3.479005,sit_stand_sit
1769345853.5396929,-0.011719,-0.804932,-0.105347,-4.821777,-18.249512,-8.239746,sit_stand_sit
1769345853.563523,0.028076,-0.807983,-0.103271,-4.394531,-18.249512,-5.371094,sit_stand_sit
1769345853.590358,0.023315,-0.803833,-0.112671,-4.577637,-18.920898,-2.746582,sit_stand_sit
1769345853.5999057,0.009644,-0.789795,-0.124146,-2.441406,-18.005371,-2.746582,sit_stand_sit
1769345853.6193564,-0.016479,-0.815918,-0.122681,0.122070,-14.770512,-4.577637,sit_stand_sit
1769345853.6401072,-0.050171,-0.854858,-0.119995,0.305176,-5.126953,-3.967286,sit_stand_sit
1769345853.6564114,-0.050659,-0.862427,-0.131226,0.183106,6.408693,-2.929688,sit_stand_sit
1769345853.676289,-0.056152,-0.870239,-0.144775,0.793457,15.991215,-3.051759,sit_stand_sit
1769345853.6998467,-0.037354,-0.932983,-0.160767,1.770020,24.780281,-1.586915,sit_stand_sit
1769345853.71668,-0.019897,-0.975342,-0.179565,0.122070,24.292000,0.305176,sit_stand_sit
1769345853.7367435,-0.010986,-0.991699,-0.191895,-0.854492,19.348145,0.122070,sit_stand_sit
1769345853.7571368,0.000366,-1.010864,-0.189087,-1.098633,12.084965,-0.183106,sit_stand_sit
1769345853.7783687,-0.000488,-1.020508,-0.186401,-2.136230,5.493164,0.976563,sit_stand_sit
1769345853.7979496,-0.013794,-1.001221,-0.190430,-4.150391,3.723145,3.906251,sit_stand_sit
1769345853.818197,-0.033691,-0.977905,-0.169189,-3.479005,9.399414,8.300781,sit_stand_sit
1769345853.8376245,-0.023682,-0.992432,-0.155518,-3.601075,15.014652,9.338379,sit_stand_sit
1769345853.8574796,0.002930,-0.987061,-0.152954,-4.089355,20.568848,9.704590,sit_stand_sit
1769345853.8762548,0.029053,-0.976929,-0.152832,-4.821777,23.376472,10.742188,sit_stand_sit
1769345853.8990622,0.046021,-0.973267,-0.151855,-4.699707,23.193367,9.887695,sit_stand_sit
1769345853.917589,0.051270,-0.981079,-0.153198,-4.760742,21.362305,8.728027,sit_stand_sit
1769345853.9396324,0.060669,-0.980103,-0.166870,-4.943848,17.700195,8.117676,sit_stand_sit
1769345853.960754,0.037720,-0.971069,-0.165527,-1.953125,10.131836,7.080080,sit_stand_sit
1769345853.9768753,0.032959,-0.977417,-0.159912,-0.305176,7.568361,6.713869,sit_stand_sit
1769345853.9961996,0.034424,-0.980835,-0.163208,1.037598,4.943848,6.408693,sit_stand_sit
1769345854.0200694,0.013916,-0.984741,-0.168335,1.647950,2.868653,6.591799,sit_stand_sit
1769345854.0363111,-0.006348,-0.975830,-0.181396,0.610352,5.859377,5.737307,sit_stand_sit
1769345854.0591662,-0.019775,-0.977051,-0.185059,1.647950,12.268070,4.150391,sit_stand_sit
1769345854.076958,0.002319,-0.999634,-0.187866,0.793457,17.211914,1.831055,sit_stand_sit
1769345854.0993848,0.026855,-1.012451,-0.192505,-2.502441,15.625004,0.000000,sit_stand_sit
1769345854.1180396,0.021362,-1.001953,-0.189087,-3.784181,9.582520,-1.159668,sit_stand_sit
1769345854.246121,0.004639,-1.002686,-0.179810,-3.417970,6.225588,-1.220703,sit_stand_sit
1769345854.246121,0.014893,-0.995972,-0.175049,-2.746582,1.037598,-0.732422,sit_stand_sit
1769345854.246121,0.011108,-0.991089,-0.172119,-2.075195,-5.187988,0.244141,sit_stand_sit
1769345854.246121,-0.012817,-0.980957,-0.176880,-1.525879,-8.544922,2.136230,sit_stand_sit
1769345854.246121,-0.033081,-0.981445,-0.183228,-0.122070,-6.103518,2.258301,sit_stand_sit
1769345854.246121,-0.024170,-0.983643,-0.182007,-0.244141,-3.601075,2.685547,sit_stand_sit
1769345854.256257,-0.024658,-0.981201,-0.184814,-0.793457,-1.220703,2.868653,sit_stand_sit
1769345854.27984,-0.019775,-0.971558,-0.196411,-0.915528,1.525879,2.807618,sit_stand_sit
1769345854.4163375,-0.009766,-0.974487,-0.194336,-0.488281,2.563477,2.136230,sit_stand_sit
1769345854.418598,-0.011963,-0.977783,-0.194580,-0.671387,2.807618,0.610352,sit_stand_sit
1769345854.418598,-0.019043,-0.981567,-0.191650,-0.610352,3.173829,-0.183106,sit_stand_sit
1769345854.418598,-0.022827,-0.988770,-0.183838,-0.793457,3.540040,-0.915528,sit_stand_sit
1769345854.418598,-0.023438,-0.990356,-0.187500,-0.976563,3.479005,-0.671387,sit_stand_sit
1769345854.418598,-0.023071,-0.996582,-0.186279,-0.732422,3.051759,-0.366211,sit_stand_sit
1769345854.420615,-0.021118,-0.996948,-0.185913,-1.220703,2.380371,-0.122070,sit_stand_sit
1769345854.4463217,-0.019287,-0.988525,-0.189697,-1.159668,1.770020,0.305176,sit_stand_sit
1769345854.4589312,-0.014893,-0.987671,-0.192871,-0.915528,1.770020,0.854492,sit_stand_sit
1769345854.4786415,-0.018555,-0.993042,-0.185791,-0.854492,2.990724,0.732422,sit_stand_sit
1769345854.4994738,-0.011963,-0.992065,-0.188232,-1.647950,4.516602,0.915528,sit_stand_sit
1769345854.5160475,-0.008789,-0.984863,-0.190308,-1.647950,5.554201,0.915528,sit_stand_sit
1769345854.5362852,-0.007080,-0.983032,-0.188477,-1.220703,5.554201,1.159668,sit_stand_sit
1769345854.556531,-0.005249,-0.989258,-0.187256,-0.976563,4.943848,1.159668,sit_stand_sit
1769345854.579041,-0.006958,-0.988281,-0.192261,-1.037598,4.150391,1.403809,sit_stand_sit
1769345854.5988228,-0.012207,-0.984741,-0.195557,-0.915528,3.784181,1.342773,sit_stand_sit
1769345854.6205852,-0.020752,-0.988037,-0.189209,-1.220703,5.004883,1.159668,sit_stand_sit
1769345854.640313,-0.016968,-0.986084,-0.189819,-1.586915,5.981447,0.976563,sit_stand_sit
1769345854.659289,-0.013184,-0.984497,-0.191528,-1.831055,6.042482,0.915528,sit_stand_sit
1769345854.6778944,-0.016846,-0.983521,-0.192993,-2.014160,5.676271,0.915528,sit_stand_sit
1769345854.696519,-0.014893,-0.985718,-0.194092,-2.075195,3.784181,0.488281,sit_stand_sit
1769345854.7200778,-0.023071,-0.994141,-0.188477,-1.892090,3.845216,0.427246,sit_stand_sit
1769345854.7372987,-0.019165,-0.991089,-0.195313,-2.563477,3.784181,1.098633,sit_stand_sit
1769345854.758383,-0.019531,-0.983887,-0.192749,-2.197266,3.295899,1.770020,sit_stand_sit
1769345854.7808676,-0.020386,-0.987061,-0.200195,-2.319336,3.601075,1.159668,sit_stand_sit
1769345854.7994735,-0.022949,-0.980469,-0.205933,-2.807618,5.310059,1.953125,sit_stand_sit
1769345854.8175693,-0.022217,-0.972656,-0.203125,-2.685547,6.530764,2.563477,sit_stand_sit
1769345854.836218,-0.024414,-0.982178,-0.200562,-2.441406,7.629396,1.892090,sit_stand_sit
1769345854.85948,-0.012817,-0.980957,-0.204956,-3.173829,7.751467,1.770020,sit_stand_sit
1769345854.8767684,-0.009888,-0.970337,-0.198975,-3.234864,4.638672,2.563477,sit_stand_sit
1769345854.899769,-0.009033,-0.966675,-0.199829,-2.258301,1.159668,1.892090,sit_stand_sit
1769345854.918091,-0.010986,-0.971191,-0.197754,-2.136230,-2.075195,1.770020,sit_stand_sit
1769345854.9375644,-0.013794,-0.959595,-0.198975,-2.868653,-4.516602,2.075195,sit_stand_sit
1769345854.9579337,-0.000854,-0.928467,-0.193726,-3.417970,-5.859377,2.014160,sit_stand_sit
1769345854.9799023,0.028564,-0.895630,-0.192627,-3.662110,-7.202150,0.671387,sit_stand_sit
1769345854.9973805,0.040771,-0.865112,-0.203735,-3.356935,-10.681152,-1.586915,sit_stand_sit
1769345855.0162356,0.008057,-0.844238,-0.211914,-4.455566,-14.587406,-8.789063,sit_stand_sit
1769345855.0371046,-0.002441,-0.823242,-0.215942,-5.676271,-13.549809,-12.695316,sit_stand_sit
1769345855.057342,0.002441,-0.804077,-0.210327,-7.385256,-13.732914,-14.953617,sit_stand_sit
1769345855.0776613,0.031006,-0.756714,-0.183472,-9.582520,-19.592285,-14.587406,sit_stand_sit
1769345855.100432,0.033325,-0.686035,-0.153687,-10.253906,-29.724129,-12.268070,sit_stand_sit
1769345855.1232588,-0.006104,-0.637451,-0.143188,-7.324221,-34.606934,-10.864258,sit_stand_sit
1769345855.13646,-0.046143,-0.715942,-0.138794,-0.488281,-21.240234,-13.305668,sit_stand_sit
1769345855.1583855,-0.040649,-0.817505,-0.129150,0.610352,-10.864258,-13.671879,sit_stand_sit
1769345855.1765847,-0.034058,-0.890991,-0.119141,-1.159668,-5.432129,-12.084965,sit_stand_sit
1769345855.1997488,-0.006958,-0.917480,-0.121582,-2.197266,-4.577637,-10.070801,sit_stand_sit
1769345855.2193239,0.014648,-0.911133,-0.143311,-1.098633,-8.605957,-7.263186,sit_stand_sit
1769345855.2369425,0.025757,-0.894165,-0.160767,0.732422,-14.831547,-5.737307,sit_stand_sit
1769345855.2567222,0.051880,-0.943848,-0.186768,5.859377,-22.949226,4.821777,sit_stand_sit
1769345855.2781515,-0.028809,-0.882935,-0.183105,6.896975,-30.273445,2.136230,sit_stand_sit
1769345855.30052,-0.077515,-0.934326,-0.173218,8.789063,-21.179199,-0.793457,sit_stand_sit
1769345855.3199272,-0.064331,-0.977295,-0.178467,8.117676,-8.178711,-4.028320,sit_stand_sit
1769345855.336284,-0.024658,-1.041016,-0.172729,5.615236,0.610352,-3.479005,sit_stand_sit
1769345855.3599315,0.015625,-1.072144,-0.187134,2.197266,0.183106,0.976563,sit_stand_sit
1769345855.3771405,0.043701,-1.066406,-0.239990,-1.708985,-8.361816,5.432129,sit_stand_sit
1769345855.3966014,0.154297,-1.034790,-0.310547,-2.258301,-37.170410,10.375977,sit_stand_sit
1769345855.4202485,-0.002319,-1.023315,-0.284546,3.112794,-36.132813,14.831547,sit_stand_sit
1769345855.4385455,-0.004883,-1.087036,-0.277100,0.000000,-31.372078,16.052246,sit_stand_sit
1769345855.458323,-0.063599,-1.121338,-0.267212,-4.455566,-20.996094,18.554688,sit_stand_sit
1769345855.478883,-0.081421,-1.115112,-0.259155,-5.249023,-4.699707,20.202637,sit_stand_sit
1769345855.5011826,-0.030273,-1.132080,-0.246948,-4.760742,3.540040,22.460945,sit_stand_sit
1769345855.516552,-0.004395,-1.135742,-0.252930,-6.774904,4.211426,26.306160,sit_stand_sit
1769345855.5370803,-0.049316,-1.135986,-0.299316,-10.437012,6.652834,22.094727,sit_stand_sit
1769345855.5578701,-0.055542,-1.129028,-0.324463,-16.418457,9.704590,17.517090,sit_stand_sit
1769345855.5760841,-0.073853,-1.120850,-0.335449,-21.911621,11.840824,14.892582,sit_stand_sit
1769345855.5981622,-0.111572,-1.114624,-0.345215,-26.367195,14.709476,13.183598,sit_stand_sit
1769345855.6198413,-0.138672,-1.129272,-0.335205,-29.724129,18.676758,11.535648,sit_stand_sit
1769345855.6401057,-0.133179,-1.133423,-0.329346,-33.203125,22.155769,10.437012,sit_stand_sit
1769345855.6563547,-0.127197,-1.117798,-0.335083,-34.606934,22.155769,10.986328,sit_stand_sit
1769345855.6760502,-0.132324,-1.051392,-0.338745,-35.949707,18.493652,17.883301,sit_stand_sit
1769345855.6974757,-0.119629,-1.026123,-0.329468,-33.508301,13.122562,21.728516,sit_stand_sit
1769345855.7170486,-0.133545,-1.030396,-0.322144,-31.433113,7.263186,24.414070,sit_stand_sit
1769345855.736278,-0.167603,-1.054565,-0.327393,-28.930672,9.277344,26.245125,sit_stand_sit
1769345855.7603407,-0.172607,-1.082275,-0.335083,-28.259285,13.793949,27.771004,sit_stand_sit
1769345855.7784185,-0.167114,-1.070679,-0.347290,-28.564461,15.441898,29.785164,sit_stand_sit
1769345855.7978547,-0.118530,-0.999268,-0.346558,-25.451668,7.080080,30.761726,sit_stand_sit
1769345855.818708,-0.100342,-0.949585,-0.343018,-21.240234,-3.662110,29.418953,sit_stand_sit
1769345855.8402762,-0.107300,-0.912720,-0.344604,-17.944336,-13.183598,28.015144,sit_stand_sit
1769345855.860053,-0.089111,-0.877441,-0.365112,-13.916019,-22.460945,25.939949,sit_stand_sit
1769345856.0477421,-0.089722,-0.872803,-0.385986,-11.840824,-33.142090,21.301270,sit_stand_sit
1769345856.0499072,-0.098999,-0.859131,-0.399902,-10.437012,-41.442871,17.639160,sit_stand_sit
1769345856.0499072,-0.123413,-0.856079,-0.409058,-9.460449,-48.217789,12.756351,sit_stand_sit
1769345856.0499072,-0.194214,-0.868896,-0.409912,-7.629396,-46.020523,5.737307,sit_stand_sit
1769345856.0499072,-0.251587,-0.881958,-0.396729,-5.676271,-31.555183,5.126953,sit_stand_sit
1769345856.0499072,-0.274170,-0.892578,-0.380737,-7.019045,-19.348145,1.281738,sit_stand_sit
1769345856.0499072,-0.299683,-0.885376,-0.358643,-6.958010,-7.812502,-1.586915,sit_stand_sit
1769345856.0519464,-0.312256,-0.874146,-0.346069,-4.577637,0.305176,-4.089355,sit_stand_sit
1769345856.2584794,-0.294189,-0.876221,-0.348511,-3.540040,8.300781,-4.394531,sit_stand_sit
1769345856.2611957,-0.285767,-0.871582,-0.383789,0.244141,2.624512,-5.676271,sit_stand_sit
1769345856.2611957,-0.242920,-0.869019,-0.418457,1.831055,-5.798342,-7.019045,sit_stand_sit
1769345856.2611957,-0.236084,-0.875488,-0.432129,5.493164,-21.667480,-5.187988,sit_stand_sit
1769345856.2611957,-0.276489,-0.869385,-0.452515,7.629396,-26.489265,-0.610352,sit_stand_sit
1769345856.2611957,-0.275879,-0.890381,-0.453247,6.103518,-30.456551,-0.732422,sit_stand_sit
1769345856.2611957,-0.353516,-0.908447,-0.434814,2.441406,-27.343758,-0.122070,sit_stand_sit
1769345856.2611957,-0.385498,-0.901855,-0.406250,-1.953125,-6.469728,0.488281,sit_stand_sit
1769345856.2611957,-0.294434,-0.899048,-0.374512,-1.647950,16.052246,3.479005,sit_stand_sit
1769345856.263204,-0.243042,-0.876953,-0.375854,-0.366211,19.714355,0.976563,sit_stand_sit
1769345856.263204,-0.192993,-0.909912,-0.377319,-0.488281,15.441898,4.882813,sit_stand_sit
1769345856.263204,-0.202148,-0.884277,-0.383545,-0.488281,11.230473,4.577637,sit_stand_sit
1769345856.2800162,-0.198853,-0.883423,-0.389771,1.098633,8.605957,1.464844,sit_stand_sit
1769345856.3005338,-0.192993,-0.888306,-0.394409,1.342773,4.699707,-0.122070,sit_stand_sit
1769345856.3187745,-0.192993,-0.882202,-0.391602,1.708985,0.305176,-0.854492,sit_stand_sit
1769345856.3404818,-0.211548,-0.890259,-0.382935,2.197266,-5.615236,-3.479005,sit_stand_sit
1769345856.3570197,-0.220337,-0.895630,-0.384033,1.770020,-7.751467,-4.150391,sit_stand_sit
1769345856.379538,-0.229858,-0.897583,-0.385376,1.342773,-9.521484,-4.333496,sit_stand_sit
1769345856.3986974,-0.246094,-0.897583,-0.383301,1.159668,-10.192871,-4.760742,sit_stand_sit
1769345856.420474,-0.254395,-0.893799,-0.381470,1.159668,-8.850098,-3.906251,sit_stand_sit
1769345856.4381804,-0.254639,-0.892212,-0.380127,1.220703,-6.408693,-2.685547,sit_stand_sit
1769345856.4562974,-0.256714,-0.893066,-0.380493,1.586915,-2.441406,-0.854492,sit_stand_sit
1769345856.480384,-0.252197,-0.896973,-0.378052,1.586915,0.305176,0.427246,sit_stand_sit
1769345856.4977589,-0.240356,-0.899170,-0.376465,1.831055,2.319336,1.403809,sit_stand_sit
1769345856.5176415,-0.229858,-0.907104,-0.377441,1.831055,2.319336,1.281738,sit_stand_sit
1769345856.5372393,-0.222412,-0.908081,-0.381226,1.403809,0.915528,0.915528,sit_stand_sit
1769345856.5576718,-0.216553,-0.906982,-0.380249,1.464844,-1.647950,0.610352,sit_stand_sit
1769345856.5795658,-0.222900,-0.907227,-0.377197,0.976563,-4.272461,-0.122070,sit_stand_sit
1769345856.5990055,-0.240601,-0.899292,-0.377930,1.159668,-4.760742,-0.915528,sit_stand_sit
1769345856.6186414,-0.241699,-0.898315,-0.374512,0.976563,-4.394531,-1.098633,sit_stand_sit
1769345856.636478,-0.250000,-0.893433,-0.375977,1.098633,-3.112794,-0.366211,sit_stand_sit
1769345856.6603239,-0.255371,-0.895752,-0.377197,1.464844,-0.976563,-0.366211,sit_stand_sit
1769345856.678362,-0.248291,-0.898926,-0.379272,1.403809,0.732422,-0.366211,sit_stand_sit
1769345856.6964316,-0.240845,-0.899414,-0.380005,1.281738,1.464844,-0.061035,sit_stand_sit
1769345856.7198095,-0.241699,-0.902222,-0.378784,1.464844,2.197266,-0.244141,sit_stand_sit
1769345856.7376196,-0.234009,-0.904175,-0.376831,1.281738,2.380371,-0.305176,sit_stand_sit
1769345856.757097,-0.231812,-0.905151,-0.374878,1.281738,1.953125,-0.488281,sit_stand_sit
1769345856.7792153,-0.229492,-0.906128,-0.372192,1.098633,1.708985,-0.732422,sit_stand_sit
1769345856.7990973,-0.223999,-0.908081,-0.368286,0.976563,1.098633,-0.854492,sit_stand_sit
1769345856.819714,-0.223511,-0.906616,-0.366577,0.854492,0.122070,-0.732422,sit_stand_sit
1769345856.8396,-0.227417,-0.905273,-0.367554,0.854492,-0.427246,-0.793457,sit_stand_sit
1769345856.8563018,-0.230957,-0.899536,-0.372437,0.732422,-0.793457,-1.525879,sit_stand_sit
1769345856.8782668,-0.228638,-0.901367,-0.371460,0.976563,-1.464844,-1.525879,sit_stand_sit
1769345856.8993855,-0.236816,-0.905396,-0.368774,0.732422,-2.197266,-1.037598,sit_stand_sit
1769345856.9208586,-0.239746,-0.903198,-0.366211,0.488281,-2.197266,-0.793457,sit_stand_sit
1769345856.937513,-0.239380,-0.901978,-0.366333,0.488281,-2.136230,-0.732422,sit_stand_sit
1769345856.9582,-0.236816,-0.899902,-0.366821,0.488281,-2.258301,-0.305176,sit_stand_sit
1769345856.9783094,-0.240723,-0.899902,-0.368286,0.427246,-1.953125,0.000000,sit_stand_sit
1769345856.9998279,-0.234741,-0.902954,-0.368896,0.366211,-1.708985,-0.183106,sit_stand_sit
1769345857.0216463,-0.233643,-0.901489,-0.364502,0.488281,-2.319336,0.000000,sit_stand_sit
1769345857.036008,-0.236328,-0.898682,-0.367920,0.244141,-2.441406,0.000000,sit_stand_sit
1769345857.0600123,-0.235962,-0.899048,-0.366699,0.732422,-2.258301,-0.122070,sit_stand_sit
1769345857.077191,-0.235474,-0.905518,-0.365234,0.610352,-2.563477,-0.366211,sit_stand_sit
1769345857.097791,-0.239746,-0.901245,-0.367065,0.610352,-2.319336,0.061035,sit_stand_sit
1769345857.119511,-0.241577,-0.902954,-0.363037,0.854492,-1.098633,0.183106,sit_stand_sit
1769345857.1388662,-0.234863,-0.903076,-0.365479,0.671387,-1.159668,0.244141,sit_stand_sit
1769345857.1560538,-0.236450,-0.904175,-0.366821,0.671387,-1.708985,0.366211,sit_stand_sit
1769345857.1770573,-0.236328,-0.902466,-0.367310,0.671387,-1.770020,0.488281,sit_stand_sit
1769345857.2003007,-0.232178,-0.901489,-0.363159,0.732422,-1.953125,0.671387,sit_stand_sit
1769345857.2261906,-0.232544,-0.901123,-0.360596,0.915528,-2.319336,0.732422,sit_stand_sit
1769345857.2379644,-0.234497,-0.903076,-0.360718,1.037598,-2.502441,0.610352,sit_stand_sit
1769345857.2574358,-0.230835,-0.902222,-0.358154,1.281738,-3.051759,0.732422,sit_stand_sit
1769345857.2793224,-0.237061,-0.903809,-0.359009,1.770020,-3.479005,0.366211,sit_stand_sit
1769345857.2995622,-0.239746,-0.907471,-0.360596,1.953125,-3.479005,-0.244141,sit_stand_sit
1769345857.3194098,-0.240723,-0.904663,-0.360840,2.075195,-3.662110,-0.183106,sit_stand_sit
1769345857.3369162,-0.240723,-0.897461,-0.357666,2.441406,-4.150391,0.122070,sit_stand_sit
1769345857.3561957,-0.244263,-0.897705,-0.356079,3.173829,-4.394531,0.122070,sit_stand_sit
1769345857.3774164,-0.245605,-0.905029,-0.354126,3.723145,-4.394531,-0.610352,sit_stand_sit
1769345857.3963716,-0.242554,-0.909424,-0.353638,4.272461,-5.004883,-1.342773,sit_stand_sit
1769345857.4190505,-0.240845,-0.911133,-0.353882,4.638672,-6.042482,-2.136230,sit_stand_sit
1769345857.4380245,-0.243042,-0.910278,-0.356567,4.943848,-7.263186,-2.807618,sit_stand_sit
1769345857.460441,-0.245239,-0.912842,-0.358276,5.187988,-8.239746,-4.516602,sit_stand_sit
1769345857.479395,-0.234497,-0.918213,-0.353882,5.249023,-10.681152,-6.164553,sit_stand_sit
1769345857.4994884,-0.244629,-0.897461,-0.334839,4.516602,-14.526371,-7.385256,sit_stand_sit
1769345857.520192,-0.255005,-0.886108,-0.328979,5.249023,-14.892582,-9.338379,sit_stand_sit
1769345857.5377963,-0.254150,-0.888550,-0.327759,5.920412,-14.465336,-11.657719,sit_stand_sit
1769345857.558082,-0.242310,-0.886597,-0.323853,6.408693,-15.930180,-13.366703,sit_stand_sit
1769345857.5808246,-0.255615,-0.880127,-0.318359,7.080080,-14.282230,-15.563969,sit_stand_sit
1769345857.5986402,-0.239014,-0.891479,-0.323608,7.629396,-14.831547,-16.418457,sit_stand_sit
1769345857.617401,-0.243286,-0.893555,-0.324463,6.042482,-17.272949,-18.310547,sit_stand_sit
1769345857.638977,-0.271851,-0.843750,-0.326782,8.117676,-15.136723,-21.545410,sit_stand_sit
1769345857.661463,-0.296509,-0.876953,-0.322144,10.192871,-7.507326,-27.587898,sit_stand_sit
1769345857.6760304,-0.270386,-0.888306,-0.327026,10.925293,-2.624512,-30.822762,sit_stand_sit
1769345857.696405,-0.259155,-0.916992,-0.329712,11.108402,-3.051759,-34.179688,sit_stand_sit
1769345857.7176595,-0.282715,-0.952271,-0.314331,12.512211,1.464844,-36.560059,sit_stand_sit
1769345857.7384925,-0.268921,-0.978271,-0.309814,13.244633,6.164553,-41.015625,sit_stand_sit
1769345857.757932,-0.238281,-1.097290,-0.305786,18.249512,13.671879,-41.687012,sit_stand_sit
1769345857.7763915,-0.203369,-1.176392,-0.291260,22.521980,17.761230,-43.090820,sit_stand_sit
1769345857.7978666,-0.185913,-1.276489,-0.269043,26.184090,19.897461,-46.203629,sit_stand_sit
1769345857.8202326,-0.173828,-1.326782,-0.266479,26.123055,23.864754,-44.372574,sit_stand_sit
1769345857.8398454,-0.160400,-1.306030,-0.280396,25.207527,28.320320,-36.010742,sit_stand_sit
1769345857.8594806,-0.158203,-1.288452,-0.274536,26.367195,36.804199,-28.747566,sit_stand_sit
1769345857.876644,-0.111328,-1.337036,-0.260620,28.076180,41.564941,-22.338875,sit_stand_sit
1769345857.89941,-0.038208,-1.315186,-0.218994,22.949226,43.395996,-4.943848,sit_stand_sit
1769345857.917543,0.026978,-1.230103,-0.205322,24.108894,40.344238,6.286623,sit_stand_sit
1769345857.9400287,0.051636,-1.192139,-0.205811,26.855476,37.170410,11.291508,sit_stand_sit
1769345857.958065,0.092163,-1.185181,-0.217529,26.733406,36.499023,13.061527,sit_stand_sit
1769345857.9782407,0.187256,-1.139893,-0.253174,22.216805,28.564461,12.512211,sit_stand_sit
1769345857.997689,0.272583,-1.051758,-0.312500,22.094727,7.812502,4.699707,sit_stand_sit
1769345858.0173128,0.296021,-1.036621,-0.334595,21.972656,-14.770512,-7.446291,sit_stand_sit
1769345858.0407345,0.158203,-1.077515,-0.246826,23.742683,-42.724609,-11.901859,sit_stand_sit
1769345858.056126,-0.005981,-1.096436,-0.204102,14.770512,-42.968750,-11.413578,sit_stand_sit
1769345858.080705,-0.099365,-1.020508,-0.194946,5.310059,-21.789551,-11.169437,sit_stand_sit
1769345858.1000626,-0.109619,-0.943237,-0.175659,1.770020,3.662110,-10.925293,sit_stand_sit
1769345858.1205432,-0.085938,-0.896973,-0.132080,0.854492,23.132332,-10.986328,sit_stand_sit
1769345858.1391244,-0.056519,-0.856934,-0.096924,0.793457,32.287598,-9.155273,sit_stand_sit
1769345858.1594589,-0.024780,-0.821289,-0.090942,-2.380371,30.761726,-15.930180,sit_stand_sit
1769345858.179921,-0.002197,-0.809082,-0.087524,-0.549316,24.414070,-13.244633,sit_stand_sit
1769345858.2010107,-0.021851,-0.813721,-0.083130,-3.967286,19.531250,-1.342773,sit_stand_sit
1769345858.2171612,0.011597,-0.753174,-0.095337,-7.568361,6.469728,-2.014160,sit_stand_sit
1769345858.2378328,-0.005127,-0.731323,-0.096558,-5.859377,-8.666992,-7.873537,sit_stand_sit
1769345858.2577076,-0.036499,-0.763306,-0.089722,-5.310059,-16.296387,-10.131836,sit_stand_sit
1769345858.2803905,-0.028687,-0.764771,-0.087646,-7.385256,-22.033691,-9.582520,sit_stand_sit
1769345858.3001134,-0.035767,-0.730835,-0.099854,-8.972168,-29.785164,-7.385256,sit_stand_sit
1769345858.3184805,-0.053101,-0.722534,-0.113892,-7.751467,-32.348633,-6.286623,sit_stand_sit
1769345858.3362885,-0.079590,-0.747314,-0.122559,-5.737307,-30.822762,-5.187988,sit_stand_sit
1769345858.3603835,-0.081543,-0.788086,-0.129150,-4.089355,-26.977547,-4.821777,sit_stand_sit
1769345858.3761587,-0.083008,-0.827637,-0.134399,-3.417970,-21.972656,-3.356935,sit_stand_sit
1769345858.3986616,-0.091797,-0.852417,-0.145386,-2.868653,-15.441898,-1.220703,sit_stand_sit
1769345858.4171815,-0.084961,-0.870728,-0.178223,-1.220703,-5.371094,2.319336,sit_stand_sit
1769345858.439023,-0.077026,-0.935791,-0.180298,1.220703,0.122070,3.356935,sit_stand_sit
1769345858.4585195,-0.050293,-1.003052,-0.194458,0.000000,5.737307,4.089355,sit_stand_sit
1769345858.4785826,-0.026001,-1.018311,-0.217896,-1.342773,8.422852,4.577637,sit_stand_sit
1769345858.4997454,-0.014160,-1.018555,-0.229126,-2.563477,9.704590,5.310059,sit_stand_sit
1769345858.5202396,0.009766,-1.009033,-0.224609,-3.784181,8.972168,6.408693,sit_stand_sit
1769345858.5396416,0.011230,-1.000610,-0.209473,-4.272461,8.972168,8.239746,sit_stand_sit
1769345858.5575185,-0.019653,-0.984985,-0.197754,-5.187988,15.808109,10.375977,sit_stand_sit
1769345858.5782783,-0.024536,-0.977295,-0.185425,-5.126953,21.423340,11.047363,sit_stand_sit
1769345858.5989053,-0.030762,-0.971313,-0.173584,-4.638672,26.794441,10.437012,sit_stand_sit
1769345858.6176639,-0.026001,-0.964722,-0.169922,-4.699707,31.311043,11.718754,sit_stand_sit
1769345858.6404812,-0.009521,-0.957886,-0.167480,-4.272461,32.165527,13.000492,sit_stand_sit
1769345858.6601079,0.009521,-0.964844,-0.166870,-3.051759,28.564461,11.413578,sit_stand_sit
1769345858.6792777,0.021484,-0.972900,-0.166138,-1.770020,21.362305,9.155273,sit_stand_sit
1769345858.696184,0.010254,-0.969238,-0.167603,-1.403809,10.559082,7.812502,sit_stand_sit
1769345858.7181594,-0.012329,-0.964966,-0.165405,-0.305176,9.033203,5.310059,sit_stand_sit
1769345858.7371716,-0.023804,-0.975830,-0.162720,0.793457,11.718754,3.051759,sit_stand_sit
1769345858.7586613,-0.010742,-0.989014,-0.175659,0.732422,15.319828,1.953125,sit_stand_sit
1769345858.7781804,-0.014160,-0.999146,-0.188232,0.061035,16.906738,0.366211,sit_stand_sit
1769345858.8003259,0.001099,-1.004761,-0.195068,-0.671387,20.080566,-1.647950,sit_stand_sit
1769345858.8204744,0.012329,-1.012695,-0.201538,-2.624512,23.254402,-2.563477,sit_stand_sit
1769345858.848672,0.024780,-0.998535,-0.203613,-2.807618,22.766121,-2.380371,sit_stand_sit
1769345858.8621705,0.026978,-0.997070,-0.197266,-2.197266,19.714355,-2.319336,sit_stand_sit
1769345858.8800776,0.029541,-0.989380,-0.195679,-2.197266,13.366703,-1.953125,sit_stand_sit
1769345858.896218,0.009033,-0.980957,-0.181885,-0.427246,9.399414,0.610352,sit_stand_sit
1769345858.917588,0.000732,-0.978149,-0.179443,1.708985,6.164553,0.793457,sit_stand_sit
1769345858.9379606,-0.016235,-0.983521,-0.177368,2.563477,4.638672,0.915528,sit_stand_sit
1769345859.1172938,-0.026245,-0.983398,-0.169922,1.892090,6.591799,2.441406,sit_stand_sit
1769345859.1172938,-0.026978,-0.979126,-0.174927,1.464844,9.765625,2.014160,sit_stand_sit
1769345859.1172938,-0.007935,-0.978271,-0.180786,1.281738,11.657719,1.220703,sit_stand_sit
1769345859.1202571,0.005371,-0.984497,-0.183105,0.549316,10.803223,0.976563,sit_stand_sit
1769345859.1202571,0.009521,-0.981201,-0.187622,-0.061035,7.812502,0.061035,sit_stand_sit
1769345859.1202571,0.008301,-0.981812,-0.188721,-0.061035,4.089355,-0.488281,sit_stand_sit
1769345859.1202571,0.000122,-0.992676,-0.181641,0.305176,-0.610352,-1.220703,sit_stand_sit
1769345859.1202571,-0.008545,-0.988037,-0.182739,-0.183106,-1.342773,-0.793457,sit_stand_sit
1769345859.3216937,-0.014404,-0.980225,-0.179321,0.305176,0.732422,0.183106,sit_stand_sit
1769345859.3216937,-0.021484,-0.973267,-0.183350,0.610352,2.014160,0.061035,sit_stand_sit
1769345859.3216937,-0.001221,-0.983765,-0.186646,0.976563,2.563477,0.000000,sit_stand_sit
1769345859.3216937,-0.003174,-0.980835,-0.190552,0.427246,0.915528,0.854492,sit_stand_sit
1769345859.3216937,-0.018066,-0.974731,-0.192505,0.854492,0.854492,0.244141,sit_stand_sit
1769345859.3216937,-0.019531,-0.990845,-0.186401,0.244141,0.183106,0.427246,sit_stand_sit
1769345859.3261707,-0.028198,-0.987061,-0.183960,-0.061035,0.671387,-0.488281,sit_stand_sit
1769345859.3261707,-0.019775,-0.989990,-0.183960,-0.671387,0.793457,0.122070,sit_stand_sit
1769345859.3261707,-0.019165,-0.985840,-0.183228,-0.366211,0.183106,-0.061035,sit_stand_sit
1769345859.3261707,-0.014526,-0.984131,-0.181030,-0.061035,0.000000,-0.183106,sit_stand_sit
1769345859.3261707,-0.003296,-0.988403,-0.176758,-0.549316,-1.159668,0.915528,sit_stand_sit
1769345859.3403602,-0.019531,-0.975830,-0.179443,0.305176,-0.305176,-0.183106,sit_stand_sit
1769345859.3561692,-0.001099,-0.993774,-0.172729,0.549316,-0.915528,-0.366211,sit_stand_sit
1769345859.378259,-0.003052,-0.990845,-0.180664,-0.488281,-1.892090,-0.488281,sit_stand_sit
1769345859.4019978,-0.002441,-0.980225,-0.185913,0.305176,-2.197266,-1.098633,sit_stand_sit
1769345859.4164486,-0.003418,-0.988525,-0.183594,0.427246,-3.356935,-1.770020,sit_stand_sit
1769345859.439431,-0.000610,-0.991821,-0.189697,-0.061035,-4.455566,-2.380371,sit_stand_sit
1769345859.458341,-0.004883,-0.993042,-0.192505,-0.244141,-5.371094,-1.708985,sit_stand_sit
1769345859.480277,-0.017822,-0.992188,-0.187256,-0.061035,-3.967286,-1.342773,sit_stand_sit
1769345859.5022552,-0.014160,-0.992676,-0.189941,-0.488281,-4.455566,-1.037598,sit_stand_sit
1769345859.520617,-0.015869,-0.988037,-0.192383,-0.732422,-5.676271,-0.183106,sit_stand_sit
1769345859.54074,-0.022339,-0.983032,-0.190796,-0.488281,-6.225588,-0.122070,sit_stand_sit
1769345859.5562358,-0.029053,-0.989380,-0.185303,-0.427246,-5.432129,-0.305176,sit_stand_sit
1769345859.5780282,-0.028564,-0.987915,-0.184937,-0.793457,-3.723145,0.000000,sit_stand_sit
1769345859.5977485,-0.025391,-0.980103,-0.188965,-0.793457,-2.319336,0.122070,sit_stand_sit
1769345859.6181912,-0.022461,-0.984985,-0.190796,-0.305176,-1.586915,0.000000,sit_stand_sit
1769345859.6397433,-0.017944,-0.989014,-0.192017,-0.488281,-1.708985,0.061035,sit_stand_sit
1769345859.6585517,-0.017456,-0.984863,-0.196167,-0.976563,-1.831055,0.183106,sit_stand_sit
1769345859.6805758,-0.020508,-0.982666,-0.194702,-0.854492,-1.586915,0.122070,sit_stand_sit
1769345859.7004864,-0.023193,-0.987061,-0.190430,-0.854492,-0.854492,-0.366211,sit_stand_sit
1769345859.7187507,-0.019775,-0.991333,-0.188110,-1.037598,-0.183106,-0.183106,sit_stand_sit
1769345859.7400796,-0.018066,-0.985352,-0.189209,-1.159668,-0.549316,0.183106,sit_stand_sit
1769345859.7575254,-0.018555,-0.980713,-0.187500,-0.854492,-1.220703,0.122070,sit_stand_sit
1769345859.7807086,-0.027344,-0.987793,-0.183716,-0.732422,-0.854492,0.122070,sit_stand_sit
1769345859.7983222,-0.025024,-0.984619,-0.190796,-1.098633,1.037598,0.366211,sit_stand_sit
1769345859.8183417,-0.014648,-0.983398,-0.186279,-0.732422,0.915528,0.305176,sit_stand_sit
1769345859.8412945,-0.014282,-0.987183,-0.188721,-1.098633,-0.061035,0.244141,sit_stand_sit
1769345859.8608181,-0.018921,-0.983765,-0.187256,-1.098633,-0.427246,0.915528,sit_stand_sit
1769345859.8778088,-0.018433,-0.985718,-0.194580,-1.892090,0.854492,0.793457,sit_stand_sit
1769345859.8994718,-0.014893,-0.979736,-0.199829,-1.770020,1.281738,1.342773,sit_stand_sit
1769345859.9167516,-0.012085,-0.984253,-0.198975,-1.586915,0.061035,0.610352,sit_stand_sit
1769345859.9402936,-0.013306,-0.993530,-0.192505,-1.892090,-1.159668,0.244141,sit_stand_sit
1769345859.9586723,-0.018555,-0.990356,-0.190918,-2.563477,-1.647950,0.244141,sit_stand_sit
1769345859.980664,-0.019043,-0.979736,-0.197876,-2.441406,-2.380371,0.244141,sit_stand_sit
1769345860.0002947,-0.020264,-0.977295,-0.197632,-1.770020,-3.906251,0.061035,sit_stand_sit
1769345860.016797,-0.025879,-0.984253,-0.194702,-2.197266,-3.601075,0.427246,sit_stand_sit
1769345860.0405881,-0.026123,-0.975830,-0.197021,-2.807618,-2.685547,1.037598,sit_stand_sit
1769345860.0580974,-0.028687,-0.963745,-0.203613,-3.173829,-1.953125,0.793457,sit_stand_sit
1769345860.079949,-0.026978,-0.963867,-0.202881,-3.051759,-1.342773,0.366211,sit_stand_sit
1769345860.0976005,-0.025757,-0.965332,-0.201416,-3.601075,-0.976563,-0.122070,sit_stand_sit
1769345860.11882,-0.027710,-0.953247,-0.204224,-4.028320,-1.464844,0.122070,sit_stand_sit
1769345860.1386049,-0.032959,-0.950562,-0.192505,-3.234864,-2.807618,-0.854492,sit_stand_sit
1769345860.1631396,-0.042480,-0.960327,-0.183350,-3.479005,-1.953125,-0.854492,sit_stand_sit
1769345860.1809862,-0.041138,-0.959351,-0.181030,-3.723145,-0.610352,0.610352,sit_stand_sit
1769345860.20341,-0.033936,-0.951294,-0.177612,-3.479005,-0.183106,1.220703,sit_stand_sit
1769345860.2161646,-0.020874,-0.946899,-0.167847,-3.112794,0.671387,1.892090,sit_stand_sit
1769345860.2409084,0.005127,-0.929443,-0.159668,-2.990724,0.061035,3.173829,sit_stand_sit
1769345860.2572992,0.028564,-0.893677,-0.171631,-3.295899,-2.502441,4.577637,sit_stand_sit
1769345860.2775373,0.056030,-0.856323,-0.182983,-2.075195,-11.535648,4.394531,sit_stand_sit
1769345860.3033738,0.068237,-0.824463,-0.190308,-1.708985,-19.592285,3.906251,sit_stand_sit
1769345860.3186004,0.045044,-0.801270,-0.186279,-1.098633,-28.198250,3.662110,sit_stand_sit
1769345860.3394194,-0.000122,-0.802979,-0.183594,-0.427246,-30.456551,0.915528,sit_stand_sit
1769345860.3573878,-0.031738,-0.818359,-0.194092,0.122070,-25.390633,-2.990724,sit_stand_sit
1769345860.380617,-0.053101,-0.839478,-0.206055,-0.488281,-18.371582,-6.347658,sit_stand_sit
1769345860.3996828,-0.042358,-0.826294,-0.203003,-2.136230,-14.099125,-7.202150,sit_stand_sit
1769345860.417875,-0.074951,-0.840332,-0.184326,-0.061035,-13.183598,-8.544922,sit_stand_sit
1769345860.4366913,-0.102783,-0.890259,-0.176025,2.685547,-7.019045,-10.864258,sit_stand_sit
1769345860.4637418,-0.084961,-0.911743,-0.196899,3.723145,-0.488281,-10.375977,sit_stand_sit
1769345860.4792426,-0.044189,-0.879395,-0.199219,4.150391,-1.037598,-4.882813,sit_stand_sit
1769345860.5005963,-0.045532,-0.848022,-0.187012,5.371094,-5.920412,-0.488281,sit_stand_sit
1769345860.5162303,-0.073608,-0.871216,-0.181274,8.361816,-5.676271,-1.770020,sit_stand_sit
1769345860.5406284,-0.044434,-0.922729,-0.211792,9.277344,1.525879,-3.234864,sit_stand_sit
1769345860.5564365,-0.011475,-0.932129,-0.231934,7.019045,2.746582,-2.868653,sit_stand_sit
1769345860.5854855,0.009277,-0.939331,-0.227417,5.371094,0.976563,-4.211426,sit_stand_sit
1769345860.6185324,0.002319,-0.967407,-0.216553,4.760742,-1.831055,-7.141115,sit_stand_sit
1769345860.6185324,-0.027222,-1.019775,-0.214355,4.150391,-0.915528,-9.765625,sit_stand_sit
1769345860.6378095,-0.048950,-1.047485,-0.212280,2.441406,3.417970,-9.338379,sit_stand_sit
1769345860.659997,-0.064209,-1.071167,-0.191650,-0.244141,10.253906,-3.906251,sit_stand_sit
1769345860.6794944,-0.054199,-1.077271,-0.170532,-0.854492,13.183598,0.427246,sit_stand_sit
1769345860.6976404,-0.037109,-1.098022,-0.161743,-0.610352,14.404301,3.112794,sit_stand_sit
1769345860.7212024,-0.008423,-1.101196,-0.165771,-1.953125,14.282230,7.507326,sit_stand_sit
1769345860.7360957,0.025024,-1.087646,-0.166992,-3.356935,9.948730,13.977055,sit_stand_sit
1769345860.7562566,0.051758,-1.076538,-0.169556,-5.065918,2.258301,19.042969,sit_stand_sit
1769345860.7791238,0.070923,-1.061401,-0.177124,-7.080080,-5.737307,22.644051,sit_stand_sit
1769345860.798778,0.017212,-1.054321,-0.160522,-7.812502,-7.507326,24.536140,sit_stand_sit
1769345860.8194778,0.018921,-1.076538,-0.175049,-9.826660,-6.652834,23.376472,sit_stand_sit
1769345860.8402605,0.003906,-1.103271,-0.194336,-11.047363,-6.713869,21.789551,sit_stand_sit
1769345860.8574386,0.001343,-1.134521,-0.219238,-13.000492,-8.605957,20.629883,sit_stand_sit
1769345860.8759632,0.002808,-1.155884,-0.254272,-16.479492,-12.756351,19.958496,sit_stand_sit
1769345860.8989322,0.004517,-1.152344,-0.292114,-19.592285,-20.141602,19.775391,sit_stand_sit
1769345860.917463,-0.023071,-1.139893,-0.308228,-21.728516,-29.724129,20.568848,sit_stand_sit
1769345860.9400082,-0.101563,-1.111084,-0.314087,-23.437508,-36.682129,21.057129,sit_stand_sit
1769345860.9582007,-0.144165,-1.074585,-0.318115,-25.878914,-37.109375,21.789551,sit_stand_sit
1769345860.980461,-0.174194,-1.041138,-0.305542,-26.672371,-38.146973,25.695808,sit_stand_sit
1769345860.998496,-0.213257,-1.004150,-0.295776,-28.320320,-35.766602,28.320320,sit_stand_sit
1769345861.0202367,-0.218750,-0.968384,-0.287598,-28.625496,-31.494148,30.639656,sit_stand_sit
1769345861.039451,-0.227539,-0.948486,-0.279907,-27.893074,-28.991707,31.188972,sit_stand_sit
1769345861.0610483,-0.266602,-0.961670,-0.276733,-25.695808,-22.888191,28.869637,sit_stand_sit
1769345861.07717,-0.287109,-0.977417,-0.282837,-25.268562,-14.892582,26.123055,sit_stand_sit
1769345861.1014435,-0.296997,-0.983276,-0.293579,-25.024422,-7.446291,22.888191,sit_stand_sit
1769345861.1191676,-0.295288,-0.973389,-0.303833,-24.719246,-3.662110,20.263672,sit_stand_sit
1769345861.1408,-0.279419,-0.941895,-0.317139,-23.498543,-5.187988,18.371582,sit_stand_sit
1769345861.1607728,-0.271973,-0.918579,-0.330200,-20.324707,-8.911133,17.944336,sit_stand_sit
1769345861.1788282,-0.268066,-0.906372,-0.340820,-16.540527,-12.817387,17.578125,sit_stand_sit
1769345861.373437,-0.272339,-0.915283,-0.365356,-11.108402,-19.897461,17.028809,sit_stand_sit
1769345861.3754926,-0.317139,-0.922607,-0.377686,-9.155273,-18.432617,15.686039,sit_stand_sit
1769345861.3760033,-0.300537,-0.914917,-0.385498,-8.911133,-10.925293,15.136723,sit_stand_sit
1769345861.3765683,-0.276611,-0.910522,-0.385498,-8.361816,-5.249023,14.648441,sit_stand_sit
1769345861.3765683,-0.285278,-0.907349,-0.385498,-8.056641,-0.427246,12.268070,sit_stand_sit
1769345861.3771305,-0.301880,-0.895386,-0.389038,-9.460449,6.042482,9.460449,sit_stand_sit
1769345861.3771305,-0.269165,-0.866943,-0.361450,-7.995607,13.427738,6.530764,sit_stand_sit
1769345861.377762,-0.253052,-0.879395,-0.334229,-6.835939,12.390141,3.173829,sit_stand_sit
1769345861.377762,-0.262451,-0.885132,-0.323120,-5.981447,10.314941,1.403809,sit_stand_sit
1769345861.576402,-0.259277,-0.878784,-0.321533,-4.699707,7.629396,-0.549316,sit_stand_sit
1769345861.578537,-0.235962,-0.872192,-0.310913,-2.380371,0.549316,-1.403809,sit_stand_sit
1769345861.578537,-0.307617,-0.880737,-0.322021,-1.403809,-4.333496,2.136230,sit_stand_sit
1769345861.578537,-0.330322,-0.886108,-0.343628,-3.173829,-1.892090,3.662110,sit_stand_sit
1769345861.578537,-0.345581,-0.893066,-0.383667,-3.967286,-0.488281,5.737307,sit_stand_sit
1769345861.578537,-0.326294,-0.891357,-0.397095,-5.187988,2.258301,6.896975,sit_stand_sit
1769345861.5805514,-0.321289,-0.886597,-0.406250,-5.798342,2.807618,7.995607,sit_stand_sit
1769345861.5805514,-0.309692,-0.875610,-0.403564,-5.310059,3.173829,7.507326,sit_stand_sit
1769345861.5805514,-0.296997,-0.872314,-0.395630,-4.394531,3.417970,6.408693,sit_stand_sit
1769345861.5805514,-0.289429,-0.868652,-0.386475,-3.601075,2.258301,5.432129,sit_stand_sit
1769345861.5805514,-0.293091,-0.873413,-0.376221,-2.990724,0.244141,3.662110,sit_stand_sit
1769345861.6160972,-0.282471,-0.865479,-0.372070,-3.234864,-2.685547,1.281738,sit_stand_sit
1769345861.6200788,-0.278442,-0.863770,-0.380127,-2.868653,-6.042482,-0.061035,sit_stand_sit
1769345861.6410408,-0.285278,-0.870361,-0.378662,-2.258301,-9.277344,-1.770020,sit_stand_sit
1769345861.6597319,-0.288330,-0.865967,-0.376831,-1.953125,-12.084965,-2.441406,sit_stand_sit
1769345861.6820118,-0.298340,-0.858398,-0.376587,-0.732422,-14.099125,-2.441406,sit_stand_sit
1769345861.7035348,-0.315552,-0.867554,-0.373657,0.549316,-14.404301,-2.746582,sit_stand_sit
1769345861.7242959,-0.327515,-0.876221,-0.373169,1.098633,-12.451176,-2.990724,sit_stand_sit
1769345861.739398,-0.329102,-0.873901,-0.372559,1.342773,-10.437012,-2.929688,sit_stand_sit
1769345861.7605557,-0.336792,-0.873779,-0.376831,1.586915,-7.324221,-2.807618,sit_stand_sit
1769345861.7800856,-0.334717,-0.878784,-0.378540,1.953125,-3.234864,-2.807618,sit_stand_sit
1769345861.7992349,-0.323364,-0.882324,-0.379272,2.258301,-1.159668,-2.380371,sit_stand_sit
1769345861.8194513,-0.321777,-0.882080,-0.372681,2.502441,1.159668,-2.136230,sit_stand_sit
1769345861.840138,-0.312500,-0.884033,-0.368896,3.051759,1.892090,-2.136230,sit_stand_sit
1769345861.8618343,-0.307373,-0.885986,-0.364868,3.234864,1.647950,-1.403809,sit_stand_sit
1769345861.8779871,-0.305420,-0.887085,-0.364990,2.929688,2.014160,-1.403809,sit_stand_sit
1769345861.8962104,-0.294556,-0.881226,-0.366455,2.868653,2.075195,-1.464844,sit_stand_sit
1769345861.9187717,-0.287720,-0.884766,-0.368286,3.051759,1.281738,-1.831055,sit_stand_sit
1769345861.9371958,-0.281616,-0.889038,-0.370239,2.685547,0.000000,-1.831055,sit_stand_sit
1769345861.9571638,-0.276855,-0.890137,-0.371094,2.258301,-1.464844,-1.892090,sit_stand_sit
1769345861.980595,-0.284058,-0.897095,-0.368530,1.831055,-4.394531,-2.868653,sit_stand_sit
1769345862.0000756,-0.284668,-0.896484,-0.365601,1.281738,-5.310059,-3.112794,sit_stand_sit
1769345862.019162,-0.297363,-0.898560,-0.364746,0.854492,-5.615236,-3.479005,sit_stand_sit
1769345862.0399523,-0.300903,-0.893188,-0.362305,0.610352,-5.065918,-3.540040,sit_stand_sit
1769345862.0582426,-0.300537,-0.892578,-0.357788,0.549316,-4.577637,-3.417970,sit_stand_sit
1769345862.0815916,-0.308350,-0.894287,-0.362549,0.366211,-3.723145,-3.723145,sit_stand_sit
1769345862.0990748,-0.310791,-0.896118,-0.358032,0.305176,-2.502441,-3.967286,sit_stand_sit
1769345862.1180928,-0.303833,-0.885986,-0.355225,0.061035,-1.037598,-3.173829,sit_stand_sit
1769345862.1383371,-0.303589,-0.880615,-0.354370,0.366211,-0.244141,-2.441406,sit_stand_sit
1769345862.160986,-0.298950,-0.883057,-0.354736,0.427246,0.061035,-2.136230,sit_stand_sit
1769345862.1807303,-0.295166,-0.886353,-0.357422,0.244141,-0.366211,-2.014160,sit_stand_sit
1769345862.197387,-0.297607,-0.885742,-0.359863,0.061035,-0.549316,-2.075195,sit_stand_sit
1769345862.221034,-0.297119,-0.884521,-0.358521,-0.061035,-0.854492,-2.258301,sit_stand_sit
1769345862.236791,-0.293823,-0.883301,-0.357910,0.061035,-0.793457,-2.380371,sit_stand_sit
1769345862.2596462,-0.293701,-0.885620,-0.356079,0.305176,-0.549316,-2.502441,sit_stand_sit
1769345862.2804425,-0.292603,-0.888062,-0.357910,0.610352,0.000000,-2.319336,sit_stand_sit
1769345862.2973473,-0.290527,-0.888916,-0.354126,0.732422,0.183106,-2.136230,sit_stand_sit
1769345862.3202765,-0.291992,-0.885132,-0.354980,1.037598,0.549316,-2.014160,sit_stand_sit
1769345862.340805,-0.298218,-0.885864,-0.358398,1.464844,1.342773,-2.258301,sit_stand_sit
1769345862.3561828,-0.304077,-0.883057,-0.360107,1.831055,2.929688,-2.014160,sit_stand_sit
1769345862.3775954,-0.294678,-0.881714,-0.359863,2.502441,4.943848,-1.770020,sit_stand_sit
1769345862.4016793,-0.295898,-0.885254,-0.357910,2.746582,5.371094,-1.708985,sit_stand_sit
1769345862.4181845,-0.287720,-0.886108,-0.356812,2.990724,5.371094,-1.647950,sit_stand_sit
1769345862.4381316,-0.283081,-0.885010,-0.355591,3.051759,4.699707,-1.770020,sit_stand_sit
1769345862.4571853,-0.276733,-0.883911,-0.352661,3.234864,4.028320,-1.892090,sit_stand_sit
1769345862.4796495,-0.276489,-0.881958,-0.352295,3.356935,3.479005,-2.319336,sit_stand_sit
1769345862.4995978,-0.279907,-0.881836,-0.351318,3.967286,3.479005,-2.990724,sit_stand_sit
1769345862.5195153,-0.269409,-0.884277,-0.346680,4.699707,2.685547,-4.577637,sit_stand_sit
1769345862.540214,-0.270020,-0.877808,-0.351318,4.455566,0.610352,-6.164553,sit_stand_sit
1769345862.5611115,-0.266846,-0.874146,-0.344116,5.249023,1.037598,-7.446291,sit_stand_sit
1769345862.580294,-0.263550,-0.862671,-0.345825,6.530764,1.281738,-7.995607,sit_stand_sit
1769345862.5969777,-0.271606,-0.861938,-0.340820,8.056641,2.563477,-9.399414,sit_stand_sit
1769345862.6202178,-0.250854,-0.864624,-0.342285,7.507326,-0.427246,-13.366703,sit_stand_sit
1769345862.6384566,-0.265991,-0.879028,-0.336792,10.498047,1.708985,-15.075687,sit_stand_sit
1769345862.6580403,-0.277100,-0.841553,-0.337769,8.544922,-5.004883,-21.606445,sit_stand_sit
1769345862.6812477,-0.310425,-0.879395,-0.321411,11.169437,1.037598,-21.728516,sit_stand_sit
1769345862.696256,-0.304077,-0.857300,-0.323486,11.047363,3.295899,-23.803719,sit_stand_sit
1769345862.718906,-0.302612,-0.867432,-0.328125,11.413578,6.958010,-25.268562,sit_stand_sit
1769345862.7401829,-0.307251,-0.884644,-0.322144,13.427738,16.540527,-25.756844,sit_stand_sit
1769345862.7566144,-0.268921,-0.900513,-0.314087,14.953617,20.629883,-25.329597,sit_stand_sit
1769345862.7782993,-0.257080,-0.940063,-0.304199,17.089844,25.573738,-32.409668,sit_stand_sit
1769345862.8007112,-0.234375,-1.016113,-0.288208,20.629883,31.860359,-32.714844,sit_stand_sit
1769345862.8190265,-0.199951,-1.063477,-0.270264,19.409180,32.409668,-38.635254,sit_stand_sit
1769345862.8409443,-0.132324,-1.127441,-0.253052,25.573738,29.968269,-44.311539,sit_stand_sit
1769345862.858993,-0.050903,-1.253662,-0.222778,32.592773,22.155769,-43.457031,sit_stand_sit
1769345862.8775861,-0.027344,-1.285400,-0.219849,31.860359,12.023930,-38.818359,sit_stand_sit
1769345862.9013216,-0.082397,-1.261841,-0.256470,37.109375,10.437012,-33.264160,sit_stand_sit
1769345862.9210203,-0.095703,-1.252930,-0.326172,39.489746,11.840824,-33.691406,sit_stand_sit
1769345862.9403996,-0.076660,-1.247070,-0.349731,38.146973,5.554201,-29.663094,sit_stand_sit
1769345862.9579659,-0.035278,-1.210571,-0.323486,39.245605,-8.972168,-22.277840,sit_stand_sit
1769345862.9802525,-0.075806,-1.231323,-0.282227,36.193848,-13.122562,-17.761230,sit_stand_sit
1769345862.9994423,-0.048584,-1.216064,-0.265625,27.954109,-0.793457,-13.977055,sit_stand_sit
1769345863.0232766,0.068359,-1.171387,-0.267578,22.521980,2.563477,-11.474613,sit_stand_sit
1769345863.0412946,0.146118,-1.139648,-0.339844,10.803223,-11.230473,-19.531250,sit_stand_sit
1769345863.058103,0.108032,-1.142456,-0.369385,11.047363,-8.056641,-21.667480,sit_stand_sit
1769345863.0772312,0.056274,-1.200562,-0.326416,7.873537,-12.084965,-17.944336,sit_stand_sit
1769345863.1003563,-0.002441,-1.149902,-0.295532,3.051759,-19.531250,-15.319828,sit_stand_sit
1769345863.1180446,0.039063,-1.074097,-0.255615,3.173829,-16.052246,-20.446777,sit_stand_sit
1769345863.1386917,0.101196,-1.023804,-0.181152,9.155273,-16.418457,-22.888191,sit_stand_sit
1769345863.160634,0.051025,-1.028564,-0.122314,9.582520,-17.395020,-22.033691,sit_stand_sit
1769345863.1798615,-0.030884,-0.981323,-0.060669,4.211426,-8.178711,-15.502934,sit_stand_sit
1769345863.1968377,-0.041138,-0.940674,-0.032593,1.953125,0.549316,-11.413578,sit_stand_sit
1769345863.2209582,-0.028076,-0.904907,-0.005737,-0.244141,7.873537,-9.094238,sit_stand_sit
1769345863.236554,-0.024536,-0.878784,-0.009521,-1.953125,13.732914,-6.835939,sit_stand_sit
1769345863.2570405,-0.018677,-0.857788,-0.030273,-2.929688,17.639160,-4.028320,sit_stand_sit
1769345863.2794003,0.004028,-0.845947,-0.061768,-3.173829,19.226074,-1.098633,sit_stand_sit
1769345863.298908,0.033569,-0.840088,-0.081299,-2.136230,12.634281,2.136230,sit_stand_sit
1769345863.3202121,0.040771,-0.820435,-0.087646,-1.464844,4.943848,4.516602,sit_stand_sit
1769345863.340045,0.030396,-0.819946,-0.083374,0.427246,-2.136230,6.042482,sit_stand_sit
1769345863.3575766,0.011108,-0.817017,-0.093628,1.159668,-4.882813,6.774904,sit_stand_sit
1769345863.377543,-0.005737,-0.805176,-0.118652,-1.098633,-3.906251,0.732422,sit_stand_sit
1769345863.3964667,0.103027,-0.775879,-0.191772,-1.586915,-17.944336,-14.526371,sit_stand_sit
1769345863.4167378,0.030884,-0.842163,-0.187500,0.549316,-23.620613,10.070801,sit_stand_sit
1769345863.4399278,0.017334,-0.771484,-0.216064,-6.713869,-30.395515,6.103518,sit_stand_sit
1769345863.4595706,-0.035767,-0.815674,-0.189209,-4.333496,-29.418953,2.746582,sit_stand_sit
1769345863.478659,-0.044067,-0.858276,-0.158447,-6.713869,-20.202637,5.676271,sit_stand_sit
1769345863.5021703,-0.034790,-0.854492,-0.143188,-8.789063,-10.559082,8.728027,sit_stand_sit
1769345863.5172288,-0.042969,-0.838989,-0.124634,-8.178711,-0.854492,9.460449,sit_stand_sit
1769345863.5411475,-0.017944,-0.859253,-0.105225,-5.859377,7.751467,6.835939,sit_stand_sit
1769345863.5583384,-0.004028,-0.895752,-0.114258,-5.371094,13.977055,4.699707,sit_stand_sit
1769345863.5802398,-0.008057,-0.905518,-0.132202,-6.164553,15.380863,6.164553,sit_stand_sit
1769345863.597456,-0.003052,-0.907837,-0.141724,-5.493164,12.207035,4.394531,sit_stand_sit
1769345863.619349,-0.004639,-0.939453,-0.148682,-2.929688,8.605957,0.427246,sit_stand_sit
1769345863.6390839,-0.011475,-0.968384,-0.167358,-2.990724,5.432129,0.366211,sit_stand_sit
1769345863.6604745,-0.024536,-0.967163,-0.186646,-4.455566,1.647950,2.807618,sit_stand_sit
1769345863.6802988,-0.051514,-0.960205,-0.199707,-4.699707,0.793457,2.746582,sit_stand_sit
1769345863.7007732,-0.075439,-0.988525,-0.200562,-5.187988,6.958010,3.295899,sit_stand_sit
1769345863.7204597,-0.069458,-0.998047,-0.203735,-5.981447,11.962894,5.371094,sit_stand_sit
1769345863.737147,-0.064453,-1.005493,-0.205200,-7.263186,15.991215,7.568361,sit_stand_sit
1769345863.760193,-0.064331,-0.998779,-0.208618,-7.690432,20.935059,8.666992,sit_stand_sit
1769345863.7777708,-0.035767,-0.994873,-0.200439,-7.324221,23.193367,10.253906,sit_stand_sit
1769345863.8004942,-0.018433,-0.998779,-0.199219,-7.263186,22.705086,11.047363,sit_stand_sit
1769345863.8187547,-0.018433,-0.992676,-0.201538,-6.530764,20.935059,10.986328,sit_stand_sit
1769345863.8382676,-0.003052,-0.987183,-0.196899,-5.126953,17.211914,10.925293,sit_stand_sit
1769345863.8598924,0.012817,-0.976074,-0.192383,-3.967286,11.535648,10.437012,sit_stand_sit
1769345863.8764584,0.003662,-0.969849,-0.190552,-2.380371,5.004883,8.728027,sit_stand_sit
1769345863.9014242,-0.013550,-0.977905,-0.180664,-1.403809,2.136230,7.385256,sit_stand_sit
1769345863.9200835,-0.014160,-0.977539,-0.184814,-1.464844,3.295899,6.652834,sit_stand_sit
1769345863.937125,-0.010864,-0.983521,-0.184082,-0.366211,5.187988,4.943848,sit_stand_sit
1769345863.9571092,0.000122,-1.004272,-0.191040,-0.671387,8.361816,2.197266,sit_stand_sit
1769345863.9795518,0.007690,-0.990479,-0.202393,-0.915528,9.704590,1.464844,sit_stand_sit
1769345864.0011444,0.040894,-1.002563,-0.218628,0.122070,11.230473,0.854492,sit_stand_sit
1769345864.0232637,-0.005737,-0.971558,-0.213745,1.464844,13.854984,-3.051759,sit_stand_sit
1769345864.0621617,0.017944,-1.000732,-0.225464,2.014160,18.127441,-1.220703,sit_stand_sit
1769345864.0621617,0.072754,-1.015747,-0.233765,-0.915528,11.718754,-2.746582,sit_stand_sit
1769345864.0768504,0.003052,-0.981445,-0.221069,-0.305176,9.033203,-2.136230,sit_stand_sit
1769345864.096595,-0.004028,-0.981567,-0.199097,2.563477,13.244633,-5.493164,sit_stand_sit
1769345864.1173947,0.015015,-0.992798,-0.186768,4.150391,13.305668,-5.920412,sit_stand_sit
1769345864.1385722,0.042480,-1.028320,-0.171021,-0.305176,6.042482,3.295899,sit_stand_sit
1769345864.1605868,-0.009766,-0.962769,-0.174683,-0.671387,1.464844,1.342773,sit_stand_sit
1769345864.1804802,-0.009766,-0.964111,-0.176514,2.441406,-0.732422,-1.281738,sit_stand_sit
1769345864.2005672,-0.000366,-0.977173,-0.174805,2.807618,-3.784181,-1.281738,sit_stand_sit
1769345864.2209702,-0.013306,-0.973877,-0.189819,3.295899,-7.812502,-2.197266,sit_stand_sit
1769345864.2375393,-0.016602,-0.970703,-0.197266,3.601075,-8.483887,-2.136230,sit_stand_sit
1769345864.2577908,-0.007324,-0.982910,-0.193726,3.417970,-11.291508,-2.197266,sit_stand_sit
1769345864.2795444,-0.014404,-0.986450,-0.197144,1.892090,-13.122562,-2.258301,sit_stand_sit
1769345864.298163,-0.024048,-0.975342,-0.204956,1.220703,-12.390141,-1.037598,sit_stand_sit
1769345864.3204656,-0.024536,-0.973633,-0.204712,1.647950,-11.535648,-1.098633,sit_stand_sit
1769345864.3395405,-0.024170,-0.989868,-0.203491,1.647950,-10.925293,-1.831055,sit_stand_sit
1769345864.3600962,-0.032227,-0.981812,-0.201660,0.732422,-9.033203,-0.854492,sit_stand_sit
1769345864.3801324,-0.045898,-0.982422,-0.200562,0.915528,-6.042482,-1.159668,sit_stand_sit
1769345864.3963265,-0.041260,-0.982788,-0.198486,1.037598,-2.502441,-0.793457,sit_stand_sit
1769345864.4214709,-0.035278,-0.984985,-0.196411,0.793457,-0.671387,-0.610352,sit_stand_sit
1769345864.438588,-0.039917,-0.972778,-0.203491,0.305176,0.732422,-0.061035,sit_stand_sit
1769345864.4592285,-0.050293,-0.969727,-0.195313,0.732422,2.990724,0.488281,sit_stand_sit
1769345864.4789252,-0.049805,-0.986694,-0.185425,0.732422,6.225588,0.427246,sit_stand_sit
1769345864.4962633,-0.032715,-0.984253,-0.195068,-0.549316,7.934572,1.525879,sit_stand_sit
1769345864.516721,-0.028931,-0.981567,-0.198853,-0.549316,6.408693,1.464844,sit_stand_sit
1769345864.5412774,-0.026245,-0.987183,-0.193481,-0.610352,4.821777,1.525879,sit_stand_sit
1769345864.5582147,-0.025269,-0.996216,-0.190796,-1.037598,3.479005,1.647950,sit_stand_sit
1769345864.57795,-0.022217,-0.989746,-0.191528,-1.647950,2.685547,2.014160,sit_stand_sit
1769345864.5979419,-0.021362,-0.983521,-0.188477,-1.770020,2.319336,2.380371,sit_stand_sit
1769345864.6163595,-0.019043,-0.988281,-0.181030,-1.647950,2.868653,2.258301,sit_stand_sit
1769345864.640646,-0.015503,-0.984863,-0.183228,-1.770020,3.417970,2.319336,sit_stand_sit
1769345864.6582148,-0.013306,-0.978638,-0.187134,-1.403809,3.601075,2.258301,sit_stand_sit
1769345864.8464398,-0.011719,-0.979126,-0.189453,-0.671387,2.502441,1.892090,sit_stand_sit
1769345864.8464398,-0.012085,-0.985229,-0.188721,-0.305176,0.854492,1.159668,sit_stand_sit
1769345864.8464398,-0.018188,-0.989624,-0.188477,-0.549316,0.061035,0.793457,sit_stand_sit
1769345864.8464398,-0.028931,-0.985718,-0.194214,-0.610352,0.488281,0.793457,sit_stand_sit
1769345864.8464398,-0.033447,-0.991455,-0.197144,-0.305176,1.403809,0.000000,sit_stand_sit
1769345864.8464398,-0.033081,-0.993042,-0.198730,-0.549316,1.831055,0.183106,sit_stand_sit
1769345864.8464398,-0.034180,-0.987671,-0.201538,-0.732422,2.380371,0.427246,sit_stand_sit
1769345864.8464398,-0.033325,-0.984375,-0.203003,-0.610352,2.502441,0.366211,sit_stand_sit
1769345865.0577283,-0.034668,-0.989258,-0.198853,-0.671387,2.868653,0.427246,sit_stand_sit
1769345865.0577283,-0.037109,-0.989990,-0.203003,-1.403809,4.028320,0.732422,sit_stand_sit
1769345865.060059,-0.026733,-0.990967,-0.193115,-0.976563,3.479005,0.915528,sit_stand_sit
1769345865.060059,-0.029785,-0.992432,-0.193359,-1.464844,3.356935,1.098633,sit_stand_sit
1769345865.060059,-0.027710,-0.980469,-0.193604,-1.708985,4.211426,2.014160,sit_stand_sit
1769345865.060059,-0.023682,-0.978271,-0.191406,-1.220703,4.821777,1.464844,sit_stand_sit
1769345865.060059,-0.015259,-0.981079,-0.194824,-1.525879,4.943848,0.732422,sit_stand_sit
1769345865.060059,-0.010376,-0.976563,-0.197388,-1.647950,3.479005,0.488281,sit_stand_sit
1769345865.060059,-0.011230,-0.980835,-0.192871,-1.708985,1.342773,-0.244141,sit_stand_sit
1769345865.060059,-0.019653,-0.981812,-0.192627,-1.525879,-0.427246,-0.610352,sit_stand_sit
1769345865.0622377,-0.023682,-0.980103,-0.197266,-1.159668,-0.732422,-0.671387,sit_stand_sit
1769345865.06237,-0.025879,-0.976685,-0.196899,-0.854492,-0.366211,-0.488281,sit_stand_sit
1769345865.081113,-0.027954,-0.978027,-0.197510,-0.610352,0.549316,-0.854492,sit_stand_sit
1769345865.1015675,-0.027100,-0.977295,-0.202637,-0.915528,1.708985,-1.281738,sit_stand_sit
1769345865.119371,-0.023926,-0.969238,-0.205688,-1.037598,1.953125,-1.159668,sit_stand_sit
1769345865.1406388,-0.022949,-0.967651,-0.204956,-0.915528,1.831055,-2.319336,sit_stand_sit
1769345865.1595392,-0.024414,-0.965820,-0.198730,-0.793457,1.464844,-2.563477,sit_stand_sit
1769345865.1813533,-0.026367,-0.959717,-0.195313,-1.342773,1.831055,-2.563477,sit_stand_sit
1769345865.2002928,-0.023560,-0.938477,-0.194092,-1.831055,2.380371,-2.380371,sit_stand_sit
1769345865.220107,-0.022461,-0.916382,-0.191895,-1.708985,3.112794,-2.685547,sit_stand_sit
1769345865.2413452,-0.029053,-0.910522,-0.192505,-0.305176,3.112794,-3.479005,sit_stand_sit
1769345865.2583222,-0.033203,-0.923096,-0.195923,0.061035,3.479005,-4.333496,sit_stand_sit
1769345865.2809453,-0.037964,-0.898560,-0.207397,-1.037598,4.882813,-3.417970,sit_stand_sit
1769345865.2987177,-0.041870,-0.873657,-0.201294,-1.098633,5.615236,-3.234864,sit_stand_sit
1769345865.3177106,-0.029419,-0.850342,-0.200195,-1.159668,5.249023,-3.479005,sit_stand_sit
1769345865.3413901,-0.009277,-0.815918,-0.193726,-1.342773,2.197266,-2.075195,sit_stand_sit
1769345865.3604815,-0.008423,-0.786865,-0.185547,-1.037598,-2.502441,-0.732422,sit_stand_sit
1769345865.3762777,-0.030273,-0.770386,-0.192261,-1.159668,-4.150391,-0.549316,sit_stand_sit
1769345865.4008415,-0.039551,-0.780884,-0.183716,-0.122070,-3.234864,-2.014160,sit_stand_sit
1769345865.4186437,-0.024414,-0.853271,-0.175537,-1.403809,-5.065918,-5.798342,sit_stand_sit
1769345865.4401639,-0.001465,-0.877686,-0.194092,-4.394531,-11.718754,-5.432129,sit_stand_sit
1769345865.4586358,0.012939,-0.884399,-0.179565,-6.469728,-24.414070,-3.540040,sit_stand_sit
1769345865.477952,-0.001953,-0.907227,-0.155640,-5.126953,-41.381836,-3.479005,sit_stand_sit
1769345865.5011199,-0.052002,-0.943604,-0.151611,-2.990724,-53.344742,-2.929688,sit_stand_sit
1769345865.5185392,-0.085083,-0.964233,-0.160034,-0.854492,-54.382339,1.342773,sit_stand_sit
1769345865.541314,-0.107544,-0.951538,-0.169067,1.770020,-44.250504,10.437012,sit_stand_sit
1769345865.5588439,-0.086792,-0.954590,-0.154785,4.760742,-35.339355,17.028809,sit_stand_sit
1769345865.5812473,-0.066406,-0.948364,-0.151123,3.723145,-29.541023,20.507813,sit_stand_sit
1769345865.5969145,-0.074951,-0.925049,-0.170044,7.141115,-20.751953,20.935059,sit_stand_sit
1769345865.6177542,-0.035278,-0.960815,-0.207397,7.446291,-10.314941,18.615723,sit_stand_sit
1769345865.6382666,0.049194,-0.989136,-0.252808,5.371094,-8.850098,15.991215,sit_stand_sit
1769345865.660952,0.105713,-1.013794,-0.277954,1.586915,-19.531250,14.282230,sit_stand_sit
1769345865.6799104,0.034668,-1.000244,-0.276733,-4.943848,-33.996582,14.282230,sit_stand_sit
1769345865.700736,-0.021362,-0.987061,-0.260498,-6.347658,-32.226563,12.756351,sit_stand_sit
1769345865.7199306,-0.044434,-1.005859,-0.230713,-4.699707,-26.000984,10.864258,sit_stand_sit
1769345865.7408395,-0.075195,-1.046387,-0.208862,-3.967286,-17.883301,9.765625,sit_stand_sit
1769345865.7595594,-0.090210,-1.061279,-0.198486,-4.516602,-9.765625,10.375977,sit_stand_sit
1769345865.777086,-0.088501,-1.056030,-0.174805,-5.249023,-5.065918,12.329105,sit_stand_sit
1769345865.8008194,-0.091187,-1.038818,-0.151001,-6.347658,-0.183106,15.441898,sit_stand_sit
1769345865.8191805,-0.085449,-1.044800,-0.132935,-6.286623,2.868653,16.540527,sit_stand_sit
1769345865.8392901,-0.088257,-1.065430,-0.133545,-7.690432,6.225588,17.333984,sit_stand_sit
1769345865.8615794,-0.095337,-1.068848,-0.153931,-10.070801,8.972168,17.700195,sit_stand_sit
1769345865.8776526,-0.083008,-1.063599,-0.165894,-10.131836,6.408693,20.019531,sit_stand_sit
1769345865.9003043,-0.137085,-1.074829,-0.175293,-10.253906,11.779789,18.554688,sit_stand_sit
1769345865.9185193,-0.079346,-1.112305,-0.196289,-13.549809,6.286623,19.042969,sit_stand_sit
1769345865.9386413,-0.112427,-1.100342,-0.253784,-13.305668,-7.934572,16.845703,sit_stand_sit
1769345865.9603653,-0.124390,-1.094849,-0.309326,-10.742188,-21.850586,15.686039,sit_stand_sit
1769345865.979521,-0.160889,-1.090576,-0.346191,-10.192871,-39.306641,15.136723,sit_stand_sit
1769345866.0020714,-0.199585,-1.055054,-0.380249,-10.375977,-53.283707,16.174316,sit_stand_sit
1769345866.020238,-0.237793,-1.018555,-0.392944,-12.023930,-61.340347,17.517090,sit_stand_sit
1769345866.0398302,-0.279175,-0.994385,-0.386108,-12.390141,-64.270020,17.089844,sit_stand_sit
1769345866.0606072,-0.316284,-0.990112,-0.365601,-13.305668,-61.767593,19.592285,sit_stand_sit
1769345866.0814476,-0.398804,-1.029175,-0.331055,-16.967773,-42.175293,21.789551,sit_stand_sit
1769345866.0996177,-0.466431,-1.045166,-0.307617,-20.629883,-15.502934,21.057129,sit_stand_sit
1769345866.1212978,-0.433105,-1.035278,-0.294922,-23.010262,8.972168,19.470215,sit_stand_sit
1769345866.1408653,-0.385864,-1.011719,-0.282715,-24.169930,23.803719,18.371582,sit_stand_sit
1769345866.1609287,-0.367554,-0.974976,-0.279663,-24.230965,32.592773,15.563969,sit_stand_sit
1769345866.1815145,-0.338501,-0.947632,-0.278442,-23.437508,35.888672,14.648441,sit_stand_sit
1769345866.2006528,-0.314209,-0.902466,-0.279053,-21.362305,33.081055,14.038090,sit_stand_sit
1769345866.220551,-0.308105,-0.878418,-0.274414,-18.737793,28.320320,12.268070,sit_stand_sit
1769345866.2410555,-0.308716,-0.870239,-0.268433,-16.113281,26.245125,12.146000,sit_stand_sit
1769345866.261608,-0.292480,-0.871948,-0.263672,-12.695316,26.672371,13.977055,sit_stand_sit
1769345866.279052,-0.284912,-0.882446,-0.260986,-10.986328,27.648933,16.540527,sit_stand_sit
1769345866.2978323,-0.261230,-0.886230,-0.256958,-9.521484,27.954109,17.944336,sit_stand_sit
1769345866.31921,-0.253540,-0.887817,-0.260376,-7.751467,27.038582,17.395020,sit_stand_sit
1769345866.3401668,-0.229736,-0.886108,-0.294434,-2.197266,21.240234,15.869144,sit_stand_sit
1769345866.360353,-0.211060,-0.912598,-0.345581,-1.403809,8.483887,15.136723,sit_stand_sit
1769345866.3805363,-0.210815,-0.911255,-0.415894,-5.004883,-6.530764,16.418457,sit_stand_sit
1769345866.4020886,-0.262939,-0.894897,-0.479736,-8.361816,-13.061527,14.953617,sit_stand_sit
1769345866.5916576,-0.252563,-0.881226,-0.490601,-8.728027,-22.521980,9.643555,sit_stand_sit
1769345866.5916576,-0.285889,-0.884033,-0.441284,-8.422852,-32.592773,4.699707,sit_stand_sit
1769345866.5916576,-0.364502,-0.875000,-0.359619,-6.958010,-34.545898,1.831055,sit_stand_sit
1769345866.5916576,-0.397583,-0.876587,-0.319702,-6.103518,-27.038582,1.586915,sit_stand_sit
1769345866.5916576,-0.396484,-0.875366,-0.306519,-6.774904,-18.249512,1.525879,sit_stand_sit
1769345866.5916576,-0.373413,-0.866455,-0.308838,-6.408693,-12.146000,3.112794,sit_stand_sit
1769345866.5916576,-0.352051,-0.856323,-0.322632,-5.554201,-10.620117,3.601075,sit_stand_sit
1769345866.5916576,-0.341187,-0.848877,-0.347656,-4.638672,-11.535648,3.723145,sit_stand_sit
1769345866.5970926,-0.346191,-0.848267,-0.373291,-3.234864,-12.512211,3.784181,sit_stand_sit
1769345866.798637,-0.372314,-0.839111,-0.393799,-1.831055,-12.695316,2.563477,sit_stand_sit
1769345866.7995589,-0.384399,-0.848633,-0.385620,-0.976563,-10.986328,0.671387,sit_stand_sit
1769345866.7995589,-0.395386,-0.862793,-0.370850,-1.159668,-8.789063,-1.098633,sit_stand_sit
1769345866.7995589,-0.396118,-0.865601,-0.357300,-1.281738,-5.249023,-1.892090,sit_stand_sit
1769345866.7995589,-0.394775,-0.866455,-0.344604,-1.281738,-0.732422,-2.319336,sit_stand_sit
1769345866.7995589,-0.386963,-0.868286,-0.341797,-1.159668,3.723145,-2.685547,sit_stand_sit
1769345866.7995589,-0.365112,-0.863647,-0.343872,-0.854492,6.591799,-2.319336,sit_stand_sit
1769345866.7995589,-0.351440,-0.868652,-0.352295,-0.061035,7.934572,-2.014160,sit_stand_sit
1769345866.7995589,-0.348999,-0.868286,-0.356689,0.793457,8.361816,-1.892090,sit_stand_sit
1769345866.7995589,-0.342773,-0.877197,-0.355225,1.525879,8.544922,-1.831055,sit_stand_sit
1769345866.7995589,-0.349854,-0.880127,-0.361084,1.647950,8.972168,-1.403809,sit_stand_sit
1769345866.8194003,-0.355103,-0.878906,-0.362305,1.525879,10.253906,-1.281738,sit_stand_sit
1769345866.8391366,-0.342896,-0.878784,-0.357910,1.159668,11.230473,-1.098633,sit_stand_sit
1769345866.8613243,-0.329590,-0.880615,-0.360962,0.122070,10.559082,-1.037598,sit_stand_sit
1769345866.8832793,-0.317871,-0.873779,-0.361328,-0.305176,9.460449,-0.854492,sit_stand_sit
1769345866.8971255,-0.302734,-0.869141,-0.359741,-0.488281,7.263186,-0.793457,sit_stand_sit
1769345866.9196684,-0.299561,-0.867798,-0.358765,-0.366211,5.432129,-0.671387,sit_stand_sit
1769345866.9376383,-0.290527,-0.872803,-0.363403,-0.244141,3.295899,-1.037598,sit_stand_sit
1769345866.957723,-0.288452,-0.875244,-0.367065,-0.183106,0.366211,-0.915528,sit_stand_sit
1769345866.9802525,-0.293823,-0.878540,-0.365967,0.061035,-2.014160,-1.159668,sit_stand_sit
1769345866.9976926,-0.309204,-0.884033,-0.364258,-0.122070,-5.004883,-2.075195,sit_stand_sit
1769345867.0204604,-0.322632,-0.883667,-0.368164,-0.305176,-5.737307,-2.380371,sit_stand_sit
1769345867.040929,-0.328003,-0.880737,-0.371094,-0.183106,-6.042482,-2.502441,sit_stand_sit
1769345867.0574028,-0.334351,-0.879883,-0.369141,-0.366211,-5.859377,-2.502441,sit_stand_sit
1769345867.0761,-0.337524,-0.874634,-0.366821,-0.244141,-5.065918,-2.441406,sit_stand_sit
1769345867.1001065,-0.336426,-0.873169,-0.362915,0.122070,-4.516602,-2.624512,sit_stand_sit
1769345867.1164818,-0.337402,-0.875977,-0.362305,0.427246,-3.479005,-2.502441,sit_stand_sit
1769345867.1388054,-0.340576,-0.873291,-0.364990,0.488281,-2.319336,-2.319336,sit_stand_sit
1769345867.1587918,-0.341064,-0.867920,-0.366943,0.732422,-0.732422,-2.380371,sit_stand_sit
1769345867.1791663,-0.334106,-0.869019,-0.367310,1.281738,0.000000,-2.258301,sit_stand_sit
1769345867.1968198,-0.331055,-0.873169,-0.363281,1.525879,0.610352,-1.953125,sit_stand_sit
1769345867.2175913,-0.333740,-0.872314,-0.366089,1.647950,1.586915,-1.831055,sit_stand_sit
1769345867.241003,-0.322632,-0.877686,-0.362305,2.136230,1.831055,-2.441406,sit_stand_sit
1769345867.2580323,-0.327759,-0.883179,-0.352051,1.647950,0.427246,-1.403809,sit_stand_sit
1769345867.2771225,-0.323486,-0.876709,-0.354980,1.831055,2.075195,-1.525879,sit_stand_sit
1769345867.2983577,-0.314331,-0.879761,-0.352417,1.953125,1.892090,-1.464844,sit_stand_sit
1769345867.3216238,-0.316406,-0.883911,-0.352051,1.770020,1.708985,-1.037598,sit_stand_sit
1769345867.341159,-0.314453,-0.882568,-0.354248,1.525879,1.464844,-1.037598,sit_stand_sit
1769345867.3588722,-0.317139,-0.884644,-0.354736,1.403809,0.915528,-1.159668,sit_stand_sit
1769345867.379312,-0.319580,-0.887085,-0.355835,1.159668,0.732422,-1.281738,sit_stand_sit
1769345867.400674,-0.317993,-0.886963,-0.356079,0.915528,0.549316,-1.586915,sit_stand_sit
1769345867.4159772,-0.315674,-0.890625,-0.356445,0.793457,0.610352,-1.586915,sit_stand_sit
1769345867.4411128,-0.310303,-0.892822,-0.354370,0.427246,-0.427246,-1.647950,sit_stand_sit
1769345867.4609194,-0.313477,-0.886597,-0.354614,0.244141,-0.854492,-1.892090,sit_stand_sit
1769345867.479058,-0.314697,-0.884521,-0.356323,0.427246,-0.549316,-2.075195,sit_stand_sit
1769345867.498949,-0.315186,-0.882446,-0.356934,0.366211,-0.549316,-1.892090,sit_stand_sit
1769345867.5235693,-0.316284,-0.880005,-0.359497,0.671387,-0.366211,-1.770020,sit_stand_sit
1769345867.539951,-0.317017,-0.880249,-0.356567,0.793457,0.000000,-1.464844,sit_stand_sit
1769345867.5610418,-0.317017,-0.879883,-0.351929,0.793457,0.549316,-1.098633,sit_stand_sit
1769345867.5812116,-0.316772,-0.879761,-0.351929,0.915528,0.854492,-0.793457,sit_stand_sit
1769345867.5989056,-0.319702,-0.881470,-0.353149,0.915528,1.953125,-0.427246,sit_stand_sit
1769345867.618419,-0.314697,-0.882690,-0.355103,1.098633,2.807618,-0.488281,sit_stand_sit
1769345867.6431594,-0.308838,-0.886108,-0.357178,0.976563,2.441406,-0.549316,sit_stand_sit
1769345867.685928,-0.308472,-0.885498,-0.351685,0.854492,1.281738,-0.488281,sit_stand_sit
1769345867.6864843,-0.308350,-0.882446,-0.356689,0.854492,1.220703,-0.671387,sit_stand_sit
1769345867.699735,-0.308228,-0.885132,-0.355469,1.098633,1.159668,-0.732422,sit_stand_sit
1769345867.719359,-0.303345,-0.885498,-0.352905,0.915528,0.183106,-0.732422,sit_stand_sit
1769345867.7361252,-0.311890,-0.883545,-0.354492,0.915528,0.122070,-0.488281,sit_stand_sit
1769345867.7596478,-0.310791,-0.887207,-0.352173,1.037598,0.244141,-0.427246,sit_stand_sit
1769345867.7773666,-0.313965,-0.884766,-0.349121,0.244141,-1.159668,-0.183106,sit_stand_sit
1769345867.7985113,-0.314819,-0.878906,-0.350098,0.122070,0.061035,-0.488281,sit_stand_sit
1769345867.8188288,-0.308716,-0.881592,-0.349609,0.122070,-0.061035,-0.305176,sit_stand_sit
1769345867.839704,-0.304565,-0.881348,-0.348877,0.061035,-0.427246,0.061035,sit_stand_sit
1769345867.860218,-0.308350,-0.885254,-0.348755,0.000000,-0.549316,0.183106,sit_stand_sit
1769345867.8803544,-0.303223,-0.885254,-0.352051,0.061035,-0.671387,-0.122070,sit_stand_sit
1769345867.9003851,-0.302979,-0.885864,-0.352051,0.183106,-1.281738,-0.244141,sit_stand_sit
1769345867.9171982,-0.310181,-0.884033,-0.353149,0.366211,-1.586915,-0.427246,sit_stand_sit
1769345867.9377158,-0.313354,-0.881714,-0.355347,0.549316,-1.403809,-0.427246,sit_stand_sit
1769345867.9600487,-0.314453,-0.880127,-0.354858,0.671387,-1.037598,-0.183106,sit_stand_sit
1769345867.977739,-0.312500,-0.880615,-0.351563,0.976563,-0.732422,-0.183106,sit_stand_sit
1769345868.0014822,-0.311035,-0.880249,-0.349976,1.037598,-0.488281,0.000000,sit_stand_sit
1769345868.019766,-0.310547,-0.880249,-0.350464,1.098633,-0.610352,0.061035,sit_stand_sit
1769345868.0396016,-0.313354,-0.879395,-0.350952,1.159668,-0.610352,-0.427246,sit_stand_sit
1769345868.057962,-0.309082,-0.881836,-0.351074,1.220703,-1.525879,-1.159668,sit_stand_sit
1769345868.0806556,-0.320435,-0.886230,-0.349121,1.159668,-2.136230,-1.281738,sit_stand_sit
1769345868.0963607,-0.317627,-0.885132,-0.351807,1.037598,-1.953125,-1.892090,sit_stand_sit
1769345868.1174948,-0.323242,-0.881592,-0.350342,1.586915,-0.732422,-1.647950,sit_stand_sit
1769345868.138958,-0.314819,-0.880981,-0.349854,1.708985,-0.732422,-2.136230,sit_stand_sit
1769345868.1597383,-0.316406,-0.876709,-0.357300,1.586915,-1.342773,-2.807618,sit_stand_sit
1769345868.17956,-0.323853,-0.879761,-0.350098,1.647950,-2.685547,-3.723145,sit_stand_sit
1769345868.1993258,-0.329224,-0.873169,-0.350586,1.953125,-0.427246,-3.845216,sit_stand_sit
1769345868.2197597,-0.324097,-0.873657,-0.348877,1.892090,0.488281,-4.577637,sit_stand_sit
1769345868.2407327,-0.330322,-0.884644,-0.347778,1.586915,3.173829,-4.760742,sit_stand_sit
1769345868.2613754,-0.328613,-0.873535,-0.351318,1.037598,4.943848,-4.089355,sit_stand_sit
1769345868.2776582,-0.303955,-0.863525,-0.347778,-0.610352,2.624512,-6.042482,sit_stand_sit
1769345868.297599,-0.328735,-0.868774,-0.338013,0.915528,5.249023,-5.981447,sit_stand_sit
1769345868.3170683,-0.308472,-0.858276,-0.344116,0.549316,5.798342,-7.263186,sit_stand_sit
1769345868.3416438,-0.312378,-0.865845,-0.336182,3.234864,10.986328,-6.042482,sit_stand_sit
1769345868.3585048,-0.283447,-0.871826,-0.338013,2.319336,11.413578,-7.385256,sit_stand_sit
1769345868.3763506,-0.290527,-0.845947,-0.340576,4.211426,7.629396,-10.559082,sit_stand_sit
1769345868.4008937,-0.290283,-0.874023,-0.327881,4.699707,9.765625,-11.840824,sit_stand_sit
1769345868.4212134,-0.279419,-0.869629,-0.329590,5.126953,11.535648,-11.291508,sit_stand_sit
1769345868.4409313,-0.271484,-0.863281,-0.327759,7.812502,13.854984,-13.244633,sit_stand_sit
1769345868.4590335,-0.268433,-0.863892,-0.324219,10.559082,14.343266,-14.038090,sit_stand_sit
1769345868.4778197,-0.265869,-0.867798,-0.329102,11.535648,15.991215,-15.808109,sit_stand_sit
1769345868.4996712,-0.259033,-0.867676,-0.331909,13.305668,16.174316,-17.822266,sit_stand_sit
1769345868.5192363,-0.258911,-0.877441,-0.331543,14.343266,17.333984,-19.470215,sit_stand_sit
1769345868.5401132,-0.256592,-0.881958,-0.334595,16.418457,19.714355,-20.996094,sit_stand_sit
1769345868.5607235,-0.250610,-0.894897,-0.335571,18.371582,21.972656,-22.338875,sit_stand_sit
1769345868.5807965,-0.241577,-0.935669,-0.327881,21.667480,25.268562,-27.709969,sit_stand_sit
1769345868.5964952,-0.221069,-1.008911,-0.315186,24.780281,29.113777,-29.602058,sit_stand_sit
1769345868.6169162,-0.210815,-1.044678,-0.309082,23.620613,32.958984,-32.592773,sit_stand_sit
1769345868.6405785,-0.161621,-1.069336,-0.322632,24.353035,31.005867,-34.912109,sit_stand_sit
1769345868.65825,-0.112305,-1.117920,-0.336914,27.282722,25.695808,-32.348633,sit_stand_sit
1769345868.6807826,-0.102295,-1.162720,-0.339722,28.137215,19.470215,-29.296883,sit_stand_sit
1769345868.7005756,-0.095459,-1.189819,-0.329224,28.564461,16.113281,-31.494148,sit_stand_sit
1769345868.7200096,-0.056885,-1.236450,-0.306885,31.005867,15.258793,-32.653809,sit_stand_sit
1769345868.7410228,-0.050781,-1.281250,-0.297729,30.273445,12.451176,-30.517586,sit_stand_sit
1769345868.7617576,-0.057739,-1.282715,-0.291992,26.916512,9.460449,-27.648933,sit_stand_sit
1769345868.778917,-0.078613,-1.262085,-0.278320,24.230965,8.300781,-24.902351,sit_stand_sit
1769345868.799061,-0.036621,-1.253906,-0.239990,24.658211,5.126953,-23.437508,sit_stand_sit
1769345868.8195026,-0.005127,-1.252319,-0.214844,23.620613,0.976563,-20.263672,sit_stand_sit
1769345868.839029,-0.004761,-1.218506,-0.213867,20.935059,3.784181,-12.512211,sit_stand_sit
1769345868.8560553,0.017944,-1.190186,-0.220825,21.362305,5.676271,-7.873537,sit_stand_sit
1769345868.8792775,0.011353,-1.173706,-0.226685,19.531250,6.530764,-6.469728,sit_stand_sit
1769345868.9005222,0.039307,-1.108032,-0.255615,15.686039,5.065918,-7.507326,sit_stand_sit
1769345868.9164338,0.104614,-1.045044,-0.272827,14.038090,0.793457,-12.084965,sit_stand_sit
1769345868.9405353,0.181519,-0.985229,-0.263794,18.249512,-19.165039,-15.686039,sit_stand_sit
1769345868.9579709,0.080566,-1.022217,-0.235229,16.845703,-36.010742,-18.615723,sit_stand_sit
1769345868.979586,-0.030396,-1.007568,-0.188232,5.737307,-25.634773,-20.141602,sit_stand_sit
1769345868.999561,-0.035889,-0.983887,-0.151001,2.990724,-9.765625,-20.751953,sit_stand_sit
1769345869.0196066,-0.038696,-0.971191,-0.115479,0.427246,4.516602,-20.568848,sit_stand_sit
1769345869.039131,-0.035522,-0.942261,-0.097534,-1.464844,15.502934,-18.127441,sit_stand_sit
1769345869.056334,-0.019531,-0.911621,-0.096191,-1.708985,21.911621,-15.136723,sit_stand_sit
1769345869.0777457,0.002197,-0.887207,-0.098389,-1.281738,22.583015,-12.695316,sit_stand_sit
1769345869.0963254,0.012207,-0.852051,-0.124146,-1.770020,16.418457,-10.070801,sit_stand_sit
1769345869.1183414,0.018188,-0.837280,-0.120605,-0.915528,9.460449,-8.544922,sit_stand_sit
1769345869.1365087,0.012573,-0.826904,-0.121216,-1.831055,1.708985,-7.202150,sit_stand_sit
1769345869.1607115,-0.001709,-0.791626,-0.123657,-2.624512,-4.333496,-5.554201,sit_stand_sit
1769345869.1802247,-0.022095,-0.788696,-0.112427,-1.647950,-7.446291,-5.554201,sit_stand_sit
1769345869.2052975,-0.029541,-0.798584,-0.114624,-2.380371,-6.469728,-4.760742,sit_stand_sit
1769345869.2198293,-0.035278,-0.793091,-0.128540,-4.638672,-4.577637,-4.211426,sit_stand_sit
1769345869.2397828,-0.042236,-0.787109,-0.144897,-3.723145,-5.310059,1.098633,sit_stand_sit
1769345869.262821,-0.055176,-0.811646,-0.141846,-3.051759,-2.624512,2.380371,sit_stand_sit
1769345869.2794244,-0.041504,-0.833008,-0.147583,-3.906251,-2.075195,2.258301,sit_stand_sit
1769345869.2981389,-0.030029,-0.839722,-0.149048,-5.065918,-2.441406,6.469728,sit_stand_sit
1769345869.3205855,-0.023071,-0.826172,-0.147095,-5.187988,-3.234864,9.216309,sit_stand_sit
1769345869.338874,-0.031250,-0.837891,-0.146973,-4.089355,-2.624512,8.789063,sit_stand_sit
1769345869.3607004,-0.028076,-0.874634,-0.149414,-4.943848,0.061035,7.629396,sit_stand_sit
1769345869.380599,-0.017700,-0.911865,-0.153076,-5.249023,0.854492,10.192871,sit_stand_sit
1769345869.4010148,-0.009521,-0.923950,-0.151489,-5.187988,0.732422,11.535648,sit_stand_sit
1769345869.4160864,0.004150,-0.929443,-0.151489,-4.028320,-0.183106,11.230473,sit_stand_sit
1769345869.4384258,0.012695,-0.941040,-0.149536,-2.929688,-2.014160,12.084965,sit_stand_sit
1769345869.4581537,-0.001953,-0.947388,-0.155518,-2.075195,-2.563477,12.756351,sit_stand_sit
1769345869.4780538,-0.015747,-0.962891,-0.154419,-1.037598,0.000000,12.573246,sit_stand_sit
1769345869.500156,-0.013672,-0.983154,-0.150635,-0.244141,7.934572,10.620117,sit_stand_sit
1769345869.5191514,-0.001953,-0.984253,-0.155884,0.183106,13.671879,10.314941,sit_stand_sit
1769345869.5363445,0.015869,-0.980469,-0.165283,0.671387,17.333984,10.559082,sit_stand_sit
1769345869.5559785,0.023682,-0.984009,-0.175659,1.403809,18.310547,9.643555,sit_stand_sit
1769345869.5765631,0.025757,-0.987671,-0.188721,1.953125,20.141602,7.202150,sit_stand_sit
1769345869.5972874,0.039673,-0.991943,-0.191406,1.525879,21.850586,8.239746,sit_stand_sit
1769345869.617987,0.041870,-0.997437,-0.191162,0.854492,20.507813,8.605957,sit_stand_sit
1769345869.637669,0.037231,-1.013672,-0.194946,0.427246,21.362305,6.530764,sit_stand_sit
1769345869.6587079,0.041870,-1.016113,-0.179565,-0.549316,18.676758,4.699707,sit_stand_sit
1769345869.6804626,0.022095,-1.011597,-0.160278,-2.136230,16.357422,5.493164,sit_stand_sit
1769345869.6999512,0.015625,-0.996094,-0.154297,-2.014160,13.061527,5.432129,sit_stand_sit
1769345869.7280433,0.016968,-1.003418,-0.150024,-0.976563,9.765625,3.906251,sit_stand_sit
1769345869.7560637,0.038574,-1.001099,-0.147339,-1.342773,6.042482,4.272461,sit_stand_sit
1769345869.7593503,0.001709,-0.993896,-0.146973,0.183106,0.671387,1.525879,sit_stand_sit
1769345869.7785046,0.016479,-0.987183,-0.153687,-0.793457,-3.295899,-0.427246,sit_stand_sit
1769345869.7993555,0.011963,-0.970947,-0.158569,-0.610352,-7.324221,-2.136230,sit_stand_sit
1769345869.818535,-0.010010,-0.995361,-0.158081,-1.037598,-5.493164,2.075195,sit_stand_sit
1769345869.8394845,0.010742,-0.968140,-0.167603,-2.319336,-4.882813,0.671387,sit_stand_sit
1769345869.8584864,-0.001953,-0.963745,-0.171021,0.366211,-6.408693,-2.868653,sit_stand_sit
1769345869.8828235,-0.019043,-1.004272,-0.175903,0.122070,-4.394531,-2.746582,sit_stand_sit
1769345870.0761063,-0.016602,-1.004883,-0.193115,0.122070,-2.258301,-4.150391,sit_stand_sit
1769345870.0801654,-0.025391,-1.013428,-0.199097,-0.244141,-1.098633,-4.760742,sit_stand_sit
1769345870.0801654,-0.030884,-1.006470,-0.198853,-0.549316,0.183106,-3.540040,sit_stand_sit
1769345870.0801654,-0.030029,-0.997925,-0.195801,-0.671387,1.403809,-2.380371,sit_stand_sit
1769345870.0801654,-0.023560,-0.986694,-0.197021,-0.671387,1.220703,-1.220703,sit_stand_sit
1769345870.0801654,-0.030029,-0.985107,-0.197632,-0.671387,0.732422,-0.366211,sit_stand_sit
1769345870.0801654,-0.028076,-0.980347,-0.187744,-1.708985,0.732422,1.281738,sit_stand_sit
1769345870.0801654,-0.028687,-0.979614,-0.182983,-1.953125,-0.488281,0.305176,sit_stand_sit
1769345870.0801654,-0.025391,-0.977051,-0.179443,-1.770020,-2.136230,-0.366211,sit_stand_sit
1769345870.2789485,-0.033813,-0.981445,-0.171631,-1.403809,-3.967286,-0.366211,sit_stand_sit
1769345870.2789485,-0.051147,-0.984741,-0.176025,-1.159668,-3.234864,-0.854492,sit_stand_sit
1769345870.2789485,-0.052612,-0.976196,-0.179443,-0.854492,-0.183106,-0.122070,sit_stand_sit
1769345870.283266,-0.047729,-0.970947,-0.181030,-0.488281,3.601075,-0.122070,sit_stand_sit
1769345870.283266,-0.030029,-0.978760,-0.191406,-0.549316,7.019045,-0.061035,sit_stand_sit
1769345870.283266,-0.013550,-0.982666,-0.196167,-0.976563,6.591799,-0.122070,sit_stand_sit
1769345870.283266,-0.010986,-0.989502,-0.194702,-1.403809,4.821777,-0.122070,sit_stand_sit
1769345870.283266,-0.010010,-0.988892,-0.192261,-1.708985,2.685547,-0.488281,sit_stand_sit
1769345870.283266,-0.013062,-0.989624,-0.189819,-1.464844,1.098633,-0.488281,sit_stand_sit
1769345870.283266,-0.019775,-0.988159,-0.184937,-1.342773,1.220703,-0.244141,sit_stand_sit
1769345870.283266,-0.022949,-0.988892,-0.178955,-0.976563,2.197266,-0.427246,sit_stand_sit
1769345870.3160672,-0.016113,-0.988403,-0.179443,-1.037598,4.333496,-0.244141,sit_stand_sit
1769345870.3201373,-0.012451,-0.984741,-0.182251,-0.671387,3.784181,-0.244141,sit_stand_sit
1769345870.340872,-0.008423,-0.982056,-0.186401,-0.732422,4.089355,-0.122070,sit_stand_sit
1769345870.3603585,-0.009033,-0.980347,-0.191284,-0.671387,3.906251,-0.427246,sit_stand_sit
1769345870.3809228,-0.013306,-0.982666,-0.189209,-0.549316,4.455566,-0.488281,sit_stand_sit
1769345870.399778,-0.009644,-0.991699,-0.185913,-0.854492,4.455566,-0.976563,sit_stand_sit
1769345870.4203308,-0.012207,-0.983643,-0.184326,-1.159668,3.601075,-0.610352,sit_stand_sit
1769345870.4447157,-0.011719,-0.985596,-0.181519,-0.915528,3.356935,-0.915528,sit_stand_sit
1769345870.460198,-0.006714,-0.986084,-0.182251,-0.854492,2.197266,-1.037598,sit_stand_sit
1769345870.4776013,-0.005005,-0.983276,-0.182983,-0.671387,0.671387,-1.037598,sit_stand_sit
1769345870.4992733,-0.011230,-0.985352,-0.178467,-0.549316,0.183106,-0.915528,sit_stand_sit
1769345870.5190322,-0.017212,-0.990479,-0.182251,-0.793457,1.708985,-1.220703,sit_stand_sit
1769345870.5413797,-0.003418,-0.987305,-0.185181,-0.793457,2.807618,-1.098633,sit_stand_sit
1769345870.5609648,0.002441,-0.992432,-0.186523,-0.732422,1.342773,-1.647950,sit_stand_sit
1769345870.5769482,0.001343,-0.989624,-0.190308,-0.854492,0.732422,-1.464844,sit_stand_sit
1769345870.6010804,-0.002075,-0.988647,-0.188599,-0.732422,0.793457,-1.464844,sit_stand_sit
1769345870.618531,0.002563,-0.990112,-0.189819,-0.976563,0.854492,-1.586915,sit_stand_sit
1769345870.6395955,0.000977,-0.988770,-0.195313,-1.098633,0.122070,-1.525879,sit_stand_sit
1769345870.6572998,-0.004272,-0.988281,-0.194092,-1.159668,-0.976563,-1.953125,sit_stand_sit
1769345870.681677,-0.008545,-0.986816,-0.185059,-1.464844,-2.319336,-1.892090,sit_stand_sit
1769345870.6963682,-0.010986,-0.973999,-0.184082,-1.647950,-3.112794,-1.281738,sit_stand_sit
1769345870.7161756,-0.015137,-0.960571,-0.185791,-1.281738,-3.540040,-0.488281,sit_stand_sit
1769345870.7411077,-0.014526,-0.956177,-0.185669,-1.159668,-3.112794,-0.244141,sit_stand_sit
1769345870.7592316,-0.012573,-0.941650,-0.183838,-1.037598,-2.441406,-0.488281,sit_stand_sit
1769345870.780334,-0.007813,-0.926880,-0.182861,-0.915528,-2.319336,-0.549316,sit_stand_sit
1769345870.7975345,-0.008911,-0.909180,-0.182129,-0.305176,-2.990724,-0.305176,sit_stand_sit
1769345870.8171835,-0.014771,-0.903320,-0.178101,0.915528,-3.479005,-1.159668,sit_stand_sit
1769345870.8431542,-0.010376,-0.893066,-0.179932,0.427246,-2.868653,-0.915528,sit_stand_sit
1769345870.8589962,-0.001953,-0.864380,-0.187744,-0.183106,-3.112794,-0.427246,sit_stand_sit
1769345870.8810368,0.001831,-0.840576,-0.189819,0.061035,-5.065918,-1.037598,sit_stand_sit
1769345870.8959818,-0.000366,-0.817261,-0.189941,-0.305176,-7.263186,-1.281738,sit_stand_sit
1769345870.9212956,-0.021851,-0.800537,-0.187744,-0.427246,-7.751467,-1.464844,sit_stand_sit
1769345870.938805,-0.059692,-0.811279,-0.179688,-0.671387,-4.638672,-2.685547,sit_stand_sit
1769345870.9571202,-0.064941,-0.890015,-0.164795,-1.953125,5.981447,-7.446291,sit_stand_sit
1769345870.977052,-0.024780,-0.912354,-0.164063,-4.638672,7.873537,-6.774904,sit_stand_sit
1769345871.0006115,0.012329,-0.911621,-0.169312,-7.507326,1.403809,-4.150391,sit_stand_sit
1769345871.019376,0.032349,-0.897095,-0.170532,-6.469728,-9.033203,-2.685547,sit_stand_sit
1769345871.0389853,0.035522,-0.918213,-0.171997,-4.028320,-18.493652,-2.746582,sit_stand_sit
1769345871.06071,0.024414,-0.923218,-0.180054,-1.953125,-24.414070,0.183106,sit_stand_sit
1769345871.077126,-0.010498,-0.935059,-0.161621,1.464844,-29.357918,4.699707,sit_stand_sit
1769345871.1008134,-0.008911,-0.938110,-0.144287,2.624512,-26.672371,5.859377,sit_stand_sit
1769345871.1196191,-0.003174,-0.926270,-0.138794,4.028320,-22.033691,6.835939,sit_stand_sit
1769345871.138067,-0.001953,-0.918823,-0.145996,5.676271,-16.540527,6.713869,sit_stand_sit
1769345871.1577582,0.021118,-0.926758,-0.160767,7.080080,-12.084965,5.249023,sit_stand_sit
1769345871.1797633,0.046143,-0.945557,-0.176514,7.751467,-11.230473,3.479005,sit_stand_sit
1769345871.2011807,0.055054,-0.976929,-0.196655,7.385256,-12.695316,0.488281,sit_stand_sit
1769345871.2164385,0.040161,-1.030762,-0.204956,5.004883,-17.761230,-3.479005,sit_stand_sit
1769345871.242378,-0.009888,-1.026489,-0.193604,1.037598,-14.282230,-2.868653,sit_stand_sit
1769345871.2604723,-0.028931,-0.977905,-0.192749,-0.122070,-3.417970,-0.244141,sit_stand_sit
1769345871.2808168,-0.007568,-0.955200,-0.188965,2.502441,4.211426,0.000000,sit_stand_sit
1769345871.3002636,0.006592,-0.981934,-0.166382,5.249023,8.239746,-0.793457,sit_stand_sit
1769345871.3189223,-0.006592,-1.020508,-0.149414,5.737307,11.657719,-1.159668,sit_stand_sit
1769345871.3389454,0.001343,-1.020630,-0.167847,2.868653,13.671879,2.868653,sit_stand_sit
1769345871.3633056,0.010498,-0.998413,-0.173340,1.586915,9.826660,5.554201,sit_stand_sit
1769345871.3803027,0.005493,-1.005615,-0.162842,0.244141,5.310059,5.615236,sit_stand_sit
1769345871.3960755,-0.010742,-1.020142,-0.159180,-1.525879,1.647950,6.286623,sit_stand_sit
1769345871.4214313,-0.032349,-1.029907,-0.168091,-4.028320,-0.488281,7.629396,sit_stand_sit
1769345871.4409773,-0.037109,-1.043945,-0.173828,-6.835939,-0.793457,9.033203,sit_stand_sit
1769345871.4580405,-0.013672,-1.070679,-0.162354,-7.751467,-3.967286,9.338379,sit_stand_sit
1769345871.4809499,-0.106079,-1.199097,-0.225342,-14.770512,-16.052246,14.465336,sit_stand_sit
1769345871.5013814,-0.128784,-1.212646,-0.265259,-23.742683,-7.568361,20.507813,sit_stand_sit
1769345871.5188665,-0.056763,-1.178101,-0.317383,-26.611336,-9.704590,27.099617,sit_stand_sit
1769345871.54096,-0.036987,-1.148926,-0.340454,-24.169930,-13.671879,26.367195,sit_stand_sit
1769345871.5610135,-0.082275,-1.141602,-0.341553,-28.198250,-13.671879,29.663094,sit_stand_sit
1769345871.5808322,-0.098877,-1.111450,-0.351318,-29.785164,-12.939457,28.137215,sit_stand_sit
1769345871.5963075,-0.111084,-1.086914,-0.345825,-30.517586,-13.427738,29.174812,sit_stand_sit
1769345871.61962,-0.147461,-1.035645,-0.314941,-31.677254,-18.188477,31.738289,sit_stand_sit
1769345871.818515,-0.196533,-1.019653,-0.280640,-31.494148,-19.287109,32.409668,sit_stand_sit
1769345871.8225374,-0.204102,-1.012329,-0.263062,-32.165527,-13.916019,31.921394,sit_stand_sit
1769345871.8225374,-0.193359,-1.010620,-0.267334,-31.188972,-8.728027,32.836914,sit_stand_sit
1769345871.8225374,-0.197876,-1.013672,-0.270996,-30.517586,-7.141115,32.287598,sit_stand_sit
1769345871.8225374,-0.205078,-1.008667,-0.277466,-29.907234,-7.568361,29.663094,sit_stand_sit
1769345871.8225374,-0.229980,-0.994019,-0.289917,-29.235847,-7.446291,25.146492,sit_stand_sit
1769345871.8225374,-0.252930,-0.968262,-0.310059,-29.846199,-2.441406,21.667480,sit_stand_sit
1769345871.8225374,-0.197388,-0.906006,-0.318115,-24.902351,-4.089355,18.432617,sit_stand_sit
1769345871.8225374,-0.198975,-0.899658,-0.338501,-18.981934,-13.000492,16.418457,sit_stand_sit
1769345872.0206487,-0.254395,-0.895630,-0.329346,-17.456055,-11.962894,16.296387,sit_stand_sit
1769345872.0206487,-0.238647,-0.871826,-0.360107,-14.709476,-11.657719,17.639160,sit_stand_sit
1769345872.0206487,-0.246338,-0.871948,-0.384155,-11.047363,-14.465336,15.502934,sit_stand_sit
1769345872.0206487,-0.255005,-0.860718,-0.398926,-8.666992,-12.939457,14.831547,sit_stand_sit
1769345872.0206487,-0.249023,-0.861084,-0.397705,-8.544922,-11.962894,16.296387,sit_stand_sit
1769345872.0206487,-0.250854,-0.860596,-0.390381,-8.605957,-11.779789,15.014652,sit_stand_sit
1769345872.0206487,-0.265381,-0.875244,-0.386108,-8.728027,-11.352543,11.901859,sit_stand_sit
1769345872.0206487,-0.271851,-0.885986,-0.379517,-9.033203,-10.620117,8.728027,sit_stand_sit
1769345872.0206487,-0.269409,-0.893433,-0.368408,-8.544922,-9.338379,6.164553,sit_stand_sit
1769345872.0206487,-0.254883,-0.912231,-0.369995,-7.568361,-13.916019,0.976563,sit_stand_sit
1769345872.0232272,-0.251953,-0.912231,-0.373291,-7.324221,-19.775391,-0.793457,sit_stand_sit
1769345872.0402517,-0.242798,-0.903931,-0.368286,-6.774904,-25.817879,-1.892090,sit_stand_sit
1769345872.0596888,-0.247681,-0.888916,-0.369629,-5.676271,-33.447266,-2.746582,sit_stand_sit
1769345872.0672069,-0.292847,-0.890503,-0.372559,-6.713869,-32.714844,-3.784181,sit_stand_sit
1769345872.098171,-0.326294,-0.881958,-0.378540,-7.385256,-24.841316,-3.295899,sit_stand_sit
1769345872.1164038,-0.313354,-0.870972,-0.380737,-7.446291,-21.972656,-1.708985,sit_stand_sit
1769345872.137266,-0.332520,-0.852783,-0.378784,-5.920412,-16.113281,0.244141,sit_stand_sit
1769345872.159626,-0.327881,-0.854126,-0.382935,-4.516602,-13.732914,-0.854492,sit_stand_sit
1769345872.1791184,-0.324585,-0.856812,-0.388062,-2.563477,-19.348145,0.549316,sit_stand_sit
1769345872.1964495,-0.380005,-0.866333,-0.379272,-1.953125,-20.446777,2.868653,sit_stand_sit
1769345872.2215002,-0.402466,-0.862305,-0.376587,-1.892090,-15.563969,3.051759,sit_stand_sit
1769345872.240404,-0.416870,-0.859009,-0.373779,-1.159668,-10.986328,2.380371,sit_stand_sit
1769345872.2593338,-0.405640,-0.855713,-0.377930,-0.976563,-3.662110,2.197266,sit_stand_sit
1769345872.2798443,-0.395508,-0.861938,-0.385010,-1.037598,0.610352,1.892090,sit_stand_sit
1769345872.297857,-0.383301,-0.857056,-0.385864,-0.671387,6.713869,1.892090,sit_stand_sit
1769345872.3209944,-0.355957,-0.855347,-0.380615,0.183106,11.352543,1.892090,sit_stand_sit
1769345872.339271,-0.336182,-0.857788,-0.376099,0.854492,13.427738,2.197266,sit_stand_sit
1769345872.359787,-0.323975,-0.858521,-0.376465,1.464844,14.343266,2.441406,sit_stand_sit
1769345872.3806574,-0.310913,-0.857788,-0.376831,1.831055,13.916019,2.319336,sit_stand_sit
1769345872.400724,-0.301392,-0.860229,-0.376343,2.685547,10.620117,1.586915,sit_stand_sit
1769345872.4205632,-0.311768,-0.863037,-0.380981,2.807618,9.521484,1.281738,sit_stand_sit
1769345872.4364793,-0.311157,-0.868164,-0.376221,3.295899,8.728027,0.244141,sit_stand_sit
1769345872.4578557,-0.315430,-0.872070,-0.373901,3.112794,8.056641,-0.244141,sit_stand_sit
1769345872.480022,-0.319092,-0.871826,-0.373901,3.295899,7.751467,-0.122070,sit_stand_sit
1769345872.4988146,-0.325073,-0.880005,-0.370605,3.112794,8.361816,-0.671387,sit_stand_sit
1769345872.5197382,-0.311279,-0.884033,-0.372192,2.807618,7.507326,-1.403809,sit_stand_sit
1769345872.5415366,-0.314331,-0.883911,-0.374023,2.319336,7.446291,-1.220703,sit_stand_sit
1769345872.5606897,-0.301392,-0.885376,-0.376953,2.014160,6.835939,-1.403809,sit_stand_sit
1769345872.580355,-0.296021,-0.885620,-0.377686,1.831055,5.310059,-1.464844,sit_stand_sit
1769345872.600703,-0.288208,-0.883301,-0.377197,1.708985,3.417970,-1.403809,sit_stand_sit
1769345872.6179156,-0.289917,-0.883545,-0.374878,1.525879,2.258301,-1.281738,sit_stand_sit
1769345872.643317,-0.281616,-0.882568,-0.370117,1.281738,1.403809,-1.220703,sit_stand_sit
1769345872.6591094,-0.276611,-0.881714,-0.366455,0.915528,-0.671387,-1.525879,sit_stand_sit
1769345872.6801217,-0.276733,-0.880005,-0.367065,1.037598,-2.868653,-1.953125,sit_stand_sit
1769345872.6996262,-0.285400,-0.882935,-0.368164,1.220703,-5.249023,-2.014160,sit_stand_sit
1769345872.7203135,-0.300171,-0.885376,-0.371216,1.098633,-6.469728,-2.136230,sit_stand_sit
1769345872.740249,-0.309937,-0.881104,-0.373169,0.915528,-6.347658,-1.953125,sit_stand_sit
1769345872.7607667,-0.318237,-0.875244,-0.375366,1.220703,-5.432129,-1.647950,sit_stand_sit
1769345872.776073,-0.326904,-0.876099,-0.375366,0.366211,-1.831055,-1.281738,sit_stand_sit
1769345872.800822,-0.279053,-0.852905,-0.380249,3.479005,-3.845216,-0.793457,sit_stand_sit
1769345872.8184679,-0.329590,-0.873169,-0.375366,2.197266,-4.211426,-1.647950,sit_stand_sit
1769345872.8392882,-0.322144,-0.858154,-0.373535,2.502441,-3.234864,-1.342773,sit_stand_sit
1769345872.8610933,-0.315063,-0.847412,-0.372192,2.197266,-4.821777,-2.868653,sit_stand_sit
1769345872.8806853,-0.356323,-0.841919,-0.375610,0.915528,-2.929688,-4.455566,sit_stand_sit
1769345872.9001262,-0.322388,-0.818237,-0.391968,1.403809,-1.892090,-7.080080,sit_stand_sit
1769345872.9207158,-0.366821,-0.839722,-0.378662,-2.075195,1.037598,-11.535648,sit_stand_sit
1769345872.9413042,-0.349487,-0.814087,-0.375122,-0.610352,5.249023,-13.854984,sit_stand_sit
1769345872.9566734,-0.358643,-0.825073,-0.365723,-1.647950,8.850098,-18.005371,sit_stand_sit
1769345872.9771347,-0.354004,-0.828491,-0.364258,0.793457,17.211914,-18.310547,sit_stand_sit
1769345872.9992309,-0.324951,-0.839600,-0.357300,-3.662110,19.897461,-24.108894,sit_stand_sit
1769345873.019661,-0.311401,-0.844971,-0.351685,1.708985,24.902351,-23.254402,sit_stand_sit
1769345873.041086,-0.291382,-0.853394,-0.356079,3.112794,27.771004,-23.193367,sit_stand_sit
1769345873.059105,-0.259399,-0.864746,-0.365479,8.056641,29.541023,-20.629883,sit_stand_sit
1769345873.0835152,-0.244629,-0.867676,-0.374878,11.779789,24.902351,-19.042969,sit_stand_sit
1769345873.0964847,-0.263306,-0.889404,-0.375000,14.160160,31.555183,-16.845703,sit_stand_sit
1769345873.118135,-0.205811,-0.885254,-0.383057,15.075687,23.681648,-15.380863,sit_stand_sit
1769345873.1374717,-0.226196,-0.902588,-0.378174,17.333984,18.554688,-15.319828,sit_stand_sit
1769345873.1607156,-0.217407,-0.925415,-0.385254,20.629883,17.272949,-14.892582,sit_stand_sit
1769345873.1783025,-0.216064,-0.954712,-0.398804,22.644051,15.441898,-15.380863,sit_stand_sit
1769345873.2003207,-0.176270,-0.995605,-0.405273,21.118164,8.422852,-20.629883,sit_stand_sit
1769345873.2212348,-0.204346,-1.039307,-0.404541,28.442390,8.666992,-20.446777,sit_stand_sit
1769345873.2408657,-0.177490,-1.145264,-0.385376,32.226563,13.854984,-25.695808,sit_stand_sit
1769345873.2561097,-0.133911,-1.252930,-0.353149,36.010742,15.563969,-27.282722,sit_stand_sit
1769345873.2776036,-0.125122,-1.296997,-0.338989,34.545898,13.916019,-23.010262,sit_stand_sit
1769345873.2966022,-0.151489,-1.252686,-0.333008,33.935547,13.610844,-17.456055,sit_stand_sit
1769345873.318232,-0.155151,-1.250244,-0.314453,42.358398,23.315437,-20.568848,sit_stand_sit
1769345873.3378186,-0.109985,-1.304321,-0.311401,43.090820,31.860359,-19.836426,sit_stand_sit
1769345873.3600676,-0.069458,-1.299072,-0.296387,37.719727,35.827637,-13.244633,sit_stand_sit
1769345873.3800712,-0.014526,-1.242676,-0.266602,33.630371,34.423828,-7.568361,sit_stand_sit
1769345873.4034092,0.059570,-1.204224,-0.213745,33.630371,23.132332,-6.896975,sit_stand_sit
1769345873.4201462,0.134521,-1.208984,-0.167236,33.996582,4.211426,-9.948730,sit_stand_sit
1769345873.4415286,0.153076,-1.209351,-0.145020,31.005867,-17.333984,-12.695316,sit_stand_sit
1769345873.45631,0.093628,-1.184570,-0.145142,23.803719,-42.785645,-18.249512,sit_stand_sit
1769345873.4800084,0.038086,-1.145020,-0.136719,19.409180,-50.781265,-22.888191,sit_stand_sit
1769345873.503409,0.005249,-1.102051,-0.120483,17.639160,-48.950211,-27.160652,sit_stand_sit
1769345873.5400653,-0.038208,-1.073120,-0.136719,15.380863,-37.170410,-30.456551,sit_stand_sit
1769345873.5400653,-0.054199,-1.022583,-0.177246,13.000492,-19.104004,-31.188972,sit_stand_sit
1769345873.5632372,-0.029297,-0.975342,-0.215088,12.023930,-3.234864,-30.639656,sit_stand_sit
1769345873.5813146,-0.005737,-0.944336,-0.229736,8.300781,8.911133,-28.137215,sit_stand_sit
1769345873.5972986,-0.011963,-0.905396,-0.212891,3.417970,12.634281,-23.681648,sit_stand_sit
1769345873.616736,-0.016724,-0.862305,-0.186768,-0.122070,15.380863,-18.676758,sit_stand_sit
1769345873.6404033,-0.018188,-0.834351,-0.156738,-2.197266,17.578125,-14.404301,sit_stand_sit
1769345873.6581514,-0.023926,-0.823975,-0.125122,-3.356935,19.470215,-10.375977,sit_stand_sit
1769345873.6804523,-0.029175,-0.818359,-0.112183,-5.981447,21.301270,-7.202150,sit_stand_sit
1769345873.6962016,-0.033447,-0.788574,-0.121094,-9.033203,19.836426,-4.516602,sit_stand_sit
1769345873.7215858,0.007568,-0.756592,-0.135010,-11.413578,5.493164,-5.737307,sit_stand_sit
1769345873.7397666,-0.010132,-0.772095,-0.125488,-9.094238,-6.347658,3.356935,sit_stand_sit
1769345873.7609391,-0.023926,-0.751587,-0.129639,-11.596684,-17.822266,5.493164,sit_stand_sit
1769345873.776555,-0.035522,-0.722412,-0.131958,-10.803223,-28.503426,4.272461,sit_stand_sit
1769345873.7971308,-0.074585,-0.720703,-0.126221,-10.620117,-32.775879,5.371094,sit_stand_sit
1769345873.8174753,-0.082520,-0.719727,-0.112549,-10.986328,-32.836914,6.530764,sit_stand_sit
1769345873.8413124,-0.077759,-0.744873,-0.099243,-9.948730,-31.188972,6.103518,sit_stand_sit
1769345873.8609145,-0.089355,-0.784302,-0.105103,-10.803223,-26.123055,7.141115,sit_stand_sit
1769345873.8788917,-0.106079,-0.801636,-0.100098,-8.728027,-20.263672,8.605957,sit_stand_sit
1769345873.896305,-0.112061,-0.864258,-0.091187,-6.164553,-12.573246,6.408693,sit_stand_sit
1769345873.9205573,-0.091309,-0.927246,-0.096313,-4.516602,-5.187988,6.225588,sit_stand_sit
1769345873.9377859,-0.090454,-0.966797,-0.114624,-3.112794,0.549316,7.141115,sit_stand_sit
1769345873.959541,-0.082275,-0.983765,-0.134399,-1.831055,4.333496,7.324221,sit_stand_sit
1769345873.9811532,-0.064941,-1.015259,-0.143188,1.953125,7.080080,8.605957,sit_stand_sit
1769345874.0012095,-0.048340,-1.028564,-0.152710,3.601075,7.751467,10.375977,sit_stand_sit
1769345874.0214224,-0.046387,-1.025757,-0.173950,4.272461,7.690432,14.770512,sit_stand_sit
1769345874.038312,-0.011719,-1.005493,-0.220581,3.601075,7.629396,16.845703,sit_stand_sit
1769345874.0591476,0.052368,-0.983276,-0.287842,2.929688,6.591799,14.526371,sit_stand_sit
1769345874.0772116,0.101196,-0.982666,-0.331909,0.366211,2.502441,10.375977,sit_stand_sit
1769345874.1008434,0.114258,-0.972778,-0.334473,-3.723145,-0.305176,6.774904,sit_stand_sit
1769345874.1200407,0.062622,-0.990967,-0.286621,-8.850098,-4.150391,5.126953,sit_stand_sit
1769345874.1370058,0.038208,-0.980469,-0.240601,-11.962894,-0.915528,3.234864,sit_stand_sit
1769345874.1591256,0.020142,-0.964844,-0.208862,-9.643555,0.549316,-0.183106,sit_stand_sit
1769345874.1804757,-0.007202,-0.981812,-0.188354,-6.774904,-1.770020,-2.685547,sit_stand_sit
1769345874.2007563,-0.029175,-1.001953,-0.170898,-5.859377,-2.746582,-2.868653,sit_stand_sit
1769345874.2201083,-0.051025,-1.002930,-0.161133,-5.859377,-2.807618,-2.441406,sit_stand_sit
1769345874.2407167,-0.072998,-0.993774,-0.163208,-6.347658,0.793457,-3.479005,sit_stand_sit
1769345874.2607982,-0.061035,-0.985474,-0.174805,-6.347658,1.647950,-3.845216,sit_stand_sit
1769345874.2768998,-0.041992,-0.974854,-0.184937,-6.469728,-1.342773,-2.502441,sit_stand_sit
1769345874.298095,-0.041748,-0.968506,-0.186035,-5.676271,-6.469728,-1.281738,sit_stand_sit
1769345874.3200333,-0.054077,-0.968262,-0.187866,-4.882813,-10.253906,-0.976563,sit_stand_sit
1769345874.3393598,-0.063110,-0.966675,-0.189819,-4.089355,-12.023930,0.061035,sit_stand_sit
1769345874.357956,-0.072144,-0.970703,-0.185547,-3.234864,-11.657719,1.098633,sit_stand_sit
1769345874.381409,-0.077393,-0.972046,-0.185913,-2.075195,-7.324221,2.380371,sit_stand_sit
1769345874.3967443,-0.069458,-0.974854,-0.188599,-1.159668,-4.577637,2.746582,sit_stand_sit
1769345874.4204314,-0.063599,-0.972046,-0.195068,-0.488281,-2.990724,2.990724,sit_stand_sit
1769345874.4399104,-0.060669,-0.972534,-0.196411,0.854492,-1.831055,3.295899,sit_stand_sit
1769345874.4564378,-0.061768,-0.978271,-0.200806,1.525879,-0.183106,2.929688,sit_stand_sit
1769345874.4762573,-0.061768,-0.975464,-0.206299,2.075195,1.770020,3.051759,sit_stand_sit
1769345874.4984293,-0.060059,-0.975464,-0.211182,2.258301,3.112794,3.723145,sit_stand_sit
1769345874.5192876,-0.055542,-0.976807,-0.219360,2.136230,4.638672,4.699707,sit_stand_sit
1769345874.5403798,-0.045166,-0.972046,-0.231812,1.770020,4.577637,4.699707,sit_stand_sit
1769345874.5593634,-0.032471,-0.970947,-0.249146,1.770020,2.502441,3.723145,sit_stand_sit
1769345874.5768921,-0.029785,-0.977905,-0.263306,1.037598,-0.732422,2.685547,sit_stand_sit
1769345874.6009974,-0.032104,-0.983032,-0.264404,-0.305176,-3.173829,2.197266,sit_stand_sit
1769345874.6204882,-0.043335,-0.986084,-0.258057,-1.831055,-3.173829,1.647950,sit_stand_sit
1769345874.637175,-0.062378,-0.975830,-0.250977,-3.234864,-0.061035,1.647950,sit_stand_sit
1769345874.6598272,-0.062622,-0.976440,-0.239746,-2.990724,2.075195,1.586915,sit_stand_sit
1769345874.6787653,-0.064941,-0.983154,-0.224243,-3.295899,3.356935,1.586915,sit_stand_sit
1769345874.7009194,-0.065674,-0.983521,-0.214111,-3.784181,4.089355,1.953125,sit_stand_sit
1769345874.7202857,-0.067871,-0.977295,-0.215820,-4.211426,4.577637,2.319336,sit_stand_sit
1769345874.7410314,-0.068115,-0.975952,-0.210083,-3.662110,4.333496,2.136230,sit_stand_sit
1769345874.7606895,-0.061646,-0.985107,-0.204834,-3.784181,3.234864,1.586915,sit_stand_sit
1769345874.7770228,-0.068237,-0.969849,-0.214233,-4.211426,0.915528,2.258301,sit_stand_sit
1769345874.7977216,-0.071533,-0.969849,-0.209473,-3.356935,-0.061035,1.708985,sit_stand_sit
1769345874.817136,-0.070557,-0.979492,-0.208252,-3.356935,-0.610352,1.708985,sit_stand_sit
1769345874.8387396,-0.073853,-0.973511,-0.215210,-3.906251,-1.159668,3.173829,sit_stand_sit
1769345874.8600943,-0.078857,-0.963745,-0.222412,-3.723145,-1.403809,3.356935,sit_stand_sit
1769345874.8805196,-0.078735,-0.967773,-0.224854,-2.990724,-1.098633,3.051759,sit_stand_sit
1769345874.9008853,-0.066162,-0.979614,-0.223022,-3.173829,-2.197266,4.028320,sit_stand_sit
1769345874.9172993,-0.067261,-0.966919,-0.228149,-3.723145,-3.662110,4.699707,sit_stand_sit
1769345874.9371898,-0.076782,-0.957031,-0.233276,-2.929688,-4.577637,5.493164,sit_stand_sit
1769345874.9595914,-0.081665,-0.967896,-0.235596,-2.502441,-4.150391,6.225588,sit_stand_sit
1769345874.9779084,-0.075684,-0.971680,-0.229492,-2.624512,-3.967286,6.958010,sit_stand_sit
1769345874.9971223,-0.068726,-0.974731,-0.225098,-2.319336,-5.371094,6.958010,sit_stand_sit
1769345875.0194058,-0.068848,-0.970215,-0.228149,-2.380371,-7.019045,6.713869,sit_stand_sit
1769345875.0395365,-0.086670,-0.948608,-0.234253,-1.647950,-7.690432,7.690432,sit_stand_sit
1769345875.0594218,-0.100586,-0.928223,-0.234985,-1.525879,-6.164553,8.544922,sit_stand_sit
1769345875.0771701,-0.112549,-0.905273,-0.238770,-1.525879,-3.601075,10.314941,sit_stand_sit
1769345875.10094,-0.132446,-0.871826,-0.243652,-2.075195,0.488281,12.146000,sit_stand_sit
1769345875.117559,-0.155518,-0.821167,-0.244629,0.000000,7.507326,11.169437,sit_stand_sit
1769345875.1404433,-0.136108,-0.812744,-0.239990,-2.868653,14.221195,15.930180,sit_stand_sit
1769345875.159104,-0.126709,-0.751221,-0.229492,-2.502441,18.554688,15.686039,sit_stand_sit
1769345875.1786275,-0.127808,-0.718994,-0.228027,0.732422,21.789551,11.718754,sit_stand_sit
1769345875.2011282,-0.116821,-0.715210,-0.228516,3.295899,21.972656,7.812502,sit_stand_sit
1769345875.2183125,-0.106201,-0.725952,-0.221313,3.295899,17.944336,4.333496,sit_stand_sit
1769345875.2379873,-0.098999,-0.713013,-0.204346,3.784181,11.352543,-0.122070,sit_stand_sit
1769345875.2605603,-0.086914,-0.729980,-0.189575,3.356935,2.624512,-0.915528,sit_stand_sit
1769345875.281228,-0.084351,-0.739380,-0.175293,4.577637,-7.507326,-2.685547,sit_stand_sit
1769345875.2960186,-0.139404,-0.836914,-0.167236,0.732422,-24.780281,-0.488281,sit_stand_sit
1769345875.3206403,-0.154785,-0.817871,-0.179077,-4.089355,-24.353035,0.305176,sit_stand_sit
1769345875.3410952,-0.141602,-0.829102,-0.184448,-4.699707,-25.207527,3.356935,sit_stand_sit
1769345875.3606331,-0.135742,-0.864136,-0.193604,-8.666992,-27.526863,6.958010,sit_stand_sit
1769345875.3791106,-0.109009,-0.859375,-0.230713,-9.216309,-28.259285,6.225588,sit_stand_sit
1769345875.399339,-0.100464,-0.925903,-0.225342,-7.324221,-30.578621,5.615236,sit_stand_sit
1769345875.4205847,-0.086670,-1.030518,-0.188965,-14.160160,-41.625977,21.118164,sit_stand_sit
1769345875.4370782,-0.157837,-0.979736,-0.233887,-18.615723,-49.377457,24.780281,sit_stand_sit
1769345875.4570277,-0.190186,-1.109009,-0.225830,-15.747074,-51.818863,27.954109,sit_stand_sit
1769345875.4809067,-0.141846,-1.166748,-0.235474,-22.827156,-61.523453,37.109375,sit_stand_sit
1769345875.4998622,-0.164429,-1.097900,-0.266479,-21.301270,-70.861816,39.916992,sit_stand_sit
1769345875.520194,-0.197876,-1.108521,-0.258179,-11.596684,-75.866699,48.156754,sit_stand_sit
1769345875.5404115,-0.196655,-1.130493,-0.255981,-10.925293,-81.176758,55.053726,sit_stand_sit
1769345875.5589304,-0.331299,-1.127686,-0.264282,-5.676271,-74.157715,65.612793,sit_stand_sit
1769345875.5802155,-0.371948,-1.132324,-0.253174,-4.577637,-63.537613,66.040039,sit_stand_sit
1769345875.600957,-0.365723,-1.116943,-0.271851,-4.577637,-59.570328,60.241714,sit_stand_sit
1769345875.6162918,-0.363892,-1.081665,-0.256470,-1.464844,-60.058609,56.274429,sit_stand_sit
1769345875.638198,-0.371826,-1.054199,-0.190796,-0.183106,-61.096207,56.823746,sit_stand_sit
1769345875.659167,-0.367065,-0.989502,-0.215942,0.793457,-67.626953,58.837906,sit_stand_sit
1769345875.6794815,-0.393311,-0.949951,-0.360474,6.530764,-91.491730,58.898941,sit_stand_sit
1769345875.6980288,-0.743530,-1.003784,-0.373047,6.225588,-94.848663,50.170914,sit_stand_sit
1769345875.7210963,-0.717163,-0.979858,-0.280151,0.366211,-80.200195,41.259766,sit_stand_sit
1769345875.7406912,-0.727783,-1.002319,-0.202637,-5.615236,-73.852539,33.325195,sit_stand_sit
1769345875.7563848,-0.711182,-1.004028,-0.201538,-9.643555,-68.054199,22.644051,sit_stand_sit
1769345875.7813444,-0.691895,-0.978882,-0.160400,-11.962894,-62.011734,16.052246,sit_stand_sit
1769345875.7982187,-0.659180,-0.928345,-0.104126,-13.549809,-57.067886,14.099125,sit_stand_sit
1769345875.820794,-0.689575,-0.798828,-0.069214,-15.319828,-48.034683,11.840824,sit_stand_sit
1769345875.8401945,-0.680908,-0.739990,-0.069336,-8.728027,-23.254402,0.244141,sit_stand_sit
1769345875.8610392,-0.566772,-0.756592,-0.064087,-5.554201,-6.713869,-1.342773,sit_stand_sit
1769345875.8791828,-0.499512,-0.719482,0.023193,-3.906251,-0.366211,8.789063,sit_stand_sit
1769345875.9019766,-0.516968,-0.701660,0.007080,-2.014160,13.427738,6.896975,sit_stand_sit
1769345875.9215534,-0.483276,-0.733154,-0.084717,-2.624512,24.475105,-3.967286,sit_stand_sit
1769345875.9413254,-0.547607,-0.816040,-0.224854,-9.155273,35.644531,-7.385256,sit_stand_sit
1769345875.9571059,-0.486084,-0.739624,-0.087036,-10.559082,30.700691,-7.385256,sit_stand_sit
1769345875.980594,-0.481934,-0.676514,0.037109,-6.347658,15.258793,-14.099125,sit_stand_sit
1769345875.9984553,-0.463257,-0.711670,0.061035,2.319336,0.976563,-32.592773,sit_stand_sit
1769345876.016594,-0.432617,-0.788086,0.031372,8.544922,-3.662110,-50.537125,sit_stand_sit
1769345876.0407028,-0.466797,-0.854980,-0.019287,11.291508,-3.540040,-58.776871,sit_stand_sit
1769345876.057611,-0.493530,-0.924683,-0.099243,11.291508,0.671387,-60.607925,sit_stand_sit
1769345876.0823576,-0.577271,-0.968506,-0.261230,-1.953125,6.286623,-42.968750,sit_stand_sit
1769345876.1015892,-0.596802,-0.930176,-0.299683,0.488281,-9.643555,-29.357918,sit_stand_sit
1769345876.122088,-0.742798,-0.945313,-0.262451,-1.892090,-35.949707,-13.305668,sit_stand_sit
1769345876.1412156,-0.882446,-0.935913,-0.223389,-6.713869,-22.399910,-3.967286,sit_stand_sit
1769345876.161045,-0.814453,-0.895386,-0.182983,-8.361816,24.780281,2.380371,sit_stand_sit
1769345876.1785402,-0.609741,-0.866455,-0.117920,-9.033203,56.091324,10.742188,sit_stand_sit
1769345876.198377,-0.516968,-0.868530,-0.037964,-7.629396,66.284180,17.028809,sit_stand_sit
1769345876.22062,-0.419678,-0.858887,0.029053,-5.737307,66.467285,17.700195,sit_stand_sit
1769345876.2412453,-0.308960,-0.835205,0.024780,-3.540040,53.405777,17.578125,sit_stand_sit
1769345876.261576,-0.268188,-0.816040,-0.034912,-0.061035,30.212410,15.258793,sit_stand_sit
1769345876.2795565,-0.301270,-0.812256,-0.139038,5.004883,5.798342,11.962894,sit_stand_sit
1769345876.30161,-0.359009,-0.838623,-0.231201,8.178711,-11.352543,8.544922,sit_stand_sit
1769345876.318783,-0.403442,-0.849976,-0.272583,7.934572,-20.690918,4.882813,sit_stand_sit
1769345876.3393958,-0.467407,-0.886230,-0.227051,4.577637,-28.381355,0.061035,sit_stand_sit
1769345876.3614397,-0.519775,-0.887329,-0.171997,0.244141,-24.963387,-0.610352,sit_stand_sit
1769345876.3792331,-0.551514,-0.856323,-0.132935,-0.732422,-14.099125,0.854492,sit_stand_sit
1769345876.4022143,-0.563110,-0.845703,-0.110596,-0.671387,-4.028320,1.098633,sit_stand_sit
1769345876.4221377,-0.553589,-0.842651,-0.110718,0.000000,0.305176,0.244141,sit_stand_sit
1769345876.436378,-0.553955,-0.840088,-0.125977,0.488281,1.220703,-0.610352,sit_stand_sit
1769345876.461647,-0.551270,-0.830933,-0.144409,1.464844,2.990724,-1.098633,sit_stand_sit
1769345876.477242,-0.525269,-0.835449,-0.167358,1.525879,4.333496,-1.647950,sit_stand_sit
1769345876.5011544,-0.512085,-0.846680,-0.172974,0.854492,4.028320,-1.342773,sit_stand_sit
1769345876.5183568,-0.504150,-0.862427,-0.170288,-0.122070,4.699707,-0.976563,sit_stand_sit
1769345876.5413716,-0.488525,-0.869385,-0.165283,-0.915528,5.126953,-1.159668,sit_stand_sit
1769345876.5606978,-0.474731,-0.872314,-0.155518,-1.953125,5.004883,-2.075195,sit_stand_sit
1769345876.5903437,-0.458984,-0.873291,-0.149780,-2.746582,3.173829,-2.929688,sit_stand_sit
1769345876.605318,-0.454102,-0.865356,-0.153198,-2.807618,-0.671387,-3.601075,sit_stand_sit
1769345876.6182106,-0.463135,-0.864746,-0.150513,-2.868653,-2.441406,-3.540040,sit_stand_sit
1769345876.6363888,-0.480347,-0.867188,-0.150757,-2.685547,-2.868653,-3.112794,sit_stand_sit
1769345876.661628,-0.486938,-0.864868,-0.153198,-2.014160,-2.319336,-2.868653,sit_stand_sit
1769345876.6816876,-0.488525,-0.863525,-0.151733,-0.976563,-2.075195,-2.380371,sit_stand_sit
1769345876.7015107,-0.487549,-0.861694,-0.149048,0.549316,-1.647950,-1.342773,sit_stand_sit
1769345876.7209547,-0.487671,-0.867920,-0.147095,2.014160,-1.647950,-0.305176,sit_stand_sit
1769345876.7423117,-0.474365,-0.869629,-0.152710,3.234864,-1.159668,1.464844,sit_stand_sit
1769345876.7642694,-0.466553,-0.867432,-0.156738,3.417970,-2.014160,2.258301,sit_stand_sit
1769345876.7781196,-0.465088,-0.866455,-0.158203,2.929688,-3.173829,2.502441,sit_stand_sit
1769345876.7974927,-0.463745,-0.861816,-0.160522,1.953125,-4.272461,2.258301,sit_stand_sit
1769345876.8197205,-0.475830,-0.858887,-0.159912,1.037598,-5.249023,1.892090,sit_stand_sit
1769345876.8385353,-0.486328,-0.856201,-0.157593,0.122070,-5.310059,1.586915,sit_stand_sit
1769345876.8607626,-0.492432,-0.855225,-0.151123,-0.549316,-5.065918,0.610352,sit_stand_sit
1769345876.8792057,-0.509033,-0.852051,-0.146240,-0.793457,-3.662110,0.000000,sit_stand_sit
1769345876.9005854,-0.505249,-0.851074,-0.145630,-0.732422,-2.685547,-0.427246,sit_stand_sit
1769345876.9205468,-0.507080,-0.852417,-0.147949,-0.610352,-1.831055,-0.671387,sit_stand_sit
1769345876.942558,-0.505249,-0.853638,-0.148315,-0.610352,-0.244141,-0.732422,sit_stand_sit
1769345876.9613051,-0.494629,-0.852051,-0.150146,-0.366211,0.610352,-0.671387,sit_stand_sit
1769345876.9805522,-0.487793,-0.852539,-0.148315,-0.244141,0.793457,-0.671387,sit_stand_sit
1769345876.9980407,-0.490479,-0.851563,-0.150024,0.183106,1.281738,-0.915528,sit_stand_sit
1769345877.0188284,-0.484863,-0.856323,-0.146851,0.793457,1.464844,-1.586915,sit_stand_sit
1769345877.0407288,-0.485352,-0.863037,-0.141113,0.854492,0.915528,-1.403809,sit_stand_sit
1769345877.062339,-0.494141,-0.857300,-0.143921,1.403809,1.098633,-0.793457,sit_stand_sit
1769345877.0798962,-0.488037,-0.856323,-0.146362,2.136230,1.281738,-0.976563,sit_stand_sit
1769345877.1025035,-0.479126,-0.856934,-0.145508,2.807618,-0.427246,-0.854492,sit_stand_sit
1769345877.1232429,-0.474609,-0.856445,-0.145508,3.356935,-3.356935,-0.549316,sit_stand_sit
1769345877.1422708,-0.484863,-0.850586,-0.145630,3.967286,-6.530764,-0.915528,sit_stand_sit
1769345877.161293,-0.492188,-0.845093,-0.139038,4.150391,-7.080080,-0.915528,sit_stand_sit
1769345877.1780174,-0.494873,-0.849365,-0.141235,4.211426,-7.690432,-2.075195,sit_stand_sit
1769345877.2015023,-0.489014,-0.854004,-0.143066,3.845216,-10.253906,-2.807618,sit_stand_sit
1769345877.221501,-0.491455,-0.852295,-0.139526,2.868653,-12.390141,-3.051759,sit_stand_sit
1769345877.2420914,-0.494263,-0.845947,-0.123535,2.319336,-14.709476,-3.967286,sit_stand_sit
1769345877.2615888,-0.522705,-0.838745,-0.103149,1.831055,-15.502934,-6.652834,sit_stand_sit
1769345877.2810414,-0.535767,-0.827026,-0.097290,1.525879,-14.160160,-8.850098,sit_stand_sit
1769345877.2970526,-0.565552,-0.826294,-0.099243,2.136230,-14.709476,-11.535648,sit_stand_sit
1769345877.3187695,-0.603149,-0.834229,-0.111816,1.403809,-15.014652,-14.221195,sit_stand_sit
1769345877.3381596,-0.570313,-0.813354,-0.118042,0.061035,-11.291508,-14.465336,sit_stand_sit
1769345877.3598423,-0.539551,-0.796753,-0.112061,1.037598,-9.033203,-14.465336,sit_stand_sit
1769345877.3816626,-0.543091,-0.815308,-0.100342,1.159668,-5.554201,-15.625004,sit_stand_sit
1769345877.400927,-0.526367,-0.822266,-0.085815,1.464844,3.845216,-19.470215,sit_stand_sit
1769345877.4215693,-0.487915,-0.823486,-0.084839,1.892090,12.390141,-23.376472,sit_stand_sit
1769345877.4422219,-0.445557,-0.830688,-0.090942,3.906251,18.249512,-24.658211,sit_stand_sit
1769345877.4617195,-0.421875,-0.842773,-0.091187,4.943848,20.446777,-26.123055,sit_stand_sit
1769345877.4821606,-0.407593,-0.853271,-0.095215,6.896975,22.827156,-29.968269,sit_stand_sit
1769345877.4977446,-0.400635,-0.868286,-0.098267,8.178711,26.916512,-34.973145,sit_stand_sit
1769345877.522689,-0.383911,-0.869873,-0.094238,11.230473,31.982430,-40.344238,sit_stand_sit
1769345877.5390575,-0.363892,-0.926392,-0.087158,12.023930,35.888672,-45.043961,sit_stand_sit
1769345877.5620708,-0.348389,-0.970825,-0.062744,12.939457,39.550781,-51.818863,sit_stand_sit
1769345877.581107,-0.359375,-1.030273,-0.044312,13.061527,48.767105,-58.715836,sit_stand_sit
1769345877.6029603,-0.369873,-1.086304,-0.050049,13.488773,60.363785,-65.551758,sit_stand_sit
1769345877.6227791,-0.342285,-1.141846,-0.065063,12.512211,67.626953,-71.716309,sit_stand_sit
1769345877.641563,-0.350098,-1.175903,-0.068237,12.268070,71.960449,-74.951172,sit_stand_sit
1769345877.6592274,-0.316284,-1.242188,-0.097534,11.718754,81.604004,-74.829102,sit_stand_sit
1769345877.6784005,-0.297852,-1.322632,-0.114014,11.413578,80.139160,-72.387695,sit_stand_sit
1769345877.7008827,-0.250488,-1.381958,-0.166870,10.375977,77.636719,-63.415543,sit_stand_sit
1769345877.721596,-0.168701,-1.399414,-0.248413,6.835939,72.570801,-51.940933,sit_stand_sit
1769345877.7405388,-0.080078,-1.354614,-0.414795,0.610352,65.856934,-45.776382,sit_stand_sit
1769345877.7561789,0.010132,-1.313232,-0.462402,2.014160,72.814941,-35.888672,sit_stand_sit
1769345877.7813835,0.026245,-1.389282,-0.367310,-0.244141,91.918976,-21.301270,sit_stand_sit
1769345877.796118,0.096924,-1.293701,-0.242432,-12.207035,119.384796,-5.004883,sit_stand_sit
1769345877.8201392,0.307983,-1.156372,-0.203491,-8.789063,106.018097,-6.347658,sit_stand_sit
1769345877.8378024,0.273926,-1.125854,-0.171509,-4.394531,77.209473,-8.850098,sit_stand_sit
1769345877.8591006,0.137451,-1.095215,-0.149658,-3.845216,67.016602,-10.375977,sit_stand_sit
1769345877.880824,0.084717,-1.055054,-0.120117,-2.319336,66.040039,-11.718754,sit_stand_sit
1769345877.9016323,0.067017,-1.034546,-0.110596,-2.624512,62.561050,-15.625004,sit_stand_sit
1769345877.9218476,0.109497,-0.944580,-0.124023,-5.676271,53.344742,-21.972656,sit_stand_sit
1769345877.94144,0.123657,-0.900757,-0.122681,-5.615236,37.963867,-24.047859,sit_stand_sit
1769345877.9617906,0.085449,-0.893677,-0.111816,-5.859377,20.324707,-26.672371,sit_stand_sit
1769345877.9822402,0.092163,-0.867432,-0.122314,-11.047363,3.112794,-39.489746,sit_stand_sit
1769345877.9997327,0.059204,-0.857056,-0.131836,-8.728027,-9.399414,-27.587898,sit_stand_sit
1769345878.0193546,0.020020,-0.819946,-0.142090,-15.441898,-13.488773,-20.141602,sit_stand_sit
1769345878.0416753,0.003662,-0.742676,-0.165405,-15.197758,-19.226074,-23.376472,sit_stand_sit
1769345878.059557,-0.014160,-0.783203,-0.166138,-12.512211,-22.155769,-21.118164,sit_stand_sit
1769345878.0762901,-0.014282,-0.759521,-0.168945,-13.183598,-28.259285,-14.160160,sit_stand_sit
1769345878.1020017,-0.038086,-0.718506,-0.170288,-11.962894,-37.719727,-7.263186,sit_stand_sit
1769345878.1210136,-0.053955,-0.703247,-0.150757,-8.789063,-45.776382,-2.319336,sit_stand_sit
1769345878.1366484,-0.045776,-0.699707,-0.132813,-5.981447,-52.307144,1.647950,sit_stand_sit
1769345878.1576037,-0.030029,-0.688477,-0.125610,-4.089355,-56.945816,8.361816,sit_stand_sit
1769345878.1777332,-0.036011,-0.683472,-0.115479,-1.525879,-60.241714,14.526371,sit_stand_sit
1769345878.1964252,-0.040649,-0.696167,-0.107666,0.488281,-58.776871,15.808109,sit_stand_sit
1769345878.2223735,-0.074219,-0.725098,-0.106689,0.610352,-53.710953,15.563969,sit_stand_sit
1769345878.244513,-0.119751,-0.772095,-0.119263,0.488281,-44.616714,13.427738,sit_stand_sit
1769345878.2626803,-0.153198,-0.862671,-0.134033,1.342773,-31.616219,10.009766,sit_stand_sit
1769345878.280988,-0.159668,-0.965210,-0.144653,-1.464844,-18.859863,7.812502,sit_stand_sit
1769345878.3033226,-0.166504,-0.994995,-0.162964,-4.333496,-4.943848,2.075195,sit_stand_sit
1769345878.3162484,-0.125000,-1.020386,-0.203125,-4.516602,11.169437,1.953125,sit_stand_sit
1769345878.3402348,-0.078857,-1.018799,-0.223145,-4.089355,16.052246,3.784181,sit_stand_sit
1769345878.3581138,-0.041504,-1.005005,-0.234985,-0.854492,17.089844,7.812502,sit_stand_sit
1769345878.3777773,0.001343,-1.005859,-0.242310,3.417970,15.991215,10.925293,sit_stand_sit
1769345878.3961546,0.044067,-0.978882,-0.246826,-0.610352,11.535648,-4.089355,sit_stand_sit
1769345878.4202414,-0.010376,-0.993530,-0.208618,11.901859,15.808109,10.192871,sit_stand_sit
1769345878.4425092,0.083252,-1.021362,-0.211792,7.812502,13.244633,13.000492,sit_stand_sit
1769345878.4614904,0.148193,-0.951416,-0.208740,6.225588,0.183106,13.610844,sit_stand_sit
1769345878.4822524,-0.018188,-0.944092,-0.197754,14.953617,8.666992,12.512211,sit_stand_sit
1769345878.499813,0.076782,-1.003906,-0.195190,7.202150,15.625004,13.854984,sit_stand_sit
1769345878.519284,0.098022,-0.968262,-0.201782,5.981447,9.094238,13.366703,sit_stand_sit
1769345878.5380177,0.096680,-0.970337,-0.205200,3.662110,-0.610352,10.253906,sit_stand_sit
1769345878.5624883,-0.000122,-0.965454,-0.206421,4.760742,2.624512,8.483887,sit_stand_sit
1769345878.580596,0.021729,-0.987671,-0.208374,7.080080,12.329105,2.319336,sit_stand_sit
1769345878.6003027,0.050293,-1.000610,-0.204468,5.004883,6.835939,-0.183106,sit_stand_sit
1769345878.6221156,0.023315,-0.983521,-0.204468,5.859377,5.615236,-2.075195,sit_stand_sit
1769345878.6415024,0.006348,-0.987793,-0.190430,7.141115,5.920412,-4.272461,sit_stand_sit
1769345878.6624036,0.010376,-1.013794,-0.184570,6.347658,6.042482,-5.737307,sit_stand_sit
1769345878.6835637,0.030762,-1.006958,-0.190552,3.967286,2.502441,-11.962894,sit_stand_sit
1769345878.7029495,0.035889,-1.009033,-0.195923,1.525879,-3.967286,-13.916019,sit_stand_sit
1769345878.7194173,0.000732,-1.019165,-0.199951,-1.098633,-3.417970,-7.263186,sit_stand_sit
1769345878.740616,-0.016846,-1.002808,-0.197021,-0.183106,4.150391,-7.385256,sit_stand_sit
1769345878.7612185,0.006836,-1.010498,-0.190552,-0.061035,7.568361,-7.751467,sit_stand_sit
1769345878.7815015,0.001343,-1.028076,-0.178955,-1.892090,11.352543,-5.249023,sit_stand_sit
1769345878.7999299,-0.015503,-1.022095,-0.174805,-2.319336,21.850586,-2.624512,sit_stand_sit
1769345878.822861,-0.001465,-1.023071,-0.178589,-2.624512,36.010742,-0.305176,sit_stand_sit
1769345878.8418686,0.026123,-1.039063,-0.163696,-4.882813,54.504410,2.624512,sit_stand_sit
1769345878.8607638,0.034912,-1.053589,-0.155151,-8.178711,66.955566,4.272461,sit_stand_sit
1769345878.8797956,0.069702,-1.043213,-0.146729,-10.131836,79.345703,6.530764,sit_stand_sit
1769345878.9007976,0.088135,-1.047485,-0.144409,-9.643555,89.050323,7.873537,sit_stand_sit
1769345878.9220083,0.122192,-1.045166,-0.140869,-10.253906,97.045929,9.460449,sit_stand_sit
1769345878.9414594,0.180908,-1.014404,-0.138062,-8.422852,96.923859,10.620117,sit_stand_sit
1769345878.961313,0.165527,-1.004761,-0.119507,-4.455566,92.529327,10.803223,sit_stand_sit
1769345878.980573,0.115234,-1.012695,-0.112671,-2.990724,93.322784,9.460449,sit_stand_sit
1769345879.0030348,0.150146,-0.970093,-0.114868,-0.427246,94.299347,7.385256,sit_stand_sit
1769345879.0216877,0.195679,-0.925171,-0.099976,5.432129,86.608887,4.211426,sit_stand_sit
1769345879.0397925,0.131470,-0.937622,-0.123657,11.230473,76.171875,-0.183106,sit_stand_sit
1769345879.0617998,0.029663,-0.980347,-0.107910,13.122562,78.369141,-2.929688,sit_stand_sit
1769345879.0763228,0.041626,-0.955078,-0.105103,15.380863,82.946777,-4.455566,sit_stand_sit
1769345879.101394,0.091675,-0.911499,-0.132080,20.141602,79.711914,-6.408693,sit_stand_sit
1769345879.1184297,0.087402,-0.915894,-0.135010,28.991707,62.011734,-10.375977,sit_stand_sit
1769345879.1368842,0.057129,-0.905518,-0.147705,31.311043,51.757828,-9.521484,sit_stand_sit
1769345879.1602504,0.039307,-0.894409,-0.149292,32.409668,44.921890,-8.972168,sit_stand_sit
1769345879.1779585,0.051636,-0.861816,-0.145508,32.897949,40.771484,-8.361816,sit_stand_sit
1769345879.1975055,0.042969,-0.847900,-0.147095,33.996582,38.879395,-8.239746,sit_stand_sit
1769345879.222688,0.041870,-0.859131,-0.139893,34.545898,39.611816,-10.559082,sit_stand_sit
1769345879.2420602,0.075806,-0.876465,-0.117676,31.494148,39.855957,-8.789063,sit_stand_sit
1769345879.261045,0.038208,-0.893921,-0.197021,26.794441,31.311043,-4.638672,sit_stand_sit
1769345879.2816205,0.128906,-0.881714,-0.193604,23.559578,21.423340,-4.577637,sit_stand_sit
1769345879.2985315,0.178223,-0.917725,-0.131104,22.216805,-10.314941,-3.295899,sit_stand_sit
1769345879.3221793,0.069824,-0.922852,-0.089844,14.709476,-21.484375,0.671387,sit_stand_sit
1769345879.3410556,0.025635,-0.896973,-0.083740,13.183598,-14.160160,4.089355,sit_stand_sit
1769345879.361801,0.055664,-0.888672,-0.063843,14.831547,-12.512211,6.530764,sit_stand_sit
1769345879.3806515,0.027588,-0.877930,-0.029541,13.122562,-14.343266,13.793949,sit_stand_sit
1769345879.4017372,-0.003784,-0.855103,-0.019775,10.375977,-13.977055,19.104004,sit_stand_sit
1769345879.4197364,-0.016846,-0.868042,-0.026855,8.361816,-18.615723,23.254402,sit_stand_sit
1769345879.4419198,0.016602,-0.929565,0.060181,-0.671387,-34.851074,32.470703,sit_stand_sit
1769345879.4562144,0.016479,-1.088257,-0.047363,-10.559082,-25.634773,32.287598,sit_stand_sit
1769345879.480394,0.110718,-1.261230,-0.149170,-27.465828,-68.054199,56.396500,sit_stand_sit
1769345879.5030174,0.078003,-1.451294,-0.129639,-46.447769,-74.279785,70.800781,sit_stand_sit
1769345879.5172596,-0.104126,-1.469971,-0.303711,-46.264664,-48.950211,69.091797,sit_stand_sit
1769345879.540835,-0.061523,-1.260864,-0.388062,-44.128418,-21.789551,60.913101,sit_stand_sit
1769345879.5609617,-0.039917,-1.002686,-0.235962,-37.719727,-7.446291,60.241714,sit_stand_sit
1769345879.58114,-0.063843,-0.897705,-0.078857,-33.874512,-8.239746,59.875504,sit_stand_sit
1769345879.6015308,-0.221191,-0.966187,-0.072510,-33.691406,-5.737307,60.424820,sit_stand_sit
1769345879.6403627,-0.245972,-1.029175,-0.138062,-33.325195,-7.873537,57.434097,sit_stand_sit
1769345879.6418717,-0.161499,-1.001343,-0.127075,-34.545898,-12.634281,56.640640,sit_stand_sit
1769345879.6607263,-0.158936,-1.008667,-0.190674,-36.376953,-7.568361,55.603043,sit_stand_sit
1769345879.6776717,-0.294434,-0.964722,-0.222412,-36.193848,-3.234864,58.105484,sit_stand_sit
1769345879.700324,-0.274170,-0.949097,-0.169678,-38.391113,-5.493164,55.236832,sit_stand_sit
1769345879.7178164,-0.289185,-0.943604,-0.169434,-40.405273,-6.225588,52.368179,sit_stand_sit
1769345879.7417731,-0.303589,-0.954834,-0.211914,-42.724609,-3.906251,47.851578,sit_stand_sit
1769345879.7617657,-0.295044,-0.934937,-0.263916,-61.889664,-7.263186,44.433609,sit_stand_sit
1769345879.7817018,-0.355713,-0.915894,-0.241333,-48.034683,-9.582520,42.785645,sit_stand_sit
1769345879.801669,-0.329346,-0.918457,-0.243042,-48.217789,-8.911133,39.916992,sit_stand_sit
1769345879.817748,-0.330566,-0.903076,-0.296753,-48.767105,-6.896975,39.550781,sit_stand_sit
1769345879.8374286,-0.336548,-0.885498,-0.324097,-49.133316,-5.371094,40.954590,sit_stand_sit
1769345879.861482,-0.325684,-0.887939,-0.302246,-49.133316,-7.934572,40.100098,sit_stand_sit
1769345879.8791866,-0.346436,-0.883667,-0.326782,-48.522964,-11.169437,39.611816,sit_stand_sit
1769345879.8992364,-0.401367,-0.849365,-0.363525,-50.659195,-8.911133,38.513184,sit_stand_sit
1769345879.9229684,-0.418945,-0.829346,-0.346802,-51.208511,-11.657719,37.048340,sit_stand_sit
1769345879.9415085,-0.442627,-0.828003,-0.359497,-53.344742,-12.329105,34.729004,sit_stand_sit
1769345879.9587188,-0.443237,-0.814575,-0.393799,-55.236832,-9.582520,32.836914,sit_stand_sit
1769345879.9786441,-0.431763,-0.794189,-0.396973,-56.030289,-13.671879,31.494148,sit_stand_sit
1769345880.0026884,-0.459839,-0.783325,-0.421265,-58.532730,-17.333984,29.724129,sit_stand_sit
1769345880.019987,-0.483032,-0.777710,-0.461914,-60.546890,-11.840824,27.526863,sit_stand_sit
1769345880.0416923,-0.453491,-0.744263,-0.449219,-60.485855,-12.756351,24.719246,sit_stand_sit
1769345880.0595367,-0.484497,-0.742065,-0.444824,-60.241714,-21.789551,22.399910,sit_stand_sit
1769345880.0814142,-0.513672,-0.717896,-0.485352,-58.471695,-21.118164,20.629883,sit_stand_sit
1769345880.101514,-0.512451,-0.692871,-0.511841,-56.091324,-19.897461,19.042969,sit_stand_sit
1769345880.117515,-0.528076,-0.670166,-0.540649,-54.382339,-16.357422,17.944336,sit_stand_sit
1769345880.1421683,-0.514282,-0.652466,-0.547852,-50.048843,-16.296387,16.967773,sit_stand_sit
1769345880.156839,-0.545288,-0.643433,-0.541504,-44.067383,-16.906738,16.174316,sit_stand_sit
1769345880.1817274,-0.537231,-0.634521,-0.585205,-39.367676,-12.146000,15.441898,sit_stand_sit
1769345880.1998172,-0.526367,-0.628540,-0.596924,-33.630371,-7.385256,14.404301,sit_stand_sit
1769345880.2227383,-0.535767,-0.625122,-0.578735,-27.893074,-4.272461,13.610844,sit_stand_sit
1769345880.240053,-0.528809,-0.619873,-0.577759,-22.033691,-3.173829,12.634281,sit_stand_sit
1769345880.2622344,-0.543823,-0.597900,-0.601318,-17.028809,-5.798342,12.695316,sit_stand_sit
1769345880.2817354,-0.570068,-0.578125,-0.596436,-12.573246,-5.432129,11.535648,sit_stand_sit
1769345880.3018734,-0.561157,-0.581909,-0.593262,-5.615236,-0.732422,9.277344,sit_stand_sit
1769345880.316523,-0.559570,-0.593262,-0.586304,-2.075195,-0.549316,8.789063,sit_stand_sit
1769345880.3413768,-0.564209,-0.586914,-0.588989,0.488281,-0.183106,8.972168,sit_stand_sit
1769345880.3582704,-0.571411,-0.588013,-0.575928,3.234864,-0.427246,8.300781,sit_stand_sit
1769345880.3818245,-0.577637,-0.592651,-0.576172,4.577637,1.892090,7.141115,sit_stand_sit
1769345880.400084,-0.573486,-0.593994,-0.573608,5.859377,2.380371,6.408693,sit_stand_sit
1769345880.4221883,-0.578369,-0.599121,-0.574219,5.432129,2.380371,5.249023,sit_stand_sit
1769345880.4404547,-0.573486,-0.596558,-0.567139,4.943848,2.136230,4.516602,sit_stand_sit
1769345880.4614458,-0.578247,-0.598511,-0.563354,4.089355,2.014160,3.845216,sit_stand_sit
1769345880.482117,-0.579834,-0.600952,-0.561157,3.540040,1.831055,2.563477,sit_stand_sit
1769345880.5010204,-0.576172,-0.604370,-0.564453,2.258301,2.197266,1.770020,sit_stand_sit
1769345880.5194783,-0.575073,-0.601074,-0.567261,1.953125,1.953125,1.342773,sit_stand_sit
1769345880.5389483,-0.577148,-0.599976,-0.567749,0.915528,2.929688,1.098633,sit_stand_sit
1769345880.5601199,-0.568726,-0.598755,-0.570923,-0.061035,2.807618,0.305176,sit_stand_sit
1769345880.5806947,-0.570435,-0.602417,-0.569092,-0.793457,2.441406,0.061035,sit_stand_sit
1769345880.601176,-0.568604,-0.597168,-0.572998,-1.220703,2.746582,-0.244141,sit_stand_sit
1769345880.6216679,-0.576172,-0.598755,-0.571655,-1.586915,2.197266,-0.549316,sit_stand_sit
1769345880.641529,-0.560547,-0.593384,-0.580688,-2.746582,3.784181,-1.037598,sit_stand_sit
1769345880.6624737,-0.558350,-0.599243,-0.576782,-2.197266,0.732422,-1.647950,sit_stand_sit
1769345880.6814034,-0.564575,-0.599976,-0.581421,-3.173829,0.976563,-1.159668,sit_stand_sit
1769345880.701325,-0.569824,-0.593018,-0.582642,-3.112794,-0.488281,-1.342773,sit_stand_sit
1769345880.7214901,-0.564819,-0.592773,-0.583008,-2.746582,0.122070,-1.831055,sit_stand_sit
1769345880.7382877,-0.562378,-0.593872,-0.583374,-2.197266,-0.061035,-1.647950,sit_stand_sit
1769345880.7607033,-0.564941,-0.593506,-0.585205,-1.953125,0.122070,-1.525879,sit_stand_sit
1769345880.7820604,-0.566650,-0.590820,-0.587891,-1.525879,0.122070,-1.098633,sit_stand_sit
1769345880.802054,-0.564819,-0.589111,-0.585571,-0.915528,0.793457,-1.403809,sit_stand_sit
1769345880.8209398,-0.559937,-0.591675,-0.588135,0.183106,1.037598,-1.342773,sit_stand_sit
1769345880.8410652,-0.564453,-0.592285,-0.588623,0.732422,0.854492,-1.525879,sit_stand_sit
1769345880.8585148,-0.561523,-0.589111,-0.588501,1.708985,0.610352,-1.831055,sit_stand_sit
1769345880.8815372,-0.564819,-0.594849,-0.586792,2.258301,1.586915,-1.953125,sit_stand_sit
1769345880.9010968,-0.550293,-0.597046,-0.593018,3.234864,0.915528,-1.770020,sit_stand_sit
1769345880.9224,-0.559570,-0.594482,-0.587158,3.112794,-0.061035,-1.220703,sit_stand_sit
1769345880.9441183,-0.558594,-0.594482,-0.579956,3.723145,0.305176,-0.854492,sit_stand_sit
1769345880.9605677,-0.555664,-0.599487,-0.580688,3.784181,1.586915,-1.342773,sit_stand_sit
1769345880.9793699,-0.557129,-0.601929,-0.579102,3.356935,0.000000,-1.159668,sit_stand_sit
1769345881.0012777,-0.563599,-0.602295,-0.578003,2.685547,0.000000,-1.342773,sit_stand_sit
1769345881.0170572,-0.559326,-0.604248,-0.577881,2.380371,0.427246,-1.831055,sit_stand_sit
1769345881.0395756,-0.558838,-0.605225,-0.575195,2.136230,0.061035,-2.075195,sit_stand_sit
1769345881.0612257,-0.561768,-0.607544,-0.575317,1.586915,0.122070,-2.258301,sit_stand_sit
1769345881.081776,-0.553833,-0.607056,-0.574341,1.403809,-0.122070,-3.173829,sit_stand_sit
1769345881.1024702,-0.556152,-0.609009,-0.579956,1.159668,-0.305176,-3.295899,sit_stand_sit
1769345881.1240478,-0.553467,-0.606567,-0.580200,1.464844,-0.366211,-3.479005,sit_stand_sit
1769345881.1417255,-0.556152,-0.605347,-0.579468,1.892090,-0.244141,-3.723145,sit_stand_sit
1769345881.1623018,-0.554932,-0.604614,-0.579834,2.624512,0.488281,-4.089355,sit_stand_sit
1769345881.1793368,-0.552124,-0.607422,-0.581299,3.479005,0.366211,-4.577637,sit_stand_sit
1769345881.20142,-0.554321,-0.606934,-0.579468,4.516602,0.305176,-5.004883,sit_stand_sit
1769345881.220876,-0.552612,-0.610352,-0.577271,6.286623,0.549316,-6.225588,sit_stand_sit
1769345881.2433007,-0.545776,-0.610596,-0.577148,7.690432,0.732422,-7.202150,sit_stand_sit
1769345881.2609653,-0.545776,-0.612061,-0.576294,8.972168,0.488281,-7.995607,sit_stand_sit
1769345881.2822056,-0.547852,-0.619141,-0.571289,10.559082,0.671387,-9.216309,sit_stand_sit
1769345881.302696,-0.540039,-0.622192,-0.569214,12.023930,1.037598,-10.498047,sit_stand_sit
1769345881.3161569,-0.533081,-0.623657,-0.559570,13.427738,0.610352,-11.901859,sit_stand_sit
1769345881.3394656,-0.527954,-0.630493,-0.557495,14.770512,-0.488281,-13.854984,sit_stand_sit
1769345881.3578424,-0.524780,-0.645508,-0.561401,17.883301,-1.281738,-16.418457,sit_stand_sit
1769345881.381122,-0.511597,-0.646729,-0.555786,19.409180,-2.563477,-17.883301,sit_stand_sit
1769345881.4016082,-0.509888,-0.647827,-0.549561,20.935059,-4.089355,-19.714355,sit_stand_sit
1769345881.4197397,-0.504639,-0.665283,-0.541382,23.376472,-6.164553,-22.888191,sit_stand_sit
1769345881.441514,-0.523438,-0.688232,-0.534668,25.024422,-8.300781,-25.878914,sit_stand_sit
1769345881.461728,-0.521484,-0.681152,-0.539917,25.756844,-9.033203,-28.747566,sit_stand_sit
1769345881.4815998,-0.520020,-0.697754,-0.497437,26.306160,-8.300781,-33.752441,sit_stand_sit
1769345881.5025513,-0.480957,-0.706909,-0.482544,27.648933,-6.347658,-37.109375,sit_stand_sit
1769345881.5222943,-0.461548,-0.731812,-0.471069,28.442390,-6.958010,-38.696289,sit_stand_sit
1769345881.5385118,-0.496826,-0.749023,-0.515747,29.663094,-4.638672,-41.625977,sit_stand_sit
1769345881.562133,-0.484253,-0.747192,-0.499023,31.250008,-2.746582,-45.593277,sit_stand_sit
1769345881.5805478,-0.428223,-0.747925,-0.484131,32.592773,-2.563477,-50.109879,sit_stand_sit
1769345881.6016688,-0.431641,-0.794556,-0.448608,34.484863,-0.671387,-52.429214,sit_stand_sit
1769345881.6217005,-0.413208,-0.804321,-0.463135,38.818359,1.403809,-56.152359,sit_stand_sit
1769345881.641111,-0.441162,-0.798584,-0.439819,41.320801,1.159668,-57.189957,sit_stand_sit
1769345881.6621168,-0.448730,-0.795166,-0.402832,42.358398,5.187988,-57.800308,sit_stand_sit
1769345881.6777227,-0.404541,-0.823730,-0.402344,45.043961,10.681152,-56.823746,sit_stand_sit
1769345881.7017856,-0.347534,-0.833984,-0.416748,50.659195,14.587406,-54.199234,sit_stand_sit
1769345881.72015,-0.273193,-0.866943,-0.406982,56.579605,16.845703,-50.659195,sit_stand_sit
1769345881.7410862,-0.234863,-0.877808,-0.361816,63.720718,10.192871,-39.733887,sit_stand_sit
1769345881.7608166,-0.288208,-0.887817,-0.320190,65.917969,8.483887,-32.531738,sit_stand_sit
1769345881.780925,-0.346924,-0.898315,-0.301880,67.749023,11.169437,-27.832039,sit_stand_sit
1769345881.8019772,-0.330566,-0.909912,-0.285278,66.711426,17.517090,-28.503426,sit_stand_sit
1769345881.8220165,-0.232178,-0.955322,-0.269287,62.438980,18.005371,-28.015144,sit_stand_sit
1769345881.8400705,-0.266602,-0.961060,-0.201294,57.922379,14.404301,-29.418953,sit_stand_sit
1769345881.857915,-0.296265,-0.969116,-0.164673,53.649918,16.418457,-32.653809,sit_stand_sit
1769345881.8788774,-0.238892,-0.977661,-0.155151,45.166031,18.005371,-41.015625,sit_stand_sit
1769345881.900277,-0.232422,-0.984619,-0.161987,39.184570,17.944336,-47.851578,sit_stand_sit
1769345881.9211023,-0.200195,-0.987549,-0.153320,34.790039,18.188477,-53.588882,sit_stand_sit
1769345881.942483,-0.193237,-0.994141,-0.161743,32.836914,22.399910,-60.058609,sit_stand_sit
1769345881.9566808,-0.179688,-0.983765,-0.146362,34.667969,23.681648,-66.162109,sit_stand_sit
1769345881.9817023,-0.227905,-0.992432,-0.136963,34.179688,35.034180,-68.054199,sit_stand_sit
1769345881.9982128,-0.157227,-1.014038,-0.180176,32.775879,47.668472,-73.547363,sit_stand_sit
1769345882.0183423,-0.062256,-1.032837,-0.114136,31.005867,51.086441,-76.660156,sit_stand_sit
1769345882.0389473,-0.046265,-1.088379,-0.092773,31.555183,47.851578,-80.627441,sit_stand_sit
1769345882.060222,-0.086060,-1.140503,-0.156738,29.357918,57.495132,-86.303711,sit_stand_sit
1769345882.0815196,-0.050049,-1.154541,-0.241577,30.090340,65.368652,-92.407257,sit_stand_sit
1769345882.101022,0.058472,-1.141235,-0.172607,37.841797,55.908218,-97.290070,sit_stand_sit
1769345882.1226237,0.024536,-1.165649,-0.201538,45.898453,51.208511,-92.468292,sit_stand_sit
1769345882.1427655,0.078369,-1.257935,-0.238770,28.808601,49.804703,-71.105957,sit_stand_sit
1769345882.1604352,0.303101,-1.152100,-0.308594,4.394531,37.475586,-46.142593,sit_stand_sit
1769345882.1827083,0.271973,-1.019775,-0.300049,-4.516602,13.610844,-30.639656,sit_stand_sit
1769345882.2015986,0.286133,-0.916870,-0.257080,-13.549809,10.681152,-30.456551,sit_stand_sit
1769345882.2219176,0.237671,-0.880127,-0.227539,-18.066406,10.498047,-30.456551,sit_stand_sit
1769345882.238993,0.190308,-0.899536,-0.208496,-30.456551,-6.896975,-27.526863,sit_stand_sit
1769345882.262906,0.192871,-0.815674,-0.179932,-44.921890,-22.705086,-14.038090,sit_stand_sit
1769345882.280417,0.092407,-0.762451,-0.014160,-41.015625,-37.719727,-11.169437,sit_stand_sit
1769345882.3009596,0.121216,-0.853394,0.018188,-35.095215,-36.132813,-18.676758,sit_stand_sit
1769345882.3216095,0.212769,-0.862793,0.087769,-28.747566,-38.146973,-4.089355,sit_stand_sit
1769345882.340053,0.252319,-0.858765,0.145996,-26.000984,-38.085938,8.789063,sit_stand_sit
1769345882.3594527,0.316772,-0.867432,0.166382,-20.690918,-40.344238,8.605957,sit_stand_sit
1769345882.3827329,0.422119,-0.897827,0.110107,-18.188477,-50.109879,3.356935,sit_stand_sit
1769345882.5663238,0.547485,-0.893555,0.035645,-16.296387,-82.031250,6.958010,sit_stand_sit
1769345882.5663238,0.530396,-0.915405,-0.047729,-8.056641,-115.295441,11.108402,sit_stand_sit
1769345882.5663238,0.446777,-0.962646,-0.120239,2.136230,-150.756836,14.770512,sit_stand_sit
1769345882.5663238,0.338135,-1.025879,-0.171143,7.995607,-174.743652,23.498543,sit_stand_sit
1769345882.5663238,0.310059,-1.069580,-0.130493,-3.906251,-157.104492,35.400391,sit_stand_sit
1769345882.5663238,0.296875,-0.926636,-0.126953,-6.042482,-112.243683,47.058121,sit_stand_sit
1769345882.5663238,0.210327,-0.898682,-0.136841,4.882813,-69.885254,43.518066,sit_stand_sit
1769345882.5663238,0.079102,-1.044067,-0.114990,9.094238,-28.686531,26.611336,sit_stand_sit
1769345882.7713013,0.096680,-1.052856,-0.122925,3.173829,-24.230965,16.662598,sit_stand_sit
1769345882.7713013,0.263184,-1.010986,-0.134521,-1.159668,-25.268562,19.836426,sit_stand_sit
1769345882.7713013,0.354126,-0.889526,-0.184326,0.427246,-34.057617,19.348145,sit_stand_sit
1769345882.7713013,0.234131,-0.859131,-0.211182,9.155273,-42.358398,13.000492,sit_stand_sit
1769345882.7713013,0.075073,-0.926147,-0.193604,11.169437,-35.949707,6.103518,sit_stand_sit
1769345882.7713013,0.040649,-0.952881,-0.172607,6.835939,-18.859863,2.807618,sit_stand_sit
1769345882.7713013,0.092896,-0.934082,-0.173218,3.967286,-15.014652,-2.441406,sit_stand_sit
1769345882.7713013,0.086548,-0.963623,-0.179077,3.967286,-13.183598,-7.873537,sit_stand_sit
1769345882.7713013,0.073730,-1.013916,-0.176147,2.136230,-12.268070,-9.826660,sit_stand_sit
1769345882.7713013,0.075317,-1.013062,-0.178833,-1.892090,-13.427738,-11.169437,sit_stand_sit
1769345882.7713013,0.089355,-0.994751,-0.190063,-3.662110,-16.479492,-10.070801,sit_stand_sit
1769345882.7782435,0.106812,-0.974243,-0.199585,-4.211426,-18.249512,-8.666992,sit_stand_sit
1769345882.8033116,0.080566,-0.963135,-0.217773,-3.967286,-19.653320,-5.554201,sit_stand_sit
1769345882.8231006,0.072388,-0.955688,-0.221191,-4.028320,-18.188477,-2.746582,sit_stand_sit
1769345882.8371542,0.062866,-0.959351,-0.216187,-3.723145,-13.854984,-1.892090,sit_stand_sit
1769345882.863295,0.045898,-0.958496,-0.229370,-3.540040,-8.056641,-2.075195,sit_stand_sit
1769345882.87888,0.036621,-0.961792,-0.241211,-3.906251,-1.403809,-1.525879,sit_stand_sit
1769345882.9016976,0.046997,-0.961670,-0.244629,-4.028320,4.150391,-1.220703,sit_stand_sit
1769345882.9208899,0.048584,-0.971313,-0.248047,-3.723145,6.774904,-1.892090,sit_stand_sit
1769345882.9410205,0.050903,-0.994751,-0.248535,-4.333496,6.835939,-1.647950,sit_stand_sit
1769345882.9626362,0.065796,-1.006104,-0.238525,-5.920412,3.967286,-1.464844,sit_stand_sit
1769345882.9880433,0.068604,-0.994263,-0.231323,-6.958010,0.915528,-0.610352,sit_stand_sit
1769345883.019995,0.077515,-0.986938,-0.224121,-7.385256,-0.671387,0.000000,sit_stand_sit
1769345883.0209587,0.065674,-0.985840,-0.223511,-7.141115,-1.831055,0.427246,sit_stand_sit
1769345883.0406358,0.069214,-0.980103,-0.223389,-7.385256,-3.173829,1.586915,sit_stand_sit
1769345883.0575433,0.079956,-0.971924,-0.218506,-5.676271,-5.432129,3.540040,sit_stand_sit
1769345883.0806308,0.057617,-0.983154,-0.222534,-4.089355,-4.516602,3.845216,sit_stand_sit
1769345883.1013818,0.049805,-0.993408,-0.224854,-3.662110,-1.098633,5.249023,sit_stand_sit
1769345883.1213107,0.057983,-0.989746,-0.220703,-2.990724,1.342773,6.896975,sit_stand_sit
1769345883.1420348,0.069214,-0.987305,-0.218384,-2.075195,2.929688,7.629396,sit_stand_sit
1769345883.157485,0.075439,-0.984009,-0.220093,-1.342773,4.150391,8.789063,sit_stand_sit
1769345883.1782737,0.076416,-0.983643,-0.224487,-0.488281,4.028320,9.460449,sit_stand_sit
1769345883.2016976,0.083374,-0.984253,-0.225952,-0.793457,2.990724,9.277344,sit_stand_sit
1769345883.219189,0.086426,-0.979858,-0.229126,-0.793457,2.014160,9.338379,sit_stand_sit
1769345883.2365055,0.083984,-0.978760,-0.232910,-0.427246,0.732422,8.361816,sit_stand_sit
1769345883.2587514,0.077271,-0.981812,-0.236206,-0.244141,-0.366211,7.324221,sit_stand_sit
1769345883.280638,0.075195,-0.981201,-0.235474,-0.549316,-0.610352,7.080080,sit_stand_sit
1769345883.2971318,0.077148,-0.975098,-0.236450,-0.488281,-0.366211,6.652834,sit_stand_sit
1769345883.316599,0.068848,-0.970459,-0.241577,0.061035,0.915528,5.676271,sit_stand_sit
1769345883.3382146,0.057739,-0.969971,-0.244995,-0.366211,2.563477,5.004883,sit_stand_sit
1769345883.3603783,0.059082,-0.970093,-0.245483,-0.610352,4.394531,4.455566,sit_stand_sit
1769345883.3777554,0.062866,-0.969238,-0.247314,-0.610352,5.187988,3.845216,sit_stand_sit
1769345883.4019842,0.060913,-0.975952,-0.247559,-0.427246,3.784181,2.746582,sit_stand_sit
1769345883.4200888,0.062500,-0.976318,-0.248779,-0.793457,1.403809,1.831055,sit_stand_sit
1769345883.4406881,0.058472,-0.972900,-0.250977,-0.793457,-1.403809,1.403809,sit_stand_sit
1769345883.4563074,0.039551,-0.979492,-0.249756,-0.732422,-4.028320,0.122070,sit_stand_sit
1769345883.4812832,0.040894,-0.982178,-0.245972,-0.854492,-5.554201,0.061035,sit_stand_sit
1769345883.502538,0.034180,-0.982544,-0.244873,-1.159668,-6.896975,0.427246,sit_stand_sit
1769345883.5208147,0.024048,-0.973877,-0.250244,-1.708985,-6.103518,1.770020,sit_stand_sit
1769345883.5430758,0.014160,-0.969360,-0.253052,-1.098633,-4.028320,2.929688,sit_stand_sit
1769345883.5616908,0.021240,-0.974365,-0.250610,-0.854492,-0.915528,2.868653,sit_stand_sit
1769345883.5788102,0.026978,-0.979370,-0.250488,-1.159668,0.671387,3.173829,sit_stand_sit
1769345883.6015692,0.046265,-0.967651,-0.255859,-2.014160,-0.122070,4.028320,sit_stand_sit
1769345883.6217508,0.048340,-0.970337,-0.252808,-1.647950,-1.892090,3.356935,sit_stand_sit
1769345883.6425707,0.046021,-0.977173,-0.249512,-1.892090,-2.502441,2.807618,sit_stand_sit
1769345883.6579642,0.045654,-0.975586,-0.250000,-2.624512,-2.685547,2.807618,sit_stand_sit
1769345883.67805,0.046631,-0.965454,-0.250366,-2.868653,-3.051759,2.502441,sit_stand_sit
1769345883.6996858,0.044067,-0.962036,-0.246460,-2.502441,-2.929688,1.647950,sit_stand_sit
1769345883.7184315,0.033691,-0.967773,-0.244263,-2.136230,-0.854492,0.549316,sit_stand_sit
1769345883.7418318,0.037109,-0.971191,-0.245850,-2.502441,0.122070,-0.427246,sit_stand_sit
1769345883.7625728,0.041382,-0.963745,-0.246582,-2.441406,-0.183106,-0.610352,sit_stand_sit
1769345883.781221,0.046509,-0.975952,-0.239014,-1.525879,-0.549316,-2.197266,sit_stand_sit
1769345883.8053024,0.041138,-0.980225,-0.237183,-2.319336,-0.244141,-2.319336,sit_stand_sit
1769345883.8219569,0.037842,-0.964478,-0.239746,-2.868653,1.159668,-1.342773,sit_stand_sit
1769345883.8430097,0.042969,-0.957397,-0.241089,-1.586915,3.479005,-2.075195,sit_stand_sit
1769345883.8612432,0.054321,-0.996948,-0.232422,-0.488281,7.507326,-3.173829,sit_stand_sit
1769345883.878845,0.056885,-0.993774,-0.230835,-1.892090,10.253906,-1.586915,sit_stand_sit
1769345883.8981454,0.062866,-0.978149,-0.229004,-1.953125,15.380863,-0.854492,sit_stand_sit
1769345883.9212122,0.058350,-0.983276,-0.220825,-0.854492,23.559578,-1.403809,sit_stand_sit
1769345883.9420865,0.067749,-0.994629,-0.205078,-0.488281,34.423828,-1.525879,sit_stand_sit
1769345883.9617188,0.093018,-0.984863,-0.206665,0.122070,43.945313,-1.220703,sit_stand_sit
1769345883.9837632,0.120728,-0.982178,-0.198975,2.929688,55.419937,-2.197266,sit_stand_sit
1769345883.9984565,0.148071,-0.990234,-0.200195,3.234864,63.659683,-2.319336,sit_stand_sit
1769345884.0179584,0.164673,-0.981812,-0.199829,4.211426,70.434570,-1.647950,sit_stand_sit
1769345884.037698,0.160400,-0.977905,-0.176758,6.286623,72.509766,-0.732422,sit_stand_sit
1769345884.060228,0.170288,-0.977417,-0.154907,8.605957,71.655273,0.488281,sit_stand_sit
1769345884.0785453,0.184692,-0.971313,-0.140869,10.437012,71.472168,1.342773,sit_stand_sit
1769345884.1020315,0.171631,-0.956665,-0.128662,13.610844,70.312500,2.929688,sit_stand_sit
1769345884.1230268,0.112305,-0.954834,-0.133301,18.615723,66.223145,4.943848,sit_stand_sit
1769345884.1429994,0.104614,-0.942261,-0.107666,21.301270,59.814468,7.507326,sit_stand_sit
1769345884.1624997,0.119385,-0.914063,-0.083008,23.071297,51.269547,12.939457,sit_stand_sit
1769345884.1810431,0.057617,-0.933960,-0.121582,23.193367,51.086441,12.329105,sit_stand_sit
1769345884.1970599,0.212769,-0.832886,-0.062012,28.686531,41.748047,5.615236,sit_stand_sit
1769345884.221395,0.212769,-0.864014,0.009277,35.644531,17.211914,9.338379,sit_stand_sit
1769345884.242212,0.033691,-0.883301,-0.052612,26.733406,34.545898,4.394531,sit_stand_sit
1769345884.262901,0.129028,-0.829102,-0.101807,29.052742,76.232910,1.281738,sit_stand_sit
1769345884.2820039,0.133545,-0.885742,-0.149780,23.498543,87.280273,1.892090,sit_stand_sit
1769345884.2969546,0.145386,-0.894043,-0.301392,13.732914,94.482452,0.366211,sit_stand_sit
1769345884.321755,0.196167,-0.853149,-0.333008,12.023930,78.796387,-1.647950,sit_stand_sit
1769345884.3422365,0.178589,-0.844727,-0.309448,12.573246,63.964859,-2.624512,sit_stand_sit
1769345884.3605032,0.150635,-0.852295,-0.303345,11.352543,50.842300,-1.892090,sit_stand_sit
1769345884.3817344,-0.030762,-0.861084,-0.264771,0.366211,50.842300,7.202150,sit_stand_sit
1769345884.4004817,0.115967,-0.854370,-0.276855,-3.112794,36.987305,25.451668,sit_stand_sit
1769345884.4204104,0.030273,-1.095337,-0.191162,-15.563969,3.112794,45.898453,sit_stand_sit
1769345884.4394424,-0.540649,-2.052734,-0.030396,-39.550781,-48.217789,80.139160,sit_stand_sit
1769345884.4600155,0.036255,-1.711060,-0.513306,-47.119156,-18.310547,42.968750,sit_stand_sit
1769345884.4768765,0.658081,-0.984009,-0.267822,-19.836426,-39.428711,59.204117,sit_stand_sit
1769345884.5002706,-0.133545,-0.908691,-0.197266,-18.554688,-29.113777,67.199707,sit_stand_sit
1769345884.5179121,-0.178711,-0.910278,-0.196411,-14.343266,12.512211,41.442871,sit_stand_sit
1769345884.5393481,-0.062622,-1.018066,-0.054810,-9.948730,-16.479492,40.710449,sit_stand_sit
1769345884.5602317,-0.118652,-0.992676,-0.156494,-5.310059,-25.573738,43.090820,sit_stand_sit
1769345884.5816898,0.069580,-1.015259,-0.198853,-7.934572,-9.765625,41.320801,sit_stand_sit
1769345884.600763,0.024536,-1.009888,-0.218628,-10.192871,-14.038090,52.124039,sit_stand_sit
1769345884.6214838,-0.146362,-0.964355,-0.072632,-11.352543,-21.850586,56.457535,sit_stand_sit
1769345884.642072,-0.216309,-0.971802,-0.161011,-12.573246,-12.451176,50.964371,sit_stand_sit
1769345884.656201,-0.168823,-0.991455,-0.230835,-13.977055,-16.296387,49.316422,sit_stand_sit
1769345884.6824455,-0.182495,-0.957153,-0.183716,-17.883301,-20.996094,51.208511,sit_stand_sit
1769345884.6983948,-0.203857,-0.987305,-0.100342,-21.789551,-17.089844,50.720230,sit_stand_sit
1769345884.720958,-0.340698,-0.961304,-0.211792,-22.583015,-12.512211,52.307144,sit_stand_sit
1769345884.7393188,-0.393066,-0.934204,-0.188354,-24.902351,-6.835939,47.729507,sit_stand_sit
1769345884.762062,-0.255981,-0.957397,-0.175537,-31.311043,-0.488281,43.334961,sit_stand_sit
1769345884.7814894,-0.282104,-0.948120,-0.197510,-38.818359,-4.089355,49.865738,sit_stand_sit
1769345884.8012385,-0.379517,-0.931641,-0.233643,-41.137695,1.708985,51.757828,sit_stand_sit
1769345884.8216841,-0.347534,-0.923584,-0.264404,-46.081558,5.126953,51.452652,sit_stand_sit
1769345884.8425179,-0.344360,-0.895508,-0.283081,-49.621597,5.798342,49.682632,sit_stand_sit
1769345884.8608813,-0.387451,-0.884521,-0.259277,-52.001968,0.732422,42.785645,sit_stand_sit
1769345884.8783467,-0.368774,-0.878174,-0.246460,-52.307144,-8.544922,33.691406,sit_stand_sit
1769345884.902421,-0.370239,-0.885376,-0.292847,-52.673355,-11.230473,24.963387,sit_stand_sit
1769345884.9206538,-0.296631,-0.885498,-0.322876,-52.612320,-22.644051,21.423340,sit_stand_sit
1769345884.9360538,-0.331421,-0.876587,-0.330444,-50.720230,-29.479988,22.155769,sit_stand_sit
1769345884.9604783,-0.404053,-0.859863,-0.341675,-49.377457,-26.794441,24.292000,sit_stand_sit
1769345884.9816334,-0.428589,-0.831055,-0.365967,-49.438492,-20.996094,29.602058,sit_stand_sit
1769345885.0001876,-0.446289,-0.799194,-0.392334,-48.950211,-18.554688,32.226563,sit_stand_sit
1769345885.0208976,-0.438232,-0.781738,-0.390991,-49.743668,-19.165039,32.531738,sit_stand_sit
1769345885.0405617,-0.465942,-0.786743,-0.404663,-51.330582,-22.583015,32.897949,sit_stand_sit
1769345885.0595117,-0.458984,-0.783569,-0.407349,-52.978531,-24.047859,32.348633,sit_stand_sit
1769345885.0838249,-0.473511,-0.775146,-0.422119,-54.260269,-24.841316,30.761726,sit_stand_sit
1769345885.099468,-0.482910,-0.766235,-0.435303,-54.687515,-25.207527,28.686531,sit_stand_sit
1769345885.1232774,-0.513062,-0.744995,-0.443115,-55.664078,-22.827156,26.550301,sit_stand_sit
1769345885.1424613,-0.538452,-0.717407,-0.462280,-55.847183,-19.775391,25.146492,sit_stand_sit
1769345885.1615844,-0.540649,-0.693970,-0.477783,-55.664078,-18.005371,22.521980,sit_stand_sit
1769345885.1800663,-0.557861,-0.664429,-0.514404,-56.823746,-18.432617,19.714355,sit_stand_sit
1769345885.198752,-0.571045,-0.652344,-0.509644,-56.823746,-14.709476,18.432617,sit_stand_sit
1769345885.218833,-0.560059,-0.642700,-0.530762,-55.847183,-11.962894,17.272949,sit_stand_sit
1769345885.2391129,-0.589111,-0.620850,-0.542236,-56.457535,-9.216309,17.028809,sit_stand_sit
1769345885.2607918,-0.600342,-0.607300,-0.556519,-55.053726,-4.577637,14.282230,sit_stand_sit
1769345885.2810113,-0.560059,-0.593384,-0.574219,-53.466812,-2.990724,11.718754,sit_stand_sit
1769345885.3025064,-0.600342,-0.547852,-0.594849,-52.490250,-12.817387,8.728027,sit_stand_sit
1769345885.3216453,-0.601318,-0.531250,-0.565674,-47.912613,-17.578125,5.737307,sit_stand_sit
1769345885.3400795,-0.613647,-0.554077,-0.563721,-44.677750,-19.226074,3.906251,sit_stand_sit
1769345885.3601303,-0.610718,-0.564331,-0.592041,-41.015625,-11.535648,0.183106,sit_stand_sit
1769345885.3810642,-0.562256,-0.575073,-0.622192,-36.560059,-6.530764,-3.356935,sit_stand_sit
1769345885.3998,-0.571167,-0.583252,-0.610229,-33.386230,-3.967286,-3.601075,sit_stand_sit
1769345885.4204485,-0.587280,-0.539185,-0.614136,-29.968269,-3.295899,-1.342773,sit_stand_sit
1769345885.4414327,-0.599731,-0.483765,-0.638550,-23.132332,-3.051759,-2.075195,sit_stand_sit
1769345885.4613128,-0.595459,-0.481201,-0.647217,-17.822266,0.427246,-3.601075,sit_stand_sit
1769345885.481461,-0.585693,-0.496948,-0.639648,-12.817387,2.319336,-2.990724,sit_stand_sit
1769345885.5017712,-0.584839,-0.490356,-0.655884,-9.155273,1.586915,-1.342773,sit_stand_sit
1769345885.5174155,-0.574829,-0.492676,-0.641357,-2.807618,-1.831055,-1.403809,sit_stand_sit
1769345885.5418947,-0.604370,-0.511719,-0.642944,-0.122070,-0.854492,0.427246,sit_stand_sit
1769345885.5613482,-0.588013,-0.512817,-0.638672,4.150391,2.563477,0.854492,sit_stand_sit
1769345885.5796077,-0.567261,-0.536011,-0.632690,7.507326,2.685547,2.990724,sit_stand_sit
1769345885.596414,-0.593750,-0.511475,-0.632202,8.605957,2.563477,3.356935,sit_stand_sit
1769345885.6205432,-0.591309,-0.516113,-0.630859,9.338379,3.906251,2.685547,sit_stand_sit
1769345885.6423213,-0.585327,-0.524780,-0.626465,9.277344,4.089355,2.319336,sit_stand_sit
1769345885.66151,-0.585083,-0.534302,-0.620483,8.544922,3.356935,1.708985,sit_stand_sit
1769345885.6807501,-0.593262,-0.535767,-0.617798,7.568361,2.990724,1.281738,sit_stand_sit
1769345885.6991348,-0.588135,-0.525879,-0.622925,7.141115,5.065918,0.610352,sit_stand_sit
1769345885.722221,-0.579102,-0.528809,-0.630127,7.385256,4.516602,-0.305176,sit_stand_sit
1769345885.739812,-0.575562,-0.536377,-0.626709,7.019045,3.234864,-0.671387,sit_stand_sit
1769345885.7612936,-0.578735,-0.533936,-0.624878,6.896975,1.953125,-0.671387,sit_stand_sit
1769345885.7806087,-0.587646,-0.531250,-0.625000,7.202150,2.014160,-1.037598,sit_stand_sit
1769345885.806254,-0.586182,-0.530884,-0.623169,7.812502,2.807618,-1.647950,sit_stand_sit
1769345885.8230295,-0.584839,-0.538208,-0.619385,8.422852,3.356935,-2.136230,sit_stand_sit
1769345885.8764262,-0.575073,-0.541504,-0.618164,9.033203,3.540040,-2.990724,sit_stand_sit
1769345885.8834348,-0.572998,-0.547241,-0.618042,9.155273,2.502441,-3.845216,sit_stand_sit
1769345885.8834348,-0.580322,-0.547974,-0.614258,9.155273,2.014160,-4.455566,sit_stand_sit
1769345885.898723,-0.579346,-0.548462,-0.613037,9.216309,2.136230,-5.187988,sit_stand_sit
1769345885.9183195,-0.573730,-0.553101,-0.614868,9.887695,2.136230,-6.042482,sit_stand_sit
1769345885.9360895,-0.571167,-0.557983,-0.613403,10.314941,2.136230,-6.835939,sit_stand_sit
1769345885.963659,-0.565674,-0.566040,-0.604126,11.413578,1.281738,-7.934572,sit_stand_sit
1769345885.9787834,-0.569824,-0.560303,-0.607544,11.962894,1.892090,-8.300781,sit_stand_sit
1769345886.000767,-0.562744,-0.562378,-0.605835,13.427738,1.647950,-9.460449,sit_stand_sit
1769345886.0178585,-0.565063,-0.574707,-0.601318,14.953617,2.014160,-10.131836,sit_stand_sit
1769345886.043754,-0.556396,-0.576660,-0.599854,17.211914,2.685547,-10.803223,sit_stand_sit
1769345886.0614076,-0.556274,-0.578735,-0.601929,19.775391,2.624512,-11.840824,sit_stand_sit
1769345886.082786,-0.547729,-0.585571,-0.602051,22.460945,2.319336,-13.061527,sit_stand_sit
1769345886.1084585,-0.545044,-0.594360,-0.590576,25.939949,2.197266,-13.793949,sit_stand_sit
1769345886.133331,-0.546387,-0.599243,-0.580811,28.686531,2.807618,-15.075687,sit_stand_sit
1769345886.146228,-0.549683,-0.610596,-0.577271,31.433113,4.455566,-16.479492,sit_stand_sit
1769345886.1613555,-0.534180,-0.633545,-0.566406,33.935547,5.737307,-18.432617,sit_stand_sit
1769345886.177172,-0.521240,-0.639160,-0.560547,36.010742,5.615236,-20.080566,sit_stand_sit
1769345886.202631,-0.512573,-0.645630,-0.561401,37.902832,2.685547,-22.949226,sit_stand_sit
1769345886.218639,-0.538208,-0.666382,-0.528564,40.405273,4.333496,-26.672371,sit_stand_sit
1769345886.239976,-0.504883,-0.684570,-0.527222,43.273926,6.408693,-28.686531,sit_stand_sit
1769345886.262405,-0.501953,-0.691162,-0.502075,46.203629,7.751467,-30.700691,sit_stand_sit
1769345886.2811143,-0.510986,-0.702515,-0.513306,49.377457,13.305668,-32.226563,sit_stand_sit
1769345886.300783,-0.478394,-0.719727,-0.520142,53.344742,19.042969,-32.775879,sit_stand_sit
1769345886.3190272,-0.437134,-0.740479,-0.489258,56.335464,19.958496,-32.470703,sit_stand_sit
1769345886.3422563,-0.459229,-0.759399,-0.482178,57.556168,19.775391,-31.982430,sit_stand_sit
1769345886.3639185,-0.434570,-0.784912,-0.458374,58.288589,17.517090,-35.827637,sit_stand_sit
1769345886.3810773,-0.423218,-0.801636,-0.426758,57.250992,12.268070,-38.391113,sit_stand_sit
1769345886.3989992,-0.415283,-0.822998,-0.397461,55.786148,8.056641,-41.015625,sit_stand_sit
1769345886.418159,-0.408203,-0.840088,-0.386108,54.626480,4.516602,-43.884277,sit_stand_sit
1769345886.440664,-0.392700,-0.842896,-0.377808,52.734390,5.432129,-47.851578,sit_stand_sit
1769345886.4605794,-0.350220,-0.858398,-0.359131,50.903336,3.112794,-49.621597,sit_stand_sit
1769345886.4809952,-0.333008,-0.874756,-0.339111,49.316422,0.061035,-49.499527,sit_stand_sit
1769345886.501435,-0.326172,-0.882690,-0.340820,49.987808,1.892090,-48.522964,sit_stand_sit
1769345886.5184689,-0.298096,-0.885620,-0.335205,52.001968,5.432129,-47.607437,sit_stand_sit
1769345886.541589,-0.293579,-0.899658,-0.316650,55.114761,11.169437,-46.508804,sit_stand_sit
1769345886.5587401,-0.383667,-0.908813,-0.328491,60.363785,31.127937,-49.011246,sit_stand_sit
1769345886.5845685,-0.369507,-0.886719,-0.292847,65.490723,46.508804,-52.734390,sit_stand_sit
1769345886.6012833,-0.305176,-0.909058,-0.269531,68.176270,49.133316,-54.687515,sit_stand_sit
1769345886.6221757,-0.131958,-0.965088,-0.202515,67.810059,43.273926,-50.231949,sit_stand_sit
1769345886.6411986,-0.127808,-0.981689,-0.184937,66.467285,36.254883,-44.555679,sit_stand_sit
1769345886.6614242,-0.172607,-0.977173,-0.152222,66.162109,32.287598,-42.175293,sit_stand_sit
1769345886.677005,-0.147095,-0.986816,-0.092529,63.720718,30.029305,-42.724609,sit_stand_sit
1769345886.6977706,-0.115601,-0.999268,-0.085938,58.044449,27.954109,-43.029785,sit_stand_sit
1769345886.718562,-0.120728,-1.005493,-0.082153,53.161636,24.719246,-45.043961,sit_stand_sit
1769345886.7417479,-0.118896,-1.011230,-0.047729,47.546402,20.141602,-47.668472,sit_stand_sit
1769345886.7600014,-0.081543,-1.011597,-0.057129,39.916992,10.559082,-52.795425,sit_stand_sit
1769345886.7762876,-0.046997,-1.032593,-0.037231,37.231445,5.371094,-54.931656,sit_stand_sit
1769345886.8014958,-0.029663,-1.045410,-0.042847,31.433113,7.751467,-56.945816,sit_stand_sit
1769345886.8220086,-0.100830,-1.033691,-0.131348,26.123055,18.798828,-61.462418,sit_stand_sit
1769345886.8420594,-0.106812,-1.098389,-0.150269,28.625496,18.493652,-67.321777,sit_stand_sit
1769345886.8627734,-0.090210,-1.091309,-0.216553,23.010262,28.869637,-72.448730,sit_stand_sit
1769345886.8800523,-0.099854,-1.165405,-0.135742,21.423340,27.099617,-75.988770,sit_stand_sit
1769345886.9017587,-0.047729,-1.378052,-0.161377,11.108402,7.141115,-69.763184,sit_stand_sit
1769345886.9208484,-0.065063,-1.368774,-0.333618,-3.601075,-39.367676,-58.837906,sit_stand_sit
1769345886.9417331,0.092773,-1.220581,-0.319092,-11.535648,-85.937500,-47.363297,sit_stand_sit
1769345886.9614666,0.247314,-1.088013,-0.299316,-24.414070,-102.966339,-42.541504,sit_stand_sit
1769345886.981245,0.242310,-0.940063,-0.139404,-30.273445,-92.224152,-40.466309,sit_stand_sit
1769345887.0018144,0.119873,-0.859985,0.026611,-27.832039,-76.782227,-25.085457,sit_stand_sit
1769345887.019687,0.191284,-0.892578,0.122559,-19.775391,-52.490250,-3.417970,sit_stand_sit
1769345887.0394049,0.189209,-0.878662,0.056030,-23.193367,-33.447266,5.310059,sit_stand_sit
1769345887.0586374,0.291870,-0.863403,0.052856,-26.184090,-17.272949,11.230473,sit_stand_sit
1769345887.077986,0.414551,-0.836182,0.005127,-25.329597,-23.620613,14.099125,sit_stand_sit
1769345887.1017158,0.413818,-0.837769,-0.026733,-24.658211,-53.588882,15.014652,sit_stand_sit
1769345887.1202307,0.370239,-0.817017,-0.061279,-24.902351,-80.322266,19.348145,sit_stand_sit
1769345887.139371,0.291626,-0.798584,-0.090454,-21.179199,-98.754913,23.742683,sit_stand_sit
1769345887.1618576,0.243896,-0.818237,-0.095459,-11.535648,-103.027374,24.047859,sit_stand_sit
1769345887.1826682,0.241943,-0.845215,-0.095581,-5.798342,-99.243195,19.409180,sit_stand_sit
1769345887.2016745,0.206543,-0.867798,-0.091187,-0.610352,-93.139679,13.732914,sit_stand_sit
1769345887.2215738,0.138794,-0.900513,-0.088867,6.103518,-83.251953,2.319336,sit_stand_sit
1769345887.239167,0.144043,-0.999023,-0.058350,6.225588,-75.927734,-1.281738,sit_stand_sit
1769345887.2609801,0.194092,-1.003540,-0.040039,1.342773,-74.645996,-2.807618,sit_stand_sit
1769345887.2774575,0.205933,-0.979126,-0.078857,4.821777,-76.904297,0.976563,sit_stand_sit
1769345887.301376,0.154541,-1.003662,-0.089478,9.887695,-70.739746,-2.380371,sit_stand_sit
1769345887.3209283,0.155884,-1.037964,-0.094360,9.338379,-60.058609,-0.854492,sit_stand_sit
1769345887.3381245,0.164673,-1.002808,-0.115356,4.943848,-51.635757,-0.549316,sit_stand_sit
1769345887.360122,0.130371,-0.977905,-0.122559,5.004883,-40.527344,4.516602,sit_stand_sit
1769345887.3780894,0.090332,-0.987061,-0.117554,4.882813,-26.245125,4.394531,sit_stand_sit
1769345887.4028835,0.097900,-0.979858,-0.127319,3.051759,-12.512211,1.953125,sit_stand_sit
1769345887.421261,0.106689,-0.987183,-0.167358,2.807618,6.958010,1.220703,sit_stand_sit
1769345887.4415958,0.099243,-1.005981,-0.177246,1.831055,15.625004,-1.342773,sit_stand_sit
1769345887.4621384,0.102539,-1.005249,-0.175415,-0.488281,18.554688,-2.685547,sit_stand_sit
1769345887.4821417,0.112061,-0.991699,-0.173950,-1.342773,17.333984,-3.417970,sit_stand_sit
1769345887.5016487,0.110718,-0.986328,-0.180542,-0.427246,14.709476,-3.356935,sit_stand_sit
1769345887.5215096,0.094604,-0.990356,-0.185791,-0.122070,13.244633,-1.281738,sit_stand_sit
1769345887.539202,0.075806,-0.982422,-0.178589,-0.305176,12.390141,0.610352,sit_stand_sit
1769345887.5587828,0.076660,-0.996094,-0.170166,-0.732422,9.826660,2.136230,sit_stand_sit
1769345887.581776,0.084351,-1.000244,-0.155029,-2.380371,5.798342,4.211426,sit_stand_sit
1769345887.5994499,0.107788,-0.995605,-0.139526,-3.356935,1.037598,5.187988,sit_stand_sit
1769345887.621552,0.097046,-0.996216,-0.141846,-4.089355,-3.234864,5.004883,sit_stand_sit
1769345887.6414824,0.072021,-1.002686,-0.143311,-4.699707,-5.920412,4.638672,sit_stand_sit
1769345887.6604433,0.088867,-1.006470,-0.136841,-5.493164,-8.239746,5.126953,sit_stand_sit
1769345887.678183,0.094482,-0.984619,-0.150757,-5.554201,-13.000492,5.798342,sit_stand_sit
1769345887.698294,0.076416,-0.984009,-0.158081,-3.906251,-14.465336,6.347658,sit_stand_sit
1769345887.721778,0.064941,-1.000732,-0.156860,-2.807618,-14.587406,6.347658,sit_stand_sit
1769345887.739297,0.062622,-1.009155,-0.156494,-2.685547,-14.587406,7.080080,sit_stand_sit
1769345887.7614822,0.059326,-1.013184,-0.154541,-2.685547,-15.075687,8.850098,sit_stand_sit
1769345887.7800872,0.057739,-1.008179,-0.151123,-3.173829,-15.686039,10.559082,sit_stand_sit
1769345887.8017743,0.064575,-0.992920,-0.154663,-3.601075,-14.587406,12.023930,sit_stand_sit
1769345887.8218906,0.016602,-0.959961,-0.171753,2.990724,-7.507326,0.427246,sit_stand_sit
1769345887.8422105,0.062134,-1.012573,-0.160522,-0.122070,-5.676271,3.417970,sit_stand_sit
1769345887.8618016,0.057251,-0.978027,-0.162109,-4.089355,-6.042482,5.859377,sit_stand_sit
1769345887.8789296,0.051880,-0.956299,-0.166016,-2.929688,-4.821777,5.432129,sit_stand_sit
1769345887.8994584,0.048584,-0.976563,-0.168335,-1.708985,-3.784181,2.502441,sit_stand_sit
1769345887.9205294,0.047852,-0.997192,-0.162720,-2.502441,-3.356935,2.929688,sit_stand_sit
1769345887.9404,0.035645,-0.979126,-0.162231,-3.417970,-2.685547,4.150391,sit_stand_sit
1769345887.9605901,0.036377,-0.989624,-0.163818,-1.892090,-2.868653,4.211426,sit_stand_sit
1769345887.9821086,0.038696,-1.003540,-0.163452,-1.708985,-2.136230,6.347658,sit_stand_sit
1769345888.002512,0.039429,-0.984131,-0.168945,-1.464844,-2.990724,5.249023,sit_stand_sit
1769345888.0210278,0.015381,-0.978027,-0.171631,0.427246,-2.807618,3.234864,sit_stand_sit
1769345888.0394921,0.013916,-0.988647,-0.172485,0.915528,-0.915528,4.028320,sit_stand_sit
1769345888.0588138,0.016846,-0.989746,-0.174194,0.549316,-0.549316,4.760742,sit_stand_sit
1769345888.0779493,0.012085,-0.982300,-0.175415,0.488281,0.061035,5.615236,sit_stand_sit
1769345888.0989676,0.016724,-0.982422,-0.182495,0.427246,0.671387,5.432129,sit_stand_sit
1769345888.1220393,0.012939,-0.986206,-0.185303,0.488281,0.366211,5.310059,sit_stand_sit
1769345888.14061,0.017700,-0.991577,-0.185181,-0.549316,-0.122070,4.943848,sit_stand_sit
1769345888.1579466,0.021973,-0.981812,-0.190918,-1.037598,-1.281738,5.249023,sit_stand_sit
1769345888.1818612,0.013794,-0.982910,-0.190552,-0.793457,-2.319336,5.187988,sit_stand_sit
1769345888.1975424,0.013062,-0.986938,-0.190674,-1.220703,-2.563477,5.310059,sit_stand_sit
1769345888.2206373,0.006226,-0.983765,-0.195679,-1.281738,-2.685547,5.493164,sit_stand_sit
1769345888.241937,0.001953,-0.985474,-0.195679,-1.037598,-2.197266,5.187988,sit_stand_sit
1769345888.258434,0.005493,-0.983521,-0.192627,-1.098633,-1.281738,5.065918,sit_stand_sit
1769345888.281031,0.008545,-0.969360,-0.194946,-1.525879,-1.098633,4.577637,sit_stand_sit
1769345888.3013427,0.003174,-0.952026,-0.198975,-1.770020,-1.464844,4.272461,sit_stand_sit
1769345888.3213205,0.001587,-0.929443,-0.199707,-1.586915,-0.854492,4.211426,sit_stand_sit
1769345888.341585,-0.002075,-0.899292,-0.202881,-3.601075,-1.281738,5.126953,sit_stand_sit
1769345888.3602486,-0.017456,-0.874390,-0.207520,-3.601075,-0.610352,6.042482,sit_stand_sit
1769345888.3792703,-0.037354,-0.851440,-0.218018,-4.821777,1.770020,6.530764,sit_stand_sit
1769345888.3982837,-0.054443,-0.822754,-0.226196,-6.652834,5.004883,7.141115,sit_stand_sit
1769345888.4219024,-0.062012,-0.779053,-0.232056,-9.765625,8.178711,9.216309,sit_stand_sit
1769345888.4415948,-0.071411,-0.731323,-0.241455,-11.535648,9.887695,11.596684,sit_stand_sit
1769345888.4613044,-0.082153,-0.721436,-0.239746,-10.986328,10.925293,10.681152,sit_stand_sit
1769345888.4766212,-0.038086,-0.798950,-0.193237,-10.742188,10.375977,4.760742,sit_stand_sit
1769345888.5001147,0.003418,-0.844360,-0.174194,-12.451176,2.075195,3.173829,sit_stand_sit
1769345888.5167155,-0.001709,-0.887207,-0.160767,-16.662598,-9.338379,1.647950,sit_stand_sit
1769345888.5396147,-0.002930,-0.888428,-0.138184,-19.165039,-18.127441,2.258301,sit_stand_sit
1769345888.5596826,-0.004395,-0.893311,-0.108154,-17.761230,-24.475105,3.540040,sit_stand_sit
1769345888.5791228,-0.019531,-0.913330,-0.102173,-14.282230,-25.939949,4.943848,sit_stand_sit
1769345888.6007605,-0.038940,-0.923950,-0.160645,-9.704590,-20.812988,8.422852,sit_stand_sit
1769345888.6196418,-0.025513,-0.912720,-0.203003,-7.263186,-14.770512,10.925293,sit_stand_sit
1769345888.640735,-0.032104,-0.895508,-0.222778,-2.441406,-9.094238,12.390141,sit_stand_sit
1769345888.656952,-0.062866,-0.923462,-0.210938,1.159668,-2.136230,11.413578,sit_stand_sit
1769345888.6772368,-0.073120,-0.855469,-0.195801,9.155273,5.249023,-8.056641,sit_stand_sit
1769345888.7013996,-0.113525,-0.981445,-0.202271,16.052246,26.000984,8.728027,sit_stand_sit
1769345888.722362,0.059448,-1.001465,-0.239502,4.943848,14.526371,2.624512,sit_stand_sit
1769345888.7387252,-0.078735,-1.032837,-0.202881,1.098633,1.098633,18.188477,sit_stand_sit
1769345888.7600458,-0.066650,-1.065552,-0.137573,-6.103518,4.150391,31.127937,sit_stand_sit
1769345888.7810516,-0.023926,-0.996704,-0.133911,-8.056641,1.953125,33.325195,sit_stand_sit
1769345888.8007443,0.003662,-0.992310,-0.194336,-4.028320,-7.385256,24.230965,sit_stand_sit
1769345888.8209643,-0.021240,-1.071533,-0.231445,-6.530764,-21.972656,20.324707,sit_stand_sit
1769345888.8417509,-0.136108,-1.072510,-0.247192,-15.136723,-30.517586,26.672371,sit_stand_sit
1769345888.85698,-0.139771,-1.103638,-0.290039,-25.634773,-31.860359,50.964371,sit_stand_sit
1769345888.8801506,-0.139038,-1.010864,-0.332397,-28.686531,-38.635254,51.391617,sit_stand_sit
1769345888.8985548,-0.168457,-0.981934,-0.338013,-23.010262,-43.945313,47.180191,sit_stand_sit
1769345888.923161,-0.197754,-1.028198,-0.318115,-18.310547,-49.194351,44.006348,sit_stand_sit
1769345888.941197,-0.240723,-1.058594,-0.320923,-19.653320,-47.729507,49.499527,sit_stand_sit
1769345888.9609275,-0.228638,-1.023682,-0.349854,-21.118164,-47.363297,48.095718,sit_stand_sit
1769345888.9820497,-0.253540,-1.008423,-0.327881,-20.324707,-44.555679,49.011246,sit_stand_sit
1769345889.0008643,-0.340576,-0.994873,-0.206055,-18.127441,-23.071297,43.579102,sit_stand_sit
1769345889.019381,-0.317627,-1.009521,-0.336060,-18.493652,-14.038090,35.400391,sit_stand_sit
1769345889.0398371,-0.188965,-1.058594,-0.515503,-7.141115,-33.630371,36.254883,sit_stand_sit
1769345889.0584645,-0.181396,-1.145874,-0.530029,-5.554201,-83.801270,37.109375,sit_stand_sit
1769345889.0810857,-0.448730,-1.081787,-0.430054,0.671387,-107.421906,17.272949,sit_stand_sit
1769345889.0998983,-0.524048,-1.124146,-0.410156,-1.403809,-108.520538,0.183106,sit_stand_sit
1769345889.1261642,-0.535889,-1.204102,-0.313965,-2.136230,-85.571289,-4.333496,sit_stand_sit
1769345889.1708953,-0.587402,-1.082642,-0.296265,-20.446777,-52.368179,-5.798342,sit_stand_sit
1769345889.1717892,-0.536011,-0.970581,-0.255127,-22.644051,-17.333984,-8.361816,sit_stand_sit
1769345889.181658,-0.474976,-0.883057,-0.197510,-22.705086,13.549809,-0.122070,sit_stand_sit
1769345889.196893,-0.407837,-0.811523,-0.210693,-19.470215,35.278320,13.793949,sit_stand_sit
1769345889.2188063,-0.389526,-0.770874,-0.209961,-16.967773,46.020523,23.254402,sit_stand_sit
1769345889.2399387,-0.417114,-0.760498,-0.192383,-15.319828,63.049332,22.216805,sit_stand_sit
1769345889.2613163,-0.339600,-0.772339,-0.204590,-11.535648,61.950699,18.005371,sit_stand_sit
1769345889.2808652,-0.278564,-0.786621,-0.170410,-9.216309,38.208008,14.953617,sit_stand_sit
1769345889.3031852,-0.316650,-0.811523,-0.168457,-7.507326,5.493164,11.596684,sit_stand_sit
1769345889.3229623,-0.346069,-0.840454,-0.185547,-5.798342,-26.306160,9.094238,sit_stand_sit
1769345889.3378935,-0.354492,-0.894653,-0.241699,-13.183598,-68.603516,5.920412,sit_stand_sit
1769345889.358007,-0.470825,-0.820435,-0.284546,-6.469728,-75.805664,-1.159668,sit_stand_sit
1769345889.3793228,-0.459473,-0.854492,-0.363159,-1.525879,-81.848145,-4.638672,sit_stand_sit
1769345889.4023051,-0.574097,-0.878906,-0.425171,-5.432129,-75.073242,-7.385256,sit_stand_sit
1769345889.4206471,-0.577271,-0.883301,-0.432495,-11.352543,-59.387222,-7.812502,sit_stand_sit
1769345889.4417386,-0.483887,-0.839600,-0.409058,-13.305668,-45.349136,-12.634281,sit_stand_sit
1769345889.4608834,-0.432129,-0.851440,-0.408813,-13.488773,-35.217285,-13.977055,sit_stand_sit
1769345889.4814618,-0.482300,-0.847168,-0.370361,-11.535648,-14.953617,-8.056641,sit_stand_sit
1769345889.501199,-0.464844,-0.855957,-0.322998,-9.094238,9.460449,-5.432129,sit_stand_sit
1769345889.5170774,-0.533203,-0.804321,-0.125244,-2.990724,28.137215,-7.507326,sit_stand_sit
1769345889.5375564,-0.518066,-0.799561,-0.018311,2.929688,35.827637,-11.840824,sit_stand_sit
1769345889.5594532,-0.477173,-0.827881,-0.046143,9.399414,39.489746,-15.808109,sit_stand_sit
1769345889.5790856,-0.437256,-0.866699,-0.101196,13.671879,39.001465,-17.089844,sit_stand_sit
1769345889.600923,-0.434570,-0.877319,-0.174438,15.258793,36.193848,-13.732914,sit_stand_sit
1769345889.6207943,-0.419067,-0.874390,-0.262695,14.648441,35.766602,-8.361816,sit_stand_sit
1769345889.636978,-0.382446,-0.860962,-0.350464,14.709476,29.907234,-1.525879,sit_stand_sit
1769345889.6624558,-0.414185,-0.900269,-0.443359,19.042969,20.874023,6.225588,sit_stand_sit
1769345889.6761844,-0.392944,-0.903198,-0.475220,17.150879,14.648441,6.042482,sit_stand_sit
1769345889.6984549,-0.334595,-0.891357,-0.405029,12.817387,6.286623,3.417970,sit_stand_sit
1769345889.7181878,-0.346924,-0.887451,-0.307861,6.042482,-1.586915,0.488281,sit_stand_sit
1769345889.739983,-0.397217,-0.898071,-0.236816,-0.305176,-0.976563,0.122070,sit_stand_sit
1769345889.7598722,-0.436401,-0.904053,-0.212524,-7.080080,9.765625,0.732422,sit_stand_sit
1769345889.781513,-0.434937,-0.877686,-0.210938,-10.681152,27.893074,2.624512,sit_stand_sit
1769345889.8009346,-0.382202,-0.848389,-0.237549,-8.972168,30.334480,3.601075,sit_stand_sit
1769345889.8203192,-0.366699,-0.853394,-0.284180,-5.981447,22.644051,3.540040,sit_stand_sit
1769345889.8406546,-0.380737,-0.864136,-0.312988,-1.953125,13.610844,4.150391,sit_stand_sit
1769345889.862304,-0.395508,-0.865967,-0.317017,2.075195,10.131836,4.821777,sit_stand_sit
1769345889.8839247,-0.384399,-0.864746,-0.308594,5.371094,8.178711,5.126953,sit_stand_sit
1769345889.9025702,-0.363647,-0.873291,-0.294189,7.141115,5.371094,4.455566,sit_stand_sit
1769345889.9205084,-0.344849,-0.875000,-0.287720,7.507326,4.150391,1.831055,sit_stand_sit
1769345889.9400687,-0.331909,-0.873413,-0.295654,7.141115,2.746582,-0.061035,sit_stand_sit
1769345889.9564002,-0.322998,-0.871826,-0.306030,6.286623,-2.136230,-1.770020,sit_stand_sit
1769345889.980601,-0.329346,-0.872437,-0.314697,5.615236,-8.850098,-3.295899,sit_stand_sit
1769345890.002305,-0.343994,-0.875854,-0.312500,4.821777,-15.075687,-4.699707,sit_stand_sit
1769345890.022551,-0.368652,-0.879761,-0.300171,4.211426,-19.531250,-5.859377,sit_stand_sit
1769345890.0428529,-0.400635,-0.884277,-0.287598,3.051759,-20.568848,-6.835939,sit_stand_sit
1769345890.0619357,-0.419556,-0.886841,-0.273560,1.708985,-15.625004,-7.507326,sit_stand_sit
1769345890.0787706,-0.408569,-0.889771,-0.262695,1.403809,-11.718754,-7.629396,sit_stand_sit
1769345890.098907,-0.407471,-0.883789,-0.265503,1.281738,-8.544922,-7.080080,sit_stand_sit
1769345890.1216395,-0.407715,-0.874268,-0.271729,2.136230,-5.920412,-6.591799,sit_stand_sit
1769345890.1427248,-0.402344,-0.876465,-0.273804,2.868653,-3.784181,-6.896975,sit_stand_sit
1769345890.161168,-0.388184,-0.878052,-0.275391,3.295899,-2.746582,-6.713869,sit_stand_sit
1769345890.180436,-0.387451,-0.880493,-0.273682,2.990724,-2.258301,-6.713869,sit_stand_sit
1769345890.201595,-0.378174,-0.877930,-0.272705,2.990724,-1.464844,-6.958010,sit_stand_sit
1769345890.2192476,-0.375732,-0.875244,-0.270874,3.417970,-1.586915,-6.896975,sit_stand_sit
1769345890.23882,-0.382935,-0.878662,-0.266357,2.075195,-1.647950,-8.056641,sit_stand_sit
1769345890.2617633,-0.378784,-0.877075,-0.262451,1.953125,-1.770020,-8.972168,sit_stand_sit
1769345890.2815623,-0.372803,-0.874878,-0.256958,1.953125,-3.479005,-10.009766,sit_stand_sit
1769345890.3009562,-0.387085,-0.877563,-0.247559,0.732422,-3.906251,-10.986328,sit_stand_sit
1769345890.3210511,-0.382080,-0.865112,-0.252563,1.281738,-4.028320,-11.901859,sit_stand_sit
1769345890.341134,-0.392212,-0.877319,-0.246704,2.685547,-2.380371,-12.146000,sit_stand_sit
1769345890.3587253,-0.382690,-0.880737,-0.244995,3.112794,-0.366211,-12.329105,sit_stand_sit
1769345890.3810098,-0.369263,-0.875610,-0.248169,3.173829,-0.793457,-12.695316,sit_stand_sit
1769345890.3984022,-0.381226,-0.853271,-0.258789,6.835939,-1.159668,-13.305668,sit_stand_sit
1769345890.4216993,-0.368896,-0.883179,-0.250122,1.647950,-2.685547,-15.136723,sit_stand_sit
1769345890.4413562,-0.383057,-0.885132,-0.257446,5.920412,0.976563,-14.526371,sit_stand_sit
1769345890.4613051,-0.365723,-0.896362,-0.258545,2.258301,2.136230,-17.333984,sit_stand_sit
1769345890.4818718,-0.369751,-0.902344,-0.254761,3.784181,5.065918,-19.042969,sit_stand_sit
1769345890.4960186,-0.352295,-0.918701,-0.256226,4.699707,9.399414,-20.446777,sit_stand_sit
1769345890.5175936,-0.354370,-0.930054,-0.267822,5.432129,11.718754,-21.240234,sit_stand_sit
1769345890.540116,-0.362793,-0.948364,-0.281494,4.577637,18.188477,-22.888191,sit_stand_sit
1769345890.5569835,-0.355591,-0.970093,-0.297852,7.873537,28.198250,-23.498543,sit_stand_sit
1769345890.5810764,-0.321655,-1.056030,-0.307983,10.803223,41.564941,-28.686531,sit_stand_sit
1769345890.598866,-0.296021,-1.142090,-0.295776,13.793949,48.584000,-33.935547,sit_stand_sit
1769345890.621679,-0.266602,-1.221558,-0.280884,15.075687,53.649918,-37.475586,sit_stand_sit
1769345890.6413438,-0.225586,-1.267212,-0.270630,16.052246,56.579605,-38.940430,sit_stand_sit
1769345890.665482,-0.185181,-1.278809,-0.269409,17.211914,57.617203,-39.306641,sit_stand_sit
1769345890.6811204,-0.157837,-1.257813,-0.275269,19.775391,58.044449,-37.353516,sit_stand_sit
1769345890.7028234,-0.138062,-1.242188,-0.273438,22.888191,58.837906,-35.095215,sit_stand_sit
1769345890.7205858,-0.087036,-1.200439,-0.261963,24.902351,57.983414,-30.029305,sit_stand_sit
1769345890.741688,-0.047974,-1.201416,-0.230591,27.343758,54.138199,-28.137215,sit_stand_sit
1769345890.758948,-0.005127,-1.220703,-0.201294,26.733406,47.668472,-28.381355,sit_stand_sit
1769345890.7797637,0.009399,-1.214233,-0.190308,23.254402,38.024902,-27.404793,sit_stand_sit
1769345890.800738,-0.000488,-1.193726,-0.184937,19.897461,28.564461,-26.794441,sit_stand_sit
1769345890.8166714,-0.001221,-1.173340,-0.178101,16.723633,21.057129,-27.160652,sit_stand_sit
1769345890.8417158,-0.000366,-1.113647,-0.167236,11.596684,12.207035,-25.817879,sit_stand_sit
1769345890.8618653,-0.023560,-1.051880,-0.167847,10.070801,10.131836,-23.254402,sit_stand_sit
1769345890.8786464,-0.043823,-1.008667,-0.174072,10.620117,13.671879,-21.179199,sit_stand_sit
1769345890.898303,-0.045776,-0.981812,-0.178711,11.047363,20.507813,-18.981934,sit_stand_sit
1769345890.922171,-0.033447,-0.952759,-0.177124,9.460449,25.634773,-14.953617,sit_stand_sit
1769345890.9410274,-0.008789,-0.899780,-0.173828,7.141115,26.123055,-10.009766,sit_stand_sit
1769345890.9615414,0.011841,-0.854126,-0.162720,7.080080,22.460945,-7.263186,sit_stand_sit
1769345890.9815793,0.000488,-0.840454,-0.147583,6.408693,15.930180,-6.713869,sit_stand_sit
1769345891.0032556,0.005737,-0.828491,-0.152100,0.244141,13.610844,-14.648441,sit_stand_sit
1769345891.0222647,0.050171,-0.817627,-0.168701,1.403809,1.403809,-11.169437,sit_stand_sit
1769345891.041608,-0.031250,-0.850342,-0.152344,-0.366211,2.197266,1.403809,sit_stand_sit
1769345891.0592763,-0.000854,-0.807861,-0.161377,-3.967286,-2.136230,-4.272461,sit_stand_sit
1769345891.0792918,0.010620,-0.818359,-0.149902,-2.502441,-10.681152,-9.338379,sit_stand_sit
1769345891.0983055,-0.002319,-0.835205,-0.147583,-6.469728,-16.113281,-5.554201,sit_stand_sit
1769345891.1221933,-0.013184,-0.812378,-0.150391,-5.981447,-18.737793,-3.295899,sit_stand_sit
1769345891.1412208,-0.012207,-0.827515,-0.145264,-4.943848,-20.202637,-3.967286,sit_stand_sit
1769345891.1614065,-0.022339,-0.824463,-0.148926,-4.882813,-19.470215,-3.234864,sit_stand_sit
1769345891.1807833,-0.044434,-0.806519,-0.160156,-4.394531,-16.296387,-1.464844,sit_stand_sit
1769345891.1978805,-0.048462,-0.798462,-0.162109,-3.479005,-11.413578,0.000000,sit_stand_sit
1769345891.2210796,-0.047852,-0.791992,-0.163330,-3.234864,-6.164553,2.197266,sit_stand_sit
1769345891.2388551,-0.037109,-0.766235,-0.173950,-3.173829,-1.586915,5.493164,sit_stand_sit
1769345891.2605646,-0.036255,-0.779175,-0.173340,-1.464844,-0.427246,6.042482,sit_stand_sit
1769345891.2815669,-0.046997,-0.816895,-0.176270,-1.464844,1.525879,5.310059,sit_stand_sit
1769345891.3008559,-0.050659,-0.860962,-0.180298,-3.234864,2.258301,5.554201,sit_stand_sit
1769345891.3207192,-0.057617,-0.909668,-0.183228,-5.615236,2.380371,4.821777,sit_stand_sit
1769345891.3425667,-0.091919,-0.944092,-0.185425,-6.164553,5.737307,-1.098633,sit_stand_sit
1769345891.3620446,-0.076050,-0.989502,-0.177124,-5.493164,10.192871,-7.019045,sit_stand_sit
1769345891.3786955,-0.018066,-1.033936,-0.174561,-7.629396,5.371094,-3.295899,sit_stand_sit
1769345891.4021826,-0.010620,-1.024048,-0.173096,-9.094238,-1.586915,1.892090,sit_stand_sit
1769345891.419039,-0.012451,-0.993042,-0.178345,-7.019045,-6.042482,4.760742,sit_stand_sit
1769345891.4412992,-0.015015,-0.992676,-0.175415,-3.540040,-6.713869,5.187988,sit_stand_sit
1769345891.4578266,0.009033,-1.005127,-0.169800,-1.281738,-5.798342,7.446291,sit_stand_sit
1769345891.4763467,0.017700,-1.004028,-0.169922,-1.159668,-4.760742,11.901859,sit_stand_sit
1769345891.496061,0.025513,-0.979980,-0.179565,-0.488281,-1.770020,13.244633,sit_stand_sit
1769345891.5201702,0.023560,-0.974243,-0.184570,1.647950,-0.061035,12.268070,sit_stand_sit
1769345891.5377805,0.025024,-0.988892,-0.187500,2.380371,0.915528,10.681152,sit_stand_sit
1769345891.5567803,0.018433,-0.983398,-0.197266,2.075195,1.159668,9.155273,sit_stand_sit
1769345891.5813773,0.011108,-0.982300,-0.197632,2.075195,2.868653,7.263186,sit_stand_sit
1769345891.600925,0.005249,-0.987915,-0.201172,2.014160,5.493164,3.906251,sit_stand_sit
1769345891.6203015,0.008667,-0.993652,-0.206421,2.014160,6.958010,1.770020,sit_stand_sit
1769345891.641541,0.015503,-0.988892,-0.213989,0.671387,5.004883,1.586915,sit_stand_sit
1769345891.6583612,0.009277,-0.980957,-0.220459,0.610352,1.708985,0.549316,sit_stand_sit
1769345891.6816125,-0.003540,-0.980835,-0.223145,0.915528,0.183106,0.732422,sit_stand_sit
1769345891.701025,0.026611,-0.990234,-0.223022,-2.014160,-0.488281,0.793457,sit_stand_sit
1769345891.7233803,-0.048096,-0.975098,-0.206665,1.403809,1.892090,-0.732422,sit_stand_sit
1769345891.7409794,-0.009155,-0.997437,-0.210205,0.061035,2.685547,0.305176,sit_stand_sit
1769345891.759469,-0.019897,-0.973511,-0.200073,-1.770020,1.953125,0.671387,sit_stand_sit
1769345891.7807813,-0.002441,-0.996948,-0.195923,-1.525879,1.525879,1.525879,sit_stand_sit
1769345891.8008394,-0.015991,-0.989502,-0.191406,-2.990724,0.305176,0.488281,sit_stand_sit
1769345891.8217862,-0.008057,-0.976196,-0.184082,-2.197266,0.244141,-0.305176,sit_stand_sit
1769345891.841431,-0.008179,-0.984863,-0.172241,-1.342773,-0.732422,-1.464844,sit_stand_sit
1769345891.8604465,-0.008057,-0.983887,-0.166870,-1.098633,-1.342773,-2.258301,sit_stand_sit
1769345891.8829372,-0.006714,-0.980713,-0.167725,-0.427246,-2.258301,-2.441406,sit_stand_sit
1769345891.90307,-0.013794,-0.988525,-0.166138,0.976563,-3.662110,-2.380371,sit_stand_sit
1769345891.9188106,-0.012695,-0.984741,-0.167969,1.220703,-4.028320,-2.441406,sit_stand_sit
1769345891.9419353,-0.000122,-0.984497,-0.176025,1.525879,-5.187988,-1.586915,sit_stand_sit
1769345891.9603214,0.003662,-0.973389,-0.183350,0.244141,-12.512211,-5.004883,sit_stand_sit
1769345891.9762316,-0.045898,-0.977783,-0.179199,2.319336,-9.460449,-3.479005,sit_stand_sit
1769345892.0009046,-0.027344,-0.985474,-0.188721,2.136230,-5.737307,-3.417970,sit_stand_sit
1769345892.0216198,-0.019409,-0.978882,-0.199219,1.281738,-6.347658,-3.479005,sit_stand_sit
1769345892.042847,-0.046753,-0.990234,-0.197876,2.685547,-1.892090,-4.028320,sit_stand_sit
1769345892.060754,-0.032471,-0.996948,-0.208618,1.464844,-0.732422,-3.723145,sit_stand_sit
1769345892.0790143,-0.030273,-0.989624,-0.211304,0.610352,-1.892090,-2.624512,sit_stand_sit
1769345892.0984871,-0.036011,-0.985962,-0.207642,0.793457,-2.258301,-1.892090,sit_stand_sit
1769345892.120715,-0.031494,-0.993164,-0.208252,0.671387,-1.892090,-1.281738,sit_stand_sit
1769345892.1421032,-0.025513,-0.992188,-0.211060,0.061035,-1.953125,0.061035,sit_stand_sit
1769345892.161662,-0.026489,-0.983765,-0.204956,-0.366211,-1.953125,0.793457,sit_stand_sit
1769345892.181721,-0.022339,-0.986084,-0.200562,-0.549316,-1.220703,1.342773,sit_stand_sit
1769345892.2001593,-0.017700,-0.986084,-0.199463,-0.732422,-1.220703,1.892090,sit_stand_sit
1769345892.3963358,-0.024780,-0.986572,-0.199219,-0.854492,-1.464844,1.708985,sit_stand_sit
1769345892.3963358,-0.031372,-0.988647,-0.197266,-0.854492,-0.427246,1.037598,sit_stand_sit
1769345892.4005783,-0.036377,-0.995239,-0.194092,-0.793457,1.403809,0.671387,sit_stand_sit
1769345892.4005783,-0.031128,-0.995850,-0.194580,-1.159668,2.990724,1.159668,sit_stand_sit
1769345892.4005783,-0.026855,-0.992676,-0.196411,-1.403809,2.563477,1.525879,sit_stand_sit
1769345892.4005783,-0.025024,-0.986450,-0.197632,-1.403809,1.708985,2.075195,sit_stand_sit
1769345892.4005783,-0.026611,-0.986816,-0.196899,-1.342773,1.037598,2.380371,sit_stand_sit
1769345892.4005783,-0.021362,-0.986816,-0.199341,-1.770020,0.488281,2.929688,sit_stand_sit
1769345892.4005783,-0.022583,-0.978882,-0.203857,-2.075195,-0.610352,3.601075,sit_stand_sit
1769345892.603614,-0.029175,-0.976929,-0.204590,-2.075195,-0.549316,2.807618,sit_stand_sit
1769345892.603614,-0.041260,-0.972534,-0.197266,-0.976563,3.356935,0.000000,sit_stand_sit
1769345892.603614,-0.018433,-0.987915,-0.199463,-1.953125,4.211426,0.854492,sit_stand_sit
1769345892.603614,-0.020874,-0.982300,-0.201416,-2.441406,3.295899,1.464844,sit_stand_sit
1769345892.603614,-0.026245,-0.981812,-0.198120,-1.708985,3.051759,1.525879,sit_stand_sit
1769345892.603614,-0.028198,-0.985840,-0.203491,-2.502441,3.601075,1.586915,sit_stand_sit
1769345892.603614,-0.024658,-0.976074,-0.201294,-2.258301,3.784181,1.892090,sit_stand_sit
1769345892.603614,-0.028320,-0.989868,-0.193970,-1.831055,4.211426,2.319336,sit_stand_sit
1769345892.603614,-0.004395,-0.987061,-0.193848,-3.234864,0.732422,2.563477,sit_stand_sit
1769345892.603614,-0.017822,-0.978760,-0.187866,-3.417970,-1.525879,3.295899,sit_stand_sit
1769345892.603614,-0.016113,-0.982056,-0.186401,-2.868653,-1.953125,3.417970,sit_stand_sit
1769345892.6205533,-0.010376,-0.983887,-0.186768,-3.479005,-2.746582,2.807618,sit_stand_sit
1769345892.6363523,-0.023071,-0.975098,-0.182495,-2.075195,-1.525879,0.976563,sit_stand_sit
1769345892.6617959,-0.017456,-0.988770,-0.181152,-1.586915,-1.342773,0.061035,sit_stand_sit
1769345892.6816614,-0.014893,-0.991089,-0.184326,-1.953125,-2.319336,0.366211,sit_stand_sit
1769345892.7025743,-0.030762,-0.983398,-0.189697,-1.098633,-1.708985,-0.122070,sit_stand_sit
1769345892.7186046,-0.030884,-0.983398,-0.193237,-0.610352,-0.366211,-0.732422,sit_stand_sit
1769345892.7382333,-0.032715,-0.978516,-0.201172,-0.183106,0.122070,-0.854492,sit_stand_sit
1769345892.760603,-0.042969,-0.973877,-0.208740,0.000000,0.732422,-0.854492,sit_stand_sit
1769345892.7812037,-0.051514,-0.971802,-0.215820,0.427246,2.136230,-0.793457,sit_stand_sit
1769345892.8017852,-0.059326,-0.974121,-0.220825,0.427246,3.906251,-0.915528,sit_stand_sit
1769345892.821385,-0.067749,-0.970093,-0.230591,-0.244141,6.286623,-0.366211,sit_stand_sit
1769345892.839612,-0.072998,-0.964966,-0.231812,-0.671387,7.141115,0.122070,sit_stand_sit
1769345892.8621435,-0.079346,-0.964233,-0.224243,-1.220703,8.117676,0.793457,sit_stand_sit
1769345892.8831162,-0.087402,-0.953613,-0.221924,-2.441406,10.681152,1.525879,sit_stand_sit
1769345892.9201684,-0.078125,-0.937866,-0.219849,-2.197266,13.427738,1.953125,sit_stand_sit
1769345892.9201684,-0.062866,-0.939819,-0.210693,-1.770020,13.732914,1.708985,sit_stand_sit
1769345892.9394596,-0.028809,-0.941406,-0.198120,-1.647950,10.864258,2.197266,sit_stand_sit
1769345892.9619718,0.009399,-0.937500,-0.183594,-1.647950,0.854492,3.540040,sit_stand_sit
1769345892.981399,0.025513,-0.897217,-0.173218,-1.647950,-6.896975,5.798342,sit_stand_sit
1769345893.0016232,0.032593,-0.840088,-0.165649,-0.549316,-13.183598,7.690432,sit_stand_sit
1769345893.0216177,0.026611,-0.783936,-0.153687,1.647950,-16.296387,8.483887,sit_stand_sit
1769345893.0412965,0.008179,-0.739258,-0.140503,4.028320,-15.563969,8.544922,sit_stand_sit
1769345893.058097,-0.013794,-0.721436,-0.126343,7.934572,-11.291508,7.080080,sit_stand_sit
1769345893.0812855,-0.051514,-0.780273,-0.109619,13.488773,0.488281,0.793457,sit_stand_sit
1769345893.10193,-0.059937,-0.835205,-0.108276,14.526371,9.765625,-3.479005,sit_stand_sit
1769345893.12063,-0.053589,-0.866333,-0.116577,13.610844,14.892582,-5.920412,sit_stand_sit
1769345893.1420922,-0.060913,-0.858887,-0.134033,12.084965,15.563969,-7.141115,sit_stand_sit
1769345893.1621726,-0.081787,-0.845459,-0.144897,12.634281,15.563969,-9.155273,sit_stand_sit
1769345893.1762536,-0.095215,-0.868286,-0.149902,14.404301,17.089844,-13.366703,sit_stand_sit
1769345893.2002187,-0.101807,-0.892578,-0.169189,13.854984,19.409180,-15.258793,sit_stand_sit
1769345893.2219002,-0.090820,-0.899780,-0.209106,9.948730,19.897461,-12.756351,sit_stand_sit
1769345893.2416146,-0.065674,-0.918579,-0.222534,6.958010,16.784668,-12.084965,sit_stand_sit
1769345893.2578454,-0.018188,-0.937866,-0.229736,2.563477,9.338379,-10.437012,sit_stand_sit
1769345893.2817125,0.000244,-0.967163,-0.231934,-2.075195,1.098633,-5.676271,sit_stand_sit
1769345893.3014739,-0.001587,-0.990112,-0.237427,-6.713869,-5.676271,-4.089355,sit_stand_sit
1769345893.320662,0.004028,-1.007080,-0.243530,-9.460449,-12.268070,-2.685547,sit_stand_sit
1769345893.3407536,-0.014648,-1.022095,-0.228638,-13.000492,-18.859863,5.432129,sit_stand_sit
1769345893.36164,-0.038330,-0.991333,-0.214233,-13.366703,-16.845703,8.666992,sit_stand_sit
1769345893.3774197,-0.041504,-1.005249,-0.190796,-11.230473,-11.230473,10.681152,sit_stand_sit
1769345893.3992524,-0.038818,-1.024048,-0.183838,-10.498047,-4.455566,13.977055,sit_stand_sit
1769345893.4187446,-0.043457,-1.032715,-0.189209,-10.681152,2.807618,17.211914,sit_stand_sit
1769345893.4450393,-0.027222,-1.036621,-0.190308,-10.803223,7.873537,18.676758,sit_stand_sit
1769345893.6265728,-0.001465,-1.057373,-0.173462,-10.864258,7.446291,18.737793,sit_stand_sit
1769345893.6265728,0.026733,-1.067017,-0.155640,-13.610844,-2.929688,18.249512,sit_stand_sit
1769345893.6265728,0.013184,-1.083740,-0.153198,-13.488773,-10.437012,16.784668,sit_stand_sit
1769345893.6265728,-0.022705,-1.130981,-0.163086,-13.854984,-12.084965,13.793949,sit_stand_sit
1769345893.6265728,-0.057007,-1.162842,-0.194214,-15.808109,-7.873537,12.207035,sit_stand_sit
1769345893.6265728,-0.072876,-1.162354,-0.224121,-18.615723,-2.197266,13.244633,sit_stand_sit
1769345893.6265728,-0.091675,-1.140137,-0.245239,-20.324707,3.173829,15.686039,sit_stand_sit
1769345893.6265728,-0.114624,-1.142212,-0.271118,-19.104004,10.070801,16.906738,sit_stand_sit
1769345893.8325062,-0.122559,-1.182983,-0.302979,-20.751953,18.615723,16.967773,sit_stand_sit
1769345893.8325062,-0.124634,-1.177734,-0.314941,-23.193367,20.202637,19.226074,sit_stand_sit
1769345893.8325062,-0.109253,-1.119873,-0.328247,-25.390633,18.188477,23.681648,sit_stand_sit
1769345893.8325062,-0.088501,-1.051758,-0.337769,-24.658211,10.498047,28.625496,sit_stand_sit
1769345893.8325062,-0.075073,-1.010254,-0.347290,-21.301270,-0.732422,31.372078,sit_stand_sit
1769345893.8325062,-0.076538,-1.004761,-0.350464,-18.188477,-11.901859,32.653809,sit_stand_sit
1769345893.8325062,-0.150024,-1.025757,-0.345215,-17.883301,-18.005371,32.653809,sit_stand_sit
1769345893.8325062,-0.190186,-1.034058,-0.344116,-18.798828,-13.549809,29.479988,sit_stand_sit
1769345893.8325062,-0.198486,-1.034180,-0.344604,-18.981934,-9.582520,24.902351,sit_stand_sit
1769345893.8325062,-0.201782,-1.018066,-0.343384,-19.287109,-10.009766,20.935059,sit_stand_sit
1769345893.8325062,-0.218994,-0.981445,-0.338989,-19.226074,-11.657719,18.249512,sit_stand_sit
1769345893.843386,-0.240112,-0.937744,-0.325317,-18.249512,-8.972168,16.296387,sit_stand_sit
1769345893.8622956,-0.247314,-0.903931,-0.309448,-16.418457,-3.051759,15.502934,sit_stand_sit
1769345893.8805804,-0.218750,-0.877686,-0.298096,-12.695316,1.892090,15.014652,sit_stand_sit
1769345893.8992617,-0.212036,-0.877441,-0.302002,-9.887695,1.098633,13.305668,sit_stand_sit
1769345893.9188943,-0.206177,-0.886475,-0.313232,-7.507326,1.098633,12.207035,sit_stand_sit
1769345893.9418716,-0.174194,-0.894165,-0.329590,-7.141115,-2.075195,12.573246,sit_stand_sit
1769345893.9617803,-0.156250,-0.892212,-0.347412,-7.141115,-12.390141,12.573246,sit_stand_sit
1769345893.9811695,-0.169922,-0.889160,-0.359375,-7.141115,-24.963387,9.704590,sit_stand_sit
1769345894.0017385,-0.199951,-0.878174,-0.371094,-3.662110,-38.391113,5.310059,sit_stand_sit
1769345894.0214705,-0.226563,-0.887207,-0.377441,-1.770020,-42.297363,0.976563,sit_stand_sit
1769345894.043453,-0.281738,-0.910645,-0.372681,-0.305176,-36.560059,-2.868653,sit_stand_sit
1769345894.0586283,-0.303955,-0.924683,-0.366089,-1.708985,-21.606445,-6.652834,sit_stand_sit
1769345894.0813565,-0.296753,-0.922852,-0.357788,-3.417970,-8.850098,-9.155273,sit_stand_sit
1769345894.1028128,-0.255615,-0.899048,-0.361572,-4.455566,-1.525879,-11.108402,sit_stand_sit
1769345894.123323,-0.252441,-0.885254,-0.357788,-3.784181,8.056641,-11.535648,sit_stand_sit
1769345894.1404943,-0.243164,-0.882446,-0.358032,-3.784181,12.268070,-11.840824,sit_stand_sit
1769345894.16274,-0.261230,-0.884155,-0.347412,-2.563477,11.413578,-11.169437,sit_stand_sit
1769345894.1824193,-0.187744,-0.864868,-0.322632,-2.502441,2.380371,-11.352543,sit_stand_sit
1769345894.201881,-0.361206,-0.899048,-0.362061,-3.967286,-7.263186,-1.770020,sit_stand_sit
1769345894.222811,-0.321411,-0.886963,-0.389771,-5.981447,-16.967773,0.427246,sit_stand_sit
1769345894.2423604,-0.429565,-0.923462,-0.389771,-4.699707,-26.000984,4.455566,sit_stand_sit
1769345894.2638316,-0.391602,-0.879272,-0.381104,-4.516602,4.333496,7.751467,sit_stand_sit
1769345894.4467065,-0.331421,-0.893921,-0.380493,-3.417970,14.648441,7.690432,sit_stand_sit
1769345894.4467065,-0.277832,-0.892456,-0.384033,-2.807618,20.385742,7.019045,sit_stand_sit
1769345894.4483476,-0.240479,-0.909912,-0.378418,-2.075195,21.728516,6.347658,sit_stand_sit
1769345894.4483476,-0.198853,-0.904297,-0.364014,-1.953125,18.371582,4.760742,sit_stand_sit
1769345894.4483476,-0.180908,-0.904175,-0.351318,-0.732422,10.498047,3.417970,sit_stand_sit
1769345894.4483476,-0.192139,-0.903076,-0.344971,-0.488281,-1.281738,0.549316,sit_stand_sit
1769345894.4483476,-0.231323,-0.904663,-0.350952,-1.220703,-6.225588,-1.525879,sit_stand_sit
1769345894.4483476,-0.239868,-0.902466,-0.364746,-1.159668,-9.277344,-3.295899,sit_stand_sit
1769345894.6501553,-0.254028,-0.892090,-0.372803,-0.793457,-12.146000,-4.028320,sit_stand_sit
1769345894.6501553,-0.267822,-0.884766,-0.374023,0.122070,-12.634281,-3.845216,sit_stand_sit
1769345894.6501553,-0.283081,-0.890259,-0.370361,0.305176,-9.948730,-3.417970,sit_stand_sit
1769345894.6501553,-0.287964,-0.894165,-0.372925,-0.549316,-4.516602,-2.807618,sit_stand_sit
1769345894.6501553,-0.262695,-0.894043,-0.372314,0.244141,0.793457,-2.441406,sit_stand_sit
1769345894.6501553,-0.280151,-0.913696,-0.371704,-1.098633,4.394531,-2.929688,sit_stand_sit
1769345894.6532562,-0.268677,-0.904907,-0.380371,-1.892090,9.216309,-3.051759,sit_stand_sit
1769345894.6532562,-0.249390,-0.900146,-0.376221,-1.098633,11.108402,-2.746582,sit_stand_sit
1769345894.6532562,-0.236694,-0.902344,-0.365967,-0.122070,11.169437,-1.892090,sit_stand_sit
1769345894.6532562,-0.233887,-0.912476,-0.361328,-0.305176,10.986328,-0.915528,sit_stand_sit
1769345894.6532562,-0.221436,-0.909180,-0.365112,-0.854492,10.009766,-0.366211,sit_stand_sit
1769345894.6565063,-0.202148,-0.906982,-0.369873,-0.854492,6.530764,0.183106,sit_stand_sit
1769345894.682949,-0.196777,-0.906006,-0.371216,-0.976563,2.441406,0.305176,sit_stand_sit
1769345894.7023616,-0.198975,-0.903809,-0.372681,-1.098633,-1.708985,0.488281,sit_stand_sit
1769345894.7162898,-0.210083,-0.902588,-0.374390,-1.037598,-4.943848,0.244141,sit_stand_sit
1769345894.7418687,-0.222656,-0.902100,-0.375732,-1.159668,-6.591799,-0.427246,sit_stand_sit
1769345894.7612169,-0.230103,-0.903442,-0.378418,-1.159668,-7.263186,-1.281738,sit_stand_sit
1769345894.7798517,-0.242188,-0.901855,-0.378418,-1.647950,-7.324221,-1.953125,sit_stand_sit
1769345894.7962089,-0.246460,-0.899292,-0.378662,-1.281738,-6.835939,-2.136230,sit_stand_sit
1769345894.8199043,-0.247803,-0.896484,-0.380737,-1.281738,-5.859377,-2.441406,sit_stand_sit
1769345894.8421316,-0.245728,-0.897461,-0.380005,-1.220703,-5.249023,-2.441406,sit_stand_sit
1769345894.8566384,-0.247559,-0.897583,-0.379517,-1.220703,-4.821777,-2.258301,sit_stand_sit
1769345894.8776793,-0.249878,-0.898926,-0.378906,-1.159668,-3.479005,-2.014160,sit_stand_sit
1769345894.9011133,-0.251465,-0.899414,-0.377441,-1.159668,-2.319336,-2.075195,sit_stand_sit
1769345894.9194117,-0.244751,-0.895020,-0.374512,-1.220703,-0.732422,-1.647950,sit_stand_sit
1769345894.938544,-0.242920,-0.892700,-0.374023,-0.793457,-0.122070,-1.342773,sit_stand_sit
1769345894.9642925,-0.240723,-0.891602,-0.371216,-0.305176,0.183106,-1.220703,sit_stand_sit
1769345894.9814904,-0.238403,-0.894897,-0.369995,0.244141,0.061035,-1.037598,sit_stand_sit
1769345895.0014496,-0.239624,-0.896973,-0.369385,0.366211,-0.305176,-0.854492,sit_stand_sit
1769345895.022437,-0.238403,-0.892944,-0.372314,0.793457,-0.244141,-0.732422,sit_stand_sit
1769345895.0367184,-0.231445,-0.891968,-0.368408,1.708985,-0.610352,-0.305176,sit_stand_sit
1769345895.062825,-0.235596,-0.895386,-0.372803,1.708985,-0.671387,0.122070,sit_stand_sit
1769345895.0786257,-0.236572,-0.895874,-0.375977,2.136230,-0.488281,0.549316,sit_stand_sit
1769345895.1028156,-0.236572,-0.900635,-0.375122,2.197266,0.000000,0.305176,sit_stand_sit
1769345895.1201217,-0.234009,-0.896240,-0.377319,2.014160,0.366211,0.427246,sit_stand_sit
1769345895.139233,-0.233765,-0.895996,-0.376221,2.258301,0.427246,0.427246,sit_stand_sit
1769345895.1629589,-0.235840,-0.898071,-0.373901,2.380371,0.000000,-0.183106,sit_stand_sit
1769345895.182326,-0.235474,-0.908691,-0.372559,1.953125,-0.915528,-0.793457,sit_stand_sit
1769345895.201751,-0.238281,-0.909180,-0.372803,1.586915,-1.831055,-0.732422,sit_stand_sit
1769345895.2230484,-0.238770,-0.904419,-0.371094,1.281738,-2.502441,-0.610352,sit_stand_sit
1769345895.2379448,-0.242188,-0.903809,-0.368774,1.586915,-2.746582,-0.610352,sit_stand_sit
1769345895.2617023,-0.238647,-0.907104,-0.368652,1.342773,-2.929688,-0.610352,sit_stand_sit
1769345895.2804008,-0.237061,-0.905762,-0.367920,1.403809,-3.417970,-0.305176,sit_stand_sit
1769345895.3005342,-0.238770,-0.899170,-0.365601,1.464844,-3.234864,-0.305176,sit_stand_sit
1769345895.3162055,-0.235474,-0.900513,-0.360718,2.136230,-1.647950,-0.976563,sit_stand_sit
1769345895.341339,-0.227173,-0.897949,-0.361816,2.502441,-1.525879,-0.671387,sit_stand_sit
1769345895.3614647,-0.229126,-0.893555,-0.360107,2.929688,-2.075195,-0.610352,sit_stand_sit
1769345895.3829968,-0.232788,-0.893677,-0.356323,3.784181,-1.892090,-1.220703,sit_stand_sit
1769345895.4020855,-0.228882,-0.893188,-0.352661,3.906251,-1.708985,-1.708985,sit_stand_sit
1769345895.4200296,-0.237427,-0.889526,-0.355347,4.394531,-1.953125,-2.075195,sit_stand_sit
1769345895.4433103,-0.242432,-0.888306,-0.358154,4.821777,-0.183106,-4.028320,sit_stand_sit
1769345895.4625645,-0.242798,-0.888062,-0.358276,5.187988,0.122070,-5.187988,sit_stand_sit
1769345895.4809833,-0.241699,-0.888794,-0.354370,4.943848,0.549316,-7.263186,sit_stand_sit
1769345895.5018928,-0.226929,-0.886230,-0.348511,4.394531,0.305176,-9.582520,sit_stand_sit
1769345895.522753,-0.224121,-0.886719,-0.344971,5.615236,-0.732422,-12.023930,sit_stand_sit
1769345895.543101,-0.217529,-0.894653,-0.343262,6.835939,-1.525879,-12.817387,sit_stand_sit
1769345895.560875,-0.207642,-0.895752,-0.340698,7.324221,-3.601075,-14.343266,sit_stand_sit
1769345895.5789983,-0.232300,-0.910767,-0.328125,7.751467,-5.859377,-16.113281,sit_stand_sit
1769345895.598131,-0.237793,-0.900757,-0.332764,6.713869,-6.958010,-17.211914,sit_stand_sit
1769345895.6202161,-0.261963,-0.900879,-0.335205,6.530764,-6.042482,-20.385742,sit_stand_sit
1769345895.641101,-0.275635,-0.904663,-0.343384,9.399414,1.342773,-19.348145,sit_stand_sit
1769345895.6613955,-0.256592,-0.918945,-0.339111,8.728027,7.263186,-18.737793,sit_stand_sit
1769345895.6834497,-0.252441,-0.923706,-0.332764,9.765625,10.498047,-20.690918,sit_stand_sit
1769345895.6979656,-0.236328,-0.943726,-0.334229,11.535648,17.639160,-21.850586,sit_stand_sit
1769345895.7201946,-0.222290,-0.935791,-0.339844,11.901859,19.348145,-20.202637,sit_stand_sit
1769345895.7385552,-0.205566,-0.934448,-0.329956,13.610844,19.653320,-21.057129,sit_stand_sit
1769345895.7579072,-0.207031,-0.958862,-0.311157,18.798828,24.902351,-19.592285,sit_stand_sit
1769345895.7837114,-0.171509,-0.982178,-0.303589,19.042969,26.062019,-21.057129,sit_stand_sit
1769345895.802374,-0.165527,-0.998657,-0.296875,19.714355,24.353035,-25.146492,sit_stand_sit
1769345895.8211944,-0.116699,-1.040771,-0.286499,20.202637,15.258793,-34.057617,sit_stand_sit
1769345895.8406603,-0.075928,-1.102783,-0.278931,30.029305,3.295899,-32.775879,sit_stand_sit
1769345895.857647,-0.041260,-1.165527,-0.256348,35.888672,4.028320,-33.874512,sit_stand_sit
1769345895.8783605,0.021606,-1.212158,-0.248169,38.696289,-1.281738,-38.635254,sit_stand_sit
1769345895.9007847,0.034668,-1.222534,-0.239868,40.039063,-6.652834,-40.771484,sit_stand_sit
1769345895.9184287,-0.004028,-1.241943,-0.248291,35.156250,-2.014160,-41.320801,sit_stand_sit
1769345895.9437585,0.006592,-1.223511,-0.272583,31.555183,5.737307,-37.719727,sit_stand_sit
1769345895.9590707,0.031738,-1.224365,-0.258301,30.273445,7.812502,-31.616219,sit_stand_sit
1769345895.9799933,-0.025024,-1.275024,-0.218506,23.437508,20.690918,-19.042969,sit_stand_sit
1769345896.0028558,0.058228,-1.244385,-0.235352,18.798828,28.808601,-9.338379,sit_stand_sit
1769345896.022634,0.141113,-1.208008,-0.257690,17.211914,24.353035,-2.441406,sit_stand_sit
1769345896.0420802,0.218628,-1.159302,-0.264771,18.493652,9.948730,-0.061035,sit_stand_sit
1769345896.0587914,0.194214,-1.148438,-0.252686,20.446777,-6.347658,-2.929688,sit_stand_sit
1769345896.0812724,0.135132,-1.159424,-0.240967,19.409180,-17.028809,-8.544922,sit_stand_sit
1769345896.10202,0.032959,-1.117188,-0.250610,10.864258,-20.690918,-15.014652,sit_stand_sit
1769345896.1228151,0.014160,-1.094971,-0.250732,7.568361,-15.808109,-21.667480,sit_stand_sit
1769345896.1427479,0.065063,-1.036255,-0.220093,8.117676,-14.526371,-25.695808,sit_stand_sit
1769345896.1612887,0.063232,-1.017212,-0.156860,10.925293,-20.812988,-24.841316,sit_stand_sit
1769345896.1825552,-0.046631,-1.014038,-0.106812,6.408693,-15.563969,-20.385742,sit_stand_sit
1769345896.2022054,-0.088501,-0.969116,-0.089233,1.220703,3.967286,-14.648441,sit_stand_sit
1769345896.2226005,-0.055420,-0.929443,-0.079956,-0.366211,21.301270,-11.169437,sit_stand_sit
1769345896.243195,0.022949,-0.913818,-0.065063,-1.953125,31.127937,-7.934572,sit_stand_sit
1769345896.2618756,0.024414,-0.893799,-0.066040,-3.601075,29.052742,-3.112794,sit_stand_sit
1769345896.280071,0.030151,-0.887573,-0.073120,-3.723145,24.902351,-0.427246,sit_stand_sit
1769345896.3002903,0.035400,-0.892700,-0.082520,-4.516602,20.385742,-0.122070,sit_stand_sit
1769345896.3225877,0.041748,-0.859131,-0.100952,-7.141115,14.831547,-0.427246,sit_stand_sit
1769345896.3427768,0.034668,-0.824707,-0.103638,-6.469728,7.507326,2.624512,sit_stand_sit
1769345896.3615303,0.032349,-0.798340,-0.088623,-4.882813,-1.281738,3.967286,sit_stand_sit
1769345896.3776238,0.053833,-0.788330,-0.074829,-4.394531,-7.080080,5.493164,sit_stand_sit
1769345896.4029558,0.061157,-0.759399,-0.060913,-3.601075,-12.268070,9.033203,sit_stand_sit
1769345896.4190218,0.059082,-0.728516,-0.050903,-0.854492,-15.869144,12.817387,sit_stand_sit
1769345896.443605,0.059448,-0.716919,-0.054199,1.586915,-18.737793,15.930180,sit_stand_sit
1769345896.4615846,0.038452,-0.704590,-0.065552,3.662110,-18.554688,18.371582,sit_stand_sit
1769345896.4816184,-0.006226,-0.705444,-0.083008,5.676271,-13.061527,18.432617,sit_stand_sit
1769345896.5006456,-0.011597,-0.748779,-0.123413,7.568361,-5.493164,18.127441,sit_stand_sit
1769345896.521337,0.000610,-0.819092,-0.136475,8.239746,-6.713869,18.249512,sit_stand_sit
1769345896.5422494,0.011353,-0.883301,-0.156494,6.042482,-9.643555,15.441898,sit_stand_sit
1769345896.5589986,-0.010376,-0.940552,-0.177002,5.371094,-8.178711,14.038090,sit_stand_sit
1769345896.5831316,-0.018799,-0.996216,-0.188965,3.234864,-2.807618,9.460449,sit_stand_sit
1769345896.6133478,0.005981,-1.020874,-0.196533,0.488281,2.075195,6.164553,sit_stand_sit
1769345896.6227443,0.030640,-1.021362,-0.195679,-2.075195,1.831055,3.845216,sit_stand_sit
1769345896.6411178,0.021118,-0.994263,-0.186279,-5.187988,1.586915,2.624512,sit_stand_sit
1769345896.6626487,-0.008911,-0.978027,-0.163696,-4.943848,6.652834,1.708985,sit_stand_sit
1769345896.6826909,-0.021484,-0.988403,-0.139038,-5.920412,16.540527,2.014160,sit_stand_sit
1769345896.7031634,0.004761,-0.978760,-0.129517,-7.263186,23.925789,3.173829,sit_stand_sit
1769345896.7225437,0.021484,-0.967651,-0.127197,-7.629396,24.780281,2.258301,sit_stand_sit
1769345896.7400508,0.036865,-0.981445,-0.110229,-6.835939,21.484375,1.098633,sit_stand_sit
1769345896.760499,0.067749,-1.010254,-0.111084,-7.019045,7.568361,0.793457,sit_stand_sit
1769345896.78012,0.056885,-1.009033,-0.118652,-7.507326,-4.333496,0.305176,sit_stand_sit
1769345896.8015618,0.026611,-1.001465,-0.121948,-6.225588,-12.207035,-1.281738,sit_stand_sit
1769345896.8210993,0.009399,-1.005981,-0.127075,-4.211426,-15.136723,-2.014160,sit_stand_sit
1769345896.8420074,-0.007446,-1.008545,-0.136353,-2.502441,-15.075687,-0.549316,sit_stand_sit
1769345896.8576899,-0.011597,-1.008911,-0.136108,-1.647950,-12.146000,1.037598,sit_stand_sit
1769345896.8761857,-0.015015,-1.004150,-0.141846,-1.098633,-7.019045,1.586915,sit_stand_sit
1769345896.8988,0.007202,-0.975952,-0.146973,-1.831055,4.089355,2.807618,sit_stand_sit
1769345896.9206226,0.024780,-0.956665,-0.147827,-1.464844,9.338379,2.197266,sit_stand_sit
1769345897.10632,0.021118,-0.967041,-0.145020,-0.305176,11.718754,-0.427246,sit_stand_sit
1769345897.10632,0.016846,-0.981201,-0.144897,-0.427246,13.916019,-2.685547,sit_stand_sit
1769345897.10632,0.020386,-0.991699,-0.143066,-0.366211,14.221195,-3.662110,sit_stand_sit
1769345897.10632,0.013306,-1.008789,-0.135376,-0.061035,12.878422,-4.821777,sit_stand_sit
1769345897.10632,0.017822,-1.012451,-0.134033,-1.098633,10.375977,-5.004883,sit_stand_sit
1769345897.10632,0.019409,-1.003174,-0.133911,-1.525879,7.019045,-4.516602,sit_stand_sit
1769345897.10632,0.025024,-0.998169,-0.129150,-0.793457,5.310059,-3.662110,sit_stand_sit
1769345897.10632,0.035400,-0.992432,-0.137329,-0.183106,2.990724,-2.990724,sit_stand_sit
1769345897.3136952,0.033813,-0.994263,-0.146118,0.244141,0.244141,-2.136230,sit_stand_sit
1769345897.3136952,0.039063,-0.990356,-0.145996,0.610352,-1.892090,-0.427246,sit_stand_sit
1769345897.3136952,0.037720,-0.996094,-0.149048,0.976563,-2.868653,-0.183106,sit_stand_sit
1769345897.3136952,0.035767,-0.994751,-0.163452,1.220703,-2.868653,0.122070,sit_stand_sit
1769345897.3136952,0.038452,-1.004517,-0.157715,1.464844,-3.967286,-0.061035,sit_stand_sit
1769345897.3136952,0.026001,-1.014160,-0.157349,1.037598,-4.943848,-0.427246,sit_stand_sit
1769345897.3136952,0.016602,-1.005005,-0.160645,0.366211,-5.187988,1.159668,sit_stand_sit
1769345897.3136952,0.003662,-0.995239,-0.156372,1.098633,-5.187988,1.647950,sit_stand_sit
1769345897.3136952,-0.005859,-0.999634,-0.155151,1.831055,-4.272461,2.136230,sit_stand_sit
1769345897.316221,-0.003784,-0.999023,-0.160034,0.793457,-3.173829,3.112794,sit_stand_sit
1769345897.316221,-0.007202,-0.989990,-0.160522,0.122070,-2.563477,2.075195,sit_stand_sit
1769345897.316221,-0.007690,-0.991577,-0.160767,-0.244141,-1.892090,1.403809,sit_stand_sit
1769345897.3415465,-0.006470,-0.989258,-0.159790,-1.159668,-1.403809,0.793457,sit_stand_sit
1769345897.3625884,-0.006226,-0.985840,-0.155884,-1.525879,-1.159668,0.183106,sit_stand_sit
1769345897.3825562,-0.007324,-0.986816,-0.153076,-1.464844,-0.732422,0.305176,sit_stand_sit
1769345897.402671,-0.009521,-0.988037,-0.154785,-1.586915,0.366211,0.549316,sit_stand_sit
1769345897.4183514,-0.005371,-0.990845,-0.155151,-1.342773,2.197266,0.732422,sit_stand_sit
1769345897.4418454,0.004639,-0.996338,-0.152710,-1.220703,2.807618,1.037598,sit_stand_sit
1769345897.4596004,0.011230,-0.998169,-0.156494,-1.770020,3.112794,1.586915,sit_stand_sit
1769345897.4825315,0.012573,-0.994629,-0.160889,-1.892090,3.112794,1.892090,sit_stand_sit
1769345897.5007806,0.010742,-0.994629,-0.162109,-2.014160,3.601075,1.647950,sit_stand_sit
1769345897.5257826,0.008423,-0.993774,-0.161377,-2.197266,4.211426,1.342773,sit_stand_sit
1769345897.5418804,0.009155,-0.995361,-0.159180,-2.380371,4.638672,1.159668,sit_stand_sit
1769345897.56277,0.007202,-0.990845,-0.158813,-2.807618,4.272461,1.525879,sit_stand_sit
1769345897.5804925,-0.000977,-0.984131,-0.161255,-2.746582,4.943848,1.708985,sit_stand_sit
1769345897.597727,-0.003662,-0.985596,-0.158447,-2.563477,5.493164,1.220703,sit_stand_sit
1769345897.6165001,-0.001221,-0.993774,-0.152832,-2.746582,5.554201,0.976563,sit_stand_sit
1769345897.6418607,0.002197,-0.992310,-0.155029,-3.173829,4.943848,1.159668,sit_stand_sit
1769345897.656317,-0.001831,-0.982910,-0.162354,-3.112794,4.089355,1.586915,sit_stand_sit
1769345897.683254,-0.002319,-0.995605,-0.155640,-2.197266,2.685547,1.403809,sit_stand_sit
1769345897.7012084,-0.001831,-0.994751,-0.159790,-2.868653,2.502441,1.586915,sit_stand_sit
1769345897.7190068,-0.000732,-0.983765,-0.160034,-2.807618,2.014160,2.075195,sit_stand_sit
1769345897.7431128,-0.003296,-0.981934,-0.159180,-2.624512,1.953125,1.953125,sit_stand_sit
1769345897.75935,-0.004150,-0.985107,-0.165771,-2.380371,2.868653,2.258301,sit_stand_sit
1769345897.7797897,-0.001221,-0.989136,-0.170288,-2.136230,3.051759,2.258301,sit_stand_sit
1769345897.8005054,-0.004517,-0.992920,-0.175171,-2.441406,2.319336,1.770020,sit_stand_sit
1769345897.8210733,-0.011230,-0.978760,-0.179932,-2.685547,1.953125,2.197266,sit_stand_sit
1769345897.8418148,-0.014648,-0.983154,-0.176636,-2.380371,1.953125,2.502441,sit_stand_sit
1769345897.861694,-0.018921,-0.985474,-0.178711,-3.173829,2.319336,3.051759,sit_stand_sit
1769345897.8827765,-0.025879,-0.981567,-0.184082,-2.990724,3.295899,3.540040,sit_stand_sit
1769345897.9001956,-0.032104,-0.984009,-0.185181,-3.295899,5.432129,3.784181,sit_stand_sit
1769345897.9192283,-0.037598,-0.990479,-0.183105,-3.234864,7.385256,3.662110,sit_stand_sit
1769345897.9419348,-0.029785,-0.989990,-0.183838,-4.089355,7.934572,3.479005,sit_stand_sit
1769345897.9626274,-0.030762,-0.995117,-0.180176,-4.089355,7.934572,3.723145,sit_stand_sit
1769345897.9807527,-0.028076,-0.988037,-0.182007,-4.211426,7.934572,4.394531,sit_stand_sit
1769345897.9970248,-0.019775,-0.983521,-0.180054,-3.967286,5.920412,4.943848,sit_stand_sit
1769345898.0221736,-0.015991,-0.987183,-0.178955,-3.906251,3.417970,5.310059,sit_stand_sit
1769345898.0430448,-0.018555,-0.989502,-0.179199,-4.211426,1.953125,5.981447,sit_stand_sit
1769345898.058178,-0.017700,-0.985596,-0.183838,-4.211426,0.610352,6.469728,sit_stand_sit
1769345898.0820494,-0.014282,-0.991211,-0.185547,-4.211426,-2.929688,5.615236,sit_stand_sit
1769345898.0998602,-0.024414,-0.998291,-0.182495,-4.028320,-4.821777,5.981447,sit_stand_sit
1769345898.1217363,-0.029175,-0.999634,-0.179443,-3.906251,-4.821777,6.164553,sit_stand_sit
1769345898.1419494,-0.030640,-0.997314,-0.186646,-3.845216,-4.211426,5.310059,sit_stand_sit
1769345898.1620636,-0.031006,-0.984497,-0.193237,-3.662110,-3.356935,5.187988,sit_stand_sit
1769345898.1821132,-0.034424,-0.989502,-0.192993,-3.051759,-1.953125,3.845216,sit_stand_sit
1769345898.2027185,-0.031982,-0.987427,-0.201050,-3.601075,-0.305176,3.417970,sit_stand_sit
1769345898.2219071,-0.015747,-0.978394,-0.203735,-4.333496,2.990724,3.479005,sit_stand_sit
1769345898.2430418,-0.050537,-0.973145,-0.202393,-3.051759,5.126953,1.586915,sit_stand_sit
1769345898.2590828,-0.037598,-0.978516,-0.208984,-3.479005,7.507326,2.136230,sit_stand_sit
1769345898.436454,-0.033691,-0.974976,-0.210083,-3.540040,7.568361,1.586915,sit_stand_sit
1769345898.436454,-0.030396,-0.979980,-0.206909,-3.784181,5.065918,0.793457,sit_stand_sit
1769345898.436454,-0.027466,-0.991455,-0.201050,-3.295899,4.516602,1.281738,sit_stand_sit
1769345898.436454,-0.029175,-0.980713,-0.198242,-3.417970,0.610352,1.342773,sit_stand_sit
1769345898.436454,-0.026123,-0.968262,-0.195068,-3.295899,-2.319336,1.403809,sit_stand_sit
1769345898.436454,-0.028442,-0.975830,-0.188354,-2.441406,-4.150391,2.014160,sit_stand_sit
1769345898.436454,-0.029419,-0.973022,-0.187378,-3.356935,-6.896975,1.464844,sit_stand_sit
1769345898.436454,-0.044189,-0.953003,-0.191162,-2.502441,-5.554201,2.380371,sit_stand_sit
1769345898.6434681,-0.036011,-0.946411,-0.192139,-0.671387,-3.784181,2.197266,sit_stand_sit
1769345898.6464896,-0.015991,-0.960938,-0.193237,-1.037598,-5.371094,1.464844,sit_stand_sit
1769345898.6464896,-0.012329,-0.957642,-0.205688,-0.732422,-7.995607,-0.244141,sit_stand_sit
1769345898.6464896,0.000977,-0.954956,-0.216064,-0.671387,-10.009766,-0.976563,sit_stand_sit
1769345898.6464896,-0.015991,-0.941528,-0.221436,-1.342773,-11.474613,-0.854492,sit_stand_sit
1769345898.6464896,-0.032227,-0.925049,-0.222778,-0.122070,-8.361816,-3.356935,sit_stand_sit
1769345898.648501,-0.015137,-0.925171,-0.224121,-0.427246,-7.080080,-5.371094,sit_stand_sit
1769345898.648501,-0.014160,-0.911743,-0.224976,-0.671387,-8.422852,-6.408693,sit_stand_sit
1769345898.648501,-0.036621,-0.891479,-0.209839,0.610352,-9.094238,-8.483887,sit_stand_sit
1769345898.648501,-0.046509,-0.889160,-0.195190,1.525879,-7.019045,-10.620117,sit_stand_sit
1769345898.6490703,-0.044189,-0.865601,-0.189331,1.770020,-4.760742,-10.437012,sit_stand_sit
1769345898.662553,-0.044189,-0.848633,-0.174194,4.089355,-4.211426,-10.925293,sit_stand_sit
1769345898.6835237,-0.050293,-0.860107,-0.163940,6.286623,-2.441406,-14.404301,sit_stand_sit
1769345898.7027872,-0.048828,-0.847900,-0.167480,7.263186,0.854492,-15.747074,sit_stand_sit
1769345898.7225137,-0.046997,-0.826050,-0.175171,7.873537,3.845216,-13.854984,sit_stand_sit
1769345898.7427828,-0.023438,-0.803223,-0.183960,10.070801,3.601075,-13.671879,sit_stand_sit
1769345898.7624586,-0.031616,-0.822388,-0.185303,10.314941,1.464844,-14.648441,sit_stand_sit
1769345898.779715,-0.045288,-0.847290,-0.187134,8.972168,0.183106,-14.770512,sit_stand_sit
1769345898.8025975,-0.036743,-0.849609,-0.201538,6.469728,-0.976563,-13.427738,sit_stand_sit
1769345898.8210876,-0.029175,-0.854492,-0.203003,5.981447,-3.234864,-10.131836,sit_stand_sit
1769345898.8410602,-0.067749,-0.892090,-0.186279,4.394531,-2.319336,-7.446291,sit_stand_sit
1769345898.8615012,-0.035156,-0.916626,-0.181641,2.441406,-3.051759,-5.737307,sit_stand_sit
1769345898.8821898,0.020996,-0.954224,-0.164429,-0.488281,-14.404301,-0.122070,sit_stand_sit
1769345898.9027727,0.023560,-0.983521,-0.152344,-1.892090,-23.437508,2.014160,sit_stand_sit
1769345898.9163914,0.010010,-1.015381,-0.151733,-3.234864,-29.357918,4.028320,sit_stand_sit
1769345898.9415164,0.020996,-1.015747,-0.159790,-4.516602,-31.555183,6.652834,sit_stand_sit
1769345898.9596167,0.020508,-1.016602,-0.151367,-3.723145,-31.494148,9.094238,sit_stand_sit
1769345898.9815147,0.018188,-1.027588,-0.151611,-3.295899,-27.648933,9.582520,sit_stand_sit
1769345899.0018492,0.024658,-1.000122,-0.178589,-3.784181,-21.545410,14.892582,sit_stand_sit
1769345899.01893,0.019897,-0.990845,-0.190186,-2.441406,-16.784668,17.150879,sit_stand_sit
1769345899.0422843,0.017700,-1.026001,-0.198364,-0.976563,-9.155273,15.014652,sit_stand_sit
1769345899.0628514,0.037598,-1.059326,-0.210571,-2.197266,-4.638672,13.488773,sit_stand_sit
1769345899.0815485,0.057739,-1.057983,-0.208740,-5.310059,-6.408693,15.136723,sit_stand_sit
1769345899.1014683,0.051880,-1.027588,-0.199585,-7.934572,-9.887695,17.211914,sit_stand_sit
1769345899.119445,0.023071,-1.013428,-0.195557,-8.300781,-12.023930,16.235352,sit_stand_sit
1769345899.140796,-0.005981,-1.066895,-0.185547,-8.117676,-11.962894,10.925293,sit_stand_sit
1769345899.16107,-0.019165,-1.114868,-0.182007,-9.582520,-11.596684,9.460449,sit_stand_sit
1769345899.1807446,-0.044556,-1.130615,-0.192383,-11.901859,-10.498047,10.864258,sit_stand_sit
1769345899.2002513,-0.067139,-1.127075,-0.197876,-12.939457,-7.873537,12.390141,sit_stand_sit
1769345899.2220268,-0.092041,-1.126587,-0.209595,-12.512211,-3.662110,12.756351,sit_stand_sit
1769345899.242819,-0.112427,-1.135620,-0.228149,-12.573246,2.380371,13.488773,sit_stand_sit
1769345899.2582982,-0.131226,-1.153442,-0.256958,-14.465336,11.962894,16.784668,sit_stand_sit
1769345899.2829015,-0.135010,-1.141724,-0.272705,-16.967773,17.150879,19.470215,sit_stand_sit
1769345899.4633958,-0.133911,-1.121826,-0.289429,-18.920898,19.348145,21.606445,sit_stand_sit
1769345899.4633958,-0.121338,-1.107178,-0.307983,-19.592285,16.113281,21.423340,sit_stand_sit
1769345899.4654713,-0.097046,-1.069092,-0.330200,-21.911621,7.690432,22.338875,sit_stand_sit
1769345899.4664807,-0.068237,-1.011719,-0.349976,-22.460945,-7.629396,25.573738,sit_stand_sit
1769345899.4664807,-0.082520,-0.961670,-0.347656,-23.681648,-24.292000,28.503426,sit_stand_sit
1769345899.4664807,-0.171265,-0.941040,-0.320068,-23.986824,-29.724129,27.893074,sit_stand_sit
1769345899.4664807,-0.220825,-0.955688,-0.312256,-23.925789,-20.080566,26.245125,sit_stand_sit
1769345899.4664807,-0.236938,-0.975098,-0.308716,-24.230965,-7.263186,24.230965,sit_stand_sit
1769345899.6690621,-0.242554,-0.996460,-0.306396,-24.230965,5.126953,21.179199,sit_stand_sit
1769345899.6702683,-0.253174,-1.007813,-0.307007,-25.268562,16.845703,16.662598,sit_stand_sit
1769345899.6702683,-0.254272,-0.995483,-0.320557,-25.146492,27.221687,12.573246,sit_stand_sit
1769345899.6702683,-0.236084,-0.975342,-0.331909,-23.010262,33.813477,9.826660,sit_stand_sit
1769345899.6702683,-0.214355,-0.959473,-0.338135,-18.249512,35.583496,7.934572,sit_stand_sit
1769345899.6702683,-0.206421,-0.936401,-0.343872,-15.258793,34.362793,9.399414,sit_stand_sit
1769345899.6722775,-0.190674,-0.914673,-0.344849,-12.207035,29.602058,10.925293,sit_stand_sit
1769345899.6722775,-0.180786,-0.878540,-0.352661,-11.047363,21.972656,12.573246,sit_stand_sit
1769345899.6722775,-0.180542,-0.853394,-0.356934,-8.728027,15.991215,14.343266,sit_stand_sit
1769345899.673287,-0.163086,-0.847534,-0.358887,-7.507326,8.911133,14.221195,sit_stand_sit
1769345899.673287,-0.191284,-0.851074,-0.347656,-6.591799,4.028320,15.441898,sit_stand_sit
1769345899.676388,-0.182617,-0.851196,-0.345825,-5.920412,-1.831055,13.488773,sit_stand_sit
1769345899.717533,-0.205811,-0.861572,-0.342773,-5.371094,-5.126953,9.887695,sit_stand_sit
1769345899.7218661,-0.213501,-0.870239,-0.349609,-3.906251,-5.126953,7.080080,sit_stand_sit
1769345899.7426794,-0.201172,-0.879272,-0.360840,-2.807618,-8.300781,5.187988,sit_stand_sit
1769345899.7581232,-0.186768,-0.880249,-0.386841,-1.342773,-18.066406,4.577637,sit_stand_sit
1769345899.780221,-0.201294,-0.879883,-0.419800,0.244141,-27.160652,4.638672,sit_stand_sit
1769345899.8003356,-0.254761,-0.902344,-0.451904,0.854492,-33.569336,5.249023,sit_stand_sit
1769345899.8204658,-0.276489,-0.911377,-0.459229,0.854492,-33.813477,4.089355,sit_stand_sit
1769345899.840985,-0.304321,-0.928955,-0.453979,-0.671387,-29.602058,3.906251,sit_stand_sit
1769345899.86262,-0.294434,-0.920776,-0.447754,-2.258301,-24.353035,2.502441,sit_stand_sit
1769345899.877803,-0.294312,-0.927856,-0.428467,-2.441406,-23.376472,2.014160,sit_stand_sit
1769345899.9016125,-0.304443,-0.913086,-0.412354,-3.662110,-22.888191,0.915528,sit_stand_sit
1769345899.9225006,-0.308960,-0.893311,-0.387817,-4.150391,-19.714355,-0.732422,sit_stand_sit
1769345899.9386044,-0.307983,-0.884155,-0.368042,-4.455566,-16.479492,-0.976563,sit_stand_sit
1769345899.9608455,-0.304199,-0.872437,-0.367798,-4.516602,-13.183598,-1.770020,sit_stand_sit
1769345899.9807615,-0.293457,-0.866577,-0.371338,-4.211426,-9.765625,-2.319336,sit_stand_sit
1769345900.001027,-0.285278,-0.871826,-0.375977,-3.540040,-8.483887,-2.624512,sit_stand_sit
1769345900.0212817,-0.304321,-0.884766,-0.382813,-3.967286,-6.164553,-3.051759,sit_stand_sit
1769345900.041573,-0.296143,-0.879883,-0.385986,-3.662110,-4.089355,-3.417970,sit_stand_sit
1769345900.0586822,-0.289429,-0.881104,-0.373291,-2.441406,-0.915528,-2.746582,sit_stand_sit
1769345900.0835986,-0.290771,-0.889771,-0.361938,-1.525879,2.075195,-1.708985,sit_stand_sit
1769345900.101604,-0.277466,-0.886719,-0.365112,-1.342773,6.042482,-1.037598,sit_stand_sit
1769345900.1192806,-0.260742,-0.892944,-0.369507,0.366211,7.629396,-0.610352,sit_stand_sit
1769345900.13643,-0.248779,-0.902832,-0.366333,0.549316,8.117676,-1.098633,sit_stand_sit
1769345900.1635878,-0.239380,-0.896729,-0.368896,0.732422,7.568361,-0.488281,sit_stand_sit
1769345900.182429,-0.238647,-0.896606,-0.369019,1.525879,4.760742,-1.037598,sit_stand_sit
1769345900.2021735,-0.239990,-0.895508,-0.371826,1.647950,1.647950,-1.586915,sit_stand_sit
1769345900.2225487,-0.254272,-0.885010,-0.373535,1.770020,-1.037598,-1.770020,sit_stand_sit
1769345900.243175,-0.271118,-0.880249,-0.374268,2.197266,-1.708985,-1.953125,sit_stand_sit
1769345900.2614334,-0.281616,-0.884399,-0.375977,2.075195,-0.305176,-1.647950,sit_stand_sit
1769345900.2792623,-0.274048,-0.884033,-0.379272,1.831055,0.976563,-0.854492,sit_stand_sit
1769345900.2966833,-0.270996,-0.888672,-0.379883,1.770020,1.342773,-0.305176,sit_stand_sit
1769345900.3201733,-0.261230,-0.888184,-0.383911,0.488281,4.516602,-0.793457,sit_stand_sit
1769345900.3418517,-0.231934,-0.893066,-0.377686,2.075195,1.831055,-1.342773,sit_stand_sit
1769345900.3628442,-0.257935,-0.907959,-0.370117,0.976563,0.000000,-1.708985,sit_stand_sit
1769345900.3777626,-0.252563,-0.899170,-0.371704,0.610352,0.122070,-1.892090,sit_stand_sit
1769345900.3978522,-0.245850,-0.899292,-0.371460,0.610352,-0.244141,-2.197266,sit_stand_sit
1769345900.419768,-0.249268,-0.903198,-0.372559,0.244141,-0.122070,-2.319336,sit_stand_sit
1769345900.4379594,-0.229126,-0.897705,-0.375488,0.183106,-1.037598,-2.624512,sit_stand_sit
1769345900.4609804,-0.246216,-0.900879,-0.370117,0.122070,-3.784181,-2.685547,sit_stand_sit
1769345900.4807744,-0.242798,-0.895142,-0.368530,0.854492,-4.577637,-2.502441,sit_stand_sit
1769345900.5017111,-0.255981,-0.901489,-0.364990,0.671387,-4.638672,-2.197266,sit_stand_sit
1769345900.521922,-0.257568,-0.905518,-0.369751,0.122070,-4.333496,-2.258301,sit_stand_sit
1769345900.542746,-0.250244,-0.896362,-0.375488,-0.122070,-3.906251,-2.380371,sit_stand_sit
1769345900.5621214,-0.245850,-0.896973,-0.372070,0.671387,-4.699707,-2.441406,sit_stand_sit
1769345900.5773313,-0.252930,-0.902710,-0.368164,0.366211,-5.187988,-2.380371,sit_stand_sit
1769345900.5993583,-0.255737,-0.901367,-0.370239,0.122070,-5.065918,-2.014160,sit_stand_sit
1769345900.6222267,-0.259155,-0.900879,-0.367065,0.366211,-4.028320,-1.708985,sit_stand_sit
1769345900.640967,-0.254272,-0.904175,-0.362549,0.305176,-3.112794,-1.525879,sit_stand_sit
1769345900.6627653,-0.251221,-0.901245,-0.366089,0.061035,-3.112794,-1.220703,sit_stand_sit
1769345900.682625,-0.252930,-0.897339,-0.367798,0.183106,-2.624512,-1.159668,sit_stand_sit
1769345900.7014208,-0.249146,-0.903076,-0.365112,0.366211,-2.380371,-1.220703,sit_stand_sit
1769345900.7222612,-0.253296,-0.903320,-0.364136,0.061035,-2.380371,-0.732422,sit_stand_sit
1769345900.7399943,-0.257324,-0.900513,-0.365234,0.122070,-1.770020,-0.427246,sit_stand_sit
1769345900.7608423,-0.260620,-0.904053,-0.365967,0.183106,-0.915528,-0.488281,sit_stand_sit
1769345900.7782497,-0.254883,-0.901245,-0.365845,0.061035,-0.183106,-0.183106,sit_stand_sit
1769345900.800693,-0.250977,-0.899170,-0.365234,0.183106,0.122070,0.427246,sit_stand_sit
1769345900.820309,-0.252441,-0.898926,-0.364990,0.061035,0.244141,0.732422,sit_stand_sit
1769345900.8411582,-0.247192,-0.899414,-0.365234,0.122070,-0.122070,0.549316,sit_stand_sit
1769345900.8633883,-0.248047,-0.898682,-0.366821,0.122070,-0.549316,0.366211,sit_stand_sit
1769345900.9031837,-0.251831,-0.899902,-0.368530,0.000000,-1.037598,0.000000,sit_stand_sit
1769345900.9031837,-0.253418,-0.900024,-0.368042,-0.183106,-1.281738,0.000000,sit_stand_sit
1769345900.9175768,-0.256592,-0.902344,-0.367188,-0.122070,-1.220703,-0.183106,sit_stand_sit
1769345900.9395838,-0.257935,-0.903442,-0.366211,-0.305176,-1.098633,-0.305176,sit_stand_sit
1769345900.9613543,-0.256714,-0.900879,-0.366577,-0.366211,-1.037598,-0.305176,sit_stand_sit
1769345900.976883,-0.254761,-0.898071,-0.366455,-0.305176,-0.854492,-0.732422,sit_stand_sit
1769345901.0017188,-0.254639,-0.896729,-0.366211,-0.183106,-0.732422,-0.549316,sit_stand_sit
1769345901.022847,-0.255737,-0.896729,-0.367188,-0.061035,-0.305176,-0.427246,sit_stand_sit
1769345901.0433674,-0.255127,-0.894287,-0.366943,0.122070,0.366211,-0.427246,sit_stand_sit
1769345901.062212,-0.254028,-0.895508,-0.365112,0.549316,1.098633,-0.244141,sit_stand_sit
1769345901.0815294,-0.250244,-0.896729,-0.361938,0.793457,1.281738,0.183106,sit_stand_sit
1769345901.0982556,-0.253784,-0.898682,-0.362183,1.098633,1.464844,0.122070,sit_stand_sit
1769345901.1219602,-0.251587,-0.898438,-0.369507,1.647950,2.258301,0.000000,sit_stand_sit
1769345901.1396663,-0.248047,-0.902832,-0.365234,1.586915,1.892090,-0.488281,sit_stand_sit
1769345901.162245,-0.246216,-0.898071,-0.367920,1.464844,0.854492,-0.793457,sit_stand_sit
1769345901.1815832,-0.254761,-0.901001,-0.367310,1.647950,0.183106,-1.708985,sit_stand_sit
1769345901.1984937,-0.255005,-0.901367,-0.367798,1.403809,-0.122070,-2.441406,sit_stand_sit
1769345901.2222354,-0.254272,-0.900879,-0.366333,0.976563,-0.732422,-2.746582,sit_stand_sit
1769345901.2428172,-0.254150,-0.897583,-0.364014,0.671387,-1.770020,-2.929688,sit_stand_sit
1769345901.2620907,-0.254517,-0.902466,-0.362915,0.488281,-1.892090,-3.479005,sit_stand_sit
1769345901.2828069,-0.248779,-0.908447,-0.361938,0.244141,-2.197266,-3.967286,sit_stand_sit
1769345901.2962823,-0.243774,-0.911499,-0.361694,0.000000,-2.990724,-4.089355,sit_stand_sit
1769345901.3209214,-0.239014,-0.913452,-0.359985,-0.183106,-3.845216,-4.028320,sit_stand_sit
1769345901.341947,-0.234253,-0.912231,-0.358643,-0.488281,-4.577637,-3.906251,sit_stand_sit
1769345901.3621707,-0.229126,-0.905884,-0.356934,-0.549316,-5.676271,-3.479005,sit_stand_sit
1769345901.376764,-0.240234,-0.899902,-0.355347,-0.366211,-5.554201,-2.441406,sit_stand_sit
1769345901.4008865,-0.239990,-0.901611,-0.355469,0.000000,-4.882813,-1.892090,sit_stand_sit
1769345901.4175377,-0.240967,-0.902344,-0.353027,0.000000,-4.760742,-1.098633,sit_stand_sit
1769345901.442123,-0.242798,-0.897339,-0.354248,-0.122070,-3.967286,-0.366211,sit_stand_sit
1769345901.4614763,-0.241821,-0.896729,-0.356812,0.244141,-3.112794,0.122070,sit_stand_sit
1769345901.4815352,-0.241943,-0.898560,-0.359619,0.305176,-2.502441,0.549316,sit_stand_sit
1769345901.5011582,-0.243652,-0.899780,-0.359131,0.671387,-2.014160,1.220703,sit_stand_sit
1769345901.517164,-0.244629,-0.901123,-0.356445,0.793457,-1.647950,1.464844,sit_stand_sit
1769345901.5427828,-0.244385,-0.904907,-0.355225,0.976563,-1.525879,1.342773,sit_stand_sit
1769345901.5627346,-0.243530,-0.906494,-0.356689,0.976563,-1.953125,1.403809,sit_stand_sit
1769345901.5831273,-0.245728,-0.907471,-0.356445,0.915528,-2.624512,1.220703,sit_stand_sit
1769345901.5994298,-0.242432,-0.906616,-0.353271,0.915528,-4.089355,0.366211,sit_stand_sit
1769345901.6196616,-0.254272,-0.904297,-0.361328,0.366211,-4.333496,0.244141,sit_stand_sit
1769345901.6408918,-0.254028,-0.907104,-0.354370,0.610352,-5.004883,-0.305176,sit_stand_sit
1769345901.662391,-0.258545,-0.903320,-0.353271,0.549316,-4.943848,0.000000,sit_stand_sit
1769345901.6821682,-0.266968,-0.901611,-0.352173,0.854492,-3.967286,0.305176,sit_stand_sit
1769345901.698688,-0.263916,-0.899658,-0.349243,0.976563,-2.563477,0.244141,sit_stand_sit
1769345901.7231734,-0.255005,-0.901245,-0.347900,1.342773,-2.197266,0.549316,sit_stand_sit
1769345901.7425938,-0.254272,-0.899414,-0.348877,1.403809,-2.563477,0.793457,sit_stand_sit
1769345901.761815,-0.253174,-0.892822,-0.346069,1.770020,-2.502441,1.159668,sit_stand_sit
1769345901.7802234,-0.243164,-0.891724,-0.341553,3.112794,-2.563477,1.159668,sit_stand_sit
1769345901.8019354,-0.249878,-0.900879,-0.338989,4.333496,-3.845216,0.488281,sit_stand_sit
1769345901.820504,-0.249512,-0.914429,-0.333374,5.554201,-4.394531,-2.197266,sit_stand_sit
1769345901.8372715,-0.249268,-0.917725,-0.334351,6.225588,-5.432129,-3.295899,sit_stand_sit
1769345901.8619118,-0.248535,-0.911987,-0.337158,7.202150,-7.019045,-2.990724,sit_stand_sit
1769345901.8824723,-0.248291,-0.904663,-0.333740,7.385256,-8.117676,-3.784181,sit_stand_sit
1769345901.897562,-0.243042,-0.907593,-0.324585,8.911133,-12.023930,-5.798342,sit_stand_sit
1769345901.9164555,-0.254639,-0.917725,-0.318726,9.155273,-14.282230,-8.239746,sit_stand_sit
1769345901.9425445,-0.260132,-0.916626,-0.325684,8.544922,-16.418457,-10.070801,sit_stand_sit
1769345901.9618905,-0.259033,-0.915649,-0.333496,6.958010,-18.371582,-10.070801,sit_stand_sit
1769345901.9824097,-0.257446,-0.912231,-0.332764,6.164553,-20.385742,-9.948730,sit_stand_sit
1769345902.0009174,-0.254028,-0.909058,-0.321777,6.713869,-20.996094,-11.535648,sit_stand_sit
1769345902.0163865,-0.246582,-0.909180,-0.313965,8.117676,-23.071297,-13.427738,sit_stand_sit
1769345902.041425,-0.231323,-0.922119,-0.311401,16.357422,-31.005867,-14.343266,sit_stand_sit
1769345902.0620778,-0.216797,-0.942749,-0.292480,22.521980,-40.954590,-14.221195,sit_stand_sit
1769345902.0774431,-0.207397,-0.964966,-0.255249,24.963387,-51.269547,-15.502934,sit_stand_sit
1769345902.0972836,-0.225586,-0.980591,-0.229370,22.583015,-54.748550,-15.319828,sit_stand_sit
1769345902.1215281,-0.259399,-0.964111,-0.225220,16.845703,-47.729507,-11.962894,sit_stand_sit
1769345902.1384315,-0.287231,-0.938965,-0.244141,13.793949,-41.992188,-13.793949,sit_stand_sit
1769345902.162739,-0.310913,-0.904785,-0.241943,12.329105,-37.963867,-24.108894,sit_stand_sit
1769345902.1811326,-0.282471,-0.912842,-0.225098,11.352543,-32.409668,-27.709969,sit_stand_sit
1769345902.2008479,-0.342651,-0.902710,-0.201416,9.826660,-25.085457,-29.663094,sit_stand_sit
1769345902.2226646,-0.359985,-0.904053,-0.174927,10.192871,-13.366703,-34.912109,sit_stand_sit
1769345902.242406,-0.321289,-0.942627,-0.127075,12.390141,-4.943848,-43.884277,sit_stand_sit
1769345902.261961,-0.293701,-0.988892,-0.097168,13.793949,-3.906251,-50.659195,sit_stand_sit
1769345902.2807584,-0.331055,-1.043579,-0.092529,14.160160,0.122070,-53.527847,sit_stand_sit
1769345902.2988932,-0.326050,-1.094849,-0.097656,17.822266,21.972656,-54.138199,sit_stand_sit
1769345902.3220134,-0.311768,-1.148682,-0.147705,22.888191,27.893074,-51.269547,sit_stand_sit
1769345902.34113,-0.336060,-1.183105,-0.224121,25.817879,32.653809,-46.386734,sit_stand_sit
1769345902.3637686,-0.364502,-1.227905,-0.210205,25.268562,50.964371,-42.724609,sit_stand_sit
1769345902.3828468,-0.163574,-1.193970,-0.212280,23.742683,64.453125,-44.372574,sit_stand_sit
1769345902.4034848,0.017090,-1.189209,-0.263794,27.771004,66.162109,-41.931152,sit_stand_sit
1769345902.422872,0.116699,-1.231689,-0.329224,28.442390,71.533203,-33.874512,sit_stand_sit
1769345902.438451,0.257568,-1.281860,-0.322144,17.395020,72.814941,-15.869144,sit_stand_sit
1769345902.4621277,0.364258,-1.250610,-0.225830,7.507326,45.227066,-15.747074,sit_stand_sit
1769345902.481389,0.315063,-1.233765,-0.169067,2.990724,-1.342773,-16.723633,sit_stand_sit
1769345902.5025523,0.162109,-1.205933,-0.171387,2.075195,-27.587898,-13.854984,sit_stand_sit
1769345902.5216246,0.103760,-1.220703,-0.161377,9.826660,-40.649414,-5.371094,sit_stand_sit
1769345902.5367832,0.016357,-1.132324,-0.156006,-0.061035,-38.452148,-4.333496,sit_stand_sit
1769345902.5624387,0.084961,-1.006104,-0.163818,6.408693,-22.644051,-8.056641,sit_stand_sit
1769345902.577921,0.056030,-0.961182,-0.145020,1.892090,-13.793949,-11.474613,sit_stand_sit
1769345902.5993974,0.018555,-0.980347,-0.090820,2.380371,1.647950,-11.352543,sit_stand_sit
1769345902.6201293,0.034912,-0.954468,-0.078491,2.197266,12.634281,-12.634281,sit_stand_sit
1769345902.6454964,0.048340,-0.972412,-0.061279,2.502441,16.174316,-13.183598,sit_stand_sit
1769345902.6624622,0.048706,-0.981323,-0.047363,-0.061035,17.944336,-13.366703,sit_stand_sit
1769345902.68287,0.035645,-0.963867,-0.034424,-2.380371,20.202637,-11.840824,sit_stand_sit
1769345902.7020454,0.037231,-0.937988,-0.030640,-5.126953,28.137215,-9.399414,sit_stand_sit
1769345902.721717,0.045044,-0.918457,-0.036255,-6.225588,31.799324,-8.483887,sit_stand_sit
1769345902.742685,0.055176,-0.901978,-0.045898,-6.774904,31.311043,-7.141115,sit_stand_sit
1769345902.7623928,0.075562,-0.893921,-0.060303,-6.469728,28.686531,-5.371094,sit_stand_sit
1769345902.7784593,0.071899,-0.878052,-0.084351,-5.493164,24.780281,-2.746582,sit_stand_sit
1769345902.8019052,0.056030,-0.875366,-0.096924,-3.662110,21.301270,-0.244141,sit_stand_sit
1769345902.8217669,0.072266,-0.871948,-0.097656,-2.990724,15.197758,1.098633,sit_stand_sit
1769345902.8412008,0.050415,-0.840454,-0.106079,-4.699707,10.009766,0.305176,sit_stand_sit
1769345902.8626406,0.077026,-0.795166,-0.132690,-5.798342,2.380371,-1.586915,sit_stand_sit
1769345902.8826761,0.072388,-0.780884,-0.136597,-3.906251,-3.112794,5.432129,sit_stand_sit
1769345902.902059,0.066162,-0.766724,-0.140991,-4.943848,-6.469728,7.263186,sit_stand_sit
1769345902.9196422,0.048218,-0.759399,-0.141846,-5.371094,-8.422852,7.019045,sit_stand_sit
1769345902.9416077,0.023193,-0.772705,-0.140015,-6.103518,-6.408693,7.080080,sit_stand_sit
1769345902.9625006,0.002686,-0.792969,-0.119141,-5.615236,0.671387,5.432129,sit_stand_sit
1769345902.980637,0.000366,-0.827026,-0.101563,-6.347658,5.615236,3.051759,sit_stand_sit
1769345903.002048,0.008301,-0.850098,-0.099487,-7.324221,8.911133,1.464844,sit_stand_sit
1769345903.0226958,0.008911,-0.894775,-0.102417,-6.103518,11.352543,1.281738,sit_stand_sit
1769345903.041307,-0.000854,-0.946777,-0.111084,-5.920412,13.854984,3.173829,sit_stand_sit
1769345903.0625908,-0.014404,-0.972534,-0.110596,-5.065918,17.089844,3.417970,sit_stand_sit
1769345903.082169,-0.012451,-0.995728,-0.112061,-3.112794,20.568848,2.197266,sit_stand_sit
1769345903.1019368,-0.001465,-0.990479,-0.129272,-3.540040,20.812988,7.690432,sit_stand_sit
1769345903.122753,-0.001709,-0.964966,-0.139648,-2.014160,19.592285,11.291508,sit_stand_sit
1769345903.1397264,-0.007202,-0.977661,-0.140625,-0.183106,19.958496,12.695316,sit_stand_sit
1769345903.162692,-0.002808,-0.989380,-0.138184,-0.122070,22.705086,14.465336,sit_stand_sit
1769345903.1822276,0.011841,-1.000488,-0.140869,-0.976563,25.146492,15.563969,sit_stand_sit
1769345903.198365,0.027588,-0.999023,-0.151733,-1.953125,28.442390,15.014652,sit_stand_sit
1769345903.2191956,0.049805,-1.000977,-0.170044,-4.028320,31.433113,15.441898,sit_stand_sit
1769345903.2367413,0.076294,-0.994263,-0.171265,-4.394531,28.625496,14.160160,sit_stand_sit
1769345903.262606,0.081421,-1.009644,-0.153809,-3.967286,24.169930,13.000492,sit_stand_sit
1769345903.279777,0.118164,-1.024414,-0.156860,-5.126953,21.118164,12.878422,sit_stand_sit
1769345903.301199,0.080200,-0.960571,-0.131714,-3.356935,18.188477,4.516602,sit_stand_sit
1769345903.3210773,0.073853,-1.012939,-0.125122,-1.647950,18.615723,7.995607,sit_stand_sit
1769345903.340749,0.126221,-1.010986,-0.124146,-4.089355,6.164553,4.455566,sit_stand_sit
1769345903.3627582,0.052368,-0.978027,-0.110474,-2.380371,-4.577637,2.868653,sit_stand_sit
1769345903.382308,0.046509,-0.985962,-0.103516,-0.183106,-5.615236,0.854492,sit_stand_sit
1769345903.3963733,0.040894,-0.995972,-0.097656,0.000000,-6.347658,-1.098633,sit_stand_sit
1769345903.4213629,0.040405,-0.988403,-0.101440,-0.244141,-6.591799,-2.258301,sit_stand_sit
1769345903.4396262,0.037598,-0.983276,-0.117310,1.281738,-7.690432,-2.868653,sit_stand_sit
1769345903.4627006,0.078857,-1.010132,-0.139648,2.990724,-11.047363,0.000000,sit_stand_sit
1769345903.4829643,0.044312,-0.975464,-0.166626,1.586915,-23.803719,0.854492,sit_stand_sit
1769345903.5018873,0.033936,-0.980713,-0.176392,3.662110,-26.245125,-2.807618,sit_stand_sit
1769345903.5219655,-0.001343,-0.994507,-0.175049,3.906251,-22.277840,-2.502441,sit_stand_sit
1769345903.5413418,-0.011963,-0.996460,-0.166504,2.807618,-17.211914,-2.380371,sit_stand_sit
1769345903.5615628,-0.023682,-1.006470,-0.157471,1.403809,-11.962894,-2.929688,sit_stand_sit
1769345903.578885,-0.037109,-1.003296,-0.152710,0.244141,-5.065918,-2.380371,sit_stand_sit
1769345903.598011,-0.032837,-0.994751,-0.151001,0.427246,-0.122070,-1.831055,sit_stand_sit
1769345903.6187325,-0.017700,-0.993896,-0.150635,0.122070,-0.915528,-1.525879,sit_stand_sit
1769345903.642168,-0.026123,-0.991821,-0.153687,0.244141,-2.075195,-0.549316,sit_stand_sit
1769345903.6615949,-0.031860,-0.987427,-0.162476,-0.061035,-1.708985,-0.183106,sit_stand_sit
1769345903.68607,-0.032715,-0.987305,-0.158325,0.061035,-0.366211,0.122070,sit_stand_sit
1769345903.866234,-0.031616,-0.998413,-0.156250,-0.610352,1.831055,0.000000,sit_stand_sit
1769345903.8690703,-0.020996,-0.990479,-0.162964,-1.586915,4.028320,0.915528,sit_stand_sit
1769345903.8690703,-0.015869,-0.980347,-0.165405,-1.647950,4.882813,1.281738,sit_stand_sit
1769345903.8690703,-0.017334,-0.996216,-0.157593,-1.708985,6.103518,1.403809,sit_stand_sit
1769345903.8690703,-0.006470,-1.005981,-0.154907,-2.319336,7.507326,1.708985,sit_stand_sit
1769345903.8690703,-0.000488,-1.000854,-0.158081,-3.295899,7.995607,2.441406,sit_stand_sit
1769345903.8690703,0.001709,-0.995605,-0.155762,-3.234864,7.873537,2.441406,sit_stand_sit
1769345903.8690703,0.004517,-1.001099,-0.151855,-2.807618,7.385256,1.892090,sit_stand_sit
1769345904.073287,0.010010,-0.997314,-0.150146,-3.295899,6.774904,2.258301,sit_stand_sit
1769345904.073287,0.006470,-0.987793,-0.149902,-2.868653,5.859377,2.197266,sit_stand_sit
1769345904.073287,0.008789,-0.991211,-0.145752,-2.624512,5.920412,1.525879,sit_stand_sit
1769345904.073287,0.014648,-0.988525,-0.146240,-2.807618,5.737307,1.525879,sit_stand_sit
1769345904.073287,0.016113,-0.981934,-0.151367,-3.051759,5.310059,1.708985,sit_stand_sit
1769345904.073287,0.012329,-0.979370,-0.159668,-2.502441,4.150391,1.281738,sit_stand_sit
1769345904.073287,0.009644,-0.984497,-0.161743,-2.258301,2.624512,0.793457,sit_stand_sit
1769345904.073287,0.005371,-0.995850,-0.158813,-2.685547,0.854492,0.549316,sit_stand_sit
1769345904.073287,-0.002563,-0.984131,-0.164917,-3.967286,-0.427246,1.647950,sit_stand_sit
1769345904.073287,-0.010986,-0.981567,-0.164673,-3.906251,-0.854492,2.319336,sit_stand_sit
1769345904.073287,-0.011719,-0.989014,-0.164429,-3.784181,-0.671387,2.441406,sit_stand_sit
1769345904.0813096,-0.008301,-0.986084,-0.169067,-4.394531,-1.220703,3.356935,sit_stand_sit
1769345904.098603,-0.007690,-0.978394,-0.171875,-4.821777,-2.014160,4.272461,sit_stand_sit
1769345904.1190283,-0.013306,-0.968384,-0.173340,-5.126953,-2.014160,4.516602,sit_stand_sit
1769345904.139988,-0.010498,-0.967529,-0.171265,-5.249023,-1.342773,4.943848,sit_stand_sit
1769345904.1634648,-0.002686,-0.950317,-0.175171,-6.225588,-1.831055,5.493164,sit_stand_sit
1769345904.1807375,-0.003906,-0.932739,-0.172729,-5.859377,-3.479005,5.676271,sit_stand_sit
1769345904.201856,-0.008179,-0.918457,-0.169922,-6.347658,-4.150391,5.310059,sit_stand_sit
1769345904.238086,-0.007690,-0.889893,-0.173462,-6.652834,-3.479005,5.249023,sit_stand_sit
1769345904.2416034,-0.006348,-0.859619,-0.177002,-6.713869,-2.929688,5.065918,sit_stand_sit
1769345904.2627332,0.006592,-0.833984,-0.183105,-6.530764,-3.234864,4.394531,sit_stand_sit
1769345904.2798195,0.009644,-0.797729,-0.178467,-6.652834,-6.713869,2.502441,sit_stand_sit
1769345904.2989552,0.012939,-0.784302,-0.162354,-6.164553,-10.070801,0.244141,sit_stand_sit
1769345904.3212512,0.019775,-0.777954,-0.152100,-5.493164,-15.502934,-1.464844,sit_stand_sit
1769345904.3404446,-0.002441,-0.782837,-0.138916,-4.516602,-21.057129,-3.234864,sit_stand_sit
1769345904.3626256,-0.044556,-0.815186,-0.134033,-3.112794,-20.629883,-6.469728,sit_stand_sit
1769345904.3815107,-0.051880,-0.845215,-0.129150,-2.075195,-17.211914,-9.094238,sit_stand_sit
1769345904.402197,-0.033325,-0.854980,-0.128906,-0.610352,-16.845703,-9.338379,sit_stand_sit
1769345904.4205804,-0.025269,-0.861084,-0.125122,0.793457,-17.700195,-9.094238,sit_stand_sit
1769345904.4382012,-0.017212,-0.842041,-0.124146,2.929688,-18.310547,-6.774904,sit_stand_sit
1769345904.4624863,-0.039185,-0.836182,-0.124756,5.432129,-16.784668,-4.150391,sit_stand_sit
1769345904.4795392,-0.056396,-0.849487,-0.133667,7.629396,-8.239746,-3.234864,sit_stand_sit
1769345904.501376,-0.043579,-0.882690,-0.136353,9.704590,1.770020,-3.845216,sit_stand_sit
1769345904.5212238,-0.032593,-0.948120,-0.125610,10.314941,7.751467,-5.249023,sit_stand_sit
1769345904.5410957,-0.008423,-1.024292,-0.130981,6.591799,9.582520,-5.493164,sit_stand_sit
1769345904.5617979,0.035645,-1.024536,-0.163696,3.784181,5.249023,-4.089355,sit_stand_sit
1769345904.5826535,0.085205,-1.027466,-0.199463,4.150391,-7.324221,-3.173829,sit_stand_sit
1769345904.6010358,0.104492,-1.067993,-0.234253,4.272461,-23.742683,-4.455566,sit_stand_sit
1769345904.6214406,0.089600,-1.082153,-0.265991,1.464844,-36.315918,-2.502441,sit_stand_sit
1769345904.63932,0.047607,-1.069824,-0.268188,-1.342773,-39.245605,1.953125,sit_stand_sit
1769345904.6617332,-0.017456,-1.053101,-0.243652,-2.807618,-29.663094,5.493164,sit_stand_sit
1769345904.681081,-0.048462,-1.058228,-0.210083,-1.403809,-5.187988,7.873537,sit_stand_sit
1769345904.702432,-0.030151,-1.079102,-0.200317,-1.464844,6.469728,9.887695,sit_stand_sit
1769345904.7215753,-0.017578,-1.062622,-0.198486,-2.990724,11.352543,14.526371,sit_stand_sit
1769345904.7360158,-0.018799,-1.043579,-0.176880,-3.662110,12.695316,17.028809,sit_stand_sit
1769345904.760337,-0.011230,-1.042236,-0.157837,-3.723145,10.925293,16.662598,sit_stand_sit
1769345904.778281,-0.020752,-1.070313,-0.158081,-3.479005,7.568361,15.441898,sit_stand_sit
1769345904.8019185,-0.067993,-1.127319,-0.187988,-7.995607,5.065918,15.563969,sit_stand_sit
1769345904.99361,-0.137573,-1.133301,-0.198364,-11.901859,13.977055,16.845703,sit_stand_sit
1769345904.99361,-0.064575,-1.133057,-0.244385,-12.512211,14.160160,17.883301,sit_stand_sit
1769345904.9948225,-0.049927,-1.159180,-0.280396,-11.291508,4.089355,18.676758,sit_stand_sit
1769345904.9948225,-0.032104,-1.163452,-0.323853,-10.620117,-11.901859,21.667480,sit_stand_sit
1769345904.9948225,-0.069092,-1.145630,-0.348877,-11.962894,-28.564461,28.076180,sit_stand_sit
1769345904.9948225,-0.141113,-1.100464,-0.343872,-15.869144,-34.362793,31.311043,sit_stand_sit
1769345904.9948225,-0.229980,-1.030029,-0.305908,-21.911621,-20.385742,29.418953,sit_stand_sit
1769345904.9948225,-0.234619,-1.006592,-0.272095,-23.254402,-5.126953,27.771004,sit_stand_sit
1769345905.19945,-0.225464,-1.031738,-0.252808,-23.010262,4.699707,27.648933,sit_stand_sit
1769345905.2003589,-0.249878,-1.047607,-0.250000,-25.634773,13.000492,27.404793,sit_stand_sit
1769345905.2003589,-0.262939,-1.030029,-0.251465,-28.442390,26.062019,27.343758,sit_stand_sit
1769345905.2012806,-0.226440,-1.026245,-0.246338,-26.916512,32.348633,25.573738,sit_stand_sit
1769345905.2012806,-0.228394,-1.015991,-0.257202,-25.451668,32.470703,23.071297,sit_stand_sit
1769345905.2018318,-0.193115,-0.996216,-0.264648,-22.216805,30.334480,22.888191,sit_stand_sit
1769345905.2021954,-0.164429,-0.978516,-0.260620,-17.150879,21.545410,23.315437,sit_stand_sit
1769345905.2026968,-0.188843,-0.979614,-0.246704,-14.099125,10.864258,22.949226,sit_stand_sit
1769345905.2026968,-0.226563,-0.972656,-0.280762,-15.014652,9.887695,24.169930,sit_stand_sit
1769345905.2026968,-0.196045,-0.951538,-0.317871,-17.395020,17.089844,25.268562,sit_stand_sit
1769345905.2026968,-0.147949,-0.927002,-0.339722,-15.869144,14.221195,27.404793,sit_stand_sit
1769345905.2026968,-0.156494,-0.901367,-0.338013,-13.732914,7.629396,26.123055,sit_stand_sit
1769345905.2193768,-0.147705,-0.898438,-0.325928,-12.084965,2.380371,23.864754,sit_stand_sit
1769345905.2416651,-0.149170,-0.901367,-0.317627,-11.474613,-5.554201,20.263672,sit_stand_sit
1769345905.2632418,-0.167358,-0.900391,-0.315552,-11.047363,-14.953617,16.418457,sit_stand_sit
1769345905.2820377,-0.204224,-0.901855,-0.313965,-11.474613,-22.949226,13.305668,sit_stand_sit
1769345905.3003247,-0.223633,-0.897583,-0.312134,-11.718754,-29.724129,11.291508,sit_stand_sit
1769345905.3195035,-0.248413,-0.899170,-0.312988,-11.169437,-35.400391,9.460449,sit_stand_sit
1769345905.3405929,-0.269287,-0.899902,-0.328247,-10.314941,-40.344238,7.019045,sit_stand_sit
1769345905.3624406,-0.281982,-0.897217,-0.346924,-9.582520,-43.945313,6.652834,sit_stand_sit
1769345905.382139,-0.296387,-0.884644,-0.364258,-8.056641,-45.898453,6.469728,sit_stand_sit
1769345905.4018912,-0.315552,-0.881348,-0.375000,-5.920412,-44.311539,5.676271,sit_stand_sit
1769345905.4223106,-0.323853,-0.880127,-0.380127,-4.638672,-41.320801,4.760742,sit_stand_sit
1769345905.4434187,-0.340820,-0.880493,-0.375000,-4.150391,-37.231445,3.662110,sit_stand_sit
1769345905.4616072,-0.357178,-0.889404,-0.368896,-3.112794,-36.376953,1.708985,sit_stand_sit
1769345905.4795015,-0.395752,-0.882446,-0.359619,-4.089355,-29.663094,0.366211,sit_stand_sit
1769345905.5029013,-0.375732,-0.890747,-0.354858,-3.173829,-29.113777,-1.464844,sit_stand_sit
1769345905.5217426,-0.431396,-0.895508,-0.340820,-4.882813,-22.644051,-1.464844,sit_stand_sit
1769345905.5418687,-0.413208,-0.879883,-0.342651,-4.699707,-16.113281,-1.647950,sit_stand_sit
1769345905.560995,-0.424072,-0.882690,-0.336060,-5.249023,-9.155273,-0.976563,sit_stand_sit
1769345905.581635,-0.417358,-0.872314,-0.337158,-4.882813,-0.427246,-0.915528,sit_stand_sit
1769345905.5983956,-0.375977,-0.867798,-0.349609,-3.967286,7.690432,-1.342773,sit_stand_sit
1769345905.622334,-0.357178,-0.863403,-0.349976,-3.051759,9.460449,-0.915528,sit_stand_sit
1769345905.6395652,-0.347534,-0.861206,-0.349365,-2.136230,10.498047,-0.488281,sit_stand_sit
1769345905.6564152,-0.346191,-0.861816,-0.348755,-1.037598,11.047363,-0.427246,sit_stand_sit
1769345905.6814091,-0.340332,-0.861816,-0.340820,-0.122070,11.840824,-0.183106,sit_stand_sit
1769345905.7031598,-0.340698,-0.858765,-0.339478,0.854492,12.695316,0.183106,sit_stand_sit
1769345905.7229948,-0.346558,-0.867188,-0.335449,2.014160,15.563969,-0.122070,sit_stand_sit
1769345905.742424,-0.340332,-0.869873,-0.334961,2.075195,17.028809,-0.061035,sit_stand_sit
1769345905.762682,-0.331909,-0.871948,-0.337402,1.892090,17.944336,0.061035,sit_stand_sit
1769345905.7802088,-0.323853,-0.871094,-0.342407,1.953125,18.310547,0.183106,sit_stand_sit
1769345905.7998943,-0.319824,-0.870483,-0.348633,1.892090,18.676758,0.244141,sit_stand_sit
1769345905.8194435,-0.307739,-0.872314,-0.353149,2.319336,19.165039,0.610352,sit_stand_sit
1769345905.8426445,-0.291992,-0.876709,-0.355835,2.380371,18.371582,0.854492,sit_stand_sit
1769345905.862191,-0.286621,-0.883301,-0.353027,2.441406,15.380863,0.671387,sit_stand_sit
1769345905.8820877,-0.281250,-0.884521,-0.350342,2.563477,12.695316,0.244141,sit_stand_sit
1769345905.902161,-0.280396,-0.887939,-0.349854,2.441406,9.826660,-0.061035,sit_stand_sit
1769345905.922792,-0.282471,-0.889893,-0.349121,2.502441,6.713869,-0.854492,sit_stand_sit
1769345905.9431093,-0.285522,-0.891602,-0.350220,2.380371,3.723145,-1.342773,sit_stand_sit
1769345905.958838,-0.287842,-0.895142,-0.350342,2.380371,1.403809,-1.525879,sit_stand_sit
1769345905.97665,-0.289917,-0.894165,-0.350586,1.953125,-0.488281,-1.953125,sit_stand_sit
1769345905.9990335,-0.299316,-0.892456,-0.355103,1.831055,-2.746582,-2.380371,sit_stand_sit
1769345906.0225124,-0.301880,-0.890381,-0.355225,1.647950,-3.540040,-2.563477,sit_stand_sit
1769345906.0416963,-0.307983,-0.888062,-0.352539,1.586915,-3.234864,-2.624512,sit_stand_sit
1769345906.0616086,-0.309570,-0.887329,-0.349731,1.647950,-2.441406,-2.685547,sit_stand_sit
1769345906.081584,-0.310913,-0.890381,-0.348755,1.708985,-1.770020,-2.929688,sit_stand_sit
1769345906.1029472,-0.308716,-0.890869,-0.350952,1.708985,-1.159668,-2.929688,sit_stand_sit
1769345906.1183105,-0.301880,-0.885376,-0.350830,1.586915,-0.793457,-2.685547,sit_stand_sit
1769345906.1410835,-0.303345,-0.883179,-0.351929,1.831055,-0.366211,-2.685547,sit_stand_sit
1769345906.1581955,-0.295776,-0.883423,-0.345581,2.380371,-0.366211,-2.624512,sit_stand_sit
1769345906.181276,-0.292236,-0.884766,-0.343140,2.502441,-0.671387,-2.502441,sit_stand_sit
1769345906.2015429,-0.298096,-0.882690,-0.345825,2.807618,-0.366211,-2.258301,sit_stand_sit
1769345906.2211976,-0.307617,-0.889038,-0.348389,2.197266,2.380371,-2.563477,sit_stand_sit
1769345906.2377138,-0.273682,-0.878662,-0.347656,2.746582,2.380371,-3.234864,sit_stand_sit
1769345906.2572181,-0.293579,-0.895996,-0.338135,3.479005,-2.685547,-3.356935,sit_stand_sit
1769345906.2833338,-0.306763,-0.896118,-0.348145,1.647950,-0.244141,-3.723145,sit_stand_sit
1769345906.3002512,-0.285034,-0.889282,-0.352173,0.488281,2.136230,-4.333496,sit_stand_sit
1769345906.321793,-0.275024,-0.888916,-0.346313,-0.366211,2.502441,-5.493164,sit_stand_sit
1769345906.3427446,-0.276123,-0.887817,-0.341675,-1.098633,2.563477,-6.530764,sit_stand_sit
1769345906.3619735,-0.276123,-0.886230,-0.334229,-1.525879,2.868653,-7.385256,sit_stand_sit
1769345906.3823354,-0.270142,-0.882202,-0.325439,-1.342773,2.990724,-9.338379,sit_stand_sit
1769345906.4014502,-0.288696,-0.865234,-0.317261,-3.967286,7.507326,-13.244633,sit_stand_sit
1769345906.4227805,-0.240112,-0.867310,-0.325439,2.136230,4.394531,-15.441898,sit_stand_sit
1769345906.442505,-0.257446,-0.880615,-0.326294,2.319336,-1.708985,-16.479492,sit_stand_sit
1769345906.4591005,-0.268677,-0.875000,-0.340576,5.981447,-4.150391,-16.052246,sit_stand_sit
1769345906.4791787,-0.283447,-0.885986,-0.346558,5.859377,-4.333496,-16.723633,sit_stand_sit
1769345906.5010977,-0.280029,-0.881470,-0.347900,7.690432,-2.990724,-16.906738,sit_stand_sit
1769345906.521431,-0.312134,-0.887085,-0.326660,6.896975,3.479005,-21.240234,sit_stand_sit
1769345906.5416973,-0.269043,-0.872681,-0.355225,17.456055,9.094238,-22.705086,sit_stand_sit
1769345906.561126,-0.283081,-0.879150,-0.362549,11.108402,12.573246,-23.437508,sit_stand_sit
1769345906.5767677,-0.266113,-0.913086,-0.330078,7.934572,14.099125,-22.460945,sit_stand_sit
1769345906.5994332,-0.267090,-0.907593,-0.336426,15.747074,19.226074,-21.606445,sit_stand_sit
1769345906.6190255,-0.265015,-0.895752,-0.338501,12.451176,22.094727,-23.376472,sit_stand_sit
1769345906.6430836,-0.246948,-0.913086,-0.337036,16.296387,26.000984,-22.583015,sit_stand_sit
1769345906.661498,-0.241577,-0.904663,-0.331665,11.779789,25.451668,-25.939949,sit_stand_sit
1769345906.6803155,-0.217896,-0.947144,-0.324707,16.662598,26.184090,-27.587898,sit_stand_sit
1769345906.6962886,-0.214355,-0.951294,-0.331177,18.676758,21.911621,-31.738289,sit_stand_sit
1769345906.72097,-0.214844,-1.007690,-0.311890,24.658211,24.353035,-31.127937,sit_stand_sit
1769345906.7418165,-0.174316,-1.042480,-0.300537,24.536140,23.864754,-29.296883,sit_stand_sit
1769345906.7571282,-0.144165,-1.086060,-0.283447,30.517586,22.583015,-28.564461,sit_stand_sit
1769345906.7812984,-0.097290,-1.181152,-0.279541,35.766602,18.615723,-28.747566,sit_stand_sit
1769345906.8012524,-0.099854,-1.213379,-0.279297,37.963867,15.258793,-26.794441,sit_stand_sit
1769345906.8191528,-0.108643,-1.225708,-0.255737,39.855957,18.798828,-27.038582,sit_stand_sit
1769345906.8434565,-0.077637,-1.264160,-0.244751,41.381836,27.709969,-30.761726,sit_stand_sit
1769345906.8615813,-0.064331,-1.300171,-0.271240,38.513184,36.437988,-31.188972,sit_stand_sit
1769345906.881929,-0.023804,-1.282349,-0.244751,34.790039,41.809082,-25.329597,sit_stand_sit
1769345906.9021487,0.038696,-1.248535,-0.171997,34.484863,39.245605,-18.920898,sit_stand_sit
1769345906.9226396,0.072266,-1.233398,-0.137695,33.935547,31.311043,-16.174316,sit_stand_sit
1769345906.938261,0.131470,-1.211304,-0.120361,31.616219,26.123055,-12.512211,sit_stand_sit
1769345906.9599442,0.135864,-1.207397,-0.131592,28.869637,20.080566,-10.131836,sit_stand_sit
1769345906.9819145,0.232422,-1.139771,-0.165405,21.362305,19.775391,-14.465336,sit_stand_sit
1769345907.0026782,0.156128,-1.151123,-0.283203,18.981934,15.136723,-18.676758,sit_stand_sit
1769345907.0212648,0.171143,-1.145020,-0.342896,7.385256,16.357422,-31.127937,sit_stand_sit
1769345907.0420032,0.096069,-1.200562,-0.273193,6.652834,16.540527,-24.963387,sit_stand_sit
1769345907.0626676,0.114990,-1.089966,-0.227661,-1.892090,12.451176,-24.963387,sit_stand_sit
1769345907.0816143,0.154297,-1.020508,-0.167969,2.929688,4.089355,-26.062019,sit_stand_sit
1769345907.0996745,0.196533,-0.985718,-0.101563,9.460449,-9.033203,-27.221687,sit_stand_sit
1769345907.1179261,0.167725,-0.995361,-0.044434,9.460449,-21.789551,-23.620613,sit_stand_sit
1769345907.1419973,0.109497,-0.966919,-0.011963,5.126953,-26.611336,-15.014652,sit_stand_sit
1769345907.160745,0.062744,-0.914673,0.016357,-0.305176,-25.268562,-8.361816,sit_stand_sit
1769345907.1831808,0.021729,-0.848145,0.014648,-6.469728,-14.282230,0.122070,sit_stand_sit
1769345907.2031465,0.030273,-0.813110,-0.004883,-9.460449,-6.469728,0.305176,sit_stand_sit
1769345907.2223866,0.043091,-0.798584,-0.029297,-9.582520,-3.845216,-1.586915,sit_stand_sit
1769345907.2419536,0.044067,-0.802612,-0.040405,-9.765625,-4.699707,3.112794,sit_stand_sit
1769345907.257663,0.077515,-0.771362,-0.055176,-10.620117,-10.009766,6.591799,sit_stand_sit
1769345907.2793489,0.075562,-0.741211,-0.062744,-7.629396,-19.958496,4.455566,sit_stand_sit
1769345907.2985146,0.061768,-0.766235,-0.076904,-4.150391,-29.418953,2.380371,sit_stand_sit
1769345907.3224897,0.039185,-0.772461,-0.094116,-4.516602,-30.395515,5.249023,sit_stand_sit
1769345907.3415613,0.045532,-0.729126,-0.108765,-4.394531,-30.883797,7.751467,sit_stand_sit
1769345907.360959,0.057251,-0.708862,-0.117676,-2.319336,-31.616219,6.164553,sit_stand_sit
1769345907.3832428,0.037964,-0.736694,-0.140137,0.000000,-29.785164,3.845216,sit_stand_sit
1769345907.4029589,0.023560,-0.773560,-0.160645,-0.915528,-26.611336,3.356935,sit_stand_sit
1769345907.4228275,0.006226,-0.804810,-0.164185,-2.990724,-21.545410,3.967286,sit_stand_sit
1769345907.4402013,-0.015869,-0.861938,-0.164185,-5.981447,-12.939457,3.417970,sit_stand_sit
1769345907.4594975,-0.024048,-0.898804,-0.157715,-7.934572,-6.835939,4.455566,sit_stand_sit
1769345907.479651,-0.035522,-0.922363,-0.147827,-7.202150,2.258301,4.455566,sit_stand_sit
1769345907.5028,-0.012085,-0.961426,-0.153320,-6.652834,8.178711,4.638672,sit_stand_sit
1769345907.5210097,-0.000244,-0.998901,-0.155151,-6.103518,9.765625,5.920412,sit_stand_sit
1769345907.542503,0.007935,-1.023071,-0.150513,-5.676271,9.094238,4.211426,sit_stand_sit
1769345907.5626383,0.017700,-1.038696,-0.151123,-5.126953,8.361816,4.455566,sit_stand_sit
1769345907.582018,0.038818,-1.020508,-0.153198,-5.310059,6.164553,11.169437,sit_stand_sit
1769345907.6018534,0.040649,-1.003174,-0.159180,-4.760742,5.249023,13.366703,sit_stand_sit
1769345907.6182313,0.058960,-0.998169,-0.162476,-3.540040,4.333496,12.817387,sit_stand_sit
1769345907.641671,0.079712,-0.995605,-0.171387,-4.638672,2.685547,12.390141,sit_stand_sit
1769345907.6596758,0.094116,-0.973877,-0.179932,-6.835939,-0.305176,13.366703,sit_stand_sit
1769345907.6793318,0.098267,-0.945068,-0.187378,-8.056641,-3.601075,12.084965,sit_stand_sit
1769345907.6966445,0.078247,-0.956909,-0.196777,-6.347658,-6.835939,7.446291,sit_stand_sit
1769345907.7223775,0.064819,-0.972046,-0.197754,-6.347658,-10.314941,5.920412,sit_stand_sit
1769345907.7415717,0.044678,-0.984985,-0.185791,-5.859377,-14.282230,4.394531,sit_stand_sit
1769345907.7644906,0.007202,-1.007446,-0.176025,-5.310059,-14.221195,2.380371,sit_stand_sit
1769345907.777969,-0.009766,-1.017334,-0.174805,-5.432129,-9.277344,2.075195,sit_stand_sit
1769345907.7989845,-0.002319,-1.006714,-0.179077,-5.371094,-4.760742,3.356935,sit_stand_sit
1769345907.819066,0.001587,-0.989502,-0.182983,-4.882813,-2.563477,3.417970,sit_stand_sit
1769345907.8418653,-0.000122,-0.992188,-0.186279,-4.028320,0.549316,1.525879,sit_stand_sit
1769345907.860982,0.010010,-0.989746,-0.187134,-4.089355,1.831055,1.586915,sit_stand_sit
1769345907.8827422,0.011230,-0.982300,-0.188110,-4.455566,1.525879,1.586915,sit_stand_sit
1769345907.902873,0.009277,-0.974121,-0.196045,-4.211426,0.854492,1.281738,sit_stand_sit
1769345907.9229708,0.011597,-0.976196,-0.196899,-3.601075,0.183106,0.488281,sit_stand_sit
1769345907.942666,0.012329,-0.986328,-0.194946,-3.356935,-0.976563,-0.427246,sit_stand_sit
1769345907.9604387,0.005127,-0.975464,-0.203125,-3.967286,-1.770020,-0.366211,sit_stand_sit
1769345907.97894,-0.000854,-0.975586,-0.200317,-2.929688,-1.586915,-0.793457,sit_stand_sit
1769345907.998737,-0.002808,-0.987305,-0.201172,-2.685547,-0.122070,-1.342773,sit_stand_sit
1769345908.0227282,-0.002563,-0.986816,-0.203979,-2.685547,0.915528,-0.732422,sit_stand_sit
1769345908.04124,-0.000732,-0.988647,-0.201050,-2.319336,1.464844,-0.549316,sit_stand_sit
1769345908.061325,0.011230,-0.984131,-0.200439,-1.159668,0.244141,0.244141,sit_stand_sit
1769345908.0815756,-0.006836,-0.978394,-0.198120,-2.380371,0.976563,0.915528,sit_stand_sit
1769345908.103563,0.005371,-0.977295,-0.197266,-0.976563,2.075195,0.488281,sit_stand_sit
1769345908.1460085,0.008545,-0.983887,-0.192383,-0.793457,1.525879,0.366211,sit_stand_sit
1769345908.1474652,0.002808,-0.986694,-0.198853,-1.159668,1.647950,0.488281,sit_stand_sit
1769345908.159774,0.004761,-0.980713,-0.198364,-0.915528,2.197266,0.854492,sit_stand_sit
1769345908.1815708,0.008301,-0.979126,-0.194214,-0.366211,2.258301,0.610352,sit_stand_sit
1769345908.1975648,0.008301,-0.980591,-0.196777,-0.732422,2.197266,0.244141,sit_stand_sit
1769345908.2218244,0.005615,-0.976196,-0.202148,-0.610352,2.136230,0.427246,sit_stand_sit
1769345908.2390213,0.011597,-0.983643,-0.198853,-0.854492,1.464844,0.244141,sit_stand_sit
1769345908.2576263,0.013062,-0.981689,-0.199707,-0.793457,0.183106,0.915528,sit_stand_sit
1769345908.2820318,0.011353,-0.985107,-0.198242,-0.610352,-0.793457,1.037598,sit_stand_sit
1769345908.4733493,0.012573,-0.985352,-0.200073,-0.427246,-1.037598,1.281738,sit_stand_sit
1769345908.4763854,0.013184,-0.980835,-0.198975,-0.366211,-1.159668,1.586915,sit_stand_sit
1769345908.4763854,0.017456,-0.975952,-0.199707,-0.244141,-1.220703,1.770020,sit_stand_sit
1769345908.4763854,0.016602,-0.970459,-0.201416,0.305176,-1.831055,2.014160,sit_stand_sit
1769345908.4763854,0.013306,-0.979492,-0.200195,0.549316,-1.525879,1.647950,sit_stand_sit
1769345908.4763854,0.010620,-0.982056,-0.202881,0.244141,-0.610352,1.281738,sit_stand_sit
1769345908.4763854,0.006470,-0.981689,-0.207520,0.244141,0.244141,1.159668,sit_stand_sit
1769345908.4763854,0.004395,-0.979370,-0.210327,0.305176,0.610352,0.671387,sit_stand_sit
1769345908.68029,0.000854,-0.981201,-0.209595,0.488281,0.610352,0.244141,sit_stand_sit
1769345908.6824603,-0.000122,-0.984375,-0.209351,0.122070,0.915528,0.183106,sit_stand_sit
1769345908.6824603,-0.010376,-0.976563,-0.215942,-0.610352,1.647950,0.671387,sit_stand_sit
1769345908.6824603,-0.014893,-0.972412,-0.216064,-0.366211,2.746582,0.305176,sit_stand_sit
1769345908.683473,-0.016357,-0.979858,-0.214233,-0.305176,3.906251,-0.183106,sit_stand_sit
1769345908.683473,-0.016724,-0.988770,-0.215698,-0.915528,4.455566,-0.305176,sit_stand_sit
1769345908.683473,-0.019043,-0.982056,-0.223022,-2.075195,4.760742,0.183106,sit_stand_sit
1769345908.683473,-0.021973,-0.976318,-0.221069,-1.953125,4.638672,0.427246,sit_stand_sit
1769345908.683473,-0.015503,-0.984131,-0.222778,-2.319336,3.662110,-0.061035,sit_stand_sit
1769345908.683473,-0.013916,-0.979736,-0.222900,-2.685547,2.258301,0.732422,sit_stand_sit
1769345908.683473,-0.019287,-0.975342,-0.220703,-2.929688,1.342773,1.098633,sit_stand_sit
1769345908.683473,-0.019531,-0.975586,-0.218994,-2.685547,1.464844,1.464844,sit_stand_sit
1769345908.7160454,-0.022095,-0.976318,-0.219238,-2.746582,1.831055,2.258301,sit_stand_sit
1769345908.7228172,-0.019775,-0.972778,-0.218018,-2.624512,1.586915,2.929688,sit_stand_sit
1769345908.7415388,-0.017212,-0.973511,-0.212158,-2.075195,1.342773,2.990724,sit_stand_sit
1769345908.7624426,-0.016235,-0.971436,-0.211914,-1.525879,1.586915,3.173829,sit_stand_sit
1769345908.780485,-0.011841,-0.957642,-0.213013,-1.342773,1.647950,3.417970,sit_stand_sit
1769345908.8001,-0.009277,-0.943481,-0.204956,-0.610352,1.098633,3.479005,sit_stand_sit
1769345908.817901,-0.010864,-0.938477,-0.196167,0.000000,1.586915,3.051759,sit_stand_sit
1769345908.8424459,-0.012573,-0.928955,-0.198242,0.732422,2.929688,2.929688,sit_stand_sit
1769345908.8607616,-0.018433,-0.927612,-0.198975,1.281738,4.760742,2.380371,sit_stand_sit
1769345908.8805525,-0.013428,-0.921021,-0.191284,1.586915,6.774904,2.014160,sit_stand_sit
1769345908.9025254,-0.000366,-0.919067,-0.181030,2.319336,7.629396,1.403809,sit_stand_sit
1769345908.9227283,0.012451,-0.898193,-0.181030,1.892090,5.920412,2.563477,sit_stand_sit
1769345908.9409928,0.018188,-0.863892,-0.182983,1.647950,2.380371,3.967286,sit_stand_sit
1769345908.9622242,0.019653,-0.830811,-0.186035,1.953125,-0.854492,3.601075,sit_stand_sit
1769345908.982488,0.012207,-0.826050,-0.189453,3.356935,-2.685547,0.732422,sit_stand_sit
1769345909.000194,0.013550,-0.843872,-0.197021,2.868653,-2.441406,-3.051759,sit_stand_sit
1769345909.0225966,0.028687,-0.838257,-0.194458,0.000000,-6.347658,-3.479005,sit_stand_sit
1769345909.0383132,0.030884,-0.823730,-0.184204,-0.671387,-12.207035,-3.479005,sit_stand_sit
1769345909.0622842,0.015015,-0.823975,-0.170044,0.671387,-16.357422,-4.577637,sit_stand_sit
1769345909.0814424,0.000366,-0.846680,-0.157593,3.356935,-17.395020,-5.981447,sit_stand_sit
1769345909.1022263,0.014038,-0.857666,-0.156860,4.760742,-18.432617,-6.347658,sit_stand_sit
1769345909.1230824,0.003540,-0.851929,-0.163330,6.286623,-21.789551,-5.004883,sit_stand_sit
1769345909.1384745,-0.037354,-0.855347,-0.161255,6.713869,-20.629883,-5.615236,sit_stand_sit
1769345909.1633677,-0.067627,-0.869263,-0.151123,7.446291,-10.009766,-8.483887,sit_stand_sit
1769345909.1827404,-0.054321,-0.882080,-0.139648,7.202150,-3.173829,-6.774904,sit_stand_sit
1769345909.2008665,-0.033325,-0.883667,-0.140259,6.835939,1.525879,-3.784181,sit_stand_sit
1769345909.2204974,-0.027588,-0.911133,-0.141602,8.300781,4.150391,-2.990724,sit_stand_sit
1769345909.2424185,-0.017578,-0.978027,-0.152344,9.277344,5.981447,-4.516602,sit_stand_sit
1769345909.264136,0.022095,-1.035889,-0.177979,7.507326,3.112794,-5.554201,sit_stand_sit
1769345909.2810135,0.093506,-1.077637,-0.212158,2.807618,-14.831547,-4.211426,sit_stand_sit
1769345909.2970655,0.085449,-1.078735,-0.225342,-0.793457,-26.977547,-2.685547,sit_stand_sit
1769345909.3228457,0.061523,-1.054688,-0.238892,-2.624512,-32.409668,-0.488281,sit_stand_sit
1769345909.341441,0.041382,-1.057861,-0.237549,-1.953125,-31.616219,1.098633,sit_stand_sit
1769345909.3620818,0.017090,-1.078735,-0.226318,-1.525879,-25.695808,2.685547,sit_stand_sit
1769345909.3809104,-0.002808,-1.096558,-0.219604,-1.525879,-18.188477,5.737307,sit_stand_sit
1769345909.4039516,-0.007935,-1.093994,-0.220947,-2.502441,-11.108402,10.009766,sit_stand_sit
1769345909.4187167,0.004150,-1.093018,-0.200684,-2.014160,-7.446291,15.319828,sit_stand_sit
1769345909.4425857,-0.004517,-1.120972,-0.186890,-2.502441,-8.789063,16.967773,sit_stand_sit
1769345909.4630446,-0.032837,-1.125122,-0.187134,-4.760742,-10.131836,19.714355,sit_stand_sit
1769345909.481008,-0.070679,-1.110962,-0.192627,-7.202150,-8.117676,22.888191,sit_stand_sit
1769345909.502309,-0.095093,-1.095947,-0.196899,-9.216309,-4.333496,24.780281,sit_stand_sit
1769345909.5224228,-0.099121,-1.089478,-0.197021,-11.047363,-1.281738,25.878914,sit_stand_sit
1769345909.5412164,-0.095337,-1.089478,-0.211060,-12.634281,-0.488281,27.160652,sit_stand_sit
1769345909.5560899,-0.105835,-1.086426,-0.240967,-15.869144,-1.037598,28.564461,sit_stand_sit
1769345909.581602,-0.104370,-1.067993,-0.254150,-18.127441,-2.197266,29.724129,sit_stand_sit
1769345909.602894,-0.105469,-1.049438,-0.268433,-19.104004,-4.211426,29.602058,sit_stand_sit
1769345909.622289,-0.119751,-1.053589,-0.279053,-19.409180,-6.347658,28.076180,sit_stand_sit
1769345909.637734,-0.140625,-1.058350,-0.287476,-20.690918,-10.559082,27.465828,sit_stand_sit
1769345909.660661,-0.159058,-1.040771,-0.287598,-22.766121,-14.953617,28.442390,sit_stand_sit
1769345909.6798818,-0.193604,-0.992798,-0.278809,-23.437508,-18.737793,29.479988,sit_stand_sit
1769345909.6980226,-0.213745,-0.980591,-0.273071,-22.521980,-17.639160,28.991707,sit_stand_sit
1769345909.7213502,-0.222046,-0.980713,-0.262573,-21.789551,-13.854984,29.052742,sit_stand_sit
1769345909.8965213,-0.225586,-0.978394,-0.255615,-20.996094,-8.911133,28.930672,sit_stand_sit
1769345909.8965213,-0.230591,-0.977783,-0.259766,-20.141602,-4.638672,27.832039,sit_stand_sit
1769345909.8965213,-0.226074,-0.981079,-0.266724,-18.615723,-1.953125,25.878914,sit_stand_sit
1769345909.8965213,-0.218018,-0.986816,-0.272095,-16.784668,-2.746582,23.925789,sit_stand_sit
1769345909.8965213,-0.205200,-0.974731,-0.279053,-14.160160,-7.751467,21.911621,sit_stand_sit
1769345909.8965213,-0.215698,-0.952393,-0.283081,-11.962894,-11.291508,20.507813,sit_stand_sit
1769345909.8965213,-0.226929,-0.931885,-0.289429,-9.399414,-12.756351,18.371582,sit_stand_sit
1769345909.8965213,-0.229370,-0.919189,-0.297363,-6.774904,-14.038090,16.113281,sit_stand_sit
1769345910.1136045,-0.232178,-0.914429,-0.307983,-5.432129,-15.747074,13.916019,sit_stand_sit
1769345910.1156206,-0.220581,-0.905396,-0.328125,-4.089355,-20.507813,12.390141,sit_stand_sit
1769345910.1161323,-0.251465,-0.900269,-0.334839,-3.051759,-29.968269,9.460449,sit_stand_sit
1769345910.1161323,-0.290649,-0.906250,-0.331909,-2.868653,-33.081055,6.835939,sit_stand_sit
1769345910.1161323,-0.330933,-0.911865,-0.321533,-4.333496,-29.663094,3.479005,sit_stand_sit
1769345910.1184042,-0.357788,-0.909302,-0.311768,-5.676271,-17.883301,0.305176,sit_stand_sit
1769345910.1184042,-0.341675,-0.904419,-0.316650,-6.164553,-7.019045,-2.746582,sit_stand_sit
1769345910.1184042,-0.341797,-0.919434,-0.312378,-6.103518,-0.305176,-4.211426,sit_stand_sit
1769345910.1184042,-0.346680,-0.926392,-0.311890,-6.286623,4.028320,-5.737307,sit_stand_sit
1769345910.1184042,-0.336792,-0.936890,-0.325806,-6.164553,7.690432,-6.896975,sit_stand_sit
1769345910.1184042,-0.315063,-0.937500,-0.331177,-6.408693,5.554201,-7.934572,sit_stand_sit
1769345910.1252108,-0.330566,-0.928711,-0.324219,-6.652834,3.356935,-6.591799,sit_stand_sit
1769345910.1401865,-0.341064,-0.908813,-0.319214,-6.286623,9.887695,-4.821777,sit_stand_sit
1769345910.159302,-0.315674,-0.895752,-0.322632,-4.943848,8.850098,-2.990724,sit_stand_sit
1769345910.1816757,-0.331299,-0.889893,-0.318848,-5.187988,10.681152,-1.953125,sit_stand_sit
1769345910.2027879,-0.325317,-0.880005,-0.319336,-3.723145,17.150879,1.098633,sit_stand_sit
1769345910.221882,-0.305054,-0.881592,-0.325073,-2.990724,21.850586,2.136230,sit_stand_sit
1769345910.241594,-0.276611,-0.889771,-0.324707,-2.136230,23.986824,2.807618,sit_stand_sit
1769345910.256614,-0.254883,-0.897583,-0.325439,-1.647950,23.376472,3.479005,sit_stand_sit
1769345910.2827039,-0.237793,-0.908081,-0.331665,-1.464844,21.484375,3.356935,sit_stand_sit
1769345910.2964292,-0.218140,-0.913574,-0.339111,-1.708985,17.578125,2.746582,sit_stand_sit
1769345910.3234954,-0.210449,-0.915527,-0.345337,-2.014160,11.840824,1.708985,sit_stand_sit
1769345910.3431177,-0.214478,-0.907227,-0.347412,-2.563477,2.624512,-0.488281,sit_stand_sit
1769345910.3619812,-0.225220,-0.901855,-0.340454,-2.624512,-3.051759,-1.770020,sit_stand_sit
1769345910.3828228,-0.246948,-0.896362,-0.331299,-2.380371,-7.141115,-2.746582,sit_stand_sit
1769345910.4012575,-0.269409,-0.896240,-0.327026,-1.770020,-8.972168,-3.173829,sit_stand_sit
1769345910.4220724,-0.280518,-0.897705,-0.328735,-1.464844,-9.155273,-3.295899,sit_stand_sit
1769345910.4403734,-0.283691,-0.896484,-0.332275,-1.220703,-8.911133,-2.624512,sit_stand_sit
1769345910.4604888,-0.286743,-0.891846,-0.338379,-0.732422,-8.300781,-1.647950,sit_stand_sit
1769345910.4810588,-0.284668,-0.895386,-0.346191,0.305176,-7.324221,-0.488281,sit_stand_sit
1769345910.5023499,-0.287964,-0.899414,-0.351318,0.427246,-5.615236,0.366211,sit_stand_sit
1769345910.5203922,-0.286011,-0.905518,-0.348389,0.671387,-3.540040,0.732422,sit_stand_sit
1769345910.5415018,-0.284302,-0.904785,-0.347656,0.366211,-1.220703,1.159668,sit_stand_sit
1769345910.5620468,-0.279053,-0.903564,-0.346436,0.488281,0.915528,1.586915,sit_stand_sit
1769345910.582203,-0.271729,-0.904785,-0.343872,0.549316,2.136230,1.586915,sit_stand_sit
1769345910.6001694,-0.262207,-0.906128,-0.343872,0.427246,2.563477,1.464844,sit_stand_sit
1769345910.6186655,-0.258667,-0.907593,-0.345825,0.366211,1.892090,1.220703,sit_stand_sit
1769345910.6394057,-0.260254,-0.904541,-0.347534,-0.122070,1.342773,0.854492,sit_stand_sit
1769345910.6597455,-0.256714,-0.900757,-0.348022,-0.061035,0.793457,0.366211,sit_stand_sit
1769345910.6794212,-0.257568,-0.901855,-0.347656,0.183106,-0.122070,-0.366211,sit_stand_sit
1769345910.7011836,-0.262207,-0.906372,-0.346558,0.122070,-1.098633,-0.976563,sit_stand_sit
1769345910.722081,-0.265137,-0.908203,-0.343994,-0.183106,-1.892090,-1.220703,sit_stand_sit
1769345910.7428758,-0.264771,-0.904907,-0.341187,-0.122070,-3.112794,-1.647950,sit_stand_sit
1769345910.762437,-0.268433,-0.903320,-0.339478,0.061035,-3.662110,-1.708985,sit_stand_sit
1769345910.782891,-0.269897,-0.901978,-0.339844,0.305176,-3.784181,-1.525879,sit_stand_sit
1769345910.8029058,-0.269531,-0.901733,-0.341187,0.427246,-3.479005,-1.464844,sit_stand_sit
1769345910.822781,-0.266602,-0.902466,-0.341064,0.671387,-3.295899,-1.281738,sit_stand_sit
1769345910.8427427,-0.266357,-0.902588,-0.339233,0.915528,-3.417970,-0.976563,sit_stand_sit
1769345910.8613832,-0.266357,-0.899536,-0.338623,1.159668,-3.295899,-0.732422,sit_stand_sit
1769345910.8812726,-0.264526,-0.900513,-0.337646,1.464844,-3.295899,-0.610352,sit_stand_sit
1769345910.9010348,-0.263184,-0.901367,-0.338257,1.770020,-3.540040,-0.671387,sit_stand_sit
1769345910.9215603,-0.265015,-0.902954,-0.336426,2.014160,-4.028320,-0.793457,sit_stand_sit
1769345910.9371474,-0.265381,-0.905396,-0.333618,1.953125,-4.577637,-1.342773,sit_stand_sit
1769345910.96057,-0.263306,-0.904053,-0.332520,2.014160,-5.676271,-2.075195,sit_stand_sit
1769345910.9787598,-0.270508,-0.903320,-0.335938,2.197266,-6.835939,-2.563477,sit_stand_sit
1769345911.0015259,-0.271484,-0.906860,-0.330444,2.502441,-8.544922,-3.417970,sit_stand_sit
1769345911.020041,-0.272217,-0.905518,-0.330322,2.380371,-9.399414,-3.234864,sit_stand_sit
1769345911.037358,-0.274170,-0.900879,-0.325684,2.685547,-9.704590,-2.746582,sit_stand_sit
1769345911.0615644,-0.276855,-0.903564,-0.323486,2.990724,-9.765625,-2.929688,sit_stand_sit
1769345911.0816905,-0.272095,-0.909180,-0.323975,3.051759,-9.948730,-3.356935,sit_stand_sit
1769345911.102277,-0.267456,-0.906860,-0.323853,3.112794,-10.925293,-3.112794,sit_stand_sit
1769345911.1176674,-0.267090,-0.903687,-0.318726,3.417970,-12.207035,-3.234864,sit_stand_sit
1769345911.143126,-0.265381,-0.900391,-0.309326,4.211426,-13.854984,-4.211426,sit_stand_sit
1769345911.1604044,-0.267944,-0.901123,-0.305176,4.943848,-14.892582,-5.004883,sit_stand_sit
1769345911.182651,-0.274780,-0.897339,-0.302368,5.859377,-15.197758,-5.676271,sit_stand_sit
1769345911.2018704,-0.279785,-0.894897,-0.294556,6.958010,-14.770512,-6.286623,sit_stand_sit
1769345911.2219386,-0.283569,-0.890747,-0.286987,7.995607,-13.854984,-7.141115,sit_stand_sit
1769345911.237421,-0.286743,-0.886963,-0.283325,8.911133,-12.329105,-7.873537,sit_stand_sit
1769345911.25632,-0.306519,-0.874512,-0.275757,8.056641,-6.713869,-11.169437,sit_stand_sit
1769345911.2827804,-0.304688,-0.856079,-0.285889,10.192871,-1.892090,-15.258793,sit_stand_sit
1769345911.3016686,-0.306519,-0.897217,-0.280884,10.253906,1.892090,-20.385742,sit_stand_sit
1769345911.319189,-0.295166,-0.884521,-0.283691,9.399414,4.943848,-22.216805,sit_stand_sit
1769345911.3421965,-0.297119,-0.889526,-0.284180,9.704590,7.202150,-25.024422,sit_stand_sit
1769345911.361119,-0.300781,-0.899658,-0.277466,8.178711,10.681152,-28.320320,sit_stand_sit
1769345911.3826122,-0.299194,-0.913452,-0.267456,6.591799,14.648441,-33.996582,sit_stand_sit
1769345911.4031856,-0.253540,-0.968750,-0.275146,13.183598,17.944336,-35.827637,sit_stand_sit
1769345911.4217577,-0.255737,-1.005371,-0.255005,8.422852,19.165039,-35.095215,sit_stand_sit
1769345911.4403841,-0.232422,-0.994751,-0.244019,2.807618,18.432617,-40.771484,sit_stand_sit
1769345911.4593349,-0.163818,-1.053345,-0.256714,22.766121,17.333984,-43.640137,sit_stand_sit
1769345911.4790764,-0.145020,-1.220825,-0.255493,27.282722,13.549809,-45.898453,sit_stand_sit
1769345911.5001445,-0.132690,-1.305908,-0.271118,28.320320,13.427738,-45.288101,sit_stand_sit
1769345911.5202951,-0.171753,-1.316406,-0.252197,30.212410,20.507813,-41.259766,sit_stand_sit
1769345911.5428808,-0.130249,-1.290771,-0.249023,32.775879,29.357918,-40.039063,sit_stand_sit
1769345911.5616086,-0.093506,-1.283569,-0.246094,34.606934,36.804199,-37.292480,sit_stand_sit
1769345911.582409,-0.029785,-1.275513,-0.224121,36.254883,38.879395,-31.494148,sit_stand_sit
1769345911.602053,0.000977,-1.283569,-0.205200,34.301758,39.367676,-25.939949,sit_stand_sit
1769345911.6230032,0.052368,-1.265869,-0.193115,29.052742,41.503906,-20.629883,sit_stand_sit
1769345911.6404881,0.112305,-1.228149,-0.194946,24.963387,40.100098,-16.113281,sit_stand_sit
1769345911.6630878,0.225830,-1.181885,-0.209106,21.240234,18.371582,-13.244633,sit_stand_sit
1769345911.6820755,0.222168,-1.123901,-0.215820,19.897461,-8.056641,-10.253906,sit_stand_sit
1769345911.7003863,0.100586,-1.136108,-0.238770,13.366703,-18.920898,-13.549809,sit_stand_sit
1769345911.72134,0.081543,-1.070068,-0.284790,7.263186,-15.441898,-17.395020,sit_stand_sit
1769345911.742511,0.146729,-0.996948,-0.292114,8.544922,-19.287109,-19.226074,sit_stand_sit
1769345911.7566857,0.077026,-0.998535,-0.249023,7.934572,-28.564461,-20.080566,sit_stand_sit
1769345911.7823367,-0.055298,-1.015503,-0.187866,3.601075,-18.432617,-17.822266,sit_stand_sit
1769345911.8020494,-0.074219,-0.940430,-0.140137,-1.892090,14.892582,-16.845703,sit_stand_sit
1769345911.818534,-0.055054,-0.917847,-0.119141,-1.831055,26.977547,-15.197758,sit_stand_sit
1769345911.8414252,-0.021362,-0.893677,-0.089478,-4.150391,29.541023,-14.099125,sit_stand_sit
1769345911.8618426,0.020386,-0.860107,-0.078491,-4.638672,24.963387,-15.563969,sit_stand_sit
1769345911.8813355,0.009277,-0.866089,-0.067627,-4.150391,19.042969,-12.268070,sit_stand_sit
1769345911.9029348,-0.009399,-0.866577,-0.064209,-6.469728,16.662598,-8.422852,sit_stand_sit
1769345911.9173794,-0.006714,-0.844238,-0.080078,-9.094238,14.343266,-6.896975,sit_stand_sit
1769345911.942736,0.009399,-0.824585,-0.084961,-9.643555,11.596684,-4.821777,sit_stand_sit
1769345911.962383,0.020386,-0.820435,-0.087280,-9.338379,7.568361,-2.868653,sit_stand_sit
1769345911.97774,0.033569,-0.813599,-0.092651,-9.033203,1.831055,-1.220703,sit_stand_sit
1769345912.0008128,0.053467,-0.809082,-0.088257,-8.056641,-4.211426,0.488281,sit_stand_sit
1769345912.0203538,0.046631,-0.824463,-0.091064,-6.713869,-8.483887,1.586915,sit_stand_sit
1769345912.0412455,0.031006,-0.834229,-0.103027,-6.530764,-10.131836,2.868653,sit_stand_sit
1769345912.06293,0.045654,-0.819824,-0.107422,-5.615236,-11.962894,5.615236,sit_stand_sit
1769345912.0831158,0.052490,-0.810303,-0.109009,-4.333496,-13.061527,5.493164,sit_stand_sit
1769345912.098317,0.044922,-0.811035,-0.118042,-2.258301,-12.268070,5.676271,sit_stand_sit
1769345912.1209285,0.039795,-0.830200,-0.128296,-0.366211,-10.009766,5.249023,sit_stand_sit
1769345912.1386385,0.031494,-0.852783,-0.132202,0.427246,-5.920412,5.187988,sit_stand_sit
1769345912.1619673,0.031494,-0.860718,-0.140503,0.549316,-1.525879,6.103518,sit_stand_sit
1769345912.1821563,0.023071,-0.908081,-0.139893,1.464844,4.638672,5.493164,sit_stand_sit
1769345912.2019696,0.019897,-0.916260,-0.145508,1.831055,9.094238,4.089355,sit_stand_sit
1769345912.221611,0.015625,-0.938599,-0.148560,3.112794,14.648441,3.234864,sit_stand_sit
1769345912.2411687,0.025757,-0.967529,-0.155151,2.990724,18.432617,2.807618,sit_stand_sit
1769345912.262637,0.029419,-0.986328,-0.173706,1.831055,20.568848,2.441406,sit_stand_sit
1769345912.283322,0.067383,-0.974243,-0.205322,2.014160,20.141602,0.915528,sit_stand_sit
1769345912.29879,0.099609,-0.986938,-0.213867,1.831055,13.305668,1.892090,sit_stand_sit
1769345912.3190851,0.083008,-0.995361,-0.201782,-1.953125,5.004883,5.310059,sit_stand_sit
1769345912.3360474,0.069336,-0.985840,-0.198853,-3.173829,4.211426,8.056641,sit_stand_sit
1769345912.3601277,0.077271,-0.971680,-0.187378,-3.662110,3.173829,9.643555,sit_stand_sit
1769345912.3772361,0.079224,-0.968262,-0.167236,-3.051759,0.915528,9.826660,sit_stand_sit
1769345912.400512,0.075073,-0.971558,-0.153687,-3.234864,-0.671387,9.460449,sit_stand_sit
1769345912.4214318,0.065674,-0.967285,-0.139282,-3.051759,-1.586915,8.666992,sit_stand_sit
1769345912.43783,0.058594,-0.974365,-0.118774,-2.319336,-1.342773,5.798342,sit_stand_sit
1769345912.457014,0.108276,-0.991089,-0.108398,-3.417970,2.746582,7.812502,sit_stand_sit
1769345912.4821296,-0.036377,-0.938354,-0.103271,2.563477,7.934572,-1.708985,sit_stand_sit
1769345912.501684,0.058472,-1.000244,-0.106567,1.464844,10.803223,-2.624512,sit_stand_sit
1769345912.5201058,0.069946,-0.998535,-0.110596,-0.854492,8.422852,-1.953125,sit_stand_sit
1769345912.5415945,0.031250,-0.981689,-0.115845,1.892090,8.178711,-4.943848,sit_stand_sit
1769345912.562082,0.089478,-1.023560,-0.127808,1.892090,6.042482,-6.286623,sit_stand_sit
1769345912.5825863,0.104614,-1.020020,-0.142822,0.305176,0.000000,-3.234864,sit_stand_sit
1769345912.7761903,0.091309,-1.002563,-0.158447,0.732422,-5.493164,-1.770020,sit_stand_sit
1769345912.7761903,0.067261,-0.998535,-0.163696,1.708985,-7.446291,-1.525879,sit_stand_sit
1769345912.7761903,0.112061,-0.997803,-0.178711,2.136230,-8.911133,-3.845216,sit_stand_sit
1769345912.7761903,0.113037,-1.002319,-0.185669,0.732422,-18.066406,-5.004883,sit_stand_sit
1769345912.7761903,0.040649,-0.996338,-0.177856,-0.122070,-17.089844,-1.770020,sit_stand_sit
1769345912.7761903,0.036743,-0.991211,-0.163452,-0.427246,-10.253906,-1.708985,sit_stand_sit
1769345912.7761903,0.029175,-0.985962,-0.151855,-0.305176,-5.676271,-2.441406,sit_stand_sit
1769345912.7761903,0.023804,-1.001465,-0.143433,-0.366211,-3.051759,-2.380371,sit_stand_sit
1769345912.7761903,0.032593,-0.993042,-0.143921,-1.037598,-2.258301,-2.258301,sit_stand_sit
1769345912.980575,0.028687,-0.981567,-0.140137,-0.366211,-3.112794,-1.403809,sit_stand_sit
1769345912.983312,0.016968,-0.985474,-0.135010,0.183106,-3.051759,-1.098633,sit_stand_sit
1769345912.983312,0.015381,-0.992798,-0.137939,0.305176,-2.685547,-0.549316,sit_stand_sit
1769345912.983312,0.022217,-0.985107,-0.152466,-0.122070,-4.150391,0.610352,sit_stand_sit
1769345912.983312,0.019043,-0.990601,-0.156494,0.244141,-6.042482,0.427246,sit_stand_sit
1769345912.983312,0.017334,-1.000854,-0.165405,-0.244141,-6.652834,0.427246,sit_stand_sit
1769345912.983312,0.023804,-0.999268,-0.171021,-1.037598,-6.958010,0.854492,sit_stand_sit
1769345912.983312,0.025635,-0.995850,-0.172729,-1.403809,-7.446291,0.976563,sit_stand_sit
1769345912.983312,0.023315,-0.991577,-0.169800,-2.014160,-5.981447,1.403809,sit_stand_sit
1769345912.983312,0.026978,-0.979858,-0.163330,-1.831055,-0.915528,2.258301,sit_stand_sit
1769345912.983312,0.034790,-0.983521,-0.164673,-1.586915,1.220703,2.319336,sit_stand_sit
1769345913.0083528,0.036255,-0.983643,-0.168823,-1.647950,1.464844,2.258301,sit_stand_sit
1769345913.0227852,0.030884,-0.992798,-0.156616,-1.159668,1.464844,1.708985,sit_stand_sit
1769345913.0418658,0.029175,-1.000732,-0.148193,-1.831055,2.685547,1.647950,sit_stand_sit
1769345913.063353,0.034058,-0.983398,-0.150635,-2.258301,3.479005,2.319336,sit_stand_sit
1769345913.0825322,0.041382,-0.965942,-0.153076,-1.586915,2.746582,2.075195,sit_stand_sit
1769345913.1036415,0.027832,-0.971069,-0.145630,-0.793457,1.342773,1.647950,sit_stand_sit
1769345913.1228642,0.028564,-0.955933,-0.149780,-0.915528,2.868653,2.319336,sit_stand_sit
1769345913.1429365,0.032104,-0.935669,-0.152710,-0.244141,3.295899,2.746582,sit_stand_sit
1769345913.1604035,0.020752,-0.932739,-0.148682,0.549316,4.028320,1.953125,sit_stand_sit
1769345913.1803565,0.023804,-0.940796,-0.141602,1.037598,7.324221,0.793457,sit_stand_sit
1769345913.2001634,0.037231,-0.938232,-0.142334,0.549316,10.253906,0.610352,sit_stand_sit
1769345913.223923,0.045776,-0.909302,-0.153076,-0.549316,12.817387,0.061035,sit_stand_sit
1769345913.242409,0.054688,-0.888306,-0.159424,-0.244141,13.183598,-0.793457,sit_stand_sit
1769345913.263238,0.064331,-0.874756,-0.168823,-0.427246,12.695316,-2.014160,sit_stand_sit
1769345913.2828398,0.076294,-0.853394,-0.174438,-1.342773,10.009766,-2.441406,sit_stand_sit
1769345913.3048203,0.080078,-0.828979,-0.166138,-2.258301,5.004883,-2.441406,sit_stand_sit
1769345913.3191185,0.068970,-0.818359,-0.148071,-2.380371,0.732422,-3.356935,sit_stand_sit
1769345913.3400972,0.048584,-0.813843,-0.129028,-1.892090,-0.671387,-4.882813,sit_stand_sit
1769345913.3633268,0.019409,-0.825562,-0.112549,0.671387,3.601075,-6.652834,sit_stand_sit
1769345913.381793,0.014404,-0.854248,-0.099365,3.051759,8.056641,-9.216309,sit_stand_sit
1769345913.4076986,0.012085,-0.872437,-0.104126,4.272461,12.451176,-10.192871,sit_stand_sit
1769345913.4179766,0.007202,-0.881714,-0.109131,5.249023,16.723633,-9.277344,sit_stand_sit
1769345913.442915,0.007568,-0.900024,-0.109741,6.530764,20.935059,-9.216309,sit_stand_sit
1769345913.4630327,0.010376,-0.925903,-0.113892,7.385256,24.658211,-9.460449,sit_stand_sit
1769345913.4803736,0.021973,-0.944458,-0.119263,6.835939,26.367195,-8.422852,sit_stand_sit
1769345913.5035837,0.044067,-0.976318,-0.108398,5.859377,22.644051,-6.958010,sit_stand_sit
1769345913.5228903,0.053833,-0.997437,-0.114868,4.638672,17.517090,-5.676271,sit_stand_sit
1769345913.5412183,0.060181,-1.006714,-0.127441,3.234864,11.413578,-3.234864,sit_stand_sit
1769345913.5626543,0.078003,-1.013062,-0.134155,2.685547,4.150391,-1.037598,sit_stand_sit
1769345913.5836253,0.095703,-1.024292,-0.136719,2.563477,-3.967286,-0.061035,sit_stand_sit
1769345913.602685,0.097168,-1.015381,-0.157104,1.220703,-9.582520,1.708985,sit_stand_sit
1769345913.6241324,0.089111,-0.986572,-0.165771,0.671387,-9.155273,6.408693,sit_stand_sit
1769345913.6436136,0.078125,-1.006958,-0.156372,1.708985,-3.173829,6.713869,sit_stand_sit
1769345913.663827,0.089844,-1.027466,-0.158813,1.770020,3.845216,7.324221,sit_stand_sit
1769345913.6794426,0.105225,-1.033691,-0.160767,1.159668,7.446291,9.765625,sit_stand_sit
1769345913.7008326,0.106079,-1.017700,-0.153320,0.183106,7.934572,12.756351,sit_stand_sit
1769345913.723547,0.095947,-1.012695,-0.133423,-0.061035,6.164553,13.671879,sit_stand_sit
1769345913.7432406,0.085571,-1.027466,-0.114136,-1.281738,4.760742,11.840824,sit_stand_sit
1769345913.7628603,0.091064,-1.033936,-0.104614,-4.394531,0.671387,11.596684,sit_stand_sit
1769345913.78276,0.081543,-1.029907,-0.094116,-6.774904,-3.845216,12.817387,sit_stand_sit
1769345913.802104,0.079468,-1.038086,-0.082153,-7.690432,-7.690432,12.390141,sit_stand_sit
1769345913.8190255,0.076538,-1.055786,-0.087402,-8.789063,-11.779789,11.596684,sit_stand_sit
1769345913.8442802,0.090820,-1.067139,-0.093994,-9.826660,-17.883301,12.756351,sit_stand_sit
1769345913.8600047,-0.017822,-1.105957,-0.116699,-14.465336,-17.028809,16.357422,sit_stand_sit
1769345913.88348,0.033936,-1.103271,-0.156494,-16.113281,-6.347658,15.930180,sit_stand_sit
1769345913.9034953,0.086060,-1.128906,-0.186768,-15.930180,-10.864258,16.540527,sit_stand_sit
1769345913.9187353,0.047363,-1.125122,-0.225708,-18.432617,-15.930180,20.202637,sit_stand_sit
1769345913.9434912,0.084229,-1.106934,-0.297852,-18.493652,-23.620613,24.841316,sit_stand_sit
1769345913.9617662,0.065063,-1.124268,-0.348633,-20.385742,-36.926270,29.846199,sit_stand_sit
1769345913.9839313,-0.039795,-1.099243,-0.358154,-27.282722,-37.597656,29.907234,sit_stand_sit
1769345914.0020237,-0.126709,-1.082275,-0.312744,-32.531738,-26.977547,26.550301,sit_stand_sit
1769345914.0208094,-0.177612,-1.076050,-0.270142,-39.062500,1.464844,22.766121,sit_stand_sit
1769345914.2102406,-0.138794,-1.034058,-0.275269,-40.771484,13.244633,26.123055,sit_stand_sit
1769345914.2107334,-0.134277,-0.990845,-0.277100,-41.381836,16.906738,27.160652,sit_stand_sit
1769345914.2107334,-0.130127,-0.958984,-0.279785,-38.391113,18.005371,25.573738,sit_stand_sit
1769345914.2107334,-0.117188,-0.968384,-0.279907,-33.874512,15.197758,24.658211,sit_stand_sit
1769345914.2107334,-0.127930,-0.990723,-0.281128,-30.212410,11.413578,23.986824,sit_stand_sit
1769345914.2107334,-0.151978,-1.011353,-0.284668,-27.587898,9.582520,19.714355,sit_stand_sit
1769345914.2107334,-0.174194,-1.041870,-0.286499,-24.108894,11.230473,15.869144,sit_stand_sit
1769345914.2107334,-0.181030,-1.046875,-0.286499,-22.033691,13.305668,13.488773,sit_stand_sit
1769345914.413759,-0.199341,-1.043823,-0.291626,-20.996094,16.113281,13.000492,sit_stand_sit
1769345914.413759,-0.196777,-1.021362,-0.300171,-19.775391,19.897461,13.916019,sit_stand_sit
1769345914.413759,-0.166382,-0.989258,-0.309326,-17.517090,20.446777,15.441898,sit_stand_sit
1769345914.413759,-0.133301,-0.953613,-0.329102,-14.770512,15.197758,18.371582,sit_stand_sit
1769345914.4162724,-0.130859,-0.906982,-0.385132,-12.573246,2.197266,23.559578,sit_stand_sit
1769345914.4162724,-0.131348,-0.876709,-0.423706,-12.207035,3.845216,25.634773,sit_stand_sit
1769345914.4162724,-0.106201,-0.862549,-0.432495,-10.620117,1.953125,24.536140,sit_stand_sit
1769345914.4162724,-0.122681,-0.872314,-0.424561,-10.986328,-1.098633,20.324707,sit_stand_sit
1769345914.4162724,-0.117554,-0.871826,-0.409668,-11.413578,-4.333496,15.869144,sit_stand_sit
1769345914.4162724,-0.122314,-0.878052,-0.391235,-10.681152,-9.826660,11.962894,sit_stand_sit
1769345914.4162724,-0.155273,-0.886841,-0.375366,-9.338379,-14.160160,8.789063,sit_stand_sit
1769345914.4235053,-0.196655,-0.911621,-0.358765,-7.080080,-17.028809,5.554201,sit_stand_sit
1769345914.443516,-0.216553,-0.917480,-0.360352,-8.056641,-16.723633,4.394531,sit_stand_sit
1769345914.463597,-0.223877,-0.911255,-0.379761,-8.911133,-16.052246,3.173829,sit_stand_sit
1769345914.4801009,-0.234985,-0.906860,-0.401611,-9.399414,-15.197758,2.563477,sit_stand_sit
1769345914.5009387,-0.223022,-0.895264,-0.421265,-9.704590,-15.136723,2.197266,sit_stand_sit
1769345914.5224886,-0.212524,-0.884277,-0.427002,-8.972168,-15.747074,2.746582,sit_stand_sit
1769345914.543429,-0.216187,-0.883545,-0.426392,-8.178711,-14.953617,2.136230,sit_stand_sit
1769345914.563097,-0.213501,-0.877197,-0.421265,-7.934572,-13.549809,1.892090,sit_stand_sit
1769345914.5825758,-0.208252,-0.873047,-0.415039,-6.408693,-12.512211,1.831055,sit_stand_sit
1769345914.600414,-0.215942,-0.878174,-0.406738,-5.249023,-11.962894,1.220703,sit_stand_sit
1769345914.6264024,-0.225342,-0.884155,-0.402954,-4.638672,-11.230473,0.671387,sit_stand_sit
1769345914.642543,-0.234131,-0.880127,-0.399536,-3.601075,-10.375977,0.610352,sit_stand_sit
1769345914.6615286,-0.242065,-0.877441,-0.399048,-2.502441,-9.521484,0.427246,sit_stand_sit
1769345914.6797776,-0.254761,-0.885620,-0.405396,-0.549316,-6.713869,0.854492,sit_stand_sit
1769345914.7004957,-0.262329,-0.887573,-0.411133,-0.488281,-4.150391,0.610352,sit_stand_sit
1769345914.7216675,-0.258911,-0.890503,-0.410645,-0.427246,-1.892090,0.610352,sit_stand_sit
1769345914.7426436,-0.255859,-0.887207,-0.408447,0.305176,-0.366211,0.366211,sit_stand_sit
1769345914.7624686,-0.249878,-0.886719,-0.403931,1.159668,0.549316,-0.244141,sit_stand_sit
1769345914.782589,-0.250122,-0.885498,-0.405029,1.647950,2.075195,-0.061035,sit_stand_sit
1769345914.8005302,-0.243286,-0.884033,-0.402344,2.197266,3.784181,-0.061035,sit_stand_sit
1769345914.8205457,-0.236084,-0.876221,-0.400269,3.173829,5.187988,0.549316,sit_stand_sit
1769345914.8414505,-0.237793,-0.872925,-0.401001,3.356935,6.164553,0.793457,sit_stand_sit
1769345914.8603625,-0.236816,-0.874878,-0.402710,4.211426,7.690432,0.305176,sit_stand_sit
1769345914.8813043,-0.230835,-0.884399,-0.403564,4.516602,8.666992,0.183106,sit_stand_sit
1769345914.9029844,-0.226807,-0.887817,-0.404053,4.272461,8.422852,0.183106,sit_stand_sit
1769345914.9228604,-0.240234,-0.898193,-0.405029,2.807618,10.009766,-0.244141,sit_stand_sit
1769345914.9433122,-0.195679,-0.885986,-0.405273,2.502441,10.864258,-1.586915,sit_stand_sit
1769345914.962859,-0.212646,-0.900513,-0.398560,3.112794,7.873537,-2.075195,sit_stand_sit
1769345914.9818783,-0.218506,-0.906860,-0.393311,2.929688,7.141115,-2.319336,sit_stand_sit
1769345915.0006962,-0.208252,-0.907349,-0.388916,2.685547,6.164553,-1.892090,sit_stand_sit
1769345915.0225215,-0.210571,-0.904785,-0.388062,2.563477,5.187988,-1.647950,sit_stand_sit
1769345915.0430987,-0.205444,-0.901855,-0.390503,2.746582,4.577637,-1.708985,sit_stand_sit
1769345915.0636802,-0.198730,-0.901123,-0.395630,2.746582,3.479005,-1.647950,sit_stand_sit
1769345915.082576,-0.193848,-0.901001,-0.400024,3.051759,1.342773,-1.403809,sit_stand_sit
1769345915.1022592,-0.194336,-0.899170,-0.397217,3.234864,-0.183106,-1.892090,sit_stand_sit
1769345915.123594,-0.199951,-0.899902,-0.392822,3.540040,-1.464844,-2.502441,sit_stand_sit
1769345915.1435764,-0.204590,-0.903687,-0.388184,3.601075,-2.502441,-3.051759,sit_stand_sit
1769345915.16349,-0.213379,-0.898560,-0.387329,3.112794,-1.342773,-3.112794,sit_stand_sit
1769345915.181848,-0.197632,-0.889893,-0.389526,3.967286,-2.075195,-3.601075,sit_stand_sit
1769345915.2039797,-0.210083,-0.897095,-0.384033,4.333496,-2.014160,-4.821777,sit_stand_sit
1769345915.2239337,-0.199219,-0.891602,-0.383911,5.004883,-1.770020,-4.211426,sit_stand_sit
1769345915.2438912,-0.205078,-0.888428,-0.383789,5.554201,-1.586915,-4.333496,sit_stand_sit
1769345915.2628942,-0.206543,-0.886230,-0.380859,6.774904,-2.014160,-6.347658,sit_stand_sit
1769345915.283494,-0.211670,-0.889526,-0.381592,7.812502,1.281738,-4.821777,sit_stand_sit
1769345915.3014529,-0.209106,-0.901611,-0.382324,7.446291,2.746582,-5.798342,sit_stand_sit
1769345915.3237975,-0.199341,-0.889404,-0.382202,7.812502,4.943848,-5.798342,sit_stand_sit
1769345915.3404644,-0.187988,-0.896851,-0.372803,9.338379,2.380371,-7.507326,sit_stand_sit
1769345915.3594453,-0.190674,-0.895264,-0.369751,9.704590,0.976563,-8.117676,sit_stand_sit
1769345915.376277,-0.188110,-0.901978,-0.365845,9.765625,-1.953125,-7.995607,sit_stand_sit
1769345915.4042993,-0.199097,-0.898804,-0.355591,9.460449,-3.051759,-8.422852,sit_stand_sit
1769345915.4231682,-0.203369,-0.887573,-0.355591,10.009766,-3.540040,-9.277344,sit_stand_sit
1769345915.4457824,-0.202026,-0.889038,-0.352539,10.620117,-4.028320,-11.291508,sit_stand_sit
1769345915.4599411,-0.211426,-0.897583,-0.353149,11.779789,-3.173829,-13.366703,sit_stand_sit
1769345915.4836242,-0.223145,-0.909180,-0.352539,13.305668,0.183106,-14.221195,sit_stand_sit
1769345915.5040154,-0.202881,-0.912476,-0.354858,12.329105,1.708985,-15.991215,sit_stand_sit
1769345915.5234125,-0.211426,-0.908691,-0.357178,14.526371,2.929688,-16.052246,sit_stand_sit
1769345915.550047,-0.201782,-0.909302,-0.358398,12.084965,2.807618,-18.798828,sit_stand_sit
1769345915.5635684,-0.203369,-0.924194,-0.355469,13.610844,4.699707,-19.165039,sit_stand_sit
1769345915.58212,-0.203735,-0.929443,-0.356934,15.808109,7.385256,-18.066406,sit_stand_sit
1769345915.6015098,-0.168579,-0.955566,-0.349487,17.089844,8.728027,-19.775391,sit_stand_sit
1769345915.6224701,-0.169434,-0.977539,-0.351807,16.967773,3.295899,-22.033691,sit_stand_sit
1769345915.6430843,-0.169312,-0.986572,-0.348389,17.150879,0.488281,-21.911621,sit_stand_sit
1769345915.6639411,-0.169556,-1.007324,-0.344849,18.493652,-0.244141,-22.644051,sit_stand_sit
1769345915.6830258,-0.138062,-1.033813,-0.351929,21.423340,-5.432129,-22.277840,sit_stand_sit
1769345915.701765,-0.161133,-1.105347,-0.330078,26.367195,-4.028320,-21.301270,sit_stand_sit
1769345915.7229984,-0.114014,-1.169434,-0.312256,28.381355,-1.159668,-22.521980,sit_stand_sit
1769345915.7431583,-0.040039,-1.227173,-0.308594,28.503426,-5.859377,-23.132332,sit_stand_sit
1769345915.761973,-0.028320,-1.226318,-0.286255,28.198250,-10.498047,-22.888191,sit_stand_sit
1769345915.7840362,-0.013184,-1.227905,-0.240967,27.893074,-15.502934,-23.559578,sit_stand_sit
1769345915.8019333,0.016724,-1.223389,-0.207886,26.550301,-19.104004,-24.353035,sit_stand_sit
1769345915.824078,0.022583,-1.204712,-0.197388,24.597176,-19.897461,-22.949226,sit_stand_sit
1769345915.8438597,0.013794,-1.198120,-0.193604,23.315437,-15.563969,-20.751953,sit_stand_sit
1769345915.8599384,0.049561,-1.220703,-0.168945,21.545410,-6.835939,-18.798828,sit_stand_sit
1769345915.88308,0.067871,-1.229980,-0.166626,19.042969,-3.906251,-17.456055,sit_stand_sit
1769345915.9019983,0.066284,-1.223511,-0.168823,17.089844,-2.685547,-16.723633,sit_stand_sit
1769345915.9232118,0.076538,-1.207520,-0.169800,15.319828,-3.662110,-17.456055,sit_stand_sit
1769345915.94399,0.079346,-1.170776,-0.164307,13.305668,-6.774904,-17.578125,sit_stand_sit
1769345915.9630167,0.061401,-1.124023,-0.161011,12.451176,-7.568361,-17.761230,sit_stand_sit
1769345915.9832785,0.040039,-1.082886,-0.160278,12.329105,-3.356935,-17.700195,sit_stand_sit
1769345916.002032,0.039795,-1.030396,-0.161987,10.925293,6.530764,-16.235352,sit_stand_sit
1769345916.0195644,0.064819,-1.006592,-0.178589,9.460449,9.887695,-16.052246,sit_stand_sit
1769345916.0431976,0.089478,-0.976563,-0.193359,6.286623,7.629396,-15.258793,sit_stand_sit
1769345916.0637178,0.090576,-0.941284,-0.200195,2.807618,1.586915,-13.610844,sit_stand_sit
1769345916.082063,0.070313,-0.906860,-0.191284,-0.244141,-4.394531,-11.474613,sit_stand_sit
1769345916.1021225,0.017334,-0.875610,-0.153564,-4.089355,-3.723145,-12.634281,sit_stand_sit
1769345916.1231112,0.027100,-0.809204,-0.135254,-3.540040,-3.112794,-15.136723,sit_stand_sit
1769345916.1419966,-0.020264,-0.844604,-0.097656,-4.455566,9.643555,1.953125,sit_stand_sit
1769345916.1638134,0.049316,-0.784058,-0.102295,-5.249023,11.535648,-2.441406,sit_stand_sit
1769345916.1834543,0.050537,-0.805054,-0.093750,-1.403809,6.896975,-6.591799,sit_stand_sit
1769345916.2034962,0.037109,-0.847046,-0.092651,-2.929688,5.676271,-6.103518,sit_stand_sit
1769345916.2224557,0.039673,-0.825806,-0.101196,-4.821777,4.699707,-4.638672,sit_stand_sit
1769345916.2418911,0.043579,-0.819214,-0.099365,-3.601075,1.586915,-5.981447,sit_stand_sit
1769345916.2634542,0.047363,-0.832642,-0.118896,-3.845216,-4.150391,-9.338379,sit_stand_sit
1769345916.2836683,0.042358,-0.802856,-0.132080,-4.760742,-8.850098,-6.408693,sit_stand_sit
1769345916.3038957,0.024292,-0.776978,-0.135498,-3.723145,-11.779789,-5.065918,sit_stand_sit
1769345916.3192275,0.010864,-0.786011,-0.135254,-1.770020,-11.352543,-6.103518,sit_stand_sit
1769345916.3434258,0.020874,-0.807251,-0.134399,-1.525879,-9.582520,-4.455566,sit_stand_sit
1769345916.3624735,0.024170,-0.801636,-0.143188,-3.173829,-8.911133,-0.305176,sit_stand_sit
1769345916.3817332,0.012695,-0.787842,-0.150024,-2.502441,-8.544922,0.732422,sit_stand_sit
1769345916.4028878,0.012207,-0.855713,-0.154175,-0.854492,-6.164553,0.305176,sit_stand_sit
1769345916.4211478,-0.000732,-0.904419,-0.154541,-1.708985,-2.868653,2.319336,sit_stand_sit
1769345916.4414835,0.003906,-0.931885,-0.160034,-3.173829,-0.183106,1.770020,sit_stand_sit
1769345916.4641047,0.000610,-0.942261,-0.166260,-2.746582,1.586915,0.122070,sit_stand_sit
1769345916.4833055,-0.001709,-0.987427,-0.157593,-0.854492,4.272461,-1.159668,sit_stand_sit
1769345916.5034387,0.010254,-1.026978,-0.158569,-1.708985,6.591799,0.000000,sit_stand_sit
1769345916.5237935,0.039063,-1.018311,-0.165771,-2.624512,4.394531,7.324221,sit_stand_sit
1769345916.542412,0.042603,-0.994873,-0.166748,-1.770020,1.525879,9.216309,sit_stand_sit
1769345916.5609756,0.048096,-0.987915,-0.159424,0.732422,-0.366211,10.803223,sit_stand_sit
1769345916.5835402,0.049927,-0.989136,-0.153076,1.647950,-0.854492,13.549809,sit_stand_sit
1769345916.6036725,0.055176,-0.984985,-0.155884,1.953125,-0.305176,15.808109,sit_stand_sit
1769345916.622614,0.064087,-0.981079,-0.154541,1.831055,0.671387,16.296387,sit_stand_sit
1769345916.643163,0.083496,-0.975342,-0.164185,2.380371,0.976563,15.441898,sit_stand_sit
1769345916.6627262,0.091919,-0.970215,-0.184204,0.488281,5.126953,11.840824,sit_stand_sit
1769345916.6832144,0.111328,-0.976074,-0.198364,-0.061035,5.676271,8.178711,sit_stand_sit
1769345916.7029831,0.112305,-0.983887,-0.195801,-0.366211,4.150391,5.126953,sit_stand_sit
1769345916.7223477,0.115845,-0.998901,-0.186890,-1.647950,1.525879,2.685547,sit_stand_sit
1769345916.7414806,0.105469,-0.989624,-0.177490,-1.953125,-1.342773,1.525879,sit_stand_sit
1769345916.763569,0.087158,-0.985962,-0.161865,-1.464844,-3.417970,1.464844,sit_stand_sit
1769345916.7825472,0.065552,-0.987183,-0.151489,-0.732422,-3.845216,0.305176,sit_stand_sit
1769345916.8032484,0.050171,-0.988647,-0.149170,-0.488281,-2.807618,-1.037598,sit_stand_sit
1769345916.8234313,0.032593,-0.993164,-0.144653,-0.488281,-1.220703,-2.746582,sit_stand_sit
1769345916.8442326,0.028931,-1.000244,-0.137329,-0.061035,0.061035,-4.638672,sit_stand_sit
1769345916.8638358,0.026855,-1.008179,-0.134644,0.122070,0.427246,-5.249023,sit_stand_sit
1769345916.88074,0.026978,-0.999268,-0.141602,-0.366211,-0.305176,-3.723145,sit_stand_sit
1769345917.0763059,0.025146,-0.986694,-0.148315,0.427246,-2.075195,-2.868653,sit_stand_sit
1769345917.0763059,0.026001,-1.001099,-0.150146,1.708985,-2.807618,-2.258301,sit_stand_sit
1769345917.0763059,0.034546,-0.996460,-0.163452,0.488281,-2.014160,-1.159668,sit_stand_sit
1769345917.0763059,0.045166,-0.986572,-0.172729,0.915528,-2.075195,-0.183106,sit_stand_sit
1769345917.0780659,0.052856,-0.992920,-0.176880,0.915528,-2.197266,0.000000,sit_stand_sit
1769345917.0780659,0.059814,-0.994385,-0.180420,0.671387,-2.807618,-0.427246,sit_stand_sit
1769345917.0780659,0.053101,-0.988159,-0.178467,0.122070,-2.502441,-0.610352,sit_stand_sit
1769345917.0780659,0.047119,-0.988281,-0.175781,0.366211,-1.525879,-1.464844,sit_stand_sit
1769345917.2783744,0.043945,-0.990845,-0.172607,0.610352,1.342773,-1.892090,sit_stand_sit
1769345917.2783744,0.037842,-0.989868,-0.171265,0.305176,2.258301,-1.953125,sit_stand_sit
1769345917.2783744,0.032715,-0.983276,-0.173584,0.122070,2.868653,-1.831055,sit_stand_sit
1769345917.2783744,0.030640,-0.983887,-0.170410,0.000000,2.807618,-1.953125,sit_stand_sit
1769345917.2783744,0.028198,-0.981934,-0.165649,-0.488281,1.708985,-1.708985,sit_stand_sit
1769345917.2833807,0.020264,-0.981689,-0.163452,-0.793457,0.732422,-1.220703,sit_stand_sit
1769345917.2833807,0.015991,-0.988892,-0.150391,-1.037598,0.549316,0.061035,sit_stand_sit
1769345917.2833807,0.017212,-0.991211,-0.155273,-1.647950,0.610352,0.854492,sit_stand_sit
1769345917.2833807,0.019531,-0.976074,-0.157227,-1.586915,0.488281,2.197266,sit_stand_sit
1769345917.2833807,0.017456,-0.977173,-0.153442,-1.098633,0.732422,2.502441,sit_stand_sit
1769345917.2833807,0.016724,-0.984253,-0.156494,-0.854492,2.197266,2.563477,sit_stand_sit
1769345917.2833807,0.023926,-0.993652,-0.163696,-0.976563,3.479005,2.685547,sit_stand_sit
1769345917.303399,0.035400,-1.003174,-0.163818,-1.403809,3.295899,2.685547,sit_stand_sit
1769345917.3210928,0.070801,-1.007568,-0.169434,-3.112794,1.892090,3.601075,sit_stand_sit
1769345917.338699,0.035889,-0.987061,-0.172485,-0.976563,0.610352,2.014160,sit_stand_sit
1769345917.3635025,0.050171,-1.003906,-0.171509,-1.281738,1.342773,1.586915,sit_stand_sit
1769345917.379653,0.064087,-0.999268,-0.173462,-2.380371,0.610352,2.014160,sit_stand_sit
1769345917.4024224,0.042236,-0.979126,-0.173462,-1.953125,1.281738,1.586915,sit_stand_sit
1769345917.4236283,0.050293,-0.983398,-0.170532,-1.403809,2.624512,1.831055,sit_stand_sit
1769345917.441716,0.065308,-0.983398,-0.164307,-4.516602,-4.272461,3.051759,sit_stand_sit
1769345917.463396,0.025269,-0.968628,-0.162476,-3.112794,-2.868653,2.380371,sit_stand_sit
1769345917.4833107,0.031372,-0.975342,-0.160034,-2.197266,-0.915528,2.258301,sit_stand_sit
1769345917.5005605,0.035889,-0.988647,-0.157471,-2.868653,-2.197266,1.647950,sit_stand_sit
1769345917.519996,0.022949,-0.982788,-0.160522,-3.723145,-3.051759,1.953125,sit_stand_sit
1769345917.5421367,0.021606,-0.971802,-0.166260,-3.540040,-3.051759,2.319336,sit_stand_sit
1769345917.562142,0.022461,-0.964844,-0.165283,-3.234864,-4.333496,2.380371,sit_stand_sit
1769345917.5841517,0.014893,-0.956055,-0.176270,-4.028320,-4.516602,3.173829,sit_stand_sit
1769345917.6020591,0.025146,-0.931396,-0.183716,-4.577637,-4.943848,4.272461,sit_stand_sit
1769345917.6222215,0.027466,-0.896362,-0.186157,-5.615236,-6.958010,5.187988,sit_stand_sit
1769345917.643169,0.013916,-0.862427,-0.191040,-6.286623,-7.751467,5.493164,sit_stand_sit
1769345917.6616664,0.000977,-0.838379,-0.196899,-6.774904,-6.713869,4.272461,sit_stand_sit
1769345917.6790547,0.007202,-0.835449,-0.193359,-5.859377,-6.042482,2.258301,sit_stand_sit
1769345917.702751,0.009766,-0.825806,-0.197754,-8.056641,-7.324221,1.403809,sit_stand_sit
1769345917.7204711,0.000366,-0.789307,-0.189087,-8.605957,-8.605957,1.464844,sit_stand_sit
1769345917.746368,-0.013550,-0.788330,-0.171387,-7.263186,-8.056641,-0.915528,sit_stand_sit
1769345917.762687,-0.016357,-0.823120,-0.162354,-5.432129,-5.859377,-4.882813,sit_stand_sit
1769345917.781734,-0.007690,-0.862915,-0.149780,-4.272461,-4.638672,-7.019045,sit_stand_sit
1769345917.8024862,-0.004150,-0.881104,-0.133667,-4.333496,-4.821777,-6.225588,sit_stand_sit
1769345917.8203928,-0.008423,-0.873535,-0.124268,-3.051759,-3.417970,-4.516602,sit_stand_sit
1769345917.8382947,-0.017822,-0.891235,-0.125244,3.173829,2.990724,-4.821777,sit_stand_sit
1769345917.859706,-0.004028,-0.930908,-0.125488,4.943848,8.728027,-7.385256,sit_stand_sit
1769345917.8811703,0.031616,-0.935059,-0.134521,5.371094,10.559082,-4.028320,sit_stand_sit
1769345917.9009252,0.039429,-0.918701,-0.132446,5.920412,9.338379,0.915528,sit_stand_sit
1769345917.9240198,0.051270,-0.909912,-0.117798,7.568361,6.774904,0.549316,sit_stand_sit
1769345917.9436045,0.057129,-0.933350,-0.111328,9.277344,3.967286,-2.380371,sit_stand_sit
1769345917.9648926,0.064453,-0.969360,-0.107056,9.582520,3.234864,-3.234864,sit_stand_sit
1769345917.981071,0.078247,-0.988647,-0.123291,9.399414,-0.549316,-2.258301,sit_stand_sit
1769345918.0042481,0.062134,-0.993896,-0.134766,9.643555,-3.051759,-2.807618,sit_stand_sit
1769345918.023767,0.073608,-1.006104,-0.156494,10.131836,-4.150391,-5.249023,sit_stand_sit
1769345918.0401347,0.100586,-1.020508,-0.198730,10.009766,-6.713869,-7.019045,sit_stand_sit
1769345918.061216,0.113403,-1.034302,-0.237427,8.300781,-10.131836,-6.896975,sit_stand_sit
1769345918.0762231,0.096924,-1.046021,-0.269775,5.065918,-10.864258,-5.554201,sit_stand_sit
1769345918.1035073,0.074463,-1.054321,-0.269653,0.732422,-7.568361,-2.746582,sit_stand_sit
1769345918.1239603,0.036865,-1.058594,-0.247925,-1.586915,-3.051759,0.732422,sit_stand_sit
1769345918.1443143,0.018799,-1.053223,-0.228271,-3.295899,3.417970,4.455566,sit_stand_sit
1769345918.1620326,0.034302,-1.035156,-0.188965,-3.295899,6.103518,7.629396,sit_stand_sit
1769345918.1821766,0.067261,-1.062866,-0.191772,-1.708985,-3.784181,11.474613,sit_stand_sit
1769345918.199679,-0.162109,-1.102539,-0.243896,-17.150879,2.807618,19.531250,sit_stand_sit
1769345918.22383,-0.025879,-1.037964,-0.248901,-18.005371,9.277344,26.794441,sit_stand_sit
1769345918.2418587,-0.069580,-1.123901,-0.244385,-15.869144,-11.169437,27.771004,sit_stand_sit
1769345918.2632346,-0.062866,-1.113037,-0.206299,-15.014652,-17.395020,26.733406,sit_stand_sit
1769345918.2838693,-0.110352,-1.131592,-0.211670,-15.747074,-20.935059,29.235847,sit_stand_sit
1769345918.303142,-0.156738,-1.120728,-0.218384,-21.545410,-8.361816,30.395515,sit_stand_sit
1769345918.3189938,-0.129761,-1.124268,-0.227539,-24.047859,10.314941,29.296883,sit_stand_sit
1769345918.3402612,-0.020264,-1.070068,-0.210449,-21.850586,16.723633,28.076180,sit_stand_sit
1769345918.3598313,-0.077515,-1.125610,-0.229980,-24.047859,9.277344,29.052742,sit_stand_sit
1769345918.382299,-0.045410,-1.086304,-0.277588,-26.916512,14.526371,31.677254,sit_stand_sit
1769345918.400945,-0.005005,-1.078247,-0.331787,-27.160652,11.291508,33.691406,sit_stand_sit
1769345918.421946,-0.018188,-1.066040,-0.357910,-30.029305,5.126953,33.508301,sit_stand_sit
1769345918.4441621,-0.043213,-1.033936,-0.355225,-31.921394,0.000000,32.104492,sit_stand_sit
1769345918.463901,-0.086792,-1.027222,-0.351807,-34.423828,-2.380371,27.648933,sit_stand_sit
1769345918.4836109,-0.122070,-1.020508,-0.350708,-36.865234,-3.112794,21.789551,sit_stand_sit
1769345918.4976044,-0.144653,-1.012695,-0.328979,-36.804199,-6.652834,15.258793,sit_stand_sit
1769345918.523317,-0.143555,-0.982178,-0.323608,-37.109375,-11.291508,12.207035,sit_stand_sit
1769345918.7162685,-0.144775,-0.936646,-0.327515,-34.973145,-17.700195,9.826660,sit_stand_sit
1769345918.7162685,-0.147217,-0.900879,-0.343018,-30.517586,-21.850586,8.544922,sit_stand_sit
1769345918.7162685,-0.153076,-0.887939,-0.370483,-25.878914,-25.268562,8.239746,sit_stand_sit
1769345918.7162685,-0.173828,-0.886841,-0.392212,-22.766121,-27.771004,8.483887,sit_stand_sit
1769345918.7162685,-0.198364,-0.885010,-0.395996,-20.812988,-28.442390,8.911133,sit_stand_sit
1769345918.7162685,-0.228271,-0.878296,-0.396851,-18.310547,-27.832039,8.728027,sit_stand_sit
1769345918.7162685,-0.247803,-0.885620,-0.390015,-16.418457,-24.902351,8.361816,sit_stand_sit
1769345918.7162685,-0.253052,-0.898071,-0.369873,-14.892582,-20.324707,8.789063,sit_stand_sit
1769345918.917672,-0.269775,-0.905396,-0.345703,-12.939457,-11.108402,9.582520,sit_stand_sit
1769345918.917672,-0.269653,-0.912109,-0.331787,-9.887695,-0.976563,10.131836,sit_stand_sit
1769345918.917672,-0.227539,-0.914917,-0.342529,-8.300781,0.488281,8.972168,sit_stand_sit
1769345918.917672,-0.212402,-0.926270,-0.354858,-4.028320,-10.009766,7.385256,sit_stand_sit
1769345918.917672,-0.224609,-0.918457,-0.379883,-1.892090,-17.456055,7.934572,sit_stand_sit
1769345918.917672,-0.257568,-0.903931,-0.402100,0.976563,-13.916019,10.803223,sit_stand_sit
1769345918.917672,-0.257813,-0.891724,-0.418457,1.586915,-13.854984,10.925293,sit_stand_sit
1769345918.917672,-0.278076,-0.880859,-0.438477,-2.075195,-10.192871,9.094238,sit_stand_sit
1769345918.9230876,-0.292114,-0.858276,-0.451904,-2.441406,-2.136230,9.460449,sit_stand_sit
1769345918.9230876,-0.274414,-0.834839,-0.438965,-0.244141,5.554201,11.108402,sit_stand_sit
1769345918.9230876,-0.282104,-0.842651,-0.409668,2.624512,4.211426,10.925293,sit_stand_sit
1769345918.9230876,-0.285522,-0.849121,-0.392334,-0.305176,-1.098633,6.591799,sit_stand_sit
1769345918.9430666,-0.314209,-0.866333,-0.375610,0.427246,1.281738,7.019045,sit_stand_sit
1769345918.9624667,-0.334106,-0.877686,-0.365356,1.037598,9.338379,8.728027,sit_stand_sit
1769345918.9835322,-0.280518,-0.875244,-0.384399,-0.183106,6.042482,6.164553,sit_stand_sit
1769345919.0022004,-0.292969,-0.888184,-0.394409,-0.976563,2.380371,5.249023,sit_stand_sit
1769345919.0189369,-0.282104,-0.884033,-0.417847,-1.098633,8.300781,5.615236,sit_stand_sit
1769345919.0431123,-0.264282,-0.888306,-0.431152,-1.098633,9.948730,4.943848,sit_stand_sit
1769345919.062768,-0.253906,-0.890503,-0.438232,-0.915528,10.925293,4.394531,sit_stand_sit
1769345919.0817506,-0.236816,-0.893799,-0.429688,-0.610352,9.216309,3.662110,sit_stand_sit
1769345919.1011198,-0.232178,-0.891724,-0.416992,-1.281738,6.042482,2.990724,sit_stand_sit
1769345919.1234415,-0.238159,-0.880493,-0.408325,-0.976563,3.906251,2.563477,sit_stand_sit
1769345919.143717,-0.242920,-0.878784,-0.398071,-0.915528,2.441406,1.831055,sit_stand_sit
1769345919.1636086,-0.238159,-0.873291,-0.398071,-1.403809,-0.915528,0.549316,sit_stand_sit
1769345919.178645,-0.243530,-0.873291,-0.400757,-1.403809,-3.906251,0.244141,sit_stand_sit
1769345919.2041178,-0.254395,-0.871948,-0.406006,-1.525879,-5.737307,-0.427246,sit_stand_sit
1769345919.223119,-0.258179,-0.871338,-0.410400,-1.281738,-7.263186,-1.342773,sit_stand_sit
1769345919.2406254,-0.258179,-0.877441,-0.413574,-1.098633,-9.643555,-1.953125,sit_stand_sit
1769345919.262634,-0.273926,-0.877686,-0.414917,-1.159668,-11.413578,-1.586915,sit_stand_sit
1769345919.2832296,-0.282959,-0.874268,-0.414551,-0.793457,-10.437012,-0.915528,sit_stand_sit
1769345919.3035648,-0.294312,-0.878540,-0.411621,-0.183106,-6.896975,-0.549316,sit_stand_sit
1769345919.3230422,-0.290894,-0.876587,-0.409546,-0.366211,-3.906251,0.000000,sit_stand_sit
1769345919.3440042,-0.283813,-0.873047,-0.405762,-0.244141,-1.647950,0.061035,sit_stand_sit
1769345919.3593383,-0.280762,-0.869507,-0.407349,-0.061035,-0.183106,-0.549316,sit_stand_sit
1769345919.3835,-0.271851,-0.869385,-0.406250,0.122070,0.366211,-1.159668,sit_stand_sit
1769345919.4034252,-0.268311,-0.868896,-0.405029,0.122070,-0.671387,-1.525879,sit_stand_sit
1769345919.421526,-0.272949,-0.867310,-0.404663,0.671387,-2.807618,-0.976563,sit_stand_sit
1769345919.446013,-0.285156,-0.872314,-0.403442,0.915528,-2.624512,-0.732422,sit_stand_sit
1769345919.463319,-0.286621,-0.872192,-0.403687,1.037598,-1.098633,-0.244141,sit_stand_sit
1769345919.4830103,-0.283081,-0.872803,-0.403320,1.220703,0.427246,0.244141,sit_stand_sit
1769345919.4986365,-0.276611,-0.874878,-0.401733,1.342773,1.281738,0.244141,sit_stand_sit
1769345919.5203314,-0.272461,-0.876221,-0.407471,1.281738,1.892090,-0.122070,sit_stand_sit
1769345919.5413153,-0.267944,-0.880249,-0.407349,1.708985,2.136230,-0.610352,sit_stand_sit
1769345919.5604124,-0.258301,-0.883057,-0.402344,1.708985,0.793457,-0.671387,sit_stand_sit
1769345919.583034,-0.262817,-0.879272,-0.402832,1.831055,-0.122070,-0.305176,sit_stand_sit
1769345919.6026096,-0.262573,-0.880737,-0.398438,2.014160,-0.976563,-0.488281,sit_stand_sit
1769345919.6245463,-0.261230,-0.883545,-0.398926,1.647950,-2.380371,-0.976563,sit_stand_sit
1769345919.6451368,-0.265015,-0.882446,-0.400269,1.342773,-3.906251,-0.854492,sit_stand_sit
1769345919.6633613,-0.270630,-0.878540,-0.400024,1.159668,-4.638672,-0.549316,sit_stand_sit
1769345919.6872993,-0.272339,-0.877686,-0.397949,1.159668,-4.577637,-0.915528,sit_stand_sit
1769345919.7190084,-0.272095,-0.880859,-0.397827,1.159668,-4.943848,-1.525879,sit_stand_sit
1769345919.7231703,-0.275146,-0.884155,-0.399292,1.037598,-5.187988,-1.525879,sit_stand_sit
1769345919.74597,-0.280029,-0.881348,-0.396362,0.976563,-4.760742,-1.098633,sit_stand_sit
1769345919.7623806,-0.274536,-0.877930,-0.392944,1.159668,-4.333496,-1.037598,sit_stand_sit
1769345919.776872,-0.277588,-0.878296,-0.390869,1.464844,-3.906251,-1.098633,sit_stand_sit
1769345919.8032904,-0.276367,-0.876709,-0.391113,1.647950,-3.356935,-0.915528,sit_stand_sit
1769345919.8216228,-0.276489,-0.875854,-0.389893,2.197266,-3.112794,-0.732422,sit_stand_sit
1769345919.846303,-0.275879,-0.872925,-0.388306,2.746582,-2.746582,-0.854492,sit_stand_sit
1769345919.8602026,-0.276001,-0.871948,-0.386353,3.662110,-2.380371,-0.854492,sit_stand_sit
1769345919.882563,-0.275635,-0.875488,-0.384033,4.333496,-1.953125,-0.976563,sit_stand_sit
1769345919.903208,-0.277100,-0.873779,-0.382690,4.760742,-1.770020,-0.488281,sit_stand_sit
1769345919.9231148,-0.279785,-0.871582,-0.384399,5.554201,-1.525879,-0.671387,sit_stand_sit
1769345919.9432874,-0.282471,-0.874023,-0.384521,6.591799,-1.464844,-1.647950,sit_stand_sit
1769345919.962659,-0.273315,-0.872192,-0.375366,7.080080,-2.746582,-2.868653,sit_stand_sit
1769345919.9829473,-0.281616,-0.866577,-0.379883,6.408693,-3.784181,-4.333496,sit_stand_sit
1769345920.0040007,-0.290283,-0.873291,-0.380981,7.995607,-2.624512,-5.920412,sit_stand_sit
1769345920.0233965,-0.289551,-0.879028,-0.375732,7.507326,-0.671387,-7.873537,sit_stand_sit
1769345920.0414903,-0.272827,-0.876587,-0.380371,7.385256,-1.220703,-9.704590,sit_stand_sit
1769345920.0609627,-0.269897,-0.866333,-0.375854,5.004883,-5.126953,-12.512211,sit_stand_sit
1769345920.0822968,-0.263916,-0.880249,-0.366211,8.605957,-5.371094,-12.695316,sit_stand_sit
1769345920.1032388,-0.262207,-0.874390,-0.363403,6.225588,-8.483887,-13.610844,sit_stand_sit
1769345920.12443,-0.278076,-0.855469,-0.359985,5.493164,-8.605957,-18.493652,sit_stand_sit
1769345920.1437786,-0.264282,-0.877563,-0.354370,8.850098,-4.516602,-18.798828,sit_stand_sit
1769345920.1606166,-0.265747,-0.859497,-0.360962,9.582520,-4.516602,-20.385742,sit_stand_sit
1769345920.182396,-0.266846,-0.887695,-0.348022,9.887695,-2.258301,-21.179199,sit_stand_sit
1769345920.1981354,-0.258301,-0.889282,-0.348633,11.169437,0.122070,-21.667480,sit_stand_sit
1769345920.223227,-0.275146,-0.896606,-0.344238,13.732914,2.014160,-23.925789,sit_stand_sit
1769345920.2430086,-0.278809,-0.874146,-0.347900,12.756351,5.004883,-27.954109,sit_stand_sit
1769345920.2639086,-0.269897,-0.896118,-0.341919,13.793949,8.911133,-28.198250,sit_stand_sit
1769345920.2830648,-0.279907,-0.903198,-0.338745,16.845703,17.333984,-26.489265,sit_stand_sit
1769345920.3020108,-0.233765,-0.896606,-0.343506,12.817387,15.075687,-33.752441,sit_stand_sit
1769345920.3235416,-0.271851,-0.903198,-0.331787,17.639160,18.554688,-33.569336,sit_stand_sit
1769345920.3439074,-0.232788,-0.922485,-0.328613,17.272949,27.221687,-32.531738,sit_stand_sit
1769345920.3646517,-0.223511,-0.963989,-0.319214,20.690918,34.240723,-31.555183,sit_stand_sit
1769345920.3835661,-0.207886,-0.992310,-0.304565,21.118164,31.982430,-35.034180,sit_stand_sit
1769345920.40029,-0.189697,-1.090698,-0.276978,27.038582,41.442871,-31.982430,sit_stand_sit
1769345920.4214668,-0.098022,-1.147461,-0.277710,28.015144,43.273926,-29.357918,sit_stand_sit
1769345920.4430022,-0.018677,-1.189209,-0.273682,31.372078,30.273445,-26.977547,sit_stand_sit
1769345920.463444,-0.009399,-1.245972,-0.261963,34.851074,18.188477,-25.634773,sit_stand_sit
1769345920.4827118,-0.016113,-1.270630,-0.245239,36.376953,12.634281,-21.301270,sit_stand_sit
1769345920.5033088,0.009033,-1.249268,-0.242065,36.315918,12.329105,-19.958496,sit_stand_sit
1769345920.5202298,0.043823,-1.243408,-0.241455,36.315918,13.977055,-20.019531,sit_stand_sit
1769345920.5443313,0.078369,-1.250488,-0.228271,34.484863,12.146000,-20.324707,sit_stand_sit
1769345920.5620298,0.108887,-1.257324,-0.203735,30.944832,6.469728,-19.470215,sit_stand_sit
1769345920.5816646,0.135986,-1.269043,-0.179077,33.020020,-0.183106,-10.192871,sit_stand_sit
1769345920.6027837,0.114624,-1.284180,-0.162231,21.911621,-2.441406,-6.469728,sit_stand_sit
1769345920.62268,0.120728,-1.235352,-0.207520,16.174316,1.159668,-7.202150,sit_stand_sit
1769345920.637421,0.198120,-1.187744,-0.283203,11.840824,-2.380371,-11.230473,sit_stand_sit
1769345920.661171,0.212402,-1.151611,-0.330200,8.789063,-9.460449,-15.258793,sit_stand_sit
1769345920.6786,0.228760,-1.114868,-0.324585,8.544922,-21.179199,-19.409180,sit_stand_sit
1769345920.7025504,0.127930,-1.121460,-0.273315,8.728027,-33.386230,-17.761230,sit_stand_sit
1769345920.721051,0.007080,-1.085571,-0.225952,3.540040,-28.686531,-15.808109,sit_stand_sit
1769345920.741741,-0.027222,-0.995361,-0.163574,2.746582,-3.417970,-15.991215,sit_stand_sit
1769345920.761469,-0.036133,-0.963989,-0.110962,2.502441,15.075687,-15.625004,sit_stand_sit
1769345920.7833977,-0.030884,-0.925293,-0.068726,0.793457,31.921394,-12.939457,sit_stand_sit
1769345920.8027341,0.003662,-0.876343,-0.034668,0.976563,40.710449,-9.643555,sit_stand_sit
1769345920.8232095,0.043091,-0.847168,-0.029663,0.610352,43.457031,-13.488773,sit_stand_sit
1769345920.8435826,0.061157,-0.836182,-0.047241,-0.488281,36.926270,-17.456055,sit_stand_sit
1769345920.8613017,0.039673,-0.837769,-0.052734,-0.122070,31.066902,-10.375977,sit_stand_sit
1769345920.8803172,0.040161,-0.825195,-0.068848,-2.563477,19.531250,-9.399414,sit_stand_sit
1769345920.9030974,0.033081,-0.812500,-0.082764,-3.051759,10.437012,-10.498047,sit_stand_sit
1769345920.9226441,0.028931,-0.800049,-0.084351,-2.746582,2.624512,-8.300781,sit_stand_sit
1769345920.9415374,0.037598,-0.790771,-0.077271,-1.464844,-5.310059,-5.554201,sit_stand_sit
1769345920.963888,0.032104,-0.768555,-0.085693,-1.586915,-11.535648,-1.464844,sit_stand_sit
1769345920.9802551,0.020020,-0.735229,-0.083984,-0.244141,-14.526371,2.380371,sit_stand_sit
1769345921.0046358,0.031250,-0.734741,-0.080811,1.525879,-14.404301,4.638672,sit_stand_sit
1769345921.0202491,0.027954,-0.721069,-0.085815,3.051759,-12.756351,8.056641,sit_stand_sit
1769345921.0441747,0.044556,-0.732300,-0.093994,4.638672,-9.643555,8.056641,sit_stand_sit
1769345921.061411,0.072998,-0.760010,-0.118042,5.432129,-8.666992,5.676271,sit_stand_sit
1769345921.0828068,0.060059,-0.808960,-0.135254,5.493164,-9.887695,3.845216,sit_stand_sit
1769345921.1017416,0.058228,-0.876343,-0.146240,2.441406,-13.427738,3.601075,sit_stand_sit
1769345921.1251843,0.051758,-0.922119,-0.151489,1.525879,-16.113281,0.610352,sit_stand_sit
1769345921.1437688,0.011719,-0.994751,-0.152100,1.525879,-10.070801,-1.770020,sit_stand_sit
1769345921.1646976,0.021362,-1.016357,-0.166504,0.000000,-2.746582,-0.976563,sit_stand_sit
1769345921.182118,0.059204,-1.020752,-0.171631,-1.342773,-0.183106,0.671387,sit_stand_sit
1769345921.1992052,0.080566,-1.009155,-0.167480,-2.624512,1.098633,1.403809,sit_stand_sit
1769345921.2245836,0.082153,-0.994873,-0.164307,-3.051759,4.638672,3.173829,sit_stand_sit
1769345921.2431893,0.098022,-0.989014,-0.159302,-3.540040,6.530764,5.187988,sit_stand_sit
1769345921.262627,0.115479,-0.973755,-0.136841,-3.479005,3.051759,6.103518,sit_stand_sit
1769345921.2843626,0.102295,-0.984375,-0.117065,-3.479005,0.305176,7.873537,sit_stand_sit
1769345921.3036675,0.106689,-0.976929,-0.115356,-3.662110,-3.295899,8.117676,sit_stand_sit
1769345921.321801,0.094360,-0.976196,-0.114380,-2.136230,-8.972168,6.347658,sit_stand_sit
1769345921.3416607,0.070557,-0.994019,-0.101440,-1.464844,-12.573246,3.723145,sit_stand_sit
1769345921.3620555,0.057739,-0.990967,-0.099731,-1.586915,-11.657719,3.662110,sit_stand_sit
1769345921.3834672,0.054565,-0.982178,-0.103027,-0.427246,-10.070801,3.295899,sit_stand_sit
1769345921.4023652,0.049194,-0.982544,-0.115356,0.671387,-5.798342,0.305176,sit_stand_sit
1769345921.4224088,0.048584,-0.973633,-0.120239,2.014160,-2.746582,-0.976563,sit_stand_sit
1769345921.442895,0.058350,-0.986572,-0.125122,1.953125,0.427246,-0.671387,sit_stand_sit
1769345921.4625309,0.073853,-0.981689,-0.140991,2.197266,0.793457,-1.342773,sit_stand_sit
1769345921.4832146,0.072266,-0.989868,-0.147705,2.685547,0.427246,-1.770020,sit_stand_sit
1769345921.5035992,0.066895,-1.007935,-0.145630,2.380371,1.037598,-3.479005,sit_stand_sit
1769345921.886438,0.075317,-1.022339,-0.146118,1.831055,2.136230,-4.211426,sit_stand_sit
1769345921.886438,0.077148,-1.024170,-0.147583,1.037598,1.831055,-3.112794,sit_stand_sit
1769345921.886438,0.070557,-1.024170,-0.140259,1.220703,0.427246,-2.807618,sit_stand_sit
1769345921.886438,0.061890,-1.023315,-0.133179,0.793457,-0.366211,-1.770020,sit_stand_sit
1769345921.886438,0.060181,-1.008057,-0.133911,0.671387,-1.464844,0.732422,sit_stand_sit
1769345921.886438,0.062866,-0.995972,-0.134033,1.403809,-3.479005,2.807618,sit_stand_sit
1769345921.886438,0.060791,-0.993286,-0.136841,1.342773,-5.920412,3.417970,sit_stand_sit
1769345921.886438,0.036865,-0.987671,-0.140503,1.098633,-8.056641,3.967286,sit_stand_sit
1769345921.886438,0.028076,-0.977539,-0.138184,0.427246,-7.385256,3.417970,sit_stand_sit
1769345921.886438,0.026733,-0.980347,-0.133179,-0.244141,-6.286623,0.488281,sit_stand_sit
1769345921.886438,0.025879,-0.982300,-0.134399,-1.037598,-5.615236,-0.427246,sit_stand_sit
1769345921.886438,0.007446,-0.976196,-0.141235,-1.220703,-1.525879,0.976563,sit_stand_sit
1769345921.886438,0.016968,-0.968384,-0.152222,-0.671387,0.854492,-0.061035,sit_stand_sit
1769345921.886438,0.022827,-0.982544,-0.149902,0.183106,2.258301,-0.305176,sit_stand_sit
1769345921.886438,0.030151,-0.990356,-0.166138,-1.586915,5.310059,-0.915528,sit_stand_sit
1769345921.886438,0.030640,-0.986694,-0.177734,-1.953125,7.324221,-1.586915,sit_stand_sit
1769345921.886438,0.032227,-0.996216,-0.179688,-3.417970,9.582520,-2.319336,sit_stand_sit
1769345921.886438,0.028931,-0.999756,-0.173706,-5.310059,11.657719,-2.380371,sit_stand_sit
1769345921.886438,0.033569,-1.001343,-0.162720,-6.286623,10.681152,-2.868653,sit_stand_sit
1769345921.9033353,0.049072,-1.001465,-0.147949,-6.164553,8.117676,-1.464844,sit_stand_sit
1769345921.9202247,0.064575,-0.995850,-0.127930,-4.272461,-3.051759,1.953125,sit_stand_sit
1769345921.944915,0.044434,-0.997070,-0.121216,-3.845216,-7.141115,3.601075,sit_stand_sit
1769345921.9639225,0.035400,-0.987427,-0.117065,-3.051759,-7.690432,5.676271,sit_stand_sit
1769345921.9762955,0.029175,-0.980591,-0.107178,-2.258301,-5.981447,6.286623,sit_stand_sit
1769345922.0009885,0.036377,-0.975830,-0.104736,-1.770020,-3.112794,5.798342,sit_stand_sit
1769345922.0192869,0.046509,-0.977539,-0.107544,-1.220703,-0.549316,4.943848,sit_stand_sit
1769345922.0403197,0.052612,-0.982666,-0.108887,-0.732422,0.976563,4.455566,sit_stand_sit
1769345922.0628352,0.083496,-0.988647,-0.119995,-0.305176,1.586915,3.234864,sit_stand_sit
1769345922.0826144,0.056396,-0.976074,-0.144165,1.770020,0.305176,0.122070,sit_stand_sit
1769345922.1028378,0.068604,-1.001709,-0.158203,1.281738,0.061035,0.915528,sit_stand_sit
1769345922.1236498,0.075928,-1.009766,-0.165649,0.183106,-2.197266,1.586915,sit_stand_sit
1769345922.1434903,0.067871,-1.005615,-0.168335,-0.366211,-2.624512,1.220703,sit_stand_sit
1769345922.1635363,0.051147,-0.998779,-0.171631,-0.366211,-1.586915,0.122070,sit_stand_sit
1769345922.181878,0.047974,-1.003174,-0.167603,-0.244141,-0.793457,-0.061035,sit_stand_sit
1769345922.201271,0.045166,-1.007813,-0.158081,-1.525879,-1.037598,0.305176,sit_stand_sit
1769345922.2256107,0.030518,-0.991943,-0.151855,-1.647950,-0.793457,0.610352,sit_stand_sit
1769345922.2406352,0.025269,-0.990967,-0.147217,-1.220703,-0.122070,0.122070,sit_stand_sit
1769345922.2645142,0.023071,-0.993164,-0.147339,-1.647950,0.366211,0.305176,sit_stand_sit
1769345922.2821414,0.018799,-0.994751,-0.140869,-1.708985,0.000000,0.427246,sit_stand_sit
1769345922.3075929,0.015137,-0.996216,-0.140869,-1.831055,-0.061035,0.122070,sit_stand_sit
1769345922.32297,0.013672,-0.991089,-0.140137,-1.770020,0.183106,0.915528,sit_stand_sit
1769345922.3395724,0.015625,-0.991089,-0.140747,-1.586915,0.732422,1.403809,sit_stand_sit
1769345922.3629806,0.020386,-0.992310,-0.145874,-1.892090,1.770020,1.770020,sit_stand_sit
1769345922.3815463,0.027710,-0.985107,-0.156616,-1.831055,1.770020,1.953125,sit_stand_sit
1769345922.401547,0.032227,-0.987793,-0.160034,-1.647950,0.976563,1.647950,sit_stand_sit
1769345922.421375,0.034302,-0.993652,-0.158447,-2.014160,0.427246,1.586915,sit_stand_sit
1769345922.4414914,0.031738,-0.995605,-0.159546,-2.624512,0.427246,1.647950,sit_stand_sit
1769345922.463187,0.033447,-0.988647,-0.161743,-2.624512,0.671387,2.136230,sit_stand_sit
1769345922.4834692,0.030518,-0.992920,-0.158569,-2.685547,0.488281,2.136230,sit_stand_sit
1769345922.497549,0.027588,-0.990479,-0.158447,-3.051759,0.915528,2.685547,sit_stand_sit
1769345922.5244398,0.025879,-0.984497,-0.160767,-3.112794,1.342773,3.234864,sit_stand_sit
1769345922.5394986,0.022827,-0.983032,-0.161011,-3.112794,1.281738,3.234864,sit_stand_sit
1769345922.5631168,0.020874,-0.987061,-0.159302,-3.417970,1.220703,3.173829,sit_stand_sit
1769345922.5816936,0.022339,-0.979614,-0.161011,-4.272461,0.244141,4.150391,sit_stand_sit
1769345922.60196,0.018677,-0.972290,-0.163940,-4.394531,-1.098633,5.126953,sit_stand_sit
1769345922.6242757,0.011719,-0.968262,-0.166138,-4.760742,-1.708985,5.554201,sit_stand_sit
1769345922.643535,0.011230,-0.961914,-0.169678,-5.249023,-1.953125,6.286623,sit_stand_sit
1769345922.6632378,0.016602,-0.950439,-0.175171,-5.920412,-3.173829,7.385256,sit_stand_sit
1769345922.6806374,0.021240,-0.934326,-0.170410,-6.225588,-5.554201,8.239746,sit_stand_sit
1769345922.6990626,0.020264,-0.921509,-0.170532,-7.385256,-7.507326,8.544922,sit_stand_sit
1769345922.7207804,0.025635,-0.862671,-0.173462,-8.850098,-10.986328,10.620117,sit_stand_sit
1769345922.7415826,0.013062,-0.830322,-0.173096,-9.094238,-12.634281,10.559082,sit_stand_sit
1769345922.7634387,-0.003906,-0.821411,-0.166260,-7.873537,-11.291508,7.690432,sit_stand_sit
1769345922.7826965,-0.012451,-0.860840,-0.156494,-6.774904,-7.202150,2.380371,sit_stand_sit
1769345922.8039417,0.010132,-0.884155,-0.153442,-8.117676,-4.333496,-1.647950,sit_stand_sit
1769345922.8245015,0.037720,-0.870850,-0.151123,-9.643555,-6.713869,-1.098633,sit_stand_sit
1769345922.8437808,0.038208,-0.838257,-0.148682,-9.948730,-12.329105,-0.549316,sit_stand_sit
1769345922.863706,0.029053,-0.839233,-0.134521,-5.187988,-17.822266,-6.042482,sit_stand_sit
1769345922.886085,0.014893,-0.851318,-0.136230,-3.173829,-19.104004,-7.629396,sit_stand_sit
1769345922.9034734,-0.021729,-0.841431,-0.147095,-2.197266,-16.174316,-7.019045,sit_stand_sit
1769345922.9224896,-0.041260,-0.834961,-0.141235,1.037598,-8.483887,-7.995607,sit_stand_sit
1769345922.941342,-0.036743,-0.858032,-0.128418,5.065918,0.366211,-10.986328,sit_stand_sit
1769345922.9615443,-0.034546,-0.881958,-0.123291,7.019045,9.216309,-12.023930,sit_stand_sit
1769345922.9836388,-0.036011,-0.878784,-0.146484,7.995607,21.606445,-9.155273,sit_stand_sit
1769345923.00344,-0.026489,-0.909058,-0.155762,10.070801,28.808601,-9.948730,sit_stand_sit
1769345923.019438,-0.002563,-0.961060,-0.155151,10.803223,31.677254,-11.291508,sit_stand_sit
1769345923.0394325,0.021118,-0.994995,-0.157471,8.544922,29.296883,-9.704590,sit_stand_sit
1769345923.0636907,0.050781,-0.997192,-0.168579,6.408693,22.338875,-6.835939,sit_stand_sit
1769345923.0935383,0.087646,-0.999756,-0.179199,6.408693,10.559082,-5.737307,sit_stand_sit
1769345923.1301033,0.103516,-1.015015,-0.193481,6.225588,-3.417970,-5.737307,sit_stand_sit
1769345923.1301033,0.096191,-0.986816,-0.201904,3.051759,-15.869144,-1.403809,sit_stand_sit
1769345923.1401856,0.065552,-0.975342,-0.196533,3.540040,-16.540527,-0.366211,sit_stand_sit
1769345923.160164,0.051880,-0.987427,-0.205688,4.089355,-11.474613,-1.525879,sit_stand_sit
1769345923.1817737,0.055542,-1.011841,-0.209595,4.516602,-5.065918,-2.197266,sit_stand_sit
1769345923.1962821,0.052124,-1.034302,-0.203369,4.089355,-0.122070,-0.854492,sit_stand_sit
1769345923.2197642,0.044189,-1.043335,-0.193115,2.441406,3.295899,1.708985,sit_stand_sit
1769345923.2428813,0.026489,-1.040649,-0.187378,0.183106,9.399414,5.554201,sit_stand_sit
1769345923.262178,0.039063,-1.052979,-0.147949,0.732422,9.826660,8.361816,sit_stand_sit
1769345923.2812138,-0.044678,-1.142212,-0.188232,-5.432129,14.892582,13.488773,sit_stand_sit
1769345923.3013546,-0.109985,-1.184448,-0.227173,-20.019531,41.076660,17.761230,sit_stand_sit
1769345923.3230305,0.069092,-1.095459,-0.292114,-23.010262,45.532242,24.963387,sit_stand_sit
1769345923.3429954,0.054443,-1.149780,-0.260986,-26.428230,27.832039,26.794441,sit_stand_sit
1769345923.3614383,-0.017822,-1.166626,-0.268677,-22.888191,13.122562,29.418953,sit_stand_sit
1769345923.3809166,0.010132,-1.148193,-0.277832,-27.465828,6.469728,32.409668,sit_stand_sit
1769345923.4008868,-0.016113,-1.148438,-0.295044,-26.611336,-5.310059,37.414551,sit_stand_sit
1769345923.42474,-0.073486,-1.133789,-0.304443,-32.592773,-11.230473,38.696289,sit_stand_sit
1769345923.4426157,-0.129517,-1.145508,-0.327881,-38.757324,-3.051759,38.818359,sit_stand_sit
1769345923.4620628,-0.084839,-1.024414,-0.291748,-37.170410,7.812502,38.757324,sit_stand_sit
1769345923.4825962,0.017700,-1.025024,-0.285767,-28.442390,-9.216309,38.940430,sit_stand_sit
1769345923.5018866,-0.171753,-1.085083,-0.273926,-37.780762,9.948730,32.104492,sit_stand_sit
1769345923.523901,-0.055786,-1.005371,-0.294189,-32.714844,0.366211,32.775879,sit_stand_sit
1769345923.5396943,-0.078735,-1.028687,-0.300171,-31.921394,-8.056641,29.785164,sit_stand_sit
1769345923.5631306,-0.119385,-1.031250,-0.310547,-29.479988,-11.962894,26.977547,sit_stand_sit
1769345923.5832322,-0.142578,-1.028320,-0.314087,-27.099617,-14.160160,23.559578,sit_stand_sit
1769345923.6045349,-0.133423,-0.987427,-0.328003,-24.719246,-19.958496,21.240234,sit_stand_sit
1769345923.6231613,-0.159790,-0.960205,-0.342407,-21.118164,-28.686531,20.080566,sit_stand_sit
1769345923.6436062,-0.197632,-0.908081,-0.345581,-15.502934,-31.616219,20.874023,sit_stand_sit
1769345923.833211,-0.223511,-0.895264,-0.348633,-12.390141,-27.221687,20.507813,sit_stand_sit
1769345923.8362305,-0.236206,-0.879883,-0.353394,-11.047363,-18.066406,19.958496,sit_stand_sit
1769345923.8362305,-0.243652,-0.882690,-0.351318,-10.192871,-8.361816,17.395020,sit_stand_sit
1769345923.8362305,-0.236328,-0.885986,-0.343384,-10.742188,-1.647950,13.305668,sit_stand_sit
1769345923.8384,-0.228271,-0.887939,-0.352539,-11.352543,1.037598,10.498047,sit_stand_sit
1769345923.8384,-0.207520,-0.892090,-0.363281,-13.122562,1.037598,7.629396,sit_stand_sit
1769345923.8384,-0.169678,-0.884888,-0.370605,-12.817387,-11.657719,4.089355,sit_stand_sit
1769345923.8384,-0.183594,-0.892700,-0.372803,-11.962894,-21.362305,0.854492,sit_stand_sit
1769345923.8384,-0.194946,-0.904175,-0.364014,-9.765625,-30.639656,-0.732422,sit_stand_sit
1769345924.0361984,-0.211670,-0.911255,-0.392822,-10.131836,-38.879395,0.793457,sit_stand_sit
1769345924.042011,-0.323975,-0.926392,-0.406372,-9.704590,-37.170410,5.676271,sit_stand_sit
1769345924.042011,-0.363037,-0.919434,-0.409912,-11.413578,-20.324707,8.056641,sit_stand_sit
1769345924.042011,-0.318970,-0.895752,-0.408813,-8.422852,1.037598,8.789063,sit_stand_sit
1769345924.042011,-0.294556,-0.899170,-0.406250,-6.164553,-2.197266,10.070801,sit_stand_sit
1769345924.042011,-0.340576,-0.887207,-0.396851,-6.774904,6.652834,11.962894,sit_stand_sit
1769345924.042011,-0.301270,-0.876831,-0.408447,-6.042482,10.498047,10.986328,sit_stand_sit
1769345924.042011,-0.286743,-0.869141,-0.413452,-7.080080,9.277344,10.314941,sit_stand_sit
1769345924.042011,-0.301147,-0.863525,-0.412720,-6.164553,7.568361,10.253906,sit_stand_sit
1769345924.042011,-0.302490,-0.859009,-0.412354,-6.042482,8.605957,9.155273,sit_stand_sit
1769345924.042011,-0.280518,-0.854492,-0.417603,-5.615236,8.117676,7.141115,sit_stand_sit
1769345924.0623627,-0.280396,-0.859619,-0.419434,-5.371094,7.873537,5.737307,sit_stand_sit
1769345924.0807023,-0.277222,-0.860840,-0.421143,-5.798342,7.934572,4.028320,sit_stand_sit
1769345924.1025548,-0.272827,-0.862793,-0.413940,-5.798342,6.774904,2.807618,sit_stand_sit
1769345924.1259706,-0.268555,-0.858887,-0.411987,-5.615236,4.333496,2.014160,sit_stand_sit
1769345924.1423044,-0.272583,-0.853271,-0.412720,-4.943848,1.831055,1.464844,sit_stand_sit
1769345924.1581929,-0.281494,-0.851074,-0.412598,-3.723145,0.061035,0.244141,sit_stand_sit
1769345924.1818628,-0.277344,-0.856934,-0.418457,-3.540040,-1.220703,0.122070,sit_stand_sit
1769345924.1992836,-0.273560,-0.853638,-0.424072,-2.990724,-2.868653,0.488281,sit_stand_sit
1769345924.2198997,-0.276733,-0.850464,-0.422852,-2.075195,-3.112794,1.037598,sit_stand_sit
1769345924.2406826,-0.282471,-0.858521,-0.423584,-1.037598,-1.464844,1.403809,sit_stand_sit
1769345924.2612286,-0.272705,-0.855469,-0.428955,-1.098633,-2.990724,0.793457,sit_stand_sit
1769345924.2811556,-0.286987,-0.857056,-0.428955,-0.305176,-0.854492,1.525879,sit_stand_sit
1769345924.3019397,-0.285278,-0.864746,-0.427979,0.183106,0.854492,1.403809,sit_stand_sit
1769345924.3223403,-0.275513,-0.862549,-0.432251,-0.183106,-0.549316,0.000000,sit_stand_sit
1769345924.338092,-0.278564,-0.859253,-0.430176,0.244141,-0.976563,-0.061035,sit_stand_sit
1769345924.3597612,-0.279297,-0.859741,-0.429321,0.671387,-0.610352,-0.305176,sit_stand_sit
1769345924.3802798,-0.276489,-0.862793,-0.428955,0.549316,-0.671387,-0.671387,sit_stand_sit
1769345924.39999,-0.273926,-0.864502,-0.429199,0.427246,-1.342773,-0.915528,sit_stand_sit
1769345924.4202628,-0.272583,-0.863892,-0.427002,0.549316,-2.258301,-1.037598,sit_stand_sit
1769345924.445314,-0.277466,-0.863403,-0.423828,0.671387,-2.868653,-1.342773,sit_stand_sit
1769345924.4628615,-0.279663,-0.864136,-0.425171,0.610352,-3.234864,-1.464844,sit_stand_sit
1769345924.4812272,-0.281860,-0.863647,-0.424438,0.610352,-3.295899,-1.281738,sit_stand_sit
1769345924.5018618,-0.279541,-0.862427,-0.423828,0.610352,-3.234864,-0.976563,sit_stand_sit
1769345924.5184927,-0.278076,-0.863281,-0.418335,0.915528,-3.356935,-0.915528,sit_stand_sit
1769345924.5381997,-0.281250,-0.867676,-0.422729,0.976563,-3.479005,-1.159668,sit_stand_sit
1769345924.5605543,-0.278687,-0.871948,-0.421631,1.220703,-4.028320,-1.525879,sit_stand_sit
1769345924.583065,-0.280640,-0.867920,-0.419678,0.915528,-4.577637,-1.403809,sit_stand_sit
1769345924.6027868,-0.288208,-0.863525,-0.420532,1.159668,-4.089355,-1.403809,sit_stand_sit
1769345924.6235397,-0.286255,-0.867920,-0.416626,1.281738,-3.540040,-1.892090,sit_stand_sit
1769345924.6424093,-0.281250,-0.866943,-0.417603,0.915528,-3.906251,-1.770020,sit_stand_sit
1769345924.6644669,-0.286011,-0.865234,-0.417725,1.037598,-4.211426,-1.586915,sit_stand_sit
1769345924.6800804,-0.288818,-0.864868,-0.415039,1.037598,-4.028320,-1.647950,sit_stand_sit
1769345924.7040682,-0.287354,-0.873413,-0.415283,1.098633,-3.479005,-2.075195,sit_stand_sit
1769345924.725053,-0.284790,-0.876831,-0.414063,0.854492,-3.723145,-2.197266,sit_stand_sit
1769345924.746347,-0.286987,-0.873169,-0.413208,0.732422,-3.906251,-2.136230,sit_stand_sit
1769345924.761267,-0.291382,-0.870605,-0.413086,0.854492,-3.234864,-2.075195,sit_stand_sit
1769345924.7834995,-0.290527,-0.869751,-0.411621,0.915528,-2.136230,-1.708985,sit_stand_sit
1769345924.8031256,-0.292480,-0.874512,-0.410156,0.793457,-1.098633,-1.831055,sit_stand_sit
1769345924.817089,-0.290405,-0.872803,-0.411499,1.037598,0.366211,-1.159668,sit_stand_sit
1769345924.8401535,-0.285767,-0.874878,-0.409790,1.037598,0.915528,-0.549316,sit_stand_sit
1769345924.865584,-0.281982,-0.874878,-0.408813,0.976563,1.342773,-0.366211,sit_stand_sit
1769345924.8804352,-0.274170,-0.872437,-0.411377,0.976563,1.159668,-0.244141,sit_stand_sit
1769345924.9003766,-0.269653,-0.872314,-0.411499,0.976563,0.183106,-0.427246,sit_stand_sit
1769345924.9230638,-0.271606,-0.874390,-0.413086,0.732422,-1.159668,-0.915528,sit_stand_sit
1769345924.9434462,-0.276489,-0.870728,-0.414795,0.671387,-2.014160,-1.281738,sit_stand_sit
1769345924.962806,-0.286255,-0.872803,-0.409790,0.549316,-2.014160,-1.892090,sit_stand_sit
1769345924.976359,-0.288940,-0.874634,-0.406738,0.427246,-1.647950,-1.770020,sit_stand_sit
1769345925.0038657,-0.291504,-0.872925,-0.409302,0.305176,-0.549316,-1.647950,sit_stand_sit
1769345925.0216358,-0.285034,-0.872803,-0.412598,0.549316,0.488281,-1.586915,sit_stand_sit
1769345925.0431902,-0.278809,-0.878052,-0.407227,0.305176,0.366211,-1.708985,sit_stand_sit
1769345925.061177,-0.278320,-0.871338,-0.408813,0.427246,0.488281,-1.586915,sit_stand_sit
1769345925.0812187,-0.279785,-0.872681,-0.407104,0.854492,0.854492,-1.525879,sit_stand_sit
1769345925.103229,-0.272217,-0.876099,-0.407104,0.610352,0.793457,-1.342773,sit_stand_sit
1769345925.1233137,-0.270386,-0.875000,-0.408936,0.488281,-0.183106,-1.647950,sit_stand_sit
1769345925.1439757,-0.272461,-0.870728,-0.408813,0.488281,-0.976563,-1.525879,sit_stand_sit
1769345925.1630182,-0.274902,-0.869873,-0.407959,0.610352,-1.281738,-1.586915,sit_stand_sit
1769345925.1809742,-0.272461,-0.870361,-0.406982,0.793457,-1.586915,-1.892090,sit_stand_sit
1769345925.2030814,-0.270996,-0.874023,-0.406372,1.037598,-2.197266,-1.770020,sit_stand_sit
1769345925.2230575,-0.270752,-0.874634,-0.403320,1.037598,-2.746582,-1.525879,sit_stand_sit
1769345925.2438467,-0.268921,-0.873047,-0.404785,1.464844,-3.479005,-1.525879,sit_stand_sit
1769345925.2631073,-0.266479,-0.868774,-0.402954,1.831055,-4.150391,-1.770020,sit_stand_sit
1769345925.2833536,-0.268433,-0.871216,-0.405273,2.380371,-5.004883,-2.319336,sit_stand_sit
1769345925.3029742,-0.266113,-0.871704,-0.405640,2.807618,-5.981447,-2.502441,sit_stand_sit
1769345925.3228064,-0.267456,-0.872437,-0.403076,3.234864,-7.324221,-2.563477,sit_stand_sit
1769345925.3418055,-0.270874,-0.874146,-0.398193,3.540040,-8.605957,-2.990724,sit_stand_sit
1769345925.3649783,-0.270874,-0.870117,-0.393921,3.784181,-9.704590,-3.845216,sit_stand_sit
1769345925.3817348,-0.269775,-0.870117,-0.389893,4.333496,-10.864258,-4.760742,sit_stand_sit
1769345925.4011374,-0.265869,-0.870605,-0.387451,4.760742,-12.817387,-5.920412,sit_stand_sit
1769345925.4205353,-0.264282,-0.871216,-0.387085,5.737307,-14.892582,-7.141115,sit_stand_sit
1769345925.437082,-0.257813,-0.879639,-0.387695,6.286623,-17.272949,-8.361816,sit_stand_sit
1769345925.4640105,-0.251953,-0.880127,-0.383911,6.286623,-21.057129,-8.728027,sit_stand_sit
1769345925.484185,-0.253174,-0.873169,-0.370483,6.347658,-27.099617,-10.681152,sit_stand_sit
1769345925.5047514,-0.260864,-0.877197,-0.356934,7.385256,-30.944832,-13.427738,sit_stand_sit
1769345925.5237365,-0.269531,-0.878296,-0.351929,7.202150,-33.142090,-15.441898,sit_stand_sit
1769345925.5394523,-0.267212,-0.880859,-0.356445,8.056641,-35.278320,-17.578125,sit_stand_sit
1769345925.5609617,-0.257813,-0.899048,-0.345703,8.911133,-38.696289,-20.202637,sit_stand_sit
1769345925.579638,-0.255737,-0.910522,-0.336182,8.605957,-43.579102,-21.972656,sit_stand_sit
1769345925.6025355,-0.272339,-0.901245,-0.334839,7.934572,-45.898453,-22.888191,sit_stand_sit
1769345925.6213765,-0.286743,-0.887695,-0.323853,9.216309,-46.142593,-27.038582,sit_stand_sit
1769345925.6431558,-0.291260,-0.910278,-0.308350,11.047363,-44.921890,-31.005867,sit_stand_sit
1769345925.6620347,-0.315918,-0.912109,-0.299927,9.216309,-42.602539,-32.775879,sit_stand_sit
1769345925.6846228,-0.356934,-0.885010,-0.302002,9.094238,-35.095215,-33.996582,sit_stand_sit
1769345925.6981046,-0.360474,-0.882202,-0.296143,10.620117,-25.695808,-37.292480,sit_stand_sit
1769345925.7183528,-0.350220,-0.902222,-0.285278,11.047363,-18.249512,-43.090820,sit_stand_sit
1769345925.7431219,-0.350586,-0.925049,-0.280273,11.962894,-9.460449,-46.447769,sit_stand_sit
1769345925.7626112,-0.353149,-0.954224,-0.248779,9.704590,1.159668,-52.429214,sit_stand_sit
1769345925.7817805,-0.347046,-0.984863,-0.244141,13.916019,7.385256,-59.204117,sit_stand_sit
1769345925.8044462,-0.343506,-1.089478,-0.250244,20.629883,18.615723,-62.683121,sit_stand_sit
1769345925.8238237,-0.288452,-1.189453,-0.269653,23.376472,29.785164,-63.720718,sit_stand_sit
1769345925.8521001,-0.239746,-1.252197,-0.281494,25.512703,30.151375,-60.791031,sit_stand_sit
1769345925.8661807,-0.260498,-1.297119,-0.269165,24.292000,34.973145,-58.532730,sit_stand_sit
1769345925.8831728,-0.122803,-1.263550,-0.315308,24.414070,52.001968,-47.180191,sit_stand_sit
1769345925.901431,-0.039673,-1.286011,-0.288574,24.292000,53.100601,-36.071777,sit_stand_sit
1769345925.9207325,0.065796,-1.260620,-0.267578,24.169930,47.119156,-23.254402,sit_stand_sit
1769345925.940257,0.169067,-1.230469,-0.229736,25.573738,32.836914,-14.648441,sit_stand_sit
1769345925.9625971,0.232910,-1.229004,-0.249512,27.038582,14.526371,-9.643555,sit_stand_sit
1769345925.9758666,0.241577,-1.205933,-0.279663,20.935059,5.554201,-5.920412,sit_stand_sit
1769345926.003822,0.275879,-1.102783,-0.372070,12.390141,9.216309,-11.779789,sit_stand_sit
1769345926.0217364,0.348999,-1.088135,-0.347534,20.751953,-3.356935,-17.272949,sit_stand_sit
1769345926.043367,0.184814,-1.167236,-0.265625,14.465336,-14.770512,-16.662598,sit_stand_sit
1769345926.0606155,0.151855,-1.062744,-0.254028,9.094238,-16.479492,-16.357422,sit_stand_sit
1769345926.0835273,0.110474,-1.010132,-0.211914,8.300781,-18.676758,-17.700195,sit_stand_sit
1769345926.1041183,0.033081,-1.000977,-0.135986,7.324221,-8.544922,-18.310547,sit_stand_sit
1769345926.1235225,-0.020996,-0.984375,-0.075684,5.554201,9.826660,-16.479492,sit_stand_sit
1769345926.1422393,-0.019775,-0.951660,-0.046875,6.286623,39.611816,-11.108402,sit_stand_sit
1769345926.1637506,0.006226,-0.934692,-0.044800,6.286623,51.025406,-6.958010,sit_stand_sit
1769345926.1847475,0.021729,-0.901978,-0.052612,5.249023,55.664078,-4.638672,sit_stand_sit
1769345926.2014377,0.044189,-0.874146,-0.057373,5.737307,55.053726,-3.173829,sit_stand_sit
1769345926.221146,0.034302,-0.863892,-0.070190,6.347658,52.063004,0.000000,sit_stand_sit
1769345926.2426763,0.027466,-0.846802,-0.077881,5.432129,48.217789,0.793457,sit_stand_sit
1769345926.2605886,0.038452,-0.817261,-0.088135,5.187988,42.236328,2.502441,sit_stand_sit
1769345926.2833989,0.049805,-0.798096,-0.094360,5.249023,35.644531,7.446291,sit_stand_sit
1769345926.301624,0.067871,-0.794922,-0.095947,5.676271,27.832039,6.164553,sit_stand_sit
1769345926.3227863,0.086792,-0.810059,-0.097534,4.150391,16.540527,5.371094,sit_stand_sit
1769345926.341606,0.103394,-0.800781,-0.127319,0.000000,3.295899,7.202150,sit_stand_sit
1769345926.363005,0.100952,-0.773682,-0.146362,-2.197266,-10.925293,5.493164,sit_stand_sit
1769345926.3834562,0.073975,-0.787842,-0.146240,-3.540040,-19.042969,5.981447,sit_stand_sit
1769345926.4029312,0.046143,-0.786987,-0.145142,-5.493164,-21.850586,6.958010,sit_stand_sit
1769345926.4210684,0.024170,-0.807983,-0.134766,-5.493164,-22.644051,5.554201,sit_stand_sit
1769345926.4424875,0.013306,-0.834106,-0.128418,-5.126953,-19.226074,5.737307,sit_stand_sit
1769345926.468438,0.028076,-0.870605,-0.110840,-5.371094,-16.296387,5.737307,sit_stand_sit
1769345926.4981718,0.016479,-0.893188,-0.109619,-4.638672,-13.305668,5.004883,sit_stand_sit
1769345926.500593,0.011108,-0.928223,-0.115112,-4.516602,-7.690432,4.760742,sit_stand_sit
1769345926.5235305,0.022339,-0.952271,-0.121948,-5.126953,-3.662110,4.333496,sit_stand_sit
1769345926.5372918,0.042114,-0.976074,-0.131470,-4.150391,1.464844,3.479005,sit_stand_sit
1769345926.563544,0.053223,-0.985352,-0.147095,-3.173829,3.540040,2.624512,sit_stand_sit
1769345926.5813806,0.068237,-0.981445,-0.161133,-2.746582,1.953125,1.159668,sit_stand_sit
1769345926.607844,0.075073,-0.980103,-0.164185,-1.525879,-0.915528,2.014160,sit_stand_sit
1769345926.6228979,0.066406,-0.989014,-0.156372,-0.915528,-1.953125,4.882813,sit_stand_sit
1769345926.6440277,0.062866,-0.989624,-0.150635,-1.403809,-0.244141,6.713869,sit_stand_sit
1769345926.663041,0.064331,-0.973145,-0.146606,-1.342773,1.525879,6.408693,sit_stand_sit
1769345926.6840637,0.067993,-0.981567,-0.132813,0.000000,2.014160,3.967286,sit_stand_sit
1769345926.7041478,0.069946,-0.982422,-0.132446,0.122070,1.220703,3.051759,sit_stand_sit
1769345926.7196176,0.063843,-0.977173,-0.136353,-0.671387,0.061035,0.488281,sit_stand_sit
1769345926.7437878,0.043091,-0.964844,-0.138794,1.892090,-2.136230,-1.831055,sit_stand_sit
1769345926.76133,0.017578,-0.989136,-0.125854,2.075195,1.159668,-1.403809,sit_stand_sit
1769345926.7820067,0.023804,-0.989868,-0.120361,2.136230,4.577637,-0.854492,sit_stand_sit
1769345926.803705,0.038086,-0.992188,-0.130737,1.464844,6.286623,-2.563477,sit_stand_sit
1769345926.8228526,0.030273,-1.004761,-0.133179,1.708985,7.385256,-3.417970,sit_stand_sit
1769345926.84302,0.043335,-1.002686,-0.143188,0.122070,9.277344,-3.173829,sit_stand_sit
1769345926.8640301,0.078613,-0.987671,-0.158325,-0.549316,10.681152,-4.272461,sit_stand_sit
1769345926.8791218,0.059570,-0.992798,-0.149902,1.770020,9.460449,-5.737307,sit_stand_sit
1769345926.9006057,0.072754,-1.013550,-0.145264,0.610352,6.958010,-4.882813,sit_stand_sit
1769345926.9230855,0.071167,-1.010376,-0.142090,-0.671387,4.089355,-3.295899,sit_stand_sit
1769345927.2131443,0.054932,-0.994507,-0.125610,-0.061035,0.366211,-2.258301,sit_stand_sit
1769345927.2161794,0.057495,-1.005005,-0.111816,1.037598,0.000000,-3.234864,sit_stand_sit
1769345927.2161794,0.063843,-0.992676,-0.113892,0.610352,0.366211,-4.089355,sit_stand_sit
1769345927.2161794,0.077515,-0.978394,-0.116089,1.159668,-0.183106,-3.356935,sit_stand_sit
1769345927.2161794,0.077515,-0.977173,-0.116211,1.342773,-0.732422,-2.563477,sit_stand_sit
1769345927.2161794,0.072998,-0.981567,-0.122192,1.586915,-0.915528,-1.831055,sit_stand_sit
1769345927.2161794,0.072754,-1.006470,-0.119629,2.380371,0.244141,7.263186,sit_stand_sit
1769345927.2161794,0.081177,-0.973267,-0.135010,-1.220703,-5.249023,3.051759,sit_stand_sit
1769345927.2257833,0.062256,-0.966309,-0.135742,1.708985,-8.972168,-1.525879,sit_stand_sit
1769345927.226292,0.037842,-1.001953,-0.137939,3.112794,-7.812502,-1.953125,sit_stand_sit
1769345927.226292,0.050415,-1.008301,-0.145996,2.075195,-7.629396,-0.732422,sit_stand_sit
1769345927.226292,0.048706,-0.999390,-0.149170,0.854492,-9.704590,-1.281738,sit_stand_sit
1769345927.226292,0.022583,-0.993408,-0.146362,0.671387,-7.812502,-1.464844,sit_stand_sit
1769345927.226292,0.025391,-0.998291,-0.143921,0.305176,-1.098633,-0.427246,sit_stand_sit
1769345927.226292,0.037842,-0.995117,-0.145386,-0.183106,0.793457,0.244141,sit_stand_sit
1769345927.2509534,0.034912,-0.991455,-0.144653,-0.427246,1.770020,0.671387,sit_stand_sit
1769345927.2632396,0.037109,-0.985229,-0.145264,-0.549316,3.051759,0.915528,sit_stand_sit
1769345927.2837582,0.043579,-0.990234,-0.137329,-0.427246,3.662110,1.159668,sit_stand_sit
1769345927.3028657,0.047119,-0.995483,-0.135742,-1.037598,3.417970,1.037598,sit_stand_sit
1769345927.3241699,0.045288,-0.992798,-0.136353,-1.220703,2.746582,1.403809,sit_stand_sit
1769345927.3426924,0.037720,-0.996338,-0.134277,-1.342773,3.234864,1.831055,sit_stand_sit
1769345927.3632731,0.036865,-0.997803,-0.130615,-1.342773,4.089355,2.380371,sit_stand_sit
1769345927.3832645,0.043823,-0.993164,-0.133301,-1.770020,5.065918,2.868653,sit_stand_sit
1769345927.3995461,0.051636,-0.985352,-0.135376,-1.831055,5.004883,3.173829,sit_stand_sit
1769345927.4252012,0.049072,-0.985962,-0.142090,-2.014160,5.432129,2.685547,sit_stand_sit
1769345927.4431493,0.067871,-0.988159,-0.137817,-1.953125,5.676271,2.136230,sit_stand_sit
1769345927.464167,0.061157,-0.998535,-0.137329,-2.197266,3.295899,0.793457,sit_stand_sit
1769345927.4836705,0.054565,-0.994141,-0.135986,-2.441406,1.525879,0.671387,sit_stand_sit
1769345927.5030355,0.045410,-0.989990,-0.131104,-2.075195,1.647950,1.037598,sit_stand_sit
1769345927.5218604,0.044922,-0.995483,-0.133667,-1.403809,3.051759,1.770020,sit_stand_sit
1769345927.5440547,0.057983,-0.996582,-0.142090,-2.014160,1.586915,2.441406,sit_stand_sit
1769345927.563175,0.048096,-0.992798,-0.144165,-2.014160,0.305176,2.441406,sit_stand_sit
1769345927.5814836,0.048706,-0.996094,-0.140137,-2.136230,-1.098633,2.136230,sit_stand_sit
1769345927.601963,0.035156,-0.999268,-0.137207,-2.685547,-1.770020,1.525879,sit_stand_sit
1769345927.623264,0.032227,-0.991089,-0.139771,-2.563477,-0.854492,1.953125,sit_stand_sit
1769345927.643106,0.036621,-0.991699,-0.140259,-2.075195,0.061035,1.892090,sit_stand_sit
1769345927.6634076,0.036865,-0.992676,-0.146851,-2.075195,0.549316,2.014160,sit_stand_sit
1769345927.6821444,0.035767,-0.988770,-0.152466,-2.319336,0.366211,2.441406,sit_stand_sit
1769345927.7041261,0.032837,-0.990234,-0.152466,-2.014160,0.122070,2.380371,sit_stand_sit
1769345927.717494,0.033447,-1.003540,-0.146606,-2.563477,0.610352,2.136230,sit_stand_sit
1769345927.7430935,0.041138,-0.994751,-0.146729,-3.173829,0.427246,2.746582,sit_stand_sit
1769345927.76227,0.038086,-0.987427,-0.144287,-3.051759,-0.305176,3.051759,sit_stand_sit
1769345927.7831213,0.035645,-0.988281,-0.143433,-2.624512,-0.427246,2.685547,sit_stand_sit
1769345927.8021617,0.037598,-0.989746,-0.147461,-2.502441,-0.427246,2.807618,sit_stand_sit
1769345927.8254306,0.033447,-0.987549,-0.150757,-2.685547,-1.037598,2.929688,sit_stand_sit
1769345927.8427274,0.027954,-0.988647,-0.150146,-2.929688,-1.220703,2.868653,sit_stand_sit
1769345927.8635337,0.034058,-0.987793,-0.147949,-3.234864,-1.220703,3.723145,sit_stand_sit
1769345927.883789,0.031860,-0.983521,-0.149414,-3.356935,-2.258301,4.150391,sit_stand_sit
1769345927.9033976,0.023193,-0.981201,-0.157349,-3.295899,-2.624512,4.089355,sit_stand_sit
1769345927.9243903,0.025391,-0.976318,-0.155762,-3.051759,-2.563477,4.150391,sit_stand_sit
1769345927.9415731,0.028320,-0.973511,-0.152222,-3.295899,-3.295899,4.455566,sit_stand_sit
1769345927.9629598,0.024048,-0.962402,-0.157715,-3.723145,-3.906251,5.126953,sit_stand_sit
1769345927.982128,0.020874,-0.955200,-0.157593,-3.601075,-4.211426,5.249023,sit_stand_sit
1769345928.0027943,0.025635,-0.947021,-0.154419,-3.967286,-5.371094,5.371094,sit_stand_sit
1769345928.0233815,0.026001,-0.932617,-0.151001,-4.516602,-7.080080,5.981447,sit_stand_sit
1769345928.0434995,0.029175,-0.917847,-0.145142,-4.516602,-8.789063,5.676271,sit_stand_sit
1769345928.0607383,0.040405,-0.892578,-0.145508,-4.699707,-10.375977,5.737307,sit_stand_sit
1769345928.082266,0.050049,-0.866943,-0.156128,-4.333496,-12.207035,5.432129,sit_stand_sit
1769345928.1028745,0.059570,-0.843140,-0.175537,-4.211426,-13.610844,3.906251,sit_stand_sit
1769345928.12296,0.080688,-0.838623,-0.182007,-4.333496,-17.395020,-0.671387,sit_stand_sit
1769345928.1425033,0.059692,-0.867798,-0.171509,-5.554201,-18.493652,-5.004883,sit_stand_sit
1769345928.163473,0.031250,-0.897339,-0.166382,-7.568361,-17.272949,-8.361816,sit_stand_sit
1769345928.1837225,0.022705,-0.895386,-0.164795,-9.277344,-16.479492,-10.681152,sit_stand_sit
1769345928.203852,0.005249,-0.884399,-0.147339,-9.216309,-18.676758,-12.634281,sit_stand_sit
1769345928.2191434,-0.020508,-0.873291,-0.134277,-8.789063,-19.104004,-13.793949,sit_stand_sit
1769345928.2430086,-0.024292,-0.835449,-0.137085,-7.019045,-15.869144,-11.779789,sit_stand_sit
1769345928.2630281,-0.037109,-0.804077,-0.121460,0.366211,-8.361816,-8.117676,sit_stand_sit
1769345928.2827234,-0.054321,-0.824585,-0.126709,5.004883,1.464844,-8.789063,sit_stand_sit
1769345928.3057973,-0.043457,-0.856445,-0.140747,8.422852,13.305668,-10.314941,sit_stand_sit
1769345928.324399,-0.012573,-0.891846,-0.143311,9.765625,21.606445,-10.986328,sit_stand_sit
1769345928.344214,0.003784,-0.912109,-0.140381,9.460449,24.475105,-10.559082,sit_stand_sit
1769345928.3649797,0.005005,-0.921753,-0.141846,8.361816,25.573738,-10.925293,sit_stand_sit
1769345928.3828762,0.013550,-0.941895,-0.142456,9.582520,25.634773,-12.573246,sit_stand_sit
1769345928.3999796,0.010376,-0.968140,-0.150879,10.192871,27.648933,-10.803223,sit_stand_sit
1769345928.423442,0.031006,-0.999390,-0.145264,10.742188,28.564461,-9.094238,sit_stand_sit
1769345928.4425988,0.043091,-1.036987,-0.144287,10.681152,26.000984,-7.019045,sit_stand_sit
1769345928.4631445,0.048096,-1.052734,-0.161133,8.666992,23.925789,-2.929688,sit_stand_sit
1769345928.4836617,0.069458,-1.051392,-0.173828,7.141115,21.789551,1.037598,sit_stand_sit
1769345928.5020342,0.100708,-1.062134,-0.180420,6.652834,15.991215,3.723145,sit_stand_sit
1769345928.52469,0.119141,-1.085693,-0.204834,4.028320,5.554201,6.835939,sit_stand_sit
1769345928.5443807,0.113037,-1.085449,-0.213623,0.732422,1.586915,9.277344,sit_stand_sit
1769345928.5633056,0.128906,-1.069458,-0.175415,-0.793457,-0.610352,12.023930,sit_stand_sit
1769345928.5839057,0.145386,-1.123779,-0.179565,2.563477,-5.981447,17.639160,sit_stand_sit
1769345928.6028788,-0.019775,-1.120972,-0.229736,-18.249512,-0.244141,26.123055,sit_stand_sit
1769345928.6216216,0.086670,-1.004150,-0.231445,-19.226074,4.577637,32.043457,sit_stand_sit
1769345928.6435914,0.019531,-1.040283,-0.230103,-14.465336,-5.554201,31.921394,sit_stand_sit
1769345928.6624763,-0.135010,-1.063232,-0.153931,-21.423340,8.666992,26.916512,sit_stand_sit
1769345928.6839087,0.013062,-1.117798,-0.142334,-15.075687,15.136723,26.550301,sit_stand_sit
1769345928.7036612,0.052856,-1.157837,-0.151123,-20.263672,10.803223,29.724129,sit_stand_sit
1769345928.719531,0.059082,-1.067627,-0.173462,-26.428230,1.770020,34.729004,sit_stand_sit
1769345928.7408051,-0.035278,-1.104614,-0.291382,-26.367195,4.943848,35.095215,sit_stand_sit
1769345928.7631047,0.038818,-1.009155,-0.254517,-20.507813,-1.098633,33.996582,sit_stand_sit
1769345928.783039,-0.072144,-1.177368,-0.264771,-19.531250,-33.447266,28.381355,sit_stand_sit
1769345928.8035886,-0.101318,-1.072998,-0.311523,-24.719246,-31.005867,29.296883,sit_stand_sit
1769345928.823086,-0.109009,-1.031006,-0.333740,-25.756844,-28.015144,31.372078,sit_stand_sit
1769345928.842958,-0.121582,-0.975586,-0.346436,-26.916512,-23.864754,31.372078,sit_stand_sit
1769345928.8618557,-0.142700,-0.960205,-0.334595,-27.221687,-20.996094,31.127937,sit_stand_sit
1769345928.8832362,-0.203491,-0.963989,-0.307739,-29.113777,-11.474613,24.719246,sit_stand_sit
1769345928.9019678,-0.212402,-0.987305,-0.283081,-27.465828,0.671387,19.165039,sit_stand_sit
1769345928.9235182,-0.184204,-1.071899,-0.271606,-21.728516,11.291508,13.244633,sit_stand_sit
1769345928.9438875,-0.193604,-1.085693,-0.273071,-23.498543,14.282230,11.840824,sit_stand_sit
1769345928.9649098,-0.212891,-1.071289,-0.277466,-22.155769,13.244633,11.718754,sit_stand_sit
1769345929.160071,-0.197754,-1.025391,-0.297607,-21.850586,13.732914,9.582520,sit_stand_sit
1769345929.16076,-0.207153,-0.995483,-0.300415,-19.836426,10.803223,11.291508,sit_stand_sit
1769345929.16076,-0.231812,-0.953369,-0.301270,-19.165039,17.211914,12.878422,sit_stand_sit
1769345929.16076,-0.202637,-0.913696,-0.316650,-15.930180,27.893074,16.845703,sit_stand_sit
1769345929.16076,-0.192139,-0.915405,-0.323730,-14.160160,31.860359,19.714355,sit_stand_sit
1769345929.16076,-0.183594,-0.920532,-0.327515,-13.732914,33.569336,22.460945,sit_stand_sit
1769345929.1627715,-0.147949,-0.917969,-0.337036,-14.831547,31.250008,24.475105,sit_stand_sit
1769345929.1627715,-0.130127,-0.907227,-0.364014,-15.930180,23.559578,25.390633,sit_stand_sit
1769345929.1627715,-0.110596,-0.904541,-0.371094,-14.343266,15.014652,25.085457,sit_stand_sit
1769345929.360195,-0.107300,-0.905518,-0.371948,-13.671879,3.662110,22.705086,sit_stand_sit
1769345929.3660765,-0.129028,-0.898193,-0.368896,-12.390141,-16.540527,18.310547,sit_stand_sit
1769345929.3660765,-0.160645,-0.899048,-0.372192,-12.451176,-25.817879,14.465336,sit_stand_sit
1769345929.3660765,-0.187622,-0.903198,-0.378662,-12.512211,-32.714844,9.948730,sit_stand_sit
1769345929.3660765,-0.222656,-0.909546,-0.388306,-12.207035,-38.818359,5.493164,sit_stand_sit
1769345929.3660765,-0.261230,-0.910156,-0.396729,-12.329105,-42.602539,1.953125,sit_stand_sit
1769345929.3660765,-0.287598,-0.906006,-0.401855,-12.634281,-42.785645,-0.366211,sit_stand_sit
1769345929.3660765,-0.306396,-0.898315,-0.408447,-12.451176,-40.039063,-2.014160,sit_stand_sit
1769345929.3660765,-0.326050,-0.882568,-0.415527,-12.023930,-33.874512,-3.601075,sit_stand_sit
1769345929.3660765,-0.320923,-0.860107,-0.411133,-11.047363,-28.869637,-3.784181,sit_stand_sit
1769345929.3660765,-0.317993,-0.849854,-0.409180,-9.704590,-22.827156,-3.417970,sit_stand_sit
1769345929.3837686,-0.317749,-0.840942,-0.409302,-8.117676,-16.113281,-2.563477,sit_stand_sit
1769345929.4011214,-0.329346,-0.845581,-0.402222,-5.981447,-9.155273,-2.197266,sit_stand_sit
1769345929.422991,-0.318115,-0.842651,-0.396729,-4.455566,-3.356935,-2.014160,sit_stand_sit
1769345929.4411728,-0.316528,-0.846313,-0.393433,-1.892090,5.249023,-0.427246,sit_stand_sit
1769345929.46379,-0.300537,-0.859497,-0.391968,-0.305176,10.192871,0.305176,sit_stand_sit
1769345929.4840674,-0.279907,-0.873535,-0.390015,0.549316,12.695316,0.976563,sit_stand_sit
1769345929.5034995,-0.266602,-0.880371,-0.390869,1.098633,13.793949,1.770020,sit_stand_sit
1769345929.5196931,-0.257080,-0.880981,-0.392944,1.770020,13.977055,2.075195,sit_stand_sit
1769345929.5437195,-0.253662,-0.891113,-0.396484,2.014160,14.099125,1.586915,sit_stand_sit
1769345929.5636725,-0.239380,-0.898193,-0.399292,1.953125,13.305668,1.159668,sit_stand_sit
1769345929.5839758,-0.232056,-0.893921,-0.404053,1.892090,10.253906,1.770020,sit_stand_sit
1769345929.6031258,-0.229858,-0.881348,-0.402100,2.502441,8.239746,2.319336,sit_stand_sit
1769345929.6216538,-0.235229,-0.881226,-0.400757,2.929688,7.202150,2.258301,sit_stand_sit
1769345929.6361804,-0.234863,-0.880005,-0.401855,2.929688,6.347658,2.319336,sit_stand_sit
1769345929.6633456,-0.233765,-0.880371,-0.403564,2.868653,4.577637,2.380371,sit_stand_sit
1769345929.6808696,-0.237183,-0.881714,-0.403564,2.807618,2.685547,2.014160,sit_stand_sit
1769345929.703891,-0.237793,-0.886719,-0.398438,2.807618,0.305176,1.342773,sit_stand_sit
1769345929.7214487,-0.240356,-0.891235,-0.397461,2.441406,-1.098633,1.037598,sit_stand_sit
1769345929.738701,-0.239990,-0.894165,-0.398193,2.136230,-2.258301,0.671387,sit_stand_sit
1769345929.7613342,-0.239380,-0.895752,-0.400513,1.708985,-3.662110,0.183106,sit_stand_sit
1769345929.7840877,-0.240967,-0.896484,-0.403442,1.159668,-5.187988,-0.305176,sit_stand_sit
1769345929.8037791,-0.244629,-0.893677,-0.405396,0.854492,-6.286623,-0.976563,sit_stand_sit
1769345929.8237574,-0.246704,-0.892456,-0.403809,0.793457,-6.958010,-1.708985,sit_stand_sit
1769345929.8437867,-0.248291,-0.892822,-0.397095,0.549316,-7.995607,-2.502441,sit_stand_sit
1769345929.8616219,-0.256836,-0.885376,-0.397461,0.244141,-8.361816,-2.502441,sit_stand_sit
1769345929.8825378,-0.263794,-0.880737,-0.393799,0.610352,-7.812502,-2.197266,sit_stand_sit
1769345929.9024093,-0.264282,-0.883911,-0.387695,0.976563,-7.324221,-2.563477,sit_stand_sit
1769345929.9216464,-0.267212,-0.878662,-0.389160,0.854492,-6.713869,-2.136230,sit_stand_sit
1769345929.941063,-0.271606,-0.872070,-0.389282,1.403809,-5.310059,-1.281738,sit_stand_sit
1769345929.960896,-0.272339,-0.871216,-0.384399,1.892090,-3.662110,-0.976563,sit_stand_sit
1769345929.9861386,-0.270630,-0.875854,-0.389648,2.319336,-1.831055,-0.793457,sit_stand_sit
1769345930.0029273,-0.273560,-0.880005,-0.388550,2.624512,-1.159668,-0.732422,sit_stand_sit
1769345930.0195668,-0.275269,-0.881714,-0.388306,2.807618,-0.427246,-1.037598,sit_stand_sit
1769345930.043936,-0.275391,-0.883057,-0.387329,3.173829,0.488281,-0.976563,sit_stand_sit
1769345930.069596,-0.274902,-0.889160,-0.384766,3.356935,1.708985,-0.732422,sit_stand_sit
1769345930.1009846,-0.274292,-0.892090,-0.384888,3.234864,3.356935,-0.427246,sit_stand_sit
1769345930.1029904,-0.267334,-0.890991,-0.382568,3.723145,5.187988,0.000000,sit_stand_sit
1769345930.1208904,-0.265503,-0.890259,-0.381470,3.967286,5.981447,-0.183106,sit_stand_sit
1769345930.1408556,-0.261963,-0.889404,-0.380981,4.455566,6.958010,-0.244141,sit_stand_sit
1769345930.1636846,-0.256226,-0.893921,-0.379272,4.821777,6.958010,-0.305176,sit_stand_sit
1769345930.184632,-0.263916,-0.900391,-0.377563,5.004883,6.408693,-0.732422,sit_stand_sit
1769345930.2034051,-0.262573,-0.897827,-0.376953,4.760742,7.080080,-1.281738,sit_stand_sit
1769345930.223367,-0.259399,-0.895508,-0.377930,5.065918,7.019045,-1.159668,sit_stand_sit
1769345930.2410402,-0.254883,-0.895752,-0.378662,4.211426,4.760742,-2.380371,sit_stand_sit
1769345930.260981,-0.263550,-0.892822,-0.380249,3.417970,2.624512,-3.967286,sit_stand_sit
1769345930.283208,-0.271240,-0.897095,-0.377441,4.150391,5.615236,-4.150391,sit_stand_sit
1769345930.3041232,-0.256958,-0.897583,-0.381836,3.906251,6.591799,-4.394531,sit_stand_sit
1769345930.3234124,-0.244873,-0.896484,-0.380249,3.723145,6.835939,-4.516602,sit_stand_sit
1769345930.3445916,-0.222778,-0.893921,-0.378540,2.685547,2.807618,-5.798342,sit_stand_sit
1769345930.3605094,-0.270264,-0.899048,-0.369385,3.356935,3.417970,-6.225588,sit_stand_sit
1769345930.384977,-0.212646,-0.900513,-0.373047,1.892090,3.906251,-7.629396,sit_stand_sit
1769345930.400221,-0.227905,-0.891968,-0.367554,1.647950,-1.281738,-8.972168,sit_stand_sit
1769345930.4205472,-0.251953,-0.881592,-0.361938,2.380371,2.868653,-9.521484,sit_stand_sit
1769345930.4406137,-0.225952,-0.873901,-0.364868,3.051759,4.089355,-10.070801,sit_stand_sit
1769345930.4620137,-0.231567,-0.873169,-0.365479,3.601075,5.004883,-10.620117,sit_stand_sit
1769345930.4825978,-0.247192,-0.860229,-0.371582,6.652834,8.911133,-10.375977,sit_stand_sit
1769345930.502781,-0.231934,-0.851196,-0.379028,7.934572,10.925293,-12.268070,sit_stand_sit
1769345930.5229957,-0.235107,-0.855713,-0.373779,9.521484,14.099125,-12.634281,sit_stand_sit
1769345930.543075,-0.224976,-0.844116,-0.369385,11.108402,14.343266,-14.770512,sit_stand_sit
1769345930.5597622,-0.207153,-0.870117,-0.366821,10.803223,15.197758,-18.371582,sit_stand_sit
1769345930.5831127,-0.208496,-0.839844,-0.366455,13.183598,10.009766,-26.062019,sit_stand_sit
1769345930.6030736,-0.221069,-0.895264,-0.354980,13.549809,11.596684,-32.043457,sit_stand_sit
1769345930.6214876,-0.207153,-0.903076,-0.354980,16.174316,13.183598,-37.231445,sit_stand_sit
1769345930.6414719,-0.216187,-1.005737,-0.333618,18.798828,19.653320,-39.123535,sit_stand_sit
1769345930.6640773,-0.188965,-1.032349,-0.343872,20.080566,21.606445,-44.738785,sit_stand_sit
1769345930.6781604,-0.156372,-1.125366,-0.337402,26.550301,24.963387,-43.273926,sit_stand_sit
1769345930.705379,-0.132568,-1.219971,-0.332153,32.348633,26.672371,-43.151855,sit_stand_sit
1769345930.7232683,-0.106812,-1.344727,-0.313965,36.987305,28.991707,-44.372574,sit_stand_sit
1769345930.7388294,-0.057373,-1.395264,-0.319824,34.545898,30.395515,-35.034180,sit_stand_sit
1769345930.7642913,-0.052002,-1.318237,-0.370728,34.057617,33.081055,-26.550301,sit_stand_sit
1769345930.782814,-0.064209,-1.289307,-0.370850,34.301758,42.907715,-23.864754,sit_stand_sit
1769345930.802337,0.006104,-1.282593,-0.338135,31.982430,46.997086,-18.066406,sit_stand_sit
1769345930.8221037,0.045776,-1.255981,-0.264526,27.893074,44.189453,-6.042482,sit_stand_sit
1769345930.8414857,0.098633,-1.217896,-0.214478,24.169930,36.926270,2.014160,sit_stand_sit
1769345930.8645768,0.169922,-1.166016,-0.204468,19.836426,30.456551,7.141115,sit_stand_sit
1769345930.8807213,0.274536,-1.102539,-0.234741,19.165039,13.732914,7.019045,sit_stand_sit
1769345930.9087412,0.283325,-1.065918,-0.256470,17.211914,1.708985,0.305176,sit_stand_sit
1769345930.92552,0.210327,-1.065186,-0.266357,18.249512,-4.699707,-7.873537,sit_stand_sit
1769345930.9440243,0.174683,-1.047974,-0.242065,16.601563,-10.681152,-14.831547,sit_stand_sit
1769345930.9628174,0.105347,-1.030396,-0.222046,17.700195,-21.362305,-17.089844,sit_stand_sit
1769345930.981605,0.039551,-1.028442,-0.214844,9.094238,-25.512703,-25.512703,sit_stand_sit
1769345931.0039942,0.003906,-0.950928,-0.195923,6.713869,-16.906738,-34.118652,sit_stand_sit
1769345931.0251436,0.035522,-0.960083,-0.149292,3.845216,6.042482,-20.751953,sit_stand_sit
1769345931.0453143,0.069824,-0.905273,-0.131470,0.854492,1.586915,-15.441898,sit_stand_sit
1769345931.0600975,0.040771,-0.882813,-0.101563,0.366211,-4.699707,-10.742188,sit_stand_sit
1769345931.0807548,0.028687,-0.870239,-0.078247,-2.136230,-7.751467,-9.521484,sit_stand_sit
1769345931.103332,0.038574,-0.840820,-0.074219,-3.662110,-11.474613,-7.568361,sit_stand_sit
1769345931.123566,0.050903,-0.813110,-0.082764,-4.211426,-16.357422,-4.211426,sit_stand_sit
1769345931.144892,0.050171,-0.781128,-0.106812,-3.417970,-24.597176,-0.549316,sit_stand_sit
1769345931.1646354,0.032959,-0.768555,-0.123779,-2.380371,-29.235847,0.793457,sit_stand_sit
1769345931.1861067,0.016113,-0.764526,-0.134888,-1.464844,-32.104492,-0.122070,sit_stand_sit
1769345931.2034535,0.003418,-0.772339,-0.143188,-0.183106,-32.409668,-1.464844,sit_stand_sit
1769345931.224721,-0.001709,-0.803345,-0.149780,0.305176,-32.470703,-1.953125,sit_stand_sit
1769345931.2452226,-0.013306,-0.810425,-0.159058,-1.098633,-30.151375,0.366211,sit_stand_sit
1769345931.2603257,-0.013550,-0.780029,-0.168091,-2.136230,-26.855476,3.295899,sit_stand_sit
1769345931.2851336,-0.008667,-0.744263,-0.175781,-0.244141,-23.376472,5.310059,sit_stand_sit
1769345931.303309,-0.007080,-0.760254,-0.180054,2.197266,-21.362305,5.371094,sit_stand_sit
1769345931.322894,-0.013794,-0.803467,-0.189209,3.417970,-18.371582,4.455566,sit_stand_sit
1769345931.3435216,-0.021484,-0.842651,-0.198608,2.197266,-14.404301,5.310059,sit_stand_sit
1769345931.364925,-0.031128,-0.870117,-0.191528,0.183106,-10.314941,6.469728,sit_stand_sit
1769345931.3845112,-0.033691,-0.909058,-0.183472,-0.915528,-6.225588,8.666992,sit_stand_sit
1769345931.3963332,-0.030029,-0.963013,-0.180298,-0.915528,1.281738,7.324221,sit_stand_sit
1769345931.4224694,-0.020508,-0.999756,-0.178711,-0.122070,3.845216,5.310059,sit_stand_sit
1769345931.4417408,0.003662,-1.033936,-0.181885,-0.427246,3.540040,6.286623,sit_stand_sit
1769345931.4563317,0.033691,-1.025391,-0.190063,-2.014160,0.183106,8.728027,sit_stand_sit
1769345931.485684,0.045532,-0.997314,-0.194946,-1.037598,-4.760742,8.850098,sit_stand_sit
1769345931.5041473,0.042480,-1.003784,-0.201294,0.000000,-5.859377,7.446291,sit_stand_sit
1769345931.5255451,0.041016,-0.999512,-0.208984,0.183106,-2.746582,6.469728,sit_stand_sit
1769345931.5426447,0.050659,-0.993042,-0.204712,-1.647950,5.493164,6.347658,sit_stand_sit
1769345931.5617414,0.072388,-0.979248,-0.197754,-2.197266,8.911133,5.126953,sit_stand_sit
1769345931.580989,0.088379,-0.977905,-0.193359,-2.502441,10.009766,3.540040,sit_stand_sit
1769345931.6035733,0.088501,-0.967896,-0.192505,-1.892090,8.422852,0.732422,sit_stand_sit
1769345931.6224425,0.076660,-0.973267,-0.185669,-0.976563,5.371094,-1.647950,sit_stand_sit
1769345931.6448267,0.065918,-0.984131,-0.173096,-0.549316,1.647950,-2.380371,sit_stand_sit
1769345931.664578,0.042847,-0.991821,-0.164429,0.000000,-0.854492,-2.990724,sit_stand_sit
1769345931.6841938,0.020508,-0.986572,-0.165161,0.854492,-0.976563,-3.051759,sit_stand_sit
1769345931.7036426,0.014160,-0.981445,-0.164795,1.831055,-2.075195,-2.990724,sit_stand_sit
1769345931.7264023,0.010376,-0.985474,-0.173340,2.075195,-3.417970,-2.563477,sit_stand_sit
1769345931.7450986,0.003174,-0.981567,-0.179077,2.075195,-3.967286,-1.892090,sit_stand_sit
1769345931.92349,-0.005371,-0.984985,-0.177124,1.647950,-2.441406,-2.807618,sit_stand_sit
1769345931.9260554,-0.006836,-0.987671,-0.180054,0.671387,0.305176,-2.990724,sit_stand_sit
1769345931.9260554,0.003662,-0.986694,-0.184448,-0.610352,4.150391,-2.380371,sit_stand_sit
1769345931.927177,0.009766,-0.991699,-0.183228,-0.793457,5.065918,-2.685547,sit_stand_sit
1769345931.927177,0.013672,-0.995605,-0.186279,-0.976563,4.882813,-2.258301,sit_stand_sit
1769345931.927177,0.030884,-0.999878,-0.184326,-0.671387,1.892090,-1.647950,sit_stand_sit
1769345931.927177,0.032715,-0.990967,-0.190063,-1.342773,-2.624512,-0.305176,sit_stand_sit
1769345931.927177,0.018921,-0.976807,-0.190186,-0.976563,-5.249023,1.342773,sit_stand_sit
1769345932.128635,0.003296,-0.978271,-0.185303,-0.732422,-5.065918,1.708985,sit_stand_sit
1769345932.1306443,0.008179,-0.972900,-0.191650,-1.098633,-3.112794,2.990724,sit_stand_sit
1769345932.1306443,0.005249,-0.987915,-0.184326,-0.671387,-2.929688,2.563477,sit_stand_sit
1769345932.1306443,0.005859,-0.991577,-0.183594,-1.464844,-2.441406,2.258301,sit_stand_sit
1769345932.1306443,0.004395,-0.985840,-0.184692,-1.586915,-2.319336,2.746582,sit_stand_sit
1769345932.1306443,0.001831,-0.981445,-0.181885,-1.403809,-2.014160,2.197266,sit_stand_sit
1769345932.1306443,0.001343,-0.980835,-0.179932,-1.403809,-1.037598,1.586915,sit_stand_sit
1769345932.1306443,0.002808,-0.984863,-0.176025,-1.403809,-0.305176,1.586915,sit_stand_sit
1769345932.1306443,0.006958,-0.986816,-0.174927,-1.281738,0.305176,1.953125,sit_stand_sit
1769345932.1306443,0.010132,-0.987305,-0.177246,-1.403809,0.549316,2.319336,sit_stand_sit
1769345932.1306443,0.013672,-0.983032,-0.181763,-0.732422,0.610352,2.807618,sit_stand_sit
1769345932.1433492,0.015991,-0.992676,-0.183838,-0.427246,0.793457,2.075195,sit_stand_sit
1769345932.1668036,0.013062,-0.995605,-0.188110,-0.915528,1.586915,1.953125,sit_stand_sit
1769345932.178625,0.015137,-0.988770,-0.192505,-0.915528,3.051759,1.770020,sit_stand_sit
1769345932.1984203,0.024414,-0.994019,-0.192749,-0.793457,3.173829,0.671387,sit_stand_sit
1769345932.225098,0.023560,-0.988647,-0.195801,-1.037598,2.441406,0.671387,sit_stand_sit
1769345932.2447565,0.023315,-0.985474,-0.197876,-0.610352,0.488281,0.732422,sit_stand_sit
1769345932.2636154,0.010742,-0.984375,-0.196777,-0.976563,0.244141,1.098633,sit_stand_sit
1769345932.283503,0.002075,-0.982178,-0.196045,-0.915528,0.427246,1.281738,sit_stand_sit
1769345932.3026934,-0.002441,-0.984009,-0.192871,-0.915528,0.854492,1.098633,sit_stand_sit
1769345932.3251822,-0.005615,-0.986938,-0.196655,-1.770020,1.708985,1.037598,sit_stand_sit
1769345932.345036,-0.010742,-0.981079,-0.204346,-1.281738,1.647950,1.098633,sit_stand_sit
1769345932.36487,-0.013184,-0.991699,-0.204468,-1.708985,1.708985,0.793457,sit_stand_sit
1769345932.3841074,-0.008667,-0.986572,-0.208618,-2.319336,0.915528,1.281738,sit_stand_sit
1769345932.4040692,-0.014771,-0.989624,-0.202515,-2.746582,-0.488281,1.770020,sit_stand_sit
1769345932.4219909,-0.015991,-0.984619,-0.205566,-2.990724,-0.671387,2.258301,sit_stand_sit
1769345932.4441216,-0.015869,-0.988647,-0.206665,-2.868653,-1.525879,2.807618,sit_stand_sit
1769345932.4621596,-0.012817,-0.994751,-0.204346,-3.662110,-3.112794,3.417970,sit_stand_sit
1769345932.484729,-0.010132,-0.984375,-0.202393,-3.845216,-4.089355,4.089355,sit_stand_sit
1769345932.5034204,-0.014771,-0.984253,-0.197388,-3.295899,-4.394531,3.967286,sit_stand_sit
1769345932.5248587,-0.011597,-0.982300,-0.197021,-3.295899,-3.601075,3.967286,sit_stand_sit
1769345932.5459778,-0.010498,-0.977539,-0.195068,-2.807618,-2.807618,4.211426,sit_stand_sit
1769345932.5587611,-0.012207,-0.975220,-0.194458,-2.258301,-1.098633,4.028320,sit_stand_sit
1769345932.580137,-0.006592,-0.973145,-0.197021,-1.586915,0.610352,3.723145,sit_stand_sit
1769345932.6036782,-0.007324,-0.973755,-0.203857,-1.037598,1.953125,3.112794,sit_stand_sit
1769345932.6246965,-0.007813,-0.975098,-0.207642,-0.915528,2.502441,2.502441,sit_stand_sit
1769345932.6439428,-0.011108,-0.978516,-0.211426,-0.854492,2.868653,2.014160,sit_stand_sit
1769345932.664417,0.012939,-0.985596,-0.211792,-1.770020,3.601075,3.173829,sit_stand_sit
1769345932.683616,-0.028931,-0.971313,-0.208252,-0.732422,4.699707,2.197266,sit_stand_sit
1769345932.7050843,-0.004150,-0.978882,-0.211792,-0.671387,4.821777,1.770020,sit_stand_sit
1769345932.7199228,0.003418,-0.981812,-0.205811,-1.037598,2.563477,1.586915,sit_stand_sit
1769345932.7450457,-0.006226,-0.978516,-0.203491,-0.854492,1.037598,1.159668,sit_stand_sit
1769345932.7635362,-0.011719,-0.970093,-0.199219,-0.183106,1.464844,0.671387,sit_stand_sit
1769345932.7838786,-0.011841,-0.973633,-0.196289,0.671387,2.014160,0.427246,sit_stand_sit
1769345932.8022223,-0.009155,-0.981689,-0.196899,0.793457,2.258301,0.183106,sit_stand_sit
1769345932.821769,-0.008423,-0.983154,-0.195923,0.793457,1.464844,-0.122070,sit_stand_sit
1769345932.8360074,-0.009155,-0.987061,-0.191162,1.159668,0.244141,-0.366211,sit_stand_sit
1769345932.8654687,-0.013672,-0.985107,-0.201294,1.281738,-1.098633,-1.037598,sit_stand_sit
1769345932.8847287,-0.015381,-0.978638,-0.201050,1.525879,-2.014160,-0.427246,sit_stand_sit
1769345932.904882,-0.021118,-0.972168,-0.202515,1.586915,-2.685547,-1.037598,sit_stand_sit
1769345932.9233122,-0.020142,-0.972412,-0.208984,2.075195,-3.112794,-1.647950,sit_stand_sit
1769345932.9405632,-0.023315,-0.977417,-0.212036,1.953125,-3.112794,-1.403809,sit_stand_sit
1769345932.968232,-0.019897,-0.976196,-0.211914,1.464844,-3.417970,-1.098633,sit_stand_sit
1769345932.9848802,-0.026611,-0.978271,-0.212891,1.342773,-3.845216,-1.525879,sit_stand_sit
1769345933.0039794,-0.023682,-0.982544,-0.213379,1.464844,-3.234864,-0.976563,sit_stand_sit
1769345933.023043,-0.027344,-0.983154,-0.210083,1.342773,-2.563477,-0.732422,sit_stand_sit
1769345933.04608,-0.029785,-0.984985,-0.207520,1.403809,-1.525879,-1.342773,sit_stand_sit
1769345933.0618572,-0.027466,-0.986328,-0.206421,1.281738,0.000000,-1.281738,sit_stand_sit
1769345933.083344,-0.021851,-0.982422,-0.207764,1.037598,0.244141,-1.159668,sit_stand_sit
1769345933.1050704,-0.020874,-0.985718,-0.205933,1.342773,0.915528,-0.671387,sit_stand_sit
1769345933.121219,-0.025635,-0.984375,-0.202881,1.037598,1.281738,-0.488281,sit_stand_sit
1769345933.1452951,-0.018433,-0.992554,-0.198853,1.281738,1.098633,-0.915528,sit_stand_sit
1769345933.162112,-0.011353,-0.997192,-0.192993,0.366211,-0.305176,-0.305176,sit_stand_sit
1769345933.1860468,-0.006714,-0.988525,-0.191772,0.305176,-1.892090,0.549316,sit_stand_sit
1769345933.2042742,-0.012451,-0.979370,-0.191528,0.000000,-3.051759,2.075195,sit_stand_sit
1769345933.223429,-0.031860,-0.961182,-0.192627,1.403809,-2.075195,-0.122070,sit_stand_sit
1769345933.244808,-0.014771,-0.982056,-0.190918,2.685547,-0.793457,-1.037598,sit_stand_sit
1769345933.2633955,-0.024170,-0.982300,-0.187378,1.098633,-0.793457,-1.342773,sit_stand_sit
1769345933.2761207,-0.010010,-0.991699,-0.193237,1.037598,-0.732422,-0.854492,sit_stand_sit
1769345933.304531,-0.020996,-0.975830,-0.200073,0.854492,-1.098633,-1.403809,sit_stand_sit
1769345933.322752,-0.000610,-1.007935,-0.193481,1.220703,-2.075195,0.061035,sit_stand_sit
1769345933.3413398,-0.024536,-0.988037,-0.199951,-0.244141,-2.197266,-0.427246,sit_stand_sit
1769345933.364565,-0.024414,-0.970093,-0.205811,1.281738,-0.488281,-2.258301,sit_stand_sit
1769345933.3849158,-0.015991,-0.991333,-0.198853,0.244141,1.037598,-2.624512,sit_stand_sit
1769345933.4048963,-0.016113,-0.991089,-0.201172,-1.159668,1.403809,-0.976563,sit_stand_sit
1769345933.4231553,-0.015137,-0.987671,-0.198730,-1.220703,1.892090,-1.525879,sit_stand_sit
1769345933.4398096,-0.014771,-0.992432,-0.194336,-1.892090,1.403809,-0.427246,sit_stand_sit
1769345933.4762998,-0.014282,-0.981079,-0.192017,-1.770020,0.671387,-0.122070,sit_stand_sit
1769345933.512165,-0.014893,-0.984375,-0.189453,-1.770020,-0.183106,0.183106,sit_stand_sit
1769345933.512165,-0.011353,-0.979980,-0.187866,-1.953125,-1.220703,0.671387,sit_stand_sit
1769345933.5252414,-0.009888,-0.975342,-0.185425,-2.685547,-2.990724,2.441406,sit_stand_sit
1769345933.5445218,-0.031006,-0.956665,-0.187256,-2.746582,-3.540040,2.685547,sit_stand_sit
1769345933.5661685,-0.037842,-0.947266,-0.191040,1.586915,0.793457,-4.699707,sit_stand_sit
1769345933.5849133,0.011597,-1.010010,-0.186646,-0.793457,-0.427246,0.000000,sit_stand_sit
1769345933.600904,-0.010498,-0.977539,-0.191406,-3.234864,-2.868653,2.075195,sit_stand_sit
1769345933.6241517,-0.018066,-0.968994,-0.192871,-2.441406,-3.356935,1.586915,sit_stand_sit
1769345933.64267,-0.010132,-0.984131,-0.194214,-1.586915,-3.417970,0.854492,sit_stand_sit
1769345933.6660106,-0.005981,-0.981812,-0.198242,-3.479005,-5.371094,2.441406,sit_stand_sit
1769345933.6842043,-0.005737,-0.961304,-0.200562,-3.845216,-6.042482,4.455566,sit_stand_sit
1769345933.7029727,-0.000732,-0.934937,-0.202637,-3.173829,-8.483887,2.136230,sit_stand_sit
1769345933.721958,-0.002808,-0.939209,-0.197388,-2.990724,-9.460449,2.197266,sit_stand_sit
1769345933.7451692,-0.005859,-0.928711,-0.200317,-4.089355,-9.948730,3.051759,sit_stand_sit
1769345933.7631564,-0.000977,-0.917603,-0.196045,-4.943848,-10.253906,2.929688,sit_stand_sit
1769345933.7856069,-0.018677,-0.879150,-0.205322,-3.784181,-5.676271,1.037598,sit_stand_sit
1769345933.802391,-0.011841,-0.873291,-0.209473,-4.150391,-5.187988,-0.427246,sit_stand_sit
1769345933.8247335,-0.008789,-0.858643,-0.213501,-5.004883,-5.310059,-1.708985,sit_stand_sit
1769345933.8387232,-0.015015,-0.839478,-0.209351,-4.882813,-5.371094,-2.563477,sit_stand_sit
1769345933.864999,-0.031982,-0.854370,-0.200317,-3.723145,-3.967286,-6.225588,sit_stand_sit
1769345933.8842702,-0.028320,-0.876587,-0.198364,-3.234864,-0.854492,-9.826660,sit_stand_sit
1769345933.9048133,-0.010498,-0.888184,-0.195435,-2.990724,-0.793457,-10.925293,sit_stand_sit
1769345933.9238367,-0.016479,-0.903320,-0.183105,-0.854492,-4.516602,-13.977055,sit_stand_sit
1769345933.9427938,-0.022339,-0.921265,-0.172852,1.281738,-4.333496,-15.869144,sit_stand_sit
1769345933.9626665,-0.020630,-0.920410,-0.164185,3.051759,-2.563477,-14.404301,sit_stand_sit
1769345933.985003,-0.028320,-0.899292,-0.161743,4.760742,0.427246,-11.413578,sit_stand_sit
1769345934.004448,-0.044189,-0.885254,-0.164429,7.629396,7.446291,-9.521484,sit_stand_sit
1769345934.0233014,-0.040649,-0.904419,-0.164185,10.559082,16.479492,-9.399414,sit_stand_sit
1769345934.0450876,0.019775,-0.912720,-0.163452,10.070801,22.216805,-5.798342,sit_stand_sit
1769345934.0562415,0.049072,-0.897705,-0.161011,8.605957,18.127441,-2.502441,sit_stand_sit
1769345934.0848258,0.068237,-0.883667,-0.160767,8.483887,10.864258,-0.854492,sit_stand_sit
1769345934.1046693,0.070923,-0.903198,-0.155884,9.460449,2.990724,-2.075195,sit_stand_sit
1769345934.121422,0.066528,-0.941772,-0.151733,8.972168,-3.234864,-4.272461,sit_stand_sit
1769345934.144246,0.066406,-0.961670,-0.151978,7.324221,-9.399414,-5.126953,sit_stand_sit
1769345934.1645906,0.054688,-0.959229,-0.148071,6.164553,-15.869144,-4.028320,sit_stand_sit
1769345934.184127,0.020142,-0.977051,-0.140869,6.835939,-17.150879,-3.906251,sit_stand_sit
1769345934.2029092,0.000854,-1.007690,-0.136475,7.507326,-13.610844,-5.126953,sit_stand_sit
1769345934.2253911,-0.009521,-1.033325,-0.135620,6.835939,-7.690432,-3.906251,sit_stand_sit
1769345934.2448502,-0.009766,-1.039063,-0.137695,5.981447,-1.708985,-1.281738,sit_stand_sit
1769345934.2607691,0.009766,-1.043335,-0.134399,5.371094,3.417970,1.831055,sit_stand_sit
1769345934.2863312,0.031982,-1.047729,-0.137085,4.821777,6.591799,5.187988,sit_stand_sit
1769345934.301943,0.049438,-1.041260,-0.149902,2.624512,6.958010,10.559082,sit_stand_sit
1769345934.3220997,0.059326,-1.025879,-0.168457,2.014160,4.638672,13.732914,sit_stand_sit
1769345934.34581,0.062378,-1.019043,-0.176636,2.380371,0.427246,15.747074,sit_stand_sit
1769345934.3618674,0.059937,-1.045654,-0.173706,3.662110,-7.995607,18.005371,sit_stand_sit
1769345934.3818388,-0.106934,-1.166504,-0.219604,-9.094238,-2.685547,20.568848,sit_stand_sit
1769345934.4032633,-0.046875,-1.044434,-0.280884,-23.559578,24.780281,30.761726,sit_stand_sit
1769345934.420076,0.069946,-1.046753,-0.289673,-13.122562,3.784181,40.222168,sit_stand_sit
1769345934.442762,-0.120361,-1.129883,-0.287964,-16.235352,-22.338875,40.832520,sit_stand_sit
1769345934.4630153,-0.153442,-1.106812,-0.295166,-18.127441,-19.775391,41.687012,sit_stand_sit
1769345934.4835613,-0.151733,-1.115356,-0.293335,-20.141602,-14.526371,41.931152,sit_stand_sit
1769345934.5038488,-0.134521,-1.101440,-0.291138,-24.047859,-13.854984,43.029785,sit_stand_sit
1769345934.6860242,-0.131592,-1.092041,-0.290405,-27.893074,-15.441898,43.701172,sit_stand_sit
1769345934.6963134,-0.110962,-1.055908,-0.272217,-28.564461,-15.747074,42.785645,sit_stand_sit
1769345934.6963134,-0.113770,-1.046265,-0.273315,-30.639656,-15.258793,38.818359,sit_stand_sit
1769345934.6963134,-0.112671,-0.968994,-0.289063,-29.724129,-15.136723,37.292480,sit_stand_sit
1769345934.6963134,-0.143188,-0.964111,-0.292969,-34.729004,-16.784668,33.325195,sit_stand_sit
1769345934.6963134,-0.134766,-0.905762,-0.283203,-31.188972,-18.371582,31.127937,sit_stand_sit
1769345934.6963134,-0.177490,-0.967773,-0.297852,-28.869637,-19.165039,28.930672,sit_stand_sit
1769345934.6963134,-0.240601,-0.974365,-0.296265,-32.531738,-8.361816,23.315437,sit_stand_sit
1769345934.8944292,-0.189209,-0.990234,-0.316650,-27.709969,-4.150391,19.775391,sit_stand_sit
1769345934.8964453,-0.219727,-1.039063,-0.327637,-25.268562,-15.991215,14.770512,sit_stand_sit
1769345934.8964453,-0.298828,-1.045410,-0.348267,-25.024422,-18.066406,11.718754,sit_stand_sit
1769345934.8964453,-0.323730,-1.021729,-0.341309,-24.230965,-10.925293,6.896975,sit_stand_sit
1769345934.8964453,-0.328613,-1.004272,-0.343018,-19.836426,-0.366211,-0.244141,sit_stand_sit
1769345934.8964453,-0.338867,-0.991211,-0.335449,-19.165039,12.878422,-4.699707,sit_stand_sit
1769345934.8964453,-0.339111,-0.969727,-0.332153,-16.784668,24.230965,-3.967286,sit_stand_sit
1769345934.8964453,-0.311890,-0.929565,-0.336914,-16.540527,32.897949,-2.990724,sit_stand_sit
1769345934.8964453,-0.252563,-0.881592,-0.350464,-11.962894,38.513184,1.037598,sit_stand_sit
1769345934.8984883,-0.236694,-0.864014,-0.362915,-8.728027,34.057617,4.028320,sit_stand_sit
1769345934.8984883,-0.245605,-0.859375,-0.362915,-6.225588,33.630371,7.995607,sit_stand_sit
1769345934.9035223,-0.202393,-0.839355,-0.368896,-5.615236,25.329597,10.009766,sit_stand_sit
1769345934.9222832,-0.192261,-0.841675,-0.361694,-3.784181,11.169437,8.728027,sit_stand_sit
1769345934.9390051,-0.164795,-0.844238,-0.377319,-6.103518,-6.347658,8.789063,sit_stand_sit
1769345934.9623,-0.339111,-0.878174,-0.459595,-14.343266,-14.160160,12.023930,sit_stand_sit
1769345934.9819486,-0.294922,-0.833862,-0.427734,-14.160160,-6.958010,10.498047,sit_stand_sit
1769345935.0046701,-0.281006,-0.858032,-0.401855,-10.498047,-7.385256,5.920412,sit_stand_sit
1769345935.0250773,-0.268066,-0.872192,-0.396362,-7.690432,-7.690432,2.624512,sit_stand_sit
1769345935.0463464,-0.264648,-0.900146,-0.398438,-6.286623,-7.385256,2.258301,sit_stand_sit
1769345935.0640676,-0.277710,-0.906616,-0.410645,-6.652834,-5.676271,2.014160,sit_stand_sit
1769345935.084752,-0.274170,-0.901855,-0.413330,-6.164553,-4.455566,0.732422,sit_stand_sit
1769345935.1059632,-0.252319,-0.873047,-0.407349,-3.906251,-4.150391,0.671387,sit_stand_sit
1769345935.123274,-0.264404,-0.864624,-0.410156,-2.441406,-4.150391,1.098633,sit_stand_sit
1769345935.1435068,-0.280884,-0.856079,-0.414917,-1.220703,-2.075195,1.220703,sit_stand_sit
1769345935.161991,-0.280884,-0.852417,-0.417725,0.000000,0.671387,1.220703,sit_stand_sit
1769345935.1823673,-0.276001,-0.856323,-0.407593,0.793457,1.770020,1.647950,sit_stand_sit
1769345935.2032819,-0.275513,-0.864258,-0.400513,0.976563,2.075195,1.770020,sit_stand_sit
1769345935.2204323,-0.280640,-0.873779,-0.401978,0.671387,3.234864,1.098633,sit_stand_sit
1769345935.2418373,-0.264648,-0.878052,-0.406372,0.854492,3.234864,1.159668,sit_stand_sit
1769345935.2615795,-0.260986,-0.878540,-0.409668,0.915528,3.112794,1.586915,sit_stand_sit
1769345935.281974,-0.254028,-0.885132,-0.412720,1.220703,3.051759,1.220703,sit_stand_sit
1769345935.302243,-0.248169,-0.890015,-0.414673,1.037598,2.563477,0.671387,sit_stand_sit
1769345935.3242588,-0.239014,-0.890015,-0.414063,1.037598,1.342773,-0.122070,sit_stand_sit
1769345935.3438225,-0.236084,-0.891968,-0.410400,0.976563,-1.403809,-0.793457,sit_stand_sit
1769345935.3640559,-0.242310,-0.889160,-0.408203,0.793457,-5.126953,-1.770020,sit_stand_sit
1769345935.3846471,-0.246094,-0.885620,-0.407349,0.854492,-6.774904,-2.441406,sit_stand_sit
1769345935.405486,-0.249756,-0.883057,-0.405884,0.671387,-7.995607,-2.502441,sit_stand_sit
1769345935.4230826,-0.255981,-0.883301,-0.403564,0.610352,-8.911133,-2.624512,sit_stand_sit
1769345935.4412043,-0.263306,-0.876953,-0.404907,0.488281,-8.972168,-2.563477,sit_stand_sit
1769345935.46306,-0.264771,-0.875732,-0.404541,0.793457,-8.117676,-2.136230,sit_stand_sit
1769345935.4836245,-0.272705,-0.877319,-0.403564,0.854492,-6.774904,-1.770020,sit_stand_sit
1769345935.5030103,-0.267822,-0.876831,-0.401611,1.159668,-3.845216,-1.159668,sit_stand_sit
1769345935.524611,-0.261963,-0.880371,-0.401245,1.281738,-2.868653,-0.671387,sit_stand_sit
1769345935.5450864,-0.256470,-0.882568,-0.400757,1.098633,-2.685547,-0.366211,sit_stand_sit
1769345935.5639582,-0.256592,-0.886719,-0.401978,1.159668,-3.295899,-0.793457,sit_stand_sit
1769345935.584713,-0.256592,-0.885986,-0.401978,1.159668,-3.540040,-1.159668,sit_stand_sit
1769345935.6038604,-0.255249,-0.886108,-0.400146,1.342773,-4.089355,-1.159668,sit_stand_sit
1769345935.6215098,-0.260132,-0.887085,-0.397095,1.037598,-5.310059,-1.342773,sit_stand_sit
1769345935.6447196,-0.264526,-0.886841,-0.397217,0.793457,-5.554201,-1.525879,sit_stand_sit
1769345935.6648662,-0.266602,-0.882202,-0.394409,0.854492,-5.676271,-1.647950,sit_stand_sit
1769345935.6837234,-0.272461,-0.881348,-0.396851,0.793457,-5.432129,-1.708985,sit_stand_sit
1769345935.7047615,-0.278564,-0.885010,-0.396606,0.915528,-4.760742,-1.892090,sit_stand_sit
1769345935.726193,-0.277344,-0.885254,-0.390503,0.610352,-4.272461,-1.892090,sit_stand_sit
1769345935.743076,-0.283813,-0.877930,-0.393433,0.549316,-2.990724,-1.342773,sit_stand_sit
1769345935.763559,-0.276489,-0.876709,-0.390991,0.976563,0.610352,-0.793457,sit_stand_sit
1769345935.7814565,-0.265503,-0.884033,-0.389893,0.976563,0.915528,-0.427246,sit_stand_sit
1769345935.8012207,-0.262207,-0.886597,-0.392334,0.793457,0.793457,-0.122070,sit_stand_sit
1769345935.816488,-0.256714,-0.888062,-0.393066,0.793457,0.061035,-0.183106,sit_stand_sit
1769345935.8430226,-0.255249,-0.888916,-0.391113,0.854492,-0.610352,-0.732422,sit_stand_sit
1769345935.8637538,-0.250732,-0.891113,-0.391724,0.976563,-1.708985,-1.220703,sit_stand_sit
1769345935.8832953,-0.254150,-0.894287,-0.390259,0.915528,-3.112794,-1.525879,sit_stand_sit
1769345935.9030316,-0.260864,-0.891235,-0.389282,0.976563,-3.356935,-1.647950,sit_stand_sit
1769345935.9196677,-0.264893,-0.892456,-0.389160,1.037598,-3.601075,-2.136230,sit_stand_sit
1769345935.9437773,-0.268066,-0.889160,-0.389160,0.793457,-3.173829,-2.258301,sit_stand_sit
1769345935.9618726,-0.267456,-0.885986,-0.389038,0.915528,-2.563477,-2.136230,sit_stand_sit
1769345935.9822507,-0.265381,-0.885620,-0.387451,0.915528,-2.319336,-2.014160,sit_stand_sit
1769345936.005999,-0.267212,-0.888428,-0.387573,0.976563,-2.014160,-2.197266,sit_stand_sit
1769345936.0262601,-0.261597,-0.888306,-0.386475,0.915528,-2.014160,-2.075195,sit_stand_sit
1769345936.046068,-0.262573,-0.892090,-0.388184,0.915528,-2.502441,-2.563477,sit_stand_sit
1769345936.0632544,-0.257568,-0.886963,-0.387573,0.976563,-2.685547,-2.990724,sit_stand_sit
1769345936.0815463,-0.253784,-0.888062,-0.387939,1.220703,-3.356935,-2.990724,sit_stand_sit
1769345936.1032867,-0.255859,-0.889648,-0.386353,1.159668,-3.479005,-3.234864,sit_stand_sit
1769345936.1249833,-0.251709,-0.891968,-0.386108,1.403809,-3.662110,-3.784181,sit_stand_sit
1769345936.1423335,-0.244507,-0.891602,-0.382080,1.464844,-4.699707,-4.089355,sit_stand_sit
1769345936.1632395,-0.246704,-0.891479,-0.379761,1.464844,-6.652834,-4.516602,sit_stand_sit
1769345936.1826408,-0.242065,-0.891357,-0.378662,1.770020,-7.629396,-4.821777,sit_stand_sit
1769345936.2039306,-0.236206,-0.894043,-0.376709,1.586915,-9.521484,-5.187988,sit_stand_sit
1769345936.2233138,-0.235718,-0.891479,-0.374878,1.464844,-11.840824,-5.187988,sit_stand_sit
1769345936.2416704,-0.241455,-0.886475,-0.370850,1.525879,-13.549809,-5.432129,sit_stand_sit
1769345936.2630181,-0.345093,-0.874390,-0.361938,2.929688,-13.549809,-10.009766,sit_stand_sit
1769345936.2818048,-0.255615,-0.902466,-0.376831,2.990724,-7.690432,-11.840824,sit_stand_sit
1769345936.3031003,-0.258789,-0.908447,-0.382568,-0.488281,-7.812502,-9.948730,sit_stand_sit
1769345936.3238323,-0.250610,-0.906250,-0.377686,-4.211426,-7.202150,-10.559082,sit_stand_sit
1769345936.3430567,-0.247437,-0.885132,-0.371704,-5.615236,-8.361816,-11.413578,sit_stand_sit
1769345936.3637586,-0.248047,-0.866821,-0.364136,-3.295899,-7.446291,-11.352543,sit_stand_sit
1769345936.3793721,-0.240479,-0.877563,-0.362427,-1.037598,-6.347658,-11.901859,sit_stand_sit
1769345936.406353,-0.235962,-0.875854,-0.364136,0.610352,-5.371094,-10.864258,sit_stand_sit
1769345936.4191582,-0.234497,-0.870605,-0.365601,4.394531,-3.051759,-8.911133,sit_stand_sit
1769345936.4459674,-0.240112,-0.866089,-0.364624,8.056641,-0.488281,-8.178711,sit_stand_sit
1769345936.4627638,-0.242188,-0.893555,-0.365112,10.009766,2.624512,-6.896975,sit_stand_sit
1769345936.483558,-0.232056,-0.891479,-0.367920,9.765625,4.089355,-5.798342,sit_stand_sit
1769345936.5035665,-0.229248,-0.878296,-0.357422,10.192871,2.685547,-5.187988,sit_stand_sit
1769345936.5231843,-0.285522,-0.876831,-0.344727,9.094238,2.258301,-12.573246,sit_stand_sit
1769345936.5444646,-0.269531,-0.866577,-0.335327,10.253906,10.620117,-21.972656,sit_stand_sit
1769345936.5645146,-0.261475,-0.887451,-0.335938,9.094238,11.962894,-23.681648,sit_stand_sit
1769345936.5835655,-0.243774,-0.896973,-0.347046,13.854984,14.953617,-19.775391,sit_stand_sit
1769345936.6003487,-0.234253,-0.898560,-0.333618,9.338379,13.854984,-20.385742,sit_stand_sit
1769345936.6261516,-0.230347,-0.875488,-0.340210,19.409180,17.456055,-19.714355,sit_stand_sit
1769345936.6413498,-0.196289,-0.905396,-0.330566,10.864258,11.718754,-26.550301,sit_stand_sit
1769345936.6650858,-0.191284,-0.951782,-0.323364,21.484375,16.662598,-21.423340,sit_stand_sit
1769345936.685317,-0.185669,-0.922974,-0.318726,25.817879,11.474613,-20.202637,sit_stand_sit
1769345936.7048345,-0.186646,-0.954102,-0.307129,25.573738,13.061527,-25.268562,sit_stand_sit
1769345936.724769,-0.185303,-1.006592,-0.291138,27.893074,18.432617,-29.785164,sit_stand_sit
1769345936.7462215,-0.138428,-1.043213,-0.291504,21.789551,5.859377,-43.457031,sit_stand_sit
1769345936.7653852,-0.215332,-1.146362,-0.284790,32.958984,12.939457,-47.607437,sit_stand_sit
1769345936.7851322,-0.161621,-1.263672,-0.305054,35.583496,21.362305,-46.447769,sit_stand_sit
1769345936.8024566,-0.122681,-1.333862,-0.309692,34.545898,19.897461,-40.710449,sit_stand_sit
1769345936.8381143,-0.105713,-1.350220,-0.274902,35.217285,20.629883,-38.696289,sit_stand_sit
1769345936.8602474,-0.094604,-1.378784,-0.284302,35.400391,26.550301,-34.423828,sit_stand_sit
1769345936.8619921,-0.064575,-1.344727,-0.297241,28.625496,38.574219,-24.108894,sit_stand_sit
1769345936.883712,0.041382,-1.266968,-0.290771,27.709969,40.222168,-13.366703,sit_stand_sit
1769345936.9046888,0.148315,-1.209351,-0.274292,27.221687,28.930672,-7.690432,sit_stand_sit
1769345936.9175813,0.247070,-1.162354,-0.281982,24.841316,7.385256,-5.737307,sit_stand_sit
1769345936.9409814,0.269165,-1.085083,-0.375244,8.300781,-2.807618,-13.610844,sit_stand_sit
1769345936.9610112,0.336304,-1.117188,-0.351074,13.610844,-6.835939,-12.878422,sit_stand_sit
1769345936.982224,0.236694,-1.188354,-0.263184,6.896975,-21.850586,-8.483887,sit_stand_sit
1769345937.0012562,0.123047,-1.132935,-0.243774,-1.159668,-31.799324,-6.530764,sit_stand_sit
1769345937.0239332,0.107666,-1.050171,-0.202637,0.427246,-27.587898,-12.634281,sit_stand_sit
1769345937.0447564,0.103271,-1.020020,-0.135376,8.483887,-20.935059,-16.784668,sit_stand_sit
1769345937.0651393,-0.004883,-1.043091,-0.074341,6.591799,-4.577637,-15.747074,sit_stand_sit
1769345937.0847943,-0.017822,-0.954102,-0.021851,1.831055,37.048340,-11.047363,sit_stand_sit
1769345937.1055527,0.079712,-0.906982,-0.012329,4.516602,48.950211,-12.023930,sit_stand_sit
1769345937.1221263,0.115845,-0.905029,-0.014648,6.408693,43.884277,-13.366703,sit_stand_sit
1769345937.1429563,0.102661,-0.889526,-0.022949,4.821777,34.545898,-11.657719,sit_stand_sit
1769345937.1658697,0.094604,-0.853760,-0.027832,4.455566,27.038582,-7.690432,sit_stand_sit
1769345937.184034,0.077637,-0.838501,-0.045776,5.126953,20.568848,-7.263186,sit_stand_sit
1769345937.2045257,0.055542,-0.834106,-0.098145,6.347658,12.390141,-4.272461,sit_stand_sit
1769345937.2258792,0.036133,-0.833374,-0.122681,5.981447,6.652834,-0.915528,sit_stand_sit
1769345937.2441897,0.038086,-0.819458,-0.156738,5.310059,-1.770020,-0.610352,sit_stand_sit
1769345937.2659757,0.057495,-0.805542,-0.197876,4.699707,-13.000492,-0.732422,sit_stand_sit
1769345937.2820122,0.055176,-0.784424,-0.236450,1.953125,-27.587898,2.075195,sit_stand_sit
1769345937.302193,0.029175,-0.756592,-0.247925,0.366211,-40.588379,4.028320,sit_stand_sit
1769345937.3224692,0.000732,-0.750977,-0.235718,-0.366211,-45.166031,6.286623,sit_stand_sit
1769345937.3459945,-0.021729,-0.724365,-0.209717,-5.859377,-40.344238,10.742188,sit_stand_sit
1769345937.3612573,-0.041992,-0.731201,-0.179565,-5.554201,-30.334480,11.840824,sit_stand_sit
1769345937.3848662,-0.045776,-0.776489,-0.150391,-6.530764,-19.287109,10.864258,sit_stand_sit
1769345937.4003377,-0.039185,-0.812500,-0.130249,-8.361816,-10.559082,10.009766,sit_stand_sit
1769345937.4244862,-0.031494,-0.850098,-0.108887,-10.131836,-3.845216,9.399414,sit_stand_sit
1769345937.4418793,-0.025146,-0.875488,-0.103149,-11.047363,5.493164,7.202150,sit_stand_sit
1769345937.4667625,-0.004761,-0.916138,-0.114624,-11.169437,12.084965,4.516602,sit_stand_sit
1769345937.4834163,0.008789,-0.973267,-0.131714,-12.023930,16.723633,-1.525879,sit_stand_sit
1769345937.5054302,0.033203,-0.999512,-0.133179,-11.352543,17.578125,-1.770020,sit_stand_sit
1769345937.5241113,0.052979,-1.005005,-0.145142,-10.314941,13.854984,-1.098633,sit_stand_sit
1769345937.5451014,0.067993,-1.000854,-0.159546,-8.056641,8.056641,1.098633,sit_stand_sit
1769345937.566109,0.070679,-0.992432,-0.178955,-5.126953,2.685547,5.981447,sit_stand_sit
1769345937.5827692,0.060303,-0.980713,-0.193359,-2.746582,0.854492,10.375977,sit_stand_sit
1769345937.6004262,0.062744,-0.981323,-0.203979,-0.488281,4.821777,11.413578,sit_stand_sit
1769345937.62033,0.081055,-0.991089,-0.227539,-0.976563,6.713869,10.803223,sit_stand_sit
1769345937.642747,0.101074,-0.990479,-0.240112,-0.976563,4.516602,8.666992,sit_stand_sit
1769345937.663185,0.095825,-1.000244,-0.234131,-1.220703,-0.122070,6.347658,sit_stand_sit
1769345937.6842065,0.075317,-0.998169,-0.219238,-2.014160,-2.807618,5.310059,sit_stand_sit
1769345937.7027416,0.050293,-0.981201,-0.202148,-2.563477,-1.647950,4.333496,sit_stand_sit
1769345937.7182765,0.033936,-0.971069,-0.182983,-1.403809,0.854492,3.173829,sit_stand_sit
1769345937.7390962,0.014038,-0.969727,-0.165039,-0.183106,5.737307,2.624512,sit_stand_sit
1769345937.767016,0.021606,-0.969971,-0.151733,0.854492,5.981447,1.586915,sit_stand_sit
1769345937.7827642,0.022095,-0.974976,-0.138916,1.586915,4.028320,1.159668,sit_stand_sit
1769345937.802781,0.012329,-0.985107,-0.131592,2.075195,2.258301,1.525879,sit_stand_sit
1769345937.8235013,0.003662,-0.995483,-0.132568,2.014160,2.075195,1.525879,sit_stand_sit
1769345937.8434746,0.004272,-0.990479,-0.140991,2.014160,2.624512,0.183106,sit_stand_sit
1769345937.8625994,0.015381,-0.990845,-0.147095,2.502441,1.525879,-0.732422,sit_stand_sit
1769345937.886234,0.028320,-0.993286,-0.159668,2.258301,-0.305176,-0.976563,sit_stand_sit
1769345937.9052043,0.034668,-0.986694,-0.178101,2.624512,-3.295899,-1.159668,sit_stand_sit
1769345937.9243078,0.037720,-1.004639,-0.185059,2.990724,-5.737307,-2.563477,sit_stand_sit
1769345937.9430807,0.040283,-1.003540,-0.194336,1.953125,-4.760742,-2.075195,sit_stand_sit
1769345937.9612389,0.055420,-0.998779,-0.200073,1.403809,-2.746582,-0.915528,sit_stand_sit
1769345937.9831054,0.069824,-0.995239,-0.195190,1.220703,-2.075195,-0.549316,sit_stand_sit
1769345938.0052142,0.075439,-0.993164,-0.186523,0.610352,-2.990724,-1.159668,sit_stand_sit
1769345938.0235317,0.059448,-0.982544,-0.182983,0.671387,-3.601075,-1.525879,sit_stand_sit
1769345938.037148,0.039185,-0.979980,-0.178589,0.732422,-3.417970,-1.403809,sit_stand_sit
1769345938.0646987,0.023071,-0.982300,-0.172607,0.732422,-2.746582,-1.098633,sit_stand_sit
1769345938.0829258,0.010620,-0.987305,-0.165039,0.915528,-1.770020,-1.159668,sit_stand_sit
1769345938.273277,-0.000122,-0.988281,-0.165527,0.976563,-0.610352,-1.159668,sit_stand_sit
1769345938.273277,-0.011108,-0.985840,-0.167114,1.037598,0.610352,-1.098633,sit_stand_sit
1769345938.273277,-0.011475,-0.985962,-0.170654,1.220703,1.281738,-0.854492,sit_stand_sit
1769345938.273277,-0.008057,-0.992798,-0.174438,0.854492,0.610352,-0.732422,sit_stand_sit
1769345938.273277,-0.011719,-0.989746,-0.185059,0.061035,0.183106,-0.183106,sit_stand_sit
1769345938.276306,-0.013184,-0.986694,-0.187988,-0.061035,0.854492,0.610352,sit_stand_sit
1769345938.276306,-0.004639,-0.992310,-0.183838,-0.549316,2.197266,0.976563,sit_stand_sit
1769345938.276306,0.008301,-0.991821,-0.189453,-1.525879,3.906251,1.586915,sit_stand_sit
1769345938.4763107,0.014160,-0.989136,-0.199951,-1.953125,4.821777,1.403809,sit_stand_sit
1769345938.479726,0.020996,-0.991943,-0.194336,-2.136230,5.371094,0.671387,sit_stand_sit
1769345938.479726,0.023193,-0.997192,-0.190308,-2.319336,6.103518,0.488281,sit_stand_sit
1769345938.479726,0.024780,-0.991821,-0.191772,-2.563477,6.958010,0.549316,sit_stand_sit
1769345938.479726,0.024658,-0.989380,-0.193848,-2.502441,7.080080,0.793457,sit_stand_sit
1769345938.479726,0.030640,-0.988647,-0.185303,-1.892090,5.493164,0.610352,sit_stand_sit
1769345938.479726,0.027344,-0.994751,-0.182129,-1.831055,3.845216,0.549316,sit_stand_sit
1769345938.4817402,0.011963,-0.984619,-0.185669,-2.502441,3.845216,1.525879,sit_stand_sit
1769345938.4817402,0.017578,-0.983032,-0.186523,-1.708985,2.929688,1.647950,sit_stand_sit
1769345938.4817402,0.002197,-0.998413,-0.178589,-2.502441,3.295899,1.464844,sit_stand_sit
1769345938.4817402,0.012329,-0.989014,-0.183228,-2.929688,4.211426,2.502441,sit_stand_sit
1769345938.4832525,0.013916,-0.979004,-0.185547,-3.295899,3.295899,2.990724,sit_stand_sit
1769345938.509488,0.014771,-0.970093,-0.187744,-3.356935,2.258301,3.051759,sit_stand_sit
1769345938.5262613,0.015625,-0.982666,-0.184692,-2.929688,0.976563,2.624512,sit_stand_sit
1769345938.544552,0.012207,-0.982056,-0.186035,-4.211426,0.793457,3.234864,sit_stand_sit
1769345938.5646982,0.011719,-0.973145,-0.190430,-4.150391,0.671387,3.723145,sit_stand_sit
1769345938.586251,0.008789,-0.975952,-0.188843,-3.601075,1.220703,3.295899,sit_stand_sit
1769345938.6003358,0.017456,-0.987793,-0.183105,-3.906251,1.647950,3.173829,sit_stand_sit
1769345938.623536,0.020386,-0.983521,-0.185791,-4.272461,1.098633,3.356935,sit_stand_sit
1769345938.6436627,0.021851,-0.975098,-0.190430,-4.211426,0.366211,3.356935,sit_stand_sit
1769345938.6633682,0.023926,-0.978394,-0.181396,-3.051759,-2.624512,2.990724,sit_stand_sit
1769345938.684139,0.015747,-0.980835,-0.181885,-3.784181,-1.098633,3.356935,sit_stand_sit
1769345938.7060447,0.019653,-0.961182,-0.181885,-3.662110,0.061035,4.272461,sit_stand_sit
1769345938.726406,0.028809,-0.945557,-0.182495,-3.356935,-1.159668,3.784181,sit_stand_sit
1769345938.7464042,0.019897,-0.939209,-0.180054,-3.234864,-1.464844,3.967286,sit_stand_sit
1769345938.7590456,0.026245,-0.929810,-0.173340,-2.441406,-1.525879,4.150391,sit_stand_sit
1769345938.7869568,0.021851,-0.935303,-0.170288,-1.831055,-2.624512,2.441406,sit_stand_sit
1769345938.8038044,0.015381,-0.924927,-0.180054,-2.197266,-2.990724,2.319336,sit_stand_sit
1769345938.8230908,0.002808,-0.911499,-0.177368,-1.953125,-2.685547,1.892090,sit_stand_sit
1769345938.8497617,-0.000854,-0.913696,-0.166260,-1.525879,-0.854492,0.183106,sit_stand_sit
1769345938.865151,0.011475,-0.900757,-0.170166,-2.624512,1.098633,-1.159668,sit_stand_sit
1769345938.884144,0.047119,-0.851196,-0.183472,-3.601075,0.366211,0.183106,sit_stand_sit
1769345938.9039063,0.065063,-0.785889,-0.192749,-4.211426,-4.211426,1.892090,sit_stand_sit
1769345938.9244936,0.019653,-0.735229,-0.183228,-1.586915,-5.676271,-0.305176,sit_stand_sit
1769345938.9451084,-0.016357,-0.773560,-0.181030,1.098633,0.305176,-5.920412,sit_stand_sit
1769345938.961047,-0.018555,-0.836182,-0.191895,0.305176,8.117676,-11.108402,sit_stand_sit
1769345938.984209,-0.002075,-0.861206,-0.205811,-2.868653,12.084965,-11.779789,sit_stand_sit
1769345939.0021489,-0.017822,-0.862305,-0.201904,-5.126953,12.939457,-12.023930,sit_stand_sit
1769345939.0242047,-0.012817,-0.887451,-0.182373,-2.746582,11.840824,-15.563969,sit_stand_sit
1769345939.0442023,-0.000732,-0.929077,-0.176147,-1.098633,8.422852,-18.310547,sit_stand_sit
1769345939.0647461,-0.008545,-0.913696,-0.197388,-1.403809,2.380371,-12.207035,sit_stand_sit
1769345939.08456,-0.015137,-0.873169,-0.198486,1.403809,1.220703,-7.507326,sit_stand_sit
1769345939.1006055,-0.006714,-0.869385,-0.187988,5.737307,1.525879,-6.347658,sit_stand_sit
1769345939.1233964,-0.004883,-0.892700,-0.182617,8.300781,3.662110,-4.882813,sit_stand_sit
1769345939.146008,0.003174,-0.903442,-0.183472,8.178711,7.812502,-0.793457,sit_stand_sit
1769345939.1631832,0.024292,-0.887573,-0.194702,7.690432,10.498047,2.685547,sit_stand_sit
1769345939.1856167,0.025513,-0.890869,-0.206787,7.568361,15.747074,4.394531,sit_stand_sit
1769345939.2059133,0.014893,-0.954834,-0.217651,8.178711,20.751953,-1.281738,sit_stand_sit
1769345939.2246354,0.017700,-1.050781,-0.233643,5.859377,25.329597,-5.310059,sit_stand_sit
1769345939.2437913,0.047119,-1.108398,-0.239746,0.305176,25.024422,-3.295899,sit_stand_sit
1769345939.2649252,0.080933,-1.098145,-0.230591,-5.065918,17.089844,3.540040,sit_stand_sit
1769345939.2820532,0.105469,-1.054688,-0.208740,-6.713869,4.394531,9.826660,sit_stand_sit
1769345939.3005505,0.096436,-1.037476,-0.201538,-5.126953,-6.347658,13.366703,sit_stand_sit
1769345939.3247368,0.043701,-1.094482,-0.215576,-4.760742,-9.155273,16.540527,sit_stand_sit
1769345939.3461573,0.054077,-1.117676,-0.220093,-8.300781,-7.202150,20.263672,sit_stand_sit
1769345939.3660796,0.062744,-1.112793,-0.220703,-12.878422,-8.666992,23.925789,sit_stand_sit
1769345939.3830922,0.057983,-1.097900,-0.225586,-16.723633,-11.779789,25.451668,sit_stand_sit
1769345939.4056678,0.045654,-1.108398,-0.244141,-18.798828,-16.113281,25.207527,sit_stand_sit
1769345939.4247043,0.024780,-1.140381,-0.272583,-21.362305,-21.728516,26.062019,sit_stand_sit
1769345939.4445288,-0.025146,-1.171021,-0.303589,-26.184090,-29.052742,29.846199,sit_stand_sit
1769345939.4599948,-0.059204,-1.195679,-0.310547,-28.442390,-30.029305,31.311043,sit_stand_sit
1769345939.4843805,-0.077759,-1.206909,-0.305908,-30.395515,-26.428230,31.127937,sit_stand_sit
1769345939.503961,-0.085571,-1.204712,-0.296021,-31.433113,-22.766121,31.799324,sit_stand_sit
1769345939.5263863,-0.096436,-1.177612,-0.290649,-32.348633,-20.629883,32.592773,sit_stand_sit
1769345939.7089946,-0.109497,-1.111084,-0.295654,-32.287598,-18.066406,33.020020,sit_stand_sit
1769345939.7089946,-0.132202,-1.037842,-0.298706,-30.456551,-13.854984,33.264160,sit_stand_sit
1769345939.7089946,-0.158325,-0.961060,-0.303711,-25.329597,-5.432129,33.386230,sit_stand_sit
1769345939.7120967,-0.172363,-0.947754,-0.300903,-22.155769,1.342773,32.714844,sit_stand_sit
1769345939.7127142,-0.193604,-0.951294,-0.305786,-20.202637,10.498047,31.127937,sit_stand_sit
1769345939.7127142,-0.192993,-0.975708,-0.312378,-18.615723,19.653320,27.771004,sit_stand_sit
1769345939.7127142,-0.168945,-0.994751,-0.302612,-18.676758,23.376472,24.292000,sit_stand_sit
1769345939.7133803,-0.142334,-0.972534,-0.305054,-19.592285,20.385742,23.193367,sit_stand_sit
1769345939.9074748,-0.127686,-0.945068,-0.307495,-18.798828,14.892582,22.216805,sit_stand_sit
1769345939.9135194,-0.137939,-0.922729,-0.312866,-14.770512,5.432129,18.188477,sit_stand_sit
1769345939.9135194,-0.180298,-0.932739,-0.348633,-12.268070,3.173829,15.991215,sit_stand_sit
1769345939.9135194,-0.201416,-0.937378,-0.351685,-10.498047,6.164553,15.380863,sit_stand_sit
1769345939.9135194,-0.197632,-0.930542,-0.320679,-8.728027,9.948730,15.686039,sit_stand_sit
1769345939.9135194,-0.190063,-0.915039,-0.335571,-6.530764,14.221195,12.512211,sit_stand_sit
1769345939.9135194,-0.132813,-0.894775,-0.379150,-3.295899,11.108402,8.789063,sit_stand_sit
1769345939.9135194,-0.066772,-0.877563,-0.448608,-1.770020,-14.038090,7.995607,sit_stand_sit
1769345939.9135194,-0.100098,-0.848877,-0.474243,-1.220703,-30.395515,7.568361,sit_stand_sit
1769345939.9135194,-0.157104,-0.844727,-0.450317,0.366211,-31.433113,5.859377,sit_stand_sit
1769345939.9135194,-0.181396,-0.855225,-0.448730,-1.586915,-37.414551,1.342773,sit_stand_sit
1769345939.9258597,-0.310303,-0.870850,-0.419312,-6.408693,-23.254402,2.380371,sit_stand_sit
1769345939.9433134,-0.346436,-0.864990,-0.421509,-6.774904,-3.784181,0.183106,sit_stand_sit
1769345939.9627538,-0.292236,-0.872559,-0.416870,-6.591799,-1.159668,-3.051759,sit_stand_sit
1769345939.9843574,-0.300659,-0.886719,-0.394043,-4.821777,-9.399414,-6.164553,sit_stand_sit
1769345940.0077252,-0.314209,-0.882813,-0.383423,-6.408693,-19.287109,-8.422852,sit_stand_sit
1769345940.022961,-0.326416,-0.857300,-0.383545,-7.507326,-23.986824,-6.469728,sit_stand_sit
1769345940.044675,-0.280884,-0.841797,-0.410645,-6.652834,-28.442390,-7.507326,sit_stand_sit
1769345940.0650675,-0.270386,-0.828857,-0.431030,-2.868653,-34.667969,-5.615236,sit_stand_sit
1769345940.0807524,-0.286133,-0.840820,-0.426880,0.488281,-33.752441,-2.136230,sit_stand_sit
1769345940.0995624,-0.286133,-0.867554,-0.405884,3.479005,-24.169930,2.258301,sit_stand_sit
1769345940.1236422,-0.288452,-0.880249,-0.401489,3.417970,-13.549809,1.831055,sit_stand_sit
1769345940.1448627,-0.287476,-0.903931,-0.399292,3.234864,-4.516602,0.488281,sit_stand_sit
1769345940.166183,-0.273560,-0.931763,-0.399170,0.915528,2.563477,-1.403809,sit_stand_sit
1769345940.1844683,-0.247070,-0.934692,-0.406128,-0.732422,3.479005,-3.784181,sit_stand_sit
1769345940.2048013,-0.242188,-0.923340,-0.396118,-0.183106,0.610352,-5.493164,sit_stand_sit
1769345940.224505,-0.252808,-0.921021,-0.373535,0.549316,-2.990724,-6.835939,sit_stand_sit
1769345940.2387788,-0.268677,-0.903809,-0.347534,0.671387,-8.911133,-5.798342,sit_stand_sit
1769345940.2662704,-0.281616,-0.886597,-0.339966,1.281738,-11.230473,-4.394531,sit_stand_sit
1769345940.2843788,-0.317261,-0.889526,-0.341675,0.793457,-9.033203,-3.417970,sit_stand_sit
1769345940.3050756,-0.325562,-0.884521,-0.357544,-0.244141,-4.089355,-3.723145,sit_stand_sit
1769345940.322276,-0.290283,-0.875488,-0.378052,0.549316,-1.037598,-2.929688,sit_stand_sit
1769345940.3423197,-0.274658,-0.881958,-0.384277,0.793457,-0.061035,-2.075195,sit_stand_sit
1769345940.364397,-0.265137,-0.880005,-0.375977,1.159668,2.136230,-0.610352,sit_stand_sit
1769345940.3833334,-0.241943,-0.899658,-0.359131,1.708985,3.601075,-0.061035,sit_stand_sit
1769345940.4061775,-0.229248,-0.906982,-0.356567,1.708985,3.234864,0.427246,sit_stand_sit
1769345940.4259815,-0.218872,-0.915649,-0.358521,1.953125,1.342773,0.488281,sit_stand_sit
1769345940.4416533,-0.217285,-0.923950,-0.365601,0.976563,-1.770020,-0.244141,sit_stand_sit
1769345940.464892,-0.212891,-0.915527,-0.371826,0.305176,-5.371094,-1.525879,sit_stand_sit
1769345940.4814057,-0.217896,-0.906372,-0.373657,1.037598,-9.033203,-2.380371,sit_stand_sit
1769345940.5011783,-0.252808,-0.908691,-0.371216,0.610352,-9.887695,-3.479005,sit_stand_sit
1769345940.5220444,-0.257935,-0.904175,-0.368652,0.183106,-8.605957,-3.601075,sit_stand_sit
1769345940.5433688,-0.261841,-0.900269,-0.365356,0.183106,-7.202150,-3.479005,sit_stand_sit
1769345940.558349,-0.265137,-0.895996,-0.365112,0.122070,-4.943848,-2.990724,sit_stand_sit
1769345940.5909162,-0.259277,-0.894897,-0.366821,0.061035,-2.807618,-2.563477,sit_stand_sit
1769345940.621988,-0.249268,-0.896973,-0.366943,0.305176,-1.403809,-2.136230,sit_stand_sit
1769345940.621988,-0.240479,-0.903564,-0.362549,0.549316,-1.159668,-1.770020,sit_stand_sit
1769345940.6432896,-0.244629,-0.905884,-0.368896,0.244141,-0.671387,-0.976563,sit_stand_sit
1769345940.663316,-0.238403,-0.909790,-0.361328,0.488281,0.183106,-0.671387,sit_stand_sit
1769345940.6839793,-0.236206,-0.910034,-0.357666,0.000000,0.427246,-0.122070,sit_stand_sit
1769345940.7039213,-0.241943,-0.904053,-0.359741,-0.366211,1.403809,0.915528,sit_stand_sit
1769345940.7216232,-0.234131,-0.902466,-0.363525,0.061035,1.647950,0.488281,sit_stand_sit
1769345940.7451687,-0.228638,-0.905762,-0.363159,0.244141,-0.732422,-0.427246,sit_stand_sit
1769345940.76422,-0.236450,-0.897583,-0.362671,-0.244141,-3.173829,-1.098633,sit_stand_sit
1769345940.7832918,-0.242065,-0.895508,-0.357788,0.488281,-4.943848,-1.403809,sit_stand_sit
1769345940.8049142,-0.257446,-0.900513,-0.357178,0.366211,-5.737307,-2.014160,sit_stand_sit
1769345940.8220959,-0.261475,-0.900879,-0.359497,0.244141,-5.371094,-1.647950,sit_stand_sit
1769345940.8421957,-0.266846,-0.902100,-0.360474,0.305176,-4.150391,-1.464844,sit_stand_sit
1769345940.864748,-0.265259,-0.904175,-0.359741,0.427246,-2.807618,-1.281738,sit_stand_sit
1769345940.8847795,-0.259888,-0.906982,-0.359131,0.488281,-1.647950,-0.915528,sit_stand_sit
1769345940.9039826,-0.256592,-0.906128,-0.357544,0.427246,-0.549316,-0.549316,sit_stand_sit
1769345940.9255548,-0.254150,-0.904419,-0.358398,0.549316,0.122070,-0.183106,sit_stand_sit
1769345940.9448736,-0.249878,-0.903931,-0.357544,0.610352,0.793457,0.122070,sit_stand_sit
1769345940.9605045,-0.244873,-0.903320,-0.357910,0.732422,0.976563,0.061035,sit_stand_sit
1769345940.9835038,-0.240234,-0.902344,-0.358643,0.793457,0.610352,0.183106,sit_stand_sit
1769345941.002337,-0.239624,-0.903564,-0.358398,1.159668,-0.244141,-0.122070,sit_stand_sit
1769345941.0245063,-0.242065,-0.902832,-0.359009,0.976563,-0.488281,-0.549316,sit_stand_sit
1769345941.0441294,-0.260620,-0.909912,-0.355957,-0.244141,1.831055,-0.427246,sit_stand_sit
1769345941.0638874,-0.289063,-0.919556,-0.354980,-3.906251,8.728027,-0.427246,sit_stand_sit
1769345941.084187,-0.296387,-0.906250,-0.364380,-5.737307,16.601563,0.000000,sit_stand_sit
1769345941.1047645,-0.267578,-0.892334,-0.369629,-4.638672,20.080566,0.488281,sit_stand_sit
1769345941.1208906,-0.240601,-0.883545,-0.368774,-2.929688,19.592285,1.220703,sit_stand_sit
1769345941.1461384,-0.238159,-0.884521,-0.373901,-1.525879,18.798828,1.464844,sit_stand_sit
1769345941.1564357,-0.239868,-0.890869,-0.370850,0.549316,19.287109,0.976563,sit_stand_sit
1769345941.1861103,-0.252808,-0.883301,-0.372192,-0.549316,23.498543,0.427246,sit_stand_sit
1769345941.203368,-0.208496,-0.847656,-0.370972,1.831055,22.460945,-0.671387,sit_stand_sit
1769345941.2239542,-0.241943,-0.846558,-0.369263,4.394531,20.874023,-4.089355,sit_stand_sit
1769345941.2451124,-0.223389,-0.867798,-0.362427,4.150391,20.019531,-8.911133,sit_stand_sit
1769345941.260871,-0.204834,-0.860962,-0.370728,4.272461,14.221195,-12.634281,sit_stand_sit
1769345941.2802844,-0.221313,-0.878296,-0.371216,6.591799,10.131836,-14.892582,sit_stand_sit
1769345941.301182,-0.204590,-0.891235,-0.373779,10.986328,7.873537,-15.197758,sit_stand_sit
1769345941.3251173,-0.186646,-0.890747,-0.379272,7.873537,2.014160,-17.272949,sit_stand_sit
1769345941.3427649,-0.192017,-0.892334,-0.388672,12.939457,-0.915528,-17.822266,sit_stand_sit
1769345941.362156,-0.196045,-0.898315,-0.385986,15.197758,-0.549316,-16.784668,sit_stand_sit
1769345941.382724,-0.166382,-0.891357,-0.389648,13.244633,-3.479005,-18.310547,sit_stand_sit
1769345941.40463,-0.168091,-0.906006,-0.387573,12.512211,-8.544922,-22.277840,sit_stand_sit
1769345941.4222243,-0.195313,-0.909302,-0.383789,14.221195,-4.577637,-26.184090,sit_stand_sit
1769345941.443462,-0.188110,-0.918945,-0.375488,15.991215,-2.868653,-28.381355,sit_stand_sit
1769345941.465763,-0.193604,-0.935303,-0.361450,17.822266,1.342773,-30.761726,sit_stand_sit
1769345941.4816327,-0.178833,-0.952637,-0.352295,18.127441,1.953125,-34.973145,sit_stand_sit
1769345941.5030591,-0.187500,-0.986450,-0.336548,18.615723,5.004883,-37.658691,sit_stand_sit
1769345941.5259078,-0.177124,-0.998535,-0.320068,22.094727,5.737307,-41.076660,sit_stand_sit
1769345941.5462835,-0.167358,-1.098022,-0.296021,30.700691,13.610844,-41.137695,sit_stand_sit
1769345941.5642116,-0.127563,-1.267090,-0.292725,36.071777,15.686039,-44.677750,sit_stand_sit
1769345941.5844471,-0.116455,-1.367188,-0.290405,36.499023,16.113281,-44.738785,sit_stand_sit
1769345941.6006021,-0.065186,-1.377808,-0.269409,32.775879,14.465336,-39.611816,sit_stand_sit
1769345941.6258192,-0.008179,-1.320435,-0.266968,33.081055,7.934572,-32.287598,sit_stand_sit
1769345941.6430387,-0.008911,-1.282715,-0.293945,33.874512,8.483887,-28.503426,sit_stand_sit
1769345941.6621828,0.044556,-1.261841,-0.305176,35.034180,5.249023,-23.254402,sit_stand_sit
1769345941.6854527,0.052368,-1.248291,-0.282715,27.648933,-2.197266,-12.329105,sit_stand_sit
1769345941.7060642,0.110596,-1.191162,-0.248047,22.277840,-5.981447,-6.530764,sit_stand_sit
1769345941.7248044,0.142456,-1.163696,-0.224609,20.202637,-10.253906,-3.295899,sit_stand_sit
1769345941.7382755,0.166992,-1.154297,-0.226807,17.272949,-15.930180,-2.685547,sit_stand_sit
1769345941.7646785,0.153931,-1.109741,-0.234253,15.075687,-22.644051,-2.807618,sit_stand_sit
1769345941.7794185,0.143066,-1.069946,-0.245972,13.549809,-25.085457,-7.568361,sit_stand_sit
1769345941.8035266,0.145386,-1.006226,-0.267334,12.084965,-24.963387,-14.221195,sit_stand_sit
1769345941.8227582,0.091919,-1.019043,-0.247681,17.456055,-33.386230,-21.728516,sit_stand_sit
1769345941.8420672,0.005737,-1.052368,-0.221191,8.056641,-22.277840,-22.094727,sit_stand_sit
1769345941.8621585,-0.027466,-1.001343,-0.206543,-2.990724,-3.723145,-17.211914,sit_stand_sit
1769345941.8848455,-0.036011,-0.941528,-0.185913,-7.202150,14.404301,-13.183598,sit_stand_sit
1769345941.9059467,0.003662,-0.901855,-0.156860,-11.474613,24.108894,-20.324707,sit_stand_sit
1769345941.9251184,0.040283,-0.877686,-0.131470,-6.958010,22.644051,-14.770512,sit_stand_sit
1769345941.945048,0.003540,-0.910156,-0.089966,-7.446291,26.245125,4.577637,sit_stand_sit
1769345941.9668078,0.089478,-0.851685,-0.088379,-8.300781,12.573246,3.601075,sit_stand_sit
1769345941.9840329,0.051758,-0.874634,-0.087524,-7.629396,2.075195,2.441406,sit_stand_sit
1769345942.0035584,0.040039,-0.855591,-0.092041,-9.582520,-2.014160,5.981447,sit_stand_sit
1769345942.0261152,0.057617,-0.826904,-0.086670,-7.934572,-6.713869,8.544922,sit_stand_sit
1769345942.0454004,0.057373,-0.822021,-0.082520,-5.798342,-10.498047,6.347658,sit_stand_sit
1769345942.0633051,0.043213,-0.812378,-0.083374,-4.638672,-10.375977,2.380371,sit_stand_sit
1769345942.0786583,0.053711,-0.789917,-0.094727,-2.807618,-16.601563,4.577637,sit_stand_sit
1769345942.103323,0.022217,-0.754639,-0.105103,-2.563477,-14.526371,8.666992,sit_stand_sit
1769345942.1185775,0.028076,-0.698120,-0.118530,0.183106,-12.084965,8.850098,sit_stand_sit
1769345942.142964,0.018921,-0.692017,-0.116943,4.638672,-8.483887,8.361816,sit_stand_sit
1769345942.164933,0.020020,-0.718872,-0.115479,6.652834,-3.173829,7.507326,sit_stand_sit
1769345942.1835234,0.019531,-0.723022,-0.126465,6.286623,1.098633,7.690432,sit_stand_sit
1769345942.2036705,0.010864,-0.741333,-0.126709,7.141115,3.723145,6.713869,sit_stand_sit
1769345942.224396,0.025513,-0.848022,-0.141968,7.385256,2.502441,7.934572,sit_stand_sit
1769345942.2373474,0.017944,-0.907349,-0.166992,6.958010,-4.455566,8.666992,sit_stand_sit
1769345942.2654698,-0.003418,-0.983765,-0.190063,7.080080,-11.291508,4.821777,sit_stand_sit
1769345942.2830825,-0.000488,-1.048218,-0.208618,4.943848,-17.395020,1.647950,sit_stand_sit
1769345942.3022509,0.010498,-1.071777,-0.219116,1.037598,-24.841316,1.342773,sit_stand_sit
1769345942.3214397,0.005127,-1.053833,-0.227905,-1.525879,-30.517586,2.380371,sit_stand_sit
1769345942.3428562,-0.020630,-1.014038,-0.231323,-2.868653,-24.658211,5.676271,sit_stand_sit
1769345942.3630376,-0.048584,-0.969604,-0.220215,-2.136230,-10.070801,7.141115,sit_stand_sit
1769345942.3774219,-0.023193,-0.969971,-0.212891,-1.586915,5.432129,7.629396,sit_stand_sit
1769345942.4036138,0.020386,-0.967285,-0.209351,-2.502441,15.075687,8.728027,sit_stand_sit
1769345942.4248247,0.053955,-0.950928,-0.201050,-3.723145,17.517090,8.300781,sit_stand_sit
1769345942.4403834,0.054199,-0.955444,-0.186035,-3.601075,15.869144,5.432129,sit_stand_sit
1769345942.459948,0.035767,-0.986938,-0.162598,-3.540040,14.160160,1.953125,sit_stand_sit
1769345942.4843822,0.039185,-0.992188,-0.142090,-3.356935,8.911133,-2.441406,sit_stand_sit
1769345942.502491,0.014404,-1.001953,-0.127075,-2.258301,3.234864,-4.699707,sit_stand_sit
1769345942.5168438,-0.006836,-1.010498,-0.110962,-1.403809,2.563477,-3.845216,sit_stand_sit
1769345942.5427346,0.005859,-1.005249,-0.111938,-0.976563,3.051759,-2.319336,sit_stand_sit
1769345942.5641732,0.012573,-0.998169,-0.124634,0.061035,0.244141,-1.953125,sit_stand_sit
1769345942.5851161,0.010742,-0.991211,-0.139160,0.488281,0.915528,-1.525879,sit_stand_sit
1769345942.604761,0.039551,-0.994263,-0.145996,2.685547,-0.549316,-1.159668,sit_stand_sit
1769345942.6193624,0.065186,-1.012451,-0.164673,2.075195,-2.258301,-0.183106,sit_stand_sit
1769345942.6417146,0.069702,-1.000488,-0.180176,2.746582,-4.943848,0.122070,sit_stand_sit
1769345942.6622424,0.066528,-1.003540,-0.190430,3.662110,-7.629396,-1.708985,sit_stand_sit
1769345942.6833014,0.055420,-0.999390,-0.199707,3.784181,-9.521484,-1.525879,sit_stand_sit
1769345942.7040472,0.033081,-0.993896,-0.197632,3.601075,-10.375977,-0.793457,sit_stand_sit
1769345942.723099,0.012939,-0.983032,-0.191650,2.990724,-8.666992,-0.854492,sit_stand_sit
1769345942.7433803,-0.014893,-0.975586,-0.186768,2.319336,-2.868653,-0.671387,sit_stand_sit
1769345942.7644022,-0.015503,-0.977173,-0.184326,1.464844,0.122070,-1.281738,sit_stand_sit
1769345942.7864165,-0.014160,-0.981567,-0.181274,0.549316,0.061035,-1.647950,sit_stand_sit
1769345942.8028255,-0.025391,-0.984131,-0.175171,-0.305176,-2.014160,-2.868653,sit_stand_sit
1769345942.8215265,-0.035767,-0.990479,-0.168701,-0.671387,-3.173829,-3.112794,sit_stand_sit
1769345942.8438127,-0.042603,-0.995972,-0.164307,-0.854492,-3.295899,-2.136230,sit_stand_sit
1769345942.8636773,-0.045532,-0.998535,-0.159790,-1.525879,-2.197266,-0.671387,sit_stand_sit
1769345942.883587,-0.029541,-0.981201,-0.168335,-1.831055,0.549316,0.854492,sit_stand_sit
1769345942.9043393,-0.016968,-0.987183,-0.171875,-1.281738,2.014160,1.586915,sit_stand_sit
1769345943.086438,0.001587,-0.992554,-0.175293,-1.586915,3.295899,1.831055,sit_stand_sit
1769345943.0884938,0.008057,-0.986816,-0.180420,-1.831055,4.089355,2.258301,sit_stand_sit
1769345943.0884938,0.015137,-0.986084,-0.180908,-1.464844,4.516602,2.136230,sit_stand_sit
1769345943.0884938,0.021484,-0.992188,-0.177856,-1.220703,4.333496,2.014160,sit_stand_sit
1769345943.0884938,0.016113,-0.991455,-0.174683,-1.708985,3.479005,2.258301,sit_stand_sit
1769345943.0884938,0.004883,-0.985596,-0.172852,-1.708985,4.089355,2.441406,sit_stand_sit
1769345943.0884938,0.001831,-0.984497,-0.170288,-1.037598,4.699707,1.892090,sit_stand_sit
1769345943.0884938,0.000122,-0.994263,-0.169312,-0.976563,4.882813,1.464844,sit_stand_sit
1769345943.2864146,-0.001099,-0.992432,-0.173584,-1.708985,5.004883,1.708985,sit_stand_sit
1769345943.2864146,-0.002930,-0.983398,-0.175781,-2.197266,4.882813,1.831055,sit_stand_sit
1769345943.2864146,-0.009155,-0.983887,-0.179932,-2.441406,5.249023,1.586915,sit_stand_sit
1769345943.2864146,0.003052,-0.988770,-0.172363,-2.563477,4.394531,1.464844,sit_stand_sit
1769345943.2864146,0.002319,-0.987793,-0.174194,-3.112794,3.601075,1.281738,sit_stand_sit
1769345943.2864146,-0.007568,-0.971313,-0.177246,-3.356935,4.150391,1.953125,sit_stand_sit
1769345943.2864146,-0.002808,-0.961548,-0.167358,-3.112794,5.371094,2.075195,sit_stand_sit
1769345943.2864146,0.008423,-0.950562,-0.162842,-3.173829,5.859377,2.502441,sit_stand_sit
1769345943.2864146,0.023438,-0.923706,-0.167603,-3.967286,4.516602,2.624512,sit_stand_sit
1769345943.2864146,0.026611,-0.881836,-0.166992,-4.089355,1.281738,2.624512,sit_stand_sit
1769345943.2864146,-0.006226,-0.869873,-0.150879,-1.403809,3.417970,0.671387,sit_stand_sit
1769345943.307723,0.027710,-0.864380,-0.146240,-0.732422,5.187988,-0.610352,sit_stand_sit
1769345943.325199,0.037598,-0.838745,-0.161743,-1.403809,5.371094,-0.976563,sit_stand_sit
1769345943.3450894,0.045654,-0.795654,-0.176025,-1.892090,5.249023,-1.953125,sit_stand_sit
1769345943.361577,0.056152,-0.748047,-0.183350,-1.647950,5.310059,-2.746582,sit_stand_sit
1769345943.3840778,0.063110,-0.705200,-0.180908,-1.403809,6.164553,-2.746582,sit_stand_sit
1769345943.4062226,0.022949,-0.680298,-0.169678,-0.549316,6.408693,-8.544922,sit_stand_sit
1769345943.4237318,-0.049194,-0.722412,-0.154541,6.530764,21.240234,-17.639160,sit_stand_sit
1769345943.446187,-0.014038,-0.821289,-0.149902,5.859377,34.667969,-23.010262,sit_stand_sit
1769345943.4596374,0.024780,-0.858032,-0.140015,1.770020,35.827637,-21.606445,sit_stand_sit
1769345943.4811668,0.008301,-0.859009,-0.122681,-0.061035,33.752441,-19.226074,sit_stand_sit
1769345943.505366,0.019287,-0.854614,-0.127930,1.831055,32.043457,-20.141602,sit_stand_sit
1769345943.5228202,0.053101,-0.862061,-0.144409,4.211426,25.207527,-21.606445,sit_stand_sit
1769345943.5562701,0.042114,-0.888916,-0.142090,6.103518,8.422852,-14.099125,sit_stand_sit
1769345943.5647902,0.027710,-0.927856,-0.116699,6.835939,3.417970,-11.413578,sit_stand_sit
1769345943.5848875,0.018066,-1.000122,-0.108398,7.568361,4.943848,-11.718754,sit_stand_sit
1769345943.6054652,0.014648,-1.088135,-0.119873,6.408693,10.070801,-11.291508,sit_stand_sit
1769345943.6250286,0.051147,-1.133301,-0.140503,1.831055,11.230473,-8.666992,sit_stand_sit
1769345943.6445427,0.114990,-1.109253,-0.152466,-2.197266,3.417970,-1.403809,sit_stand_sit
1769345943.6619346,0.173950,-1.064453,-0.175781,-2.136230,-16.540527,6.896975,sit_stand_sit
1769345943.682598,0.166504,-1.066895,-0.202148,-0.915528,-23.010262,9.826660,sit_stand_sit
1769345943.7059593,0.144775,-1.100708,-0.213745,-1.647950,-19.470215,11.779789,sit_stand_sit
1769345943.7159796,0.133545,-1.119385,-0.202148,-5.798342,-7.751467,15.441898,sit_stand_sit
1769345943.744423,0.157593,-1.099976,-0.190186,-8.972168,-0.122070,19.653320,sit_stand_sit
1769345943.762111,0.177612,-1.085205,-0.177979,-9.887695,-2.685547,22.399910,sit_stand_sit
1769345943.78344,0.169922,-1.104492,-0.171631,-10.131836,-11.108402,22.521980,sit_stand_sit
1769345943.803623,0.122681,-1.130371,-0.157593,-13.244633,-28.686531,24.230965,sit_stand_sit
1769345943.8231428,0.040527,-1.134399,-0.168335,-16.357422,-34.362793,25.939949,sit_stand_sit
1769345943.8430576,-0.037476,-1.136963,-0.190308,-19.104004,-29.907234,26.123055,sit_stand_sit
1769345943.8663058,-0.057739,-1.142456,-0.214233,-20.874023,-21.789551,26.733406,sit_stand_sit
1769345943.8829486,-0.081787,-1.162720,-0.228271,-23.376472,-14.953617,29.541023,sit_stand_sit
1769345943.9060938,-0.096436,-1.170410,-0.256836,-28.015144,-7.324221,32.287598,sit_stand_sit
1769345943.9253557,-0.087891,-1.141357,-0.288818,-31.921394,-3.967286,35.339355,sit_stand_sit
1769345943.9447207,-0.068848,-1.047852,-0.328735,-35.583496,-7.995607,39.611816,sit_stand_sit
1769345943.9690359,-0.064453,-0.989624,-0.342529,-35.400391,-15.136723,41.320801,sit_stand_sit
1769345944.0080879,-0.087402,-0.977539,-0.342529,-33.203125,-22.216805,40.283203,sit_stand_sit
1769345944.0080879,-0.127441,-1.010498,-0.340332,-31.433113,-25.390633,36.499023,sit_stand_sit
1769345944.0240645,-0.165527,-1.059082,-0.343140,-30.273445,-24.169930,31.616219,sit_stand_sit
1769345944.209075,-0.176147,-1.093750,-0.349243,-29.785164,-20.812988,27.099617,sit_stand_sit
1769345944.2133088,-0.158813,-1.076172,-0.365479,-28.198250,-28.503426,21.972656,sit_stand_sit
1769345944.2133088,-0.226807,-1.036621,-0.370117,-24.658211,-27.526863,20.996094,sit_stand_sit
1769345944.2133088,-0.251709,-0.974487,-0.371460,-20.996094,-14.648441,21.667480,sit_stand_sit
1769345944.2133088,-0.218872,-0.915527,-0.352783,-16.845703,-2.990724,23.925789,sit_stand_sit
1769345944.2133088,-0.204102,-0.868896,-0.331665,-13.549809,5.615236,25.634773,sit_stand_sit
1769345944.2133088,-0.199219,-0.826782,-0.314087,-9.460449,11.596684,26.489265,sit_stand_sit
1769345944.2133088,-0.230225,-0.816650,-0.298340,-5.371094,15.441898,26.733406,sit_stand_sit
1769345944.4168477,-0.253052,-0.835693,-0.293213,-1.647950,21.301270,25.878914,sit_stand_sit
1769345944.4168477,-0.253052,-0.867676,-0.306519,-1.220703,22.094727,23.864754,sit_stand_sit
1769345944.4186218,-0.213745,-0.885010,-0.329590,-1.464844,18.493652,21.301270,sit_stand_sit
1769345944.4186218,-0.176025,-0.900391,-0.351807,-1.098633,7.141115,19.348145,sit_stand_sit
1769345944.4186218,-0.171143,-0.914063,-0.367065,-0.610352,-7.141115,16.784668,sit_stand_sit
1769345944.4186218,-0.174683,-0.914429,-0.374634,0.183106,-21.484375,12.451176,sit_stand_sit
1769345944.4186218,-0.214478,-0.936157,-0.384155,-0.244141,-37.658691,2.075195,sit_stand_sit
1769345944.4186218,-0.224487,-0.957397,-0.414063,5.065918,-44.128418,-1.892090,sit_stand_sit
1769345944.4201705,-0.273438,-0.980347,-0.402344,1.098633,-48.706070,-1.831055,sit_stand_sit
1769345944.4201705,-0.320313,-0.939697,-0.394409,-3.417970,-45.104996,-3.723145,sit_stand_sit
1769345944.4201705,-0.342896,-0.907959,-0.380371,-4.760742,-36.437988,-7.751467,sit_stand_sit
1769345944.4234393,-0.343140,-0.898438,-0.370483,-6.286623,-27.343758,-9.521484,sit_stand_sit
1769345944.4417372,-0.350342,-0.893433,-0.362915,-8.666992,-15.808109,-7.446291,sit_stand_sit
1769345944.4621189,-0.354004,-0.867554,-0.352539,-10.986328,3.112794,-3.662110,sit_stand_sit
1769345944.4823506,-0.318848,-0.859131,-0.349365,-10.498047,9.948730,-3.234864,sit_stand_sit
1769345944.5034518,-0.303955,-0.863159,-0.346924,-9.887695,13.732914,-2.990724,sit_stand_sit
1769345944.5261087,-0.277954,-0.869263,-0.349609,-8.056641,14.282230,-2.319336,sit_stand_sit
1769345944.543362,-0.249756,-0.879883,-0.352783,-5.920412,7.568361,-1.403809,sit_stand_sit
1769345944.5625458,-0.264038,-0.886841,-0.348145,-3.540040,1.525879,-0.183106,sit_stand_sit
1769345944.5862498,-0.274414,-0.894897,-0.351074,-1.403809,0.610352,0.488281,sit_stand_sit
1769345944.6125755,-0.271606,-0.918945,-0.350952,-0.488281,2.441406,0.488281,sit_stand_sit
1769345944.6231222,-0.258057,-0.915527,-0.356812,-1.403809,4.455566,0.488281,sit_stand_sit
1769345944.6448424,-0.245850,-0.899170,-0.365479,-1.403809,5.615236,0.610352,sit_stand_sit
1769345944.662346,-0.230225,-0.889648,-0.369019,-0.244141,5.249023,0.244141,sit_stand_sit
1769345944.686309,-0.217529,-0.889648,-0.366211,0.915528,2.380371,0.061035,sit_stand_sit
1769345944.7032142,-0.220703,-0.891479,-0.362671,1.770020,-1.708985,0.122070,sit_stand_sit
1769345944.724806,-0.246094,-0.891479,-0.357422,2.502441,-5.920412,-0.305176,sit_stand_sit
1769345944.7452285,-0.255127,-0.892334,-0.356201,3.051759,-7.446291,-0.366211,sit_stand_sit
1769345944.7614148,-0.264038,-0.894531,-0.357666,3.295899,-8.972168,-0.305176,sit_stand_sit
1769345944.7837172,-0.273926,-0.896240,-0.361816,3.295899,-9.704590,-0.488281,sit_stand_sit
1769345944.8037832,-0.280151,-0.898560,-0.365845,3.173829,-9.094238,-0.305176,sit_stand_sit
1769345944.8212833,-0.283691,-0.903076,-0.367432,2.502441,-7.324221,-0.061035,sit_stand_sit
1769345944.8405497,-0.285156,-0.903931,-0.370850,1.403809,-4.577637,-0.549316,sit_stand_sit
1769345944.8659039,-0.275757,-0.910767,-0.371216,0.061035,-0.549316,-1.586915,sit_stand_sit
1769345944.884597,-0.269409,-0.914063,-0.365723,-0.793457,0.427246,-2.075195,sit_stand_sit
1769345944.9044504,-0.267334,-0.910522,-0.358887,-1.647950,0.793457,-2.685547,sit_stand_sit
1769345944.9236975,-0.263672,-0.900879,-0.350098,-1.770020,0.854492,-2.929688,sit_stand_sit
1769345944.9440536,-0.262329,-0.896606,-0.345459,-1.281738,0.488281,-2.868653,sit_stand_sit
1769345944.961532,-0.261719,-0.895020,-0.344604,-0.671387,-0.183106,-2.807618,sit_stand_sit
1769345944.9831378,-0.255127,-0.892456,-0.346069,0.549316,-1.281738,-2.258301,sit_stand_sit
1769345945.0040512,-0.251831,-0.895752,-0.348511,1.342773,-2.197266,-1.953125,sit_stand_sit
1769345945.0235088,-0.248047,-0.897461,-0.351196,1.831055,-3.540040,-1.586915,sit_stand_sit
1769345945.0426798,-0.247192,-0.899414,-0.351563,2.258301,-4.821777,-1.464844,sit_stand_sit
1769345945.0644288,-0.252808,-0.902954,-0.352295,2.319336,-5.554201,-1.770020,sit_stand_sit
1769345945.0848923,-0.256714,-0.905273,-0.353027,2.441406,-5.615236,-2.014160,sit_stand_sit
1769345945.1051004,-0.251831,-0.908936,-0.348389,2.441406,-6.530764,-2.319336,sit_stand_sit
1769345945.1247122,-0.261230,-0.900879,-0.348511,2.319336,-7.690432,-2.075195,sit_stand_sit
1769345945.1433942,-0.267456,-0.899780,-0.345215,2.746582,-7.568361,-2.197266,sit_stand_sit
1769345945.1637306,-0.268555,-0.901367,-0.344238,2.685547,-7.385256,-2.441406,sit_stand_sit
1769345945.1830304,-0.267578,-0.900757,-0.346069,2.746582,-7.446291,-2.380371,sit_stand_sit
1769345945.1961155,-0.270508,-0.903931,-0.345703,2.746582,-7.385256,-2.075195,sit_stand_sit
1769345945.2235668,-0.274048,-0.905273,-0.343018,2.380371,-6.652834,-2.075195,sit_stand_sit
1769345945.2443628,-0.272217,-0.906494,-0.341187,2.075195,-5.065918,-2.075195,sit_stand_sit
1769345945.265088,-0.269409,-0.908203,-0.339355,2.075195,-4.394531,-1.953125,sit_stand_sit
1769345945.2852669,-0.265015,-0.908569,-0.336792,2.075195,-3.845216,-1.770020,sit_stand_sit
1769345945.3044546,-0.257568,-0.907837,-0.333130,2.258301,-3.845216,-1.525879,sit_stand_sit
1769345945.3206182,-0.252930,-0.908081,-0.330444,2.624512,-4.394531,-1.464844,sit_stand_sit
1769345945.3422697,-0.254517,-0.910767,-0.330811,2.807618,-4.882813,-1.770020,sit_stand_sit
1769345945.3627572,-0.255859,-0.905273,-0.333618,2.746582,-4.516602,-2.014160,sit_stand_sit
1769345945.3832827,-0.245728,-0.897217,-0.322510,3.967286,-3.601075,-1.770020,sit_stand_sit
1769345945.4040034,-0.247437,-0.898315,-0.313354,5.310059,-2.807618,-1.647950,sit_stand_sit
1769345945.418199,-0.249023,-0.898560,-0.314819,6.469728,-1.831055,-1.647950,sit_stand_sit
1769345945.4461262,-0.240112,-0.897827,-0.317505,8.239746,-2.197266,-2.197266,sit_stand_sit
1769345945.4597166,-0.239868,-0.902588,-0.313232,10.009766,-4.089355,-4.211426,sit_stand_sit
1769345945.48312,-0.244019,-0.896362,-0.314087,11.779789,-5.920412,-6.103518,sit_stand_sit
1769345945.5026865,-0.247070,-0.911499,-0.308960,12.817387,-8.056641,-9.765625,sit_stand_sit
1769345945.5229993,-0.242920,-0.860107,-0.310669,8.300781,-14.465336,-18.127441,sit_stand_sit
1769345945.543405,-0.270020,-0.871216,-0.295654,6.591799,-16.174316,-25.085457,sit_stand_sit
1769345945.564331,-0.276489,-0.883545,-0.305542,14.587406,-12.329105,-28.686531,sit_stand_sit
1769345945.5853312,-0.267700,-0.910889,-0.299072,11.413578,-10.375977,-32.287598,sit_stand_sit
1769345945.604243,-0.252197,-0.911377,-0.296753,11.108402,-8.666992,-31.921394,sit_stand_sit
1769345945.6254406,-0.246460,-0.913208,-0.290039,12.329105,-8.056641,-32.592773,sit_stand_sit
1769345945.6431642,-0.256836,-0.921387,-0.282837,13.977055,-7.324221,-39.733887,sit_stand_sit
1769345945.6656284,-0.289063,-0.964722,-0.240967,8.483887,-3.417970,-48.645035,sit_stand_sit
1769345945.6860118,-0.317993,-0.973633,-0.229736,13.366703,7.141115,-55.847183,sit_stand_sit
1769345945.7032447,-0.305054,-1.077148,-0.227173,14.587406,18.310547,-66.772461,sit_stand_sit
1769345945.7234123,-0.211548,-1.214233,-0.230713,22.033691,18.798828,-73.608398,sit_stand_sit
1769345945.7444725,-0.162354,-1.340088,-0.251587,27.038582,6.713869,-72.631836,sit_stand_sit
1769345945.7641265,-0.225220,-1.392822,-0.285034,24.597176,9.460449,-58.166519,sit_stand_sit
1769345945.7848446,-0.205322,-1.341919,-0.299194,24.353035,27.404793,-48.828140,sit_stand_sit
1769345945.8024507,-0.111206,-1.286133,-0.288818,23.620613,34.912109,-42.297363,sit_stand_sit
1769345945.8256197,-0.100342,-1.280518,-0.296997,22.094727,44.311539,-34.912109,sit_stand_sit
1769345945.845103,-0.003052,-1.244751,-0.311401,20.751953,51.879898,-24.963387,sit_stand_sit
1769345945.8639243,0.108887,-1.229492,-0.308228,20.141602,51.147476,-16.479492,sit_stand_sit
1769345945.884158,0.250244,-1.256348,-0.253052,22.094727,34.729004,-8.789063,sit_stand_sit
1769345945.9026928,0.308472,-1.251465,-0.189819,21.667480,-7.324221,-0.610352,sit_stand_sit
1769345945.9245214,0.181763,-1.229004,-0.184326,16.052246,-18.310547,4.211426,sit_stand_sit
1769345945.9462817,0.162476,-1.137573,-0.200317,11.230473,-8.544922,3.234864,sit_stand_sit
1769345945.9630346,0.210693,-1.046631,-0.195801,11.962894,0.427246,-0.915528,sit_stand_sit
1769345945.9835021,0.218262,-1.005371,-0.175659,15.136723,0.793457,-6.225588,sit_stand_sit
1769345946.0029795,0.150269,-1.016113,-0.151245,15.014652,-2.258301,-9.704590,sit_stand_sit
1769345946.0244682,0.076538,-0.984131,-0.131104,7.934572,4.150391,-8.972168,sit_stand_sit
1769345946.0441518,0.047241,-0.906128,-0.099121,5.920412,21.850586,-8.911133,sit_stand_sit
1769345946.0636451,0.011475,-0.878540,-0.077393,3.662110,30.578621,-11.413578,sit_stand_sit
1769345946.0854735,0.081909,-0.801147,-0.103760,0.610352,23.559578,-24.597176,sit_stand_sit
1769345946.103168,-0.007324,-0.827393,-0.076660,9.155273,28.686531,0.366211,sit_stand_sit
1769345946.1205504,0.043091,-0.836914,-0.071167,4.333496,34.118652,7.873537,sit_stand_sit
1769345946.1420188,0.058350,-0.802856,-0.091187,4.760742,28.076180,4.272461,sit_stand_sit
1769345946.1645684,0.019897,-0.818970,-0.076294,1.953125,22.216805,0.305176,sit_stand_sit
1769345946.1832414,0.074341,-0.804199,-0.077393,-4.638672,10.498047,-3.295899,sit_stand_sit
1769345946.2038674,0.068115,-0.747925,-0.092651,-6.774904,-3.295899,-4.455566,sit_stand_sit
1769345946.224046,0.063965,-0.736938,-0.094116,-5.310059,-12.451176,-2.685547,sit_stand_sit
1769345946.2451282,0.069214,-0.735107,-0.100220,-4.882813,-22.949226,-5.432129,sit_stand_sit
1769345946.2668114,0.030762,-0.727783,-0.104004,-3.845216,-28.625496,-4.028320,sit_stand_sit
1769345946.283325,-0.009033,-0.732300,-0.112549,-3.112794,-25.878914,-1.831055,sit_stand_sit
1769345946.3061576,-0.023193,-0.721802,-0.130859,-3.540040,-14.221195,0.915528,sit_stand_sit
1769345946.3210604,-0.022461,-0.743164,-0.136108,-2.502441,-5.187988,2.746582,sit_stand_sit
1769345946.3417685,-0.018188,-0.798218,-0.139648,-2.807618,3.967286,3.356935,sit_stand_sit
1769345946.3653038,0.003662,-0.834717,-0.140381,-4.699707,8.789063,3.845216,sit_stand_sit
1769345946.383083,0.025757,-0.895386,-0.141479,-6.103518,7.690432,2.990724,sit_stand_sit
1769345946.4051037,0.018311,-0.944824,-0.145874,-8.117676,6.286623,1.953125,sit_stand_sit
1769345946.4250753,-0.008545,-0.985596,-0.151611,-8.361816,9.521484,1.525879,sit_stand_sit
1769345946.4443133,0.013306,-1.029053,-0.162354,-7.141115,15.197758,-0.305176,sit_stand_sit
1769345946.4651706,0.035522,-1.040771,-0.165894,-6.713869,14.160160,0.854492,sit_stand_sit
1769345946.480777,0.034912,-1.027832,-0.171875,-6.774904,14.526371,5.371094,sit_stand_sit
1769345946.503255,0.054932,-1.000244,-0.169189,-5.676271,15.869144,9.887695,sit_stand_sit
1769345946.5213819,0.082275,-0.978394,-0.170898,-4.760742,16.662598,13.122562,sit_stand_sit
1769345946.544348,0.093140,-0.966431,-0.175049,-3.845216,16.906738,14.526371,sit_stand_sit
1769345946.5660508,0.124268,-0.974121,-0.161377,-4.150391,17.700195,13.244633,sit_stand_sit
1769345946.5770476,0.148315,-0.968994,-0.139893,-5.737307,13.305668,11.413578,sit_stand_sit
1769345946.6042545,0.143311,-0.957275,-0.112793,-3.784181,6.774904,9.521484,sit_stand_sit
1769345946.6232693,0.122559,-0.972046,-0.103271,-0.671387,0.000000,6.713869,sit_stand_sit
1769345946.6428354,0.097778,-0.986206,-0.109009,1.220703,-6.652834,5.187988,sit_stand_sit
1769345946.6614964,0.043701,-0.996704,-0.106689,2.868653,-7.690432,4.760742,sit_stand_sit
1769345946.683671,0.016235,-1.012817,-0.100342,3.784181,-1.892090,3.173829,sit_stand_sit
1769345946.7036388,0.042969,-1.027466,-0.095581,3.784181,9.155273,2.258301,sit_stand_sit
1769345946.7242427,0.070190,-1.019409,-0.121582,3.601075,13.427738,1.892090,sit_stand_sit
1769345946.7430584,0.104614,-1.013916,-0.148926,4.638672,11.779789,-0.122070,sit_stand_sit
1769345946.763587,0.120972,-1.019165,-0.168701,4.150391,5.371094,-1.586915,sit_stand_sit
1769345946.7857335,0.108887,-1.014526,-0.169189,2.441406,-1.525879,-2.685547,sit_stand_sit
1769345946.7999017,0.085449,-0.998169,-0.165283,2.075195,-5.187988,-3.967286,sit_stand_sit
1769345946.8247244,0.052979,-0.998047,-0.161987,2.868653,-5.004883,-5.493164,sit_stand_sit
1769345946.842149,0.033203,-0.999878,-0.152222,1.342773,-0.183106,-5.249023,sit_stand_sit
1769345946.8635228,0.027100,-0.991211,-0.143555,0.549316,1.525879,-4.211426,sit_stand_sit
1769345946.8880498,0.016357,-0.986694,-0.138306,0.061035,2.502441,-3.967286,sit_stand_sit
1769345947.0763562,0.012695,-0.983154,-0.137817,0.244141,3.417970,-3.356935,sit_stand_sit
1769345947.0763562,0.009521,-0.980835,-0.142578,0.183106,3.356935,-2.807618,sit_stand_sit
1769345947.0763562,0.005005,-0.981689,-0.143677,0.122070,2.258301,-1.647950,sit_stand_sit
1769345947.0763562,0.002075,-0.986084,-0.148560,-0.732422,1.403809,0.305176,sit_stand_sit
1769345947.0763562,0.003418,-0.982666,-0.149048,-0.732422,0.671387,2.014160,sit_stand_sit
1769345947.0763562,0.003906,-0.994995,-0.149170,-1.403809,1.159668,1.892090,sit_stand_sit
1769345947.0763562,0.015381,-0.996460,-0.149780,-2.197266,2.990724,2.319336,sit_stand_sit
1769345947.0763562,0.032471,-0.991211,-0.150146,-2.502441,4.028320,2.807618,sit_stand_sit
1769345947.0763562,0.047363,-0.989502,-0.155762,-2.441406,4.272461,2.868653,sit_stand_sit
1769345947.2818224,0.058716,-0.992676,-0.151123,-2.380371,3.784181,3.356935,sit_stand_sit
1769345947.2818224,0.069336,-0.991211,-0.145386,-2.868653,3.417970,3.784181,sit_stand_sit
1769345947.2818224,0.075806,-0.990356,-0.147705,-2.563477,2.746582,3.845216,sit_stand_sit
1769345947.2818224,0.081543,-0.995117,-0.143311,-2.197266,0.671387,3.723145,sit_stand_sit
1769345947.2818224,0.075684,-1.000366,-0.136353,-2.319336,-1.892090,2.929688,sit_stand_sit
1769345947.2818224,0.069824,-1.001099,-0.131470,-2.380371,-3.723145,2.563477,sit_stand_sit
1769345947.2818224,0.058716,-0.993164,-0.131226,-2.136230,-4.821777,2.563477,sit_stand_sit
1769345947.2818224,0.041748,-0.989014,-0.136108,-1.281738,-4.699707,2.258301,sit_stand_sit
1769345947.2818224,0.039429,-0.994873,-0.137451,-1.159668,-4.089355,1.525879,sit_stand_sit
1769345947.2818224,0.035034,-0.991455,-0.145142,-1.464844,-3.845216,1.464844,sit_stand_sit
1769345947.2818224,0.027832,-0.987183,-0.152344,-1.281738,-4.028320,1.403809,sit_stand_sit
1769345947.3026664,0.021240,-0.995117,-0.156494,-0.915528,-3.967286,0.610352,sit_stand_sit
1769345947.3233085,0.018066,-0.999512,-0.163208,-1.464844,-3.601075,0.793457,sit_stand_sit
1769345947.3442206,0.014160,-0.992554,-0.171265,-1.708985,-2.990724,1.525879,sit_stand_sit
1769345947.362993,0.014404,-0.985962,-0.173584,-1.770020,-2.563477,2.136230,sit_stand_sit
1769345947.3820033,0.009766,-0.988647,-0.171509,-2.014160,-1.525879,2.136230,sit_stand_sit
1769345947.396441,0.012939,-0.996338,-0.168701,-2.380371,0.000000,2.014160,sit_stand_sit
1769345947.424004,0.017090,-0.989624,-0.169434,-2.624512,0.366211,2.502441,sit_stand_sit
1769345947.4417353,0.014038,-0.988525,-0.166260,-2.197266,-0.061035,2.929688,sit_stand_sit
1769345947.4635003,0.015747,-0.990601,-0.163330,-2.075195,0.000000,3.234864,sit_stand_sit
1769345947.4841409,0.013428,-0.992432,-0.163086,-1.647950,0.000000,3.723145,sit_stand_sit
1769345947.5012486,0.005737,-0.982056,-0.172729,-2.075195,1.953125,4.150391,sit_stand_sit
1769345947.522113,0.004517,-0.987061,-0.167603,-1.525879,2.258301,3.234864,sit_stand_sit
1769345947.54507,0.004395,-0.994873,-0.169922,-2.258301,2.380371,3.234864,sit_stand_sit
1769345947.5637321,-0.000122,-0.984497,-0.169922,-2.563477,2.014160,3.723145,sit_stand_sit
1769345947.587161,-0.006470,-0.988525,-0.168213,-2.563477,2.380371,3.540040,sit_stand_sit
1769345947.6043699,-0.010498,-0.988525,-0.170898,-3.051759,3.601075,3.295899,sit_stand_sit
1769345947.6247146,-0.004395,-0.981567,-0.168701,-3.540040,4.394531,3.173829,sit_stand_sit
1769345947.6450603,0.001465,-0.974976,-0.165039,-3.662110,3.662110,3.112794,sit_stand_sit
1769345947.6777747,-0.000854,-0.969849,-0.166016,-3.479005,3.234864,3.173829,sit_stand_sit
1769345947.703405,0.000244,-0.960815,-0.169434,-4.028320,3.784181,3.479005,sit_stand_sit
1769345947.7049248,0.000000,-0.939331,-0.172119,-4.333496,4.821777,3.967286,sit_stand_sit
1769345947.72497,0.003784,-0.919434,-0.167358,-3.967286,5.432129,4.028320,sit_stand_sit
1769345947.7448668,0.006104,-0.926880,-0.164429,-3.845216,6.408693,3.723145,sit_stand_sit
1769345947.7633717,0.014893,-0.914185,-0.173096,-4.760742,8.300781,3.845216,sit_stand_sit
1769345947.7843628,0.021851,-0.893799,-0.185669,-6.469728,8.728027,3.723145,sit_stand_sit
1769345947.8010218,0.032593,-0.857788,-0.184692,-7.690432,7.934572,3.112794,sit_stand_sit
1769345947.8260887,0.045410,-0.803955,-0.184326,-8.422852,4.821777,3.051759,sit_stand_sit
1769345947.8415186,0.042969,-0.752197,-0.188477,-7.751467,-0.427246,3.234864,sit_stand_sit
1769345947.8654249,0.013428,-0.737061,-0.189209,-5.798342,-2.563477,0.854492,sit_stand_sit
1769345947.8846135,-0.020142,-0.828857,-0.157959,-2.929688,2.868653,-8.422852,sit_stand_sit
1769345947.9041798,0.004761,-0.868164,-0.133057,-5.310059,7.507326,-9.826660,sit_stand_sit
1769345947.9187398,0.047729,-0.854492,-0.119263,-6.469728,3.784181,-6.164553,sit_stand_sit
1769345947.9416156,0.063232,-0.825439,-0.107666,-5.249023,-5.920412,-4.577637,sit_stand_sit
1769345947.9651573,0.044678,-0.829834,-0.101440,-0.244141,-11.413578,-6.164553,sit_stand_sit
1769345947.9831512,0.037598,-0.861816,-0.106079,3.845216,-11.169437,-8.056641,sit_stand_sit
1769345948.003523,0.048950,-0.887451,-0.107056,5.004883,-10.742188,-8.666992,sit_stand_sit
1769345948.0238214,0.042725,-0.902832,-0.106689,4.943848,-15.441898,-8.850098,sit_stand_sit
1769345948.0440779,0.022217,-0.903931,-0.102417,3.356935,-14.038090,-8.117676,sit_stand_sit
1769345948.0637033,0.042603,-0.903442,-0.104858,4.882813,-15.380863,-11.352543,sit_stand_sit
1769345948.0850763,0.061768,-0.974976,-0.069214,8.056641,-23.620613,-11.901859,sit_stand_sit
1769345948.1053448,0.031616,-1.032349,-0.067017,6.164553,-33.447266,-10.253906,sit_stand_sit
1769345948.1253698,-0.003296,-1.039185,-0.093018,3.967286,-36.804199,-6.958010,sit_stand_sit
1769345948.1459892,-0.001099,-1.031006,-0.115723,5.310059,-38.696289,1.892090,sit_stand_sit
1769345948.1620276,0.059204,-1.026978,-0.132568,9.887695,-46.569839,9.094238,sit_stand_sit
1769345948.1823034,0.103149,-1.012695,-0.174072,11.352543,-53.161636,15.625004,sit_stand_sit
1769345948.2033014,0.132446,-1.001343,-0.257935,11.474613,-54.870621,18.493652,sit_stand_sit
1769345948.226136,0.145752,-1.026611,-0.308228,8.361816,-53.161636,16.540527,sit_stand_sit
1769345948.2444284,0.092773,-1.073730,-0.285400,3.417970,-51.025406,13.061527,sit_stand_sit
1769345948.263626,0.012451,-1.126343,-0.242554,-3.601075,-44.799820,10.131836,sit_stand_sit
1769345948.2807498,-0.034668,-1.116455,-0.238281,-8.239746,-35.156250,10.253906,sit_stand_sit
1769345948.307202,-0.226685,-1.165405,-0.289185,-18.371582,-13.000492,15.686039,sit_stand_sit
1769345948.326567,-0.234253,-1.148071,-0.356934,-23.437508,-1.037598,24.780281,sit_stand_sit
1769345948.3426712,-0.293701,-1.101196,-0.339844,-28.076180,13.061527,30.090340,sit_stand_sit
1769345948.365106,0.006470,-1.075684,-0.331787,-23.681648,-0.305176,21.728516,sit_stand_sit
1769345948.3826888,-0.106567,-1.116333,-0.309448,-14.404301,-12.817387,15.563969,sit_stand_sit
1769345948.4083893,-0.202637,-1.226074,-0.258301,-24.841316,-4.516602,12.939457,sit_stand_sit
1769345948.4249063,-0.151123,-1.165649,-0.270508,-29.907234,9.765625,23.437508,sit_stand_sit
1769345948.4413493,-0.147217,-1.089966,-0.272461,-29.663094,12.512211,26.855476,sit_stand_sit
1769345948.4582012,-0.174927,-1.040527,-0.266724,-26.489265,15.319828,27.160652,sit_stand_sit
1769345948.4833574,-0.192261,-1.029541,-0.251831,-21.972656,18.676758,26.245125,sit_stand_sit
1769345948.5023618,-0.206787,-1.002930,-0.246216,-21.728516,24.536140,28.381355,sit_stand_sit
1769345948.5261815,-0.188599,-1.000854,-0.256348,-17.639160,29.785164,31.127937,sit_stand_sit
1769345948.718416,-0.205811,-1.044922,-0.269043,-16.174316,40.161133,29.785164,sit_stand_sit
1769345948.718416,-0.184448,-1.058228,-0.279663,-17.700195,45.043961,27.587898,sit_stand_sit
1769345948.718416,-0.121094,-1.050415,-0.312378,-17.944336,38.757324,25.756844,sit_stand_sit
1769345948.718416,-0.084717,-1.028564,-0.359497,-18.798828,17.639160,20.568848,sit_stand_sit
1769345948.718416,-0.127197,-1.002197,-0.393921,-18.249512,1.586915,13.549809,sit_stand_sit
1769345948.718416,-0.187378,-1.003540,-0.407471,-16.601563,2.258301,7.812502,sit_stand_sit
1769345948.718416,-0.201782,-0.995728,-0.400391,-17.456055,11.474613,5.371094,sit_stand_sit
1769345948.718416,-0.203491,-0.980103,-0.363037,-17.456055,25.695808,9.948730,sit_stand_sit
1769345948.718416,-0.189087,-0.948364,-0.349609,-20.202637,30.090340,11.962894,sit_stand_sit
1769345948.9216797,-0.152344,-0.898315,-0.327637,-19.653320,30.761726,13.549809,sit_stand_sit
1769345948.9216797,-0.102539,-0.863037,-0.332886,-13.977055,18.798828,20.507813,sit_stand_sit
1769345948.9216797,-0.204834,-0.906372,-0.314453,-16.052246,16.174316,25.695808,sit_stand_sit
1769345948.9262564,-0.173096,-0.842163,-0.330444,-14.892582,20.019531,26.611336,sit_stand_sit
1769345948.9262564,-0.154663,-0.856689,-0.342041,-13.671879,14.831547,22.399910,sit_stand_sit
1769345948.9262564,-0.137451,-0.848511,-0.352173,-12.023930,7.141115,20.568848,sit_stand_sit
1769345948.9262564,-0.140625,-0.854858,-0.360352,-10.498047,-2.258301,17.517090,sit_stand_sit
1769345948.9282985,-0.168335,-0.866943,-0.365601,-8.605957,-8.911133,15.258793,sit_stand_sit
1769345948.9282985,-0.182007,-0.878174,-0.363403,-7.324221,-12.634281,13.061527,sit_stand_sit
1769345948.9282985,-0.191772,-0.889526,-0.373779,-7.019045,-15.563969,10.314941,sit_stand_sit
1769345948.9282985,-0.194336,-0.899170,-0.389893,-6.408693,-18.859863,8.117676,sit_stand_sit
1769345948.9462545,-0.202026,-0.920288,-0.421875,-6.347658,-24.902351,5.310059,sit_stand_sit
1769345948.9631763,-0.208496,-0.919922,-0.439575,-6.225588,-27.954109,4.089355,sit_stand_sit
1769345948.981335,-0.203979,-0.906982,-0.453735,-5.554201,-31.677254,3.723145,sit_stand_sit
1769345949.0009093,-0.216675,-0.898438,-0.463501,-4.821777,-35.766602,2.746582,sit_stand_sit
1769345949.028763,-0.222900,-0.886108,-0.456909,-4.028320,-40.100098,1.586915,sit_stand_sit
1769345949.0362828,-0.234131,-0.878418,-0.439209,-4.150391,-43.151855,0.000000,sit_stand_sit
1769345949.066062,-0.254761,-0.868164,-0.417480,-3.662110,-46.264664,-1.464844,sit_stand_sit
1769345949.0861032,-0.755981,-0.801758,-0.353882,-4.699707,-62.866226,3.601075,sit_stand_sit
1769345949.104719,-0.336670,-0.873535,-0.333740,-0.610352,-4.516602,2.746582,sit_stand_sit
1769345949.1287193,-0.293823,-0.901611,-0.353271,-3.662110,2.685547,0.671387,sit_stand_sit
1769345949.1459818,-0.294067,-0.872803,-0.399536,-5.493164,2.563477,7.141115,sit_stand_sit
1769345949.1681416,-0.298340,-0.846313,-0.421875,-4.821777,2.258301,10.314941,sit_stand_sit
1769345949.1863744,-0.285278,-0.832520,-0.431763,-3.662110,-1.525879,1.647950,sit_stand_sit
1769345949.206182,-0.311646,-0.869019,-0.406738,-8.850098,-4.943848,-2.990724,sit_stand_sit
1769345949.2266428,-0.305664,-0.843872,-0.393555,-8.239746,-0.854492,-5.310059,sit_stand_sit
1769345949.2465413,-0.305908,-0.843750,-0.391235,-3.967286,5.615236,-6.408693,sit_stand_sit
1769345949.2683794,-0.292480,-0.852661,-0.401489,0.793457,10.375977,-3.784181,sit_stand_sit
1769345949.2785466,-0.285278,-0.861572,-0.408081,3.540040,11.657719,0.122070,sit_stand_sit
1769345949.3011694,-0.279785,-0.863037,-0.408936,4.638672,10.925293,1.464844,sit_stand_sit
1769345949.3260708,-0.270386,-0.876465,-0.404175,4.272461,7.995607,0.915528,sit_stand_sit
1769345949.3430324,-0.272217,-0.875732,-0.399780,2.563477,4.699707,-0.366211,sit_stand_sit
1769345949.3634658,-0.279907,-0.864502,-0.394531,3.906251,3.906251,0.549316,sit_stand_sit
1769345949.382231,-0.276489,-0.873657,-0.388550,5.798342,4.577637,2.441406,sit_stand_sit
1769345949.4058886,-0.293457,-0.886353,-0.382568,5.737307,4.089355,3.356935,sit_stand_sit
1769345949.4239068,-0.326660,-0.892212,-0.384888,2.563477,4.882813,0.793457,sit_stand_sit
1769345949.4450119,-0.291870,-0.878906,-0.390869,3.601075,7.812502,0.366211,sit_stand_sit
1769345949.465696,-0.275513,-0.900269,-0.386108,3.601075,9.582520,0.305176,sit_stand_sit
1769345949.485821,-0.269287,-0.895508,-0.402222,3.723145,10.314941,0.793457,sit_stand_sit
1769345949.5059547,-0.247925,-0.886108,-0.417969,3.723145,9.399414,1.037598,sit_stand_sit
1769345949.5259914,-0.235596,-0.880981,-0.427124,3.845216,6.286623,1.281738,sit_stand_sit
1769345949.5461023,-0.238647,-0.882690,-0.419434,3.784181,2.685547,0.854492,sit_stand_sit
1769345949.5661426,-0.249146,-0.881104,-0.398315,3.356935,-0.854492,-0.061035,sit_stand_sit
1769345949.5859637,-0.268921,-0.883057,-0.372437,2.319336,-3.967286,-1.159668,sit_stand_sit
1769345949.605983,-0.281372,-0.885010,-0.369263,1.586915,-4.333496,-1.525879,sit_stand_sit
1769345949.625873,-0.284180,-0.880981,-0.375122,1.281738,-3.479005,-1.586915,sit_stand_sit
1769345949.645943,-0.277466,-0.879517,-0.381226,1.525879,-3.417970,-1.647950,sit_stand_sit
1769345949.6662521,-0.273193,-0.875122,-0.386353,2.197266,-3.662110,-1.159668,sit_stand_sit
1769345949.681215,-0.279907,-0.875122,-0.386108,3.479005,-4.028320,-0.671387,sit_stand_sit
1769345949.7051039,-0.287720,-0.875854,-0.377319,5.798342,-4.333496,-0.427246,sit_stand_sit
1769345949.7259367,-0.306763,-0.893188,-0.359375,11.535648,-5.859377,0.366211,sit_stand_sit
1769345949.7460725,-0.304321,-0.904175,-0.358154,12.390141,-5.432129,1.586915,sit_stand_sit
1769345949.765325,-0.289185,-0.893311,-0.364258,11.352543,-0.427246,3.173829,sit_stand_sit
1769345949.7861001,-0.266357,-0.868530,-0.375732,12.451176,1.892090,4.272461,sit_stand_sit
1769345949.8061118,-0.260254,-0.867432,-0.385010,13.366703,2.136230,2.014160,sit_stand_sit
1769345949.8263464,-0.228760,-0.857178,-0.393921,14.221195,-0.976563,-1.464844,sit_stand_sit
1769345949.8463237,-0.243164,-0.865234,-0.380981,15.502934,-10.070801,-6.591799,sit_stand_sit
1769345949.8630233,-0.296509,-0.881470,-0.337402,16.357422,-12.939457,-9.765625,sit_stand_sit
1769345949.8835354,-0.315552,-0.899902,-0.316772,16.601563,-12.878422,-12.329105,sit_stand_sit
1769345949.9030628,-0.322266,-0.900635,-0.321533,15.563969,-11.535648,-14.038090,sit_stand_sit
1769345949.925265,-0.319214,-0.889404,-0.332397,15.075687,-7.690432,-13.732914,sit_stand_sit
1769345949.9460561,-0.289917,-0.868530,-0.342651,16.296387,-5.676271,-13.427738,sit_stand_sit
1769345949.9633937,-0.259399,-0.871338,-0.336304,18.066406,-6.530764,-15.136723,sit_stand_sit
1769345949.9829178,-0.256592,-0.902710,-0.329956,20.202637,-15.563969,-20.935059,sit_stand_sit
1769345950.006105,-0.245728,-0.959839,-0.307983,20.019531,-25.146492,-27.404793,sit_stand_sit
1769345950.0231996,-0.269409,-0.993164,-0.276001,18.615723,-37.048340,-32.836914,sit_stand_sit
1769345950.0449712,-0.272217,-0.977783,-0.259155,17.395020,-41.442871,-32.409668,sit_stand_sit
1769345950.0659142,-0.261963,-0.946045,-0.257690,18.737793,-42.846680,-29.968269,sit_stand_sit
1769345950.0852976,-0.296509,-0.937866,-0.257080,21.484375,-31.066902,-29.479988,sit_stand_sit
1769345950.1051512,-0.218994,-0.932617,-0.280762,22.583015,-21.362305,-33.813477,sit_stand_sit
1769345950.1231403,-0.181030,-0.963135,-0.279907,22.216805,-27.099617,-45.410172,sit_stand_sit
1769345950.1459446,-0.247925,-0.977783,-0.246338,22.460945,-37.902832,-51.696793,sit_stand_sit
1769345950.1634405,-0.314453,-1.017334,-0.215820,23.803719,-36.499023,-55.114761,sit_stand_sit
1769345950.1812832,-0.338501,-1.078979,-0.195313,28.320320,-25.817879,-52.368179,sit_stand_sit
1769345950.2059777,-0.341431,-1.153931,-0.172974,26.306160,-13.427738,-51.940933,sit_stand_sit
1769345950.224821,-0.319702,-1.203979,-0.141846,25.817879,-5.859377,-50.781265,sit_stand_sit
1769345950.2427015,-0.268066,-1.248169,-0.113647,23.193367,13.793949,-49.194351,sit_stand_sit
1769345950.2571769,-0.178101,-1.270020,-0.133057,24.719246,26.123055,-44.006348,sit_stand_sit
1769345950.2852583,-0.052856,-1.248901,-0.166992,19.287109,29.418953,-41.198730,sit_stand_sit
1769345950.305145,0.037354,-1.221069,-0.203491,18.005371,29.602058,-35.888672,sit_stand_sit
1769345950.325758,0.074341,-1.234863,-0.230835,13.854984,27.099617,-30.700691,sit_stand_sit
1769345950.3443222,0.125977,-1.219116,-0.300659,6.347658,23.559578,-31.127937,sit_stand_sit
1769345950.362889,0.246826,-1.205078,-0.347290,4.882813,16.784668,-32.104492,sit_stand_sit
1769345950.3863733,0.232788,-1.312256,-0.275513,12.146000,-16.418457,-22.399910,sit_stand_sit
1769345950.4053774,0.132935,-1.247925,-0.230347,6.469728,-29.785164,-13.610844,sit_stand_sit
1769345950.4238505,0.155518,-1.173706,-0.188477,11.108402,-33.813477,-8.422852,sit_stand_sit
1769345950.441828,0.177734,-1.067261,-0.127319,6.896975,-36.621094,-13.732914,sit_stand_sit
1769345950.4596086,0.078369,-1.040161,-0.050903,8.605957,-22.399910,-16.784668,sit_stand_sit
1769345950.4824057,-0.009399,-1.016968,0.009033,3.173829,7.507326,-16.540527,sit_stand_sit
1769345950.5067117,0.043457,-0.968384,0.033813,-0.488281,45.104996,-12.451176,sit_stand_sit
1769345950.5249834,0.092407,-0.909424,0.029907,-0.732422,52.429214,-10.803223,sit_stand_sit
1769345950.5420928,0.124756,-0.882935,0.019287,-2.319336,48.767105,-9.826660,sit_stand_sit
1769345950.5689826,0.116943,-0.856567,-0.005005,-1.831055,41.564941,-9.094238,sit_stand_sit
1769345950.5844796,0.106689,-0.845947,-0.050537,-2.075195,32.958984,-11.901859,sit_stand_sit
1769345950.605049,0.082642,-0.857422,-0.097412,-0.915528,24.536140,-10.681152,sit_stand_sit
1769345950.6250827,0.062622,-0.869385,-0.133179,-2.624512,14.038090,-9.643555,sit_stand_sit
1769345950.6410024,0.015259,-0.882324,-0.141479,-4.272461,8.605957,-1.342773,sit_stand_sit
1769345950.6663067,0.010620,-0.842163,-0.157227,-5.676271,7.568361,-0.732422,sit_stand_sit
1769345950.6863554,0.033936,-0.837891,-0.148682,-8.422852,2.197266,2.441406,sit_stand_sit
1769345950.7059705,0.016602,-0.794434,-0.141357,-7.385256,-0.183106,2.746582,sit_stand_sit
1769345950.724939,0.009644,-0.791382,-0.129150,-10.192871,2.319336,9.643555,sit_stand_sit
1769345950.746149,0.025513,-0.727295,-0.122925,-13.427738,2.136230,12.512211,sit_stand_sit
1769345950.7642567,0.033813,-0.694580,-0.096191,-10.253906,1.586915,13.549809,sit_stand_sit
1769345950.7860262,0.042725,-0.718872,-0.086548,-6.774904,2.014160,12.939457,sit_stand_sit
1769345950.806346,0.024292,-0.732910,-0.094238,-6.469728,1.342773,12.756351,sit_stand_sit
1769345950.826208,0.011108,-0.770874,-0.084839,-5.859377,1.281738,13.000492,sit_stand_sit
1769345950.8461318,-0.002197,-0.810547,-0.069214,-4.760742,2.868653,9.826660,sit_stand_sit
1769345950.8661094,0.007202,-0.859863,-0.054321,-3.540040,3.479005,7.568361,sit_stand_sit
1769345950.8838785,0.026611,-0.916626,-0.052979,-3.234864,2.197266,4.394531,sit_stand_sit
1769345950.9042308,0.015991,-1.009766,-0.056274,-2.075195,-2.807618,3.417970,sit_stand_sit
1769345950.9259815,0.000000,-1.024414,-0.071167,-0.793457,-1.464844,3.601075,sit_stand_sit
1769345950.9436035,0.006104,-1.012939,-0.101929,0.610352,-0.122070,6.408693,sit_stand_sit
1769345950.9676948,0.023438,-0.998779,-0.145630,3.723145,-1.403809,7.019045,sit_stand_sit
1769345950.9814353,0.042480,-1.012817,-0.201294,5.676271,-3.845216,7.202150,sit_stand_sit
1769345951.0103977,0.072632,-1.011597,-0.242798,4.150391,-5.981447,8.544922,sit_stand_sit
1769345951.0306666,0.093750,-1.010376,-0.262817,2.075195,-9.399414,8.483887,sit_stand_sit
1769345951.0458593,0.069458,-1.011475,-0.242920,-4.028320,-12.634281,7.446291,sit_stand_sit
1769345951.0654728,0.036621,-0.998657,-0.201294,-7.202150,-8.972168,8.483887,sit_stand_sit
1769345951.086211,0.013306,-0.984497,-0.161011,-7.385256,-2.502441,7.385256,sit_stand_sit
1769345951.1061974,0.005005,-0.989868,-0.129395,-6.591799,3.906251,4.943848,sit_stand_sit
1769345951.1244895,-0.003052,-0.985229,-0.112549,-6.347658,9.155273,3.479005,sit_stand_sit
1769345951.1391864,-0.012085,-0.975586,-0.100464,-5.493164,13.427738,2.319336,sit_stand_sit
1769345951.1659029,-0.008423,-1.000000,-0.094116,-2.624512,16.906738,-1.220703,sit_stand_sit
1769345951.186163,0.003784,-1.003418,-0.110596,-2.075195,15.808109,-2.319336,sit_stand_sit
1769345951.2066865,0.010498,-1.003296,-0.124512,-1.953125,11.840824,-3.051759,sit_stand_sit
1769345951.2262943,0.028687,-1.004761,-0.130127,-1.892090,6.530764,-2.014160,sit_stand_sit
1769345951.2436042,0.039063,-0.994873,-0.142090,-2.075195,1.037598,-1.831055,sit_stand_sit
1769345951.2651978,0.042969,-0.990234,-0.154175,-1.770020,-4.150391,-1.037598,sit_stand_sit
1769345951.2861688,0.033936,-0.994141,-0.163086,-1.220703,-6.591799,0.427246,sit_stand_sit
1769345951.3060591,0.031860,-0.989136,-0.161499,-0.488281,-7.812502,1.586915,sit_stand_sit
1769345951.322905,0.022583,-0.988770,-0.161865,0.000000,-7.629396,1.464844,sit_stand_sit
1769345951.3466196,0.012085,-0.989624,-0.158569,0.305176,-6.103518,1.525879,sit_stand_sit
1769345951.3660772,0.001953,-0.991211,-0.153809,0.061035,-3.356935,1.708985,sit_stand_sit
1769345951.3883824,0.005981,-0.983643,-0.155273,0.061035,-0.549316,1.525879,sit_stand_sit
1769345951.4061742,0.009888,-0.990845,-0.147583,0.366211,0.244141,0.549316,sit_stand_sit
1769345951.4249997,0.002930,-0.994995,-0.151978,-0.610352,0.366211,-0.122070,sit_stand_sit
1769345951.4421916,0.002563,-0.984253,-0.149658,-0.549316,-0.061035,0.305176,sit_stand_sit
1769345951.4656785,-0.001709,-0.987549,-0.143311,-0.488281,-1.525879,0.305176,sit_stand_sit
1769345951.4856162,-0.010620,-0.991699,-0.143066,-0.732422,-1.770020,0.915528,sit_stand_sit
1769345951.505683,-0.012573,-0.992065,-0.145508,-0.732422,-1.037598,1.403809,sit_stand_sit
1769345951.5203898,-0.008301,-0.999023,-0.147949,-0.549316,-0.061035,0.732422,sit_stand_sit
1769345951.5424006,0.004761,-0.995605,-0.156128,-0.671387,0.793457,0.366211,sit_stand_sit
1769345951.5660515,0.017212,-0.999023,-0.167236,-0.854492,0.305176,0.183106,sit_stand_sit
1769345951.58681,0.020508,-0.997925,-0.172607,-1.464844,0.366211,0.610352,sit_stand_sit
1769345951.6061614,0.021240,-0.998413,-0.168701,-1.953125,0.366211,0.366211,sit_stand_sit
1769345951.6263714,0.014404,-1.002441,-0.164795,-1.953125,2.014160,0.061035,sit_stand_sit
1769345951.6448588,0.021362,-1.006836,-0.158081,-1.770020,2.929688,0.000000,sit_stand_sit
1769345951.6619964,0.021729,-1.002319,-0.155396,-1.831055,2.624512,0.061035,sit_stand_sit
1769345951.6804729,0.020508,-0.998901,-0.154907,-1.708985,1.464844,0.793457,sit_stand_sit
1769345951.704366,0.014282,-0.996338,-0.153564,-1.770020,0.732422,1.464844,sit_stand_sit
1769345951.886713,0.009766,-0.990723,-0.153809,-1.892090,0.976563,1.647950,sit_stand_sit
1769345951.8963902,0.010986,-0.988159,-0.156860,-1.953125,0.732422,1.831055,sit_stand_sit
1769345951.8963902,0.006958,-0.984375,-0.159790,-2.075195,-0.122070,2.014160,sit_stand_sit
1769345951.8963902,-0.002686,-0.987305,-0.157959,-2.380371,-0.061035,2.258301,sit_stand_sit
1769345951.8963902,-0.004639,-0.984009,-0.159546,-2.624512,0.793457,2.807618,sit_stand_sit
1769345951.8963902,-0.006714,-0.971313,-0.162598,-2.563477,1.037598,3.723145,sit_stand_sit
1769345951.8963902,-0.007813,-0.976929,-0.155151,-2.136230,1.770020,4.028320,sit_stand_sit
1769345951.8963902,-0.002686,-0.979248,-0.155273,-2.685547,2.746582,4.516602,sit_stand_sit
1769345952.098609,0.003662,-0.960693,-0.161987,-3.356935,2.685547,5.981447,sit_stand_sit
1769345952.098609,0.009644,-0.947144,-0.158691,-2.929688,0.976563,6.652834,sit_stand_sit
1769345952.098609,0.017334,-0.937866,-0.156494,-2.807618,-1.770020,6.774904,sit_stand_sit
1769345952.098609,0.023926,-0.911499,-0.160767,-3.295899,-4.760742,8.728027,sit_stand_sit
1769345952.098609,0.022461,-0.854370,-0.181274,-3.417970,-11.413578,10.925293,sit_stand_sit
1769345952.098609,0.002930,-0.827759,-0.189697,-3.234864,-13.305668,11.169437,sit_stand_sit
1769345952.098609,-0.029053,-0.835205,-0.186401,-3.051759,-12.329105,9.155273,sit_stand_sit
1769345952.1006248,-0.056274,-0.859497,-0.177734,-4.455566,-6.835939,5.737307,sit_stand_sit
1769345952.1006248,-0.060181,-0.866211,-0.166748,-6.530764,0.915528,3.356935,sit_stand_sit
1769345952.1006248,-0.057251,-0.877319,-0.162842,-6.958010,6.835939,-0.183106,sit_stand_sit
1769345952.1006248,-0.033325,-0.872803,-0.158691,-8.972168,11.291508,-2.563477,sit_stand_sit
1769345952.106261,-0.010132,-0.810425,-0.159058,-10.009766,13.427738,-1.831055,sit_stand_sit
1769345952.134306,-0.016479,-0.791382,-0.139771,-7.080080,14.465336,-3.356935,sit_stand_sit
1769345952.1543517,-0.009033,-0.800659,-0.130005,-2.197266,14.099125,-6.347658,sit_stand_sit
1769345952.1662772,-0.005737,-0.814941,-0.128052,1.892090,10.253906,-7.385256,sit_stand_sit
1769345952.1861236,-0.018921,-0.826172,-0.127319,3.601075,7.812502,-8.789063,sit_stand_sit
1769345952.208256,-0.044067,-0.847656,-0.126343,5.310059,13.427738,-8.605957,sit_stand_sit
1769345952.2256424,-0.013184,-0.877563,-0.109009,5.798342,21.118164,-8.972168,sit_stand_sit
1769345952.2462661,0.022339,-0.870972,-0.100830,3.906251,20.019531,-7.202150,sit_stand_sit
1769345952.2631924,0.043579,-0.869507,-0.094727,5.676271,14.770512,-7.080080,sit_stand_sit
1769345952.285696,0.039917,-0.928345,-0.091675,8.544922,12.939457,-8.483887,sit_stand_sit
1769345952.305751,0.030396,-0.986328,-0.106812,9.338379,14.465336,-10.986328,sit_stand_sit
1769345952.3264782,0.017944,-1.043945,-0.119263,8.789063,17.517090,-12.329105,sit_stand_sit
1769345952.346417,0.038574,-1.080933,-0.135620,7.080080,19.531250,-11.901859,sit_stand_sit
1769345952.366415,0.118286,-1.086792,-0.182739,4.821777,11.779789,-7.202150,sit_stand_sit
1769345952.385889,0.173340,-1.068848,-0.215454,3.845216,-0.610352,-3.173829,sit_stand_sit
1769345952.4030726,0.195190,-1.065552,-0.229126,4.638672,-17.883301,0.366211,sit_stand_sit
1769345952.4174588,0.152832,-1.088013,-0.214844,3.295899,-30.090340,2.868653,sit_stand_sit
1769345952.4455743,0.084351,-1.110840,-0.187866,0.671387,-30.151375,5.554201,sit_stand_sit
1769345952.4650927,0.043335,-1.139771,-0.165161,-0.732422,-28.564461,7.751467,sit_stand_sit
1769345952.4857764,0.038818,-1.189697,-0.154541,-3.356935,-45.288101,13.549809,sit_stand_sit
1769345952.503218,-0.002930,-1.151245,-0.140137,-5.371094,-62.744156,22.705086,sit_stand_sit
1769345952.5252986,-0.155884,-1.177979,-0.180542,-11.474613,-68.603516,32.958984,sit_stand_sit
1769345952.5463521,-0.293701,-1.152222,-0.224854,-21.667480,-37.109375,42.053223,sit_stand_sit
1769345952.5661924,-0.166626,-1.102051,-0.248901,-20.446777,-24.841316,51.025406,sit_stand_sit
1769345952.5859385,-0.205444,-1.148193,-0.273315,-23.376472,-21.240234,53.222672,sit_stand_sit
1769345952.6059232,-0.190063,-1.099976,-0.305664,-30.029305,-1.892090,50.048843,sit_stand_sit
1769345952.62595,-0.056763,-1.049194,-0.358887,-30.761726,0.244141,49.072281,sit_stand_sit
1769345952.646275,-0.071899,-0.991455,-0.336548,-33.142090,-9.582520,46.752945,sit_stand_sit
1769345952.6631956,-0.160889,-0.973999,-0.313721,-35.766602,-13.427738,40.588379,sit_stand_sit
1769345952.6851764,-0.181152,-0.949341,-0.271606,-29.907234,-12.207035,35.766602,sit_stand_sit
1769345952.7061036,-0.240479,-0.992554,-0.266968,-35.095215,0.061035,31.433113,sit_stand_sit
1769345952.725934,-0.286255,-0.962891,-0.244141,-35.827637,22.827156,30.395515,sit_stand_sit
1769345952.916077,-0.264282,-0.950684,-0.251587,-35.034180,43.884277,26.916512,sit_stand_sit
1769345952.9181697,-0.222534,-0.956665,-0.256470,-33.569336,48.339859,21.118164,sit_stand_sit
1769345952.9181697,-0.204956,-0.989014,-0.265381,-31.250008,54.321304,16.174316,sit_stand_sit
1769345952.9181697,-0.187866,-1.032715,-0.277222,-27.099617,55.114761,14.404301,sit_stand_sit
1769345952.9181697,-0.204834,-1.042358,-0.305908,-23.315437,52.734390,13.549809,sit_stand_sit
1769345952.9181697,-0.177002,-1.041748,-0.353394,-18.920898,44.616714,12.084965,sit_stand_sit
1769345952.9181697,-0.116699,-1.032104,-0.403809,-12.512211,20.385742,14.892582,sit_stand_sit
1769345952.9181697,-0.180542,-0.985962,-0.421143,-8.178711,-8.300781,20.935059,sit_stand_sit
1769345953.1165073,-0.180664,-0.930176,-0.432739,-4.516602,-14.892582,23.376472,sit_stand_sit
1769345953.1165073,-0.207520,-0.909180,-0.433716,-4.882813,-17.272949,22.766121,sit_stand_sit
1769345953.1165073,-0.235718,-0.857178,-0.432739,-5.737307,-13.732914,20.935059,sit_stand_sit
1769345953.1165073,-0.240967,-0.834229,-0.425293,-5.432129,-9.460449,17.395020,sit_stand_sit
1769345953.1165073,-0.226685,-0.834229,-0.412109,-4.882813,-10.620117,12.512211,sit_stand_sit
1769345953.1165073,-0.234131,-0.846558,-0.386108,-4.821777,-16.662598,9.155273,sit_stand_sit
1769345953.1165073,-0.280762,-0.853271,-0.370361,-8.666992,-23.986824,5.310059,sit_stand_sit
1769345953.1165073,-0.318726,-0.867432,-0.369385,-9.399414,-23.986824,2.380371,sit_stand_sit
1769345953.1165073,-0.318237,-0.866455,-0.375732,-8.666992,-23.864754,1.098633,sit_stand_sit
1769345953.1165073,-0.353638,-0.886963,-0.388672,-8.911133,-22.399910,0.122070,sit_stand_sit
1769345953.1165073,-0.357788,-0.886719,-0.397339,-10.070801,-16.357422,-0.854492,sit_stand_sit
1769345953.1264412,-0.319580,-0.874756,-0.407349,-8.483887,-15.319828,-2.075195,sit_stand_sit
1769345953.1451144,-0.299438,-0.853394,-0.412964,-5.676271,-14.404301,-2.807618,sit_stand_sit
1769345953.1650538,-0.294800,-0.853394,-0.412720,-3.356935,-11.535648,-3.295899,sit_stand_sit
1769345953.1759784,-0.286743,-0.850708,-0.410156,-1.770020,-8.544922,-3.906251,sit_stand_sit
1769345953.210257,-0.284790,-0.846313,-0.400879,-0.244141,-7.080080,-4.272461,sit_stand_sit
1769345953.226208,-0.284424,-0.845825,-0.385498,1.586915,-6.469728,-4.516602,sit_stand_sit
1769345953.2440927,-0.296631,-0.851074,-0.374146,2.990724,-5.554201,-4.516602,sit_stand_sit
1769345953.266172,-0.307251,-0.860352,-0.369751,3.662110,-3.234864,-4.516602,sit_stand_sit
1769345953.286042,-0.306396,-0.876953,-0.375000,3.967286,1.037598,-4.699707,sit_stand_sit
1769345953.3043666,-0.298706,-0.889648,-0.373535,4.211426,2.319336,-4.272461,sit_stand_sit
1769345953.326725,-0.282104,-0.896484,-0.370728,3.723145,2.258301,-3.662110,sit_stand_sit
1769345953.3472445,-0.273071,-0.899048,-0.367432,2.868653,1.831055,-2.807618,sit_stand_sit
1769345953.3661044,-0.257202,-0.894287,-0.375122,2.014160,1.831055,-2.868653,sit_stand_sit
1769345953.3862417,-0.234863,-0.896240,-0.372192,2.990724,-1.281738,-3.112794,sit_stand_sit
1769345953.4060102,-0.242676,-0.904419,-0.403442,2.624512,-5.615236,-2.380371,sit_stand_sit
1769345953.4265218,-0.245972,-0.902954,-0.376221,2.868653,-7.446291,-2.441406,sit_stand_sit
1769345953.445803,-0.248169,-0.902588,-0.370605,3.479005,-10.986328,-2.502441,sit_stand_sit
1769345953.4653888,-0.266846,-0.901611,-0.366943,3.356935,-12.878422,-2.685547,sit_stand_sit
1769345953.486218,-0.267822,-0.895386,-0.363647,3.662110,-13.793949,-3.173829,sit_stand_sit
1769345953.5062015,-0.276611,-0.895752,-0.358276,4.272461,-14.160160,-3.173829,sit_stand_sit
1769345953.5259674,-0.291016,-0.903320,-0.354492,4.089355,-12.695316,-3.112794,sit_stand_sit
1769345953.5492983,-0.295532,-0.896851,-0.353882,3.479005,-8.605957,-2.197266,sit_stand_sit
1769345953.5619597,-0.294800,-0.894531,-0.354980,3.479005,-5.310059,-1.892090,sit_stand_sit
1769345953.5837505,-0.287842,-0.893188,-0.355225,3.967286,-2.380371,-1.220703,sit_stand_sit
1769345953.6044486,-0.281616,-0.901489,-0.354614,4.089355,-0.061035,-1.037598,sit_stand_sit
1769345953.625962,-0.271484,-0.901733,-0.354248,3.479005,1.525879,-0.915528,sit_stand_sit
1769345953.6464374,-0.263428,-0.899048,-0.353882,3.295899,1.831055,-0.366211,sit_stand_sit
1769345953.6609693,-0.255615,-0.900757,-0.354858,3.479005,0.793457,-0.488281,sit_stand_sit
1769345953.6807137,-0.253052,-0.904785,-0.349976,3.479005,-2.563477,-1.464844,sit_stand_sit
1769345953.7031891,-0.254761,-0.903442,-0.346069,3.417970,-5.432129,-1.892090,sit_stand_sit
1769345953.7259097,-0.260376,-0.901245,-0.342773,3.479005,-8.056641,-2.624512,sit_stand_sit
1769345953.7362146,-0.265991,-0.901245,-0.340454,3.784181,-10.314941,-3.356935,sit_stand_sit
1769345953.7653248,-0.276489,-0.899414,-0.336182,3.845216,-11.474613,-3.906251,sit_stand_sit
1769345953.7847195,-0.282471,-0.898560,-0.333252,4.394531,-11.657719,-3.967286,sit_stand_sit
1769345953.803803,-0.291626,-0.897339,-0.331787,4.577637,-9.643555,-4.089355,sit_stand_sit
1769345953.820603,-0.292236,-0.896606,-0.328979,5.065918,-7.873537,-4.089355,sit_stand_sit
1769345953.8431256,-0.292358,-0.897583,-0.329834,5.310059,-6.164553,-4.089355,sit_stand_sit
1769345953.864842,-0.295654,-0.897583,-0.328979,5.676271,-3.906251,-3.662110,sit_stand_sit
1769345953.8823478,-0.289795,-0.899536,-0.321655,5.981447,-1.953125,-3.906251,sit_stand_sit
1769345953.90273,-0.286255,-0.895996,-0.321289,6.408693,-0.244141,-3.662110,sit_stand_sit
1769345953.9257674,-0.286011,-0.894653,-0.320679,7.019045,1.708985,-3.295899,sit_stand_sit
1769345953.946397,-0.269897,-0.896973,-0.313721,8.178711,3.845216,-3.723145,sit_stand_sit
1769345953.9659183,-0.260864,-0.901978,-0.309326,8.728027,3.417970,-4.638672,sit_stand_sit
1769345953.985888,-0.259521,-0.908447,-0.306396,8.544922,2.197266,-5.676271,sit_stand_sit
1769345954.0052142,-0.254150,-0.898926,-0.302734,8.117676,0.732422,-7.019045,sit_stand_sit
1769345954.0260277,-0.251587,-0.895020,-0.298218,9.765625,-1.281738,-9.155273,sit_stand_sit
1769345954.0461059,-0.257324,-0.903931,-0.297729,11.169437,-3.112794,-11.413578,sit_stand_sit
1769345954.0662642,-0.238770,-0.936523,-0.292114,11.169437,-6.896975,-8.605957,sit_stand_sit
1769345954.0822973,-0.237549,-0.898193,-0.285400,8.483887,-9.399414,-12.390141,sit_stand_sit
1769345954.1041539,-0.221436,-0.935425,-0.285278,14.038090,-11.047363,-15.686039,sit_stand_sit
1769345954.1251338,-0.215698,-0.947876,-0.277466,14.221195,-15.502934,-14.099125,sit_stand_sit
1769345954.1447954,-0.241333,-0.931641,-0.270996,12.207035,-18.005371,-13.793949,sit_stand_sit
1769345954.1585774,-0.228149,-0.919312,-0.275757,20.629883,-17.272949,-17.150879,sit_stand_sit
1769345954.1820357,-0.242065,-0.967041,-0.258423,17.517090,-17.211914,-18.493652,sit_stand_sit
1769345954.206421,-0.236572,-0.935913,-0.268311,21.789551,-12.817387,-20.080566,sit_stand_sit
1769345954.2259147,-0.270874,-0.964600,-0.252686,18.249512,-7.751467,-23.376472,sit_stand_sit
1769345954.2460759,-0.238037,-0.975586,-0.253296,20.385742,-3.540040,-26.000984,sit_stand_sit
1769345954.2682865,-0.244995,-0.980225,-0.240723,19.470215,-1.403809,-27.954109,sit_stand_sit
1769345954.2860663,-0.284668,-0.988647,-0.245117,19.165039,3.112794,-31.677254,sit_stand_sit
1769345954.305915,-0.311157,-0.989258,-0.242676,16.418457,13.366703,-37.292480,sit_stand_sit
1769345954.326171,-0.308594,-1.011230,-0.181763,15.014652,28.503426,-45.898453,sit_stand_sit
1769345954.343002,-0.266479,-1.072021,-0.167725,13.549809,59.448257,-61.645523,sit_stand_sit
1769345954.3660328,-0.124268,-1.211182,-0.190796,17.700195,61.767593,-50.170914,sit_stand_sit
1769345954.3860605,-0.026001,-1.267578,-0.176270,16.601563,39.733887,-40.283203,sit_stand_sit
1769345954.405847,-0.040527,-1.278931,-0.206421,18.371582,20.080566,-37.109375,sit_stand_sit
1769345954.426081,-0.092896,-1.297119,-0.210815,21.606445,13.244633,-33.508301,sit_stand_sit
1769345954.4462593,-0.048950,-1.290649,-0.182129,23.803719,12.207035,-29.846199,sit_stand_sit
1769345954.466662,0.000488,-1.261108,-0.125854,30.944832,8.056641,-20.996094,sit_stand_sit
1769345954.486193,0.039307,-1.265503,-0.119995,33.691406,10.986328,-15.258793,sit_stand_sit
1769345954.5061548,0.082642,-1.287964,-0.130005,32.897949,17.333984,-9.216309,sit_stand_sit
1769345954.5260634,0.114990,-1.267944,-0.146362,28.076180,21.972656,-0.549316,sit_stand_sit
1769345954.541334,0.135986,-1.213745,-0.179077,23.132332,21.179199,4.577637,sit_stand_sit
1769345954.575105,0.169067,-1.133057,-0.286133,8.605957,8.361816,-4.577637,sit_stand_sit
1769345954.605885,0.148926,-1.087402,-0.371704,13.916019,0.915528,-12.939457,sit_stand_sit
1769345954.6068563,0.032715,-1.187744,-0.259644,12.146000,14.221195,-22.277840,sit_stand_sit
1769345954.6248457,0.086182,-1.083862,-0.194702,15.380863,11.108402,-21.301270,sit_stand_sit
1769345954.643989,0.085571,-1.027954,-0.157837,14.160160,-3.967286,-23.254402,sit_stand_sit
1769345954.6653044,0.014893,-1.026123,-0.114258,10.864258,-4.150391,-25.451668,sit_stand_sit
1769345954.6861303,-0.021118,-0.989624,-0.074707,4.943848,12.390141,-21.301270,sit_stand_sit
1769345954.7051613,0.000977,-0.875000,-0.074707,2.319336,27.526863,-14.831547,sit_stand_sit
1769345954.725825,0.107544,-0.819214,-0.079102,-3.295899,19.531250,-20.935059,sit_stand_sit
1769345954.7466342,0.015747,-0.867554,-0.043823,-2.441406,18.981934,-2.319336,sit_stand_sit
1769345954.7660122,0.036987,-0.833496,-0.060425,-9.521484,13.854984,-0.732422,sit_stand_sit
1769345954.7859836,0.019287,-0.800781,-0.076782,-9.826660,3.173829,-2.746582,sit_stand_sit
1769345954.806055,0.009766,-0.803467,-0.077637,-12.268070,-6.774904,-2.624512,sit_stand_sit
1769345954.826092,-0.011353,-0.795654,-0.088867,-14.892582,-13.427738,1.647950,sit_stand_sit
1769345954.843755,-0.020386,-0.776489,-0.099609,-17.395020,-19.714355,2.746582,sit_stand_sit
1769345954.86639,-0.017578,-0.745239,-0.104858,-17.395020,-26.916512,3.051759,sit_stand_sit
1769345954.8825624,-0.007813,-0.751465,-0.097900,-18.005371,-32.409668,4.028320,sit_stand_sit
1769345954.9060872,-0.002563,-0.749878,-0.101074,-19.653320,-39.428711,4.333496,sit_stand_sit
1769345954.9227474,-0.032959,-0.747681,-0.105347,-18.920898,-41.687012,6.225588,sit_stand_sit
1769345954.9461737,-0.035522,-0.758667,-0.103638,-18.737793,-40.161133,8.544922,sit_stand_sit
1769345954.964246,-0.042236,-0.776489,-0.104736,-17.517090,-36.560059,9.460449,sit_stand_sit
1769345954.9821644,-0.052734,-0.798828,-0.110229,-16.174316,-30.029305,10.437012,sit_stand_sit
1769345955.0051324,-0.046753,-0.835327,-0.114868,-14.160160,-19.042969,11.047363,sit_stand_sit
1769345955.0263,-0.048340,-0.876709,-0.114014,-11.291508,-11.779789,9.948730,sit_stand_sit
1769345955.0451417,-0.054932,-0.924194,-0.118042,-9.277344,-2.990724,9.338379,sit_stand_sit
1769345955.066153,-0.046875,-0.957764,-0.121704,-7.568361,5.493164,7.019045,sit_stand_sit
1769345955.086097,-0.022827,-0.984253,-0.107910,-5.004883,11.962894,4.699707,sit_stand_sit
1769345955.1061604,-0.003662,-1.009033,-0.103638,-3.295899,16.235352,5.004883,sit_stand_sit
1769345955.1258624,0.005249,-0.993774,-0.113770,-1.098633,20.080566,9.460449,sit_stand_sit
1769345955.1459,-0.000244,-0.974487,-0.118774,2.258301,21.118164,13.122562,sit_stand_sit
1769345955.166259,-0.021240,-0.984375,-0.105713,5.310059,25.146492,15.869144,sit_stand_sit
1769345955.184107,-0.045288,-0.989868,-0.111572,6.835939,32.958984,17.333984,sit_stand_sit
1769345955.2063007,-0.043335,-1.008423,-0.124268,9.155273,41.320801,18.981934,sit_stand_sit
1769345955.2259297,0.017090,-1.029419,-0.155151,8.605957,43.395996,18.615723,sit_stand_sit
1769345955.246205,0.110840,-1.025024,-0.211426,6.774904,33.508301,17.211914,sit_stand_sit
1769345955.2659736,0.179321,-1.010864,-0.265381,0.122070,4.150391,9.033203,sit_stand_sit
1769345955.286059,0.156982,-0.993408,-0.258789,-3.234864,-7.690432,6.835939,sit_stand_sit
1769345955.3018122,0.099731,-0.992798,-0.222412,-4.882813,-13.610844,2.685547,sit_stand_sit
1769345955.3252435,0.041748,-0.988892,-0.196411,-5.798342,-10.864258,-1.098633,sit_stand_sit
1769345955.346153,0.012939,-0.983765,-0.175171,-4.333496,-4.821777,-1.403809,sit_stand_sit
1769345955.365686,0.000366,-0.981323,-0.155518,-2.258301,-0.305176,-2.136230,sit_stand_sit
1769345955.3866546,-0.018555,-0.990112,-0.140869,-1.037598,4.455566,-0.976563,sit_stand_sit
1769345955.4060085,-0.026978,-0.989502,-0.140503,0.061035,4.150391,-0.244141,sit_stand_sit
1769345955.426528,-0.036621,-1.002441,-0.141846,-0.366211,2.197266,-1.098633,sit_stand_sit
1769345955.4463153,-0.040405,-0.993164,-0.145630,-1.403809,-0.244141,-1.708985,sit_stand_sit
1769345955.4659624,-0.051270,-0.980591,-0.145996,-1.403809,-2.868653,-1.525879,sit_stand_sit
1769345955.486015,-0.063965,-0.975708,-0.148438,-1.464844,-4.333496,-0.976563,sit_stand_sit
1769345955.5062222,-0.065063,-0.974731,-0.149536,-1.037598,-4.699707,-1.098633,sit_stand_sit
1769345955.5262446,-0.074463,-0.981323,-0.153198,-0.549316,-1.831055,0.000000,sit_stand_sit
1769345955.5394876,-0.062988,-0.977539,-0.157349,0.366211,0.976563,0.305176,sit_stand_sit
1769345955.565334,-0.044922,-0.989014,-0.161743,1.220703,2.563477,0.610352,sit_stand_sit
1769345955.586221,-0.023560,-0.995728,-0.175171,0.732422,2.685547,1.770020,sit_stand_sit
1769345955.6044261,-0.014038,-0.988770,-0.188354,0.427246,2.014160,2.563477,sit_stand_sit
1769345955.6258826,-0.004150,-0.986084,-0.197388,0.366211,0.915528,2.624512,sit_stand_sit
1769345955.6452637,-0.000732,-0.995483,-0.191650,0.122070,-0.244141,3.234864,sit_stand_sit
1769345955.6664083,-0.001099,-0.990967,-0.182495,-1.342773,0.122070,3.540040,sit_stand_sit
1769345955.6881652,-0.009521,-0.991943,-0.176270,-1.342773,1.037598,2.746582,sit_stand_sit
1769345955.706438,-0.010132,-0.992676,-0.171143,-1.342773,1.892090,1.770020,sit_stand_sit
1769345955.7256896,-0.011230,-0.999512,-0.162842,-1.342773,1.770020,1.586915,sit_stand_sit
1769345955.7442968,-0.017212,-0.996460,-0.160645,-1.770020,0.427246,1.220703,sit_stand_sit
1769345955.764778,-0.018921,-0.993286,-0.159546,-1.403809,-1.220703,1.037598,sit_stand_sit
1769345955.7857687,-0.030151,-0.988037,-0.159790,-1.953125,-2.380371,1.342773,sit_stand_sit
1769345955.8060179,-0.034180,-0.980103,-0.166382,-1.586915,-2.685547,1.647950,sit_stand_sit
1769345955.821999,-0.035522,-0.985107,-0.171387,-1.220703,-3.356935,1.708985,sit_stand_sit
1769345955.845931,-0.035278,-0.992798,-0.173950,-1.770020,-3.784181,1.464844,sit_stand_sit
1769345955.8660464,-0.038940,-0.990967,-0.178711,-2.319336,-3.417970,1.403809,sit_stand_sit
1769345955.8851902,-0.039063,-0.988647,-0.186035,-2.563477,-2.868653,1.220703,sit_stand_sit
1769345955.9089305,-0.037476,-0.998413,-0.183350,-2.136230,-2.868653,0.915528,sit_stand_sit
1769345956.0912585,-0.037476,-0.997681,-0.187988,-3.723145,-2.075195,0.610352,sit_stand_sit
1769345956.0912585,-0.046143,-0.987793,-0.185303,-3.173829,-0.061035,1.098633,sit_stand_sit
1769345956.0928473,-0.036011,-0.987915,-0.185181,-3.234864,1.586915,1.098633,sit_stand_sit
1769345956.0928473,-0.031982,-0.983887,-0.185181,-3.234864,0.976563,1.586915,sit_stand_sit
1769345956.0928473,-0.039063,-0.984375,-0.183105,-3.356935,1.525879,2.136230,sit_stand_sit
1769345956.0928473,-0.037842,-0.979858,-0.185303,-3.356935,1.525879,2.136230,sit_stand_sit
1769345956.0928473,-0.040405,-0.976074,-0.184937,-3.234864,0.488281,2.502441,sit_stand_sit
1769345956.0928473,-0.042480,-0.973999,-0.185669,-3.479005,0.000000,2.868653,sit_stand_sit
1769345956.296127,-0.042236,-0.964722,-0.187744,-3.723145,-0.610352,3.540040,sit_stand_sit
1769345956.2980356,-0.042358,-0.953735,-0.186890,-3.845216,-1.464844,3.784181,sit_stand_sit
1769345956.2980356,-0.040039,-0.944946,-0.181763,-3.845216,-2.014160,3.417970,sit_stand_sit
1769345956.2980356,-0.036987,-0.927246,-0.182495,-4.272461,-2.624512,3.417970,sit_stand_sit
1769345956.2980356,-0.038208,-0.898926,-0.181885,-4.516602,-3.234864,3.845216,sit_stand_sit
1769345956.2980356,-0.052490,-0.858032,-0.175415,-3.540040,-2.380371,3.356935,sit_stand_sit
1769345956.2980356,-0.069214,-0.842163,-0.175415,-3.112794,1.403809,2.136230,sit_stand_sit
1769345956.2980356,-0.056885,-0.812378,-0.177856,-2.746582,5.004883,1.831055,sit_stand_sit
1769345956.2980356,-0.031250,-0.780273,-0.164917,-2.380371,5.187988,1.770020,sit_stand_sit
1769345956.2980356,-0.016968,-0.746094,-0.151245,-2.990724,3.906251,2.014160,sit_stand_sit
1769345956.2980356,0.001465,-0.686890,-0.150513,-2.929688,1.281738,3.234864,sit_stand_sit
1769345956.3060446,-0.004639,-0.651123,-0.137939,3.845216,-0.732422,-2.380371,sit_stand_sit
1769345956.3265905,-0.064941,-0.750854,-0.108032,7.995607,6.591799,-13.671879,sit_stand_sit
1769345956.346374,-0.059814,-0.854492,-0.111206,9.460449,16.418457,-21.789551,sit_stand_sit
1769345956.3662148,-0.049927,-0.925171,-0.127197,9.094238,21.545410,-21.789551,sit_stand_sit
1769345956.3846374,-0.027710,-0.931519,-0.134399,6.713869,19.287109,-21.667480,sit_stand_sit
1769345956.4063365,-0.012329,-0.924194,-0.125977,8.361816,12.878422,-20.019531,sit_stand_sit
1769345956.422031,-0.012329,-0.916382,-0.137451,10.131836,6.347658,-20.751953,sit_stand_sit
1769345956.4460514,-0.022827,-0.929810,-0.148926,14.709476,2.868653,-15.136723,sit_stand_sit
1769345956.4664638,-0.028809,-0.969116,-0.153564,15.197758,5.432129,-11.840824,sit_stand_sit
1769345956.4854312,-0.008667,-0.993286,-0.153687,13.854984,9.277344,-7.629396,sit_stand_sit
1769345956.5066288,0.026367,-1.000488,-0.153809,11.779789,9.033203,-3.601075,sit_stand_sit
1769345956.5263512,0.061890,-1.017700,-0.159912,10.437012,3.051759,-3.173829,sit_stand_sit
1769345956.5460494,0.108765,-1.056274,-0.174316,9.338379,-8.422852,-5.249023,sit_stand_sit
1769345956.566289,0.133911,-1.098389,-0.202637,8.239746,-23.315437,-5.676271,sit_stand_sit
1769345956.586013,0.085205,-1.128174,-0.217651,4.577637,-38.269043,-5.310059,sit_stand_sit
1769345956.603886,0.033325,-1.132446,-0.203979,3.662110,-36.804199,-3.906251,sit_stand_sit
1769345956.6261122,-0.007202,-1.119019,-0.212402,2.563477,-27.587898,-1.159668,sit_stand_sit
1769345956.6461892,-0.015747,-1.096924,-0.195923,2.990724,-18.127441,3.662110,sit_stand_sit
1769345956.6663783,-0.015869,-1.126709,-0.193115,3.234864,-15.380863,8.605957,sit_stand_sit
1769345956.6862721,-0.213135,-1.195557,-0.233398,-9.155273,2.014160,17.272949,sit_stand_sit
1769345956.7057045,-0.074463,-1.066650,-0.291504,-23.559578,33.630371,34.973145,sit_stand_sit
1769345956.724195,-0.006836,-1.082031,-0.260010,-17.883301,13.427738,38.757324,sit_stand_sit
1769345956.7436864,-0.042114,-1.088501,-0.211670,-16.052246,-9.887695,36.437988,sit_stand_sit
1769345956.7664132,-0.069336,-1.094360,-0.192505,-13.793949,-26.916512,35.522461,sit_stand_sit
1769345956.785342,-0.115112,-1.110107,-0.176025,-16.845703,-32.836914,37.353516,sit_stand_sit
1769345956.806522,-0.119385,-1.070557,-0.172729,-20.263672,-32.775879,40.710449,sit_stand_sit
1769345956.824504,-0.134277,-1.058838,-0.181763,-21.179199,-31.555183,40.405273,sit_stand_sit
1769345956.8424766,-0.177246,-1.052124,-0.162964,-24.047859,-16.418457,38.024902,sit_stand_sit
1769345956.866112,-0.088135,-1.055420,-0.164429,-20.324707,-14.343266,35.949707,sit_stand_sit
1769345956.8863752,-0.147583,-1.062988,-0.173096,-24.414070,-8.544922,34.484863,sit_stand_sit
1769345956.905322,-0.093018,-0.974731,-0.203247,-21.606445,-4.760742,34.667969,sit_stand_sit
1769345956.925966,-0.125122,-0.973511,-0.245728,-18.737793,-7.202150,34.118652,sit_stand_sit
1769345957.1061344,-0.135742,-0.942505,-0.290649,-18.310547,-2.136230,33.203125,sit_stand_sit
1769345957.1061344,-0.108887,-0.930908,-0.352417,-16.235352,-4.760742,33.447266,sit_stand_sit
1769345957.1061344,-0.125122,-0.938354,-0.359741,-16.601563,-13.366703,31.433113,sit_stand_sit
1769345957.1061344,-0.184814,-0.950439,-0.336792,-17.883301,-18.493652,27.404793,sit_stand_sit
1769345957.1061344,-0.258545,-0.971680,-0.313232,-20.141602,-14.038090,19.775391,sit_stand_sit
1769345957.1061344,-0.319458,-0.990845,-0.303223,-21.972656,1.037598,9.704590,sit_stand_sit
1769345957.1061344,-0.345337,-1.043091,-0.293701,-20.629883,17.517090,1.281738,sit_stand_sit
1769345957.1061344,-0.352173,-1.059326,-0.301147,-22.766121,36.376953,-5.554201,sit_stand_sit
1769345957.3164072,-0.303589,-1.085327,-0.311035,-20.812988,44.250504,-11.596684,sit_stand_sit
1769345957.3164072,-0.268066,-1.066650,-0.314941,-20.751953,43.273926,-13.427738,sit_stand_sit
1769345957.3164072,-0.220337,-1.023926,-0.319092,-19.592285,33.569336,-12.023930,sit_stand_sit
1769345957.3164072,-0.200806,-0.970215,-0.312988,-17.456055,20.385742,-8.239746,sit_stand_sit
1769345957.3164072,-0.207153,-0.916260,-0.306885,-13.427738,12.207035,-1.892090,sit_stand_sit
1769345957.3164072,-0.195801,-0.875000,-0.302124,-9.033203,6.469728,4.760742,sit_stand_sit
1769345957.3164072,-0.220703,-0.846558,-0.291504,-4.577637,2.624512,10.681152,sit_stand_sit
1769345957.3164072,-0.252808,-0.827393,-0.296997,-1.525879,0.122070,13.427738,sit_stand_sit
1769345957.3164072,-0.276123,-0.840576,-0.317749,0.183106,1.892090,14.709476,sit_stand_sit
1769345957.3164072,-0.246948,-0.856445,-0.349243,-0.122070,-1.037598,12.268070,sit_stand_sit
1769345957.3164072,-0.233398,-0.870361,-0.376953,-0.732422,-10.070801,9.155273,sit_stand_sit
1769345957.3260186,-0.250244,-0.891968,-0.391357,0.183106,-15.808109,6.408693,sit_stand_sit
1769345957.346,-0.251343,-0.910400,-0.396118,0.976563,-17.150879,3.906251,sit_stand_sit
1769345957.366321,-0.263428,-0.933228,-0.387207,0.061035,-13.061527,0.305176,sit_stand_sit
1769345957.3862588,-0.276001,-0.946655,-0.367676,-1.525879,-5.981447,-2.075195,sit_stand_sit
1769345957.4061935,-0.265381,-0.942383,-0.364868,-5.249023,1.342773,-2.380371,sit_stand_sit
1769345957.4230068,-0.272583,-0.915405,-0.375488,-6.164553,7.873537,-0.976563,sit_stand_sit
1769345957.4442089,-0.246338,-0.902466,-0.366333,-6.042482,11.108402,-1.037598,sit_stand_sit
1769345957.4660242,-0.241577,-0.902344,-0.354736,-5.126953,10.192871,0.549316,sit_stand_sit
1769345957.485498,-0.235474,-0.895996,-0.344238,-5.371094,8.911133,2.014160,sit_stand_sit
1769345957.5025074,-0.243774,-0.885498,-0.341431,-4.394531,6.835939,2.807618,sit_stand_sit
1769345957.5211582,-0.231689,-0.885010,-0.346924,-3.723145,6.103518,2.258301,sit_stand_sit
1769345957.5441797,-0.219727,-0.894897,-0.354370,-3.051759,3.784181,1.770020,sit_stand_sit
1769345957.5661364,-0.221802,-0.900757,-0.364258,-2.624512,1.220703,1.159668,sit_stand_sit
1769345957.5851305,-0.224243,-0.904297,-0.369141,-2.014160,-0.610352,0.549316,sit_stand_sit
1769345957.6063702,-0.231445,-0.907349,-0.371826,-1.647950,-1.159668,-0.122070,sit_stand_sit
1769345957.6260428,-0.240845,-0.907593,-0.367310,-1.220703,0.244141,-0.427246,sit_stand_sit
1769345957.6439834,-0.241211,-0.903320,-0.361572,-0.732422,1.464844,-0.366211,sit_stand_sit
1769345957.6647534,-0.240723,-0.900146,-0.357666,-0.244141,2.746582,-0.244141,sit_stand_sit
1769345957.6861491,-0.235596,-0.897095,-0.357666,0.183106,3.540040,0.000000,sit_stand_sit
1769345957.7064004,-0.233765,-0.895020,-0.361206,0.427246,3.295899,0.305176,sit_stand_sit
1769345957.7231762,-0.229004,-0.892334,-0.365845,0.671387,2.441406,0.549316,sit_stand_sit
1769345957.7456238,-0.229248,-0.892578,-0.368530,1.037598,1.708985,0.732422,sit_stand_sit
1769345957.764432,-0.232788,-0.900879,-0.373413,1.342773,0.671387,0.427246,sit_stand_sit
1769345957.784534,-0.233887,-0.903320,-0.377563,0.793457,0.610352,0.366211,sit_stand_sit
1769345957.803189,-0.228882,-0.904297,-0.379395,0.488281,0.366211,-0.061035,sit_stand_sit
1769345957.8218155,-0.227783,-0.907349,-0.375854,0.305176,-0.671387,-0.366211,sit_stand_sit
1769345957.8433971,-0.230469,-0.914307,-0.373047,-0.244141,-1.953125,-0.854492,sit_stand_sit
1769345957.8612006,-0.230347,-0.911865,-0.370361,-0.610352,-3.112794,-0.793457,sit_stand_sit
1769345957.8861668,-0.234009,-0.916016,-0.365601,-0.671387,-4.028320,-1.220703,sit_stand_sit
1769345957.9038172,-0.240601,-0.907715,-0.366211,-1.403809,-4.150391,-1.220703,sit_stand_sit
1769345957.9227533,-0.245850,-0.899658,-0.366821,-0.976563,-3.051759,-0.793457,sit_stand_sit
1769345957.9466658,-0.243408,-0.898560,-0.366089,-0.366211,-1.464844,-1.037598,sit_stand_sit
1769345957.9651337,-0.234131,-0.900391,-0.366943,-0.183106,-0.976563,-0.915528,sit_stand_sit
1769345957.9859102,-0.232056,-0.903076,-0.366455,0.061035,-1.281738,-0.488281,sit_stand_sit
1769345958.0063806,-0.233398,-0.900024,-0.367310,0.061035,-1.220703,-0.122070,sit_stand_sit
1769345958.0260715,-0.230103,-0.902222,-0.366455,0.610352,-0.915528,0.244141,sit_stand_sit
1769345958.0460646,-0.230591,-0.905640,-0.366455,0.610352,-1.098633,0.305176,sit_stand_sit
1769345958.066423,-0.229492,-0.906860,-0.367065,0.366211,-1.342773,0.427246,sit_stand_sit
1769345958.0844235,-0.226929,-0.906982,-0.364014,0.244141,-1.892090,0.366211,sit_stand_sit
1769345958.1037998,-0.231201,-0.906494,-0.364380,0.305176,-2.441406,-0.183106,sit_stand_sit
1769345958.1243827,-0.232300,-0.908813,-0.366211,0.000000,-2.624512,-0.793457,sit_stand_sit
1769345958.1397748,-0.231934,-0.906372,-0.368286,-0.122070,-3.112794,-0.915528,sit_stand_sit
1769345958.16433,-0.234985,-0.905762,-0.364990,0.061035,-3.479005,-1.220703,sit_stand_sit
1769345958.183106,-0.236816,-0.905029,-0.362793,0.061035,-3.662110,-1.342773,sit_stand_sit
1769345958.2063196,-0.242188,-0.904419,-0.362793,0.000000,-3.723145,-1.220703,sit_stand_sit
1769345958.2339363,-0.246948,-0.903564,-0.363892,0.122070,-2.929688,-1.159668,sit_stand_sit
1769345958.268024,-0.247437,-0.904663,-0.362915,0.305176,-1.892090,-1.159668,sit_stand_sit
1769345958.268024,-0.246216,-0.906738,-0.363159,0.366211,-1.342773,-0.976563,sit_stand_sit
1769345958.284216,-0.245605,-0.903809,-0.363037,0.427246,-0.732422,-0.610352,sit_stand_sit
1769345958.3047295,-0.243530,-0.904907,-0.363159,0.549316,-0.061035,-0.610352,sit_stand_sit
1769345958.3200204,-0.238403,-0.908325,-0.362183,0.610352,0.061035,-0.549316,sit_stand_sit
1769345958.345241,-0.239868,-0.907104,-0.368286,0.427246,0.122070,-0.488281,sit_stand_sit
1769345958.3658972,-0.234375,-0.909424,-0.361694,0.671387,-0.122070,-0.610352,sit_stand_sit
1769345958.386083,-0.234131,-0.910522,-0.360352,0.244141,-0.671387,-0.793457,sit_stand_sit
1769345958.4021637,-0.236694,-0.904785,-0.363037,0.305176,-0.671387,-0.549316,sit_stand_sit
1769345958.4258966,-0.237671,-0.907471,-0.361328,0.488281,-0.366211,-0.976563,sit_stand_sit
1769345958.4434292,-0.232300,-0.910034,-0.364014,0.305176,-0.854492,-1.220703,sit_stand_sit
1769345958.465041,-0.236450,-0.909790,-0.364990,-0.122070,-1.342773,-1.281738,sit_stand_sit
1769345958.4840193,-0.239380,-0.906494,-0.363770,-0.244141,-1.220703,-1.342773,sit_stand_sit
1769345958.5063162,-0.235840,-0.903687,-0.362427,-0.122070,-0.854492,-1.403809,sit_stand_sit
1769345958.5260823,-0.235352,-0.905396,-0.360596,0.061035,-0.671387,-1.220703,sit_stand_sit
1769345958.5461345,-0.232178,-0.904907,-0.358521,0.244141,-0.488281,-0.976563,sit_stand_sit
1769345958.5658743,-0.226318,-0.906250,-0.355591,0.427246,-0.488281,-1.098633,sit_stand_sit
1769345958.5847986,-0.221802,-0.902832,-0.357178,0.915528,-1.098633,-1.220703,sit_stand_sit
1769345958.6039214,-0.213623,-0.903442,-0.357300,1.708985,-2.624512,-1.586915,sit_stand_sit
1769345958.6229863,-0.202881,-0.910156,-0.357544,2.441406,-5.859377,-2.075195,sit_stand_sit
1769345958.64286,-0.192261,-0.919312,-0.357422,2.441406,-10.498047,-3.112794,sit_stand_sit
1769345958.6644707,-0.185059,-0.920288,-0.361328,1.464844,-16.357422,-4.028320,sit_stand_sit
1769345958.6796346,-0.174194,-0.906250,-0.346313,0.122070,-27.954109,-6.103518,sit_stand_sit
1769345958.7017455,-0.199707,-0.893921,-0.332153,-0.488281,-34.118652,-8.056641,sit_stand_sit
1769345958.7257342,-0.226074,-0.879028,-0.328979,0.427246,-36.315918,-10.314941,sit_stand_sit
1769345958.7435083,-0.242188,-0.873413,-0.329468,2.990724,-35.278320,-12.451176,sit_stand_sit
1769345958.76623,-0.223633,-0.891113,-0.319946,6.286623,-34.851074,-14.099125,sit_stand_sit
1769345958.7852004,-0.196899,-0.905273,-0.319580,7.080080,-38.574219,-14.099125,sit_stand_sit
1769345958.803285,-0.254272,-0.899536,-0.325439,8.300781,-41.625977,-13.122562,sit_stand_sit
1769345958.8264005,-0.288696,-0.902344,-0.311157,10.009766,-32.226563,-16.235352,sit_stand_sit
1769345958.8433146,-0.274780,-0.913818,-0.315430,11.108402,-28.259285,-17.639160,sit_stand_sit
1769345958.863292,-0.275757,-0.918335,-0.316650,11.779789,-26.123055,-18.188477,sit_stand_sit
1769345958.8835123,-0.271606,-0.910400,-0.308472,11.840824,-24.963387,-19.653320,sit_stand_sit
1769345958.906372,-0.269043,-0.903809,-0.298462,13.610844,-24.597176,-18.798828,sit_stand_sit
1769345958.926174,-0.265381,-0.908447,-0.285767,15.625004,-23.254402,-19.287109,sit_stand_sit
1769345958.946204,-0.289185,-0.935303,-0.267212,15.319828,-17.639160,-21.179199,sit_stand_sit
1769345958.9657497,-0.284302,-0.935669,-0.263916,14.587406,-12.573246,-19.226074,sit_stand_sit
1769345958.9862003,-0.267212,-0.919556,-0.260132,16.418457,-9.155273,-16.479492,sit_stand_sit
1769345959.0058794,-0.247192,-0.920532,-0.254761,18.310547,-7.019045,-17.150879,sit_stand_sit
1769345959.0259557,-0.232178,-0.942749,-0.250366,20.751953,-6.103518,-19.653320,sit_stand_sit
1769345959.044899,-0.238892,-0.959961,-0.247681,19.226074,-5.310059,-23.498543,sit_stand_sit
1769345959.0674553,-0.246338,-0.955933,-0.223633,18.127441,-2.929688,-29.968269,sit_stand_sit
1769345959.0815458,-0.259644,-1.000977,-0.168579,14.038090,2.868653,-50.048843,sit_stand_sit
1769345959.1038463,-0.203979,-1.059570,-0.199463,23.437508,9.887695,-54.016129,sit_stand_sit
1769345959.1258762,-0.164795,-1.183960,-0.215942,28.381355,10.253906,-46.447769,sit_stand_sit
1769345959.1441302,-0.176758,-1.254517,-0.205322,28.320320,7.263186,-44.433609,sit_stand_sit
1769345959.1604142,-0.159180,-1.282837,-0.210083,29.907234,9.155273,-48.278824,sit_stand_sit
1769345959.186333,-0.130371,-1.332886,-0.184204,27.099617,7.263186,-44.616714,sit_stand_sit
1769345959.1973498,-0.137451,-1.325684,-0.149902,22.460945,14.892582,-31.982430,sit_stand_sit
1769345959.2249355,-0.005859,-1.216553,-0.205566,23.071297,16.418457,-27.343758,sit_stand_sit
1769345959.2411191,-0.006470,-1.251709,-0.245361,22.583015,22.094727,-26.367195,sit_stand_sit
1769345959.2660232,0.072144,-1.267212,-0.243652,18.981934,22.277840,-21.850586,sit_stand_sit
1769345959.282921,0.126099,-1.247925,-0.242554,13.916019,8.972168,-18.737793,sit_stand_sit
1769345959.305917,0.079102,-1.193481,-0.277100,8.056641,-5.187988,-23.193367,sit_stand_sit
1769345959.3245246,0.094727,-1.163208,-0.310059,9.399414,-8.056641,-27.404793,sit_stand_sit
1769345959.3460078,0.060303,-1.176270,-0.298706,8.544922,-15.502934,-22.338875,sit_stand_sit
1769345959.3660736,-0.050903,-1.181641,-0.254028,-0.183106,-0.366211,-16.601563,sit_stand_sit
1769345959.385427,-0.009033,-1.079834,-0.232788,-0.854492,21.240234,-14.404301,sit_stand_sit
1769345959.4037101,0.120605,-1.032715,-0.160034,-1.892090,25.390633,-13.977055,sit_stand_sit
1769345959.4229183,0.063232,-0.984131,-0.108032,-5.249023,26.733406,-10.498047,sit_stand_sit
1769345959.436308,0.007446,-0.927368,-0.071655,-6.042482,38.146973,-5.310059,sit_stand_sit
1769345959.4657958,0.035034,-0.889160,-0.049316,-3.540040,49.194351,-2.502441,sit_stand_sit
1769345959.485264,0.064819,-0.900024,-0.006958,-0.244141,52.917496,-2.868653,sit_stand_sit
1769345959.5061963,0.066772,-0.889160,-0.004395,-2.502441,49.316422,-4.943848,sit_stand_sit
1769345959.5261266,0.055054,-0.866333,-0.009521,-3.112794,43.823242,-0.122070,sit_stand_sit
1769345959.546224,0.053711,-0.854858,-0.000977,-2.990724,39.001465,3.356935,sit_stand_sit
1769345959.5662072,0.065674,-0.853638,-0.007324,-2.380371,31.799324,2.868653,sit_stand_sit
1769345959.5859728,0.062622,-0.851807,-0.027954,-3.234864,23.071297,2.624512,sit_stand_sit
1769345959.6059148,0.025146,-0.825439,-0.067627,-4.150391,12.084965,4.577637,sit_stand_sit
1769345959.626284,0.008301,-0.825806,-0.095947,-5.554201,8.117676,3.295899,sit_stand_sit
1769345959.646326,0.023438,-0.825439,-0.129150,-5.493164,1.281738,3.295899,sit_stand_sit
1769345959.666409,0.027588,-0.823120,-0.164429,-7.385256,-7.202150,8.605957,sit_stand_sit
1769345959.686098,0.024658,-0.792969,-0.188110,-8.666992,-16.479492,9.033203,sit_stand_sit
1769345959.7014287,0.006104,-0.792358,-0.185303,-9.216309,-20.385742,10.375977,sit_stand_sit
1769345959.724485,-0.009521,-0.783203,-0.176636,-10.864258,-18.798828,13.305668,sit_stand_sit
1769345959.742551,-0.013184,-0.769409,-0.156982,-9.826660,-14.282230,14.587406,sit_stand_sit
1769345959.7621496,-0.026123,-0.781128,-0.151978,-9.216309,-8.972168,14.221195,sit_stand_sit
1769345959.7855673,-0.028076,-0.788574,-0.145386,-8.056641,-2.075195,15.197758,sit_stand_sit
1769345959.8063598,-0.027832,-0.813965,-0.131836,-5.798342,5.493164,13.244633,sit_stand_sit
1769345959.8265524,-0.020264,-0.871216,-0.113647,-4.333496,13.366703,8.972168,sit_stand_sit
1769345959.8435488,0.003418,-0.938232,-0.103027,-5.065918,17.395020,7.080080,sit_stand_sit
1769345959.863263,0.020264,-0.983643,-0.105957,-8.117676,15.441898,5.981447,sit_stand_sit
1769345959.8865767,0.041138,-0.989136,-0.122437,-6.774904,12.329105,3.112794,sit_stand_sit
1769345959.9056852,0.061035,-0.993774,-0.129028,-5.065918,5.798342,2.746582,sit_stand_sit
1769345959.9244978,0.048828,-0.983521,-0.139648,-3.417970,-0.549316,5.310059,sit_stand_sit
1769345959.9461217,0.030884,-0.983887,-0.160645,-1.831055,-2.990724,8.666992,sit_stand_sit
1769345959.9662507,0.033447,-0.984131,-0.179688,-0.183106,-2.502441,9.460449,sit_stand_sit
1769345959.9859915,0.057251,-0.997192,-0.189819,0.244141,-3.479005,7.568361,sit_stand_sit
1769345960.0058606,0.057739,-1.000610,-0.205322,-3.051759,-4.577637,6.652834,sit_stand_sit
1769345960.0232837,0.109375,-0.988647,-0.206543,-9.521484,1.708985,5.126953,sit_stand_sit
1769345960.0459518,-0.023804,-0.949219,-0.156738,0.427246,9.399414,-2.929688,sit_stand_sit
1769345960.0646508,0.090454,-1.029297,-0.166748,-3.295899,11.779789,-2.563477,sit_stand_sit
1769345960.081387,0.044434,-0.995850,-0.169067,-6.042482,6.591799,-1.953125,sit_stand_sit
1769345960.1061168,0.000122,-0.984619,-0.157715,0.183106,11.596684,-4.577637,sit_stand_sit
1769345960.1255474,0.065430,-1.024536,-0.141113,1.403809,8.666992,-6.286623,sit_stand_sit
1769345960.1439543,0.052246,-1.004395,-0.138184,0.976563,0.427246,-5.187988,sit_stand_sit
1769345960.16468,0.034302,-0.973022,-0.153198,3.479005,-1.525879,-5.676271,sit_stand_sit
1769345960.1863844,0.094116,-1.002808,-0.167480,5.493164,-5.187988,-1.037598,sit_stand_sit
1769345960.205561,0.105469,-0.990479,-0.181152,0.305176,-18.432617,1.892090,sit_stand_sit
1769345960.2243989,0.032349,-0.947388,-0.180298,3.051759,-24.292000,-3.967286,sit_stand_sit
1769345960.244586,0.013306,-0.982422,-0.176270,4.150391,-24.292000,-4.821777,sit_stand_sit
1769345960.2644114,-0.010864,-0.982666,-0.173218,2.746582,-20.996094,-2.685547,sit_stand_sit
1769345960.2841663,-0.025146,-0.987183,-0.167358,2.746582,-17.089844,-3.967286,sit_stand_sit
1769345960.306147,-0.038330,-0.992310,-0.169800,2.258301,-11.779789,-4.211426,sit_stand_sit
1769345960.4953172,-0.034424,-0.989014,-0.174194,2.746582,-7.080080,-2.929688,sit_stand_sit
1769345960.49633,-0.024170,-0.991577,-0.178589,2.929688,-5.310059,-2.258301,sit_stand_sit
1769345960.496879,-0.030029,-0.989502,-0.187622,2.380371,-4.272461,-1.342773,sit_stand_sit
1769345960.496879,-0.036133,-0.988892,-0.190186,1.831055,-2.136230,-0.427246,sit_stand_sit
1769345960.496879,-0.028198,-0.993408,-0.186401,0.549316,0.732422,0.366211,sit_stand_sit
1769345960.496879,-0.025513,-0.995972,-0.184082,-0.610352,2.136230,0.793457,sit_stand_sit
1769345960.496879,-0.020752,-0.993164,-0.182251,-1.525879,3.112794,1.708985,sit_stand_sit
1769345960.496879,-0.014282,-0.993652,-0.173340,-1.708985,3.540040,1.953125,sit_stand_sit
1769345960.6994934,-0.007935,-1.002441,-0.161743,-1.953125,4.211426,1.525879,sit_stand_sit
1769345960.6994934,-0.001099,-1.000854,-0.160156,-2.197266,5.432129,1.403809,sit_stand_sit
1769345960.6994934,0.005493,-0.997803,-0.160156,-1.831055,7.568361,1.037598,sit_stand_sit
1769345960.7029457,0.019653,-0.992065,-0.160889,-1.403809,8.117676,0.732422,sit_stand_sit
1769345960.7029457,0.030029,-0.990234,-0.167358,-1.037598,7.568361,0.671387,sit_stand_sit
1769345960.7038345,0.033936,-0.984619,-0.175415,-0.671387,5.432129,0.915528,sit_stand_sit
1769345960.7038345,0.022339,-0.982178,-0.179688,-0.549316,3.479005,0.549316,sit_stand_sit
1769345960.7038345,0.009888,-0.984863,-0.178955,-0.183106,2.868653,0.000000,sit_stand_sit
1769345960.7038345,-0.000244,-0.993286,-0.172729,-0.244141,3.356935,-0.061035,sit_stand_sit
1769345960.7038345,-0.014404,-0.994019,-0.167114,-0.915528,4.638672,0.183106,sit_stand_sit
1769345960.7038345,-0.015259,-0.983032,-0.168091,-0.976563,5.310059,0.610352,sit_stand_sit
1769345960.706437,-0.018555,-0.981445,-0.167236,-0.671387,5.493164,1.037598,sit_stand_sit
1769345960.7233636,-0.022827,-0.984497,-0.166016,-0.671387,5.859377,1.037598,sit_stand_sit
1769345960.7420273,-0.024658,-0.984375,-0.166138,-1.037598,7.324221,1.098633,sit_stand_sit
1769345960.7646244,-0.008667,-0.984375,-0.170410,-1.159668,8.483887,1.892090,sit_stand_sit
1769345960.783344,-0.000610,-0.980469,-0.162842,-1.281738,7.690432,-0.244141,sit_stand_sit
1769345960.8070283,-0.007568,-0.992554,-0.166748,-0.244141,13.549809,0.488281,sit_stand_sit
1769345960.8252492,0.020142,-0.999146,-0.164917,-1.037598,12.207035,0.549316,sit_stand_sit
1769345960.8458781,0.030640,-1.002075,-0.169312,-2.136230,10.498047,1.159668,sit_stand_sit
1769345960.8661072,0.022949,-0.990356,-0.168579,-2.441406,8.117676,1.586915,sit_stand_sit
1769345960.885377,0.000244,-0.980591,-0.159668,-0.061035,10.864258,0.427246,sit_stand_sit
1769345960.906381,0.064331,-1.004883,-0.165283,-0.671387,9.094238,0.610352,sit_stand_sit
1769345960.9163325,0.018555,-0.976196,-0.168457,-0.366211,4.211426,0.854492,sit_stand_sit
1769345960.9461956,0.017456,-0.984497,-0.162109,0.732422,3.295899,0.366211,sit_stand_sit
1769345960.9661667,0.013306,-0.991211,-0.156494,0.915528,2.624512,0.061035,sit_stand_sit
1769345960.9845586,0.008911,-0.992188,-0.158325,0.793457,1.892090,-0.366211,sit_stand_sit
1769345961.0060806,0.022949,-0.994751,-0.169922,0.671387,1.098633,0.366211,sit_stand_sit
1769345961.0261073,0.022217,-1.000854,-0.170044,-2.990724,-4.394531,4.943848,sit_stand_sit
1769345961.0416026,-0.029297,-0.966431,-0.172974,-0.671387,-1.403809,1.953125,sit_stand_sit
1769345961.0675712,0.005127,-0.993652,-0.182007,-2.014160,-0.732422,1.953125,sit_stand_sit
1769345961.0827386,-0.017334,-0.975098,-0.182983,-1.098633,0.732422,2.014160,sit_stand_sit
1769345961.1041162,-0.005005,-0.992554,-0.177246,-1.464844,1.586915,1.892090,sit_stand_sit
1769345961.1243064,-0.003296,-0.985962,-0.174194,-2.380371,1.770020,2.502441,sit_stand_sit
1769345961.1445959,-0.000244,-0.979492,-0.175293,-3.051759,1.159668,3.723145,sit_stand_sit
1769345961.165563,0.001953,-0.977173,-0.169922,-3.784181,0.061035,5.187988,sit_stand_sit
1769345961.1859584,-0.029907,-0.939209,-0.165039,-3.723145,-0.061035,4.028320,sit_stand_sit
1769345961.2060041,-0.007202,-0.948242,-0.162842,-0.976563,2.502441,2.136230,sit_stand_sit
1769345961.2262692,0.009277,-0.968262,-0.159790,-1.831055,0.061035,3.662110,sit_stand_sit
1769345961.2459784,0.000854,-0.946655,-0.168945,-2.197266,-2.014160,4.516602,sit_stand_sit
1769345961.2634442,0.004028,-0.928345,-0.170898,-1.647950,-3.967286,3.784181,sit_stand_sit
1769345961.2865944,-0.017944,-0.906982,-0.170288,-0.976563,-3.479005,3.295899,sit_stand_sit
1769345961.306631,-0.014526,-0.880005,-0.167480,-1.098633,-1.281738,2.685547,sit_stand_sit
1769345961.3259234,0.024902,-0.843750,-0.169312,-1.892090,-2.563477,3.051759,sit_stand_sit
1769345961.3395844,-0.002441,-0.802979,-0.171509,-1.464844,1.220703,2.075195,sit_stand_sit
1769345961.3656843,0.016602,-0.780518,-0.171753,-1.281738,5.737307,-0.671387,sit_stand_sit
1769345961.3860028,0.046875,-0.788818,-0.157227,-1.586915,4.394531,-1.403809,sit_stand_sit
1769345961.4062054,0.039185,-0.787598,-0.145386,-4.882813,-1.586915,-4.577637,sit_stand_sit
1769345961.426374,0.004761,-0.782593,-0.124268,0.061035,-0.732422,-11.596684,sit_stand_sit
1769345961.445951,0.004150,-0.865112,-0.100708,1.831055,3.540040,-16.540527,sit_stand_sit
1769345961.4650822,0.018921,-0.919312,-0.092041,-0.183106,3.051759,-17.211914,sit_stand_sit
1769345961.4864113,-0.005859,-0.908569,-0.092896,-0.244141,5.004883,-18.127441,sit_stand_sit
1769345961.5061178,-0.016724,-0.908813,-0.105469,3.112794,11.474613,-18.066406,sit_stand_sit
1769345961.525579,0.018311,-0.910889,-0.117554,5.859377,19.531250,-17.456055,sit_stand_sit
1769345961.5411909,0.064941,-0.909668,-0.125244,7.507326,25.512703,-17.395020,sit_stand_sit
1769345961.5624263,0.043701,-0.925781,-0.130615,7.873537,32.775879,-18.127441,sit_stand_sit
1769345961.585969,0.067383,-0.965576,-0.130615,7.141115,46.936050,-23.559578,sit_stand_sit
1769345961.604214,0.162842,-0.982178,-0.129761,5.371094,48.522964,-27.282722,sit_stand_sit
1769345961.6353266,0.159302,-0.978271,-0.145874,4.028320,45.166031,-28.076180,sit_stand_sit
1769345961.6643596,0.119141,-0.998047,-0.140381,3.906251,43.579102,-31.005867,sit_stand_sit
1769345961.6663747,0.138428,-1.027832,-0.138428,5.310059,40.649414,-33.935547,sit_stand_sit
1769345961.6813855,0.152222,-1.056763,-0.148682,6.530764,36.437988,-31.799324,sit_stand_sit
1769345961.7059166,0.129517,-1.074585,-0.162476,6.225588,36.132813,-25.024422,sit_stand_sit
1769345961.7237315,0.095703,-1.079590,-0.177612,4.638672,48.950211,-15.625004,sit_stand_sit
1769345961.7459679,0.123291,-1.076904,-0.191406,4.272461,55.664078,-10.070801,sit_stand_sit
1769345961.763002,0.174316,-1.080933,-0.207642,3.234864,52.124039,-3.662110,sit_stand_sit
1769345961.7858872,0.186768,-1.093384,-0.176514,-0.122070,40.771484,3.112794,sit_stand_sit
1769345961.804211,0.249268,-1.025024,-0.305908,-6.530764,22.583015,7.934572,sit_stand_sit
1769345961.8262699,0.251221,-0.983032,-0.228760,-6.774904,-7.690432,17.456055,sit_stand_sit
1769345961.8460107,0.140137,-0.978394,-0.325562,-13.549809,-28.320320,15.441898,sit_stand_sit
1769345961.8659666,0.042114,-0.984985,-0.258545,-18.920898,-23.925789,19.470215,sit_stand_sit
1769345961.8870609,0.038696,-0.972778,-0.301147,-25.390633,-20.812988,19.165039,sit_stand_sit
1769345961.9062889,0.036987,-0.959229,-0.246582,-20.629883,-22.766121,19.409180,sit_stand_sit
1769345961.9232395,0.030029,-1.034058,-0.202881,-19.897461,-32.470703,17.150879,sit_stand_sit
1769345961.9436762,0.011963,-1.103638,-0.159668,-21.118164,-40.344238,18.371582,sit_stand_sit
1769345961.9606955,0.058960,-1.141479,-0.133789,-24.292000,-41.564941,21.606445,sit_stand_sit
1769345961.9840155,0.027100,-1.143921,-0.150635,-28.686531,-28.930672,31.005867,sit_stand_sit
1769345962.0067692,0.025391,-1.121582,-0.161255,-31.616219,-19.165039,33.142090,sit_stand_sit
1769345962.0255592,0.099976,-1.104858,-0.130859,-26.733406,-18.432617,31.494148,sit_stand_sit
1769345962.0412033,0.108521,-1.139282,-0.138062,-24.902351,-23.864754,25.268562,sit_stand_sit
1769345962.2336612,0.092529,-1.136597,-0.159546,-24.780281,-28.564461,27.099617,sit_stand_sit
1769345962.2362823,0.093262,-1.101685,-0.198364,-24.597176,-34.057617,29.235847,sit_stand_sit
1769345962.2362823,0.067505,-1.042236,-0.231567,-24.230965,-35.888672,32.165527,sit_stand_sit
1769345962.2362823,0.033813,-0.972656,-0.268799,-22.827156,-30.334480,35.705566,sit_stand_sit
1769345962.2362823,0.084106,-0.940430,-0.351440,-21.972656,-31.372078,37.597656,sit_stand_sit
1769345962.2362823,0.170776,-0.950562,-0.473999,-19.348145,-59.143082,40.283203,sit_stand_sit
1769345962.2362823,0.124756,-0.966553,-0.531982,-18.249512,-87.829590,38.452148,sit_stand_sit
1769345962.2362823,-0.007568,-1.007813,-0.478394,-17.761230,-104.919464,32.226563,sit_stand_sit
1769345962.436171,-0.223633,-1.065186,-0.360718,-22.277840,-91.674835,22.888191,sit_stand_sit
1769345962.436171,-0.368652,-1.099854,-0.286865,-26.062019,-23.315437,16.845703,sit_stand_sit
1769345962.436171,-0.311157,-1.085693,-0.312744,-27.038582,16.235352,14.831547,sit_stand_sit
1769345962.436171,-0.227417,-1.060547,-0.323120,-26.245125,23.315437,14.892582,sit_stand_sit
1769345962.436171,-0.243774,-0.997559,-0.310791,-23.010262,32.775879,20.263672,sit_stand_sit
1769345962.436171,-0.184082,-0.917358,-0.316040,-19.042969,31.372078,22.094727,sit_stand_sit
1769345962.436171,-0.179077,-0.869141,-0.316406,-15.380863,16.662598,21.911621,sit_stand_sit
1769345962.436171,-0.233398,-0.831055,-0.307251,-10.864258,9.826660,23.254402,sit_stand_sit
1769345962.436171,-0.277832,-0.827148,-0.315796,-6.713869,22.644051,27.038582,sit_stand_sit
1769345962.436171,-0.223267,-0.825684,-0.345947,-5.737307,31.921394,28.198250,sit_stand_sit
1769345962.436171,-0.171509,-0.843018,-0.383911,-5.371094,35.461426,27.526863,sit_stand_sit
1769345962.436171,-0.117310,-0.860229,-0.421143,-5.371094,31.188972,25.451668,sit_stand_sit
1769345962.4781187,-0.066406,-0.877563,-0.445068,-5.249023,17.883301,22.399910,sit_stand_sit
1769345962.4819164,-0.071655,-0.890381,-0.442993,-5.187988,1.220703,17.089844,sit_stand_sit
1769345962.5038834,-0.130249,-0.914795,-0.424561,-4.638672,-18.493652,6.408693,sit_stand_sit
1769345962.524987,-0.178833,-0.930176,-0.410278,-4.516602,-26.123055,0.610352,sit_stand_sit
1769345962.5418463,-0.246704,-0.952515,-0.402710,-7.019045,-27.343758,-3.051759,sit_stand_sit
1769345962.5628572,-0.272461,-0.934570,-0.405884,-9.399414,-23.071297,-5.737307,sit_stand_sit
1769345962.585091,-0.266602,-0.914429,-0.404419,-7.934572,-22.094727,-6.652834,sit_stand_sit
1769345962.6059752,-0.285034,-0.906250,-0.395142,-7.385256,-21.728516,-5.493164,sit_stand_sit
1769345962.6244404,-0.284424,-0.886597,-0.390381,-6.347658,-19.653320,-1.647950,sit_stand_sit
1769345962.6432118,-0.263794,-0.857178,-0.398071,-4.150391,-12.573246,2.380371,sit_stand_sit
1769345962.6661038,-0.249146,-0.855225,-0.388794,-0.854492,-10.559082,4.211426,sit_stand_sit
1769345962.679472,-0.243164,-0.840698,-0.384033,-0.732422,-10.681152,3.601075,sit_stand_sit
1769345962.7055197,-0.263184,-0.864380,-0.359497,1.403809,-11.108402,2.197266,sit_stand_sit
1769345962.7213235,-0.270996,-0.851563,-0.371216,2.685547,-8.972168,-0.122070,sit_stand_sit
1769345962.7431822,-0.282959,-0.893433,-0.359619,3.479005,-8.239746,0.183106,sit_stand_sit
1769345962.7653437,-0.286377,-0.885132,-0.369385,2.441406,-4.943848,-0.610352,sit_stand_sit
1769345962.7859993,-0.286743,-0.895264,-0.383667,3.662110,-1.159668,-0.488281,sit_stand_sit
1769345962.8059318,-0.267212,-0.904053,-0.384277,3.173829,1.708985,0.000000,sit_stand_sit
1769345962.8261688,-0.250610,-0.905762,-0.380737,2.624512,2.258301,-0.122070,sit_stand_sit
1769345962.845844,-0.240112,-0.906616,-0.380737,1.464844,2.929688,-1.037598,sit_stand_sit
1769345962.866107,-0.219360,-0.896851,-0.381470,1.464844,0.610352,-1.403809,sit_stand_sit
1769345962.8861835,-0.223389,-0.891846,-0.380493,1.281738,-1.831055,-1.770020,sit_stand_sit
1769345962.9059687,-0.217529,-0.885742,-0.375977,2.990724,-5.493164,-1.403809,sit_stand_sit
1769345962.9259963,-0.229858,-0.894165,-0.371704,3.662110,-8.178711,-1.403809,sit_stand_sit
1769345962.9438055,-0.239990,-0.902588,-0.370972,3.540040,-8.483887,-1.403809,sit_stand_sit
1769345962.9648075,-0.243652,-0.907715,-0.374756,3.112794,-7.873537,-1.525879,sit_stand_sit
1769345962.985323,-0.246582,-0.911255,-0.376953,2.441406,-5.554201,-1.525879,sit_stand_sit
1769345963.005353,-0.229492,-0.908813,-0.380981,2.441406,-5.676271,-2.258301,sit_stand_sit
1769345963.0232296,-0.232910,-0.910156,-0.381348,2.685547,-6.164553,-2.929688,sit_stand_sit
1769345963.048005,-0.230225,-0.918335,-0.379395,1.831055,-8.056641,-3.173829,sit_stand_sit
1769345963.0637102,-0.239990,-0.913086,-0.377075,0.915528,-8.300781,-2.929688,sit_stand_sit
1769345963.0848484,-0.245239,-0.909912,-0.375122,0.183106,-6.896975,-3.479005,sit_stand_sit
1769345963.1030526,-0.246826,-0.908447,-0.374268,-0.366211,-5.126953,-3.845216,sit_stand_sit
1769345963.1258986,-0.248535,-0.910034,-0.373291,-0.793457,-3.540040,-4.150391,sit_stand_sit
1769345963.1371286,-0.249268,-0.909668,-0.369629,-1.098633,-1.892090,-4.455566,sit_stand_sit
1769345963.1642997,-0.245117,-0.906860,-0.359009,-0.183106,4.638672,-2.929688,sit_stand_sit
1769345963.1859019,-0.221069,-0.897705,-0.361328,-1.281738,0.549316,-4.211426,sit_stand_sit
1769345963.207115,-0.239502,-0.896851,-0.362549,-0.732422,0.427246,-4.455566,sit_stand_sit
1769345963.226172,-0.225220,-0.902344,-0.358154,0.671387,0.732422,-3.295899,sit_stand_sit
1769345963.2408364,-0.220459,-0.900146,-0.362061,-0.488281,-3.417970,-3.845216,sit_stand_sit
1769345963.2649508,-0.245605,-0.896606,-0.362671,0.427246,-3.479005,-3.295899,sit_stand_sit
1769345963.2839353,-0.242920,-0.902588,-0.364868,0.976563,-1.831055,-3.112794,sit_stand_sit
1769345963.3033261,-0.244995,-0.898804,-0.365234,1.281738,0.183106,-4.089355,sit_stand_sit
1769345963.3253398,-0.235107,-0.911377,-0.367798,0.732422,-0.793457,-3.417970,sit_stand_sit
1769345963.3440237,-0.232422,-0.910034,-0.367310,-0.732422,-1.708985,-1.586915,sit_stand_sit
1769345963.3661504,-0.236328,-0.905640,-0.366577,-1.342773,-1.647950,-1.098633,sit_stand_sit
1769345963.3811514,-0.236572,-0.894897,-0.370117,-0.488281,-0.122070,-0.244141,sit_stand_sit
1769345963.4063222,-0.230713,-0.899414,-0.366455,0.671387,0.305176,0.732422,sit_stand_sit
1769345963.4225562,-0.231689,-0.906250,-0.358521,0.488281,-0.671387,-0.915528,sit_stand_sit
1769345963.4424865,-0.226929,-0.904175,-0.360474,0.732422,-1.281738,-0.976563,sit_stand_sit
1769345963.4661906,-0.231201,-0.904175,-0.360352,0.793457,-1.525879,-0.854492,sit_stand_sit
1769345963.4846265,-0.229614,-0.902222,-0.359985,1.220703,-1.831055,-0.915528,sit_stand_sit
1769345963.506134,-0.233032,-0.908569,-0.359863,1.342773,-2.014160,-1.159668,sit_stand_sit
1769345963.525792,-0.231201,-0.908691,-0.362549,1.037598,-2.075195,-0.854492,sit_stand_sit
1769345963.5433064,-0.234375,-0.906494,-0.364746,1.037598,-1.708985,-0.427246,sit_stand_sit
1769345963.5636852,-0.232178,-0.907471,-0.365601,1.037598,-0.488281,0.061035,sit_stand_sit
1769345963.5833902,-0.229126,-0.908081,-0.365356,0.793457,0.061035,0.366211,sit_stand_sit
1769345963.603124,-0.226318,-0.909546,-0.365479,0.732422,0.305176,0.427246,sit_stand_sit
1769345963.6236494,-0.223999,-0.911865,-0.363525,0.549316,0.305176,0.305176,sit_stand_sit
1769345963.6432164,-0.219727,-0.913086,-0.359741,0.305176,-0.061035,0.183106,sit_stand_sit
1769345963.6563368,-0.216431,-0.913940,-0.358643,0.122070,-1.159668,-0.183106,sit_stand_sit
1769345963.6814601,-0.219727,-0.912109,-0.362915,-0.061035,-2.075195,-0.427246,sit_stand_sit
1769345963.710727,-0.219360,-0.914429,-0.356445,0.122070,-3.662110,-0.854492,sit_stand_sit
1769345963.7281241,-0.221924,-0.911011,-0.358887,-0.183106,-4.577637,-1.037598,sit_stand_sit
1769345963.748442,-0.227661,-0.906494,-0.359741,-0.061035,-5.004883,-0.915528,sit_stand_sit
1769345963.7658565,-0.231689,-0.908325,-0.356689,0.000000,-5.065918,-0.976563,sit_stand_sit
1769345963.7859938,-0.231934,-0.910400,-0.356689,-0.244141,-5.371094,-0.976563,sit_stand_sit
1769345963.796449,-0.243042,-0.908325,-0.359253,-0.427246,-5.676271,-0.854492,sit_stand_sit
1769345963.8244672,-0.236816,-0.904297,-0.356934,0.305176,-1.098633,-2.502441,sit_stand_sit
1769345963.8443758,-0.234741,-0.912842,-0.355591,-0.366211,-1.342773,-1.464844,sit_stand_sit
1769345963.8642116,-0.234619,-0.905762,-0.357910,-0.732422,-1.525879,0.183106,sit_stand_sit
1769345963.8844802,-0.231934,-0.905029,-0.358643,-0.549316,-1.220703,0.366211,sit_stand_sit
1769345963.9043581,-0.231934,-0.903687,-0.357178,-0.122070,-1.403809,0.488281,sit_stand_sit
1769345963.9242716,-0.233032,-0.905640,-0.356934,0.305176,-0.793457,0.122070,sit_stand_sit
1769345963.9443936,-0.234497,-0.909546,-0.360352,0.793457,-0.854492,-0.854492,sit_stand_sit
1769345963.9641767,-0.235107,-0.912720,-0.357544,0.854492,-1.953125,-1.098633,sit_stand_sit
1769345963.9841914,-0.237305,-0.911865,-0.357910,0.793457,-2.075195,-0.915528,sit_stand_sit
1769345964.0043356,-0.235962,-0.913940,-0.361572,1.037598,-2.807618,0.244141,sit_stand_sit
1769345964.0242949,-0.238159,-0.917725,-0.364380,0.793457,-3.967286,1.342773,sit_stand_sit
1769345964.0441117,-0.241821,-0.922363,-0.359009,-0.122070,-5.187988,1.892090,sit_stand_sit
1769345964.06332,-0.254272,-0.917480,-0.352173,-0.793457,-4.028320,1.220703,sit_stand_sit
1769345964.0843117,-0.229858,-0.912109,-0.343384,0.122070,-3.295899,0.915528,sit_stand_sit
1769345964.1031413,-0.223389,-0.906738,-0.337646,0.122070,-4.516602,1.892090,sit_stand_sit
1769345964.1252124,-0.217529,-0.887695,-0.335815,1.647950,-5.859377,2.929688,sit_stand_sit
1769345964.1443515,-0.216553,-0.881348,-0.332886,3.845216,-7.324221,2.319336,sit_stand_sit
1769345964.1645405,-0.220947,-0.877563,-0.349121,6.225588,-8.605957,1.464844,sit_stand_sit
1769345964.1862297,-0.227905,-0.888550,-0.355103,8.544922,-9.887695,-0.122070,sit_stand_sit
1769345964.2059228,-0.240845,-0.904907,-0.358398,8.850098,-10.375977,-2.563477,sit_stand_sit
1769345964.2239034,-0.264526,-0.914429,-0.356689,7.507326,-8.239746,-4.455566,sit_stand_sit
1769345964.2458608,-0.269653,-0.923706,-0.350098,6.286623,-6.164553,-5.249023,sit_stand_sit
1769345964.2642171,-0.274170,-0.939087,-0.340210,4.211426,-4.760742,-6.408693,sit_stand_sit
1769345964.2880409,-0.255127,-0.931519,-0.329468,2.197266,-3.784181,-5.187988,sit_stand_sit
1769345964.3058536,-0.246704,-0.914673,-0.316284,1.159668,-6.164553,-3.173829,sit_stand_sit
1769345964.3359044,-0.249878,-0.896240,-0.307983,1.037598,-9.948730,-2.563477,sit_stand_sit
1769345964.3465185,-0.257080,-0.902710,-0.312134,2.380371,-11.779789,-2.136230,sit_stand_sit
1769345964.3823195,-0.277588,-0.929443,-0.316650,2.258301,-10.620117,-0.488281,sit_stand_sit
1769345964.391282,-0.291138,-0.934326,-0.313721,1.586915,-6.042482,1.525879,sit_stand_sit
1769345964.4109366,-0.284790,-0.939331,-0.317749,0.793457,-1.586915,2.258301,sit_stand_sit
1769345964.426988,-0.297974,-0.932007,-0.326904,0.244141,4.211426,2.075195,sit_stand_sit
1769345964.4359145,-0.297729,-0.961182,-0.329224,0.793457,13.183598,2.563477,sit_stand_sit
1769345964.465225,-0.265381,-0.976318,-0.328613,-3.479005,20.324707,6.835939,sit_stand_sit
1769345964.482547,-0.226440,-0.923096,-0.338501,-5.126953,24.719246,12.084965,sit_stand_sit
1769345964.5083256,-0.205444,-0.911133,-0.335815,-3.479005,25.390633,11.657719,sit_stand_sit
1769345964.5259004,-0.184204,-0.906860,-0.330566,-2.807618,23.254402,11.718754,sit_stand_sit
1769345964.5460124,-0.177979,-0.895264,-0.330566,-2.685547,20.446777,11.413578,sit_stand_sit
1769345964.5658238,-0.174927,-0.885498,-0.337524,-1.953125,18.676758,9.704590,sit_stand_sit
1769345964.5860696,-0.174316,-0.883667,-0.345581,-0.976563,16.601563,7.019045,sit_stand_sit
1769345964.6063406,-0.166138,-0.877808,-0.344849,0.305176,11.047363,4.028320,sit_stand_sit
1769345964.6267676,-0.176270,-0.884521,-0.335693,3.479005,-5.249023,-2.197266,sit_stand_sit
1769345964.6467505,-0.211670,-0.891113,-0.341309,3.845216,-13.916019,-6.652834,sit_stand_sit
1769345964.6663344,-0.256714,-0.897827,-0.346313,4.089355,-18.920898,-11.047363,sit_stand_sit
1769345964.685973,-0.286133,-0.907593,-0.340576,3.906251,-20.935059,-14.770512,sit_stand_sit
1769345964.7066655,-0.283936,-0.904053,-0.336792,4.089355,-22.705086,-16.906738,sit_stand_sit
1769345964.7265341,-0.276733,-0.905029,-0.333496,5.065918,-25.268562,-18.737793,sit_stand_sit
1769345964.7461483,-0.331421,-0.909058,-0.324707,7.019045,-31.860359,-23.132332,sit_stand_sit
1769345964.7630157,-0.236084,-0.908569,-0.314087,7.141115,-29.479988,-27.526863,sit_stand_sit
1769345964.7831104,-0.211914,-0.946289,-0.305054,9.033203,-37.475586,-27.160652,sit_stand_sit
1769345964.80335,-0.265747,-0.937866,-0.294434,9.277344,-44.372574,-28.198250,sit_stand_sit
1769345964.8259964,-0.343872,-0.934448,-0.260132,9.826660,-41.381836,-33.508301,sit_stand_sit
1769345964.8460155,-0.320435,-0.940552,-0.236328,13.610844,-33.142090,-37.475586,sit_stand_sit
1769345964.8662167,-0.284668,-0.993774,-0.225464,21.118164,-38.085938,-41.320801,sit_stand_sit
1769345964.8845103,-0.374390,-1.086914,-0.204224,26.306160,-32.348633,-39.123535,sit_stand_sit
1769345964.9031508,-0.382446,-1.099487,-0.224854,30.944832,-24.536140,-40.771484,sit_stand_sit
1769345964.9262972,-0.413940,-1.168335,-0.216064,36.499023,-15.075687,-44.067383,sit_stand_sit
1769345964.94486,-0.496094,-1.265015,-0.217041,40.344238,10.070801,-45.654312,sit_stand_sit
1769345964.9660516,-0.442749,-1.356201,-0.206299,38.696289,36.376953,-41.198730,sit_stand_sit
1769345964.9863756,-0.242188,-1.300415,-0.219849,37.536621,40.161133,-29.479988,sit_stand_sit
1769345965.0065575,-0.119751,-1.188599,-0.261353,31.860359,47.668472,-19.409180,sit_stand_sit
1769345965.0265644,0.186401,-1.119751,-0.494995,29.785164,92.224152,-18.981934,sit_stand_sit
1769345965.0432372,0.322754,-1.196655,-0.441528,19.836426,86.120605,-27.160652,sit_stand_sit
1769345965.063283,0.236572,-1.201538,-0.271484,7.202150,57.800308,-40.161133,sit_stand_sit
1769345965.0854485,0.189575,-1.283813,-0.250488,10.009766,25.512703,-47.485367,sit_stand_sit
1769345965.1031964,0.172363,-1.311890,-0.246704,14.404301,10.498047,-33.874512,sit_stand_sit
1769345965.1261854,0.188477,-1.253052,-0.183105,17.761230,-4.699707,-19.165039,sit_stand_sit
1769345965.1474955,-0.023315,-1.011475,-0.127563,12.268070,0.488281,-13.916019,sit_stand_sit
1769345965.1660433,-0.043701,-1.019653,-0.113892,11.901859,21.484375,-18.676758,sit_stand_sit
1769345965.186091,0.021729,-1.004028,-0.136597,13.549809,29.479988,-19.042969,sit_stand_sit
1769345965.196263,0.028442,-0.979980,-0.147949,6.530764,21.118164,-14.770512,sit_stand_sit
1769345965.224212,0.037964,-0.913330,-0.163574,-0.976563,6.286623,-18.615723,sit_stand_sit
1769345965.2412977,0.038818,-0.865356,-0.177979,2.502441,-7.690432,-14.953617,sit_stand_sit
1769345965.265478,-0.008057,-0.878296,-0.170654,0.305176,-10.070801,-4.943848,sit_stand_sit
1769345965.282017,-0.023438,-0.814453,-0.165405,-3.967286,-13.610844,-1.525879,sit_stand_sit
1769345965.3063374,-0.053711,-0.802979,-0.143311,-4.760742,-12.634281,-1.892090,sit_stand_sit
1769345965.3246768,-0.041260,-0.808350,-0.125122,-5.432129,-9.338379,-0.976563,sit_stand_sit
1769345965.3448591,-0.033325,-0.790039,-0.129272,-8.056641,-7.446291,-0.427246,sit_stand_sit
1769345965.361696,-0.051270,-0.781128,-0.126953,-8.544922,-6.042482,2.136230,sit_stand_sit
1769345965.3840516,-0.044922,-0.781006,-0.122437,-10.559082,-7.080080,1.770020,sit_stand_sit
1769345965.4080184,-0.034424,-0.750610,-0.117188,-12.756351,-10.559082,2.441406,sit_stand_sit
1769345965.4247918,-0.043213,-0.729370,-0.125122,-13.183598,-10.620117,4.089355,sit_stand_sit
1769345965.445891,-0.049072,-0.728149,-0.136108,-12.756351,-8.422852,4.638672,sit_stand_sit
1769345965.463236,-0.039917,-0.745117,-0.145020,-12.817387,-6.164553,4.638672,sit_stand_sit
1769345965.48584,-0.037598,-0.769287,-0.150513,-12.878422,-5.310059,4.577637,sit_stand_sit
1769345965.5079007,-0.031860,-0.796021,-0.153931,-12.817387,-5.676271,4.760742,sit_stand_sit
1769345965.5238452,-0.025391,-0.832520,-0.148804,-12.146000,-6.103518,4.028320,sit_stand_sit
1769345965.5426002,-0.032104,-0.916748,-0.142334,-9.460449,-5.310059,0.244141,sit_stand_sit
1769345965.563176,-0.029419,-0.976196,-0.141968,-8.850098,-2.197266,-0.305176,sit_stand_sit
1769345965.5903509,-0.013184,-1.008423,-0.146973,-10.009766,1.586915,1.159668,sit_stand_sit
1769345965.6060553,0.002808,-0.997070,-0.155273,-10.070801,4.821777,1.098633,sit_stand_sit
1769345965.631157,-0.001709,-0.993042,-0.166016,-8.117676,10.070801,0.427246,sit_stand_sit
1769345965.6502345,0.000610,-0.992554,-0.180176,-5.493164,17.272949,0.549316,sit_stand_sit
1769345965.6630156,0.022705,-0.987549,-0.187744,-3.845216,22.949226,6.530764,sit_stand_sit
1769345965.6861608,0.058716,-0.962524,-0.184814,-0.976563,24.353035,10.986328,sit_stand_sit
1769345965.702957,0.071167,-0.952759,-0.180298,1.525879,23.071297,12.878422,sit_stand_sit
1769345965.724982,0.066162,-0.951294,-0.176147,3.662110,21.972656,13.549809,sit_stand_sit
1769345965.7519279,0.064575,-0.957886,-0.175171,4.577637,21.911621,14.343266,sit_stand_sit
1769345965.756042,0.164551,-0.977417,-0.192871,-6.469728,24.169930,11.413578,sit_stand_sit
1769345965.780984,-0.021973,-0.925781,-0.147827,9.765625,36.132813,3.417970,sit_stand_sit
1769345965.8119857,0.065186,-1.006348,-0.156616,6.347658,36.987305,0.976563,sit_stand_sit
1769345965.8277028,0.160278,-1.019653,-0.151123,5.310059,27.587898,-0.976563,sit_stand_sit
1769345965.8478372,0.143066,-1.017578,-0.139160,6.347658,14.221195,-4.150391,sit_stand_sit
1769345965.9097216,0.159180,-1.005371,-0.151855,6.958010,3.112794,-6.164553,sit_stand_sit
1769345965.911225,0.113037,-0.960327,-0.169556,8.911133,-6.835939,-6.652834,sit_stand_sit
1769345965.911225,0.066040,-0.953491,-0.178101,14.160160,-4.333496,-6.164553,sit_stand_sit
1769345965.9278402,0.192261,-1.010620,-0.192871,12.207035,-13.122562,-5.676271,sit_stand_sit
1769345965.9483964,0.060059,-0.981445,-0.190308,7.324221,-41.320801,-9.216309,sit_stand_sit
1769345965.9669664,-0.008545,-0.982910,-0.172363,8.056641,-36.499023,-5.432129,sit_stand_sit
1769345965.9865088,-0.019775,-0.988770,-0.156128,8.178711,-28.076180,-4.516602,sit_stand_sit
1769345966.0044818,-0.050659,-1.000732,-0.145874,5.615236,-14.892582,-4.760742,sit_stand_sit
1769345966.0245047,-0.041382,-0.987305,-0.145752,3.112794,-1.708985,-4.638672,sit_stand_sit
1769345966.0457911,-0.017456,-0.979858,-0.149902,2.563477,4.821777,-4.333496,sit_stand_sit
1769345966.063185,0.003418,-0.995239,-0.154663,1.831055,5.676271,-5.798342,sit_stand_sit
1769345966.0876892,0.017334,-0.991211,-0.163452,0.732422,2.685547,-4.394531,sit_stand_sit
1769345966.105053,0.016357,-0.993408,-0.164063,0.793457,-1.831055,-3.112794,sit_stand_sit
1769345966.1297057,0.019409,-0.996460,-0.174438,0.915528,-6.103518,-3.112794,sit_stand_sit
1769345966.1456013,0.018555,-0.998901,-0.176147,0.549316,-8.972168,-1.586915,sit_stand_sit
1769345966.1659198,0.007813,-0.998657,-0.173584,-0.488281,-9.155273,-0.122070,sit_stand_sit
1769345966.1842477,0.009766,-0.992310,-0.176270,-1.159668,-7.568361,0.854492,sit_stand_sit
1769345966.2058723,0.020996,-0.994995,-0.165771,-1.647950,-5.432129,0.854492,sit_stand_sit
1769345966.2247453,0.021362,-0.993652,-0.165283,-2.380371,-3.540040,0.854492,sit_stand_sit
1769345966.2461197,0.015381,-0.985474,-0.167725,-2.502441,-0.915528,1.892090,sit_stand_sit
1769345966.2658262,0.018921,-0.988281,-0.162720,-1.953125,1.220703,1.220703,sit_stand_sit
1769345966.2842937,0.019653,-0.996582,-0.163330,-1.770020,2.624512,0.671387,sit_stand_sit
1769345966.3056214,0.020386,-0.997925,-0.164795,-1.708985,3.173829,0.488281,sit_stand_sit
1769345966.3231587,0.023926,-0.997070,-0.163452,-0.854492,1.953125,0.244141,sit_stand_sit
1769345966.3467474,0.019775,-0.998291,-0.164917,-0.610352,1.831055,0.488281,sit_stand_sit
1769345966.3658993,0.015503,-0.992310,-0.167603,-0.732422,2.563477,1.159668,sit_stand_sit
1769345966.3848822,0.017334,-0.987427,-0.168213,-0.488281,3.479005,1.037598,sit_stand_sit
1769345966.4059145,0.024414,-0.985596,-0.170288,-0.183106,3.784181,0.732422,sit_stand_sit
1769345966.424866,0.028198,-0.986938,-0.170898,0.061035,3.112794,0.366211,sit_stand_sit
1769345966.444173,0.027100,-0.987671,-0.171753,0.061035,2.502441,0.427246,sit_stand_sit
1769345966.58047,0.026123,-0.997314,-0.168823,0.183106,2.929688,0.061035,sit_stand_sit
1769345966.58047,0.029419,-0.996338,-0.171387,-0.061035,2.868653,-0.122070,sit_stand_sit
1769345966.58047,0.032349,-0.991821,-0.171021,-0.122070,1.647950,-0.122070,sit_stand_sit
1769345966.58047,0.035034,-0.985107,-0.168457,0.000000,0.549316,-0.488281,sit_stand_sit
1769345966.58047,0.033691,-0.986816,-0.166626,0.549316,-0.244141,-0.732422,sit_stand_sit
1769345966.58047,0.034424,-0.988281,-0.163818,0.366211,-0.305176,-0.976563,sit_stand_sit
1769345966.585841,0.038574,-0.987671,-0.162354,0.183106,-1.037598,-0.854492,sit_stand_sit
1769345966.6054523,0.036621,-0.984375,-0.165649,0.244141,-2.746582,-0.976563,sit_stand_sit
1769345966.626987,0.029297,-0.984985,-0.167480,0.488281,-3.356935,-1.342773,sit_stand_sit
1769345966.8406336,0.026855,-0.991089,-0.160156,0.793457,-3.601075,-1.953125,sit_stand_sit
1769345966.8459487,0.018799,-0.989380,-0.163208,0.549316,-3.234864,-1.953125,sit_stand_sit
1769345966.8459487,0.009888,-0.982056,-0.169678,0.854492,-2.014160,-1.342773,sit_stand_sit
1769345966.8459487,0.007324,-0.987549,-0.166992,1.525879,-0.854492,-1.525879,sit_stand_sit
1769345966.8459487,0.001221,-0.992065,-0.175171,0.732422,1.464844,-1.342773,sit_stand_sit
1769345966.8459487,-0.002563,-0.983887,-0.178467,0.732422,2.746582,-0.915528,sit_stand_sit
1769345966.8480003,0.002075,-0.984131,-0.171875,0.366211,3.417970,-0.854492,sit_stand_sit
1769345966.8480003,0.009277,-0.986572,-0.161377,0.305176,3.601075,-0.366211,sit_stand_sit
1769345966.8480003,0.001709,-0.990479,-0.162231,-0.061035,4.699707,0.183106,sit_stand_sit
1769345966.8480003,-0.002319,-0.987671,-0.168335,0.061035,7.019045,0.549316,sit_stand_sit
1769345966.8480003,0.005005,-0.991699,-0.160767,0.366211,8.850098,0.671387,sit_stand_sit
1769345966.8666904,0.018433,-0.991333,-0.158936,-0.488281,9.277344,1.464844,sit_stand_sit
1769345966.8846335,0.020142,-0.992188,-0.159668,-0.549316,8.972168,1.647950,sit_stand_sit
1769345966.9039047,0.029785,-0.989990,-0.162598,-1.220703,8.483887,2.258301,sit_stand_sit
1769345966.9232423,0.036987,-0.983643,-0.161011,-0.976563,6.835939,2.685547,sit_stand_sit
1769345966.943262,0.038330,-0.997437,-0.160034,-1.098633,5.615236,2.014160,sit_stand_sit
1769345966.963369,0.036987,-1.002686,-0.161255,-1.464844,5.310059,1.647950,sit_stand_sit
1769345966.982444,0.039307,-1.004150,-0.159424,-2.014160,5.920412,1.281738,sit_stand_sit
1769345967.00429,0.044312,-1.002930,-0.161377,-2.258301,5.859377,1.037598,sit_stand_sit
1769345967.0239809,0.048218,-1.000488,-0.164307,-2.197266,5.676271,0.732422,sit_stand_sit
1769345967.0448399,0.053589,-1.004883,-0.162842,-2.319336,5.065918,0.427246,sit_stand_sit
1769345967.0626612,0.058960,-0.997803,-0.164307,-2.685547,3.662110,0.671387,sit_stand_sit
1769345967.0865247,0.056274,-0.987061,-0.164673,-2.746582,1.770020,1.037598,sit_stand_sit
1769345967.1057408,0.053345,-0.979370,-0.170898,-2.258301,0.793457,0.732422,sit_stand_sit
1769345967.1257677,0.052124,-0.976807,-0.172485,-1.098633,-1.647950,-0.244141,sit_stand_sit
1769345967.144028,0.036987,-0.980469,-0.177124,-1.281738,-2.929688,-0.915528,sit_stand_sit
1769345967.164974,0.024902,-0.979614,-0.178467,-1.281738,-2.868653,-0.976563,sit_stand_sit
1769345967.1860268,0.018799,-0.980591,-0.173950,-1.586915,-2.685547,-0.610352,sit_stand_sit
1769345967.2027106,0.016113,-0.982666,-0.173340,-1.953125,-2.685547,0.183106,sit_stand_sit
1769345967.2229679,0.012207,-0.985840,-0.171265,-2.197266,-3.479005,0.671387,sit_stand_sit
1769345967.2457476,0.012817,-0.984863,-0.169189,-2.868653,-4.760742,1.159668,sit_stand_sit
1769345967.265727,0.005127,-0.984619,-0.163452,-2.685547,-6.591799,1.953125,sit_stand_sit
1769345967.2859333,0.007080,-0.992676,-0.160522,-2.624512,-6.774904,2.136230,sit_stand_sit
1769345967.306806,0.006592,-0.991699,-0.163696,-2.807618,-6.835939,2.868653,sit_stand_sit
1769345967.3247132,0.009155,-0.989990,-0.162231,-2.502441,-6.958010,3.112794,sit_stand_sit
1769345967.3427737,0.008057,-0.994751,-0.165161,-2.319336,-6.530764,3.051759,sit_stand_sit
1769345967.3641858,0.011963,-0.990112,-0.174194,-2.502441,-5.310059,3.540040,sit_stand_sit
1769345967.38566,0.016357,-0.985229,-0.191650,-2.136230,-4.272461,3.662110,sit_stand_sit
1769345967.4059496,0.017456,-0.987305,-0.197021,-2.075195,-3.417970,3.234864,sit_stand_sit
1769345967.4256735,0.029785,-0.990601,-0.198242,-3.234864,-1.464844,2.685547,sit_stand_sit
1769345967.4457712,0.016846,-0.987427,-0.194580,-3.112794,0.000000,3.051759,sit_stand_sit
1769345967.4656737,0.016235,-0.982056,-0.191650,-4.028320,0.305176,3.051759,sit_stand_sit
1769345967.4858582,0.014893,-0.980835,-0.185059,-4.028320,1.342773,3.540040,sit_stand_sit
1769345967.5067437,0.014771,-0.980347,-0.177368,-3.906251,1.464844,3.906251,sit_stand_sit
1769345967.5259545,0.015381,-0.978027,-0.174683,-3.723145,0.366211,4.394531,sit_stand_sit
1769345967.5494018,0.013672,-0.977539,-0.171997,-3.845216,-1.464844,5.065918,sit_stand_sit
1769345967.5673978,0.014038,-0.972412,-0.169434,-4.333496,-3.662110,6.286623,sit_stand_sit
1769345967.5863829,0.003418,-0.951904,-0.177490,-4.760742,-5.737307,5.859377,sit_stand_sit
1769345967.6072235,0.009644,-0.933594,-0.184204,-3.723145,-7.995607,3.295899,sit_stand_sit
1769345967.6258967,0.008179,-0.945313,-0.175659,-2.990724,-10.131836,4.455566,sit_stand_sit
1769345967.6458027,-0.003174,-0.923218,-0.184814,-4.333496,-11.230473,4.638672,sit_stand_sit
1769345967.6679785,-0.013184,-0.908691,-0.188110,-4.638672,-9.704590,4.211426,sit_stand_sit
1769345967.6862729,-0.015625,-0.899048,-0.187256,-5.004883,-6.652834,3.479005,sit_stand_sit
1769345967.706918,-0.019775,-0.889648,-0.192017,-5.310059,-3.295899,3.234864,sit_stand_sit
1769345967.7267969,-0.006104,-0.887207,-0.203857,-5.371094,0.000000,1.220703,sit_stand_sit
1769345967.7461388,0.009888,-0.877686,-0.209229,-5.249023,0.915528,0.122070,sit_stand_sit
1769345967.768131,-0.002808,-0.836182,-0.211304,-6.347658,0.183106,0.305176,sit_stand_sit
1769345967.7859247,0.010864,-0.788696,-0.211670,-5.493164,-0.732422,0.183106,sit_stand_sit
1769345967.805844,0.010620,-0.766846,-0.205933,-2.685547,-3.173829,-0.671387,sit_stand_sit
1769345967.8296008,-0.020874,-0.791016,-0.189575,0.061035,-2.441406,-4.150391,sit_stand_sit
1769345967.84606,-0.041138,-0.839600,-0.177856,0.915528,3.906251,-7.141115,sit_stand_sit
1769345967.8659072,-0.023193,-0.867920,-0.167358,0.122070,8.972168,-7.629396,sit_stand_sit
1769345967.887162,0.002075,-0.863037,-0.170044,-1.098633,8.544922,-6.164553,sit_stand_sit
1769345967.9068341,0.000366,-0.848145,-0.171143,-0.061035,3.723145,-8.239746,sit_stand_sit
1769345967.9257388,-0.010132,-0.866943,-0.169922,1.647950,1.586915,-10.253906,sit_stand_sit
1769345967.9473226,-0.018921,-0.901489,-0.171387,2.075195,2.807618,-10.375977,sit_stand_sit
1769345967.9658546,-0.015259,-0.912354,-0.178345,1.708985,4.394531,-9.887695,sit_stand_sit
1769345967.986585,-0.009521,-0.913086,-0.172241,0.976563,5.432129,-8.544922,sit_stand_sit
1769345968.006052,0.008789,-0.907471,-0.156982,1.220703,4.882813,-7.995607,sit_stand_sit
1769345968.0261505,0.020386,-0.913208,-0.156006,3.234864,2.685547,-6.103518,sit_stand_sit
1769345968.0464635,0.016235,-0.969238,-0.158569,4.638672,1.586915,-5.432129,sit_stand_sit
1769345968.066105,0.012207,-1.008057,-0.164429,4.333496,1.342773,-3.967286,sit_stand_sit
1769345968.0859854,0.017700,-1.007324,-0.179443,2.685547,-0.061035,0.183106,sit_stand_sit
1769345968.107209,0.012817,-1.002930,-0.186035,2.380371,-2.685547,4.577637,sit_stand_sit
1769345968.126187,0.024780,-1.038086,-0.178711,3.173829,-5.371094,6.652834,sit_stand_sit
1769345968.142772,0.043091,-1.080566,-0.173340,2.075195,-8.605957,10.009766,sit_stand_sit
1769345968.165935,0.016724,-1.083252,-0.196045,-1.831055,-11.413578,20.324707,sit_stand_sit
1769345968.1861615,-0.005005,-1.076782,-0.205688,-2.563477,-11.657719,26.611336,sit_stand_sit
1769345968.206107,0.000000,-1.102295,-0.205444,-2.014160,-14.526371,31.005867,sit_stand_sit
1769345968.2258508,0.009766,-1.134399,-0.225220,-3.662110,-17.883301,34.240723,sit_stand_sit
1769345968.2467434,0.019287,-1.146362,-0.268555,-6.286623,-21.301270,37.414551,sit_stand_sit
1769345968.2659419,0.025757,-1.143799,-0.305054,-9.948730,-26.855476,40.039063,sit_stand_sit
1769345968.2862592,-0.016235,-1.131958,-0.304932,-13.366703,-31.066902,41.076660,sit_stand_sit
1769345968.3058176,-0.111572,-1.133423,-0.286255,-17.639160,-22.155769,37.719727,sit_stand_sit
1769345968.3261354,-0.125977,-1.161743,-0.285400,-17.272949,-10.192871,35.156250,sit_stand_sit
1769345968.3461354,-0.116089,-1.163818,-0.297852,-18.615723,-4.028320,32.714844,sit_stand_sit
1769345968.3661947,-0.117798,-1.150635,-0.297485,-21.789551,-4.455566,32.165527,sit_stand_sit
1769345968.3862138,-0.138428,-1.082153,-0.297363,-26.855476,-5.798342,31.311043,sit_stand_sit
1769345968.5829601,-0.132324,-1.034912,-0.301514,-23.620613,-9.399414,33.142090,sit_stand_sit
1769345968.5829601,-0.186157,-0.989258,-0.305664,-24.292000,-8.483887,33.081055,sit_stand_sit
1769345968.5829601,-0.194580,-1.002686,-0.304077,-22.766121,-6.042482,30.273445,sit_stand_sit
1769345968.5829601,-0.220947,-1.045166,-0.292480,-23.071297,-1.708985,25.695808,sit_stand_sit
1769345968.5829601,-0.216553,-1.078247,-0.293457,-22.644051,0.305176,19.836426,sit_stand_sit
1769345968.5829601,-0.225342,-1.095825,-0.302002,-22.705086,0.793457,14.038090,sit_stand_sit
1769345968.5829601,-0.219116,-1.070557,-0.327026,-22.949226,-2.075195,8.178711,sit_stand_sit
1769345968.5829601,-0.216919,-1.023804,-0.353027,-23.742683,-12.023930,2.746582,sit_stand_sit
1769345968.5829601,-0.255737,-0.929443,-0.370483,-23.254402,-25.878914,-1.525879,sit_stand_sit
1769345968.7884064,-0.271973,-0.864990,-0.361450,-20.935059,-27.771004,-0.793457,sit_stand_sit
1769345968.7884064,-0.278198,-0.829712,-0.348389,-16.601563,-28.320320,0.732422,sit_stand_sit
1769345968.7884064,-0.312134,-0.811035,-0.345581,-12.390141,-24.597176,2.563477,sit_stand_sit
1769345968.7884064,-0.327148,-0.817627,-0.333862,-7.751467,-17.944336,4.455566,sit_stand_sit
1769345968.7884064,-0.332031,-0.845825,-0.311035,-5.981447,-10.437012,6.896975,sit_stand_sit
1769345968.7884064,-0.311157,-0.856689,-0.284424,-5.798342,-2.197266,13.488773,sit_stand_sit
1769345968.7884064,-0.261353,-0.870117,-0.280884,-4.028320,-3.479005,15.686039,sit_stand_sit
1769345968.7884064,-0.283569,-0.889893,-0.310303,-3.356935,-7.324221,18.127441,sit_stand_sit
1769345968.7884064,-0.295898,-0.910034,-0.334717,-4.516602,-9.155273,18.127441,sit_stand_sit
1769345968.7884064,-0.302002,-0.907593,-0.347168,-4.821777,-10.070801,18.188477,sit_stand_sit
1769345968.7884064,-0.304321,-0.905029,-0.353027,-4.699707,-9.338379,16.723633,sit_stand_sit
1769345968.8056107,-0.298950,-0.899414,-0.359497,-3.967286,-9.033203,14.648441,sit_stand_sit
1769345968.8269167,-0.294800,-0.893188,-0.360352,-3.295899,-10.253906,13.061527,sit_stand_sit
1769345968.8459964,-0.289795,-0.885742,-0.358032,-3.173829,-11.413578,12.512211,sit_stand_sit
1769345968.8657815,-0.292725,-0.879028,-0.358643,-2.685547,-12.756351,11.352543,sit_stand_sit
1769345968.8870609,-0.310059,-0.880737,-0.360596,-2.624512,-12.634281,9.399414,sit_stand_sit
1769345968.9063652,-0.321899,-0.880493,-0.358276,-2.258301,-12.329105,7.324221,sit_stand_sit
1769345968.920332,-0.329346,-0.886475,-0.361328,-2.197266,-13.061527,5.310059,sit_stand_sit
1769345968.9461606,-0.344971,-0.885010,-0.365234,-2.685547,-13.671879,3.784181,sit_stand_sit
1769345968.9658892,-0.381470,-0.888428,-0.363403,-3.723145,-10.559082,2.197266,sit_stand_sit
1769345968.9868414,-0.387939,-0.883911,-0.352539,-4.516602,-6.225588,2.075195,sit_stand_sit
1769345969.0060022,-0.377686,-0.875244,-0.337891,-4.516602,-3.234864,1.831055,sit_stand_sit
1769345969.0261075,-0.371094,-0.870972,-0.327881,-4.150391,-2.075195,1.464844,sit_stand_sit
1769345969.0461342,-0.368774,-0.860107,-0.332153,-3.723145,-2.014160,1.342773,sit_stand_sit
1769345969.0661077,-0.373169,-0.857788,-0.333252,-2.380371,-1.464844,1.281738,sit_stand_sit
1769345969.0860653,-0.369385,-0.864624,-0.339966,-3.662110,0.549316,-0.549316,sit_stand_sit
1769345969.1063583,-0.362915,-0.857666,-0.351196,-4.699707,4.028320,-1.281738,sit_stand_sit
1769345969.1259532,-0.347412,-0.849731,-0.357422,-4.272461,6.591799,-2.075195,sit_stand_sit
1769345969.1462557,-0.344727,-0.857422,-0.363159,-3.417970,8.239746,-3.417970,sit_stand_sit
1769345969.166032,-0.343872,-0.870850,-0.365723,-2.624512,9.765625,-4.333496,sit_stand_sit
1769345969.1857567,-0.353760,-0.888916,-0.361206,-2.014160,11.840824,-5.187988,sit_stand_sit
1769345969.2071626,-0.365967,-0.901367,-0.358643,-2.380371,16.235352,-6.042482,sit_stand_sit
1769345969.2259119,-0.362183,-0.911255,-0.363647,-1.892090,25.573738,-7.263186,sit_stand_sit
1769345969.2468407,-0.352173,-0.931641,-0.373413,-2.990724,31.860359,-7.263186,sit_stand_sit
1769345969.2668414,-0.340942,-0.933228,-0.390259,-3.173829,37.292480,-5.859377,sit_stand_sit
1769345969.2859285,-0.318726,-0.932007,-0.391602,-6.225588,41.564941,-3.662110,sit_stand_sit
1769345969.3069432,-0.293823,-0.908691,-0.392822,-7.385256,44.616714,-1.037598,sit_stand_sit
1769345969.326101,-0.252441,-0.898438,-0.398315,-4.943848,45.104996,2.746582,sit_stand_sit
1769345969.3461235,-0.232056,-0.858643,-0.399902,-9.094238,40.466309,5.615236,sit_stand_sit
1769345969.3659596,-0.215210,-0.848511,-0.399902,-4.089355,35.888672,6.042482,sit_stand_sit
1769345969.3865602,-0.212891,-0.841553,-0.392334,-6.652834,29.785164,5.554201,sit_stand_sit
1769345969.4070888,-0.206787,-0.834595,-0.380127,-7.507326,23.010262,4.821777,sit_stand_sit
1769345969.4260306,-0.212891,-0.817627,-0.380615,-6.225588,16.357422,2.014160,sit_stand_sit
1769345969.4473162,-0.215942,-0.824341,-0.386108,-4.638672,8.300781,-0.976563,sit_stand_sit
1769345969.4662266,-0.217285,-0.839600,-0.394287,-2.868653,0.183106,-2.197266,sit_stand_sit
1769345969.4861171,-0.230591,-0.855103,-0.403564,-0.854492,-11.230473,-3.845216,sit_stand_sit
1769345969.5057964,-0.251587,-0.865234,-0.414917,0.000000,-15.930180,-5.065918,sit_stand_sit
1769345969.5259886,-0.264038,-0.873779,-0.429443,0.976563,-18.005371,-5.432129,sit_stand_sit
1769345969.5459208,-0.262817,-0.884521,-0.438965,2.014160,-19.958496,-5.920412,sit_stand_sit
1769345969.5657668,-0.268799,-0.886963,-0.446655,1.708985,-21.545410,-5.920412,sit_stand_sit
1769345969.586202,-0.280273,-0.874023,-0.457886,1.770020,-20.874023,-5.126953,sit_stand_sit
1769345969.606852,-0.296387,-0.871094,-0.454346,1.953125,-18.310547,-5.249023,sit_stand_sit
1769345969.6259298,-0.317383,-0.865723,-0.441528,0.183106,-10.498047,-5.065918,sit_stand_sit
1769345969.6456466,-0.334351,-0.859619,-0.428955,-0.366211,-1.708985,-4.211426,sit_stand_sit
1769345969.6658742,-0.328369,-0.854858,-0.420898,-0.549316,5.737307,-3.967286,sit_stand_sit
1769345969.6856353,-0.318726,-0.856079,-0.414551,-0.488281,11.352543,-3.112794,sit_stand_sit
1769345969.706253,-0.312988,-0.858643,-0.408936,-0.122070,15.014652,-1.953125,sit_stand_sit
1769345969.7262552,-0.302734,-0.857422,-0.401367,0.183106,18.615723,-0.610352,sit_stand_sit
1769345969.7471857,-0.274536,-0.865479,-0.397827,1.770020,21.667480,1.098633,sit_stand_sit
1769345969.765943,-0.255127,-0.878662,-0.402954,2.441406,22.094727,1.586915,sit_stand_sit
1769345969.7857478,-0.235352,-0.885132,-0.415649,2.990724,21.972656,1.953125,sit_stand_sit
1769345969.8061419,-0.221558,-0.888306,-0.425293,3.417970,20.568848,1.770020,sit_stand_sit
1769345969.82581,-0.208374,-0.887085,-0.427612,3.479005,17.700195,1.098633,sit_stand_sit
1769345969.8458009,-0.199219,-0.881348,-0.427246,3.723145,13.549809,0.305176,sit_stand_sit
1769345969.8661962,-0.203857,-0.878418,-0.425171,3.723145,8.850098,-0.732422,sit_stand_sit
1769345969.8857498,-0.217407,-0.869385,-0.419067,3.845216,4.394531,-1.159668,sit_stand_sit
1769345969.906105,-0.227905,-0.870972,-0.415283,3.845216,2.746582,-1.403809,sit_stand_sit
1769345969.9258122,-0.231201,-0.876709,-0.413452,3.845216,1.892090,-1.525879,sit_stand_sit
1769345969.9458964,-0.222534,-0.878296,-0.411133,3.417970,0.305176,-0.976563,sit_stand_sit
1769345969.9670777,-0.216187,-0.871826,-0.404785,3.356935,-3.051759,-0.366211,sit_stand_sit
1769345969.9857013,-0.221802,-0.869263,-0.405518,3.662110,-6.042482,-0.366211,sit_stand_sit
1769345970.0060875,-0.220459,-0.873413,-0.406738,5.249023,-9.765625,-0.976563,sit_stand_sit
1769345970.0258765,-0.225830,-0.878174,-0.403198,5.249023,-11.718754,-1.647950,sit_stand_sit
1769345970.045655,-0.235840,-0.870239,-0.404785,5.249023,-12.451176,-1.831055,sit_stand_sit
1769345970.066129,-0.247925,-0.865601,-0.398926,6.042482,-11.779789,-3.112794,sit_stand_sit
1769345970.0858357,-0.254883,-0.870605,-0.398560,6.591799,-9.704590,-4.943848,sit_stand_sit
1769345970.1057062,-0.258667,-0.878296,-0.400146,6.530764,-7.568361,-6.042482,sit_stand_sit
1769345970.1259613,-0.260498,-0.878052,-0.402466,7.202150,-5.798342,-6.103518,sit_stand_sit
1769345970.1461105,-0.264771,-0.876343,-0.399292,7.324221,-2.807618,-7.141115,sit_stand_sit
1769345970.1664925,-0.261963,-0.877686,-0.400391,8.422852,-1.647950,-7.690432,sit_stand_sit
1769345970.1858099,-0.262451,-0.886719,-0.397949,8.666992,0.000000,-6.713869,sit_stand_sit
1769345970.2058713,-0.255859,-0.880249,-0.390991,8.605957,1.464844,-5.798342,sit_stand_sit
1769345970.226454,-0.248535,-0.879272,-0.381836,9.765625,1.708985,-5.310059,sit_stand_sit
1769345970.2474582,-0.246216,-0.877319,-0.374634,11.413578,0.305176,-5.676271,sit_stand_sit
1769345970.266981,-0.232788,-0.883301,-0.369629,13.122562,-3.906251,-5.920412,sit_stand_sit
1769345970.2858362,-0.216187,-0.880371,-0.355713,17.883301,-16.296387,-4.699707,sit_stand_sit
1769345970.305679,-0.228516,-0.877930,-0.339600,21.911621,-23.803719,-3.662110,sit_stand_sit
1769345970.3259974,-0.235596,-0.883301,-0.326904,19.958496,-30.212410,-6.103518,sit_stand_sit
1769345970.3460383,-0.256714,-0.896484,-0.325928,22.766121,-29.907234,-5.065918,sit_stand_sit
1769345970.3661456,-0.268921,-0.909058,-0.320190,21.972656,-25.512703,-5.615236,sit_stand_sit
1769345970.3857934,-0.264893,-0.901978,-0.324219,23.071297,-19.104004,-5.371094,sit_stand_sit
1769345970.4068341,-0.229370,-0.916138,-0.325806,22.827156,-12.695316,-9.704590,sit_stand_sit
1769345970.4263365,-0.220581,-0.952148,-0.319214,23.620613,-8.239746,-10.803223,sit_stand_sit
1769345970.4476962,-0.154419,-0.919067,-0.308716,20.019531,-16.479492,-12.817387,sit_stand_sit
1769345970.4658587,-0.194946,-0.918579,-0.284546,26.855476,-19.897461,-13.977055,sit_stand_sit
1769345970.4860785,-0.202271,-0.963501,-0.275024,25.390633,-22.033691,-20.141602,sit_stand_sit
1769345970.5062306,-0.212646,-1.013672,-0.263062,21.118164,-23.620613,-27.648933,sit_stand_sit
1769345970.5261595,-0.242065,-1.027466,-0.234497,23.437508,-20.935059,-32.775879,sit_stand_sit
1769345970.5460527,-0.221924,-1.103516,-0.177124,19.836426,-16.296387,-48.645035,sit_stand_sit
1769345970.5663676,-0.135864,-1.148071,-0.201538,27.709969,-19.165039,-44.738785,sit_stand_sit
1769345970.5861125,-0.211060,-1.212891,-0.201294,24.780281,-21.484375,-39.611816,sit_stand_sit
1769345970.6069083,-0.227783,-1.209351,-0.205688,27.648933,-12.329105,-44.006348,sit_stand_sit
1769345970.6277144,-0.209351,-1.263184,-0.191406,28.686531,-5.493164,-49.682632,sit_stand_sit
1769345970.646151,-0.211548,-1.300049,-0.191528,25.146492,3.723145,-52.917496,sit_stand_sit
1769345970.6670322,-0.234375,-1.257935,-0.232422,22.216805,17.578125,-49.438492,sit_stand_sit
1769345970.686042,-0.204712,-1.252075,-0.230591,22.644051,28.137215,-48.217789,sit_stand_sit
1769345970.7058005,-0.122192,-1.257690,-0.218994,25.634773,30.090340,-41.564941,sit_stand_sit
1769345970.7261517,-0.087280,-1.263184,-0.218018,24.841316,25.939949,-26.672371,sit_stand_sit
1769345970.7456796,-0.148071,-1.234253,-0.290283,8.605957,23.010262,-20.996094,sit_stand_sit
1769345970.7668843,-0.038086,-1.127930,-0.379395,9.033203,32.043457,-23.010262,sit_stand_sit
1769345970.7865932,0.109985,-1.169678,-0.372925,17.761230,33.752441,-21.301270,sit_stand_sit
1769345970.8066735,0.060913,-1.198608,-0.239990,7.629396,27.404793,-6.408693,sit_stand_sit
1769345970.8260782,0.139282,-1.118164,-0.176636,11.108402,17.700195,-4.333496,sit_stand_sit
1769345970.8461585,0.210815,-1.052368,-0.122192,12.695316,-8.239746,-3.967286,sit_stand_sit
1769345970.8659756,0.189819,-0.996826,-0.047119,19.042969,-32.348633,-1.525879,sit_stand_sit
1769345970.888227,0.048706,-0.982056,-0.002563,13.671879,-34.667969,0.305176,sit_stand_sit
1769345970.9057975,-0.026733,-0.940918,0.007202,10.131836,-15.869144,-0.183106,sit_stand_sit
1769345970.9261632,0.002563,-0.917358,-0.002197,-11.657719,2.197266,-17.211914,sit_stand_sit
1769345970.9499433,0.045776,-0.861206,-0.003418,-1.586915,4.455566,-8.666992,sit_stand_sit
1769345970.9659288,0.010254,-0.848633,0.008179,-3.662110,8.605957,2.136230,sit_stand_sit
1769345970.9858859,0.033936,-0.818848,-0.004639,-5.737307,3.356935,-2.868653,sit_stand_sit
1769345971.1083746,0.030396,-0.799316,-0.023560,-6.164553,-2.990724,-5.554201,sit_stand_sit
1769345971.1093457,-0.005981,-0.786133,-0.061035,-3.356935,-15.197758,-4.211426,sit_stand_sit
1769345971.1093457,-0.023193,-0.803833,-0.091431,-3.356935,-20.507813,-3.295899,sit_stand_sit
1769345971.1093457,-0.035767,-0.790039,-0.110229,-4.028320,-22.705086,-1.403809,sit_stand_sit
1769345971.1093457,-0.041016,-0.782715,-0.126831,-4.516602,-23.437508,1.037598,sit_stand_sit
1769345971.1259613,-0.036743,-0.776001,-0.137695,-4.821777,-23.010262,2.075195,sit_stand_sit
1769345971.1460688,-0.055664,-0.779419,-0.145386,-5.615236,-20.690918,2.990724,sit_stand_sit
1769345971.2749152,-0.054688,-0.773315,-0.132690,-9.033203,-8.728027,5.432129,sit_stand_sit
1769345971.2749152,-0.048584,-0.810303,-0.119507,-8.239746,-2.441406,4.577637,sit_stand_sit
1769345971.2749152,-0.041382,-0.848022,-0.124146,-9.704590,0.061035,1.220703,sit_stand_sit
1769345971.275926,-0.030273,-0.901733,-0.119995,-10.314941,0.427246,0.671387,sit_stand_sit
1769345971.275926,-0.044800,-0.916626,-0.120239,-10.192871,0.610352,-2.685547,sit_stand_sit
1769345971.2871914,-0.011108,-0.983765,-0.117798,-10.620117,2.929688,0.549316,sit_stand_sit
1769345971.4058812,0.004517,-0.990234,-0.114868,-11.291508,-3.234864,-1.708985,sit_stand_sit
1769345971.4262128,0.005981,-0.984253,-0.129395,-3.417970,-11.840824,5.126953,sit_stand_sit
1769345971.4262128,-0.006226,-0.990112,-0.119751,-1.464844,-10.742188,8.056641,sit_stand_sit
1769345971.4262128,-0.015259,-0.984009,-0.128540,0.000000,-5.554201,9.643555,sit_stand_sit
1769345971.4262128,-0.006714,-0.976563,-0.138184,0.183106,0.183106,9.216309,sit_stand_sit
1769345971.4458065,-0.009521,-0.963989,-0.152344,0.732422,4.577637,6.958010,sit_stand_sit
1769345971.5060174,-0.010864,-0.981934,-0.172852,1.586915,11.047363,4.882813,sit_stand_sit
1769345971.6009164,0.002563,-1.015991,-0.185303,-2.136230,13.732914,-0.305176,sit_stand_sit
1769345971.6029518,0.000610,-1.020386,-0.187500,-3.723145,17.456055,-1.037598,sit_stand_sit
1769345971.6029518,0.014648,-1.023071,-0.183960,-5.004883,20.202637,-0.915528,sit_stand_sit
1769345971.6029518,0.041504,-1.015869,-0.180908,-6.225588,19.042969,-1.281738,sit_stand_sit
1769345971.6029518,0.051758,-1.003906,-0.174194,-5.493164,9.277344,-2.258301,sit_stand_sit
1769345971.605991,0.039673,-0.991577,-0.164673,-4.333496,3.051759,-1.525879,sit_stand_sit
1769345971.755789,0.012451,-0.990845,-0.142700,-2.685547,-2.990724,1.159668,sit_stand_sit
1769345971.765458,0.009521,-0.983887,-0.139404,-2.807618,-2.624512,1.403809,sit_stand_sit
1769345971.7659647,0.007080,-0.973755,-0.140137,-2.441406,-1.770020,1.220703,sit_stand_sit
1769345971.7664886,0.002808,-0.974976,-0.138672,-2.014160,-0.122070,0.183106,sit_stand_sit
1769345971.7664886,0.001831,-0.978027,-0.139404,-1.281738,2.136230,-1.464844,sit_stand_sit
1769345971.7664886,-0.002808,-0.986328,-0.137939,-1.342773,3.540040,-2.441406,sit_stand_sit
1769345971.962574,-0.002930,-0.984863,-0.150146,-0.793457,4.638672,-1.220703,sit_stand_sit
1769345971.9634907,-0.003784,-0.988281,-0.153320,-0.122070,4.394531,-0.366211,sit_stand_sit
1769345971.9634907,-0.000977,-0.994995,-0.156250,0.488281,3.479005,0.488281,sit_stand_sit
1769345971.9646373,0.000244,-0.996338,-0.157593,0.488281,2.441406,1.220703,sit_stand_sit
1769345971.9646373,-0.000854,-0.989258,-0.168213,0.366211,0.793457,2.197266,sit_stand_sit
1769345971.9646373,-0.003052,-0.992554,-0.170776,1.037598,0.976563,2.868653,sit_stand_sit
1769345971.9651709,0.018677,-1.003784,-0.171631,-0.183106,0.549316,2.624512,sit_stand_sit
1769345971.9651709,-0.005615,-0.983521,-0.180176,-0.671387,-1.403809,0.976563,sit_stand_sit
1769345971.9651709,-0.008179,-0.981689,-0.182983,-1.098633,-0.671387,1.098633,sit_stand_sit
1769345971.968964,-0.007446,-0.981567,-0.180664,-1.220703,0.305176,1.342773,sit_stand_sit
1769345971.9859302,-0.005005,-0.989868,-0.182373,-1.525879,1.831055,1.586915,sit_stand_sit
1769345972.0061839,-0.015625,-0.988525,-0.181885,-1.892090,2.075195,1.586915,sit_stand_sit
1769345972.0259862,-0.016846,-0.989380,-0.177124,-2.075195,2.990724,1.464844,sit_stand_sit
1769345972.04599,-0.013306,-0.991211,-0.172241,-1.708985,3.479005,1.037598,sit_stand_sit
1769345972.065851,-0.013916,-0.991943,-0.169800,-1.464844,3.662110,0.488281,sit_stand_sit
1769345972.086801,-0.013550,-0.992065,-0.166748,-1.464844,3.662110,0.305176,sit_stand_sit
1769345972.1048,-0.010010,-0.989136,-0.164307,-1.525879,3.356935,0.305176,sit_stand_sit
1769345972.1245098,0.000366,-0.989746,-0.162476,-1.770020,1.281738,1.281738,sit_stand_sit
1769345972.1460154,-0.015991,-0.984009,-0.163452,-1.953125,-0.732422,1.403809,sit_stand_sit
1769345972.1660998,-0.019043,-0.988281,-0.162598,-1.403809,0.366211,2.075195,sit_stand_sit
1769345972.1871896,-0.015625,-0.989380,-0.162598,-1.770020,-0.122070,1.892090,sit_stand_sit
1769345972.2057266,-0.015259,-0.985596,-0.163696,-2.075195,-0.549316,2.380371,sit_stand_sit
1769345972.2260556,-0.036377,-0.974731,-0.165649,-1.037598,0.305176,1.525879,sit_stand_sit
1769345972.2466478,-0.013550,-0.994141,-0.169922,-0.488281,2.380371,2.014160,sit_stand_sit
1769345972.2662303,-0.022949,-0.994263,-0.170166,-0.549316,1.770020,1.708985,sit_stand_sit
1769345972.286018,-0.022705,-0.998901,-0.170898,-0.732422,1.953125,2.014160,sit_stand_sit
1769345972.305994,-0.018433,-0.989136,-0.173950,-0.732422,1.647950,2.746582,sit_stand_sit
1769345972.3260357,-0.017334,-0.988403,-0.172729,-0.122070,1.098633,3.112794,sit_stand_sit
1769345972.3465168,-0.028198,-0.997559,-0.183105,-0.549316,1.525879,2.685547,sit_stand_sit
1769345972.3656673,-0.023438,-0.988525,-0.187744,-0.732422,2.319336,2.990724,sit_stand_sit
1769345972.3858678,-0.023926,-0.994019,-0.186890,-0.915528,1.770020,2.441406,sit_stand_sit
1769345972.4058473,-0.019653,-0.989014,-0.188965,-1.586915,0.976563,3.051759,sit_stand_sit
1769345972.4260395,-0.018188,-0.981934,-0.185913,-2.075195,-0.427246,3.479005,sit_stand_sit
1769345972.4469607,-0.018433,-0.983521,-0.185181,-2.624512,-1.708985,3.417970,sit_stand_sit
1769345972.4657912,-0.018433,-0.982422,-0.186035,-3.234864,-2.441406,3.295899,sit_stand_sit
1769345972.4862437,-0.015503,-0.980225,-0.179443,-3.540040,-3.234864,2.990724,sit_stand_sit
1769345972.5033538,-0.016724,-0.976440,-0.176758,-3.601075,-4.272461,2.685547,sit_stand_sit
1769345972.5236065,-0.028076,-0.973877,-0.170532,-3.356935,-4.089355,2.075195,sit_stand_sit
1769345972.5440505,-0.028687,-0.968872,-0.169312,-3.051759,-2.563477,1.525879,sit_stand_sit
1769345972.5656512,-0.035400,-0.961426,-0.166626,-2.502441,-0.549316,0.793457,sit_stand_sit
1769345972.578989,-0.041260,-0.951294,-0.168579,-2.014160,2.746582,-0.061035,sit_stand_sit
1769345972.6070316,-0.038940,-0.939941,-0.168823,-1.159668,6.225588,-0.732422,sit_stand_sit
1769345972.6258721,-0.036987,-0.926636,-0.168701,-0.183106,9.155273,-1.098633,sit_stand_sit
1769345972.646144,-0.031738,-0.909180,-0.182495,0.793457,13.244633,-0.732422,sit_stand_sit
1769345972.6657825,-0.027466,-0.902710,-0.175049,1.403809,15.563969,-1.708985,sit_stand_sit
1769345972.6773791,-0.031372,-0.871338,-0.174927,-1.586915,17.395020,-1.647950,sit_stand_sit
1769345972.7058048,-0.021362,-0.794067,-0.184937,-5.187988,19.653320,0.671387,sit_stand_sit
1769345972.7324588,0.004150,-0.716675,-0.201416,-5.920412,19.531250,1.037598,sit_stand_sit
1769345972.7461686,0.002563,-0.720703,-0.192261,-3.601075,15.502934,-5.737307,sit_stand_sit
1769345972.7674406,-0.003784,-0.786499,-0.171753,-4.028320,13.244633,-13.366703,sit_stand_sit
1769345972.7859757,0.017212,-0.879150,-0.164551,-7.934572,7.507326,-19.531250,sit_stand_sit
1769345972.8059363,0.043457,-0.906372,-0.155884,-9.155273,-2.197266,-21.850586,sit_stand_sit
1769345972.8258274,0.060913,-0.903931,-0.163696,-10.131836,-17.089844,-21.240234,sit_stand_sit
1769345972.8459175,0.058838,-0.883789,-0.178101,-7.263186,-31.921394,-19.775391,sit_stand_sit
1769345972.8658092,0.012817,-0.874634,-0.193359,-3.295899,-37.231445,-17.944336,sit_stand_sit
1769345972.8862906,-0.015625,-0.848511,-0.210693,0.976563,-33.142090,-13.122562,sit_stand_sit
1769345972.9070137,-0.045532,-0.833008,-0.205322,5.249023,-11.901859,-3.784181,sit_stand_sit
1769345972.9266112,-0.041260,-0.858521,-0.203369,7.141115,9.765625,-2.685547,sit_stand_sit
1769345972.9464924,-0.014526,-0.911743,-0.198975,6.591799,28.198250,-3.906251,sit_stand_sit
1769345972.9660726,0.037231,-0.959717,-0.193726,3.479005,33.142090,-3.784181,sit_stand_sit
1769345972.985949,0.081543,-0.989136,-0.187622,-0.366211,24.780281,-2.929688,sit_stand_sit
1769345973.005696,0.103271,-1.001099,-0.182739,-2.563477,6.958010,-3.723145,sit_stand_sit
1769345973.0259986,0.092529,-1.020996,-0.166138,-3.662110,-14.831547,-4.455566,sit_stand_sit
1769345973.0470252,0.063110,-1.030884,-0.146118,-4.882813,-39.978027,-2.014160,sit_stand_sit
1769345973.0666606,0.038208,-1.006714,-0.153198,-4.089355,-47.302261,2.136230,sit_stand_sit
1769345973.0871947,-0.002441,-1.004028,-0.161133,-2.624512,-44.616714,5.737307,sit_stand_sit
1769345973.1280284,-0.018799,-1.022217,-0.174072,-1.586915,-32.897949,7.995607,sit_stand_sit
1769345973.1280284,-0.000122,-1.037109,-0.187622,-1.892090,-21.179199,11.291508,sit_stand_sit
1769345973.1456738,0.016602,-1.034180,-0.193115,-3.417970,-14.526371,16.052246,sit_stand_sit
1769345973.1662185,0.025757,-1.034790,-0.198120,-4.150391,-11.840824,19.409180,sit_stand_sit
1769345973.1858113,0.039063,-1.055054,-0.215820,-5.615236,-12.817387,21.423340,sit_stand_sit
1769345973.2080915,0.025269,-1.083496,-0.228516,-6.958010,-15.747074,23.681648,sit_stand_sit
1769345973.2268672,0.008179,-1.119629,-0.228516,-8.789063,-18.005371,26.733406,sit_stand_sit
1769345973.2470336,-0.010742,-1.155151,-0.227417,-10.925293,-18.981934,30.029305,sit_stand_sit
1769345973.2660954,-0.045166,-1.169312,-0.242798,-14.282230,-16.967773,34.484863,sit_stand_sit
1769345973.2857313,-0.070435,-1.166504,-0.257935,-16.601563,-13.244633,39.306641,sit_stand_sit
1769345973.3059082,-0.088989,-1.153076,-0.278442,-18.005371,-11.291508,44.311539,sit_stand_sit
1769345973.3279653,-0.113647,-1.121582,-0.291016,-19.104004,-12.512211,45.410172,sit_stand_sit
1769345973.345935,-0.141724,-1.075195,-0.302490,-18.127441,-16.845703,43.762207,sit_stand_sit
1769345973.3656516,-0.178101,-1.044067,-0.313354,-16.479492,-20.874023,40.588379,sit_stand_sit
1769345973.3860602,-0.243286,-1.043945,-0.330688,-15.808109,-19.836426,36.010742,sit_stand_sit
1769345973.4060674,-0.224731,-1.044067,-0.380615,-16.052246,-18.859863,29.785164,sit_stand_sit
1769345973.4259186,-0.191406,-1.065186,-0.458862,-13.793949,-41.931152,23.925789,sit_stand_sit
1769345973.4471617,-0.377197,-1.046509,-0.512573,-16.662598,-58.715836,10.253906,sit_stand_sit
1769345973.4657266,-0.504150,-1.059692,-0.429688,-15.380863,-33.447266,2.380371,sit_stand_sit
1769345973.485958,-0.450073,-1.044678,-0.345459,-14.038090,5.920412,4.943848,sit_stand_sit
1769345973.5062878,-0.411621,-1.026123,-0.273682,-14.953617,33.996582,14.160160,sit_stand_sit
1769345973.526132,-0.371216,-1.024170,-0.238403,-19.592285,59.387222,16.601563,sit_stand_sit
1769345973.546085,-0.292114,-0.931030,-0.242798,-22.338875,73.242188,18.859863,sit_stand_sit
1769345973.5660024,-0.141968,-0.830322,-0.251587,-11.535648,64.880371,25.878914,sit_stand_sit
1769345973.5797167,-0.181274,-0.838257,-0.242920,-8.178711,49.865738,28.564461,sit_stand_sit
1769345973.6079924,-0.222290,-0.829956,-0.230591,-5.004883,46.691910,28.503426,sit_stand_sit
1769345973.6259165,-0.206909,-0.824707,-0.244019,-3.173829,47.607437,25.085457,sit_stand_sit
1769345973.6461413,-0.163086,-0.838745,-0.284790,-0.915528,40.344238,23.071297,sit_stand_sit
1769345973.6658518,-0.143433,-0.860352,-0.314453,-0.183106,26.733406,21.789551,sit_stand_sit
1769345973.6858804,-0.151001,-0.876709,-0.350586,-0.244141,13.244633,19.287109,sit_stand_sit
1769345973.705763,-0.179565,-0.920288,-0.378052,-1.098633,-4.455566,11.291508,sit_stand_sit
1769345973.7260022,-0.182739,-0.924683,-0.388062,-1.708985,-15.441898,7.080080,sit_stand_sit
1769345973.7461312,-0.231445,-0.941772,-0.378052,-1.464844,-23.498543,3.479005,sit_stand_sit
1769345973.7670412,-0.288086,-0.949585,-0.371338,-2.990724,-23.742683,-0.305176,sit_stand_sit
1769345973.786968,-0.334595,-0.952637,-0.372314,-3.967286,-17.883301,-2.685547,sit_stand_sit
1769345973.8060443,-0.324341,-0.946411,-0.370117,-4.516602,-11.779789,-3.601075,sit_stand_sit
1769345973.826063,-0.300781,-0.936890,-0.369263,-5.615236,-8.483887,-0.061035,sit_stand_sit
1769345973.8480606,-0.292603,-0.909546,-0.377319,-7.812502,-3.967286,1.708985,sit_stand_sit
1769345973.8666642,-0.262329,-0.887817,-0.380249,-7.385256,-2.502441,1.464844,sit_stand_sit
1769345973.8862126,-0.235596,-0.880249,-0.375488,-6.225588,-4.150391,1.220703,sit_stand_sit
1769345973.9061232,-0.232056,-0.875732,-0.368286,-5.798342,-7.080080,0.793457,sit_stand_sit
1769345973.926445,-0.232544,-0.865845,-0.363403,-5.310059,-8.605957,-0.244141,sit_stand_sit
1769345973.9465098,-0.249146,-0.868774,-0.356567,-3.906251,-9.582520,-1.647950,sit_stand_sit
1769345973.9660661,-0.261963,-0.880981,-0.357300,-3.112794,-12.146000,-3.295899,sit_stand_sit
1769345973.985835,-0.289551,-0.887817,-0.355103,-2.136230,-10.314941,-3.173829,sit_stand_sit
1769345973.9994493,-0.298584,-0.890137,-0.360229,-1.220703,-4.943848,-2.258301,sit_stand_sit
1769345974.0277312,-0.284180,-0.887939,-0.370483,-1.525879,-6.408693,-3.723145,sit_stand_sit
1769345974.047643,-0.303833,-0.888794,-0.370117,-1.220703,-5.249023,-3.112794,sit_stand_sit
1769345974.0662704,-0.308472,-0.891724,-0.369873,-0.793457,-1.098633,-2.319336,sit_stand_sit
1769345974.0860455,-0.299805,-0.896973,-0.368286,-0.549316,3.173829,-2.136230,sit_stand_sit
1769345974.1071594,-0.278564,-0.897583,-0.359497,-0.122070,5.432129,-1.647950,sit_stand_sit
1769345974.1261866,-0.270996,-0.889526,-0.356689,0.061035,6.164553,-1.159668,sit_stand_sit
1769345974.1466973,-0.265869,-0.889160,-0.356689,0.732422,6.591799,-0.976563,sit_stand_sit
1769345974.166024,-0.264038,-0.889160,-0.362549,0.793457,6.774904,-0.488281,sit_stand_sit
1769345974.1870906,-0.256836,-0.882080,-0.368652,1.220703,6.835939,0.122070,sit_stand_sit
1769345974.2059653,-0.255127,-0.888672,-0.373169,1.892090,6.591799,0.244141,sit_stand_sit
1769345974.2260005,-0.250122,-0.887085,-0.375854,1.892090,5.737307,0.732422,sit_stand_sit
1769345974.2461603,-0.252686,-0.890137,-0.370605,2.380371,5.310059,0.427246,sit_stand_sit
1769345974.2674994,-0.255005,-0.894897,-0.369263,2.441406,5.187988,0.305176,sit_stand_sit
1769345974.286145,-0.249756,-0.903320,-0.362793,2.502441,4.394531,-0.061035,sit_stand_sit
1769345974.3057408,-0.245239,-0.902832,-0.358643,2.014160,3.051759,-0.183106,sit_stand_sit
1769345974.32613,-0.250244,-0.898682,-0.358887,2.075195,2.502441,-0.183106,sit_stand_sit
1769345974.345985,-0.251587,-0.898926,-0.359497,2.075195,2.319336,-0.732422,sit_stand_sit
1769345974.365687,-0.240601,-0.901978,-0.362793,1.647950,0.366211,-1.342773,sit_stand_sit
1769345974.386279,-0.246826,-0.906738,-0.364136,1.342773,-1.647950,-1.770020,sit_stand_sit
1769345974.4061348,-0.251953,-0.906860,-0.363647,0.793457,-3.479005,-2.319336,sit_stand_sit
1769345974.4270043,-0.250854,-0.898315,-0.361938,0.671387,-4.272461,-2.319336,sit_stand_sit
1769345974.4465177,-0.254150,-0.899658,-0.359497,0.976563,-4.638672,-2.319336,sit_stand_sit
1769345974.4657993,-0.255981,-0.902710,-0.357178,0.915528,-4.638672,-1.892090,sit_stand_sit
1769345974.4860866,-0.258057,-0.904663,-0.357300,1.037598,-4.455566,-1.892090,sit_stand_sit
1769345974.5060036,-0.257202,-0.904297,-0.356812,0.854492,-4.394531,-1.953125,sit_stand_sit
1769345974.525743,-0.256104,-0.900024,-0.356323,1.281738,-3.906251,-1.525879,sit_stand_sit
1769345974.5465293,-0.255371,-0.901001,-0.354858,1.770020,-3.356935,-1.281738,sit_stand_sit
1769345974.5663722,-0.254761,-0.902710,-0.354248,2.014160,-2.929688,-1.220703,sit_stand_sit
1769345974.5875015,-0.252930,-0.902588,-0.353149,2.014160,-2.929688,-1.098633,sit_stand_sit
1769345974.6081152,-0.250732,-0.898071,-0.353271,2.197266,-3.295899,-0.915528,sit_stand_sit
1769345974.627045,-0.250488,-0.897583,-0.351807,2.441406,-4.272461,-0.976563,sit_stand_sit
1769345974.6458428,-0.251099,-0.896973,-0.354004,2.319336,-5.126953,-0.854492,sit_stand_sit
1769345974.6681857,-0.251099,-0.896729,-0.353271,2.563477,-6.042482,-0.854492,sit_stand_sit
1769345974.6861792,-0.250854,-0.901489,-0.350830,2.441406,-7.141115,-1.220703,sit_stand_sit
1769345974.7079215,-0.250977,-0.903320,-0.347412,2.197266,-8.544922,-1.342773,sit_stand_sit
1769345974.7259245,-0.252319,-0.905151,-0.342896,2.136230,-10.009766,-1.831055,sit_stand_sit
1769345974.747648,-0.257813,-0.904419,-0.343628,1.892090,-11.169437,-2.197266,sit_stand_sit
1769345974.7664714,-0.261841,-0.903320,-0.344604,2.807618,-11.596684,-2.807618,sit_stand_sit
1769345974.7858953,-0.248413,-0.914917,-0.342407,2.441406,-13.000492,-2.685547,sit_stand_sit
1769345974.7978158,-0.244141,-0.911743,-0.346924,2.136230,-15.869144,-1.159668,sit_stand_sit
1769345974.825831,-0.238403,-0.915649,-0.341675,2.197266,-19.836426,-1.464844,sit_stand_sit
1769345974.8458192,-0.229736,-0.916138,-0.325806,1.098633,-25.024422,-2.197266,sit_stand_sit
1769345974.868495,-0.243774,-0.901489,-0.315430,0.366211,-28.442390,-2.319336,sit_stand_sit
1769345974.8863766,-0.262451,-0.883545,-0.306030,1.403809,-31.860359,-4.150391,sit_stand_sit
1769345974.9061093,-0.271240,-0.883667,-0.312500,2.868653,-32.470703,-5.798342,sit_stand_sit
1769345974.926602,-0.273071,-0.893677,-0.310425,5.004883,-33.996582,-6.958010,sit_stand_sit
1769345974.9461973,-0.297729,-0.909546,-0.302368,5.126953,-34.973145,-6.896975,sit_stand_sit
1769345974.9660888,-0.319824,-0.906128,-0.296753,4.516602,-33.386230,-6.713869,sit_stand_sit
1769345974.9859912,-0.327393,-0.893188,-0.294312,4.821777,-29.907234,-7.873537,sit_stand_sit
1769345975.0083575,-0.328369,-0.889038,-0.290527,5.920412,-25.573738,-9.033203,sit_stand_sit
1769345975.0262575,-0.320068,-0.890137,-0.285645,6.652834,-19.714355,-10.864258,sit_stand_sit
1769345975.0461705,-0.316162,-0.913574,-0.281860,6.958010,-17.456055,-13.427738,sit_stand_sit
1769345975.066636,-0.312012,-0.901245,-0.286743,8.422852,-14.099125,-14.404301,sit_stand_sit
1769345975.0860312,-0.300415,-0.909058,-0.284180,7.141115,-13.732914,-17.517090,sit_stand_sit
1769345975.1067414,-0.288330,-0.916382,-0.280151,8.789063,-12.390141,-17.700195,sit_stand_sit
1769345975.12699,-0.270020,-0.928345,-0.265991,8.728027,-13.793949,-20.263672,sit_stand_sit
1769345975.1484358,-0.276489,-0.939453,-0.251465,9.887695,-11.291508,-24.719246,sit_stand_sit
1769345975.16753,-0.259766,-0.976318,-0.248413,11.474613,-8.239746,-25.878914,sit_stand_sit
1769345975.1885052,-0.248169,-0.977051,-0.258179,10.925293,-6.530764,-26.611336,sit_stand_sit
1769345975.2086673,-0.244873,-0.982178,-0.263794,12.390141,-5.126953,-29.052742,sit_stand_sit
1769345975.2259176,-0.226807,-1.007568,-0.256348,12.939457,-7.446291,-34.729004,sit_stand_sit
1769345975.2459793,-0.230591,-1.026489,-0.239502,13.183598,-13.061527,-36.804199,sit_stand_sit
1769345975.2665517,-0.268066,-1.051880,-0.249634,16.235352,-10.803223,-37.963867,sit_stand_sit
1769345975.2868388,-0.276123,-1.174683,-0.266846,20.935059,2.502441,-47.119156,sit_stand_sit
1769345975.3061795,-0.256348,-1.262817,-0.261841,18.676758,12.084965,-50.170914,sit_stand_sit
1769345975.3258026,-0.198975,-1.288940,-0.239014,17.456055,14.587406,-46.630875,sit_stand_sit
1769345975.3457506,-0.163696,-1.266479,-0.209106,17.150879,6.652834,-44.006348,sit_stand_sit
1769345975.362716,-0.217896,-1.275391,-0.188965,18.798828,5.432129,-42.053223,sit_stand_sit
1769345975.3859456,-0.226318,-1.280518,-0.192505,15.625004,19.287109,-40.588379,sit_stand_sit
1769345975.4057932,-0.119995,-1.254883,-0.205933,13.793949,36.437988,-35.034180,sit_stand_sit
1769345975.4261427,0.022949,-1.207886,-0.225220,15.258793,45.532242,-24.230965,sit_stand_sit
1769345975.4462225,0.016235,-1.186401,-0.232300,17.578125,43.457031,-20.202637,sit_stand_sit
1769345975.4657607,0.012329,-1.198120,-0.216431,18.798828,39.672852,-18.737793,sit_stand_sit
1769345975.4857385,0.020508,-1.198486,-0.206665,13.977055,40.405273,-18.127441,sit_stand_sit
1769345975.505884,0.122681,-1.108398,-0.226196,12.573246,36.132813,-17.944336,sit_stand_sit
1769345975.5260458,0.194824,-1.025879,-0.228882,13.427738,17.456055,-19.531250,sit_stand_sit
1769345975.546539,0.182617,-1.016724,-0.222290,16.662598,-16.174316,-25.329597,sit_stand_sit
1769345975.5661056,0.114380,-1.040283,-0.203369,10.986328,-24.108894,-26.428230,sit_stand_sit
1769345975.5876713,0.047974,-0.994751,-0.176636,2.441406,-18.371582,-21.057129,sit_stand_sit
1769345975.6066885,-0.003784,-0.911377,-0.151855,-2.319336,-2.563477,-15.075687,sit_stand_sit
1769345975.6269512,-0.047974,-0.855103,-0.128174,-2.990724,18.737793,-14.648441,sit_stand_sit
1769345975.6476665,-0.035278,-0.840210,-0.125610,-2.563477,35.888672,-17.150879,sit_stand_sit
1769345975.666187,-0.046997,-0.859253,-0.130127,-3.112794,48.950211,-12.390141,sit_stand_sit
1769345975.6864812,-0.039673,-0.851563,-0.133301,-7.507326,59.387222,-3.723145,sit_stand_sit
1769345975.705891,-0.002197,-0.838013,-0.121948,-9.033203,56.457535,-1.037598,sit_stand_sit
1769345975.7179804,0.048096,-0.810791,-0.107666,-9.704590,43.151855,0.732422,sit_stand_sit
1769345975.7459059,0.071533,-0.787231,-0.108398,-7.812502,23.193367,0.732422,sit_stand_sit
1769345975.7676263,0.050415,-0.789917,-0.109863,-6.835939,3.479005,1.647950,sit_stand_sit
1769345975.7861474,0.036987,-0.788574,-0.111450,-7.080080,-9.216309,1.586915,sit_stand_sit
1769345975.8074763,-0.024414,-0.783325,-0.125977,-7.812502,-12.756351,4.028320,sit_stand_sit
1769345975.826118,-0.051147,-0.785645,-0.122314,-7.263186,-9.521484,4.882813,sit_stand_sit
1769345975.8469467,-0.052002,-0.821289,-0.110840,-6.530764,-5.493164,3.784181,sit_stand_sit
1769345975.865851,-0.040039,-0.840332,-0.125732,-9.399414,1.037598,3.479005,sit_stand_sit
1769345975.8866107,0.002441,-0.817749,-0.150757,-9.948730,7.080080,7.080080,sit_stand_sit
1769345975.905853,0.047241,-0.803467,-0.156860,-8.056641,7.141115,9.033203,sit_stand_sit
1769345975.926109,0.056396,-0.820435,-0.152466,-5.798342,1.953125,10.803223,sit_stand_sit
1769345975.947151,0.034912,-0.834595,-0.150757,-4.760742,-2.868653,11.962894,sit_stand_sit
1769345975.967359,0.017456,-0.860962,-0.150024,-3.295899,-1.586915,10.314941,sit_stand_sit
1769345975.9868534,0.006958,-0.910156,-0.147583,-3.784181,2.685547,9.094238,sit_stand_sit
1769345976.005757,0.021362,-0.941528,-0.148193,-4.577637,6.469728,7.446291,sit_stand_sit
1769345976.026095,0.032227,-0.975952,-0.150879,-4.699707,6.408693,6.164553,sit_stand_sit
1769345976.0461304,0.050903,-0.999756,-0.153931,-5.004883,4.211426,5.554201,sit_stand_sit
1769345976.0658233,0.059570,-1.005981,-0.166870,-5.187988,0.122070,5.432129,sit_stand_sit
1769345976.0867102,0.040039,-1.016602,-0.176025,-3.845216,-6.042482,6.652834,sit_stand_sit
1769345976.1072593,0.023926,-1.009888,-0.175659,-3.601075,-6.958010,6.225588,sit_stand_sit
1769345976.1380498,0.020996,-0.995850,-0.178711,-2.746582,-4.333496,6.286623,sit_stand_sit
1769345976.1474354,0.033325,-0.991455,-0.177612,-1.708985,0.915528,7.263186,sit_stand_sit
1769345976.1667259,0.054810,-0.992920,-0.177002,-0.305176,6.286623,7.568361,sit_stand_sit
1769345976.1857936,0.066406,-0.988281,-0.179932,0.122070,9.826660,7.812502,sit_stand_sit
1769345976.2059696,0.053467,-0.978638,-0.181641,1.098633,14.343266,6.958010,sit_stand_sit
1769345976.2268462,0.059692,-0.980103,-0.181152,1.525879,17.395020,4.211426,sit_stand_sit
1769345976.2458763,0.059692,-0.988525,-0.180908,1.708985,18.249512,1.159668,sit_stand_sit
1769345976.2685242,0.059326,-0.991577,-0.186890,1.037598,17.456055,-0.183106,sit_stand_sit
1769345976.286009,0.058350,-0.989014,-0.189453,0.244141,14.343266,-0.244141,sit_stand_sit
1769345976.3058913,0.056396,-0.984741,-0.193604,-0.305176,10.681152,-0.305176,sit_stand_sit
1769345976.3260236,0.053345,-0.992676,-0.198608,-0.122070,6.713869,-0.488281,sit_stand_sit
1769345976.346746,0.041260,-0.996948,-0.205322,-1.342773,0.000000,-0.732422,sit_stand_sit
1769345976.366118,0.034302,-0.994141,-0.202026,-0.976563,-3.662110,-1.220703,sit_stand_sit
1769345976.3879418,0.025391,-0.999512,-0.196289,-1.037598,-6.164553,-0.244141,sit_stand_sit
1769345976.407207,0.003174,-0.996338,-0.195679,-1.647950,-7.019045,0.610352,sit_stand_sit
1769345976.427127,-0.014893,-0.990845,-0.197021,-2.258301,-4.821777,0.610352,sit_stand_sit
1769345976.4459677,-0.007324,-0.979370,-0.194702,-2.685547,-0.732422,0.244141,sit_stand_sit
1769345976.4663804,0.002197,-0.968262,-0.197144,-2.319336,2.929688,-0.732422,sit_stand_sit
1769345976.4861228,0.001587,-0.973511,-0.191528,-2.197266,4.455566,-0.671387,sit_stand_sit
1769345976.506042,-0.006104,-0.973145,-0.184448,-1.098633,5.676271,-1.831055,sit_stand_sit
1769345976.5258634,-0.008057,-0.982788,-0.181519,-1.281738,6.408693,-2.319336,sit_stand_sit
1769345976.5460405,-0.001099,-0.984253,-0.182495,-1.953125,7.202150,-1.953125,sit_stand_sit
1769345976.5672116,0.004761,-0.983154,-0.182617,-1.892090,5.676271,-3.234864,sit_stand_sit
1769345976.5866442,0.006714,-0.992432,-0.178101,-2.136230,4.699707,-1.586915,sit_stand_sit
1769345976.6061723,0.016113,-0.988403,-0.175659,-1.525879,1.708985,-1.342773,sit_stand_sit
1769345976.6262481,0.010254,-0.985107,-0.172729,-1.159668,-0.244141,-1.281738,sit_stand_sit
1769345976.6459322,0.021973,-0.987671,-0.171875,-0.244141,-1.159668,-1.342773,sit_stand_sit
1769345976.6663253,0.022217,-0.982422,-0.172241,-0.183106,-2.990724,-0.244141,sit_stand_sit
1769345976.6860945,0.003296,-0.971558,-0.171143,0.854492,-2.746582,0.122070,sit_stand_sit
1769345976.7061281,-0.014160,-0.971436,-0.174072,2.868653,3.051759,-0.488281,sit_stand_sit
1769345976.7271543,0.023926,-0.990112,-0.176147,2.624512,5.371094,1.953125,sit_stand_sit
1769345976.746212,0.001465,-0.979980,-0.183960,3.051759,7.873537,2.502441,sit_stand_sit
1769345976.7665713,0.022949,-0.985229,-0.188965,3.112794,7.873537,1.403809,sit_stand_sit
1769345976.7879882,0.022949,-0.988647,-0.191650,2.868653,6.408693,1.281738,sit_stand_sit
1769345976.805902,0.024658,-0.986328,-0.196167,2.075195,4.516602,0.976563,sit_stand_sit
1769345976.8262434,0.020142,-0.982910,-0.197632,1.708985,3.112794,1.342773,sit_stand_sit
1769345976.8459327,0.018188,-0.986816,-0.197876,1.525879,2.075195,0.732422,sit_stand_sit
1769345976.8663144,0.015747,-0.989380,-0.198242,0.610352,0.854492,0.305176,sit_stand_sit
1769345976.8861125,0.016113,-0.995239,-0.197388,0.549316,0.549316,-0.061035,sit_stand_sit
1769345976.905998,0.012695,-0.999756,-0.197144,0.183106,0.793457,-0.305176,sit_stand_sit
1769345976.926471,0.017456,-0.994629,-0.194214,-0.122070,0.976563,-0.061035,sit_stand_sit
1769345976.9475188,0.020386,-0.991943,-0.193359,-0.183106,0.915528,-0.061035,sit_stand_sit
1769345976.9660356,0.013672,-0.984131,-0.195068,-0.305176,0.976563,-0.061035,sit_stand_sit
1769345976.9861386,0.016113,-0.981812,-0.198120,-0.183106,1.586915,0.244141,sit_stand_sit
1769345977.006049,0.017822,-0.990967,-0.195557,-0.610352,2.014160,-0.305176,sit_stand_sit
1769345977.0262923,0.017700,-0.984619,-0.194458,-0.976563,1.159668,-0.122070,sit_stand_sit
1769345977.0461898,0.016724,-0.988037,-0.189819,-0.854492,0.732422,0.305176,sit_stand_sit
1769345977.0659103,0.020264,-0.991943,-0.188477,-1.281738,-0.305176,0.488281,sit_stand_sit
1769345977.0884845,0.014038,-0.982544,-0.190308,-1.464844,-0.915528,1.037598,sit_stand_sit
1769345977.1060357,0.010132,-0.980713,-0.191895,-1.098633,-0.976563,0.793457,sit_stand_sit
1769345977.12623,0.009766,-0.990356,-0.186890,-1.220703,-1.098633,0.183106,sit_stand_sit
1769345977.1466498,0.010620,-0.991089,-0.183838,-1.525879,-1.281738,0.793457,sit_stand_sit
1769345977.1660326,0.009644,-0.987427,-0.185547,-1.647950,-1.770020,0.976563,sit_stand_sit
1769345977.186318,0.008911,-0.986450,-0.189941,-1.953125,-2.136230,1.403809,sit_stand_sit
1769345977.2061222,0.004761,-0.986694,-0.185425,-1.525879,-2.441406,1.159668,sit_stand_sit
1769345977.2261949,0.013306,-0.994751,-0.184448,-1.770020,-2.990724,0.610352,sit_stand_sit
1769345977.245885,0.010132,-0.982544,-0.189697,-2.197266,-3.540040,0.732422,sit_stand_sit
1769345977.2661073,0.010010,-0.983276,-0.187500,-2.014160,-4.577637,1.586915,sit_stand_sit
1769345977.286079,-0.005859,-0.977417,-0.187378,-1.770020,-3.784181,1.403809,sit_stand_sit
1769345977.3066776,-0.001221,-0.987427,-0.187012,-0.732422,-0.488281,2.441406,sit_stand_sit
1769345977.3259828,0.020996,-0.991943,-0.190063,-1.708985,-3.417970,1.892090,sit_stand_sit
1769345977.3461118,-0.001099,-0.985962,-0.188477,-1.892090,-4.455566,2.685547,sit_stand_sit
1769345977.366556,0.000244,-0.982666,-0.192383,-1.464844,-3.784181,2.685547,sit_stand_sit
1769345977.3860257,-0.002075,-0.985229,-0.194946,-0.976563,-2.563477,3.051759,sit_stand_sit
1769345977.4068353,0.005493,-0.987061,-0.192871,-1.281738,-2.136230,2.807618,sit_stand_sit
1769345977.4258404,0.000000,-0.982056,-0.191650,-0.976563,-1.953125,2.441406,sit_stand_sit
1769345977.4459033,-0.002563,-0.982056,-0.196655,-0.915528,-0.915528,2.258301,sit_stand_sit
1769345977.4634163,0.001709,-0.980591,-0.199951,-0.793457,-0.244141,2.258301,sit_stand_sit
1769345977.4860237,0.001465,-0.984375,-0.199707,-0.732422,-0.244141,2.319336,sit_stand_sit
1769345977.506068,0.000000,-0.986938,-0.199707,-1.098633,-0.305176,2.258301,sit_stand_sit
1769345977.6960108,-0.003052,-0.983032,-0.202393,-0.976563,0.122070,1.953125,sit_stand_sit
1769345977.6960108,-0.007935,-0.982544,-0.205200,-1.159668,0.549316,1.892090,sit_stand_sit
1769345977.6960108,-0.008667,-0.981689,-0.207397,-1.403809,0.793457,2.014160,sit_stand_sit
1769345977.6960108,-0.010620,-0.980957,-0.209473,-1.647950,0.915528,1.892090,sit_stand_sit
1769345977.6960108,-0.010132,-0.978760,-0.210938,-2.136230,0.793457,2.014160,sit_stand_sit
1769345977.6960108,-0.010498,-0.971680,-0.213257,-2.441406,0.244141,2.258301,sit_stand_sit
1769345977.6960108,-0.015137,-0.971680,-0.212158,-2.319336,-0.488281,2.136230,sit_stand_sit
1769345977.6960108,-0.013794,-0.979248,-0.217529,-3.234864,-0.854492,2.197266,sit_stand_sit
1769345977.899032,-0.018799,-0.975952,-0.213989,-3.234864,-1.220703,2.807618,sit_stand_sit
1769345977.899032,-0.018677,-0.973511,-0.215088,-3.662110,-0.976563,2.807618,sit_stand_sit
1769345977.899032,-0.023560,-0.955933,-0.219116,-3.845216,-0.427246,3.479005,sit_stand_sit
1769345977.9030976,-0.030273,-0.944824,-0.218384,-3.723145,0.976563,3.540040,sit_stand_sit
1769345977.9030976,-0.026001,-0.928711,-0.218262,-4.150391,2.990724,3.784181,sit_stand_sit
1769345977.9030976,-0.021240,-0.885620,-0.217896,-5.187988,3.479005,5.310059,sit_stand_sit
1769345977.9030976,-0.015991,-0.858643,-0.212280,-5.371094,2.441406,5.432129,sit_stand_sit
1769345977.9030976,-0.017212,-0.851685,-0.207520,-4.455566,0.793457,4.577637,sit_stand_sit
1769345977.9030976,-0.011475,-0.862915,-0.202148,-4.211426,-0.976563,3.417970,sit_stand_sit
1769345977.9030976,0.004761,-0.851563,-0.202148,-5.065918,-5.126953,4.150391,sit_stand_sit
1769345977.9030976,0.012817,-0.830078,-0.195313,-5.249023,-12.084965,4.943848,sit_stand_sit
1769345977.9061387,0.001831,-0.818848,-0.185547,-4.455566,-18.066406,4.089355,sit_stand_sit
1769345977.9372032,-0.024048,-0.854492,-0.169189,-2.319336,-19.775391,0.915528,sit_stand_sit
1769345977.945855,-0.032837,-0.886230,-0.162598,-1.770020,-17.211914,-1.037598,sit_stand_sit
1769345977.9659834,-0.022827,-0.892944,-0.165649,-2.258301,-15.258793,-2.319336,sit_stand_sit
1769345977.9860103,-0.016846,-0.879517,-0.167603,-1.342773,-16.601563,-2.075195,sit_stand_sit
1769345978.0061357,-0.028076,-0.885376,-0.176147,0.976563,-17.578125,-0.915528,sit_stand_sit
1769345978.026981,-0.019775,-0.894653,-0.184937,2.380371,-17.089844,0.244141,sit_stand_sit
1769345978.0462115,0.001343,-0.888184,-0.187012,3.173829,-23.803719,2.380371,sit_stand_sit
1769345978.0631156,-0.015869,-0.896606,-0.169800,3.173829,-27.954109,3.479005,sit_stand_sit
1769345978.0861595,-0.051758,-0.897217,-0.171997,1.342773,-25.146492,3.295899,sit_stand_sit
1769345978.1063118,-0.051392,-0.863281,-0.181274,-1.220703,-16.479492,4.150391,sit_stand_sit
1769345978.1258285,-0.028320,-0.836914,-0.178467,-0.976563,-11.169437,4.150391,sit_stand_sit
1769345978.1473684,-0.016479,-0.864014,-0.173584,0.732422,-13.793949,0.854492,sit_stand_sit
1769345978.16624,-0.032104,-0.925537,-0.179443,0.671387,-17.456055,-3.356935,sit_stand_sit
1769345978.18606,-0.051147,-1.023682,-0.199951,-0.488281,-20.080566,-9.155273,sit_stand_sit
1769345978.2062402,-0.047241,-1.050415,-0.209106,-3.601075,-21.484375,-9.155273,sit_stand_sit
1769345978.2246335,-0.057007,-1.027832,-0.215088,-4.699707,-23.193367,-6.591799,sit_stand_sit
1769345978.2445345,-0.071167,-1.009766,-0.227051,-3.051759,-21.728516,-4.943848,sit_stand_sit
1769345978.2662413,-0.067017,-1.005859,-0.233887,-0.671387,-17.211914,-2.380371,sit_stand_sit
1769345978.2861595,-0.072754,-1.028442,-0.242798,1.098633,-11.840824,1.647950,sit_stand_sit
1769345978.3059866,-0.091675,-1.063477,-0.256226,0.122070,-4.821777,5.371094,sit_stand_sit
1769345978.3260996,-0.077515,-1.097168,-0.249756,-4.577637,3.112794,10.864258,sit_stand_sit
1769345978.346239,-0.064575,-1.095459,-0.246948,-8.422852,4.577637,14.709476,sit_stand_sit
1769345978.3659427,-0.055664,-1.087402,-0.251099,-10.498047,3.784181,18.249512,sit_stand_sit
1769345978.3858352,-0.059082,-1.094116,-0.258789,-11.596684,0.061035,20.935059,sit_stand_sit
1769345978.4060616,-0.071411,-1.115356,-0.267700,-12.512211,-5.249023,22.521980,sit_stand_sit
1769345978.426565,-0.089111,-1.134521,-0.278931,-14.526371,-10.620117,24.047859,sit_stand_sit
1769345978.4457495,-0.118530,-1.124756,-0.294678,-18.005371,-18.188477,28.381355,sit_stand_sit
1769345978.4658318,-0.142456,-1.110229,-0.297607,-18.920898,-21.850586,30.456551,sit_stand_sit
1769345978.4860141,-0.166870,-1.112671,-0.297607,-18.066406,-23.925789,30.273445,sit_stand_sit
1769345978.505755,-0.179199,-1.112061,-0.291138,-18.066406,-24.169930,30.395515,sit_stand_sit
1769345978.5261586,-0.192139,-1.082642,-0.277466,-19.104004,-23.986824,33.325195,sit_stand_sit
1769345978.5461552,-0.209473,-1.032715,-0.265747,-18.798828,-22.155769,35.888672,sit_stand_sit
1769345978.5667598,-0.232666,-0.987671,-0.261108,-16.906738,-17.578125,37.414551,sit_stand_sit
1769345978.5860286,-0.239990,-0.955933,-0.262451,-12.939457,-7.568361,36.071777,sit_stand_sit
1769345978.6070988,-0.238403,-0.958984,-0.262939,-9.887695,-4.150391,33.569336,sit_stand_sit
1769345978.626048,-0.263184,-0.967285,-0.274292,-8.178711,-1.342773,31.799324,sit_stand_sit
1769345978.6474106,-0.267700,-0.972656,-0.307251,-7.202150,0.915528,28.991707,sit_stand_sit
1769345978.665921,-0.238525,-0.972412,-0.341797,-5.310059,-3.845216,24.292000,sit_stand_sit
1769345978.6868224,-0.191650,-0.969727,-0.412231,-3.417970,-22.766121,18.798828,sit_stand_sit
1769345978.6981263,-0.296021,-0.964966,-0.440186,-5.004883,-55.358902,17.272949,sit_stand_sit
1769345978.7258627,-0.409180,-0.927856,-0.412720,-7.263186,-48.645035,16.906738,sit_stand_sit
1769345978.7459009,-0.462524,-0.918335,-0.353027,-8.850098,-25.207527,16.052246,sit_stand_sit
1769345978.7664156,-0.461182,-0.892456,-0.305420,-10.253906,2.929688,15.625004,sit_stand_sit
1769345978.7860487,-0.379517,-0.854858,-0.273804,-8.056641,19.042969,13.793949,sit_stand_sit
1769345978.8081374,-0.332153,-0.849365,-0.246826,-3.784181,21.667480,12.207035,sit_stand_sit
1769345978.825809,-0.342041,-0.866821,-0.234253,-1.342773,22.216805,11.474613,sit_stand_sit
1769345978.846227,-0.328003,-0.864868,-0.240967,0.122070,20.080566,10.131836,sit_stand_sit
1769345979.026148,-0.337036,-0.872314,-0.268188,0.610352,18.737793,10.437012,sit_stand_sit
1769345979.026148,-0.316284,-0.879395,-0.304688,1.464844,15.441898,10.742188,sit_stand_sit
1769345979.026148,-0.323120,-0.897949,-0.339111,0.793457,10.864258,10.925293,sit_stand_sit
1769345979.026148,-0.325806,-0.906860,-0.361938,-0.122070,7.507326,9.826660,sit_stand_sit
1769345979.026148,-0.309326,-0.913696,-0.366943,-0.732422,3.417970,7.812502,sit_stand_sit
1769345979.026148,-0.311401,-0.919067,-0.355591,-0.793457,-3.173829,5.493164,sit_stand_sit
1769345979.026148,-0.337158,-0.916016,-0.321289,-0.793457,-8.422852,2.807618,sit_stand_sit
1769345979.026148,-0.351440,-0.920044,-0.304688,-0.793457,-8.850098,1.403809,sit_stand_sit
1769345979.2310495,-0.361572,-0.917847,-0.298950,-1.220703,-7.019045,0.732422,sit_stand_sit
1769345979.2310495,-0.354736,-0.904297,-0.302002,-1.464844,-4.638672,0.793457,sit_stand_sit
1769345979.2310495,-0.337280,-0.890869,-0.304932,-0.671387,-4.455566,1.403809,sit_stand_sit
1769345979.2310495,-0.326782,-0.879883,-0.308838,0.244141,-6.347658,2.319336,sit_stand_sit
1769345979.2310495,-0.331177,-0.865967,-0.321167,1.037598,-9.094238,2.441406,sit_stand_sit
1769345979.2310495,-0.324707,-0.862061,-0.315308,1.770020,-11.352543,1.647950,sit_stand_sit
1769345979.2310495,-0.330200,-0.863892,-0.307251,1.831055,-14.343266,1.342773,sit_stand_sit
1769345979.2310495,-0.347046,-0.862427,-0.298340,1.770020,-15.869144,1.464844,sit_stand_sit
1769345979.2310495,-0.357056,-0.860107,-0.288574,1.770020,-15.930180,1.098633,sit_stand_sit
1769345979.2310495,-0.358276,-0.867676,-0.287231,1.403809,-15.502934,0.305176,sit_stand_sit
1769345979.2310495,-0.362305,-0.883301,-0.289307,-0.549316,-14.221195,0.732422,sit_stand_sit
1769345979.2458067,-0.351563,-0.875122,-0.303101,-4.333496,-9.277344,2.136230,sit_stand_sit
1769345979.266047,-0.378174,-0.897583,-0.317139,-7.202150,-6.286623,0.793457,sit_stand_sit
1769345979.2859728,-0.372681,-0.882935,-0.325073,-8.117676,-0.122070,-0.732422,sit_stand_sit
1769345979.3058803,-0.377563,-0.887695,-0.318359,-7.263186,5.310059,-3.479005,sit_stand_sit
1769345979.3258529,-0.358154,-0.882690,-0.302612,-5.493164,12.146000,-6.164553,sit_stand_sit
1769345979.3460455,-0.339111,-0.888550,-0.295044,-3.906251,13.061527,-7.751467,sit_stand_sit
1769345979.3660684,-0.347900,-0.885376,-0.286011,-3.967286,12.512211,-10.437012,sit_stand_sit
1769345979.3844864,-0.354492,-0.885132,-0.284302,-3.295899,14.526371,-11.291508,sit_stand_sit
1769345979.404094,-0.328613,-0.886353,-0.292725,-2.563477,11.718754,-11.901859,sit_stand_sit
1769345979.4250042,-0.338623,-0.889648,-0.301392,-1.647950,8.056641,-11.230473,sit_stand_sit
1769345979.4438233,-0.334473,-0.889893,-0.309448,-0.244141,2.807618,-9.948730,sit_stand_sit
1769345979.465852,-0.370728,-0.895630,-0.308228,1.037598,1.953125,-8.056641,sit_stand_sit
1769345979.4860628,-0.336304,-0.895020,-0.322021,1.464844,-0.915528,-7.812502,sit_stand_sit
1769345979.5051284,-0.376343,-0.912842,-0.323730,0.671387,-5.371094,-4.943848,sit_stand_sit
1769345979.5260453,-0.375610,-0.901123,-0.326050,0.976563,-2.868653,-2.136230,sit_stand_sit
1769345979.5461795,-0.369751,-0.898438,-0.321533,1.281738,1.586915,0.000000,sit_stand_sit
1769345979.5658977,-0.352417,-0.895386,-0.322144,1.647950,5.737307,1.037598,sit_stand_sit
1769345979.586295,-0.338989,-0.895386,-0.325806,1.464844,8.666992,1.892090,sit_stand_sit
1769345979.6070151,-0.324219,-0.900024,-0.319336,0.915528,10.437012,2.258301,sit_stand_sit
1769345979.6262395,-0.309570,-0.895142,-0.317993,0.366211,10.803223,2.502441,sit_stand_sit
1769345979.6485436,-0.298950,-0.883545,-0.313354,0.854492,8.850098,2.502441,sit_stand_sit
1769345979.6660285,-0.297485,-0.887207,-0.309326,1.525879,6.774904,1.831055,sit_stand_sit
1769345979.6862476,-0.295898,-0.891846,-0.311157,2.136230,4.028320,1.342773,sit_stand_sit
1769345979.7138548,-0.300781,-0.892700,-0.312256,2.624512,1.464844,0.610352,sit_stand_sit
1769345979.725911,-0.308472,-0.893311,-0.312866,3.051759,0.183106,0.000000,sit_stand_sit
1769345979.7470918,-0.315674,-0.895264,-0.315063,3.356935,-0.183106,-0.915528,sit_stand_sit
1769345979.7662218,-0.317261,-0.896729,-0.323608,3.601075,-1.159668,-1.586915,sit_stand_sit
1769345979.786051,-0.320679,-0.895020,-0.325195,3.967286,-1.098633,-1.586915,sit_stand_sit
1769345979.8058279,-0.320435,-0.895264,-0.322876,4.211426,-0.366211,-1.708985,sit_stand_sit
1769345979.8259275,-0.320801,-0.893677,-0.320068,4.089355,0.976563,-1.831055,sit_stand_sit
1769345979.8468142,-0.322388,-0.887939,-0.316772,4.150391,2.441406,-2.197266,sit_stand_sit
1769345979.8658104,-0.322266,-0.884399,-0.316284,4.577637,4.089355,-2.563477,sit_stand_sit
1769345979.8885076,-0.317627,-0.881592,-0.313721,4.760742,4.882813,-3.234864,sit_stand_sit
1769345979.9058657,-0.313599,-0.873413,-0.302490,3.723145,4.333496,-5.981447,sit_stand_sit
1769345979.9270475,-0.313843,-0.875732,-0.301270,7.568361,4.943848,-6.774904,sit_stand_sit
1769345979.9468887,-0.318359,-0.872925,-0.302734,6.286623,5.065918,-7.995607,sit_stand_sit
1769345979.9665198,-0.312866,-0.882568,-0.296265,5.737307,5.859377,-8.361816,sit_stand_sit
1769345979.9859173,-0.316284,-0.877808,-0.292847,6.347658,6.042482,-11.901859,sit_stand_sit
1769345980.0060866,-0.311523,-0.847900,-0.309937,8.422852,7.324221,-15.869144,sit_stand_sit
1769345980.0260646,-0.303955,-0.877319,-0.304443,7.995607,7.934572,-16.357422,sit_stand_sit
1769345980.0460231,-0.323120,-0.877563,-0.302368,4.577637,8.911133,-18.859863,sit_stand_sit
1769345980.0661147,-0.308716,-0.889648,-0.298340,8.850098,11.779789,-20.751953,sit_stand_sit
1769345980.086386,-0.302490,-0.895752,-0.295532,10.009766,12.756351,-21.240234,sit_stand_sit
1769345980.1059773,-0.306641,-0.896606,-0.289795,7.446291,14.465336,-21.118164,sit_stand_sit
1769345980.1258733,-0.306396,-0.885010,-0.293335,11.108402,18.310547,-21.423340,sit_stand_sit
1769345980.147107,-0.299072,-0.902344,-0.288452,6.164553,20.263672,-25.756844,sit_stand_sit
1769345980.1660507,-0.293091,-0.921753,-0.291870,9.033203,26.062019,-28.381355,sit_stand_sit
1769345980.18617,-0.286255,-0.936523,-0.292969,10.192871,29.479988,-28.747566,sit_stand_sit
1769345980.2059507,-0.282227,-0.953369,-0.296509,13.000492,32.897949,-30.090340,sit_stand_sit
1769345980.226291,-0.270996,-0.974976,-0.301514,15.441898,38.818359,-30.029305,sit_stand_sit
1769345980.2463179,-0.222656,-1.006592,-0.299683,13.488773,41.320801,-30.151375,sit_stand_sit
1769345980.2660415,-0.144409,-1.042603,-0.294067,15.258793,33.569336,-33.386230,sit_stand_sit
1769345980.285833,-0.098389,-1.086914,-0.304077,19.653320,7.873537,-40.588379,sit_stand_sit
1769345980.3067033,-0.121826,-1.239380,-0.293091,26.672371,2.380371,-38.024902,sit_stand_sit
1769345980.3262303,-0.091064,-1.271729,-0.274170,28.686531,-0.976563,-37.048340,sit_stand_sit
1769345980.346769,-0.094238,-1.294922,-0.262939,29.052742,-4.089355,-38.818359,sit_stand_sit
1769345980.3658748,-0.138672,-1.286133,-0.261108,24.902351,4.821777,-37.658691,sit_stand_sit
1769345980.3861923,-0.126099,-1.259033,-0.240723,22.521980,26.000984,-35.766602,sit_stand_sit
1769345980.4061835,-0.038208,-1.256836,-0.235352,22.949226,39.855957,-32.226563,sit_stand_sit
1769345980.4260962,-0.007690,-1.226807,-0.277588,17.883301,56.701675,-14.770512,sit_stand_sit
1769345980.446021,0.106567,-1.176147,-0.128662,20.568848,68.725586,-5.859377,sit_stand_sit
1769345980.4663901,0.189575,-1.166138,-0.086182,25.817879,62.377945,-8.300781,sit_stand_sit
1769345980.4860601,0.213745,-1.184082,-0.096191,26.367195,47.119156,-13.610844,sit_stand_sit
1769345980.5059216,0.355713,-1.118530,-0.183228,22.766121,18.676758,-18.432617,sit_stand_sit
1769345980.5260394,0.383911,-1.058594,-0.288208,19.531250,-13.061527,-24.658211,sit_stand_sit
1769345980.5459902,0.321899,-1.032959,-0.312500,16.906738,-36.499023,-34.179688,sit_stand_sit
1769345980.566116,0.099731,-1.102783,-0.189575,4.760742,-31.066902,-39.550781,sit_stand_sit
1769345980.5861099,0.062744,-1.032104,-0.140137,0.793457,-12.451176,-37.719727,sit_stand_sit
1769345980.6065438,0.071411,-1.000122,-0.113647,4.150391,-5.004883,-38.146973,sit_stand_sit
1769345980.6259754,0.038086,-1.010742,-0.125977,3.417970,-1.953125,-36.743164,sit_stand_sit
1769345980.6462657,0.008911,-0.989380,-0.152466,-0.671387,4.699707,-31.616219,sit_stand_sit
1769345980.666198,0.017212,-0.935059,-0.132568,-5.004883,11.901859,-25.451668,sit_stand_sit
1769345980.686081,0.039551,-0.864624,-0.097900,-5.310059,14.099125,-18.554688,sit_stand_sit
1769345980.7060854,0.038452,-0.861084,-0.098755,-5.065918,10.009766,-18.554688,sit_stand_sit
1769345980.7262022,0.054810,-0.863770,-0.125244,-5.676271,0.976563,-18.676758,sit_stand_sit
1769345980.7461312,0.041260,-0.865845,-0.161865,-6.042482,-9.643555,-14.465336,sit_stand_sit
1769345980.7662528,0.034058,-0.852539,-0.179810,-6.103518,-18.127441,-11.596684,sit_stand_sit
1769345980.7858899,-0.000488,-0.861694,-0.176147,-5.554201,-22.949226,-8.789063,sit_stand_sit
1769345980.8059154,-0.027832,-0.855469,-0.171753,-6.896975,-21.850586,-5.859377,sit_stand_sit
1769345980.826316,-0.011230,-0.833740,-0.152466,-6.408693,-15.075687,1.770020,sit_stand_sit
1769345980.8459249,-0.057129,-0.873047,-0.142578,-4.943848,-9.765625,5.737307,sit_stand_sit
1769345980.8658686,0.029053,-0.807739,-0.154175,-7.812502,-7.446291,12.207035,sit_stand_sit
1769345980.8858135,-0.003906,-0.813843,-0.158081,-5.920412,-9.948730,17.395020,sit_stand_sit
1769345980.90618,0.037720,-0.779907,-0.172974,-7.141115,-7.019045,20.935059,sit_stand_sit
1769345980.9262998,0.068359,-0.755371,-0.176636,-5.615236,-6.652834,24.719246,sit_stand_sit
1769345980.9458675,0.060425,-0.768555,-0.175903,-6.347658,-4.028320,23.925789,sit_stand_sit
1769345980.9658828,0.074463,-0.776123,-0.182861,-7.019045,-4.760742,22.827156,sit_stand_sit
1769345980.9879467,0.089966,-0.794678,-0.183105,-8.056641,-8.361816,20.690918,sit_stand_sit
1769345981.006,0.098389,-0.835938,-0.172241,-7.873537,-14.099125,19.104004,sit_stand_sit
1769345981.0260613,0.081177,-0.881470,-0.156982,-6.896975,-16.662598,14.831547,sit_stand_sit
1769345981.0461564,0.076172,-0.928223,-0.142090,-5.554201,-15.319828,13.732914,sit_stand_sit
1769345981.0658343,0.074463,-0.964233,-0.131348,-5.920412,-13.122562,14.282230,sit_stand_sit
1769345981.086382,0.055664,-0.972046,-0.136841,-4.150391,-5.981447,12.023930,sit_stand_sit
1769345981.1059978,0.042236,-0.974121,-0.154907,-2.624512,0.854492,11.047363,sit_stand_sit
1769345981.1264193,0.044434,-0.976318,-0.171875,-0.671387,6.958010,10.681152,sit_stand_sit
1769345981.1468928,0.065918,-0.989014,-0.173462,1.342773,9.826660,10.070801,sit_stand_sit
1769345981.1658816,0.073730,-0.995972,-0.174316,1.831055,10.131836,8.911133,sit_stand_sit
1769345981.186374,0.077393,-0.980835,-0.177124,2.685547,9.582520,6.530764,sit_stand_sit
1769345981.2061965,0.085205,-0.980469,-0.171021,4.089355,7.629396,5.798342,sit_stand_sit
1769345981.2268364,0.076660,-0.980591,-0.173462,4.516602,4.760742,5.676271,sit_stand_sit
1769345981.245854,0.059692,-0.985352,-0.178711,5.249023,5.187988,4.394531,sit_stand_sit
1769345981.2658813,0.036743,-0.995972,-0.190796,5.615236,8.239746,2.929688,sit_stand_sit
1769345981.2872756,0.028320,-1.001465,-0.204102,5.798342,12.146000,1.525879,sit_stand_sit
1769345981.3066726,0.027588,-1.011230,-0.214233,6.347658,15.808109,0.366211,sit_stand_sit
1769345981.3258188,0.037598,-1.018311,-0.222900,5.798342,18.432617,0.915528,sit_stand_sit
1769345981.3482463,0.057617,-1.011719,-0.242065,3.967286,19.958496,0.915528,sit_stand_sit
1769345981.3630254,0.073975,-1.009155,-0.241455,2.441406,19.226074,0.488281,sit_stand_sit
1769345981.3841367,0.091187,-1.006592,-0.231323,0.610352,16.662598,0.122070,sit_stand_sit
1769345981.4063108,0.096802,-0.996948,-0.220703,-0.976563,12.939457,-0.305176,sit_stand_sit
1769345981.425936,0.096558,-0.991699,-0.211548,-1.708985,6.896975,-0.061035,sit_stand_sit
1769345981.4459648,0.085327,-0.987183,-0.199951,-1.708985,-1.281738,0.122070,sit_stand_sit
1769345981.4664066,0.059692,-0.976807,-0.189819,-1.708985,-6.958010,-0.305176,sit_stand_sit
1769345981.486371,0.033569,-0.987183,-0.163696,-1.342773,-7.995607,-1.525879,sit_stand_sit
1769345981.5062284,0.019897,-0.982666,-0.164917,-2.319336,-4.577637,-1.647950,sit_stand_sit
1769345981.5262446,0.013672,-0.974487,-0.165405,-2.624512,-0.915528,-1.403809,sit_stand_sit
1769345981.547313,0.017578,-0.975708,-0.162109,-2.319336,1.281738,-1.708985,sit_stand_sit
1769345981.5658903,0.024292,-0.980347,-0.160645,-1.953125,1.647950,-1.953125,sit_stand_sit
1769345981.5874195,0.023193,-0.988647,-0.161865,-1.281738,0.488281,-1.953125,sit_stand_sit
1769345981.6062791,0.022827,-0.987671,-0.166138,-1.098633,-2.258301,-1.159668,sit_stand_sit
1769345981.6274416,0.019409,-0.979736,-0.169678,-0.610352,-4.028320,-0.732422,sit_stand_sit
1769345981.6468072,0.015991,-0.982788,-0.170532,-0.244141,-5.187988,-1.220703,sit_stand_sit
1769345981.6660507,0.009033,-0.984985,-0.173462,-0.244141,-5.310059,-0.488281,sit_stand_sit
1769345981.6859827,0.003418,-0.983276,-0.177246,0.061035,-4.211426,0.366211,sit_stand_sit
1769345981.7060852,0.005615,-0.984375,-0.178101,0.793457,-2.624512,1.281738,sit_stand_sit
1769345981.7259588,0.010620,-0.991943,-0.179688,1.281738,-1.708985,1.831055,sit_stand_sit
1769345981.746436,0.012939,-0.993530,-0.186279,1.281738,-0.183106,2.563477,sit_stand_sit
1769345981.7660234,0.013550,-0.981445,-0.193481,1.464844,0.732422,3.601075,sit_stand_sit
1769345981.7869704,0.013916,-0.981689,-0.192749,2.136230,1.525879,3.540040,sit_stand_sit
1769345981.8064978,0.019409,-0.996582,-0.188721,2.441406,2.319336,3.234864,sit_stand_sit
1769345981.827638,0.024170,-0.993652,-0.192871,1.281738,2.624512,3.784181,sit_stand_sit
1769345981.8461988,0.023315,-0.982300,-0.201172,0.976563,2.502441,4.150391,sit_stand_sit
1769345981.8665214,0.023682,-0.986206,-0.201416,0.976563,2.685547,3.967286,sit_stand_sit
1769345981.8831344,0.082520,-0.993652,-0.201782,-1.220703,1.953125,4.699707,sit_stand_sit
1769345981.9052732,0.002197,-0.973999,-0.199463,0.732422,-0.183106,1.098633,sit_stand_sit
1769345981.9256887,0.020508,-0.993530,-0.204712,-0.244141,3.173829,0.488281,sit_stand_sit
1769345981.9459815,0.045288,-1.000732,-0.196411,-0.610352,3.784181,0.671387,sit_stand_sit
1769345981.966077,0.039185,-0.992676,-0.191772,-2.075195,0.549316,-1.220703,sit_stand_sit
1769345981.9863327,0.027344,-0.986084,-0.184570,-0.915528,3.234864,-1.525879,sit_stand_sit
1769345982.0069568,0.036133,-0.981323,-0.174927,0.305176,5.493164,-2.929688,sit_stand_sit
1769345982.0266318,0.050171,-0.987915,-0.176636,0.244141,6.103518,-1.953125,sit_stand_sit
1769345982.0466,0.056885,-0.986694,-0.178223,-1.953125,2.502441,1.525879,sit_stand_sit
1769345982.0663183,0.032104,-0.970703,-0.172974,-1.342773,1.586915,1.342773,sit_stand_sit
1769345982.0842166,0.037720,-0.981812,-0.175415,-1.098633,0.183106,-0.061035,sit_stand_sit
1769345982.1051576,0.030762,-0.977295,-0.179565,-1.281738,-2.319336,-0.976563,sit_stand_sit
1769345982.1260738,0.022827,-0.980835,-0.177856,-0.427246,-3.173829,-1.708985,sit_stand_sit
1769345982.1459408,0.018066,-0.989502,-0.180664,-0.549316,-3.234864,-2.075195,sit_stand_sit
1769345982.1662967,0.013794,-0.980835,-0.188110,-0.244141,-3.234864,-2.502441,sit_stand_sit
1769345982.1861296,0.009521,-0.985474,-0.190552,0.000000,-3.295899,-3.112794,sit_stand_sit
1769345982.206139,0.010132,-0.990112,-0.190063,0.061035,-2.746582,-2.929688,sit_stand_sit
1769345982.2262487,0.009888,-0.988037,-0.190918,0.000000,-2.014160,-2.380371,sit_stand_sit
1769345982.2467885,0.005127,-0.981689,-0.194458,0.122070,-0.915528,-1.708985,sit_stand_sit
1769345982.26624,0.008301,-0.981812,-0.198486,0.488281,0.976563,-0.610352,sit_stand_sit
1769345982.2861464,0.018188,-0.986816,-0.196411,0.305176,0.549316,-0.427246,sit_stand_sit
1769345982.3062868,0.018799,-0.988403,-0.195923,-0.488281,-0.671387,-0.305176,sit_stand_sit
1769345982.3262858,0.017822,-0.980347,-0.196899,-0.671387,-1.647950,0.000000,sit_stand_sit
1769345982.3459477,0.018799,-0.982910,-0.191162,-0.488281,-2.258301,0.000000,sit_stand_sit
1769345982.3661783,0.013550,-0.988281,-0.186157,-0.793457,-2.319336,0.244141,sit_stand_sit
1769345982.386186,0.044556,-0.992065,-0.188965,-1.953125,-0.488281,1.708985,sit_stand_sit
1769345982.4064155,0.014526,-0.982910,-0.180664,-0.610352,0.244141,0.183106,sit_stand_sit
1769345982.4264066,0.023071,-0.987671,-0.180298,-0.427246,1.342773,-0.793457,sit_stand_sit
1769345982.445938,0.044800,-0.990112,-0.182739,-1.159668,-0.305176,0.732422,sit_stand_sit
1769345982.4661853,0.018555,-0.978516,-0.175781,-0.305176,1.464844,0.488281,sit_stand_sit
1769345982.4866927,0.042236,-0.989746,-0.180176,-0.366211,1.892090,0.793457,sit_stand_sit
1769345982.506246,0.034790,-0.982788,-0.180542,-1.037598,-0.488281,0.854492,sit_stand_sit
1769345982.5260377,0.034912,-0.981079,-0.177856,-0.671387,-0.427246,1.281738,sit_stand_sit
1769345982.546157,0.023071,-0.979248,-0.179199,-0.488281,-0.671387,2.380371,sit_stand_sit
1769345982.5659325,0.025024,-0.977661,-0.184204,-0.122070,0.244141,2.502441,sit_stand_sit
1769345982.586576,0.026611,-0.981567,-0.188354,-0.549316,-0.305176,2.807618,sit_stand_sit
1769345982.606562,0.015381,-0.979858,-0.185791,-0.427246,0.549316,2.929688,sit_stand_sit
1769345982.6259038,0.026123,-0.982544,-0.189575,-0.671387,0.610352,3.051759,sit_stand_sit
1769345982.6458743,0.021973,-0.975098,-0.191528,-0.854492,-0.061035,3.479005,sit_stand_sit
1769345982.6661992,0.015381,-0.957397,-0.196777,-0.549316,0.488281,3.845216,sit_stand_sit
1769345982.6826012,0.019897,-0.954590,-0.195190,-0.671387,0.366211,4.028320,sit_stand_sit
1769345982.7011158,0.013184,-0.941040,-0.190918,-0.610352,1.586915,3.906251,sit_stand_sit
1769345982.725907,0.020874,-0.929077,-0.184692,-0.671387,2.197266,3.845216,sit_stand_sit
1769345982.746043,0.028076,-0.911377,-0.183594,-1.159668,1.342773,4.577637,sit_stand_sit
1769345982.7662318,0.022705,-0.886597,-0.189941,-1.342773,-0.122070,5.249023,sit_stand_sit
1769345982.7873063,0.019653,-0.857788,-0.195557,-1.647950,-0.976563,5.126953,sit_stand_sit
1769345982.8336263,0.021362,-0.794800,-0.200317,-3.479005,-2.197266,5.859377,sit_stand_sit
1769345982.8364148,-0.006958,-0.763550,-0.216064,-5.310059,-0.732422,4.577637,sit_stand_sit
1769345983.0208597,-0.015137,-0.760132,-0.223633,-5.920412,3.479005,0.732422,sit_stand_sit
1769345983.0208597,0.013428,-0.803467,-0.215820,-6.591799,4.333496,-4.455566,sit_stand_sit
1769345983.0229228,0.037231,-0.839355,-0.212402,-10.192871,-2.014160,-6.713869,sit_stand_sit
1769345983.0229228,0.037720,-0.862549,-0.218018,-13.366703,-12.146000,-7.141115,sit_stand_sit
1769345983.0229228,0.017944,-0.921875,-0.196167,-14.587406,-22.583015,-11.352543,sit_stand_sit
1769345983.0229228,0.025269,-0.952759,-0.194458,-14.343266,-28.259285,-12.390141,sit_stand_sit
1769345983.0229228,0.024902,-0.936890,-0.197998,-14.343266,-34.179688,-9.216309,sit_stand_sit
1769345983.0229228,0.009644,-0.899902,-0.200317,-11.230473,-36.926270,-5.981447,sit_stand_sit
1769345983.22637,-0.023804,-0.876465,-0.210938,-6.958010,-31.982430,-4.943848,sit_stand_sit
1769345983.22637,-0.045532,-0.865356,-0.224731,-3.173829,-21.240234,-3.662110,sit_stand_sit
1769345983.22637,-0.043091,-0.866089,-0.226807,-0.488281,-8.239746,-1.586915,sit_stand_sit
1769345983.22637,-0.020752,-0.898438,-0.211304,1.342773,9.765625,-2.075195,sit_stand_sit
1769345983.22637,-0.007202,-0.902588,-0.206665,1.281738,16.113281,-2.380371,sit_stand_sit
1769345983.22637,0.011597,-0.926025,-0.195190,1.708985,17.456055,-4.333496,sit_stand_sit
1769345983.22637,0.042969,-0.966064,-0.184570,1.708985,14.404301,-6.530764,sit_stand_sit
1769345983.22637,0.038574,-1.011719,-0.188843,1.708985,8.789063,-8.117676,sit_stand_sit
1769345983.22637,0.019775,-1.074707,-0.189209,1.647950,3.540040,-10.498047,sit_stand_sit
1769345983.22637,0.016968,-1.125000,-0.185181,0.305176,-1.159668,-10.681152,sit_stand_sit
1769345983.22637,0.020874,-1.122559,-0.182129,-2.868653,-8.972168,-2.563477,sit_stand_sit
1769345983.22637,0.036743,-1.067993,-0.185913,-2.258301,-13.061527,6.469728,sit_stand_sit
1769345983.2382352,0.029053,-1.041260,-0.190186,1.037598,-14.709476,13.122562,sit_stand_sit
1769345983.281248,0.016479,-1.044922,-0.197632,3.540040,-12.390141,18.371582,sit_stand_sit
1769345983.2858129,0.006958,-1.064575,-0.210571,4.455566,-6.958010,23.864754,sit_stand_sit
1769345983.3065233,0.026855,-1.068115,-0.216797,5.187988,-5.676271,28.930672,sit_stand_sit
1769345983.3273573,0.023682,-1.084961,-0.219849,2.258301,0.122070,36.071777,sit_stand_sit
1769345983.3460338,0.000610,-1.096069,-0.223389,-0.854492,-4.150391,41.870117,sit_stand_sit
1769345983.3661752,-0.030396,-1.079102,-0.237061,-4.882813,-4.455566,44.982925,sit_stand_sit
1769345983.3769574,-0.053833,-1.068726,-0.251343,-7.080080,-2.746582,49.072281,sit_stand_sit
1769345983.4060705,-0.066284,-1.058228,-0.258789,-10.681152,-1.892090,53.527847,sit_stand_sit
1769345983.4258068,-0.074097,-1.031616,-0.252319,-13.977055,-2.197266,57.495132,sit_stand_sit
1769345983.4460905,-0.070801,-0.996948,-0.240479,-16.174316,-3.784181,59.936539,sit_stand_sit
1769345983.4658875,-0.082520,-0.964355,-0.228638,-15.991215,-8.178711,58.776871,sit_stand_sit
1769345983.486804,-0.122559,-0.980713,-0.237793,-14.343266,-9.643555,53.588882,sit_stand_sit
1769345983.5060198,-0.171753,-1.032593,-0.261230,-13.427738,-8.178711,45.043961,sit_stand_sit
1769345983.5262377,-0.199219,-1.077148,-0.291626,-15.930180,-5.920412,36.376953,sit_stand_sit
1769345983.5466778,-0.198853,-1.068359,-0.304565,-19.104004,-8.117676,29.785164,sit_stand_sit
1769345983.5661366,-0.198120,-1.033569,-0.295288,-19.836426,-17.150879,24.047859,sit_stand_sit
1769345983.5862062,-0.224121,-1.022339,-0.292480,-16.235352,-32.348633,14.526371,sit_stand_sit
1769345983.606988,-0.255371,-1.039185,-0.312988,-12.817387,-36.926270,8.972168,sit_stand_sit
1769345983.627187,-0.283325,-1.054688,-0.350952,-9.948730,-37.780762,4.882813,sit_stand_sit
1769345983.6462905,-0.257080,-1.054688,-0.414429,-11.108402,-43.518066,0.122070,sit_stand_sit
1769345983.8361301,-0.263428,-1.007202,-0.473267,-12.451176,-65.063477,-3.845216,sit_stand_sit
1769345983.8361301,-0.385498,-1.009277,-0.467285,-11.840824,-64.758301,-4.516602,sit_stand_sit
1769345983.8361301,-0.422363,-0.972290,-0.454346,-12.878422,-46.142593,-3.417970,sit_stand_sit
1769345983.8361301,-0.465088,-0.943237,-0.350098,-17.272949,-7.202150,2.868653,sit_stand_sit
1769345983.8361301,-0.433472,-0.904175,-0.281006,-18.554688,26.733406,8.972168,sit_stand_sit
1769345983.8361301,-0.368774,-0.869507,-0.234497,-19.592285,48.767105,12.146000,sit_stand_sit
1769345983.8361301,-0.332275,-0.849121,-0.209717,-18.554688,61.645523,13.183598,sit_stand_sit
1769345983.8361301,-0.303467,-0.833252,-0.206177,-15.808109,68.481445,13.122562,sit_stand_sit
1769345983.8361301,-0.295044,-0.839233,-0.217041,-13.610844,67.871094,12.207035,sit_stand_sit
1769345984.0430024,-0.281128,-0.837280,-0.255249,-11.474613,58.227554,9.033203,sit_stand_sit
1769345984.046083,-0.293091,-0.848755,-0.322144,-7.263186,30.578621,6.225588,sit_stand_sit
1769345984.046083,-0.328003,-0.874268,-0.354126,-3.234864,17.639160,3.112794,sit_stand_sit
1769345984.046083,-0.286987,-0.897583,-0.370728,-1.159668,9.155273,0.793457,sit_stand_sit
1769345984.046083,-0.261719,-0.908691,-0.383789,-0.366211,-2.014160,2.197266,sit_stand_sit
1769345984.046083,-0.304932,-0.917603,-0.395020,-0.610352,-6.958010,2.990724,sit_stand_sit
1769345984.046083,-0.330688,-0.928345,-0.395996,-1.525879,-2.441406,2.624512,sit_stand_sit
1769345984.046083,-0.329590,-0.929810,-0.388794,-5.432129,10.192871,3.173829,sit_stand_sit
1769345984.046083,-0.282593,-0.914551,-0.401978,-7.629396,15.319828,3.540040,sit_stand_sit
1769345984.046083,-0.256592,-0.900635,-0.426880,-8.850098,15.258793,3.479005,sit_stand_sit
1769345984.046083,-0.236938,-0.888672,-0.437134,-9.643555,12.634281,2.746582,sit_stand_sit
1769345984.0664,-0.228516,-0.875000,-0.428589,-9.521484,8.178711,2.624512,sit_stand_sit
1769345984.0858688,-0.238281,-0.868896,-0.410767,-9.277344,4.821777,2.502441,sit_stand_sit
1769345984.1238456,-0.253174,-0.857666,-0.392578,-8.911133,4.577637,2.258301,sit_stand_sit
1769345984.1262004,-0.255737,-0.850830,-0.380371,-7.385256,7.385256,1.464844,sit_stand_sit
1769345984.1460311,-0.248291,-0.858643,-0.378784,-6.225588,7.812502,0.854492,sit_stand_sit
1769345984.1661382,-0.227661,-0.862915,-0.371826,-4.516602,4.821777,0.610352,sit_stand_sit
1769345984.186039,-0.214233,-0.870972,-0.367432,-2.746582,-1.586915,-0.122070,sit_stand_sit
1769345984.2062013,-0.226074,-0.873657,-0.375610,-1.098633,-7.812502,-1.037598,sit_stand_sit
1769345984.2258677,-0.242554,-0.885742,-0.382935,1.098633,-10.070801,-1.708985,sit_stand_sit
1769345984.2462142,-0.248047,-0.884521,-0.384155,0.244141,-14.160160,-4.333496,sit_stand_sit
1769345984.266168,-0.250122,-0.874023,-0.390015,0.122070,-16.113281,-5.249023,sit_stand_sit
1769345984.286273,-0.263550,-0.879639,-0.390015,1.586915,-15.808109,-4.272461,sit_stand_sit
1769345984.306158,-0.266724,-0.875244,-0.393799,2.197266,-16.479492,-5.249023,sit_stand_sit
1769345984.3259318,-0.277222,-0.877319,-0.395874,2.563477,-17.333984,-4.516602,sit_stand_sit
1769345984.3461533,-0.287476,-0.873535,-0.394897,1.953125,-18.432617,-4.638672,sit_stand_sit
1769345984.3657463,-0.307251,-0.872803,-0.388672,2.075195,-15.686039,-3.845216,sit_stand_sit
1769345984.385737,-0.286621,-0.877075,-0.394897,2.197266,-11.596684,-3.662110,sit_stand_sit
1769345984.406124,-0.315796,-0.888062,-0.395264,1.586915,-10.009766,-2.563477,sit_stand_sit
1769345984.4259484,-0.306396,-0.884399,-0.399292,1.586915,-6.347658,-1.831055,sit_stand_sit
1769345984.4465113,-0.304565,-0.891724,-0.400269,0.976563,-5.004883,-1.342773,sit_stand_sit
1769345984.4661882,-0.312256,-0.887573,-0.397095,0.244141,-0.488281,-0.732422,sit_stand_sit
1769345984.485837,-0.303101,-0.886597,-0.397827,-0.061035,4.638672,-0.366211,sit_stand_sit
1769345984.5074277,-0.289795,-0.887817,-0.397583,-0.671387,10.070801,-0.488281,sit_stand_sit
1769345984.5162485,-0.274414,-0.886963,-0.392822,-0.732422,12.390141,-0.610352,sit_stand_sit
1769345984.5460658,-0.267334,-0.885376,-0.388428,-0.793457,13.366703,-1.098633,sit_stand_sit
1769345984.5660923,-0.263062,-0.884888,-0.383301,-0.610352,13.000492,-1.525879,sit_stand_sit
1769345984.586004,-0.263794,-0.885742,-0.381104,-0.305176,12.146000,-1.831055,sit_stand_sit
1769345984.6061382,-0.262573,-0.881958,-0.378174,0.061035,10.986328,-2.014160,sit_stand_sit
1769345984.626154,-0.261963,-0.882324,-0.373169,0.610352,9.582520,-2.014160,sit_stand_sit
1769345984.6461515,-0.262939,-0.884033,-0.372925,1.342773,7.141115,-1.708985,sit_stand_sit
1769345984.665964,-0.265137,-0.880981,-0.378906,2.197266,6.469728,-1.098633,sit_stand_sit
1769345984.6858377,-0.261475,-0.889282,-0.375610,2.746582,5.798342,-1.098633,sit_stand_sit
1769345984.7061467,-0.256348,-0.884766,-0.379272,2.502441,4.821777,-0.488281,sit_stand_sit
1769345984.7259104,-0.258911,-0.881714,-0.385864,2.929688,4.516602,0.000000,sit_stand_sit
1769345984.745837,-0.256470,-0.886597,-0.388672,3.112794,5.004883,-0.183106,sit_stand_sit
1769345984.766199,-0.245972,-0.890137,-0.391724,2.807618,4.699707,-0.061035,sit_stand_sit
1769345984.7861576,-0.241211,-0.887817,-0.394653,2.197266,2.990724,0.000000,sit_stand_sit
1769345984.8061855,-0.240479,-0.887329,-0.393799,2.014160,2.075195,-0.122070,sit_stand_sit
1769345984.8258417,-0.239258,-0.888794,-0.390747,2.136230,1.037598,-0.305176,sit_stand_sit
1769345984.8461294,-0.238770,-0.892334,-0.387451,2.136230,-0.122070,-0.488281,sit_stand_sit
1769345984.865817,-0.238892,-0.895630,-0.383301,2.014160,-1.525879,-0.793457,sit_stand_sit
1769345984.883668,-0.240601,-0.896118,-0.379272,1.953125,-2.746582,-1.220703,sit_stand_sit
1769345984.9032066,-0.246216,-0.891113,-0.376465,1.953125,-3.540040,-1.708985,sit_stand_sit
1769345984.925142,-0.245117,-0.888306,-0.375244,2.258301,-4.028320,-1.892090,sit_stand_sit
1769345984.9459536,-0.245728,-0.888672,-0.374146,2.685547,-4.760742,-2.319336,sit_stand_sit
1769345984.9656198,-0.243164,-0.893921,-0.372070,3.051759,-5.676271,-2.502441,sit_stand_sit
1769345984.9865415,-0.238647,-0.896484,-0.371948,3.173829,-7.202150,-2.563477,sit_stand_sit
1769345985.0060966,-0.235107,-0.897461,-0.368774,3.479005,-9.460449,-2.685547,sit_stand_sit
1769345985.0266576,-0.230103,-0.896851,-0.367188,3.906251,-12.390141,-2.746582,sit_stand_sit
1769345985.0461586,-0.234375,-0.891846,-0.366943,4.760742,-16.906738,-2.502441,sit_stand_sit
1769345985.0667415,-0.243896,-0.885132,-0.367676,5.676271,-18.615723,-2.563477,sit_stand_sit
1769345985.0859284,-0.248901,-0.884766,-0.364746,6.591799,-20.019531,-2.929688,sit_stand_sit
1769345985.1058514,-0.258911,-0.887329,-0.361694,6.713869,-20.141602,-3.356935,sit_stand_sit
1769345985.1273623,-0.270020,-0.892700,-0.354980,7.263186,-19.287109,-3.784181,sit_stand_sit
1769345985.1463194,-0.268677,-0.900513,-0.349976,6.896975,-18.554688,-4.394531,sit_stand_sit
1769345985.1672814,-0.274902,-0.893311,-0.341675,6.591799,-16.723633,-4.333496,sit_stand_sit
1769345985.1821005,-0.273682,-0.890137,-0.336914,8.361816,-17.395020,-5.676271,sit_stand_sit
1769345985.205889,-0.251831,-0.910522,-0.337402,12.756351,-26.062019,-6.042482,sit_stand_sit
1769345985.226255,-0.256226,-0.932617,-0.319336,15.502934,-38.574219,-4.699707,sit_stand_sit
1769345985.2460704,-0.251465,-0.919067,-0.304688,18.127441,-52.124039,-3.173829,sit_stand_sit
1769345985.2668004,-0.240234,-0.912598,-0.290161,21.118164,-70.495605,-2.868653,sit_stand_sit
1769345985.2857752,-0.243408,-0.913086,-0.267456,20.690918,-89.477570,-2.563477,sit_stand_sit
1769345985.3060148,-0.362549,-0.915039,-0.235962,18.127441,-93.750031,-1.342773,sit_stand_sit
1769345985.3258533,-0.383057,-0.897705,-0.241089,15.502934,-79.101563,-0.183106,sit_stand_sit
1769345985.3458204,-0.432251,-0.890869,-0.235962,14.770512,-61.157242,-0.549316,sit_stand_sit
1769345985.3658335,-0.393188,-0.881226,-0.245850,12.451176,-41.137695,-4.699707,sit_stand_sit
1769345985.3860712,-0.374268,-0.900146,-0.231689,12.084965,-29.113777,-8.300781,sit_stand_sit
1769345985.40611,-0.348511,-0.911255,-0.224243,9.643555,-20.568848,-13.366703,sit_stand_sit
1769345985.4262784,-0.346558,-0.900879,-0.216309,10.314941,-13.366703,-14.465336,sit_stand_sit
1769345985.4463365,-0.317505,-0.914307,-0.192383,11.291508,-6.469728,-17.700195,sit_stand_sit
1769345985.4662576,-0.291992,-0.946045,-0.166260,10.925293,-7.751467,-25.390633,sit_stand_sit
1769345985.4874768,-0.315186,-0.983765,-0.154663,13.488773,0.732422,-26.977547,sit_stand_sit
1769345985.5074415,-0.263672,-1.003296,-0.158081,12.146000,9.704590,-26.123055,sit_stand_sit
1769345985.525875,-0.238159,-0.989380,-0.124268,9.277344,11.718754,-30.090340,sit_stand_sit
1769345985.5458734,-0.203491,-0.997803,-0.083618,8.056641,6.896975,-41.931152,sit_stand_sit
1769345985.5658822,-0.210938,-1.101196,-0.135620,14.221195,3.906251,-57.189957,sit_stand_sit
1769345985.5881398,-0.234619,-1.232544,-0.172485,18.615723,4.089355,-60.119644,sit_stand_sit
1769345985.6066504,-0.280273,-1.315308,-0.166748,15.197758,5.065918,-57.617203,sit_stand_sit
1769345985.626515,-0.366211,-1.299072,-0.145142,8.056641,16.174316,-59.021011,sit_stand_sit
1769345985.6462648,-0.398804,-1.252441,-0.122559,7.751467,38.635254,-65.185547,sit_stand_sit
1769345985.666144,-0.354736,-1.243164,-0.142212,8.117676,64.697266,-66.040039,sit_stand_sit
1769345985.6867986,-0.260742,-1.235352,-0.239990,0.610352,93.811066,-59.570328,sit_stand_sit
1769345985.7063873,0.082886,-1.164917,-0.442505,3.784181,100.830109,-55.603043,sit_stand_sit
1769345985.7280965,0.146606,-1.262207,-0.435547,10.498047,81.237793,-47.607437,sit_stand_sit
1769345985.745988,0.162354,-1.290161,-0.344971,6.835939,57.739273,-36.865234,sit_stand_sit
1769345985.7664914,0.181274,-1.211792,-0.270752,-0.366211,37.841797,-25.939949,sit_stand_sit
1769345985.7872677,0.161987,-1.157104,-0.227905,4.272461,23.620613,-18.249512,sit_stand_sit
1769345985.8077557,0.145386,-1.167236,-0.195313,1.770020,12.329105,-16.540527,sit_stand_sit
1769345985.8277974,0.088867,-1.068726,-0.159424,0.976563,3.845216,-10.253906,sit_stand_sit
1769345985.8477025,0.036743,-1.033447,-0.140015,2.197266,11.413578,-8.422852,sit_stand_sit
1769345985.8666036,0.019653,-1.022949,-0.111206,2.319336,21.667480,-7.202150,sit_stand_sit
1769345985.8862336,0.038208,-0.991821,-0.079224,1.220703,22.766121,-7.263186,sit_stand_sit
1769345985.906256,0.046509,-0.950439,-0.062744,0.122070,17.333984,-7.141115,sit_stand_sit
1769345985.9262686,0.035767,-0.900269,-0.063599,-0.793457,12.451176,-6.042482,sit_stand_sit
1769345985.9471319,0.011597,-0.845337,-0.075684,0.183106,12.207035,-9.704590,sit_stand_sit
1769345985.968224,0.020630,-0.844238,-0.087646,2.197266,11.352543,-10.314941,sit_stand_sit
1769345985.987461,-0.015747,-0.860596,-0.079590,4.089355,16.235352,0.671387,sit_stand_sit
1769345986.0081618,-0.012085,-0.832520,-0.092163,2.380371,19.409180,3.417970,sit_stand_sit
1769345986.0260694,-0.027466,-0.813354,-0.109863,3.540040,20.263672,2.258301,sit_stand_sit
1769345986.0461268,-0.025757,-0.823608,-0.117676,3.723145,24.841316,2.380371,sit_stand_sit
1769345986.067539,0.000488,-0.808838,-0.136719,1.892090,26.367195,3.051759,sit_stand_sit
1769345986.0859923,0.072021,-0.784790,-0.193359,-0.732422,12.084965,2.807618,sit_stand_sit
1769345986.1067374,0.060303,-0.795410,-0.204712,-2.685547,-0.061035,3.479005,sit_stand_sit
1769345986.1277592,0.044434,-0.797607,-0.196045,-6.652834,-4.882813,4.699707,sit_stand_sit
1769345986.1470494,0.054321,-0.788452,-0.182861,-8.728027,-7.873537,5.432129,sit_stand_sit
1769345986.1669753,0.057617,-0.800293,-0.158691,-9.460449,-10.192871,5.798342,sit_stand_sit
1769345986.1862419,0.052612,-0.806030,-0.141602,-9.826660,-11.840824,5.004883,sit_stand_sit
1769345986.2070005,0.042114,-0.805786,-0.123535,-7.324221,-10.498047,4.394531,sit_stand_sit
1769345986.2260997,0.066650,-0.821899,-0.107788,-5.371094,-11.352543,3.906251,sit_stand_sit
1769345986.2473476,0.063477,-0.834229,-0.099487,-3.479005,-11.535648,2.380371,sit_stand_sit
1769345986.2661831,0.043823,-0.856812,-0.102295,-2.685547,-8.544922,0.854492,sit_stand_sit
1769345986.2883415,0.019653,-0.879883,-0.111328,-2.563477,-2.685547,0.305176,sit_stand_sit
1769345986.3076847,0.000732,-0.911133,-0.117676,-1.281738,5.249023,-2.319336,sit_stand_sit
1769345986.3281646,0.015869,-0.941406,-0.117188,-0.122070,12.329105,-6.347658,sit_stand_sit
1769345986.3475678,0.033203,-0.983521,-0.123047,-0.183106,16.296387,-6.530764,sit_stand_sit
1769345986.366357,0.038574,-0.981567,-0.132935,-0.610352,14.953617,-3.601075,sit_stand_sit
1769345986.3875117,0.052368,-0.974854,-0.131958,0.488281,10.986328,-0.610352,sit_stand_sit
1769345986.4060094,0.059326,-0.983887,-0.134766,2.563477,5.615236,1.525879,sit_stand_sit
1769345986.4275656,0.059692,-1.006592,-0.139404,4.150391,-0.122070,3.356935,sit_stand_sit
1769345986.4462945,0.063843,-1.012451,-0.150146,3.845216,-5.493164,5.981447,sit_stand_sit
1769345986.4660614,0.070435,-0.994751,-0.167725,4.272461,-12.329105,6.774904,sit_stand_sit
1769345986.4864042,0.082031,-0.995117,-0.185303,5.554201,-22.399910,4.150391,sit_stand_sit
1769345986.5093453,0.067505,-1.007446,-0.185303,4.333496,-22.399910,3.051759,sit_stand_sit
1769345986.5261512,0.043579,-1.010254,-0.188110,2.990724,-16.052246,2.746582,sit_stand_sit
1769345986.5460603,0.020874,-1.011841,-0.179932,1.708985,-4.699707,1.708985,sit_stand_sit
1769345986.5665228,0.024658,-1.011963,-0.162231,0.488281,8.605957,-1.159668,sit_stand_sit
1769345986.586164,0.048218,-1.006226,-0.152588,0.061035,18.493652,-2.868653,sit_stand_sit
1769345986.606293,0.064819,-1.010254,-0.140503,0.305176,22.888191,-3.112794,sit_stand_sit
1769345986.6434834,0.086060,-1.001343,-0.136719,0.427246,18.432617,-2.685547,sit_stand_sit
1769345986.6709516,0.084106,-0.990601,-0.132324,1.098633,10.375977,-1.525879,sit_stand_sit
1769345986.6709516,0.067383,-0.985718,-0.126709,1.647950,3.784181,-1.403809,sit_stand_sit
1769345986.687482,0.046265,-0.991089,-0.121826,2.014160,0.000000,-1.647950,sit_stand_sit
1769345986.7062848,0.032349,-0.994873,-0.112305,1.770020,-0.427246,-1.525879,sit_stand_sit
1769345986.726286,0.032104,-0.993530,-0.102539,1.403809,0.976563,-1.647950,sit_stand_sit
1769345986.7463727,0.036865,-0.986572,-0.104126,2.563477,3.234864,-1.037598,sit_stand_sit
1769345986.766235,0.049194,-0.989258,-0.112427,3.112794,4.150391,-1.647950,sit_stand_sit
1769345986.787855,0.057251,-0.991699,-0.123657,3.173829,4.089355,-2.319336,sit_stand_sit
1769345986.8061347,0.059326,-0.989868,-0.136841,2.990724,4.211426,-3.295899,sit_stand_sit
1769345986.826808,0.067749,-0.999756,-0.141846,2.868653,5.004883,-4.577637,sit_stand_sit
1769345986.8473408,0.076904,-1.006104,-0.151245,2.136230,5.065918,-4.577637,sit_stand_sit
1769345986.8665745,0.076660,-1.004272,-0.165527,0.793457,4.760742,-2.746582,sit_stand_sit
1769345986.8859963,0.071533,-1.005859,-0.166870,0.610352,3.540040,-2.746582,sit_stand_sit
1769345986.907028,0.077148,-1.007080,-0.158325,-0.549316,1.892090,-2.868653,sit_stand_sit
1769345986.9260654,0.059937,-1.009277,-0.143555,-0.854492,1.464844,-2.075195,sit_stand_sit
1769345986.9461498,0.055664,-0.998291,-0.142700,-2.014160,2.502441,-1.770020,sit_stand_sit
1769345986.9676406,0.063477,-0.989990,-0.135376,-1.708985,1.953125,-0.976563,sit_stand_sit
1769345986.9885995,0.061035,-0.995728,-0.118408,-1.525879,0.305176,-1.342773,sit_stand_sit
1769345987.0082748,0.054688,-0.986328,-0.116943,-1.647950,-1.159668,-0.793457,sit_stand_sit
1769345987.0281973,0.049316,-0.980957,-0.112671,-0.366211,-1.525879,-0.366211,sit_stand_sit
1769345987.0461516,0.049194,-0.990479,-0.107788,0.366211,-1.220703,-0.122070,sit_stand_sit
1769345987.0671678,0.052612,-0.987793,-0.116699,0.854492,-1.464844,1.098633,sit_stand_sit
1769345987.0863245,0.059937,-0.989868,-0.122559,1.464844,-2.746582,1.708985,sit_stand_sit
1769345987.1072848,0.069702,-0.994141,-0.130371,1.647950,-4.577637,1.708985,sit_stand_sit
1769345987.1283605,0.055908,-0.998779,-0.142944,1.342773,-4.699707,2.075195,sit_stand_sit
1769345987.148048,0.059692,-1.001099,-0.153198,0.793457,-1.586915,1.647950,sit_stand_sit
1769345987.167375,0.066895,-0.994385,-0.157227,0.122070,-0.793457,1.342773,sit_stand_sit
1769345987.1883261,0.059814,-0.989258,-0.154175,-0.427246,0.000000,0.732422,sit_stand_sit
1769345987.207552,0.056152,-0.988525,-0.153076,-0.671387,2.502441,0.366211,sit_stand_sit
1769345987.2263296,0.062866,-0.992432,-0.148438,-0.854492,4.150391,0.122070,sit_stand_sit
1769345987.2465904,0.067505,-0.995605,-0.143799,-1.464844,4.028320,0.183106,sit_stand_sit
1769345987.4233582,0.062012,-0.993774,-0.135620,-1.831055,3.051759,0.366211,sit_stand_sit
1769345987.4266415,0.061523,-0.993652,-0.132080,-1.708985,2.441406,0.366211,sit_stand_sit
1769345987.4266415,0.059448,-0.994995,-0.130737,-1.647950,1.464844,0.366211,sit_stand_sit
1769345987.4266415,0.054199,-0.998901,-0.127563,-1.647950,0.610352,0.244141,sit_stand_sit
1769345987.4266415,0.053345,-0.996826,-0.125122,-1.464844,0.427246,0.488281,sit_stand_sit
1769345987.4266415,0.054077,-0.997314,-0.127075,-1.098633,0.183106,0.793457,sit_stand_sit
1769345987.4266415,0.059937,-0.993286,-0.133423,-1.159668,-0.183106,1.159668,sit_stand_sit
1769345987.4266415,0.053101,-0.993530,-0.145508,-0.732422,-0.305176,0.671387,sit_stand_sit
1769345987.6293335,0.060547,-0.985718,-0.151855,-0.610352,0.244141,0.854492,sit_stand_sit
1769345987.6332982,0.058350,-0.994507,-0.148438,-0.366211,-0.488281,0.793457,sit_stand_sit
1769345987.6332982,0.054810,-0.999634,-0.153809,-1.037598,-0.122070,0.610352,sit_stand_sit
1769345987.6332982,0.050171,-0.992676,-0.152710,-1.586915,0.244141,1.342773,sit_stand_sit
1769345987.6332982,0.047852,-0.991943,-0.147583,-1.647950,0.732422,1.586915,sit_stand_sit
1769345987.6332982,0.047852,-0.994385,-0.149414,-1.525879,1.159668,1.647950,sit_stand_sit
1769345987.6332982,0.044800,-0.994507,-0.150635,-2.197266,0.732422,1.770020,sit_stand_sit
1769345987.6332982,0.043945,-0.991455,-0.146851,-2.380371,0.061035,1.953125,sit_stand_sit
1769345987.6332982,0.037476,-1.000977,-0.139771,-2.136230,0.061035,1.464844,sit_stand_sit
1769345987.6353116,0.038818,-0.998047,-0.144043,-2.746582,0.488281,1.770020,sit_stand_sit
1769345987.6353116,0.037720,-0.985718,-0.148438,-2.563477,0.122070,3.112794,sit_stand_sit
1769345987.6462164,0.030029,-0.984253,-0.148682,-2.014160,0.366211,2.990724,sit_stand_sit
1769345987.6678922,0.034424,-0.993286,-0.153687,-1.953125,2.197266,2.685547,sit_stand_sit
1769345987.6859627,0.039551,-0.997070,-0.151367,-2.380371,2.319336,2.868653,sit_stand_sit
1769345987.7070627,0.039795,-0.997559,-0.152100,-2.929688,1.892090,2.868653,sit_stand_sit
1769345987.7259376,0.038940,-0.990601,-0.152710,-2.990724,1.586915,3.540040,sit_stand_sit
1769345987.7459433,0.035767,-0.990112,-0.152710,-2.685547,1.708985,3.479005,sit_stand_sit
1769345987.7664826,0.036011,-0.992920,-0.154175,-2.563477,2.075195,3.234864,sit_stand_sit
1769345987.7871125,0.042603,-0.991943,-0.156738,-3.173829,1.647950,3.540040,sit_stand_sit
1769345987.8059247,0.021240,-0.998047,-0.148438,-4.089355,-2.197266,3.967286,sit_stand_sit
1769345987.8278487,0.031982,-0.990845,-0.149048,-3.173829,-0.366211,4.211426,sit_stand_sit
1769345987.8468323,0.036377,-0.993530,-0.149414,-3.356935,-1.098633,4.089355,sit_stand_sit
1769345987.8659499,0.029175,-0.987793,-0.149902,-3.417970,-1.586915,4.150391,sit_stand_sit
1769345987.885968,0.029419,-0.988037,-0.152344,-3.479005,-0.671387,4.089355,sit_stand_sit
1769345987.9059021,0.036987,-0.984985,-0.145508,-3.051759,-0.244141,4.150391,sit_stand_sit
1769345987.9276826,0.034424,-0.981934,-0.153931,-3.356935,-0.122070,3.784181,sit_stand_sit
1769345987.9462254,0.033203,-0.978271,-0.152588,-3.234864,0.549316,3.601075,sit_stand_sit
1769345987.9666228,0.041748,-0.982910,-0.153076,-3.356935,0.732422,3.723145,sit_stand_sit
1769345987.986368,0.041138,-0.981689,-0.162964,-3.356935,-0.976563,3.967286,sit_stand_sit
1769345988.0084627,0.032959,-0.985962,-0.164917,-3.356935,-3.173829,3.601075,sit_stand_sit
1769345988.0278633,0.026123,-0.983032,-0.165649,-3.845216,-4.455566,3.723145,sit_stand_sit
1769345988.0464292,0.017944,-0.969604,-0.169189,-3.967286,-5.126953,4.150391,sit_stand_sit
1769345988.0672657,0.003052,-0.951904,-0.176880,-3.967286,-5.554201,4.333496,sit_stand_sit
1769345988.088069,-0.006714,-0.941406,-0.180176,-4.211426,-4.638672,4.516602,sit_stand_sit
1769345988.1062222,-0.019409,-0.937744,-0.180786,-4.638672,-2.746582,4.577637,sit_stand_sit
1769345988.1273582,-0.028931,-0.923584,-0.191528,-6.103518,0.183106,5.187988,sit_stand_sit
1769345988.1476333,-0.040405,-0.900879,-0.206543,-7.324221,3.356935,6.286623,sit_stand_sit
1769345988.1679137,-0.048096,-0.898926,-0.214966,-7.690432,6.347658,5.737307,sit_stand_sit
1769345988.1876688,-0.037598,-0.896362,-0.216553,-11.901859,11.169437,6.103518,sit_stand_sit
1769345988.207273,-0.023560,-0.856934,-0.227417,-15.075687,9.399414,8.117676,sit_stand_sit
1769345988.2262492,-0.014282,-0.837524,-0.231445,-15.258793,4.394531,7.446291,sit_stand_sit
1769345988.246698,-0.002808,-0.865112,-0.220703,-12.817387,-2.807618,3.356935,sit_stand_sit
1769345988.2658587,0.023438,-0.911865,-0.209595,-12.451176,-11.413578,0.793457,sit_stand_sit
1769345988.2882292,0.041992,-0.895020,-0.195313,-13.916019,-23.986824,3.906251,sit_stand_sit
1769345988.3068924,0.034790,-0.857056,-0.171387,-13.183598,-35.705566,6.652834,sit_stand_sit
1769345988.3263066,0.009277,-0.833740,-0.158081,-7.812502,-40.039063,5.737307,sit_stand_sit
1769345988.3459773,0.025635,-0.855103,-0.161987,-3.784181,-37.597656,4.150391,sit_stand_sit
1769345988.3662565,0.034058,-0.885620,-0.164429,-2.197266,-36.804199,2.563477,sit_stand_sit
1769345988.3860495,0.033813,-0.881104,-0.157349,-2.746582,-38.940430,2.868653,sit_stand_sit
1769345988.4063263,0.007446,-0.853149,-0.167114,-2.563477,-41.625977,3.967286,sit_stand_sit
1769345988.4259002,-0.002930,-0.844116,-0.162720,-0.183106,-40.893555,3.234864,sit_stand_sit
1769345988.4479592,-0.011230,-0.851563,-0.165527,2.014160,-37.170410,3.112794,sit_stand_sit
1769345988.4669957,-0.042603,-0.860840,-0.175537,4.516602,-26.672371,4.577637,sit_stand_sit
1769345988.4867098,-0.064575,-0.898926,-0.181030,5.737307,-17.517090,2.441406,sit_stand_sit
1769345988.5072982,-0.053223,-0.951904,-0.183960,5.065918,-9.094238,-1.159668,sit_stand_sit
1769345988.5266957,-0.037476,-0.971436,-0.190063,1.403809,-4.577637,-2.441406,sit_stand_sit
1769345988.5460987,-0.056152,-0.968384,-0.203491,-1.342773,-2.380371,-3.417970,sit_stand_sit
1769345988.5661478,-0.069580,-0.976929,-0.207275,-2.075195,-0.610352,-6.347658,sit_stand_sit
1769345988.587206,-0.051636,-1.026978,-0.205933,-0.976563,-3.906251,-9.582520,sit_stand_sit
1769345988.6065955,-0.050415,-1.045776,-0.210693,-0.854492,-8.056641,-6.958010,sit_stand_sit
1769345988.6273384,-0.060303,-1.043091,-0.218750,-0.488281,-10.253906,-2.014160,sit_stand_sit
1769345988.6466076,-0.063477,-1.040283,-0.221436,0.976563,-10.925293,2.929688,sit_stand_sit
1769345988.6682,-0.065063,-1.051514,-0.220215,2.136230,-10.375977,7.080080,sit_stand_sit
1769345988.6883862,-0.073486,-1.076782,-0.222656,2.624512,-7.751467,10.559082,sit_stand_sit
1769345988.7079163,-0.077759,-1.097046,-0.228638,1.098633,-3.906251,14.282230,sit_stand_sit
1769345988.726215,-0.083008,-1.093872,-0.236450,-2.868653,0.488281,21.240234,sit_stand_sit
1769345988.7461302,-0.089722,-1.089478,-0.239136,-5.493164,2.868653,25.085457,sit_stand_sit
1769345988.7670894,-0.083496,-1.094727,-0.243042,-7.934572,3.784181,28.808601,sit_stand_sit
1769345988.787449,-0.070313,-1.106323,-0.246704,-10.192871,1.647950,33.142090,sit_stand_sit
1769345988.807419,-0.068848,-1.125854,-0.249756,-12.207035,-3.112794,36.865234,sit_stand_sit
1769345988.827177,-0.088379,-1.139526,-0.258911,-15.075687,-7.446291,39.611816,sit_stand_sit
1769345988.8481097,-0.106323,-1.139648,-0.275879,-19.348145,-13.122562,42.358398,sit_stand_sit
1769345988.8668237,-0.097412,-1.110107,-0.281738,-21.545410,-20.507813,44.494644,sit_stand_sit
1769345988.8862286,-0.105469,-1.075195,-0.288330,-21.545410,-30.944832,45.776382,sit_stand_sit
1769345988.8986244,-0.147217,-1.055786,-0.283203,-20.568848,-39.428711,45.104996,sit_stand_sit
1769345988.927216,-0.192017,-1.038086,-0.278320,-19.409180,-42.663574,43.273926,sit_stand_sit
1769345988.9463577,-0.229370,-1.015747,-0.273926,-18.493652,-41.503906,40.649414,sit_stand_sit
1769345988.9663248,-0.260742,-0.985840,-0.269897,-18.188477,-36.315918,37.170410,sit_stand_sit
1769345988.9872427,-0.275635,-0.932007,-0.267334,-16.418457,-29.357918,31.616219,sit_stand_sit
1769345989.0068312,-0.300659,-0.915161,-0.269409,-15.319828,-25.085457,28.137215,sit_stand_sit
1769345989.0278084,-0.333252,-0.911987,-0.276001,-14.282230,-17.211914,23.986824,sit_stand_sit
1769345989.046273,-0.334717,-0.924927,-0.282959,-13.000492,-9.094238,19.287109,sit_stand_sit
1769345989.0698166,-0.328857,-0.947388,-0.289063,-12.023930,-6.103518,14.465336,sit_stand_sit
1769345989.0862808,-0.297852,-0.953247,-0.319946,-12.634281,-12.756351,8.239746,sit_stand_sit
1769345989.1063614,-0.335205,-0.968384,-0.341064,-10.314941,-22.827156,1.953125,sit_stand_sit
1769345989.1279664,-0.383667,-0.981079,-0.336060,-8.300781,-23.803719,-0.244141,sit_stand_sit
1769345989.1460824,-0.383545,-0.952515,-0.318115,-7.812502,-23.559578,-0.732422,sit_stand_sit
1769345989.1683447,-0.412354,-0.923096,-0.279907,-7.690432,-17.700195,0.183106,sit_stand_sit
1769345989.1893353,-0.404541,-0.881836,-0.241943,-7.629396,-8.117676,0.854492,sit_stand_sit
1769345989.3692827,-0.388550,-0.852417,-0.222168,-5.920412,0.122070,1.708985,sit_stand_sit
1769345989.3692827,-0.384888,-0.836060,-0.224243,-3.845216,7.995607,1.525879,sit_stand_sit
1769345989.3692827,-0.337158,-0.843750,-0.255249,-1.281738,3.234864,2.502441,sit_stand_sit
1769345989.3692827,-0.381836,-0.858765,-0.279785,0.488281,0.122070,3.784181,sit_stand_sit
1769345989.3692827,-0.362549,-0.863770,-0.325806,1.586915,-7.202150,0.976563,sit_stand_sit
1769345989.3692827,-0.325439,-0.866455,-0.333618,3.784181,-25.573738,-2.807618,sit_stand_sit
1769345989.3692827,-0.391602,-0.869263,-0.309570,6.530764,-36.254883,-3.723145,sit_stand_sit
1769345989.3692827,-0.438354,-0.883789,-0.300903,7.751467,-35.217285,-6.591799,sit_stand_sit
1769345989.576178,-0.463013,-0.892944,-0.295898,6.408693,-26.428230,-7.324221,sit_stand_sit
1769345989.576178,-0.461548,-0.914307,-0.268921,3.845216,-8.728027,-6.835939,sit_stand_sit
1769345989.576178,-0.467896,-0.902588,-0.269653,-2.380371,4.089355,-0.244141,sit_stand_sit
1769345989.576178,-0.494995,-0.903931,-0.300171,-5.554201,17.822266,6.225588,sit_stand_sit
1769345989.576178,-0.420898,-0.893555,-0.318726,-5.432129,23.559578,9.826660,sit_stand_sit
1769345989.576178,-0.405029,-0.887695,-0.302734,-5.187988,29.846199,11.291508,sit_stand_sit
1769345989.576178,-0.383057,-0.891602,-0.283325,-3.356935,37.414551,11.230473,sit_stand_sit
1769345989.576178,-0.280762,-0.886353,-0.273560,-0.854492,37.292480,9.521484,sit_stand_sit
1769345989.576178,-0.251221,-0.887695,-0.287720,-0.244141,29.907234,8.605957,sit_stand_sit
1769345989.576178,-0.232910,-0.887329,-0.306885,-0.915528,20.202637,6.713869,sit_stand_sit
1769345989.576178,-0.233643,-0.891113,-0.319946,-2.197266,8.666992,4.211426,sit_stand_sit
1769345989.5876577,-0.254028,-0.898560,-0.328613,-4.028320,-2.075195,1.220703,sit_stand_sit
1769345989.60599,-0.286377,-0.894165,-0.323486,-6.042482,-11.230473,-0.854492,sit_stand_sit
1769345989.6282904,-0.327393,-0.887939,-0.314209,-7.446291,-16.723633,-2.441406,sit_stand_sit
1769345989.647365,-0.385132,-0.879395,-0.303711,-7.995607,-15.869144,-2.563477,sit_stand_sit
1769345989.6667337,-0.416382,-0.879639,-0.293213,-7.507326,-9.033203,-1.220703,sit_stand_sit
1769345989.6889186,-0.423706,-0.874878,-0.289673,-6.591799,1.037598,0.122070,sit_stand_sit
1769345989.7066839,-0.399170,-0.874023,-0.295410,-5.004883,11.108402,1.953125,sit_stand_sit
1769345989.7294087,-0.348389,-0.868164,-0.306885,-4.760742,10.192871,1.953125,sit_stand_sit
1769345989.7511268,-0.380615,-0.876465,-0.311035,-4.516602,7.934572,1.586915,sit_stand_sit
1769345989.767574,-0.382080,-0.873047,-0.323608,-4.089355,10.009766,0.183106,sit_stand_sit
1769345989.787223,-0.348633,-0.874268,-0.323242,-3.173829,8.544922,-0.244141,sit_stand_sit
1769345989.8084664,-0.348999,-0.869751,-0.325195,-1.770020,4.882813,-0.366211,sit_stand_sit
1769345989.826329,-0.359741,-0.875488,-0.323486,-0.610352,2.807618,-0.732422,sit_stand_sit
1769345989.8481505,-0.364868,-0.879272,-0.319702,0.488281,2.746582,-0.305176,sit_stand_sit
1769345989.8666828,-0.356079,-0.878174,-0.317017,0.976563,3.356935,0.244141,sit_stand_sit
1769345989.8891003,-0.347412,-0.872437,-0.317261,1.770020,3.112794,0.854492,sit_stand_sit
1769345989.9078162,-0.343262,-0.873779,-0.325073,2.502441,2.441406,0.732422,sit_stand_sit
1769345989.926084,-0.338257,-0.879517,-0.333252,2.380371,1.708985,0.488281,sit_stand_sit
1769345989.9485214,-0.334717,-0.881104,-0.337646,2.014160,0.305176,0.122070,sit_stand_sit
1769345989.968097,-0.336914,-0.881714,-0.335205,1.525879,-1.037598,-0.305176,sit_stand_sit
1769345989.988159,-0.340942,-0.882813,-0.331299,1.098633,-1.953125,-0.671387,sit_stand_sit
1769345990.0071492,-0.344482,-0.884888,-0.327393,0.610352,-2.380371,-0.976563,sit_stand_sit
1769345990.026328,-0.347290,-0.885498,-0.322021,0.427246,-2.502441,-0.793457,sit_stand_sit
1769345990.046495,-0.349854,-0.888916,-0.313110,0.183106,-1.708985,-0.610352,sit_stand_sit
1769345990.0679357,-0.348877,-0.888672,-0.312622,-0.244141,-1.281738,-0.549316,sit_stand_sit
1769345990.086466,-0.343506,-0.883423,-0.315308,0.061035,-1.342773,-0.183106,sit_stand_sit
1769345990.1093931,-0.337280,-0.883057,-0.315552,0.427246,-1.892090,-0.183106,sit_stand_sit
1769345990.1271608,-0.334473,-0.881104,-0.319214,0.854492,-2.868653,-0.305176,sit_stand_sit
1769345990.1485596,-0.338135,-0.881714,-0.322998,1.159668,-4.089355,-0.427246,sit_stand_sit
1769345990.1671057,-0.346558,-0.881470,-0.324219,1.403809,-5.065918,-0.915528,sit_stand_sit
1769345990.1879692,-0.347778,-0.881592,-0.322510,1.586915,-5.004883,-0.976563,sit_stand_sit
1769345990.2079644,-0.346436,-0.883179,-0.318848,1.647950,-5.187988,-1.098633,sit_stand_sit
1769345990.2263095,-0.354614,-0.882202,-0.323853,1.342773,-5.126953,-0.976563,sit_stand_sit
1769345990.2465122,-0.353760,-0.885742,-0.321167,1.403809,-4.821777,-1.159668,sit_stand_sit
1769345990.2665796,-0.352661,-0.888916,-0.318848,1.281738,-4.821777,-1.464844,sit_stand_sit
1769345990.2860317,-0.352417,-0.889526,-0.318726,1.037598,-4.943848,-1.464844,sit_stand_sit
1769345990.3081994,-0.356079,-0.888184,-0.315796,0.793457,-4.821777,-1.647950,sit_stand_sit
1769345990.3523548,-0.350830,-0.886841,-0.312622,0.732422,-4.943848,-1.708985,sit_stand_sit
1769345990.3523548,-0.351807,-0.887695,-0.310425,0.610352,-5.676271,-1.831055,sit_stand_sit
1769345990.3662512,-0.353760,-0.884155,-0.307251,0.610352,-6.164553,-1.770020,sit_stand_sit
1769345990.3864064,-0.354126,-0.881104,-0.304565,1.037598,-6.103518,-1.708985,sit_stand_sit
1769345990.4063616,-0.354980,-0.881592,-0.302124,1.525879,-5.981447,-1.525879,sit_stand_sit
1769345990.4263647,-0.355713,-0.883911,-0.303345,2.319336,-5.615236,-1.098633,sit_stand_sit
1769345990.446208,-0.354004,-0.889038,-0.302612,2.990724,-5.432129,-0.976563,sit_stand_sit
1769345990.4670677,-0.349121,-0.891602,-0.300171,3.356935,-5.737307,-0.854492,sit_stand_sit
1769345990.487613,-0.346680,-0.887695,-0.298096,3.845216,-6.164553,-0.671387,sit_stand_sit
1769345990.507218,-0.349854,-0.882446,-0.296509,4.333496,-6.164553,-0.488281,sit_stand_sit
1769345990.5265265,-0.350708,-0.881592,-0.295410,4.943848,-5.859377,-1.098633,sit_stand_sit
1769345990.5462325,-0.352051,-0.882446,-0.293091,5.249023,-5.920412,-2.197266,sit_stand_sit
1769345990.5664525,-0.354614,-0.880981,-0.286743,5.493164,-6.652834,-3.479005,sit_stand_sit
1769345990.586344,-0.361328,-0.877197,-0.283813,5.798342,-6.835939,-4.333496,sit_stand_sit
1769345990.6063576,-0.367798,-0.874756,-0.281494,6.042482,-6.225588,-6.103518,sit_stand_sit
1769345990.6262648,-0.369995,-0.876831,-0.278198,5.981447,-5.187988,-8.239746,sit_stand_sit
1769345990.6483772,-0.367920,-0.883545,-0.274292,6.896975,-4.272461,-8.850098,sit_stand_sit
1769345990.6685555,-0.365356,-0.881470,-0.278320,7.263186,-3.234864,-9.277344,sit_stand_sit
1769345990.6882272,-0.368286,-0.894897,-0.268433,6.530764,-2.197266,-9.826660,sit_stand_sit
1769345990.7063992,-0.356445,-0.895386,-0.278931,9.216309,0.244141,-11.291508,sit_stand_sit
1769345990.726096,-0.355469,-0.908447,-0.271729,8.605957,0.366211,-11.169437,sit_stand_sit
1769345990.7463741,-0.350342,-0.899048,-0.270142,8.361816,0.671387,-12.023930,sit_stand_sit
1769345990.766191,-0.345093,-0.900635,-0.267700,10.375977,2.075195,-13.305668,sit_stand_sit
1769345990.7866116,-0.345825,-0.911743,-0.266602,11.596684,3.967286,-14.892582,sit_stand_sit
1769345990.8076923,-0.336792,-0.920410,-0.262573,10.375977,5.371094,-16.113281,sit_stand_sit
1769345990.8271947,-0.317749,-0.897583,-0.255493,12.084965,6.408693,-19.592285,sit_stand_sit
1769345990.8461552,-0.310669,-0.910645,-0.241821,9.338379,5.737307,-20.141602,sit_stand_sit
1769345990.8658688,-0.316162,-0.899780,-0.239380,11.413578,6.469728,-20.690918,sit_stand_sit
1769345990.88607,-0.309326,-0.902222,-0.234863,11.535648,6.530764,-23.071297,sit_stand_sit
1769345990.9075098,-0.300781,-0.916870,-0.229126,12.512211,5.554201,-24.414070,sit_stand_sit
1769345990.9279935,-0.304077,-0.928101,-0.216675,9.948730,4.455566,-26.367195,sit_stand_sit
1769345990.9467335,-0.296021,-0.932373,-0.210571,12.451176,5.493164,-26.184090,sit_stand_sit
1769345990.9676838,-0.281494,-0.941040,-0.207764,12.146000,4.943848,-29.052742,sit_stand_sit
1769345990.9860172,-0.282349,-0.966187,-0.212769,14.831547,4.821777,-28.747566,sit_stand_sit
1769345991.0091357,-0.269897,-1.022461,-0.208374,15.930180,-0.122070,-28.930672,sit_stand_sit
1769345991.028924,-0.261353,-1.075195,-0.184326,11.535648,-6.958010,-34.606934,sit_stand_sit
1769345991.0463836,-0.269775,-1.092773,-0.169434,9.765625,-11.352543,-38.635254,sit_stand_sit
1769345991.0663757,-0.279907,-1.167358,-0.187744,15.808109,-8.361816,-38.574219,sit_stand_sit
1769345991.0863218,-0.223999,-1.296021,-0.200562,17.944336,-4.455566,-39.306641,sit_stand_sit
1769345991.1063566,-0.176147,-1.327759,-0.191406,17.639160,-1.342773,-40.649414,sit_stand_sit
1769345991.1259482,-0.197998,-1.309937,-0.200317,15.930180,8.239746,-42.602539,sit_stand_sit
1769345991.1484418,-0.210083,-1.266724,-0.236084,16.052246,26.428230,-41.748047,sit_stand_sit
1769345991.1679072,-0.130981,-1.248169,-0.264160,17.211914,44.677750,-39.001465,sit_stand_sit
1769345991.1882925,-0.028076,-1.235718,-0.273560,17.150879,55.175797,-34.606934,sit_stand_sit
1769345991.2078905,0.034912,-1.238037,-0.255615,18.127441,55.114761,-30.639656,sit_stand_sit
1769345991.227672,0.079346,-1.238647,-0.234741,14.465336,46.020523,-26.733406,sit_stand_sit
1769345991.247422,0.119507,-1.182983,-0.234375,10.192871,36.621094,-24.658211,sit_stand_sit
1769345991.2687209,0.154907,-1.128906,-0.250244,7.141115,25.512703,-24.414070,sit_stand_sit
1769345991.288273,0.147461,-1.074097,-0.259888,6.286623,14.038090,-23.681648,sit_stand_sit
1769345991.3076713,0.081055,-1.050903,-0.242676,3.479005,8.300781,-22.766121,sit_stand_sit
1769345991.3270016,0.006836,-1.029663,-0.209351,1.770020,12.817387,-21.301270,sit_stand_sit
1769345991.3487368,-0.036499,-1.000488,-0.174438,-0.183106,24.169930,-19.348145,sit_stand_sit
1769345991.3710723,-0.047852,-0.938965,-0.135498,-1.159668,41.015625,-15.380863,sit_stand_sit
1769345991.3888388,-0.038330,-0.901245,-0.105591,-0.427246,47.851578,-12.756351,sit_stand_sit
1769345991.4077191,-0.014771,-0.869141,-0.080811,-1.525879,51.757828,-13.366703,sit_stand_sit
1769345991.4276013,0.045044,-0.826782,-0.093750,-3.295899,43.579102,-19.836426,sit_stand_sit
1769345991.44716,0.009766,-0.835327,-0.065918,2.197266,42.480469,-4.516602,sit_stand_sit
1769345991.4660916,0.033325,-0.835571,-0.047974,0.366211,40.771484,-0.610352,sit_stand_sit
1769345991.4862394,0.056274,-0.832275,-0.049316,0.610352,26.062019,-4.699707,sit_stand_sit
1769345991.5086167,0.042114,-0.821533,-0.068726,-1.281738,18.737793,-3.173829,sit_stand_sit
1769345991.5166764,0.048950,-0.808105,-0.084351,-1.770020,11.657719,-2.380371,sit_stand_sit
1769345991.5468218,0.054932,-0.809570,-0.095093,-2.441406,3.479005,-4.089355,sit_stand_sit
1769345991.5661995,0.036621,-0.810547,-0.099243,-2.929688,-2.563477,-4.089355,sit_stand_sit
1769345991.5867882,0.030151,-0.816040,-0.097778,-3.417970,-6.469728,-4.882813,sit_stand_sit
1769345991.6084485,0.042358,-0.815308,-0.113647,-3.479005,-10.009766,-5.065918,sit_stand_sit
1769345991.626107,0.033325,-0.827515,-0.145630,-3.601075,-14.831547,-4.699707,sit_stand_sit
1769345991.6471186,0.013672,-0.843140,-0.165161,-3.601075,-13.916019,-2.990724,sit_stand_sit
1769345991.6685834,0.012329,-0.849487,-0.169067,-2.990724,-10.925293,-0.671387,sit_stand_sit
1769345991.6898751,0.022095,-0.870850,-0.154541,-2.502441,-8.300781,-0.366211,sit_stand_sit
1769345991.706508,0.014404,-0.873047,-0.156860,-3.295899,-3.967286,0.915528,sit_stand_sit
1769345991.7301624,0.010864,-0.852783,-0.161133,-3.112794,0.976563,3.601075,sit_stand_sit
1769345991.746366,0.025879,-0.859863,-0.158813,-0.427246,9.155273,5.676271,sit_stand_sit
1769345991.7668204,0.035767,-0.890381,-0.160400,-0.244141,13.488773,5.737307,sit_stand_sit
1769345991.7862008,0.061890,-0.912109,-0.155029,-1.892090,12.268070,4.028320,sit_stand_sit
1769345991.8080442,0.067993,-0.922241,-0.150024,-3.234864,7.324221,3.967286,sit_stand_sit
1769345991.827888,0.054810,-0.939209,-0.147705,-3.906251,2.624512,4.089355,sit_stand_sit
1769345991.8479862,0.045410,-0.950562,-0.141846,-2.380371,-0.061035,3.540040,sit_stand_sit
1769345991.8689716,0.031616,-0.980957,-0.140625,-0.671387,-2.075195,3.295899,sit_stand_sit
1769345991.8860638,0.019897,-1.020508,-0.123779,-1.098633,-4.028320,5.981447,sit_stand_sit
1769345991.908235,0.019287,-1.014038,-0.116089,-1.220703,-4.516602,6.835939,sit_stand_sit
1769345991.9276726,0.012329,-0.992432,-0.119385,-0.183106,-3.845216,8.300781,sit_stand_sit
1769345991.9491098,-0.005005,-0.993164,-0.126343,1.953125,-0.122070,9.338379,sit_stand_sit
1769345991.9675076,0.000000,-1.007690,-0.134888,2.502441,6.896975,8.850098,sit_stand_sit
1769345991.9886062,0.018921,-0.999756,-0.150757,1.831055,13.427738,8.300781,sit_stand_sit
1769345992.0066104,0.055054,-1.001099,-0.165039,1.464844,16.906738,6.958010,sit_stand_sit
1769345992.0289884,0.106934,-1.010010,-0.202637,-0.366211,11.108402,5.126953,sit_stand_sit
1769345992.048257,0.091064,-1.014038,-0.208618,-2.136230,3.356935,4.394531,sit_stand_sit
1769345992.0663242,0.061035,-1.005005,-0.195190,-3.234864,0.976563,2.624512,sit_stand_sit
1769345992.0893145,0.040771,-1.013916,-0.173950,-3.295899,2.563477,2.746582,sit_stand_sit
1769345992.1077542,0.032959,-1.004395,-0.165161,-4.150391,4.699707,4.089355,sit_stand_sit
1769345992.128352,0.028076,-0.990967,-0.159058,-3.356935,5.554201,4.760742,sit_stand_sit
1769345992.1470006,0.027222,-0.999756,-0.142578,-2.136230,6.225588,3.967286,sit_stand_sit
1769345992.167799,0.027222,-1.008667,-0.133179,-2.136230,6.164553,4.089355,sit_stand_sit
1769345992.1890383,0.025757,-0.995117,-0.136230,-2.868653,5.798342,4.394531,sit_stand_sit
1769345992.2079206,0.034180,-0.977783,-0.136719,-2.197266,5.126953,3.479005,sit_stand_sit
1769345992.2167559,0.036377,-0.970947,-0.138672,-1.525879,3.784181,1.708985,sit_stand_sit
1769345992.2461936,0.025146,-0.974487,-0.144897,-1.159668,2.441406,0.427246,sit_stand_sit
1769345992.2662232,0.015991,-0.983276,-0.147339,-1.525879,2.990724,-1.037598,sit_stand_sit
1769345992.2871923,0.029541,-0.993652,-0.151123,-1.770020,4.272461,-1.037598,sit_stand_sit
1769345992.3069386,0.045410,-1.002319,-0.156616,-1.098633,2.685547,-1.342773,sit_stand_sit
1769345992.3265333,0.044067,-1.006470,-0.164795,-1.525879,0.671387,-0.854492,sit_stand_sit
1769345992.346072,0.034180,-0.993774,-0.169800,-1.708985,-0.122070,-0.061035,sit_stand_sit
1769345992.367744,0.036865,-0.986450,-0.165894,-0.793457,0.183106,-0.427246,sit_stand_sit
1769345992.3875427,0.037598,-0.986206,-0.161987,-0.488281,0.000000,-0.244141,sit_stand_sit
1769345992.4072258,0.028809,-0.973389,-0.162109,-0.427246,2.197266,-0.244141,sit_stand_sit
1769345992.4262936,0.021484,-0.979614,-0.161865,0.183106,3.417970,-1.403809,sit_stand_sit
1769345992.44959,0.020386,-0.991943,-0.157349,0.366211,3.601075,-2.197266,sit_stand_sit
1769345992.4661796,0.017212,-0.995850,-0.155518,-0.061035,3.051759,-2.258301,sit_stand_sit
1769345992.4882584,0.007324,-0.994751,-0.159302,0.183106,2.563477,-2.136230,sit_stand_sit
1769345992.507893,0.003906,-1.001221,-0.159424,0.854492,2.502441,-2.075195,sit_stand_sit
1769345992.5261273,0.015625,-1.002808,-0.163330,0.244141,1.831055,-1.342773,sit_stand_sit
1769345992.5481544,0.013672,-0.988892,-0.165161,0.000000,3.479005,0.732422,sit_stand_sit
1769345992.5663054,0.027100,-0.983398,-0.169067,0.244141,4.455566,0.915528,sit_stand_sit
1769345992.5880566,0.033691,-0.984375,-0.172485,-0.244141,4.394531,0.793457,sit_stand_sit
1769345992.6075861,0.044922,-0.985718,-0.170288,-0.305176,2.990724,0.488281,sit_stand_sit
1769345992.6261492,0.035156,-0.995605,-0.168457,-0.610352,1.403809,0.183106,sit_stand_sit
1769345992.6482854,0.035400,-0.990479,-0.166626,-0.732422,0.549316,0.488281,sit_stand_sit
1769345992.6676927,0.032349,-0.998169,-0.159180,-0.183106,-1.770020,0.183106,sit_stand_sit
1769345992.6874342,0.022339,-0.998047,-0.156616,-1.098633,0.305176,1.037598,sit_stand_sit
1769345992.7078185,0.026123,-0.986572,-0.157471,-0.732422,0.488281,1.525879,sit_stand_sit
1769345992.7262602,0.026978,-0.982300,-0.159424,-0.427246,0.549316,1.220703,sit_stand_sit
1769345992.745897,0.026733,-0.986206,-0.162476,-0.244141,0.854492,0.915528,sit_stand_sit
1769345992.7569523,0.028809,-0.987671,-0.164917,-0.610352,1.281738,0.610352,sit_stand_sit
1769345992.787713,0.032471,-0.987915,-0.166504,-0.732422,0.366211,0.427246,sit_stand_sit
1769345992.8077998,0.019531,-0.992065,-0.163330,-0.610352,-0.915528,0.366211,sit_stand_sit
1769345992.8273923,0.017090,-0.992676,-0.162476,-0.488281,-0.366211,0.671387,sit_stand_sit
1769345992.8465588,0.020630,-0.994751,-0.161865,-0.427246,-0.061035,0.793457,sit_stand_sit
1769345992.8676395,0.025391,-0.989746,-0.165649,-0.366211,-0.610352,1.098633,sit_stand_sit
1769345992.8883982,0.028564,-0.986938,-0.169922,0.427246,-3.906251,0.915528,sit_stand_sit
1769345992.9083228,0.003784,-0.992188,-0.164917,-0.183106,-1.953125,0.976563,sit_stand_sit
1769345992.9264238,0.013184,-0.995728,-0.166992,0.000000,0.305176,0.854492,sit_stand_sit
1769345992.9466963,0.018799,-0.987427,-0.172729,-0.610352,0.732422,0.915528,sit_stand_sit
1769345992.9662173,0.015015,-0.990234,-0.170288,-0.427246,0.610352,0.488281,sit_stand_sit
1769345993.1560736,0.013550,-0.992920,-0.168823,-0.610352,1.037598,0.427246,sit_stand_sit
1769345993.1560736,0.015869,-0.990234,-0.169312,-0.854492,0.854492,0.549316,sit_stand_sit
1769345993.1560736,0.011719,-0.988647,-0.174072,-0.854492,0.061035,0.732422,sit_stand_sit
1769345993.1560736,0.008789,-0.992310,-0.170288,-0.793457,-0.122070,0.366211,sit_stand_sit
1769345993.1560736,0.017822,-0.989990,-0.168091,-1.525879,0.183106,0.915528,sit_stand_sit
1769345993.1560736,0.015015,-0.984741,-0.163696,-1.464844,-1.220703,1.281738,sit_stand_sit
1769345993.1560736,0.009766,-0.989136,-0.164551,-1.037598,-1.098633,0.793457,sit_stand_sit
1769345993.1560736,0.013184,-0.989624,-0.164429,-1.098633,-0.122070,0.732422,sit_stand_sit
1769345993.1560736,0.016846,-0.983032,-0.161621,-0.732422,-0.366211,1.098633,sit_stand_sit
1769345993.3645582,0.015625,-0.983643,-0.166504,-0.915528,-0.427246,0.915528,sit_stand_sit
