timestamp,ax,ay,az,gx,gy,gz,activity
1769345181.4104767,-0.904297,0.245483,0.225342,-1.525879,-0.488281,-0.488281,stair_down
1769345181.4272013,-0.906494,0.254395,0.222046,-0.976563,-1.281738,-1.098633,stair_down
1769345181.4508145,-0.914063,0.261353,0.225952,-0.183106,-0.671387,-0.183106,stair_down
1769345181.4689002,-0.919800,0.263428,0.221436,0.366211,-0.305176,-1.403809,stair_down
1769345181.4896293,-0.924194,0.256958,0.216431,0.610352,-0.427246,-1.525879,stair_down
1769345181.5100148,-0.911377,0.252808,0.211914,-0.854492,-4.882813,-2.624512,stair_down
1769345181.5297523,-0.934692,0.256836,0.205200,-1.220703,-6.774904,-2.868653,stair_down
1769345181.5465536,-0.936523,0.260498,0.195068,-1.892090,-7.019045,-2.319336,stair_down
1769345181.5666075,-0.947632,0.276611,0.188599,-2.014160,-7.324221,-1.098633,stair_down
1769345181.5905323,-0.947510,0.283936,0.176514,0.000000,-5.798342,-0.915528,stair_down
1769345181.6082666,-0.928589,0.275635,0.174927,0.793457,-7.568361,-0.488281,stair_down
1769345181.6283576,-0.932861,0.277954,0.189087,2.441406,-6.347658,0.427246,stair_down
1769345181.649746,-0.924561,0.256104,0.203003,6.591799,4.760742,2.258301,stair_down
1769345181.6695023,-0.851318,0.245972,0.205811,6.347658,8.422852,2.929688,stair_down
1769345181.6902986,-0.829102,0.257202,0.198120,6.835939,8.300781,2.685547,stair_down
1769345181.7070668,-0.798462,0.271484,0.216675,8.850098,4.333496,-0.854492,stair_down
1769345181.7286544,-0.830566,0.274780,0.234497,9.094238,1.098633,-2.319336,stair_down
1769345181.7533207,-0.869629,0.275391,0.262695,6.591799,0.061035,-5.615236,stair_down
1769345181.7669,-0.902710,0.283447,0.254639,3.601075,-5.432129,-8.117676,stair_down
1769345181.7922745,-0.947021,0.281982,0.239380,-2.075195,-8.911133,-11.779789,stair_down
1769345181.8164427,-0.936523,0.295288,0.229004,-4.333496,-15.869144,-15.380863,stair_down
1769345181.8352292,-0.973633,0.331421,0.210205,-4.516602,-18.493652,-15.258793,stair_down
1769345182.0532587,-0.990601,0.355225,0.180664,1.464844,-16.113281,-12.573246,stair_down
1769345182.0552683,-0.964233,0.351685,0.156860,3.601075,-15.075687,-12.634281,stair_down
1769345182.0557768,-0.974243,0.360596,0.134644,5.798342,-12.817387,-11.108402,stair_down
1769345182.0557768,-0.972168,0.344971,0.142944,9.521484,-2.258301,-3.967286,stair_down
1769345182.056286,-0.911743,0.326050,0.163330,9.948730,3.112794,-1.831055,stair_down
1769345182.056286,-0.854858,0.301514,0.196167,9.094238,2.197266,-1.708985,stair_down
1769345182.056286,-0.828857,0.281982,0.227051,7.629396,1.525879,-4.516602,stair_down
1769345182.056882,-0.779175,0.265625,0.246704,7.995607,0.854492,-1.892090,stair_down
1769345182.057537,-0.776367,0.252075,0.242310,9.155273,5.737307,1.892090,stair_down
1769345182.1270843,-0.718018,0.229614,0.237671,8.544922,7.324221,1.892090,stair_down
1769345182.1270843,-0.687988,0.212646,0.199341,5.432129,3.173829,2.380371,stair_down
1769345182.1270843,-0.674438,0.224487,0.184326,1.953125,-2.258301,3.234864,stair_down
1769345182.1270843,-0.723999,0.244507,0.177734,-1.647950,-7.019045,3.540040,stair_down
1769345182.1270843,-0.788452,0.262085,0.190674,-5.310059,-5.249023,3.845216,stair_down
1769345182.1270843,-0.817139,0.275146,0.190063,-8.056641,-4.455566,5.493164,stair_down
1769345182.1482787,-0.842163,0.289063,0.184448,-9.948730,-1.708985,6.958010,stair_down
1769345182.1700583,-0.833862,0.301392,0.167969,-10.253906,1.098633,6.896975,stair_down
1769345182.186324,-0.808228,0.302856,0.182373,-8.605957,2.075195,2.563477,stair_down
1769345182.209557,-0.809937,0.275635,0.154663,-3.479005,5.554201,-8.056641,stair_down
1769345182.2305007,-0.769043,0.316895,0.144043,-11.657719,1.159668,-6.164553,stair_down
1769345182.2462232,-0.827881,0.392456,0.151855,-5.310059,0.305176,1.464844,stair_down
1769345182.2689848,-0.856812,0.329712,0.178223,-3.906251,5.920412,5.554201,stair_down
1769345182.2881446,-0.871948,0.321411,0.184204,-1.708985,11.779789,12.817387,stair_down
1769345182.3096302,-0.899536,0.340332,0.266113,0.366211,15.197758,16.784668,stair_down
1769345182.3294353,-1.021851,0.315552,0.320435,0.610352,15.441898,20.874023,stair_down
1769345182.348527,-1.209351,0.227539,0.348511,-2.807618,17.761230,18.310547,stair_down
1769345182.3698854,-1.369995,0.143555,0.370728,-7.202150,25.451668,23.742683,stair_down
1769345182.3862612,-1.311523,0.048218,0.399170,-16.662598,13.671879,16.784668,stair_down
1769345182.406317,-1.361084,0.064331,0.430176,-21.423340,13.610844,13.000492,stair_down
1769345182.4268856,-1.244629,0.086304,0.398315,-18.920898,0.427246,-0.915528,stair_down
1769345182.4508016,-1.235840,0.143433,0.371338,-11.718754,-20.935059,-7.080080,stair_down
1769345182.4682477,-1.175171,0.227539,0.408569,-3.051759,-18.127441,-12.146000,stair_down
1769345182.4909868,-1.144165,0.246094,0.394043,-1.037598,-17.517090,-18.249512,stair_down
1769345182.5106115,-1.102783,0.333252,0.294067,3.540040,-9.094238,-14.282230,stair_down
1769345182.530665,-0.990967,0.261475,0.249390,0.244141,-2.014160,-19.165039,stair_down
1769345182.5502973,-0.884521,0.292114,0.157349,-9.887695,-8.605957,-10.253906,stair_down
1769345182.5725493,-0.860474,0.324097,0.083252,-13.732914,-11.962894,-2.624512,stair_down
1769345182.5906777,-0.833740,0.302612,0.087036,-13.793949,-5.859377,1.159668,stair_down
1769345182.6075165,-0.794189,0.274780,0.088501,-9.521484,3.601075,5.981447,stair_down
1769345182.6267025,-0.770142,0.198364,0.107788,-7.385256,10.742188,7.446291,stair_down
1769345182.6510284,-0.751221,0.148926,0.122437,-7.324221,15.502934,7.202150,stair_down
1769345182.6691048,-0.694946,0.135376,0.123047,-5.126953,12.817387,5.798342,stair_down
1769345182.6887848,-0.730957,0.122070,0.124268,-3.662110,9.399414,6.896975,stair_down
1769345182.7070417,-0.744873,0.119995,0.129028,-2.807618,-2.197266,-1.831055,stair_down
1769345182.7280617,-0.784058,0.154785,0.127930,-0.427246,0.854492,3.234864,stair_down
1769345182.7515996,-0.716919,0.187744,0.118530,1.037598,-2.746582,-1.953125,stair_down
1769345182.7711413,-0.708374,0.214233,0.129883,3.051759,-8.056641,-2.624512,stair_down
1769345182.7890847,-0.688843,0.281128,0.132568,1.037598,-12.756351,-5.920412,stair_down
1769345182.8145518,-0.837402,0.360474,0.172607,11.230473,-17.089844,-0.915528,stair_down
1769345182.8300185,-0.931641,0.304688,0.127319,16.479492,5.615236,2.868653,stair_down
1769345182.8501797,-0.930176,0.256470,0.102051,16.540527,11.901859,8.361816,stair_down
1769345182.8701894,-0.864990,0.207397,0.115356,11.474613,10.803223,10.314941,stair_down
1769345182.8922663,-0.854004,0.219727,0.148804,2.624512,6.713869,5.310059,stair_down
1769345182.9112794,-0.869385,0.245605,0.170776,6.286623,3.356935,6.835939,stair_down
1769345182.9311962,-0.896240,0.238037,0.167603,6.896975,2.685547,5.493164,stair_down
1769345182.9488919,-0.900513,0.261353,0.130493,6.652834,2.014160,6.896975,stair_down
1769345182.9698007,-1.066772,0.255371,0.205688,2.197266,3.173829,4.211426,stair_down
1769345182.9882908,-1.291748,0.253052,0.326294,-6.164553,15.075687,4.760742,stair_down
1769345183.0085511,-1.419312,0.265259,0.381958,-2.380371,31.677254,5.371094,stair_down
1769345183.0313003,-1.289551,0.170654,0.373901,-3.234864,45.837418,0.122070,stair_down
1769345183.0515592,-0.984741,0.173340,0.355103,-3.967286,21.545410,-2.502441,stair_down
1769345183.0714285,-1.207764,0.279297,0.451660,-13.122562,-3.234864,-8.605957,stair_down
1769345183.0936136,-1.404663,0.300537,0.498535,-11.230473,4.516602,-11.535648,stair_down
1769345183.1105878,-1.218872,0.345093,0.476563,-13.671879,12.939457,-13.610844,stair_down
1769345183.130999,-1.007813,0.348999,0.352173,-8.056641,10.131836,-18.310547,stair_down
1769345183.1498692,-0.894043,0.312256,0.180786,-8.789063,-1.342773,-17.089844,stair_down
1769345183.1696198,-0.752563,0.346802,0.084351,-8.972168,-13.854984,-6.896975,stair_down
1769345183.1863909,-0.796875,0.414185,0.104370,-20.080566,-33.630371,-8.666992,stair_down
1769345183.2116764,-0.934204,0.490845,0.100586,-17.395020,-27.771004,-0.610352,stair_down
1769345183.2332902,-0.871216,0.425659,0.192627,1.647950,-4.516602,1.342773,stair_down
1769345183.2514803,-0.829346,0.322021,0.260254,9.094238,7.446291,11.718754,stair_down
1769345183.2682066,-0.757690,0.288696,0.259277,12.878422,16.906738,10.498047,stair_down
1769345183.2910295,-0.590576,0.194824,0.278931,18.798828,20.874023,8.483887,stair_down
1769345183.3092864,-0.487183,0.181641,0.264160,15.747074,6.469728,7.995607,stair_down
1769345183.3292067,-0.559570,0.213013,0.254272,20.263672,7.263186,12.268070,stair_down
1769345183.3508463,-0.525391,0.201050,0.271484,13.305668,-5.615236,0.793457,stair_down
1769345183.3687122,-0.635742,0.243164,0.257446,6.042482,-9.033203,-8.117676,stair_down
1769345183.3900754,-0.687134,0.235962,0.218140,3.967286,-9.582520,-5.065918,stair_down
1769345183.425285,-0.683105,0.215820,0.184570,0.671387,-3.845216,1.037598,stair_down
1769345183.4296575,-0.686768,0.224609,0.176392,-12.390141,-11.413578,2.563477,stair_down
1769345183.4463384,-0.777222,0.279541,0.149414,-12.512211,-4.150391,9.887695,stair_down
1769345183.4709082,-0.717896,0.268677,0.146851,-16.967773,-14.343266,4.760742,stair_down
1769345183.4878664,-0.948730,0.319092,0.133789,-26.794441,-13.610844,12.817387,stair_down
1769345183.5103972,-0.891479,0.338867,0.155884,-20.385742,-2.441406,16.540527,stair_down
1769345183.5297043,-0.859741,0.293091,0.210327,-15.258793,1.831055,18.127441,stair_down
1769345183.5503087,-0.899414,0.338257,0.250977,-13.977055,4.577637,19.287109,stair_down
1769345183.572616,-1.035767,0.372803,0.310181,-6.835939,4.943848,15.930180,stair_down
1769345183.5965333,-1.265259,0.285156,0.342163,-1.770020,14.160160,12.329105,stair_down
1769345183.6083431,-1.235596,0.200928,0.321411,-7.141115,18.920898,3.234864,stair_down
1769345183.6268368,-1.168701,0.123779,0.373413,-9.399414,-3.601075,-8.544922,stair_down
1769345183.6506724,-1.187500,0.129517,0.386719,-8.911133,-16.906738,-11.596684,stair_down
1769345183.6713805,-1.384888,0.216675,0.384277,-9.887695,-21.667480,-12.023930,stair_down
1769345183.6925445,-1.440308,0.219604,0.325928,-6.958010,-9.338379,-19.409180,stair_down
1769345183.7119074,-1.313110,0.245850,0.244873,-4.089355,-5.187988,-16.113281,stair_down
1769345183.726522,-1.200439,0.300293,0.256836,-1.647950,-14.038090,-23.925789,stair_down
1769345183.7501264,-1.032471,0.335571,0.286255,6.408693,-12.451176,-20.690918,stair_down
1769345183.7671237,-1.007202,0.432617,0.246338,11.840824,-12.573246,-17.211914,stair_down
1769345183.7871094,-0.963501,0.405029,0.174194,16.479492,-6.103518,-13.732914,stair_down
1769345183.8102021,-0.891479,0.337280,0.128784,17.761230,-2.624512,-7.324221,stair_down
1769345183.8276293,-0.829834,0.270386,0.143066,19.592285,-2.624512,-1.892090,stair_down
1769345183.8508725,-0.837524,0.191895,0.148804,19.287109,-0.366211,3.051759,stair_down
1769345183.87103,-0.739258,0.124878,0.192871,21.789551,4.028320,4.943848,stair_down
1769345183.8900611,-0.779663,0.047119,0.171631,11.291508,-13.854984,1.892090,stair_down
1769345183.9086895,-0.775757,0.041748,0.164673,16.540527,-0.549316,9.399414,stair_down
1769345183.9313316,-0.644531,-0.008057,0.169189,12.634281,1.281738,-2.868653,stair_down
1769345183.9477139,-0.623779,0.037842,0.157349,7.873537,-9.338379,-0.244141,stair_down
1769345183.9710865,-0.616577,0.094971,0.150391,5.737307,-16.845703,-4.821777,stair_down
1769345183.990733,-0.654053,0.131714,0.158325,1.892090,-30.273445,-5.126953,stair_down
1769345184.0099316,-0.748169,0.197144,0.161621,-1.281738,-34.973145,-6.591799,stair_down
1769345184.0296042,-0.871948,0.279297,0.144165,1.770020,-29.846199,-2.929688,stair_down
1769345184.0475338,-0.942749,0.285645,0.140991,0.671387,-15.625004,2.197266,stair_down
1769345184.0715566,-0.937012,0.305298,0.151733,3.845216,-4.882813,7.568361,stair_down
1769345184.1063554,-0.971313,0.329102,0.172852,5.187988,3.967286,9.277344,stair_down
1769345184.110387,-0.956177,0.310547,0.186523,12.084965,15.380863,10.803223,stair_down
1769345184.1276903,-0.873169,0.260986,0.184326,15.075687,21.362305,11.169437,stair_down
1769345184.148143,-0.822998,0.226929,0.174316,11.474613,17.395020,8.483887,stair_down
1769345184.1696246,-0.864258,0.249878,0.198608,5.859377,5.554201,3.479005,stair_down
1769345184.2064884,-1.065186,0.266235,0.288940,0.549316,-0.854492,3.112794,stair_down
1769345184.2064884,-1.330200,0.245850,0.361084,-5.065918,8.361816,1.403809,stair_down
1769345184.2287605,-1.401001,0.200684,0.428223,-9.948730,25.451668,0.305176,stair_down
1769345184.2514613,-1.241699,0.171997,0.444580,-7.141115,26.794441,-1.953125,stair_down
1769345184.2727928,-1.048584,0.167236,0.467651,-8.850098,18.554688,-8.422852,stair_down
1769345184.292404,-1.086060,0.249634,0.553589,-10.559082,-3.173829,-17.944336,stair_down
1769345184.373534,-1.195068,0.324341,0.594971,-9.338379,-3.356935,-19.409180,stair_down
1769345184.373534,-1.182617,0.367798,0.551025,-5.981447,0.976563,-23.132332,stair_down
1769345184.373534,-1.046021,0.343384,0.441772,-5.676271,2.319336,-23.315437,stair_down
1769345184.373534,-0.981445,0.339478,0.320190,-10.742188,-11.291508,-24.719246,stair_down
1769345184.3910034,-1.016724,0.376221,0.213989,-12.939457,-12.390141,-13.488773,stair_down
1769345184.411088,-0.904785,0.394775,0.145752,-9.338379,-5.920412,0.427246,stair_down
1769345184.433339,-0.848877,0.381470,0.169800,-8.972168,-6.652834,3.234864,stair_down
1769345184.4862506,-0.828125,0.351074,0.214844,-3.784181,-3.967286,5.310059,stair_down
1769345184.4862506,-0.813843,0.273438,0.231812,3.051759,3.356935,7.568361,stair_down
1769345184.4862506,-0.698120,0.237671,0.253906,5.249023,11.779789,7.446291,stair_down
1769345184.509575,-0.620361,0.214233,0.262695,9.216309,11.474613,3.173829,stair_down
1769345184.5293596,-0.574829,0.191162,0.262817,12.695316,14.404301,6.896975,stair_down
1769345184.5476573,-0.466064,0.197388,0.269409,8.178711,0.000000,-3.601075,stair_down
1769345184.5694065,-0.548584,0.232056,0.276001,7.141115,-3.967286,-5.126953,stair_down
1769345184.6010458,-0.547852,0.231567,0.293213,3.540040,-8.056641,-10.925293,stair_down
1769345184.607362,-0.653198,0.243164,0.293457,-1.586915,-20.141602,-14.892582,stair_down
1769345184.6263134,-0.721680,0.255615,0.281738,-5.981447,-19.226074,-11.718754,stair_down
1769345184.6494565,-0.759888,0.264038,0.230713,-7.263186,-8.605957,-0.793457,stair_down
1769345184.6713367,-0.735352,0.244141,0.178345,-8.483887,-5.554201,2.807618,stair_down
1769345184.6904316,-0.792480,0.273438,0.144043,-19.897461,-16.418457,11.291508,stair_down
1769345184.7265856,-0.881470,0.287842,0.158936,-21.423340,-15.258793,11.840824,stair_down
1769345184.736362,-0.916992,0.312988,0.200073,-19.165039,-11.169437,13.732914,stair_down
1769345184.7465243,-0.917358,0.317993,0.231323,-11.779789,-2.807618,16.296387,stair_down
1769345184.7714124,-0.883667,0.296997,0.247070,-7.568361,-2.014160,12.512211,stair_down
1769345184.7882833,-0.940552,0.333984,0.277466,-3.723145,-8.178711,10.253906,stair_down
1769345184.8095949,-1.262695,0.320557,0.397949,2.807618,-2.197266,5.187988,stair_down
1769345184.8290367,-1.353760,0.257935,0.453857,3.967286,18.249512,1.037598,stair_down
1769345184.8462434,-1.213013,0.200928,0.444458,5.859377,18.127441,-4.516602,stair_down
1769345184.8716736,-1.112671,0.141113,0.444092,6.469728,7.690432,-7.690432,stair_down
1769345184.8864145,-1.135742,0.250488,0.490601,12.207035,1.525879,2.441406,stair_down
1769345184.908635,-1.313477,0.153198,0.612427,13.916019,-7.934572,-15.258793,stair_down
1769345184.9334395,-1.496704,0.115112,0.465820,14.831547,0.061035,-8.728027,stair_down
1769345184.9534268,-1.026611,0.151611,0.235840,8.850098,10.498047,-14.282230,stair_down
1769345184.968621,-0.921021,0.179932,0.215820,8.605957,-7.507326,-9.704590,stair_down
1769345184.9902253,-1.030396,0.310181,0.265625,7.934572,-16.662598,-5.065918,stair_down
1769345185.0094388,-1.145020,0.402588,0.256348,10.498047,-9.094238,-10.437012,stair_down
1769345185.0307055,-1.104858,0.361206,0.226807,16.662598,9.948730,-1.647950,stair_down
1769345185.0495467,-0.978394,0.291748,0.202148,15.991215,15.686039,2.258301,stair_down
1769345185.0705576,-0.866089,0.220581,0.176514,11.535648,11.047363,2.136230,stair_down
1769345185.0863044,-0.807129,0.175537,0.168457,15.502934,12.084965,0.671387,stair_down
1769345185.1103046,-0.763184,0.110962,0.155518,16.479492,12.329105,-1.525879,stair_down
1769345185.1330345,-0.723755,0.083130,0.134644,21.362305,16.296387,0.183106,stair_down
1769345185.1489604,-0.657837,0.022827,0.116211,23.498543,15.808109,-3.112794,stair_down
1769345185.1689355,-0.617310,0.009155,0.101196,17.639160,12.390141,-5.676271,stair_down
1769345185.190217,-0.567749,0.036499,0.093750,20.080566,5.493164,-2.929688,stair_down
1769345185.210255,-0.611206,0.059937,0.113159,14.099125,-4.150391,-6.835939,stair_down
1769345185.231116,-0.649658,0.120850,0.106201,11.352543,-9.399414,-5.615236,stair_down
1769345185.2468936,-0.739624,0.155762,0.116455,7.324221,-11.047363,-8.056641,stair_down
1769345185.2695947,-0.795166,0.208496,0.132935,7.568361,-4.516602,-1.281738,stair_down
1769345185.2880523,-0.809570,0.212280,0.163330,5.798342,-6.591799,-6.042482,stair_down
1769345185.3073206,-0.882324,0.235596,0.166382,4.821777,-6.774904,-5.554201,stair_down
1769345185.333205,-0.893433,0.267334,0.149414,6.408693,-9.521484,-4.089355,stair_down
1769345185.351552,-0.983398,0.291870,0.144531,10.009766,-4.333496,3.845216,stair_down
1769345185.3706613,-1.007324,0.280273,0.131836,13.916019,11.901859,12.512211,stair_down
1769345185.3903599,-1.002441,0.263306,0.112915,10.498047,13.671879,13.000492,stair_down
1769345185.411003,-1.149536,0.284058,0.186279,6.225588,8.544922,13.000492,stair_down
1769345185.4319458,-1.423950,0.246338,0.324707,3.601075,16.479492,18.188477,stair_down
1769345185.4510562,-1.430298,0.228638,0.396606,-4.821777,37.048340,20.080566,stair_down
1769345185.4709067,-1.079956,0.136719,0.369385,2.136230,32.104492,11.596684,stair_down
1769345185.490447,-0.999512,0.121338,0.383301,-4.394531,7.690432,-0.488281,stair_down
1769345185.5087657,-1.130249,0.225220,0.468994,-8.361816,-8.483887,-8.178711,stair_down
1769345185.5293753,-1.298340,0.304443,0.512817,-10.131836,-5.676271,-11.718754,stair_down
1769345185.5518467,-1.247925,0.338867,0.469116,-11.047363,-1.586915,-18.554688,stair_down
1769345185.5966253,-1.168945,0.340454,0.383911,-11.840824,-5.737307,-21.545410,stair_down
1769345185.6098294,-1.037354,0.313843,0.299194,-14.099125,-12.817387,-24.169930,stair_down
1769345185.6098294,-0.887207,0.359985,0.173584,-16.784668,-26.611336,-12.146000,stair_down
1769345185.629912,-0.933472,0.434448,0.131958,-14.221195,-22.949226,1.159668,stair_down
1769345185.6502695,-0.899414,0.473145,0.125122,-6.286623,-10.314941,5.493164,stair_down
1769345185.6702044,-0.830566,0.397949,0.137451,-0.305176,0.488281,4.638672,stair_down
1769345185.6899126,-0.818848,0.297485,0.181274,4.150391,8.361816,16.235352,stair_down
1769345185.7134492,-0.724243,0.288330,0.201538,8.422852,11.840824,12.451176,stair_down
1769345185.7476554,-0.716309,0.251221,0.241455,15.991215,10.559082,8.850098,stair_down
1769345185.7515075,-0.666260,0.219116,0.260132,21.057129,13.671879,5.554201,stair_down
1769345185.7662916,-0.625610,0.194458,0.264771,19.287109,2.868653,-1.892090,stair_down
1769345185.79115,-0.656982,0.211914,0.237671,20.385742,2.929688,-3.784181,stair_down
1769345185.8079424,-0.662476,0.213135,0.222534,17.578125,2.807618,-7.568361,stair_down
1769345185.8299766,-0.665039,0.210327,0.220947,10.925293,-7.934572,-17.456055,stair_down
1769345185.8501902,-0.742554,0.232544,0.206055,1.892090,-12.756351,-14.160160,stair_down
1769345185.8703287,-0.791138,0.243408,0.149414,-8.544922,-12.512211,-6.774904,stair_down
1769345185.8908653,-0.812988,0.277222,0.117554,-11.779789,-6.225588,1.708985,stair_down
1769345185.9065027,-0.799194,0.295776,0.122314,-16.296387,-7.507326,5.676271,stair_down
1769345185.9266663,-0.857300,0.337036,0.147827,-20.751953,-16.723633,5.432129,stair_down
1769345185.9512322,-0.891602,0.357544,0.162476,-16.601563,-5.798342,12.023930,stair_down
1769345185.9688294,-0.831299,0.344971,0.178711,-9.948730,-1.586915,12.817387,stair_down
1769345185.9886587,-0.812378,0.328857,0.181152,-1.342773,1.098633,8.728027,stair_down
1769345186.0112927,-0.804443,0.333862,0.161255,3.784181,3.784181,3.906251,stair_down
1769345186.0303965,-0.796753,0.347778,0.144043,7.995607,2.990724,1.342773,stair_down
1769345186.046678,-0.853516,0.371460,0.155762,10.375977,-1.831055,0.610352,stair_down
1769345186.0704627,-1.047485,0.388428,0.201294,11.901859,-0.061035,5.310059,stair_down
1769345186.1006026,-1.181763,0.344238,0.287598,11.840824,5.615236,6.835939,stair_down
1769345186.1262407,-1.309692,0.275513,0.374390,8.117676,4.333496,8.605957,stair_down
1769345186.1262407,-1.300659,0.161621,0.441895,3.417970,-4.821777,3.356935,stair_down
1769345186.148791,-1.331787,0.151367,0.487671,2.319336,-11.596684,-5.310059,stair_down
1769345186.170451,-1.333862,0.154541,0.479370,8.300781,-9.765625,-2.929688,stair_down
1769345186.1899123,-1.255371,0.143188,0.409424,10.192871,-9.460449,-8.117676,stair_down
1769345186.2104454,-1.189087,0.166138,0.308350,3.479005,-33.508301,-22.583015,stair_down
1769345186.2309175,-1.296875,0.252075,0.223022,7.263186,-19.653320,-10.009766,stair_down
1769345186.2466066,-1.059814,0.258423,0.185791,4.943848,-19.714355,-15.136723,stair_down
1769345186.2703297,-1.021118,0.380249,0.123535,3.173829,-5.249023,-2.441406,stair_down
1769345186.287125,-0.843018,0.372803,0.108276,12.207035,5.615236,3.173829,stair_down
1769345186.310141,-0.759644,0.322998,0.109985,15.014652,10.437012,6.774904,stair_down
1769345186.3291628,-0.690186,0.273438,0.121338,14.892582,5.065918,-1.831055,stair_down
1769345186.350157,-0.718506,0.233887,0.114746,17.028809,11.596684,2.136230,stair_down
1769345186.3701975,-0.685913,0.203003,0.105347,21.545410,15.747074,5.737307,stair_down
1769345186.3896892,-0.663208,0.066284,0.137451,18.310547,8.300781,-2.197266,stair_down
1769345186.4110546,-0.725830,0.047729,0.152100,15.563969,0.305176,-2.075195,stair_down
1769345186.4306147,-0.737793,0.048340,0.152222,12.878422,-8.056641,-7.690432,stair_down
1769345186.4467485,-0.752563,0.072266,0.128296,10.864258,-11.535648,-11.169437,stair_down
1769345186.4826396,-0.729614,0.086304,0.122803,10.192871,-20.446777,-14.160160,stair_down
1769345186.4880202,-0.769531,0.125244,0.156372,8.728027,-26.733406,-14.709476,stair_down
1769345186.511145,-0.795898,0.178711,0.174683,7.751467,-29.113777,-13.793949,stair_down
1769345186.528811,-0.834106,0.234131,0.175049,7.141115,-27.221687,-9.948730,stair_down
1769345186.5494146,-0.866089,0.265137,0.178711,7.690432,-21.545410,-8.483887,stair_down
1769345186.57058,-0.789673,0.272705,0.175659,4.272461,-18.005371,-2.441406,stair_down
1769345186.5866792,-0.871460,0.282593,0.133423,5.065918,-17.456055,1.770020,stair_down
1769345186.60953,-0.918823,0.246704,0.121460,5.065918,-4.394531,7.141115,stair_down
1769345186.6281803,-0.915527,0.228760,0.106323,2.746582,2.685547,10.681152,stair_down
1769345186.647205,-0.949219,0.224365,0.141235,-8.728027,-1.953125,8.422852,stair_down
1769345186.6705925,-1.177979,0.221924,0.261963,-18.249512,-9.399414,8.422852,stair_down
1769345186.70027,-1.459961,0.241577,0.439331,-23.254402,-0.976563,5.432129,stair_down
1769345186.7120256,-1.464600,0.248413,0.509888,-24.780281,14.404301,0.610352,stair_down
1769345186.728981,-1.271484,0.214478,0.494629,-22.216805,18.615723,-4.821777,stair_down
1769345186.7463424,-1.069580,0.190186,0.460815,-18.005371,16.601563,-9.033203,stair_down
1769345186.7736924,-0.963135,0.231323,0.443726,-17.150879,5.798342,-14.587406,stair_down
1769345186.7865977,-1.071045,0.349121,0.450684,-14.160160,-0.976563,-13.977055,stair_down
1769345186.8165529,-1.133545,0.375610,0.467651,-12.390141,4.089355,-14.038090,stair_down
1769345186.828192,-1.155518,0.382813,0.450317,-11.840824,13.793949,-9.094238,stair_down
1769345186.8509192,-1.044312,0.337158,0.401978,-11.657719,13.610844,-11.657719,stair_down
1769345186.8708417,-0.982544,0.322144,0.357788,-14.587406,8.789063,-6.958010,stair_down
1769345186.8867016,-0.916504,0.352295,0.308105,-11.596684,4.943848,-1.342773,stair_down
1769345186.9661555,-0.854980,0.352051,0.271606,-7.751467,2.563477,3.234864,stair_down
1769345186.9871178,-0.791626,0.366211,0.232178,0.061035,4.028320,10.375977,stair_down
1769345186.9871178,-0.732178,0.335205,0.204102,7.873537,8.911133,12.329105,stair_down
1769345186.989836,-0.649292,0.273926,0.187744,11.840824,9.887695,12.023930,stair_down
1769345186.989836,-0.582153,0.258179,0.194580,10.375977,4.638672,7.629396,stair_down
1769345187.0100613,-0.579346,0.238281,0.213623,11.474613,1.708985,6.530764,stair_down
1769345187.0283976,-0.593872,0.260376,0.229004,10.498047,1.342773,3.479005,stair_down
1769345187.0509837,-0.596436,0.263306,0.272339,8.544922,-3.662110,-4.760742,stair_down
1769345187.0701509,-0.604980,0.263306,0.280396,5.798342,-16.296387,-11.596684,stair_down
1769345187.0869014,-0.698120,0.275024,0.281250,3.601075,-24.902351,-16.418457,stair_down
1769345187.11015,-0.751465,0.274780,0.273315,3.540040,-23.193367,-17.517090,stair_down
1769345187.1276639,-0.781250,0.297974,0.239258,3.173829,-14.831547,-13.732914,stair_down
1769345187.1469517,-0.699341,0.316895,0.217285,3.417970,-15.197758,-7.507326,stair_down
1769345187.1704116,-0.760742,0.352295,0.172119,2.563477,-21.911621,-2.075195,stair_down
1769345187.1902838,-0.906006,0.392700,0.159302,0.976563,-16.662598,8.056641,stair_down
1769345187.2103868,-0.934326,0.390015,0.159790,1.098633,-7.751467,13.610844,stair_down
1769345187.248064,-0.929810,0.393433,0.166260,-0.915528,-3.417970,19.042969,stair_down
1769345187.2585196,-0.920654,0.401001,0.204590,0.366211,-1.098633,18.493652,stair_down
1769345187.270991,-0.942139,0.415771,0.240234,7.324221,5.493164,17.272949,stair_down
1769345187.2877848,-0.870605,0.429810,0.242554,17.944336,12.878422,11.535648,stair_down
1769345187.3107967,-0.892578,0.451660,0.272095,27.771004,2.441406,13.122562,stair_down
1769345187.3346527,-1.119141,0.453491,0.312012,30.517586,5.187988,17.700195,stair_down
1769345187.350779,-1.256592,0.364746,0.373169,31.616219,10.192871,17.700195,stair_down
1769345187.3705914,-1.359985,0.255005,0.464233,33.020020,17.700195,16.418457,stair_down
1769345187.3872442,-1.300781,0.136597,0.526001,31.372078,20.568848,12.146000,stair_down
1769345187.41045,-1.213257,0.126953,0.512939,25.268562,7.019045,5.065918,stair_down
1769345187.4261513,-1.155640,0.127197,0.469849,21.057129,-13.488773,-7.751467,stair_down
1769345187.4478524,-1.164673,0.206543,0.376343,21.789551,-42.114258,-22.949226,stair_down
1769345187.47071,-1.120972,0.296753,0.375000,30.456551,-41.564941,-27.587898,stair_down
1769345187.4897926,-1.020996,0.318604,0.395264,32.592773,-33.996582,-35.949707,stair_down
1769345187.5087166,-1.051880,0.484131,0.346924,36.987305,-28.320320,-29.785164,stair_down
1769345187.5305398,-0.967651,0.477661,0.327637,49.621597,-16.906738,-31.127937,stair_down
1769345187.5507836,-0.923828,0.419434,0.291992,49.987808,-11.901859,-32.775879,stair_down
1769345187.5704293,-0.900879,0.383301,0.263306,57.006851,-11.291508,-21.362305,stair_down
1769345187.5913692,-0.850708,0.290405,0.264282,59.143082,-9.338379,-18.615723,stair_down
1769345187.607774,-0.799316,0.263428,0.269165,61.767593,-9.216309,-18.859863,stair_down
1769345187.6301527,-0.779907,0.237793,0.265747,66.772461,-9.033203,-17.883301,stair_down
1769345187.6764717,-0.764038,0.216675,0.244141,69.274902,-10.498047,-19.409180,stair_down
1769345187.6891587,-0.763550,0.191162,0.229248,71.289063,-11.962894,-15.808109,stair_down
1769345187.6891587,-0.768555,0.204346,0.215942,66.711426,-14.587406,-20.141602,stair_down
1769345187.7108908,-0.801880,0.220825,0.205444,67.199707,-13.549809,-20.935059,stair_down
1769345187.7312365,-0.806763,0.234253,0.195313,63.476578,-14.221195,-20.202637,stair_down
1769345187.7500935,-0.873657,0.272705,0.173950,63.293472,-8.850098,-9.216309,stair_down
1769345187.7663925,-0.832764,0.251343,0.182617,62.744156,-8.911133,-14.465336,stair_down
1769345187.7892215,-0.918091,0.231689,0.224976,57.800308,-16.723633,-13.061527,stair_down
1769345187.80819,-1.004028,0.264160,0.241455,54.687515,-11.596684,-14.770512,stair_down
1769345187.8278,-1.038086,0.253662,0.220215,54.382339,-2.075195,-13.183598,stair_down
1769345187.8481097,-1.003906,0.245972,0.173828,46.997086,5.554201,-14.038090,stair_down
1769345187.8699346,-0.953247,0.319458,0.162598,41.076660,-5.615236,-20.263672,stair_down
1769345187.8896427,-1.083740,0.338013,0.236816,34.667969,-20.507813,-22.216805,stair_down
1769345187.908143,-1.226929,0.359253,0.329712,29.357918,-22.338875,-23.864754,stair_down
1769345187.9463234,-1.223389,0.363892,0.365967,32.287598,-13.977055,-22.277840,stair_down
1769345187.9463234,-1.160278,0.313843,0.357422,37.475586,-9.216309,-27.771004,stair_down
1769345187.9677346,-0.876465,0.173828,0.300415,43.762207,6.408693,-27.526863,stair_down
1769345187.9899802,-0.640991,0.181152,0.242310,39.245605,-2.319336,-31.005867,stair_down
1769345188.0091062,-0.646484,0.233398,0.277954,41.625977,-15.563969,-22.888191,stair_down
1769345188.0263522,-0.840576,0.294678,0.349976,39.978027,-6.774904,-22.094727,stair_down
1769345188.0506864,-0.937866,0.320313,0.388672,40.649414,7.385256,-27.038582,stair_down
1769345188.0706053,-0.864868,0.260010,0.411377,43.395996,21.484375,-40.039063,stair_down
1769345188.0908618,-0.847046,0.238281,0.403198,44.921890,18.676758,-22.583015,stair_down
1769345188.1110196,-0.624390,0.218140,0.426147,35.583496,-29.052742,-42.541504,stair_down
1769345188.1290936,-0.815308,0.294678,0.429199,35.095215,-58.837906,-44.250504,stair_down
1769345188.1484063,-0.899902,0.328125,0.379028,41.687012,-54.016129,-42.541504,stair_down
1769345188.1975698,-0.937744,0.315430,0.304932,43.212891,-49.560562,-28.503426,stair_down
1769345188.2057078,-0.904297,0.309326,0.234619,43.395996,-34.545898,-23.986824,stair_down
1769345188.2095392,-0.859619,0.249023,0.209961,44.494644,-22.521980,-12.634281,stair_down
1769345188.2302577,-0.848022,0.227173,0.242188,40.039063,-11.718754,-1.586915,stair_down
1769345188.2481034,-0.845337,0.239624,0.261963,37.048340,-4.333496,4.821777,stair_down
1769345188.2677064,-0.813110,0.239624,0.294678,34.912109,-0.854492,0.915528,stair_down
1769345188.2902865,-0.847534,0.246826,0.334351,34.606934,-2.868653,-3.234864,stair_down
1769345188.3109133,-0.813477,0.243408,0.389893,33.630371,-5.371094,-5.798342,stair_down
1769345188.3320563,-0.876831,0.234741,0.420776,33.203125,-9.338379,-21.606445,stair_down
1769345188.386406,-0.894165,0.187988,0.415039,26.062019,-5.920412,-12.939457,stair_down
1769345188.3964663,-0.928345,0.231079,0.343628,20.446777,-7.751467,-14.221195,stair_down
1769345188.3964663,-0.949341,0.242188,0.270874,18.249512,-2.197266,-8.361816,stair_down
1769345188.4179864,-0.923096,0.238892,0.227051,14.099125,-0.488281,-0.793457,stair_down
1769345188.4278386,-0.934570,0.253418,0.216675,6.225588,-4.638672,4.638672,stair_down
1769345188.449759,-1.029053,0.277710,0.216309,0.366211,0.854492,14.221195,stair_down
1769345188.4679787,-0.982056,0.302612,0.225220,-4.577637,6.286623,14.648441,stair_down
1769345188.490496,-1.057739,0.303223,0.275513,-7.263186,0.732422,13.732914,stair_down
1769345188.5106788,-1.146606,0.266846,0.377808,-13.732914,-8.056641,8.483887,stair_down
1769345188.5297368,-1.203979,0.287109,0.366089,-13.732914,-2.380371,5.493164,stair_down
1769345188.5516458,-1.147949,0.214233,0.369629,-8.544922,-5.554201,5.187988,stair_down
1769345188.5714123,-1.098999,0.181274,0.381348,-0.061035,3.906251,3.845216,stair_down
1769345188.590581,-0.874146,0.133057,0.361572,11.596684,15.991215,7.812502,stair_down
1769345188.6280227,-0.702759,0.100464,0.313110,18.676758,18.798828,14.160160,stair_down
1769345188.6367211,-0.740112,0.125610,0.285522,19.104004,4.638672,21.179199,stair_down
1769345188.6505086,-0.937744,0.136963,0.288452,12.207035,6.347658,34.240723,stair_down
1769345188.6686149,-0.878296,0.121094,0.249268,2.990724,20.629883,14.709476,stair_down
1769345188.690827,-0.801025,0.073242,0.281982,-7.812502,10.559082,15.991215,stair_down
1769345188.7077472,-0.859619,0.105103,0.336670,-21.484375,-15.869144,8.789063,stair_down
1769345188.7273233,-0.989746,0.188721,0.375122,-21.667480,-20.019531,8.789063,stair_down
1769345188.7520084,-0.906006,0.234375,0.347168,-8.361816,-11.901859,6.774904,stair_down
1769345188.7715013,-0.766968,0.280151,0.287720,-0.671387,-24.414070,-1.708985,stair_down
1769345188.7918994,-0.865845,0.323975,0.247192,2.563477,-22.644051,-8.666992,stair_down
1769345188.8107576,-0.749146,0.344727,0.175903,12.207035,-28.930672,-12.634281,stair_down
1769345188.8295848,-0.868896,0.374634,0.159424,12.756351,-27.648933,-8.300781,stair_down
1769345188.8488758,-0.861938,0.423462,0.148071,23.803719,-16.662598,-9.582520,stair_down
1769345188.8688843,-0.850464,0.354980,0.160278,30.578621,-9.338379,-14.221195,stair_down
1769345188.8893423,-0.877441,0.299438,0.209473,32.592773,-10.070801,-10.437012,stair_down
1769345188.910785,-0.965332,0.283936,0.229248,34.912109,-9.338379,-11.901859,stair_down
1769345188.9279137,-0.982788,0.265991,0.230103,36.376953,-6.958010,-12.390141,stair_down
1769345188.950279,-0.952515,0.259521,0.207520,38.452148,-3.723145,-10.070801,stair_down
1769345188.9681559,-0.904907,0.263672,0.192505,38.940430,-2.441406,-9.216309,stair_down
1769345188.9871302,-0.875854,0.302612,0.199707,39.306641,-2.746582,-6.958010,stair_down
1769345189.0090725,-0.895264,0.332886,0.221313,41.748047,-8.361816,-5.676271,stair_down
1769345189.0317118,-0.966187,0.340820,0.331177,50.292984,-3.051759,-12.451176,stair_down
1769345189.0632372,-0.945557,0.258179,0.371338,52.490250,-6.958010,-15.563969,stair_down
1769345189.070976,-1.020142,0.260742,0.360474,48.706070,-2.319336,-18.066406,stair_down
1769345189.0910904,-1.056519,0.193726,0.370972,44.494644,-3.967286,-15.014652,stair_down
1769345189.1109884,-1.102295,0.207764,0.389282,33.264160,-11.535648,-15.258793,stair_down
1769345189.128609,-1.164551,0.234375,0.438965,32.287598,-19.897461,-15.930180,stair_down
1769345189.1489384,-1.128418,0.194214,0.502563,31.372078,-15.380863,-22.705086,stair_down
1769345189.1683,-0.909546,0.122314,0.429443,28.137215,-16.845703,-27.465828,stair_down
1769345189.189807,-0.831299,0.134766,0.343018,21.789551,-23.986824,-29.418953,stair_down
1769345189.210541,-0.816406,0.173096,0.260376,17.517090,-28.625496,-27.526863,stair_down
1769345189.2307615,-0.759033,0.187012,0.228027,17.700195,-29.968269,-16.784668,stair_down
1769345189.2507195,-0.798340,0.216919,0.268433,9.460449,-19.836426,-11.291508,stair_down
1769345189.2706382,-0.743408,0.227417,0.354248,11.230473,-5.432129,-4.699707,stair_down
1769345189.2917569,-0.754272,0.235474,0.509888,17.333984,-5.737307,-13.305668,stair_down
1769345189.31325,-0.808350,0.205811,0.586670,21.545410,11.596684,-3.723145,stair_down
1769345189.329449,-0.764893,0.172607,0.652222,22.949226,0.915528,-7.751467,stair_down
1769345189.3487952,-0.867310,0.151123,0.644287,25.085457,-3.417970,-10.864258,stair_down
1769345189.3703856,-0.790161,0.124878,0.585571,22.216805,-17.578125,-18.981934,stair_down
1769345189.3866038,-0.830566,0.178833,0.476563,19.042969,-31.066902,-18.188477,stair_down
1769345189.4065568,-0.869507,0.218262,0.385132,18.920898,-33.935547,-13.488773,stair_down
1769345189.433064,-0.909180,0.250854,0.300781,15.319828,-18.554688,-2.502441,stair_down
1769345189.4506927,-0.907471,0.255371,0.292236,10.009766,-8.789063,2.929688,stair_down
1769345189.4671443,-0.838989,0.218750,0.364624,-2.319336,-1.953125,12.329105,stair_down
1769345189.4880645,-0.796997,0.178955,0.457397,-6.774904,1.342773,18.066406,stair_down
1769345189.5111485,-0.781616,0.169067,0.407471,-12.268070,-1.708985,4.272461,stair_down
1769345189.5295353,-0.818115,0.224243,0.384888,-13.305668,-1.953125,14.038090,stair_down
1769345189.5492334,-0.878906,0.283813,0.414429,-9.643555,-6.042482,17.211914,stair_down
1769345189.5966425,-0.883789,0.265503,0.425293,-5.737307,-1.098633,14.587406,stair_down
1769345189.5966425,-0.843994,0.229248,0.403198,-5.371094,3.662110,12.451176,stair_down
1769345189.6062531,-0.752930,0.225220,0.361572,-2.868653,3.601075,8.422852,stair_down
1769345189.630008,-0.716187,0.212769,0.319336,-2.807618,0.366211,5.920412,stair_down
1769345189.650842,-0.705566,0.220703,0.297974,-3.784181,-2.136230,6.286623,stair_down
1769345189.6683109,-0.731689,0.253662,0.284424,-4.089355,-4.394531,5.432129,stair_down
1769345189.6912851,-0.746948,0.281128,0.289673,-1.647950,-0.122070,7.202150,stair_down
1769345189.7100239,-0.763306,0.315063,0.301392,-1.220703,1.831055,7.263186,stair_down
1769345189.7307706,-0.771606,0.323120,0.339966,1.647950,6.958010,7.568361,stair_down
1769345189.750447,-0.746826,0.313477,0.344604,5.065918,15.197758,8.483887,stair_down
1769345189.771053,-0.660278,0.278564,0.308472,7.568361,18.249512,7.751467,stair_down
1769345189.7867372,-0.572144,0.271118,0.269287,6.713869,12.268070,5.737307,stair_down
1769345189.810835,-0.536987,0.281982,0.238647,5.432129,-4.882813,2.197266,stair_down
1769345189.8282712,-0.715698,0.360962,0.233276,6.225588,-2.136230,4.638672,stair_down
1769345189.851225,-0.793823,0.387939,0.235107,14.404301,14.831547,8.972168,stair_down
1769345189.8700418,-0.773804,0.363037,0.236572,23.803719,33.325195,12.329105,stair_down
1769345189.8906863,-0.660767,0.296753,0.227539,26.794441,38.696289,11.535648,stair_down
1769345189.9107842,-0.548706,0.256348,0.264771,21.057129,13.061527,6.286623,stair_down
1769345189.9262836,-0.821655,0.243652,0.363892,7.690432,-17.028809,3.173829,stair_down
1769345189.9509258,-1.439087,0.273193,0.511108,-2.197266,-11.169437,2.380371,stair_down
1769345189.9962132,-1.493164,0.261230,0.514282,-3.479005,2.624512,-8.300781,stair_down
1769345189.9962132,-1.301025,0.224487,0.546265,0.122070,2.563477,-18.493652,stair_down
1769345190.0110092,-1.248169,0.240967,0.620483,3.112794,-11.169437,-26.062019,stair_down
1769345190.0292976,-1.408569,0.230469,0.611084,7.141115,-15.380863,-28.686531,stair_down
1769345190.050362,-1.361572,0.215576,0.468140,4.699707,-17.150879,-30.395515,stair_down
1769345190.0696878,-1.250000,0.263916,0.347656,8.972168,-20.019531,-27.832039,stair_down
1769345190.0908413,-1.073975,0.369141,0.380859,12.023930,-19.714355,-23.986824,stair_down
1769345190.1086988,-1.027832,0.466797,0.392090,15.808109,-4.882813,-16.662598,stair_down
1769345190.1282845,-0.924805,0.453003,0.317505,30.334480,10.009766,-9.887695,stair_down
1769345190.1474094,-0.816162,0.327637,0.231201,22.949226,6.347658,-9.094238,stair_down
1769345190.1692786,-0.799805,0.275635,0.167358,19.042969,1.708985,-9.521484,stair_down
1769345190.1891065,-0.808105,0.222900,0.171143,14.404301,-4.333496,-4.272461,stair_down
1769345190.2135699,-0.845825,0.173462,0.190552,11.901859,2.441406,0.488281,stair_down
1769345190.231419,-0.811768,0.137207,0.221069,11.901859,8.361816,-1.403809,stair_down
1769345190.2516563,-0.801880,0.096313,0.230591,13.916019,9.765625,-2.197266,stair_down
1769345190.270941,-0.790405,0.046265,0.220093,13.854984,9.826660,-6.835939,stair_down
1769345190.2877564,-0.767944,0.025146,0.215942,13.732914,5.920412,-9.033203,stair_down
1769345190.3073325,-0.795776,0.022217,0.210327,10.498047,0.427246,-11.108402,stair_down
1769345190.3304775,-0.819336,0.066406,0.194092,7.385256,-4.272461,-14.404301,stair_down
1769345190.3488483,-0.802124,0.147705,0.169434,3.479005,-8.361816,-16.479492,stair_down
1769345190.3700259,-0.745850,0.220459,0.145874,1.708985,-10.498047,-14.282230,stair_down
1769345190.3896067,-0.721313,0.293823,0.126587,5.249023,-18.249512,-11.962894,stair_down
1769345190.3971853,-0.760376,0.321655,0.146362,-0.610352,-20.080566,-9.826660,stair_down
1769345190.4263277,-0.850830,0.404785,0.120972,4.516602,-10.681152,-2.624512,stair_down
1769345190.4490013,-0.840088,0.371460,0.162964,13.610844,6.225588,4.760742,stair_down
1769345190.470921,-0.756958,0.261841,0.231567,15.563969,12.329105,8.239746,stair_down
1769345190.490575,-0.749878,0.178955,0.242065,13.366703,18.859863,10.620117,stair_down
1769345190.5097816,-0.679443,0.173096,0.214355,11.352543,19.165039,12.451176,stair_down
1769345190.5287356,-0.635986,0.107056,0.192017,8.850098,2.746582,11.108402,stair_down
1769345190.55131,-0.710449,0.098633,0.205811,-0.305176,-12.756351,10.559082,stair_down
1769345190.5710018,-0.770508,0.172974,0.252808,-5.859377,-22.155769,8.666992,stair_down
1769345190.587452,-0.987793,0.231323,0.364258,-12.939457,-30.029305,8.117676,stair_down
1769345190.6061888,-1.387207,0.341553,0.563232,-17.578125,-14.343266,10.681152,stair_down
1769345190.6304457,-1.482910,0.330078,0.594482,-15.075687,3.723145,10.559082,stair_down
1769345190.6476777,-1.400879,0.281372,0.545776,-7.873537,13.000492,6.469728,stair_down
1769345190.6694007,-1.224731,0.216675,0.571533,-9.216309,3.173829,-6.347658,stair_down
1769345190.689026,-1.270874,0.279053,0.688599,-10.314941,-5.554201,-10.070801,stair_down
1769345190.71098,-1.331055,0.314697,0.717285,-8.056641,-0.183106,-8.483887,stair_down
1769345190.7275658,-1.209595,0.332764,0.605835,-2.807618,3.967286,-12.329105,stair_down
1769345190.7506373,-0.869873,0.345093,0.396118,4.333496,2.197266,-16.174316,stair_down
1769345190.771217,-0.770874,0.348511,0.263916,3.540040,-4.089355,-12.207035,stair_down
1769345190.7897115,-0.795776,0.388062,0.179565,5.004883,-9.765625,-10.803223,stair_down
1769345190.8077595,-0.807129,0.367554,0.141968,8.361816,-5.554201,-7.995607,stair_down
1769345190.8272636,-0.810791,0.354126,0.141357,13.549809,7.080080,-1.281738,stair_down
1769345190.848914,-0.766602,0.302368,0.179932,17.395020,15.075687,3.356935,stair_down
1769345190.870702,-0.674438,0.252075,0.312622,18.981934,8.850098,1.037598,stair_down
1769345190.890783,-0.697021,0.222290,0.410767,19.836426,-5.310059,-0.793457,stair_down
1769345190.910497,-0.719116,0.228027,0.455933,19.836426,-7.080080,0.122070,stair_down
1769345190.9308732,-0.721069,0.240356,0.478394,17.822266,-5.676271,-6.713869,stair_down
1769345190.9476426,-0.736694,0.268188,0.458496,13.549809,-4.272461,-12.939457,stair_down
1769345190.9700823,-0.659790,0.300659,0.419556,10.314941,-16.479492,-26.000984,stair_down
1769345190.989525,-0.797241,0.363647,0.360962,7.507326,-28.564461,-28.320320,stair_down
1769345191.009266,-0.938477,0.429321,0.319458,9.155273,-12.756351,-18.615723,stair_down
1769345191.029658,-0.954468,0.399658,0.297119,15.197758,-7.385256,-14.648441,stair_down
1769345191.0504045,-0.973145,0.365234,0.284424,17.944336,-2.868653,-6.530764,stair_down
1769345191.070079,-0.994873,0.333862,0.291260,20.568848,-3.723145,0.366211,stair_down
1769345191.0912616,-0.957031,0.328369,0.319214,18.981934,0.854492,3.417970,stair_down
1769345191.110795,-0.937256,0.355835,0.390747,17.211914,-11.596684,3.662110,stair_down
1769345191.1278565,-1.186035,0.266357,0.480347,16.967773,-15.686039,3.295899,stair_down
1769345191.147687,-1.199829,0.226440,0.473999,12.878422,-4.272461,2.441406,stair_down
1769345191.1675134,-0.987305,0.255981,0.444336,15.319828,-4.882813,-3.112794,stair_down
1769345191.186697,-0.907715,0.252930,0.451904,23.254402,-8.422852,-2.929688,stair_down
1769345191.2106159,-0.802979,0.253540,0.442993,28.381355,-4.577637,-9.338379,stair_down
1769345191.2313132,-0.765503,0.239014,0.411499,32.470703,-0.305176,-10.131836,stair_down
1769345191.2500648,-0.767212,0.194824,0.340942,34.362793,1.708985,-7.812502,stair_down
1769345191.2672179,-0.702515,0.141357,0.284668,31.921394,5.126953,1.953125,stair_down
1769345191.2880614,-0.752319,0.126221,0.273071,24.108894,1.586915,16.235352,stair_down
1769345191.3101957,-0.751953,0.199097,0.269531,22.460945,0.427246,4.211426,stair_down
1769345191.3281052,-0.880005,0.120972,0.273438,14.343266,4.394531,8.056641,stair_down
1769345191.348101,-0.908325,0.128906,0.289429,5.615236,-7.446291,2.868653,stair_down
1769345191.370625,-1.046631,0.149048,0.300415,-1.770020,-15.563969,-0.854492,stair_down
1769345191.38792,-1.106812,0.169556,0.299072,-1.708985,-12.329105,-8.422852,stair_down
1769345191.4121716,-1.051025,0.212769,0.310791,6.958010,-13.061527,-11.291508,stair_down
1769345191.4309757,-0.987549,0.268921,0.287109,14.404301,-8.911133,-18.188477,stair_down
1769345191.4465024,-0.890503,0.311890,0.255371,21.240234,-6.042482,-26.184090,stair_down
1769345191.4685717,-0.809448,0.345337,0.225952,28.198250,-5.493164,-29.846199,stair_down
1769345191.4890583,-0.797729,0.365967,0.221191,31.250008,-1.953125,-28.869637,stair_down
1769345191.5078218,-0.776123,0.374878,0.221558,34.301758,-0.183106,-28.564461,stair_down
1769345191.5305965,-0.780762,0.326660,0.215210,35.644531,-1.037598,-24.597176,stair_down
1769345191.5503685,-0.783691,0.308105,0.203125,33.752441,-8.422852,-23.315437,stair_down
1769345191.5665226,-0.853882,0.280884,0.222412,31.372078,-12.573246,-17.150879,stair_down
1769345191.626675,-0.925293,0.290649,0.231201,32.470703,-11.779789,-17.578125,stair_down
1769345191.626675,-0.969482,0.265137,0.249512,34.301758,-8.666992,-15.869144,stair_down
1769345191.626675,-0.993530,0.267456,0.233032,39.916992,-5.920412,-12.268070,stair_down
1769345191.6491485,-0.963013,0.252075,0.207520,44.189453,-3.723145,-10.986328,stair_down
1769345191.6665728,-0.964966,0.276001,0.216675,49.011246,-7.690432,-8.178711,stair_down
1769345191.688894,-0.997925,0.295288,0.260498,54.138199,-7.995607,-8.544922,stair_down
1769345191.726506,-1.009033,0.282837,0.303589,58.654800,-9.216309,-10.498047,stair_down
1769345191.7301311,-0.996338,0.283081,0.306396,58.288589,-16.113281,-18.859863,stair_down
1769345191.7502215,-1.107422,0.279419,0.345825,57.067886,-7.873537,-17.639160,stair_down
1769345191.7705145,-1.131104,0.242432,0.379517,57.861343,-2.136230,-15.380863,stair_down
1769345191.7903404,-1.043579,0.203979,0.337524,55.664078,10.375977,-14.404301,stair_down
1769345191.8079977,-0.838379,0.214233,0.330933,55.786148,4.760742,-14.526371,stair_down
1769345191.827658,-0.873047,0.250610,0.381470,50.292984,-10.437012,-18.615723,stair_down
1769345191.8494246,-1.035645,0.274048,0.422607,50.354019,-8.483887,-20.690918,stair_down
1769345191.870266,-1.025635,0.241577,0.409546,49.011246,7.141115,-23.437508,stair_down
1769345191.8906515,-0.840210,0.191650,0.347656,44.677750,5.676271,-26.733406,stair_down
1769345191.9078357,-0.721680,0.155396,0.313232,36.315918,-7.141115,-23.925789,stair_down
1769345191.93087,-0.676270,0.228271,0.313599,30.517586,-19.958496,-22.705086,stair_down
1769345191.9462683,-0.715088,0.283081,0.392334,33.447266,-22.888191,-24.230965,stair_down
1769345191.9709306,-0.768799,0.343018,0.440308,41.564941,-13.854984,-24.963387,stair_down
1769345191.9922154,-0.777954,0.303711,0.438599,48.156754,-6.713869,-24.658211,stair_down
1769345192.0098515,-0.749390,0.271484,0.447754,46.936050,-12.207035,-26.367195,stair_down
1769345192.0311384,-0.814087,0.260132,0.506836,44.616714,-30.761726,-30.822762,stair_down
1769345192.0475974,-0.916870,0.255859,0.486450,41.076660,-30.639656,-31.433113,stair_down
1769345192.0710864,-0.821167,0.267212,0.394287,37.353516,-27.832039,-25.146492,stair_down
1769345192.0975268,-0.800903,0.281372,0.329346,37.902832,-28.686531,-21.972656,stair_down
1769345192.1317592,-0.829346,0.283936,0.312622,36.010742,-27.648933,-18.127441,stair_down
1769345192.1317592,-0.878662,0.301025,0.307861,36.193848,-26.611336,-17.517090,stair_down
1769345192.1503441,-0.920776,0.290039,0.302979,38.024902,-16.784668,-17.028809,stair_down
1769345192.1709569,-0.887207,0.266602,0.322998,37.902832,-8.728027,-13.671879,stair_down
1769345192.1901767,-0.870972,0.284058,0.356567,34.851074,0.000000,-8.544922,stair_down
1769345192.2100444,-0.838745,0.256226,0.389160,35.644531,-4.821777,-8.666992,stair_down
1769345192.2302072,-0.890625,0.279175,0.410889,33.691406,-6.713869,-9.399414,stair_down
1769345192.2500405,-0.861572,0.278076,0.410034,33.752441,-7.934572,-12.512211,stair_down
1769345192.267526,-0.863281,0.283081,0.393433,31.860359,-8.422852,-10.986328,stair_down
1769345192.2906954,-0.836670,0.288940,0.372437,30.395515,-7.690432,-9.826660,stair_down
1769345192.3085573,-0.831665,0.307617,0.353638,28.198250,-6.835939,-7.690432,stair_down
1769345192.328266,-0.860474,0.332886,0.353394,29.052742,-2.441406,-2.807618,stair_down
1769345192.3503542,-0.868286,0.325562,0.324585,27.465828,0.976563,-0.122070,stair_down
1769345192.3691578,-0.841797,0.316528,0.296265,24.780281,0.122070,4.333496,stair_down
1769345192.3893034,-0.909302,0.313721,0.308960,19.165039,-2.624512,6.347658,stair_down
1769345192.4077287,-1.027100,0.328735,0.368652,13.244633,-0.671387,2.990724,stair_down
1769345192.4276001,-1.098999,0.293457,0.403931,14.038090,2.319336,3.723145,stair_down
1769345192.453771,-1.001831,0.240479,0.396606,8.422852,0.854492,-1.525879,stair_down
1769345192.489299,-0.976563,0.239014,0.415039,8.728027,-3.051759,-7.263186,stair_down
1769345192.489299,-1.001465,0.215088,0.470337,8.361816,-8.056641,-13.061527,stair_down
1769345192.506421,-0.929810,0.253662,0.467896,14.648441,-7.751467,-17.883301,stair_down
1769345192.5294247,-0.854248,0.222168,0.418213,23.681648,-8.483887,-13.122562,stair_down
1769345192.549304,-0.780884,0.163086,0.394287,27.526863,-14.953617,-6.713869,stair_down
1769345192.5675442,-0.799561,0.216309,0.349365,29.785164,-17.578125,-8.300781,stair_down
1769345192.5872996,-0.756348,0.176758,0.300171,30.517586,2.014160,-0.732422,stair_down
1769345192.6067328,-0.731567,0.147827,0.270386,25.390633,2.502441,3.540040,stair_down
1769345192.6266081,-0.763306,0.148071,0.261719,23.315437,-1.708985,5.065918,stair_down
1769345192.6478846,-0.897217,0.096191,0.293823,13.732914,-5.187988,-1.403809,stair_down
1769345192.6674035,-0.960571,0.108643,0.345093,7.934572,-5.859377,-4.638672,stair_down
1769345192.6902778,-1.050659,0.106567,0.418579,7.568361,-10.498047,-9.216309,stair_down
1769345192.7070405,-1.044800,0.106567,0.423096,8.850098,-3.723145,-14.892582,stair_down
1769345192.7309685,-0.965576,0.145142,0.386597,16.235352,-6.225588,-18.981934,stair_down
1769345192.7510026,-0.910278,0.177612,0.367920,22.338875,-9.521484,-21.301270,stair_down
1769345192.7665415,-0.885742,0.228638,0.335938,22.460945,-11.718754,-28.015144,stair_down
1769345192.7916875,-0.873413,0.278564,0.298340,28.930672,-12.146000,-22.949226,stair_down
1769345192.8106508,-0.859009,0.309692,0.285522,29.052742,-9.033203,-21.850586,stair_down
1769345192.8306682,-0.856934,0.304688,0.288086,30.700691,-4.516602,-12.512211,stair_down
1769345192.8504105,-0.813965,0.290039,0.274414,30.334480,-1.464844,-16.174316,stair_down
1769345192.8681183,-0.854980,0.253174,0.272827,28.442390,-1.831055,-9.338379,stair_down
1769345192.8905234,-0.879639,0.241943,0.258545,27.709969,-0.488281,-9.704590,stair_down
1769345192.9118423,-0.929688,0.205933,0.247437,26.611336,2.502441,-4.272461,stair_down
1769345192.9262643,-0.935913,0.209595,0.241821,26.245125,4.882813,-4.699707,stair_down
1769345192.9465199,-0.944458,0.195679,0.241821,25.878914,6.286623,-1.892090,stair_down
1769345192.9706495,-0.907837,0.200562,0.223999,28.503426,7.629396,0.244141,stair_down
1769345192.987772,-0.888794,0.198120,0.203247,27.099617,3.601075,-1.892090,stair_down
1769345193.0087798,-0.883179,0.231934,0.191895,26.733406,4.272461,0.549316,stair_down
1769345193.0305424,-0.902344,0.282715,0.198730,27.709969,3.051759,0.305176,stair_down
1769345193.0499768,-0.931885,0.283325,0.235840,29.113777,0.671387,-1.281738,stair_down
1769345193.0670946,-0.974854,0.290405,0.275146,30.334480,1.403809,-0.793457,stair_down
1769345193.0903614,-1.014648,0.275269,0.302856,30.212410,1.098633,-3.112794,stair_down
1769345193.1075492,-0.989990,0.209839,0.316528,28.137215,4.943848,-2.075195,stair_down
1769345193.1487021,-0.998779,0.191528,0.306274,20.507813,1.831055,0.427246,stair_down
1769345193.156304,-1.018555,0.186523,0.293823,15.930180,-1.342773,2.075195,stair_down
1769345193.169231,-0.985840,0.181152,0.303345,10.559082,-3.295899,2.868653,stair_down
1769345193.1903834,-0.975952,0.175903,0.314697,6.652834,-6.530764,1.525879,stair_down
1769345193.2196765,-0.953003,0.187744,0.309082,5.493164,-6.225588,1.037598,stair_down
1769345193.2305999,-0.957031,0.228394,0.297241,4.333496,-3.417970,-0.793457,stair_down
1769345193.2499642,-0.975708,0.245239,0.258911,6.469728,-0.793457,-6.896975,stair_down
1769345193.270383,-0.912964,0.237183,0.228271,6.835939,-3.784181,-11.230473,stair_down
1769345193.2870848,-0.922119,0.243408,0.224487,7.385256,-7.324221,-12.878422,stair_down
1769345193.308325,-0.892090,0.239868,0.248779,10.742188,-0.122070,-11.291508,stair_down
1769345193.328554,-0.794922,0.231201,0.279297,13.183598,4.333496,-10.864258,stair_down
1769345193.348584,-0.708496,0.244141,0.306396,16.052246,-2.563477,-18.005371,stair_down
1769345193.3679857,-0.766968,0.276978,0.445557,23.010262,-8.972168,-14.648441,stair_down
1769345193.3908958,-0.847778,0.286133,0.492188,27.038582,-0.976563,-15.075687,stair_down
1769345193.4101639,-0.841309,0.231567,0.516724,29.479988,1.281738,-18.798828,stair_down
1769345193.4307604,-0.844727,0.182617,0.505127,26.245125,-11.718754,-19.042969,stair_down
1769345193.450422,-0.861084,0.177002,0.437866,18.066406,-26.550301,-25.085457,stair_down
1769345193.4675202,-0.886841,0.207520,0.337769,13.244633,-32.043457,-23.620613,stair_down
1769345193.4862149,-0.871948,0.237427,0.271240,10.925293,-32.653809,-20.568848,stair_down
1769345193.5085213,-0.931274,0.301270,0.252441,8.911133,-24.353035,-12.939457,stair_down
1769345193.5311902,-0.916626,0.302979,0.239746,12.390141,-12.573246,-14.099125,stair_down
1769345193.5494297,-0.873291,0.247437,0.253052,15.014652,-6.408693,-11.718754,stair_down
1769345193.570517,-0.827026,0.233765,0.274170,10.925293,-3.479005,-13.183598,stair_down
1769345193.592144,-0.827881,0.256592,0.288696,9.033203,-5.798342,-8.728027,stair_down
1769345193.607748,-0.848999,0.282349,0.317993,8.972168,-7.812502,-6.042482,stair_down
1769345193.6270711,-0.881714,0.295410,0.356689,12.512211,-7.080080,-7.202150,stair_down
1769345193.648454,-0.857422,0.276367,0.390137,17.089844,-5.737307,-9.399414,stair_down
1769345193.6680133,-0.873413,0.258545,0.369873,17.089844,-10.070801,-9.460449,stair_down
1769345193.689994,-0.880737,0.262817,0.341309,17.883301,-9.155273,-9.033203,stair_down
1769345193.7090056,-0.907715,0.249634,0.322876,16.418457,-10.498047,-6.469728,stair_down
1769345193.7302513,-0.978760,0.249146,0.317139,12.512211,-5.249023,-0.366211,stair_down
1769345193.7470903,-0.991333,0.248535,0.300781,8.300781,2.502441,4.699707,stair_down
1769345193.7682934,-0.944824,0.234009,0.288818,0.915528,0.122070,7.690432,stair_down
1769345193.7910976,-1.045898,0.229370,0.353638,-4.455566,-2.136230,10.437012,stair_down
1769345193.8102195,-1.062744,0.196533,0.393921,-9.399414,4.272461,10.314941,stair_down
1769345193.830527,-0.964844,0.171387,0.386353,-13.549809,4.821777,9.460449,stair_down
1769345193.8484101,-0.873413,0.143311,0.385132,-10.375977,1.159668,9.948730,stair_down
1769345193.8702965,-0.864868,0.146484,0.449097,-15.319828,-10.131836,8.605957,stair_down
1769345193.8904464,-0.941528,0.187256,0.541138,-8.850098,-10.253906,4.516602,stair_down
1769345193.906431,-0.946289,0.142944,0.553467,-7.019045,-0.366211,-4.333496,stair_down
1769345193.9310012,-0.915161,0.101807,0.471558,-4.272461,2.929688,1.342773,stair_down
1769345193.9506233,-0.786133,0.067505,0.389160,-2.319336,7.873537,7.568361,stair_down
1769345193.9675624,-0.675903,0.047363,0.353760,-3.845216,-1.281738,12.451176,stair_down
1769345193.987509,-0.768188,0.033447,0.352417,-26.489265,-1.953125,26.123055,stair_down
1769345194.0106323,-0.883667,0.214355,0.274292,-8.483887,-2.929688,16.784668,stair_down
1769345194.028703,-0.883545,0.048828,0.271240,-20.141602,-3.356935,10.009766,stair_down
1769345194.0484028,-0.977295,0.101074,0.293823,-26.977547,-5.432129,7.507326,stair_down
1769345194.0700696,-1.092285,0.083740,0.331543,-25.756844,-1.220703,1.770020,stair_down
1769345194.08921,-1.098999,0.078735,0.337891,-25.024422,-1.220703,0.000000,stair_down
1769345194.1111083,-1.041870,0.127319,0.315186,-20.690918,4.150391,-2.075195,stair_down
1769345194.128091,-0.946899,0.179565,0.330811,-18.005371,6.958010,-7.446291,stair_down
1769345194.1478932,-0.869019,0.181641,0.356323,-8.117676,3.112794,-11.901859,stair_down
1769345194.169466,-0.850098,0.207397,0.313232,-5.676271,10.253906,-14.282230,stair_down
1769345194.1895735,-0.815918,0.214355,0.301270,-5.004883,5.126953,-13.183598,stair_down
1769345194.2095263,-0.860718,0.218384,0.294556,-7.019045,-0.427246,-14.831547,stair_down
1769345194.226288,-0.887695,0.215332,0.271973,-4.577637,4.394531,-8.239746,stair_down
1769345194.2482882,-0.867310,0.166260,0.260132,-9.216309,8.666992,0.061035,stair_down
1769345194.2662513,-0.904053,0.184082,0.263916,-6.530764,0.610352,4.272461,stair_down
1769345194.2902234,-0.956055,0.183105,0.271973,-4.272461,6.896975,2.563477,stair_down
1769345194.3081796,-0.886841,0.156128,0.266846,-2.319336,9.094238,4.028320,stair_down
1769345194.329332,-0.855957,0.178345,0.248047,0.244141,8.605957,3.540040,stair_down
1769345194.3504949,-0.808960,0.203247,0.230225,3.356935,8.239746,3.112794,stair_down
1769345194.3693423,-0.748657,0.213623,0.229370,8.361816,3.356935,-1.159668,stair_down
1769345194.3866105,-0.753784,0.226074,0.235840,10.620117,-0.610352,-1.647950,stair_down
1769345194.4097733,-0.757690,0.247803,0.226318,14.770512,-3.479005,-1.220703,stair_down
1769345194.4277477,-0.760010,0.216919,0.185791,20.263672,-1.525879,3.112794,stair_down
1769345194.4508972,-0.732422,0.217529,0.167725,22.338875,-2.197266,4.211426,stair_down
1769345194.4719748,-0.751221,0.208740,0.171509,24.841316,0.793457,4.943848,stair_down
1769345194.4875193,-0.764893,0.192017,0.174683,27.648933,3.967286,7.019045,stair_down
1769345194.5087452,-0.805176,0.172241,0.174072,28.808601,4.760742,9.460449,stair_down
1769345194.5296404,-0.811523,0.143311,0.184692,26.306160,3.906251,9.033203,stair_down
1769345194.549649,-0.856689,0.138794,0.181030,24.780281,4.516602,9.704590,stair_down
1769345194.5708876,-0.826050,0.139648,0.182861,18.371582,4.455566,9.216309,stair_down
1769345194.590499,-0.850708,0.177490,0.185791,18.066406,5.004883,8.605957,stair_down
1769345194.617891,-0.831665,0.172607,0.174805,17.089844,7.080080,7.995607,stair_down
1769345194.627697,-0.824463,0.185547,0.163208,16.296387,7.995607,8.728027,stair_down
1769345194.6504586,-0.822632,0.175049,0.173584,14.099125,4.211426,7.690432,stair_down
1769345194.6703649,-0.952026,0.200195,0.253540,6.713869,-0.366211,8.850098,stair_down
1769345194.690131,-1.399048,0.229126,0.460083,-0.244141,7.568361,11.352543,stair_down
1769345194.7133965,-1.487549,0.196777,0.486084,-1.403809,24.414070,5.981447,stair_down
1769345194.7266157,-1.259521,0.114868,0.474243,-4.455566,31.860359,5.676271,stair_down
1769345194.7505894,-1.045532,0.096069,0.479980,-9.582520,19.958496,1.770020,stair_down
1769345194.771031,-1.009155,0.162354,0.531860,-14.953617,-3.784181,-0.122070,stair_down
1769345194.790687,-1.196899,0.301025,0.577759,-19.409180,-9.826660,-3.784181,stair_down
1769345195.0566235,-1.037231,0.316406,0.321045,-17.211914,9.643555,-12.390141,stair_down
1769345195.0566235,-0.822510,0.325073,0.262207,-20.874023,2.075195,-6.896975,stair_down
1769345195.0566235,-0.850708,0.367310,0.260132,-24.047859,-15.625004,0.671387,stair_down
1769345195.0566235,-0.945923,0.451172,0.254395,-16.723633,-4.821777,7.141115,stair_down
1769345195.0566235,-0.887085,0.414551,0.248901,-4.882813,7.751467,10.192871,stair_down
1769345195.0566235,-0.734497,0.297241,0.262085,4.211426,18.676758,15.625004,stair_down
1769345195.0636146,-0.667480,0.244507,0.284546,4.394531,10.070801,13.305668,stair_down
1769345195.0636146,-0.668945,0.240479,0.297485,4.821777,5.615236,17.028809,stair_down
1769345195.0636146,-0.669556,0.247070,0.298950,5.676271,3.967286,13.732914,stair_down
1769345195.0636146,-0.670898,0.253052,0.306641,5.371094,2.624512,11.474613,stair_down
1769345195.0636146,-0.676147,0.259155,0.312988,4.211426,-1.037598,9.155273,stair_down
1769345195.070631,-0.703735,0.274414,0.306396,1.159668,-8.117676,1.586915,stair_down
1769345195.0906394,-0.793823,0.296875,0.278564,-0.488281,-8.178711,-3.051759,stair_down
1769345195.1105075,-0.788818,0.300171,0.244629,-3.112794,-3.173829,-1.098633,stair_down
1769345195.1303713,-0.816406,0.308716,0.207764,-3.784181,-5.798342,0.122070,stair_down
1769345195.148549,-0.840698,0.320068,0.189209,-5.249023,-2.563477,1.464844,stair_down
1769345195.168837,-0.801392,0.320801,0.170044,-4.699707,-1.098633,3.234864,stair_down
1769345195.1879725,-0.801514,0.320190,0.165771,-6.225588,0.061035,6.469728,stair_down
1769345195.2101243,-0.749512,0.337646,0.159668,-4.638672,3.540040,8.666992,stair_down
1769345195.231153,-0.764160,0.342041,0.209106,-1.281738,-2.624512,3.967286,stair_down
1769345195.25091,-0.762085,0.331787,0.251709,1.464844,0.427246,4.821777,stair_down
1769345195.271081,-0.741089,0.307861,0.281860,2.685547,2.258301,1.098633,stair_down
1769345195.290769,-0.728760,0.296875,0.286011,2.746582,3.601075,-0.854492,stair_down
1769345195.3064966,-0.714844,0.286255,0.272095,1.892090,2.441406,-3.234864,stair_down
1769345195.3568354,-0.741211,0.293091,0.236572,0.122070,2.075195,-3.173829,stair_down
1769345195.36044,-0.749512,0.307373,0.192017,0.976563,1.037598,-1.037598,stair_down
1769345195.3715522,-0.908081,0.320435,0.238037,-0.610352,-2.258301,7.080080,stair_down
1769345195.3895872,-1.105957,0.322144,0.265747,-5.004883,1.770020,9.887695,stair_down
1769345195.4097047,-1.235352,0.273926,0.277344,-11.352543,0.610352,6.347658,stair_down
1769345195.4277678,-1.312744,0.227295,0.336792,-16.906738,-2.563477,5.249023,stair_down
1769345195.4462223,-1.304199,0.197876,0.408325,-16.967773,-6.958010,0.671387,stair_down
1769345195.4711366,-1.309937,0.217163,0.463135,-14.099125,-11.596684,-3.479005,stair_down
1769345195.491077,-1.405151,0.231689,0.522583,-0.976563,-10.070801,-19.775391,stair_down
1769345195.5076993,-1.308228,0.234619,0.401978,0.732422,-6.958010,-21.362305,stair_down
1769345195.5292583,-1.142578,0.254272,0.278320,5.371094,-4.150391,-19.958496,stair_down
1769345195.5493166,-1.034790,0.267334,0.257202,2.258301,-10.742188,-25.512703,stair_down
1769345195.5694761,-1.081421,0.374146,0.268677,4.089355,-4.943848,-15.747074,stair_down
1769345195.588923,-1.029175,0.453247,0.242798,11.047363,12.023930,-10.253906,stair_down
1769345195.610762,-0.921875,0.323242,0.193604,12.390141,17.456055,-0.610352,stair_down
1769345195.6273413,-0.839844,0.255005,0.159912,9.643555,19.531250,5.249023,stair_down
1769345195.64832,-0.765991,0.198730,0.162354,3.906251,4.211426,2.136230,stair_down
1769345195.6693199,-0.785400,0.172119,0.180664,1.770020,3.906251,1.953125,stair_down
1769345195.6907122,-0.745972,0.152588,0.196289,2.441406,2.990724,1.953125,stair_down
1769345195.7109213,-0.776489,0.125854,0.184937,4.882813,4.882813,1.647950,stair_down
1769345195.7297204,-0.747437,0.089233,0.174805,4.516602,2.502441,-2.929688,stair_down
1769345195.7494056,-0.776978,0.072754,0.158447,2.563477,-2.807618,-7.751467,stair_down
1769345195.7677073,-0.776978,0.080322,0.151489,2.441406,-6.225588,-9.094238,stair_down
1769345195.7911184,-0.795654,0.092163,0.152222,1.892090,-7.141115,-10.559082,stair_down
1769345195.809378,-0.766602,0.135254,0.130127,1.403809,-7.934572,-11.657719,stair_down
1769345195.8299246,-0.761353,0.170288,0.113647,0.366211,-10.864258,-9.094238,stair_down
1769345195.850984,-0.767822,0.214355,0.110840,0.305176,-10.803223,-8.483887,stair_down
1769345195.8690643,-0.772705,0.244385,0.117188,1.953125,-10.131836,-5.249023,stair_down
1769345195.888988,-0.788940,0.270264,0.149658,3.784181,-8.605957,-4.882813,stair_down
1769345195.9101667,-0.805542,0.271240,0.171509,5.920412,-6.896975,-2.380371,stair_down
1769345195.9277942,-0.847778,0.255859,0.166626,10.620117,-0.671387,3.112794,stair_down
1769345195.9511018,-0.830444,0.230835,0.187134,12.634281,5.676271,7.385256,stair_down
1769345195.967401,-0.810547,0.208740,0.143188,7.812502,1.403809,8.728027,stair_down
1769345196.0281649,-0.921265,0.193604,0.181885,6.713869,5.004883,10.986328,stair_down
1769345196.046458,-0.941528,0.218750,0.178223,0.427246,2.197266,7.324221,stair_down
1769345196.046458,-0.961060,0.205078,0.207520,-3.112794,0.915528,5.126953,stair_down
1769345196.051109,-0.975464,0.256348,0.229370,-8.300781,-6.347658,0.549316,stair_down
1769345196.0676296,-1.146851,0.298096,0.312256,-8.728027,-12.939457,0.976563,stair_down
1769345196.0909526,-1.360840,0.301514,0.406006,-4.455566,-6.042482,4.577637,stair_down
1769345196.1103027,-1.419434,0.232544,0.445679,-2.197266,9.033203,8.117676,stair_down
1769345196.1290836,-1.297607,0.202515,0.421387,-5.554201,16.113281,8.178711,stair_down
1769345196.1508813,-1.030884,0.152588,0.388550,-1.464844,15.014652,6.225588,stair_down
1769345196.1679404,-0.939209,0.155396,0.380493,-5.554201,7.507326,8.178711,stair_down
1769345196.19094,-0.952637,0.262207,0.418213,-12.451176,-1.586915,5.676271,stair_down
1769345196.209353,-1.074585,0.315063,0.459717,-12.146000,-0.732422,1.159668,stair_down
1769345196.4035287,-0.977783,0.477417,0.242676,-11.962894,-2.441406,9.704590,stair_down
1769345196.4065554,-0.972656,0.520386,0.227783,-2.807618,9.887695,10.681152,stair_down
1769345196.4065554,-0.904053,0.421021,0.258423,5.798342,2.746582,7.873537,stair_down
1769345196.4065554,-0.880859,0.382080,0.254883,11.047363,9.582520,6.896975,stair_down
1769345196.4065554,-0.738525,0.288574,0.262329,14.343266,7.568361,3.479005,stair_down
1769345196.4065554,-0.670166,0.253662,0.263550,14.404301,2.807618,1.586915,stair_down
1769345196.4307327,-0.635498,0.252441,0.267578,14.221195,-3.173829,-0.122070,stair_down
1769345196.4509976,-0.674072,0.253662,0.268677,11.901859,-7.446291,-0.976563,stair_down
1769345196.4719434,-0.692383,0.255005,0.257202,11.291508,-6.713869,-2.258301,stair_down
1769345196.4909878,-0.716553,0.248291,0.247314,9.033203,-8.300781,-3.662110,stair_down
1769345196.5085576,-0.749390,0.256836,0.237183,6.225588,-9.643555,-5.432129,stair_down
1769345196.53073,-0.770142,0.253296,0.252686,0.244141,-9.582520,-2.990724,stair_down
1769345196.551298,-0.822144,0.276245,0.251953,-2.807618,-10.009766,-0.915528,stair_down
1769345196.5710447,-0.816162,0.303345,0.226318,-3.723145,-8.483887,2.136230,stair_down
1769345196.586338,-0.762085,0.316650,0.192017,-4.882813,-5.371094,3.906251,stair_down
1769345196.6102526,-0.734131,0.317993,0.177612,-3.295899,-3.906251,6.469728,stair_down
1769345196.629338,-0.695679,0.318359,0.171387,-4.821777,-0.915528,7.751467,stair_down
1769345196.6476467,-0.689209,0.331665,0.166260,-3.479005,0.366211,9.277344,stair_down
1769345196.6669798,-0.717407,0.315796,0.202148,-1.098633,0.427246,4.638672,stair_down
1769345196.6907043,-0.737305,0.299194,0.247681,0.244141,0.305176,0.488281,stair_down
1769345196.7091265,-0.763184,0.301147,0.278809,2.807618,1.831055,-3.356935,stair_down
1769345196.726381,-0.803467,0.280151,0.289063,7.019045,3.845216,-3.112794,stair_down
1769345196.749537,-0.841553,0.291748,0.286621,6.103518,4.089355,-5.615236,stair_down
1769345196.77046,-0.923584,0.314941,0.304077,5.737307,-3.173829,-5.493164,stair_down
1769345196.7900825,-1.140381,0.314819,0.326050,1.098633,-5.065918,-3.051759,stair_down
1769345196.812282,-1.318726,0.261353,0.347900,-5.065918,1.464844,0.915528,stair_down
1769345196.830593,-1.252686,0.214966,0.378784,-8.483887,0.244141,2.807618,stair_down
1769345196.8665605,-1.287598,0.211792,0.439697,-9.216309,-8.666992,5.310059,stair_down
1769345196.8685994,-1.393433,0.224243,0.520386,-9.094238,-15.319828,-4.333496,stair_down
1769345196.889209,-1.446899,0.218872,0.504639,-5.554201,-10.864258,-6.286623,stair_down
1769345196.9086182,-1.250244,0.185913,0.385986,1.159668,-4.943848,-10.437012,stair_down
1769345196.927084,-0.986084,0.225830,0.341431,-1.831055,-22.277840,-21.484375,stair_down
1769345196.95107,-1.024658,0.343750,0.348389,6.835939,-17.028809,-15.563969,stair_down
1769345196.9674108,-1.014648,0.431763,0.291870,12.634281,-2.929688,-13.427738,stair_down
1769345196.9893143,-0.965576,0.385132,0.229980,19.348145,6.042482,-10.620117,stair_down
1769345197.0094814,-0.928101,0.318359,0.175781,17.822266,7.690432,-5.371094,stair_down
1769345197.0287974,-0.852783,0.230225,0.166260,14.099125,6.958010,-2.929688,stair_down
1769345197.050698,-0.804077,0.198730,0.179565,10.009766,3.540040,0.488281,stair_down
1769345197.071302,-0.773682,0.171631,0.209961,12.084965,4.394531,-0.976563,stair_down
1769345197.090835,-0.764404,0.141479,0.212769,14.160160,4.821777,-3.784181,stair_down
1769345197.1126742,-0.789673,0.092285,0.208008,12.146000,4.211426,-10.253906,stair_down
1769345197.1305737,-0.760498,0.077881,0.183716,10.131836,4.028320,-9.643555,stair_down
1769345197.14684,-0.743896,0.060913,0.158203,10.437012,-1.586915,-13.732914,stair_down
1769345197.1663883,-0.751587,0.067749,0.159912,7.019045,-5.310059,-13.854984,stair_down
1769345197.190499,-0.756226,0.154419,0.149902,5.310059,-10.559082,-14.404301,stair_down
1769345197.2087035,-0.776611,0.175903,0.149658,5.310059,-10.620117,-13.183598,stair_down
1769345197.2263095,-0.763550,0.196045,0.143188,5.065918,-11.169437,-11.596684,stair_down
1769345197.2482734,-0.776001,0.210205,0.154175,3.356935,-11.840824,-7.324221,stair_down
1769345197.2686968,-0.763794,0.229370,0.167725,3.051759,-12.084965,-6.164553,stair_down
1769345197.291393,-0.814819,0.239746,0.194702,3.417970,-12.878422,-3.479005,stair_down
1769345197.3091562,-0.874268,0.246338,0.215942,7.141115,-5.432129,-1.220703,stair_down
1769345197.3281233,-0.900879,0.200317,0.219971,7.385256,1.647950,2.136230,stair_down
1769345197.347293,-0.910156,0.186401,0.206299,3.051759,2.990724,3.479005,stair_down
1769345197.416444,-0.900757,0.181641,0.197632,0.488281,0.976563,3.417970,stair_down
1769345197.416444,-0.921631,0.153076,0.200195,-2.075195,-5.004883,1.892090,stair_down
1769345197.416444,-0.944458,0.172363,0.206177,-5.493164,-6.713869,1.159668,stair_down
1769345197.5066357,-0.962280,0.193115,0.216431,-4.760742,-7.080080,-0.671387,stair_down
1769345197.5464387,-0.977051,0.221924,0.216675,-5.249023,-7.385256,-1.892090,stair_down
1769345197.5464387,-1.130493,0.236328,0.294678,-3.906251,-6.103518,1.831055,stair_down
1769345197.5464387,-1.266846,0.198120,0.358276,-3.540040,8.789063,4.211426,stair_down
1769345197.5464387,-1.269897,0.186646,0.406494,-5.981447,15.258793,7.080080,stair_down
1769345197.5464387,-1.272217,0.198608,0.449707,-7.507326,20.141602,5.004883,stair_down
1769345197.5496745,-1.133789,0.174561,0.493042,-8.117676,22.644051,5.371094,stair_down
1769345197.5719483,-1.096924,0.217163,0.613525,-14.587406,7.995607,2.807618,stair_down
1769345197.5919855,-1.229736,0.297974,0.655029,-14.770512,11.108402,0.366211,stair_down
1769345197.611568,-1.155151,0.285278,0.583374,-15.075687,13.732914,0.488281,stair_down
1769345197.6324382,-0.956543,0.287109,0.489258,-12.878422,7.995607,-1.281738,stair_down
1769345197.8236523,-0.869751,0.263184,0.348145,-11.718754,-3.601075,-0.488281,stair_down
1769345197.8236523,-0.852783,0.320923,0.211670,-13.793949,-10.192871,2.319336,stair_down
1769345197.8236523,-0.903320,0.375000,0.142700,-10.620117,-10.009766,7.507326,stair_down
1769345197.88661,-0.931030,0.359497,0.136963,-6.408693,12.207035,11.535648,stair_down
1769345197.8884978,-0.812500,0.319092,0.163940,-5.310059,10.986328,9.399414,stair_down
1769345197.8884978,-0.815918,0.291260,0.208496,-1.220703,13.000492,9.155273,stair_down
1769345197.8884978,-0.753296,0.258423,0.271484,3.173829,13.977055,6.469728,stair_down
1769345197.8884978,-0.694946,0.238159,0.316284,6.530764,15.075687,6.103518,stair_down
1769345197.8884978,-0.670532,0.252441,0.321167,8.972168,11.962894,1.647950,stair_down
1769345197.8884978,-0.633667,0.244629,0.308838,10.681152,10.864258,-2.685547,stair_down
1769345197.8884978,-0.634033,0.236328,0.287598,8.361816,0.549316,-4.760742,stair_down
1769345197.8895516,-0.662964,0.244263,0.265991,4.272461,-9.094238,-8.850098,stair_down
1769345197.8936994,-0.715820,0.246338,0.253052,2.685547,-15.319828,-9.704590,stair_down
1769345197.9140851,-0.747559,0.241333,0.240356,0.671387,-14.160160,-3.051759,stair_down
1769345197.9324706,-0.812988,0.254761,0.228394,-0.915528,-11.657719,3.601075,stair_down
1769345197.9524617,-0.800049,0.264160,0.187012,-5.126953,-6.042482,6.225588,stair_down
1769345198.0100882,-0.842285,0.304810,0.163208,-8.911133,-6.896975,12.451176,stair_down
1769345198.0162916,-0.877808,0.337280,0.186035,-9.887695,-4.516602,15.258793,stair_down
1769345198.0162916,-0.900269,0.355103,0.230835,-9.094238,0.122070,16.479492,stair_down
1769345198.0341592,-0.886597,0.366821,0.251465,-6.164553,4.028320,15.319828,stair_down
1769345198.0528977,-0.845947,0.355713,0.257324,-2.685547,5.737307,10.864258,stair_down
1769345198.070016,-0.812988,0.361328,0.236328,-0.305176,4.699707,7.019045,stair_down
1769345198.0918987,-0.789063,0.372437,0.216919,2.990724,3.723145,3.662110,stair_down
1769345198.1113093,-0.839355,0.388794,0.200195,7.629396,4.638672,5.737307,stair_down
1769345198.1310217,-0.807983,0.374756,0.189575,11.291508,8.605957,4.455566,stair_down
1769345198.146523,-0.784668,0.333008,0.207031,9.460449,1.159668,3.540040,stair_down
1769345198.1667352,-0.962036,0.356812,0.284302,5.249023,-7.934572,5.920412,stair_down
1769345198.190149,-1.215820,0.352051,0.371460,2.563477,-8.544922,8.605957,stair_down
1769345198.2109578,-1.351807,0.300049,0.404175,-1.281738,-1.464844,5.249023,stair_down
1769345198.2551854,-1.176514,0.195068,0.389160,-1.464844,-2.990724,0.305176,stair_down
1769345198.2551854,-1.046021,0.169678,0.389282,1.831055,-9.582520,0.244141,stair_down
1769345198.2768376,-1.002075,0.208618,0.413818,14.709476,-27.038582,-2.990724,stair_down
1769345198.2865307,-1.109497,0.244507,0.410278,13.977055,-16.052246,-7.324221,stair_down
1769345198.311066,-1.170166,0.264038,0.368286,15.747074,-10.498047,-12.817387,stair_down
1769345198.3272262,-1.228638,0.201782,0.330566,11.779789,-6.103518,-13.977055,stair_down
1769345198.3464231,-1.217651,0.190796,0.306519,3.356935,-6.103518,-13.854984,stair_down
1769345198.3709133,-1.079956,0.182007,0.318726,-0.122070,-0.732422,-15.258793,stair_down
1769345198.3893578,-0.977539,0.255371,0.296021,-1.770020,-0.244141,-14.221195,stair_down
1769345198.413305,-0.920288,0.301880,0.263184,1.586915,-5.432129,-10.925293,stair_down
1769345198.4319768,-0.900146,0.333984,0.208008,5.187988,-2.624512,-7.934572,stair_down
1769345198.4481103,-0.861206,0.302246,0.155029,8.178711,5.554201,-5.920412,stair_down
1769345198.4707525,-0.789917,0.263184,0.119263,9.338379,12.268070,-2.990724,stair_down
1769345198.486387,-0.736084,0.217285,0.120117,11.169437,15.380863,0.183106,stair_down
1769345198.5128963,-0.685913,0.133667,0.171997,7.141115,8.789063,-2.746582,stair_down
1769345198.52851,-0.737915,0.078613,0.203857,2.685547,0.671387,-2.746582,stair_down
1769345198.5519495,-0.773682,0.082031,0.225830,-1.403809,-5.004883,-10.253906,stair_down
1769345198.5707982,-0.829346,0.054810,0.241943,-1.464844,-7.141115,-11.169437,stair_down
1769345198.5916543,-0.827637,0.043457,0.221313,-5.187988,-9.399414,-13.488773,stair_down
1769345198.6117036,-0.773560,0.064941,0.164185,-8.361816,-10.925293,-16.296387,stair_down
1769345198.6329024,-0.705933,0.149902,0.120483,-11.535648,-22.460945,-17.211914,stair_down
1769345198.647727,-0.738525,0.208862,0.132446,-7.995607,-28.625496,-12.023930,stair_down
1769345198.6727774,-0.845093,0.299438,0.145264,-10.070801,-24.902351,-9.765625,stair_down
1769345198.6905186,-0.894409,0.335327,0.147949,-3.723145,-11.047363,-2.868653,stair_down
1769345198.7115536,-0.883911,0.338867,0.138184,0.793457,0.488281,-0.915528,stair_down
1769345198.729029,-0.855591,0.307007,0.129639,6.347658,2.502441,1.159668,stair_down
1769345198.7515996,-0.853882,0.225952,0.180420,7.995607,-2.929688,6.286623,stair_down
1769345198.7714167,-0.973145,0.220459,0.249390,9.460449,-0.793457,5.737307,stair_down
1769345198.81634,-0.993652,0.181152,0.257446,11.840824,6.103518,6.408693,stair_down
1769345198.81634,-0.952881,0.162842,0.217407,9.033203,11.657719,6.835939,stair_down
1769345198.830184,-0.904663,0.164551,0.178101,6.469728,10.253906,5.187988,stair_down
1769345198.8504398,-0.906860,0.176514,0.162964,2.197266,7.751467,3.540040,stair_down
1769345198.8687172,-0.922485,0.201538,0.188232,-4.333496,-0.122070,-0.061035,stair_down
1769345198.9195144,-1.193359,0.275879,0.304321,-10.070801,3.845216,8.422852,stair_down
1769345198.9195144,-1.322144,0.222656,0.416016,-7.507326,13.122562,12.695316,stair_down
1769345198.926438,-1.289917,0.166504,0.474731,-9.277344,25.268562,12.512211,stair_down
1769345198.9524164,-1.104614,0.137451,0.460449,-5.920412,28.991707,10.681152,stair_down
1769345198.9711378,-0.874268,0.127319,0.427124,-4.821777,11.718754,5.065918,stair_down
1769345198.992325,-0.893066,0.219238,0.467651,-12.512211,-6.713869,5.310059,stair_down
1769345199.0467122,-1.190430,0.377930,0.549438,-15.441898,-10.375977,6.469728,stair_down
1769345199.0467122,-1.198486,0.362427,0.567383,-13.732914,18.798828,2.929688,stair_down
1769345199.0467122,-0.983643,0.323853,0.488770,-17.517090,6.103518,-2.563477,stair_down
1769345199.0719483,-1.003296,0.298706,0.387817,-19.836426,-3.234864,-6.286623,stair_down
1769345199.091188,-0.931152,0.303589,0.275635,-21.057129,-7.812502,-2.075195,stair_down
1769345199.1061745,-0.851440,0.349243,0.199341,-28.503426,-17.517090,-2.319336,stair_down
1769345199.1784716,-0.948364,0.463989,0.179199,-19.226074,-11.047363,10.131836,stair_down
1769345199.1863499,-0.898926,0.440918,0.191284,-4.699707,1.220703,9.216309,stair_down
1769345199.1863499,-0.892822,0.319092,0.241577,7.324221,11.535648,14.587406,stair_down
1769345199.1863499,-0.830688,0.277588,0.276001,8.300781,18.005371,17.028809,stair_down
1769345199.20794,-0.732910,0.231323,0.306396,9.277344,16.723633,13.854984,stair_down
1769345199.22955,-0.683105,0.238403,0.311279,9.338379,12.512211,14.709476,stair_down
1769345199.2534294,-0.617920,0.246094,0.315674,6.835939,3.662110,7.751467,stair_down
1769345199.2712972,-0.649780,0.263184,0.317261,6.469728,-4.516602,5.615236,stair_down
1769345199.293093,-0.665771,0.248779,0.295898,0.976563,-0.793457,-0.549316,stair_down
1769345199.320104,-0.684692,0.255981,0.283569,-4.455566,-11.840824,-9.704590,stair_down
1769345199.3287272,-0.739624,0.290771,0.271729,-7.324221,-12.634281,-11.779789,stair_down
1769345199.3512485,-0.790161,0.291260,0.259399,-10.009766,-9.033203,-9.582520,stair_down
1769345199.3688104,-0.817871,0.296509,0.249756,-8.789063,-3.845216,-3.173829,stair_down
1769345199.3897386,-0.818237,0.308960,0.215698,-9.643555,1.708985,0.061035,stair_down
1769345199.412757,-0.784180,0.323242,0.163818,-7.934572,0.732422,3.967286,stair_down
1769345199.4324906,-0.782349,0.351318,0.129395,-9.338379,-3.601075,7.812502,stair_down
1769345199.4817388,-0.827881,0.382080,0.144897,-8.300781,-2.014160,10.009766,stair_down
1769345199.4956434,-0.830200,0.386108,0.174561,-5.676271,3.417970,10.375977,stair_down
1769345199.4968872,-0.787720,0.364868,0.208984,-2.807618,7.324221,7.995607,stair_down
1769345199.5098138,-0.736328,0.340210,0.236938,-0.793457,6.652834,5.371094,stair_down
1769345199.528544,-0.725586,0.338623,0.267456,2.502441,2.197266,-1.708985,stair_down
1769345199.548089,-0.727661,0.326538,0.262085,6.591799,5.920412,-3.845216,stair_down
1769345199.5720155,-0.711060,0.339355,0.228149,8.239746,4.333496,-4.516602,stair_down
1769345199.6078453,-0.723022,0.346191,0.227417,6.774904,-9.216309,-7.019045,stair_down
1769345199.6078453,-0.953369,0.373535,0.304321,2.380371,-23.315437,-2.258301,stair_down
1769345199.6311026,-1.288452,0.360107,0.412720,-1.892090,-15.319828,-2.075195,stair_down
1769345199.651351,-1.411133,0.277832,0.382202,-2.258301,-2.075195,2.441406,stair_down
1769345199.672771,-1.175049,0.196167,0.393555,-6.591799,-7.812502,-6.164553,stair_down
1769345199.6913192,-1.232056,0.162354,0.485107,2.197266,-28.320320,-5.126953,stair_down
1769345199.708833,-1.193970,0.178955,0.492798,8.911133,-26.000984,-9.460449,stair_down
1769345199.7286632,-1.219482,0.218018,0.448364,13.854984,-24.536140,-17.822266,stair_down
1769345199.7514682,-1.226685,0.210327,0.407959,14.831547,-18.920898,-20.263672,stair_down
1769345199.77232,-1.179077,0.197510,0.381836,10.620117,-22.216805,-22.521980,stair_down
1769345199.7930057,-1.152344,0.205811,0.394287,14.343266,-13.610844,-18.859863,stair_down
1769345199.811691,-0.994385,0.218262,0.377197,13.916019,-3.417970,-16.357422,stair_down
1769345199.8325114,-0.853394,0.268433,0.323120,17.395020,-1.342773,-11.657719,stair_down
1769345199.852931,-0.776001,0.275513,0.293579,17.395020,-9.582520,-9.094238,stair_down
1769345199.8698463,-0.830688,0.236938,0.277344,14.831547,-18.798828,-6.103518,stair_down
1769345199.8921654,-0.941650,0.228516,0.257446,8.361816,-0.549316,-0.671387,stair_down
1769345199.9101005,-0.891235,0.198120,0.251709,10.131836,-0.244141,-0.610352,stair_down
1769345199.9317462,-0.928101,0.116943,0.261353,3.967286,7.629396,2.136230,stair_down
1769345199.9515584,-0.879761,0.068848,0.271240,1.464844,13.183598,5.126953,stair_down
1769345199.9725773,-0.810791,0.056274,0.261719,-2.014160,8.728027,-1.708985,stair_down
1769345199.9926474,-0.763672,0.057251,0.249023,-0.976563,2.380371,-4.272461,stair_down
1769345200.0124702,-0.756470,0.074097,0.237793,-0.488281,-4.943848,-7.202150,stair_down
1769345200.0321012,-0.744141,0.134033,0.211426,1.953125,-8.056641,-10.009766,stair_down
1769345200.0522265,-0.768677,0.157349,0.198853,5.371094,-10.559082,-7.873537,stair_down
1769345200.0718973,-0.752686,0.217651,0.175781,5.432129,-9.765625,-10.986328,stair_down
1769345200.0899599,-0.772949,0.271606,0.170532,4.943848,-12.939457,-9.399414,stair_down
1769345200.1126044,-0.821655,0.298096,0.198608,6.896975,-10.742188,-5.737307,stair_down
1769345200.1361947,-0.849365,0.295898,0.225952,9.033203,-4.272461,-3.051759,stair_down
1769345200.1516602,-0.836060,0.262939,0.235352,12.023930,-1.342773,1.708985,stair_down
1769345200.1691196,-0.879150,0.235718,0.250122,13.610844,3.051759,7.507326,stair_down
1769345200.189794,-0.894287,0.219360,0.269775,13.488773,6.652834,10.437012,stair_down
1769345200.2117436,-0.979126,0.166626,0.240356,3.479005,20.202637,20.751953,stair_down
1769345200.231851,-0.859985,0.174316,0.182373,-0.610352,18.798828,20.874023,stair_down
1769345200.2506258,-0.799683,0.166016,0.152466,-8.361816,11.169437,21.545410,stair_down
1769345200.2732794,-0.783569,0.195068,0.167480,-13.061527,6.774904,22.155769,stair_down
1769345200.290819,-0.775757,0.208374,0.195190,-14.404301,4.699707,22.399910,stair_down
1769345200.308771,-0.782471,0.195068,0.190674,-16.723633,3.051759,20.935059,stair_down
1769345200.332763,-0.783203,0.182983,0.211792,-21.667480,-2.563477,16.235352,stair_down
1769345200.353215,-1.059326,0.187012,0.395020,-31.616219,-12.146000,12.023930,stair_down
1769345200.371173,-1.242188,0.157837,0.519531,-36.804199,-8.300781,7.629396,stair_down
1769345200.3911443,-1.351196,0.187500,0.593262,-38.146973,5.310059,5.676271,stair_down
1769345200.409264,-1.256226,0.177490,0.611328,-32.165527,17.089844,1.220703,stair_down
1769345200.4301128,-1.071533,0.156738,0.600220,-30.639656,13.427738,-3.051759,stair_down
1769345200.451743,-0.965576,0.221558,0.577515,-35.644531,1.037598,-3.906251,stair_down
1769345200.4726627,-1.022705,0.362183,0.546753,-35.156250,-5.554201,3.540040,stair_down
1769345200.4924395,-1.118286,0.411011,0.539795,-36.254883,-0.366211,8.728027,stair_down
1769345200.5682828,-1.171753,0.413452,0.487549,-34.973145,9.521484,16.662598,stair_down
1769345200.603588,-1.084229,0.352905,0.450317,-35.705566,13.732914,17.822266,stair_down
1769345200.6054835,-1.063599,0.389282,0.397705,-36.987305,8.483887,19.409180,stair_down
1769345200.6054835,-0.909424,0.377197,0.375732,-31.860359,12.084965,22.460945,stair_down
1769345200.6054835,-0.842773,0.382568,0.364014,-27.893074,10.803223,24.902351,stair_down
1769345200.6118283,-0.749268,0.348999,0.337891,-20.874023,10.681152,25.878914,stair_down
1769345200.632499,-0.713623,0.316528,0.322021,-19.897461,9.704590,24.169930,stair_down
1769345200.6508784,-0.686890,0.296387,0.309692,-18.310547,11.291508,23.559578,stair_down
1769345200.6721768,-0.686523,0.296265,0.302734,-17.761230,12.146000,22.338875,stair_down
1769345200.6952007,-0.678345,0.300049,0.301514,-17.639160,14.892582,20.385742,stair_down
1769345200.7291415,-0.682617,0.278442,0.321289,-17.272949,8.850098,11.413578,stair_down
1769345200.7311604,-0.658569,0.325562,0.371826,-21.606445,-2.014160,8.544922,stair_down
1769345200.7492194,-0.775146,0.340820,0.376709,-19.653320,-15.380863,-0.183106,stair_down
1769345200.771585,-0.852173,0.348633,0.357178,-15.747074,-11.901859,-5.615236,stair_down
1769345200.7914467,-0.830322,0.353271,0.370728,-13.366703,-9.216309,-5.615236,stair_down
1769345200.811254,-0.824097,0.359497,0.381348,-11.474613,-9.277344,-7.873537,stair_down
1769345200.8264382,-0.843628,0.378662,0.367798,-6.286623,-5.371094,-5.493164,stair_down
1769345200.8480284,-0.812988,0.372803,0.334717,-3.295899,0.915528,0.061035,stair_down
1769345200.8727703,-0.765747,0.346069,0.297241,-0.366211,-2.807618,-0.488281,stair_down
1769345200.891978,-0.793945,0.347900,0.303345,1.159668,-5.126953,1.892090,stair_down
1769345200.9106016,-0.750854,0.322388,0.301270,2.380371,2.258301,3.051759,stair_down
1769345200.9312627,-0.653687,0.313354,0.295166,3.234864,3.967286,2.685547,stair_down
1769345200.9513752,-0.616821,0.312378,0.292847,3.112794,3.051759,1.525879,stair_down
1769345200.9712455,-0.605957,0.331055,0.276123,3.662110,2.197266,-1.037598,stair_down
1769345200.986691,-0.598145,0.341309,0.270264,5.126953,-0.915528,-4.211426,stair_down
1769345201.0076282,-0.613159,0.359619,0.281006,6.286623,-4.516602,-9.643555,stair_down
1769345201.0417893,-0.663818,0.367188,0.298584,6.469728,-7.934572,-12.878422,stair_down
1769345201.077162,-0.706055,0.396240,0.309937,8.666992,-9.216309,-15.686039,stair_down
1769345201.0824325,-0.758789,0.403564,0.318115,14.770512,-5.737307,-15.625004,stair_down
1769345201.0864902,-0.786865,0.391846,0.316406,23.071297,1.586915,-12.084965,stair_down
1769345201.111445,-0.758789,0.379150,0.301514,28.076180,4.089355,-8.605957,stair_down
1769345201.130455,-0.775879,0.396362,0.257935,34.973145,4.577637,-2.502441,stair_down
1769345201.1517737,-0.835205,0.395996,0.285522,34.484863,0.671387,3.356935,stair_down
1769345201.1722698,-1.045288,0.368530,0.344727,29.846199,-2.380371,6.225588,stair_down
1769345201.1912065,-1.297119,0.305176,0.416626,25.024422,1.159668,9.155273,stair_down
1769345201.208814,-1.317139,0.248535,0.442017,22.216805,4.455566,2.746582,stair_down
1769345201.2309039,-1.113892,0.167480,0.471802,20.751953,-6.774904,-8.483887,stair_down
1769345201.250339,-1.143188,0.165405,0.536377,16.723633,-34.118652,-22.766121,stair_down
1769345201.271107,-1.526978,0.269897,0.683960,17.639160,-53.161636,-39.733887,stair_down
1769345201.2908757,-1.685913,0.292603,0.636719,31.127937,-22.521980,-40.283203,stair_down
1769345201.311161,-1.363647,0.278198,0.531372,35.156250,-4.760742,-49.926773,stair_down
1769345201.3279161,-1.071533,0.289917,0.423218,50.903336,1.892090,-47.241226,stair_down
1769345201.3513556,-0.799194,0.359619,0.369263,50.964371,-4.699707,-38.269043,stair_down
1769345201.3692107,-0.855713,0.424805,0.346313,51.208511,-6.286623,-31.311043,stair_down
1769345201.3931427,-0.880005,0.429932,0.289063,55.664078,7.934572,-12.023930,stair_down
1769345201.4112883,-0.852173,0.296021,0.215210,45.532242,10.559082,-5.126953,stair_down
1769345201.4317422,-0.826782,0.223022,0.220581,33.447266,5.676271,-2.441406,stair_down
1769345201.4511437,-0.867676,0.192505,0.262451,26.306160,-0.854492,0.488281,stair_down
1769345201.468283,-0.837769,0.131592,0.317749,21.057129,-2.441406,-2.136230,stair_down
1769345201.4925995,-0.856689,0.129517,0.320068,16.845703,-10.253906,-7.690432,stair_down
1769345201.512609,-0.820923,0.121704,0.286255,20.751953,-2.380371,-11.657719,stair_down
1769345201.5296,-0.721313,0.084473,0.228394,23.620613,-12.939457,-24.292000,stair_down
1769345201.5518012,-0.780518,0.113892,0.204102,25.085457,-20.935059,-28.320320,stair_down
1769345201.571195,-0.847900,0.156372,0.206909,26.794441,-20.935059,-31.921394,stair_down
1769345201.5877619,-0.866211,0.197632,0.223022,26.855476,-20.935059,-33.325195,stair_down
1769345201.6122236,-0.898071,0.227173,0.234253,25.085457,-21.423340,-31.860359,stair_down
1769345201.6319566,-0.905151,0.244751,0.223511,19.958496,-20.202637,-30.273445,stair_down
1769345201.6513932,-0.990967,0.291626,0.268433,22.094727,-15.380863,-24.475105,stair_down
1769345201.6688595,-0.913086,0.247803,0.267700,19.531250,-9.948730,-18.493652,stair_down
1769345201.6883059,-0.942871,0.236450,0.257202,19.042969,-7.690432,-15.930180,stair_down
1769345201.72641,-0.937988,0.208984,0.260742,19.165039,-4.821777,-9.277344,stair_down
1769345201.7485309,-0.969238,0.201416,0.273315,17.456055,-2.563477,-6.225588,stair_down
1769345201.7514184,-0.989990,0.198364,0.295166,18.859863,-0.244141,-2.441406,stair_down
1769345201.7717211,-0.980957,0.186279,0.305054,20.263672,0.976563,0.061035,stair_down
1769345201.7909107,-0.975830,0.208862,0.316895,14.831547,-5.187988,0.549316,stair_down
1769345201.8128352,-1.033203,0.235962,0.371460,13.122562,-8.911133,0.244141,stair_down
1769345201.8300567,-1.089966,0.244873,0.414185,13.427738,-8.972168,1.159668,stair_down
1769345201.8556864,-1.055786,0.241699,0.434326,14.099125,-6.164553,2.197266,stair_down
1769345201.8681345,-0.940186,0.245728,0.476196,15.625004,-11.169437,1.037598,stair_down
1769345201.8887186,-0.977295,0.239990,0.458740,18.249512,-14.099125,-0.610352,stair_down
1769345201.9111218,-0.887207,0.240234,0.376587,17.883301,-14.343266,-3.662110,stair_down
1769345201.9323194,-0.824341,0.235107,0.285400,18.615723,-18.737793,-7.934572,stair_down
1769345201.951756,-0.799072,0.248169,0.301392,17.883301,-26.550301,-8.300781,stair_down
1769345201.9719248,-0.823608,0.268921,0.337158,21.057129,-25.817879,-5.371094,stair_down
1769345201.991645,-0.853149,0.248535,0.340942,26.062019,-21.057129,-7.202150,stair_down
1769345202.012375,-0.837158,0.222656,0.344604,30.151375,-8.850098,-3.662110,stair_down
1769345202.0279205,-0.718750,0.197754,0.372925,31.311043,-8.728027,-9.338379,stair_down
1769345202.0519166,-0.648926,0.210205,0.426514,35.217285,-9.887695,-8.361816,stair_down
1769345202.0699759,-0.585693,0.246094,0.464355,35.400391,-15.380863,-16.601563,stair_down
1769345202.0866053,-0.649292,0.279053,0.489990,35.949707,-19.897461,-18.981934,stair_down
1769345202.1122468,-0.739258,0.289063,0.533203,35.766602,-20.812988,-21.545410,stair_down
1769345202.1308234,-0.860962,0.266479,0.574707,29.052742,-21.667480,-28.625496,stair_down
1769345202.151832,-0.942383,0.279053,0.609619,25.146492,-17.639160,-27.160652,stair_down
1769345202.166926,-0.996216,0.253662,0.596313,22.705086,-7.385256,-24.475105,stair_down
1769345202.189602,-0.906128,0.252319,0.495850,19.470215,-3.234864,-17.883301,stair_down
1769345202.2085302,-0.865845,0.245483,0.436157,18.981934,-10.437012,-16.235352,stair_down
1769345202.2317092,-0.879639,0.252563,0.390503,18.676758,-13.916019,-12.268070,stair_down
1769345202.2512064,-0.874512,0.263916,0.371338,20.080566,-11.901859,-9.399414,stair_down
1769345202.2712767,-0.852783,0.267822,0.363525,22.033691,-5.310059,-4.699707,stair_down
1769345202.2908616,-0.822144,0.256958,0.353271,22.460945,0.610352,-2.624512,stair_down
1769345202.3112364,-0.786621,0.248901,0.347168,22.216805,0.061035,-1.098633,stair_down
1769345202.3276255,-0.746826,0.255371,0.393921,16.662598,-3.601075,-1.281738,stair_down
1769345202.3509822,-0.773438,0.251221,0.426880,14.221195,-6.286623,-3.417970,stair_down
1769345202.3681479,-0.778320,0.253540,0.441650,11.840824,-6.164553,-6.408693,stair_down
1769345202.3877952,-0.802856,0.244995,0.433350,8.850098,-9.277344,-10.498047,stair_down
1769345202.4125838,-0.793457,0.236206,0.443604,5.493164,-12.146000,-14.343266,stair_down
1769345202.430365,-0.856689,0.246582,0.425537,1.953125,-14.160160,-13.793949,stair_down
1769345202.4466455,-0.899536,0.275024,0.395630,-1.281738,-8.728027,-8.239746,stair_down
1769345202.4711313,-0.914551,0.307373,0.375366,-3.540040,-9.643555,-6.408693,stair_down
1769345202.4877455,-0.937256,0.322388,0.349487,-1.831055,-5.554201,-2.258301,stair_down
1769345202.5069358,-0.897461,0.334717,0.337158,-1.403809,-3.356935,0.061035,stair_down
1769345202.5300982,-0.895508,0.350830,0.338379,-1.037598,1.708985,4.028320,stair_down
1769345202.5488045,-0.877930,0.362793,0.339966,0.427246,6.408693,8.178711,stair_down
1769345202.5714626,-0.864258,0.358643,0.340942,2.380371,11.352543,8.544922,stair_down
1769345202.5903232,-0.815674,0.335571,0.372314,5.554201,12.939457,8.422852,stair_down
1769345202.607962,-0.798096,0.338135,0.378784,6.958010,15.075687,5.187988,stair_down
1769345202.6318314,-0.795532,0.331543,0.382935,8.483887,15.441898,2.075195,stair_down
1769345202.6518846,-0.807861,0.318604,0.380859,7.080080,9.826660,-2.197266,stair_down
1769345202.6721334,-0.845093,0.322632,0.383179,4.638672,0.671387,-10.620117,stair_down
1769345202.6877167,-0.940796,0.352783,0.412598,0.183106,-7.019045,-9.094238,stair_down
1769345202.7133176,-1.126099,0.341553,0.463135,-5.798342,-13.122562,-7.690432,stair_down
1769345202.729,-1.140869,0.312988,0.472534,-7.995607,-4.882813,-7.934572,stair_down
1769345202.751559,-1.057373,0.275269,0.461670,-3.234864,1.098633,-4.211426,stair_down
1769345202.7711132,-0.947510,0.260498,0.486572,3.356935,4.028320,-1.892090,stair_down
1769345202.7866244,-0.878418,0.287964,0.496338,9.765625,9.155273,0.549316,stair_down
1769345202.812945,-0.764160,0.258789,0.461426,26.977547,9.948730,-7.324221,stair_down
1769345202.8280041,-0.673096,0.207397,0.414185,33.691406,12.695316,-6.408693,stair_down
1769345202.852678,-0.664185,0.148315,0.374878,29.907234,9.765625,-0.244141,stair_down
1769345202.872252,-0.714966,0.160400,0.348633,25.634773,8.850098,0.000000,stair_down
1769345202.8889284,-0.826416,0.097656,0.338379,12.451176,10.192871,5.493164,stair_down
1769345202.9093049,-0.831787,0.123413,0.336060,-1.342773,-4.272461,3.295899,stair_down
1769345202.9318726,-0.925049,0.154785,0.357178,-10.375977,-17.761230,-2.075195,stair_down
1769345202.9513297,-1.021973,0.191162,0.399902,-12.451176,-22.155769,-4.577637,stair_down
1769345202.9715583,-1.031250,0.218506,0.432983,-3.479005,-14.648441,-6.591799,stair_down
1769345202.9862828,-0.864014,0.260620,0.442139,11.047363,-7.019045,-15.441898,stair_down
1769345203.0106583,-0.783203,0.297119,0.379028,19.592285,-11.352543,-22.521980,stair_down
1769345203.028844,-0.774780,0.332397,0.335938,22.766121,-12.878422,-27.160652,stair_down
1769345203.0509982,-0.780884,0.357544,0.292114,30.700691,-13.732914,-26.794441,stair_down
1769345203.0699112,-0.809448,0.372192,0.253296,29.357918,-10.253906,-20.568848,stair_down
1769345203.0907106,-0.821533,0.392334,0.223633,31.311043,-5.249023,-19.653320,stair_down
1769345203.1113014,-0.837402,0.311890,0.250000,31.066902,-2.563477,-16.174316,stair_down
1769345203.1318412,-0.866699,0.296265,0.300049,30.029305,0.427246,-22.155769,stair_down
1769345203.153722,-0.886230,0.267212,0.330322,29.785164,-3.356935,-18.676758,stair_down
1769345203.166722,-0.905518,0.264893,0.335083,31.433113,-5.249023,-17.272949,stair_down
1769345203.1918051,-0.894287,0.290283,0.295776,36.621094,-3.112794,-16.967773,stair_down
1769345203.2107198,-0.860840,0.293823,0.277222,42.236328,-2.563477,-17.578125,stair_down
1769345203.2309954,-0.873779,0.330566,0.289429,46.630875,-2.319336,-17.761230,stair_down
1769345203.2506504,-0.928223,0.322754,0.388184,55.358902,-2.502441,-18.127441,stair_down
1769345203.2706082,-0.941895,0.315796,0.419678,60.729996,2.197266,-20.385742,stair_down
1769345203.2916472,-0.928345,0.273926,0.451904,60.424820,-3.906251,-24.414070,stair_down
1769345203.3097749,-1.024536,0.261719,0.497070,57.983414,-3.723145,-21.545410,stair_down
1769345203.331841,-1.074585,0.240356,0.523315,53.039566,-5.126953,-17.883301,stair_down
1769345203.3531375,-1.075684,0.244263,0.555786,46.752945,-11.596684,-21.789551,stair_down
1769345203.3709836,-1.035034,0.196167,0.554565,45.043961,-10.681152,-23.620613,stair_down
1769345203.394766,-0.962402,0.189697,0.495361,46.325699,-12.084965,-26.306160,stair_down
1769345203.41373,-0.836060,0.197754,0.411499,46.936050,-5.798342,-28.198250,stair_down
1769345203.431048,-0.729614,0.223389,0.346191,50.354019,-4.394531,-29.479988,stair_down
1769345203.4526777,-0.678711,0.238159,0.345337,54.687515,-2.380371,-28.076180,stair_down
1769345203.470861,-0.676147,0.289063,0.395508,58.166519,3.112794,-27.832039,stair_down
1769345203.4914453,-0.654175,0.314941,0.445313,64.025879,11.352543,-30.212410,stair_down
1769345203.512448,-0.746948,0.248413,0.522705,63.720718,11.169437,-34.118652,stair_down
1769345203.5310807,-0.834717,0.219971,0.569214,58.959976,2.624512,-36.193848,stair_down
1769345203.5483758,-0.876099,0.217163,0.560425,62.683121,2.868653,-25.695808,stair_down
1769345203.571377,-0.794312,0.168823,0.507446,52.246109,-11.352543,-32.592773,stair_down
1769345203.5900521,-0.786011,0.234497,0.417236,47.668472,-27.465828,-28.747566,stair_down
1769345203.6097991,-0.838623,0.277588,0.372437,50.659195,-30.456551,-26.855476,stair_down
1769345203.6327522,-0.870728,0.261719,0.336426,51.025406,-14.953617,-18.798828,stair_down
1769345203.6516411,-0.814453,0.256348,0.276367,50.048843,-7.019045,-13.977055,stair_down
1769345203.6724806,-0.768921,0.246460,0.264282,46.508804,-2.502441,-9.277344,stair_down
1769345203.6924722,-0.796021,0.266357,0.283813,42.663574,-1.464844,-7.751467,stair_down
1769345203.7118182,-0.823853,0.286377,0.333252,41.076660,1.220703,-10.009766,stair_down
1769345203.7303953,-0.888428,0.303589,0.390869,41.442871,6.225588,-13.549809,stair_down
1769345203.750626,-0.889648,0.300903,0.446777,43.884277,9.521484,-17.944336,stair_down
1769345203.771669,-0.985962,0.313843,0.427734,42.724609,19.653320,-22.033691,stair_down
1769345203.7915437,-0.976563,0.328125,0.378662,46.691910,28.686531,-21.789551,stair_down
1769345203.8104792,-0.916504,0.310303,0.308838,50.048843,30.822762,-18.249512,stair_down
1769345203.8464496,-0.902466,0.280884,0.267212,45.654312,28.686531,-11.474613,stair_down
1769345203.8464496,-0.843018,0.307739,0.243652,38.879395,18.493652,-8.728027,stair_down
1769345203.8677227,-0.910400,0.290771,0.232666,32.592773,2.624512,-4.272461,stair_down
1769345203.891815,-1.019653,0.298950,0.281128,21.789551,-6.896975,-3.479005,stair_down
1769345203.9247158,-1.231323,0.254395,0.387939,10.437012,-13.122562,-0.610352,stair_down
1769345203.9445,-1.217285,0.213379,0.385498,8.178711,-3.662110,-3.784181,stair_down
1769345203.9561985,-1.085449,0.202881,0.335205,0.061035,-1.525879,-2.319336,stair_down
1769345203.9738784,-0.978882,0.206787,0.303223,15.563969,-2.014160,0.610352,stair_down
1769345203.9865,-0.838989,0.143311,0.357910,23.010262,-10.437012,-2.746582,stair_down
1769345204.0078259,-0.847778,0.172729,0.331055,33.508301,-2.868653,2.624512,stair_down
1769345204.030803,-0.732300,0.115967,0.280029,46.752945,9.155273,13.977055,stair_down
1769345204.0496306,-0.793213,0.067627,0.289307,42.846680,11.535648,24.108894,stair_down
1769345204.0703545,-0.816772,0.028809,0.272217,28.625496,0.671387,23.620613,stair_down
1769345204.090786,-0.897705,0.088379,0.221802,13.610844,-4.821777,8.666992,stair_down
1769345204.1107285,-0.962280,0.103516,0.217651,8.666992,-8.666992,9.582520,stair_down
1769345204.130645,-0.962402,0.089722,0.276489,1.525879,-13.000492,5.981447,stair_down
1769345204.1514244,-0.986450,0.154175,0.320801,-4.699707,-22.399910,1.220703,stair_down
1769345204.1719954,-0.867310,0.186035,0.290405,14.038090,-7.141115,-5.920412,stair_down
1769345204.1901846,-0.796021,0.151123,0.247681,19.165039,-11.230473,-12.756351,stair_down
1769345204.2088416,-0.761230,0.209839,0.209229,18.859863,-17.395020,-14.831547,stair_down
1769345204.2325208,-0.803833,0.254272,0.193848,15.136723,-20.019531,-14.526371,stair_down
1769345204.252068,-0.809692,0.339844,0.160400,16.601563,-20.141602,-14.038090,stair_down
1769345204.2704937,-0.873047,0.382568,0.143799,19.348145,-17.272949,-10.986328,stair_down
1769345204.291833,-0.931519,0.389160,0.125610,25.695808,-5.310059,-9.277344,stair_down
1769345204.312397,-0.916260,0.305420,0.143799,27.832039,-1.159668,0.488281,stair_down
1769345204.3465023,-0.989868,0.306274,0.163208,26.611336,3.784181,-0.854492,stair_down
1769345204.3465023,-0.941528,0.284912,0.160278,32.592773,7.263186,2.746582,stair_down
1769345204.367437,-1.002075,0.258545,0.147217,33.081055,8.239746,3.967286,stair_down
1769345204.3921924,-0.924438,0.309326,0.115845,34.118652,11.413578,1.525879,stair_down
1769345204.4294605,-0.888672,0.323853,0.130005,38.635254,-1.892090,0.244141,stair_down
1769345204.4361508,-0.969971,0.360229,0.206665,41.870117,-11.230473,-5.493164,stair_down
1769345204.450751,-1.074829,0.394531,0.248047,50.964371,4.455566,-0.671387,stair_down
1769345204.4710371,-0.930420,0.311768,0.272461,57.189957,1.770020,-10.864258,stair_down
1769345204.506182,-1.010864,0.271851,0.245483,50.415054,-6.652834,-17.517090,stair_down
1769345204.512024,-1.069458,0.316040,0.257324,47.058121,-11.108402,-19.714355,stair_down
1769345204.5303965,-1.183960,0.298584,0.279297,43.273926,-9.460449,-20.324707,stair_down
1769345204.5488486,-1.161133,0.337158,0.260254,40.771484,-14.526371,-20.690918,stair_down
1769345204.5730858,-1.091675,0.346191,0.304077,49.011246,-18.127441,-20.080566,stair_down
1769345204.5901704,-1.107178,0.263916,0.347168,51.208511,-17.333984,-23.254402,stair_down
1769345204.6093116,-1.015259,0.205688,0.310181,52.307144,2.258301,-16.662598,stair_down
1769345204.6315393,-0.702515,0.239380,0.203491,57.434097,6.652834,-16.967773,stair_down
1769345204.6513848,-0.585449,0.258789,0.168579,63.598648,-4.760742,-16.479492,stair_down
1769345204.6722076,-0.692139,0.290405,0.238892,64.086914,-10.192871,-10.803223,stair_down
1769345204.6917608,-0.873413,0.338257,0.369629,65.429688,-6.347658,-14.587406,stair_down
1769345204.7112036,-0.999023,0.284546,0.437012,67.687988,7.446291,-19.775391,stair_down
1769345204.7317348,-0.862427,0.191772,0.481567,67.749023,17.761230,-21.423340,stair_down
1769345204.7496984,-0.769043,0.137817,0.505615,59.753433,7.873537,-23.010262,stair_down
1769345204.771968,-0.659058,0.134888,0.471436,50.659195,-9.765625,-27.832039,stair_down
1769345204.7909212,-0.629761,0.172729,0.417725,38.696289,-42.053223,-33.081055,stair_down
1769345204.813479,-0.811523,0.222168,0.345337,30.639656,-53.100601,-28.930672,stair_down
1769345204.8473954,-0.902588,0.263306,0.269287,29.663094,-32.165527,-22.888191,stair_down
1769345204.84792,-0.815308,0.245605,0.219238,27.893074,-23.437508,-17.272949,stair_down
1769345204.8721764,-0.810547,0.232422,0.187866,24.353035,-22.155769,-13.366703,stair_down
1769345204.89182,-0.855103,0.241821,0.190918,21.362305,-19.836426,-8.483887,stair_down
1769345204.908902,-0.881104,0.284058,0.211548,19.165039,-16.052246,-4.150391,stair_down
1769345204.9312885,-0.901733,0.337646,0.245972,18.493652,-7.507326,-8.544922,stair_down
1769345204.9661343,-0.949707,0.307129,0.270630,26.489265,-2.807618,0.122070,stair_down
1769345204.971499,-0.967163,0.290039,0.273193,24.292000,-2.624512,-1.708985,stair_down
1769345204.9916515,-0.935913,0.309204,0.260254,22.888191,-2.197266,-2.685547,stair_down
1769345205.009752,-0.950684,0.309692,0.249756,22.949226,0.244141,-1.831055,stair_down
1769345205.0314603,-0.963501,0.303345,0.255371,21.362305,7.141115,-2.868653,stair_down
1769345205.0630956,-0.986084,0.303345,0.248901,19.592285,11.657719,-1.464844,stair_down
1769345205.0735555,-1.030396,0.285889,0.227783,13.305668,19.775391,-0.488281,stair_down
1769345205.0903127,-0.932007,0.286499,0.186768,0.915528,9.521484,-1.831055,stair_down
1769345205.111421,-1.001221,0.292114,0.252563,-5.981447,-2.319336,-4.882813,stair_down
1769345205.1321948,-1.116699,0.281616,0.325317,-10.314941,-6.530764,-6.164553,stair_down
1769345205.164768,-1.138916,0.259277,0.341553,-11.230473,-5.187988,-8.239746,stair_down
1769345205.1775682,-1.027100,0.252930,0.347290,-9.277344,0.000000,-6.042482,stair_down
1769345205.1909366,-0.944702,0.243286,0.349365,-3.967286,-7.507326,-9.277344,stair_down
1769345205.208818,-0.948608,0.203491,0.363525,3.540040,-10.681152,-7.812502,stair_down
1769345205.2317657,-0.740601,0.175903,0.278687,14.892582,6.652834,-6.164553,stair_down
1769345205.2501125,-0.615845,0.112305,0.235229,19.470215,-2.258301,4.760742,stair_down
1769345205.276911,-0.721924,0.132568,0.233765,19.042969,-17.517090,15.075687,stair_down
1769345205.2864318,-0.967773,0.126343,0.240845,13.122562,-13.183598,24.475105,stair_down
1769345205.3122373,-0.973877,0.146973,0.220459,11.230473,-2.807618,9.765625,stair_down
1769345205.497584,-0.926636,0.042480,0.262939,4.577637,-3.295899,9.582520,stair_down
1769345205.497584,-0.995972,0.071411,0.330078,-9.399414,-19.714355,3.723145,stair_down
1769345205.497584,-1.002808,0.137817,0.332397,-5.737307,-19.897461,5.493164,stair_down
1769345205.497584,-0.923340,0.182617,0.304199,1.708985,-16.235352,-6.958010,stair_down
1769345205.497584,-0.823486,0.205811,0.268799,9.460449,-19.836426,-10.681152,stair_down
1769345205.497584,-0.843506,0.246216,0.205200,11.230473,-19.287109,-7.995607,stair_down
1769345205.497584,-0.874268,0.283691,0.144043,15.258793,-13.793949,-6.286623,stair_down
1769345205.497584,-0.860718,0.334595,0.118408,12.207035,-3.540040,-5.859377,stair_down
1769345205.7066586,-0.855103,0.291626,0.161865,19.165039,-9.399414,-3.967286,stair_down
1769345205.7084222,-0.893066,0.329834,0.187500,16.418457,-6.652834,-7.751467,stair_down
1769345205.7084222,-0.910767,0.324097,0.201904,24.963387,-0.183106,-7.995607,stair_down
1769345205.7084222,-0.944824,0.270752,0.193970,27.709969,2.868653,-6.774904,stair_down
1769345205.7084222,-0.999390,0.218140,0.161133,30.273445,5.432129,-4.577637,stair_down
1769345205.7084222,-0.983765,0.182983,0.138306,27.282722,11.718754,-2.136230,stair_down
1769345205.7084222,-0.935913,0.225952,0.128418,23.437508,8.300781,-1.586915,stair_down
1769345205.7084222,-0.932495,0.239990,0.137695,21.362305,5.981447,-1.770020,stair_down
1769345205.7084222,-0.950195,0.296387,0.153809,20.202637,3.295899,-0.488281,stair_down
1769345205.7084222,-0.979614,0.319702,0.200684,25.085457,-1.159668,-2.685547,stair_down
1769345205.7084222,-0.992065,0.295166,0.263306,31.616219,2.563477,-0.366211,stair_down
1769345205.7084222,-0.993774,0.246826,0.271362,34.240723,-0.610352,-2.868653,stair_down
1769345205.7322893,-0.981201,0.257568,0.210449,31.677254,0.244141,-11.352543,stair_down
1769345205.7736247,-1.039307,0.272217,0.195068,22.155769,-13.122562,-19.470215,stair_down
1769345205.7765334,-1.162964,0.301880,0.257202,18.798828,-19.104004,-21.301270,stair_down
1769345205.793317,-1.194580,0.296753,0.322021,18.554688,-16.418457,-17.517090,stair_down
1769345205.8132875,-1.140747,0.260620,0.349609,24.169930,-17.822266,-19.531250,stair_down
1769345205.8317149,-1.105835,0.210571,0.333130,26.489265,-13.610844,-22.583015,stair_down
1769345205.8501902,-0.960815,0.159790,0.281982,28.808601,-2.624512,-23.864754,stair_down
1769345205.8702922,-0.773560,0.135132,0.235474,29.968269,-2.563477,-19.836426,stair_down
1769345205.8875422,-0.662720,0.207153,0.202271,28.076180,-8.300781,-20.996094,stair_down
1769345205.9103491,-0.677490,0.272339,0.248169,31.372078,-10.803223,-18.798828,stair_down
1769345205.9304473,-0.811768,0.313843,0.349365,38.757324,-13.427738,-14.892582,stair_down
1769345205.9517004,-0.912476,0.276611,0.462280,44.311539,-3.967286,-12.451176,stair_down
1769345205.9718456,-0.946045,0.208740,0.534546,49.377457,5.126953,-12.817387,stair_down
1769345205.991133,-0.922607,0.132324,0.557129,49.804703,3.784181,-16.845703,stair_down
1769345206.011793,-0.719116,0.136719,0.380005,37.780762,-19.409180,-26.123055,stair_down
1769345206.0324473,-0.815552,0.205200,0.304077,32.592773,-35.095215,-27.160652,stair_down
1769345206.0511184,-0.906738,0.260864,0.283569,32.958984,-28.320320,-20.507813,stair_down
1769345206.069224,-0.924927,0.267456,0.248413,33.447266,-17.700195,-15.319828,stair_down
1769345206.0915234,-0.879272,0.243286,0.213501,35.278320,-8.972168,-12.390141,stair_down
1769345206.1118803,-0.859009,0.180054,0.226318,30.761726,-8.911133,-11.047363,stair_down
1769345206.1324406,-0.865967,0.192627,0.223022,26.184090,-9.643555,-11.657719,stair_down
1769345206.152055,-0.944458,0.213989,0.258911,23.315437,-4.089355,-5.371094,stair_down
1769345206.1715531,-0.914917,0.272583,0.286621,24.353035,2.502441,-3.906251,stair_down
1769345206.191413,-0.891968,0.271729,0.320801,26.062019,2.258301,-4.211426,stair_down
1769345206.2088413,-0.879395,0.254028,0.313721,26.672371,0.610352,-4.455566,stair_down
1769345206.231173,-0.851807,0.265503,0.296143,27.465828,-1.770020,-5.371094,stair_down
1769345206.2499704,-0.880981,0.268555,0.290649,27.954109,-2.746582,-4.394531,stair_down
1769345206.2722368,-0.951782,0.269043,0.269775,24.536140,2.929688,0.366211,stair_down
1769345206.2932293,-0.966919,0.252808,0.246948,19.470215,6.958010,3.906251,stair_down
1769345206.3137605,-0.960938,0.231567,0.245361,12.573246,7.202150,5.187988,stair_down
1769345206.3967297,-0.982788,0.223145,0.279785,3.906251,4.760742,5.126953,stair_down
1769345206.3967297,-1.094604,0.202271,0.351685,0.366211,-2.441406,1.464844,stair_down
1769345206.3967297,-1.151245,0.171387,0.403564,-7.019045,-5.493164,-3.173829,stair_down
1769345206.4329479,-1.072998,0.163940,0.363647,-9.521484,-8.666992,-5.310059,stair_down
1769345206.4329479,-0.980469,0.094482,0.342529,-5.676271,-12.756351,0.488281,stair_down
1769345206.4354432,-0.921509,0.102173,0.391357,-2.136230,-12.634281,1.281738,stair_down
1769345206.4512994,-0.841187,0.112549,0.380005,3.173829,-5.920412,3.112794,stair_down
1769345206.4752707,-0.778564,0.087036,0.325928,10.070801,-3.112794,9.277344,stair_down
1769345206.5001235,-0.783813,0.076904,0.289917,9.033203,-4.455566,9.948730,stair_down
1769345206.5662854,-0.888916,0.044189,0.300171,2.075195,-8.544922,14.343266,stair_down
1769345206.5662854,-0.982422,0.078735,0.350342,-4.516602,-2.380371,3.234864,stair_down
1769345206.5662854,-1.005493,0.024780,0.347168,-10.131836,-4.821777,-1.831055,stair_down
1769345206.5662854,-0.991089,0.062622,0.337280,-11.779789,-11.718754,-5.432129,stair_down
1769345206.5936005,-0.973633,0.097778,0.347046,-4.638672,-11.718754,-6.469728,stair_down
1769345206.609209,-0.973022,0.122559,0.341553,1.708985,-13.061527,-7.385256,stair_down
1769345206.629891,-0.977417,0.175293,0.285400,6.347658,-10.375977,-9.582520,stair_down
1769345206.6521027,-0.949585,0.198242,0.238403,10.559082,-3.173829,-11.047363,stair_down
1769345206.6720614,-0.879272,0.211792,0.212036,10.925293,3.967286,-5.187988,stair_down
1769345206.6916177,-0.843018,0.200073,0.219971,12.878422,2.380371,-2.380371,stair_down
1769345206.7070322,-0.863037,0.190674,0.228027,11.230473,3.234864,-2.380371,stair_down
1769345206.730494,-0.859985,0.162842,0.234253,13.183598,6.774904,1.098633,stair_down
1769345206.7499251,-0.862793,0.135254,0.237549,12.695316,6.591799,-0.854492,stair_down
1769345206.7702405,-0.859863,0.110107,0.254150,13.671879,5.249023,-1.647950,stair_down
1769345206.789538,-0.845215,0.094482,0.252563,14.343266,4.089355,-4.272461,stair_down
1769345206.811471,-0.779297,0.103882,0.214111,15.747074,3.051759,-7.324221,stair_down
1769345206.8315206,-0.759033,0.130737,0.179199,16.479492,0.610352,-7.568361,stair_down
1769345206.8462925,-0.744385,0.162598,0.150269,17.150879,-1.525879,-7.995607,stair_down
1769345206.867349,-0.723633,0.180420,0.129761,17.883301,-3.173829,-6.958010,stair_down
1769345206.8906217,-0.718994,0.197144,0.124634,19.775391,-4.699707,-4.394531,stair_down
1769345206.9081416,-0.754028,0.200928,0.137329,21.728516,-4.028320,0.122070,stair_down
1769345206.9307919,-0.816284,0.200928,0.137207,25.634773,-1.647950,4.882813,stair_down
1769345206.9512234,-0.849243,0.194702,0.130371,27.832039,3.723145,9.399414,stair_down
1769345206.972151,-0.841187,0.174316,0.127075,29.479988,3.906251,9.460449,stair_down
1769345206.9932418,-0.858154,0.167725,0.136353,28.686531,3.356935,10.437012,stair_down
1769345207.012369,-0.858765,0.187134,0.145020,28.198250,0.915528,9.521484,stair_down
1769345207.0322945,-0.905273,0.197998,0.137451,26.794441,-2.685547,9.338379,stair_down
1769345207.0482528,-0.922119,0.219604,0.134766,25.878914,-1.220703,8.911133,stair_down
1769345207.072966,-0.915649,0.230591,0.127441,23.498543,-0.671387,8.605957,stair_down
1769345207.092242,-0.914185,0.249268,0.113281,24.230965,0.305176,7.263186,stair_down
1769345207.1120863,-0.900757,0.238647,0.114014,23.437508,-2.136230,4.394531,stair_down
1769345207.1322424,-0.934814,0.253784,0.107300,22.583015,-5.676271,0.915528,stair_down
1769345207.1513464,-1.012939,0.252319,0.180420,22.155769,-9.033203,-1.403809,stair_down
1769345207.1716008,-1.265503,0.199097,0.374512,21.667480,-13.427738,1.098633,stair_down
1769345207.1921227,-1.467529,0.184570,0.491333,15.930180,20.568848,-6.225588,stair_down
1769345207.211759,-1.155762,0.090576,0.455322,18.127441,25.817879,-7.934572,stair_down
1769345207.2284586,-0.884521,0.064087,0.408325,8.972168,5.004883,-8.544922,stair_down
1769345207.2580833,-0.917969,0.177002,0.440186,-0.732422,-23.193367,-8.728027,stair_down
1769345207.271862,-1.154297,0.247192,0.502808,-7.202150,-31.982430,-5.126953,stair_down
1769345207.2918642,-1.245850,0.286255,0.500732,-8.178711,-9.033203,-0.915528,stair_down
1769345207.5463622,-0.823364,0.310425,0.277832,18.981934,-1.220703,-5.676271,stair_down
1769345207.5532465,-0.798950,0.291382,0.267578,17.456055,-2.075195,0.427246,stair_down
1769345207.5532465,-0.767700,0.293457,0.250000,17.150879,2.075195,4.272461,stair_down
1769345207.5532465,-0.719360,0.272705,0.236328,17.883301,-0.732422,3.234864,stair_down
1769345207.5532465,-0.695435,0.257202,0.234619,15.014652,2.685547,9.033203,stair_down
1769345207.7565062,-0.650024,0.247803,0.233765,14.770512,1.770020,7.873537,stair_down
1769345207.7565062,-0.663086,0.206177,0.245361,12.207035,-3.784181,4.577637,stair_down
1769345207.7565062,-0.696411,0.220581,0.253662,7.568361,-5.249023,-0.305176,stair_down
1769345207.7565062,-0.733398,0.220703,0.239014,5.920412,-6.042482,-0.854492,stair_down
1769345207.7565062,-0.742432,0.231445,0.211304,3.234864,-3.662110,-1.708985,stair_down
1769345207.7565062,-0.759888,0.235962,0.186768,-0.915528,-0.793457,0.915528,stair_down
1769345207.7565062,-0.805786,0.255005,0.184692,-3.784181,-2.075195,0.671387,stair_down
1769345207.7565062,-0.819214,0.276978,0.163452,-5.187988,-1.342773,-0.061035,stair_down
1769345207.7565062,-0.773804,0.274048,0.143433,-5.004883,1.098633,0.305176,stair_down
1769345207.7565062,-0.761230,0.283203,0.179932,-7.263186,-0.732422,2.441406,stair_down
1769345207.7565062,-0.810425,0.314331,0.205811,-6.652834,4.089355,2.807618,stair_down
1769345207.8133557,-0.796265,0.297974,0.225220,-3.540040,7.873537,4.211426,stair_down
1769345207.8133557,-0.833130,0.293823,0.240845,-3.906251,9.887695,4.028320,stair_down
1769345207.8133557,-0.859619,0.312378,0.254517,-1.831055,11.352543,2.807618,stair_down
1769345207.8265316,-0.921631,0.304199,0.297485,-1.770020,4.089355,1.708985,stair_down
1769345207.8646355,-1.243286,0.251709,0.386475,-8.666992,-4.211426,-0.427246,stair_down
1769345207.8832178,-1.273315,0.250977,0.402954,-11.901859,0.061035,-6.225588,stair_down
1769345207.9083908,-1.151733,0.227905,0.380493,-6.652834,-4.150391,-5.615236,stair_down
1769345207.9083908,-1.083008,0.223267,0.389404,-0.061035,-13.305668,-1.770020,stair_down
1769345207.9309804,-1.160278,0.271606,0.423340,5.065918,-18.737793,2.014160,stair_down
1769345207.9511313,-1.351440,0.323486,0.413940,13.549809,-10.559082,-0.549316,stair_down
1769345207.97165,-1.333130,0.222534,0.343506,15.258793,5.981447,-2.746582,stair_down
1769345207.991496,-1.093628,0.180176,0.199463,9.521484,9.033203,-5.187988,stair_down
1769345208.0123456,-1.001343,0.182007,0.218994,7.263186,1.159668,-5.249023,stair_down
1769345208.0311038,-1.090210,0.249634,0.265869,4.638672,-0.244141,-5.676271,stair_down
1769345208.047682,-1.131958,0.325195,0.234131,8.361816,11.413578,-5.126953,stair_down
1769345208.0709188,-1.067749,0.284058,0.215332,9.887695,15.930180,-5.310059,stair_down
1769345208.0899317,-1.003906,0.266113,0.184326,7.934572,14.526371,-1.647950,stair_down
1769345208.1086946,-0.927734,0.230591,0.155029,5.432129,7.751467,-0.305176,stair_down
1769345208.1302001,-0.843262,0.213379,0.148926,3.540040,3.479005,-1.708985,stair_down
1769345208.152975,-0.821777,0.216797,0.144165,6.530764,4.577637,-0.366211,stair_down
1769345208.1716645,-0.780273,0.197021,0.123047,9.033203,5.920412,-2.868653,stair_down
1769345208.2335272,-0.740601,0.146973,0.115112,6.958010,2.685547,-3.723145,stair_down
1769345208.246434,-0.757080,0.145264,0.104126,5.493164,1.525879,-3.662110,stair_down
1769345208.246434,-0.734985,0.131836,0.111084,4.882813,0.183106,-4.577637,stair_down
1769345208.251286,-0.730469,0.134888,0.139893,4.577637,-6.958010,-6.408693,stair_down
1769345208.2702801,-0.689331,0.130981,0.151123,5.004883,-5.554201,-7.812502,stair_down
1769345208.2933683,-0.658081,0.153442,0.127686,3.356935,-15.075687,-7.934572,stair_down
1769345208.3117166,-0.695923,0.200928,0.099243,0.671387,-21.972656,-9.765625,stair_down
1769345208.3324835,-0.733887,0.223389,0.082642,3.234864,-27.709969,-7.812502,stair_down
1769345208.3666837,-0.808594,0.243530,0.099976,2.929688,-29.174812,-6.042482,stair_down
1769345208.373139,-0.914063,0.269165,0.116943,6.347658,-20.263672,-1.525879,stair_down
1769345208.388769,-0.921509,0.250977,0.116211,8.972168,-2.868653,5.187988,stair_down
1769345208.4091346,-0.895752,0.234985,0.107178,9.460449,-0.793457,8.544922,stair_down
1769345208.4335394,-0.884644,0.207275,0.129761,8.972168,-2.319336,10.498047,stair_down
1769345208.483499,-0.896240,0.200562,0.165039,8.789063,0.488281,12.939457,stair_down
1769345208.494876,-0.855957,0.182251,0.164795,8.239746,2.807618,12.329105,stair_down
1769345208.494876,-0.869385,0.181030,0.145508,6.958010,5.432129,11.779789,stair_down
1769345208.513147,-0.910034,0.220947,0.142578,2.746582,1.220703,10.742188,stair_down
1769345208.5272422,-1.034790,0.215454,0.235962,-2.868653,-4.516602,8.300781,stair_down
1769345208.5523405,-1.242676,0.197632,0.342651,-11.352543,-11.108402,7.019045,stair_down
1769345208.5743525,-1.413940,0.213501,0.479980,-19.653320,-11.901859,8.361816,stair_down
1769345208.5893316,-1.406494,0.225220,0.563354,-18.066406,4.821777,10.437012,stair_down
1769345208.6112456,-1.196533,0.137329,0.592529,-13.427738,15.747074,4.760742,stair_down
1769345208.6306846,-0.874634,0.150024,0.519165,-16.662598,6.347658,-2.868653,stair_down
1769345208.6525724,-0.939941,0.316406,0.413330,-23.254402,-23.132332,-2.014160,stair_down
1769345208.6731143,-1.193481,0.452637,0.438477,-24.536140,-24.963387,-4.699707,stair_down
1769345208.6932054,-1.267456,0.460083,0.435059,-18.005371,-4.516602,-3.234864,stair_down
1769345208.7782326,-1.105103,0.393677,0.371460,-15.136723,7.690432,0.000000,stair_down
1769345208.7782326,-0.987549,0.388794,0.316040,-12.451176,6.103518,0.488281,stair_down
1769345208.7782326,-0.899048,0.406616,0.287109,-8.544922,-2.685547,5.920412,stair_down
1769345208.7782326,-0.973389,0.466309,0.277466,1.037598,1.281738,12.573246,stair_down
1769345208.793409,-0.887451,0.453369,0.266113,11.352543,9.338379,11.535648,stair_down
1769345208.8114245,-0.790649,0.338989,0.261841,15.563969,8.056641,11.535648,stair_down
1769345208.83268,-0.731079,0.278687,0.251343,13.244633,6.835939,10.620117,stair_down
1769345208.9033327,-0.678589,0.264282,0.263062,13.122562,-1.953125,7.629396,stair_down
1769345208.9033327,-0.683960,0.259888,0.288696,10.986328,-1.586915,10.498047,stair_down
1769345208.9033327,-0.705322,0.290527,0.275391,10.314941,-2.502441,6.347658,stair_down
1769345208.916604,-0.632568,0.275391,0.268311,8.789063,-5.371094,3.601075,stair_down
1769345208.9289637,-0.601685,0.276123,0.273071,5.493164,-15.136723,-0.305176,stair_down
1769345208.9493906,-0.646973,0.263062,0.292358,2.868653,-22.521980,-6.652834,stair_down
1769345208.9715543,-0.724976,0.269043,0.309448,3.601075,-23.193367,-10.437012,stair_down
1769345208.9920433,-0.776978,0.281128,0.299927,3.967286,-18.005371,-7.751467,stair_down
1769345209.0115807,-0.796997,0.303467,0.262085,4.333496,-12.207035,-5.920412,stair_down
1769345209.0265267,-0.757324,0.305664,0.210449,3.784181,-8.178711,-2.807618,stair_down
1769345209.0540257,-0.761475,0.322510,0.171265,-0.183106,-6.469728,1.220703,stair_down
1769345209.0712154,-0.793091,0.341675,0.178223,-2.685547,-3.967286,1.525879,stair_down
1769345209.0887153,-0.811646,0.352783,0.206299,-1.586915,1.647950,3.540040,stair_down
1769345209.1113844,-0.779785,0.329468,0.243042,-0.427246,7.568361,4.150391,stair_down
1769345209.130688,-0.732300,0.323486,0.275635,0.427246,8.239746,2.319336,stair_down
1769345209.150997,-0.752441,0.333618,0.285645,-0.183106,5.126953,0.061035,stair_down
1769345209.1738784,-0.802979,0.333130,0.291992,2.441406,5.371094,-2.624512,stair_down
1769345209.206173,-0.823608,0.322998,0.281738,3.906251,8.300781,-4.760742,stair_down
1769345209.206173,-0.823120,0.330444,0.271362,3.234864,6.591799,-8.178711,stair_down
1769345209.2328072,-0.965576,0.355835,0.304077,2.319336,0.122070,-4.882813,stair_down
1769345209.24867,-1.167603,0.345093,0.337402,-1.892090,0.427246,-4.943848,stair_down
1769345209.2719276,-1.302734,0.307495,0.383179,-6.774904,4.089355,-4.882813,stair_down
1769345209.2925217,-1.286377,0.240601,0.387939,-5.920412,1.770020,-6.652834,stair_down
1769345209.3105135,-1.180420,0.185669,0.463135,-2.258301,-5.859377,-5.249023,stair_down
1769345209.3324957,-1.315186,0.237915,0.509644,7.019045,-13.183598,-8.666992,stair_down
1769345209.347752,-1.393921,0.210571,0.493042,10.803223,-6.286623,-15.136723,stair_down
1769345209.3727202,-1.263062,0.166626,0.369141,11.108402,-5.126953,-18.981934,stair_down
1769345209.3913128,-1.125366,0.144409,0.263794,8.728027,-6.835939,-19.653320,stair_down
1769345209.4090114,-1.007813,0.184937,0.287354,5.981447,-12.023930,-19.348145,stair_down
1769345209.4264736,-1.010864,0.329102,0.328003,2.624512,-2.746582,-13.183598,stair_down
1769345209.453774,-0.883545,0.368896,0.283813,10.925293,6.164553,-12.390141,stair_down
1769345209.47135,-0.792236,0.338623,0.226440,12.512211,5.920412,-9.094238,stair_down
1769345209.5163965,-0.755615,0.309814,0.161377,11.230473,5.065918,-6.103518,stair_down
1769345209.5163965,-0.746460,0.276855,0.130981,8.728027,3.479005,-2.136230,stair_down
1769345209.5264294,-0.758911,0.256104,0.143677,9.704590,2.929688,2.502441,stair_down
1769345209.5513425,-0.802612,0.224731,0.161865,11.352543,3.601075,5.615236,stair_down
1769345209.568522,-0.815796,0.145630,0.203003,9.094238,-1.464844,-0.610352,stair_down
1769345209.5862467,-0.890747,0.099365,0.230469,8.239746,-7.141115,-2.868653,stair_down
1769345209.6101997,-0.922607,0.076172,0.236694,5.310059,-0.427246,-3.051759,stair_down
1769345209.63054,-0.890137,0.090820,0.209839,6.286623,-0.976563,-4.699707,stair_down
1769345209.6466196,-0.835083,0.110352,0.182129,6.958010,-6.896975,-5.187988,stair_down
1769345209.6726542,-0.797852,0.150635,0.139526,5.615236,-8.361816,-5.126953,stair_down
1769345209.691565,-0.760986,0.211548,0.095215,4.028320,-6.652834,-4.882813,stair_down
1769345209.711919,-0.704346,0.269043,0.074829,4.272461,-6.164553,-4.211426,stair_down
1769345209.7281425,-0.715088,0.295410,0.125244,2.990724,-8.361816,-2.136230,stair_down
1769345209.7510602,-0.810791,0.335327,0.141602,5.737307,-9.094238,0.244141,stair_down
1769345209.7849138,-0.874634,0.299927,0.132202,9.704590,-0.610352,1.831055,stair_down
1769345209.8015442,-0.829834,0.238037,0.128540,11.047363,0.793457,5.798342,stair_down
1769345209.8106575,-0.847290,0.211670,0.162720,11.657719,-0.061035,7.934572,stair_down
1769345209.8280494,-0.839722,0.209229,0.192261,14.221195,5.493164,6.164553,stair_down
1769345209.8522868,-0.843018,0.189331,0.167603,15.075687,8.666992,4.699707,stair_down
1769345209.870423,-0.803589,0.178955,0.141968,12.939457,16.174316,2.685547,stair_down
1769345209.8887308,-0.727905,0.198486,0.121216,9.338379,15.747074,2.502441,stair_down
1769345209.912652,-0.750122,0.235229,0.120728,5.737307,3.295899,0.671387,stair_down
1769345209.9294991,-0.976685,0.275757,0.222290,-1.892090,-9.155273,5.187988,stair_down
1769345209.9513285,-1.278931,0.303223,0.377563,-7.385256,-21.301270,8.483887,stair_down
1769345209.970607,-1.795898,0.176392,0.606689,-10.925293,19.165039,16.296387,stair_down
1769345209.9938052,-1.472290,0.120239,0.518677,-9.887695,57.128922,8.056641,stair_down
1769345210.0131292,-0.958618,0.108276,0.462769,-9.277344,48.339859,-1.098633,stair_down
1769345210.0331423,-0.698486,0.157471,0.465210,-17.089844,10.437012,-15.869144,stair_down
1769345210.0490339,-0.948120,0.307983,0.535156,-24.230965,-7.751467,-12.878422,stair_down
1769345210.0686264,-1.151001,0.405151,0.582886,-23.193367,-9.826660,-24.475105,stair_down
1769345210.153276,-1.161011,0.326416,0.320923,-20.324707,26.611336,-5.676271,stair_down
1769345210.153276,-0.882080,0.321899,0.238892,-28.015144,16.357422,-4.516602,stair_down
1769345210.1733472,-0.784058,0.405151,0.194336,-24.414070,0.488281,0.732422,stair_down
1769345210.1733472,-0.787964,0.399170,0.211304,-18.005371,-6.591799,4.699707,stair_down
1769345210.1932526,-0.867310,0.373779,0.243774,-11.352543,-5.249023,9.948730,stair_down
1769345210.2163503,-0.872314,0.383545,0.215210,-7.019045,2.258301,-0.244141,stair_down
1769345210.2298396,-0.757324,0.276978,0.173340,1.098633,18.920898,9.216309,stair_down
1769345210.2763467,-0.646362,0.270630,0.161865,-0.915528,11.230473,10.559082,stair_down
1769345210.2921638,-0.632080,0.296509,0.169922,1.037598,3.173829,7.751467,stair_down
1769345210.2927377,-0.665894,0.296509,0.201538,2.258301,0.671387,4.760742,stair_down
1769345210.312211,-0.679077,0.306396,0.209717,6.164553,4.089355,2.197266,stair_down
1769345210.3263872,-0.669067,0.280029,0.224609,6.958010,6.103518,-0.366211,stair_down
1769345210.351552,-0.669678,0.259399,0.231079,5.798342,1.647950,-6.469728,stair_down
1769345210.372367,-0.704468,0.264404,0.264893,2.990724,-3.234864,-7.568361,stair_down
1769345210.39164,-0.774414,0.256958,0.265869,1.831055,-3.906251,-5.737307,stair_down
1769345210.4305885,-0.780396,0.243042,0.233276,-0.976563,-1.831055,-0.915528,stair_down
1769345210.4305885,-0.726685,0.261108,0.176880,-7.324221,-4.394531,2.929688,stair_down
1769345210.4478517,-0.701782,0.300537,0.145752,-12.939457,-14.465336,5.615236,stair_down
1769345210.4731162,-0.749756,0.327759,0.150391,-16.235352,-22.155769,8.544922,stair_down
1769345210.4906938,-0.856934,0.358765,0.183716,-14.404301,-21.240234,15.136723,stair_down
1769345210.5128734,-0.886597,0.358643,0.202148,-11.535648,-12.146000,15.136723,stair_down
1769345210.583557,-0.876587,0.369263,0.216919,-6.896975,-0.610352,13.122562,stair_down
1769345210.583557,-0.842529,0.368896,0.223511,-1.647950,4.211426,6.469728,stair_down
1769345210.5877752,-0.816040,0.377686,0.230347,3.662110,4.394531,3.479005,stair_down
1769345210.5877752,-0.888550,0.400757,0.269409,4.943848,-6.286623,-3.906251,stair_down
1769345210.6663647,-1.131104,0.392456,0.326538,7.385256,-11.047363,-0.671387,stair_down
1769345210.6663647,-1.376343,0.317993,0.374146,9.399414,-5.554201,-2.075195,stair_down
1769345210.6788423,-1.305786,0.230347,0.362305,8.483887,-1.647950,-2.685547,stair_down
1769345210.6788423,-1.215698,0.208740,0.386108,9.033203,-6.713869,-2.502441,stair_down
1769345210.696001,-1.253540,0.224243,0.459961,16.601563,-12.146000,-3.723145,stair_down
1769345210.7094982,-1.319824,0.196411,0.477295,22.521980,-2.380371,-2.685547,stair_down
1769345210.7316036,-1.194946,0.170410,0.383057,21.545410,4.943848,-12.756351,stair_down
1769345210.7494972,-0.985352,0.137085,0.251587,18.066406,-1.647950,-11.535648,stair_down
1769345210.7695162,-0.933228,0.197388,0.250122,10.620117,-10.986328,-10.803223,stair_down
1769345210.7861462,-0.981079,0.281250,0.282959,7.690432,-10.131836,-8.728027,stair_down
1769345210.8119206,-1.046387,0.303101,0.270264,8.850098,-1.037598,-5.554201,stair_down
1769345210.8327734,-1.108765,0.288696,0.226440,5.676271,10.253906,-2.685547,stair_down
1769345210.8526568,-0.966064,0.267822,0.186035,3.295899,10.131836,-1.098633,stair_down
1769345210.872347,-0.972412,0.207520,0.204834,-0.122070,0.366211,2.197266,stair_down
1769345210.888955,-0.887085,0.218506,0.211182,3.295899,1.953125,-1.464844,stair_down
1769345210.9128366,-0.820068,0.190674,0.206055,10.253906,3.662110,-3.784181,stair_down
1769345210.92933,-0.784424,0.165527,0.174316,14.221195,3.845216,-7.934572,stair_down
1769345210.9514918,-0.752808,0.136475,0.151367,15.502934,6.530764,-7.751467,stair_down
1769345210.9719088,-0.725464,0.102051,0.133057,13.671879,1.770020,-7.995607,stair_down
1769345210.9921534,-0.777466,0.130371,0.135864,10.437012,-3.540040,-8.605957,stair_down
1769345211.0127814,-0.805542,0.146973,0.170532,10.375977,1.037598,-8.972168,stair_down
1769345211.0319872,-0.763916,0.169067,0.172974,7.141115,0.915528,-8.850098,stair_down
1769345211.052097,-0.728516,0.194824,0.156250,6.774904,-1.525879,-8.422852,stair_down
1769345211.0701063,-0.711426,0.205200,0.147827,3.906251,-9.033203,-8.605957,stair_down
1769345211.0891573,-0.752075,0.233521,0.135010,3.234864,-13.427738,-5.249023,stair_down
1769345211.1110427,-0.765137,0.252563,0.121582,5.065918,-13.000492,-1.342773,stair_down
1769345211.1313808,-0.785767,0.280884,0.116089,5.310059,-12.329105,1.831055,stair_down
1769345211.1500285,-0.910522,0.271362,0.138672,6.225588,-4.333496,8.911133,stair_down
1769345211.172357,-0.911133,0.273193,0.141113,7.263186,0.610352,7.629396,stair_down
1769345211.1923265,-0.916992,0.205811,0.161621,8.850098,-0.671387,9.826660,stair_down
1769345211.2122107,-0.924561,0.180176,0.161499,4.333496,4.516602,11.962894,stair_down
1769345211.2316387,-0.895508,0.181152,0.153564,2.746582,6.164553,9.704590,stair_down
1769345211.2488897,-0.885620,0.179688,0.160767,1.220703,1.708985,6.652834,stair_down
1769345211.3066444,-0.900879,0.199219,0.158447,-3.173829,2.563477,6.347658,stair_down
1769345211.3066444,-0.976563,0.234009,0.169678,-8.666992,-11.169437,-3.356935,stair_down
1769345211.3066444,-1.175659,0.216919,0.241821,-18.371582,-20.385742,-2.197266,stair_down
1769345211.3292093,-1.441650,0.268188,0.375244,-21.057129,-14.709476,0.610352,stair_down
1769345211.3519282,-1.547607,0.252197,0.454102,-15.686039,18.127441,1.098633,stair_down
1769345211.3709455,-1.200928,0.197021,0.431641,-11.901859,37.414551,0.488281,stair_down
1769345211.3890264,-0.904053,0.183105,0.381470,-11.047363,24.475105,-5.737307,stair_down
1769345211.4085236,-0.764526,0.243652,0.346924,-17.883301,-5.798342,-9.826660,stair_down
1769345211.4304225,-0.871216,0.345093,0.331665,-22.216805,-15.136723,-8.850098,stair_down
1769345211.4499006,-1.011230,0.384888,0.347168,-22.338875,-11.535648,-7.202150,stair_down
1769345211.4728951,-1.165405,0.353882,0.398804,-24.108894,-6.408693,-6.896975,stair_down
1769345211.49165,-1.170532,0.351074,0.450684,-24.841316,5.371094,-6.713869,stair_down
1769345211.5615346,-1.070557,0.299438,0.446655,-18.798828,12.512211,-4.699707,stair_down
1769345211.5634074,-0.891846,0.285645,0.373535,-15.991215,9.338379,-5.981447,stair_down
1769345211.5634074,-0.829834,0.327759,0.242065,-11.352543,-10.803223,-5.554201,stair_down
1769345211.5681944,-0.869141,0.379517,0.192383,-9.643555,-12.634281,-5.310059,stair_down
1769345211.591654,-0.904663,0.388794,0.160767,-3.906251,-10.070801,-1.159668,stair_down
1769345211.6124296,-0.901611,0.368286,0.168213,0.610352,-0.732422,2.929688,stair_down
1769345211.6316671,-0.822876,0.337769,0.179565,5.981447,11.108402,5.371094,stair_down
1769345211.6518838,-0.786499,0.289429,0.186890,8.239746,15.930180,7.995607,stair_down
1769345211.6713672,-0.640747,0.258179,0.235962,13.305668,7.080080,4.089355,stair_down
1769345211.693105,-0.638306,0.249878,0.283936,12.939457,2.807618,0.915528,stair_down
1769345211.7118506,-0.626343,0.254517,0.283325,13.977055,-5.615236,-0.427246,stair_down
1769345211.7400267,-0.634644,0.254150,0.276855,14.526371,-11.474613,-4.394531,stair_down
1769345211.7666051,-0.656738,0.247314,0.252563,14.160160,-16.845703,-7.446291,stair_down
1769345211.7715025,-0.661377,0.244507,0.226685,11.657719,-17.456055,-5.615236,stair_down
1769345211.7899582,-0.679932,0.255127,0.199219,7.751467,-15.319828,-1.281738,stair_down
1769345211.8112028,-0.661499,0.291260,0.139526,3.417970,-13.793949,5.371094,stair_down
1769345211.8265846,-0.700073,0.302002,0.138184,1.098633,-11.169437,8.789063,stair_down
1769345211.852479,-0.740356,0.308472,0.141479,0.915528,-8.666992,12.878422,stair_down
1769345211.8674426,-0.827271,0.310425,0.177368,1.953125,-3.723145,15.014652,stair_down
1769345211.888639,-0.956665,0.321777,0.245117,6.408693,9.216309,15.136723,stair_down
1769345211.9120595,-0.984131,0.313599,0.280029,14.831547,25.390633,15.441898,stair_down
1769345211.9318566,-0.982300,0.303467,0.268311,22.705086,37.902832,13.916019,stair_down
1769345211.9504778,-0.949097,0.321045,0.261963,24.536140,34.179688,5.920412,stair_down
1769345211.9666476,-1.108276,0.324463,0.318848,19.958496,19.531250,5.737307,stair_down
1769345211.9916205,-1.298340,0.302734,0.329834,12.146000,19.409180,2.136230,stair_down
1769345212.0077698,-1.355957,0.268799,0.324219,7.385256,18.615723,-1.403809,stair_down
1769345212.0321906,-1.406494,0.194946,0.354004,0.549316,21.118164,-2.563477,stair_down
1769345212.052871,-1.322876,0.198608,0.364502,-5.615236,18.127441,-4.821777,stair_down
1769345212.069544,-1.338013,0.155884,0.370361,-0.366211,10.192871,-3.112794,stair_down
1769345212.0890553,-1.174927,0.152222,0.298706,4.577637,16.845703,-10.620117,stair_down
1769345212.112044,-0.962769,0.187866,0.206177,7.324221,7.751467,-11.535648,stair_down
1769345212.1317172,-0.947876,0.223633,0.169312,10.925293,-6.652834,-15.258793,stair_down
1769345212.1533034,-0.994507,0.279053,0.172241,11.169437,-13.000492,-18.493652,stair_down
1769345212.1734045,-1.061401,0.339966,0.132324,14.709476,-6.591799,-17.089844,stair_down
1769345212.1905327,-1.104736,0.357544,0.080688,17.883301,3.784181,-13.427738,stair_down
1769345212.2112708,-1.061279,0.336304,0.027100,18.920898,23.376472,-4.028320,stair_down
1769345212.2322106,-1.067017,0.300171,0.002808,20.996094,44.311539,5.493164,stair_down
1769345212.2488828,-1.020386,0.272339,0.001587,25.085457,70.373535,8.361816,stair_down
1769345212.267307,-1.023071,0.252930,0.004639,30.273445,102.722198,9.948730,stair_down
1769345212.291489,-0.980225,0.208618,-0.001343,34.667969,136.718750,12.268070,stair_down
1769345212.3114343,-0.833130,0.175781,-0.037720,36.865234,139.953613,13.610844,stair_down
1769345212.3264842,-0.860229,0.145386,-0.057495,37.231445,136.901855,24.902351,stair_down
1769345212.3521771,-0.749756,0.228882,-0.112061,39.794922,131.103516,19.836426,stair_down
1769345212.3724504,-0.931885,0.273682,-0.121826,48.522964,149.291992,18.676758,stair_down
1769345212.3927944,-0.976196,0.279175,-0.136475,56.030289,208.435120,20.324707,stair_down
1769345212.413508,-0.893433,0.281738,-0.132446,64.697266,265.014648,25.268562,stair_down
1769345212.6666281,-0.535522,0.139282,-0.646118,91.308624,258.361816,36.254883,stair_down
1769345212.6735892,-0.342773,0.049438,-0.819824,82.641602,249.939026,29.235847,stair_down
1769345212.6735892,-0.185181,0.003662,-0.945435,56.274429,193.725647,35.339355,stair_down
1769345212.6735892,-0.104858,0.023193,-1.045532,31.066902,131.713867,34.179688,stair_down
1769345212.6735892,-0.126099,0.040039,-0.971069,19.470215,82.336426,28.625496,stair_down
1769345212.6735892,-0.030762,0.094482,-0.846924,12.146000,69.458008,26.428230,stair_down
1769345212.6735892,-0.138306,0.166382,-0.935425,22.399910,55.419937,23.010262,stair_down
1769345212.6756082,-0.221191,0.149048,-1.116821,23.803719,39.489746,8.850098,stair_down
1769345212.6756082,-0.343018,0.123535,-1.258911,17.089844,19.470215,-4.394531,stair_down
1769345212.708318,-0.450562,0.109741,-1.285889,8.178711,-0.427246,-13.549809,stair_down
1769345212.714707,-0.490112,0.133423,-1.183960,-0.732422,-8.117676,-13.916019,stair_down
1769345212.7354212,-0.363647,0.197144,-1.043823,-2.929688,-28.076180,-12.695316,stair_down
1769345212.7485754,-0.285645,0.222778,-0.992065,-2.746582,-61.767593,-17.822266,stair_down
1769345212.7751067,-0.313110,0.220093,-1.021729,-2.136230,-104.797394,-24.597176,stair_down
1769345212.79196,-0.403931,0.175171,-1.043457,-12.390141,-150.390625,-32.043457,stair_down
1769345212.8120832,-0.483887,0.187378,-1.011475,-29.602058,-180.725159,-36.376953,stair_down
1769345212.8311071,-0.485962,0.193970,-0.940308,-45.043961,-201.843323,-39.306641,stair_down
1769345212.8467486,-0.414063,0.185425,-0.865112,-57.739273,-236.694397,-39.855957,stair_down
1769345212.8688715,-0.546631,0.216187,-0.642944,-77.392578,-279.113770,-34.301758,stair_down
1769345212.8927577,-0.653198,0.235107,-0.497925,-85.205078,-290.710449,-30.273445,stair_down
1769345212.9063673,-0.770386,0.243774,-0.379150,-88.623077,-282.226563,-23.986824,stair_down
1769345212.932033,-0.842651,0.259888,-0.293945,-91.064484,-256.103516,-19.287109,stair_down
1769345212.9496372,-0.744019,0.291138,-0.222900,-83.557129,-240.478577,-8.483887,stair_down
1769345212.9711034,-0.645630,0.313843,-0.134888,-84.106445,-245.117249,-2.624512,stair_down
1769345212.9912782,-0.814575,0.407837,0.025879,-78.796387,-238.769592,4.699707,stair_down
1769345213.012352,-0.956421,0.438965,0.068848,-67.199707,-196.594299,3.295899,stair_down
1769345213.0275598,-0.959351,0.448608,0.028809,-55.053726,-151.977539,-2.990724,stair_down
1769345213.0522506,-0.997925,0.463135,-0.018555,-39.428711,-110.839874,-0.122070,stair_down
1769345213.072078,-0.953613,0.475952,-0.021240,-24.780281,-79.589844,0.732422,stair_down
1769345213.0898013,-0.955811,0.454468,-0.009888,-13.000492,-55.419937,0.671387,stair_down
1769345213.1093495,-0.935913,0.434326,-0.034302,-7.568361,-39.916992,-1.525879,stair_down
1769345213.1311796,-0.875977,0.442749,-0.017822,3.356935,-25.878914,-2.441406,stair_down
1769345213.1510823,-0.879761,0.411987,0.030396,11.230473,-12.512211,-0.244141,stair_down
1769345213.1727643,-0.856079,0.367676,0.061035,12.451176,3.173829,1.281738,stair_down
1769345213.1890192,-0.751099,0.355469,0.065063,9.643555,9.033203,2.502441,stair_down
1769345213.212658,-0.700317,0.378052,0.052002,11.535648,-0.366211,2.563477,stair_down
1769345213.2300365,-0.731812,0.381714,0.061035,11.169437,-5.004883,-1.770020,stair_down
1769345213.2515578,-0.738525,0.392578,0.094116,16.296387,1.831055,-5.065918,stair_down
1769345213.2754762,-0.751343,0.382446,0.121826,16.967773,3.417970,-2.807618,stair_down
1769345213.2934847,-0.833374,0.408691,0.139648,20.202637,2.868653,-2.136230,stair_down
1769345213.3096845,-0.883789,0.427490,0.137817,26.733406,7.507326,-3.173829,stair_down
1769345213.333679,-0.810425,0.423706,0.116699,31.616219,9.399414,-4.211426,stair_down
1769345213.3522704,-0.762817,0.418701,0.118164,27.526863,-3.234864,-4.577637,stair_down
1769345213.3722885,-0.927856,0.423096,0.173706,23.376472,-28.686531,-4.089355,stair_down
1769345213.3943698,-1.374268,0.346558,0.177124,22.399910,-40.832520,3.662110,stair_down
1769345213.4135115,-1.480225,0.288696,0.214600,20.874023,-23.498543,5.004883,stair_down
1769345213.5900166,-1.352539,0.276123,0.247192,24.353035,-9.277344,3.234864,stair_down
1769345213.5900166,-1.372314,0.292358,0.285156,27.465828,-12.939457,-3.784181,stair_down
1769345213.5900166,-1.542480,0.238159,0.285645,33.203125,-9.826660,-6.042482,stair_down
1769345213.5900166,-1.479614,0.154053,0.199585,32.348633,-5.065918,-7.995607,stair_down
1769345213.5900166,-1.261719,0.148560,0.107422,26.367195,-16.174316,-11.779789,stair_down
1769345213.5900166,-1.066528,0.256714,0.118896,25.878914,-33.996582,-12.084965,stair_down
1769345213.5900166,-0.863647,0.362671,0.155029,25.878914,-26.489265,-7.568361,stair_down
1769345213.5900166,-0.768921,0.470581,0.122070,32.775879,-34.545898,-8.850098,stair_down
1769345213.7967978,-0.679321,0.492920,0.051270,39.794922,-27.954109,-2.502441,stair_down
1769345213.7967978,-0.677612,0.411743,0.041748,41.809082,-31.677254,-0.793457,stair_down
1769345213.7967978,-0.751221,0.395630,0.026123,35.888672,-20.324707,6.774904,stair_down
1769345213.7967978,-0.783813,0.335449,0.046997,34.301758,-10.131836,7.568361,stair_down
1769345213.7967978,-0.828979,0.268433,0.069092,27.038582,-6.347658,8.117676,stair_down
1769345213.7967978,-0.896973,0.215942,0.136841,18.981934,-12.023930,0.915528,stair_down
1769345213.7967978,-1.008423,0.160156,0.195923,20.751953,-10.864258,-0.671387,stair_down
1769345213.7967978,-1.032349,0.120728,0.207397,23.193367,-0.732422,-4.943848,stair_down
1769345213.7967978,-0.893555,0.097168,0.153687,27.038582,-3.479005,-7.385256,stair_down
1769345213.7967978,-0.787354,0.128662,0.118164,26.184090,-19.653320,-13.061527,stair_down
1769345213.7967978,-0.839111,0.263550,0.067261,28.686531,-38.330078,-15.380863,stair_down
1769345213.808814,-0.895630,0.363647,0.045410,29.296883,-40.893555,-15.258793,stair_down
1769345213.8334935,-1.020996,0.461060,0.047729,29.663094,-33.508301,-16.601563,stair_down
1769345213.8531816,-1.112183,0.504517,0.105347,33.142090,-16.235352,-14.282230,stair_down
1769345213.8701494,-1.144287,0.479004,0.151855,38.513184,2.563477,-9.155273,stair_down
1769345213.8929582,-1.118774,0.411865,0.122437,42.663574,15.563969,-10.864258,stair_down
1769345213.9118402,-1.098755,0.319336,0.153442,37.841797,15.808109,-16.601563,stair_down
1769345213.9287176,-1.188843,0.324829,0.237305,35.888672,-0.915528,-15.563969,stair_down
1769345213.9521692,-1.229492,0.322021,0.265381,35.522461,-2.014160,-17.456055,stair_down
1769345213.9713252,-1.094116,0.319702,0.205566,36.437988,-2.197266,-20.263672,stair_down
1769345213.9937522,-1.066040,0.293579,0.140625,41.259766,-10.375977,-21.240234,stair_down
1769345214.0129738,-1.066895,0.262451,0.147461,37.231445,-14.160160,-19.226074,stair_down
1769345214.031658,-0.954956,0.309937,0.146729,36.437988,-7.629396,-12.329105,stair_down
1769345214.0463727,-0.607056,0.333130,0.123291,44.189453,-16.052246,-16.540527,stair_down
1769345214.0722535,-0.560669,0.324097,0.197876,44.372574,-25.634773,-20.629883,stair_down
1769345214.089498,-0.616333,0.383423,0.290405,45.166031,-29.724129,-27.526863,stair_down
1769345214.1103203,-0.769287,0.404297,0.375366,50.109879,-29.113777,-29.602058,stair_down
1769345214.1299064,-0.912109,0.402344,0.438599,54.382339,-7.629396,-33.508301,stair_down
1769345214.1518326,-0.922852,0.343262,0.485718,62.927261,0.610352,-42.785645,stair_down
1769345214.1719055,-0.949463,0.229004,0.520142,62.133804,7.873537,-35.644531,stair_down
1769345214.187716,-0.801880,0.242188,0.380127,55.969254,4.272461,-29.296883,stair_down
1769345214.212611,-0.757813,0.221680,0.328125,53.466812,-16.418457,-25.085457,stair_down
1769345214.227254,-0.778442,0.251953,0.267822,47.485367,-33.325195,-26.489265,stair_down
1769345214.251646,-0.888672,0.240234,0.212280,42.480469,-37.658691,-14.221195,stair_down
1769345214.2728012,-0.949219,0.243286,0.143799,37.780762,-32.348633,-5.126953,stair_down
1769345214.2889583,-0.922607,0.226563,0.097168,30.761726,-24.414070,4.577637,stair_down
1769345214.3120415,-0.813232,0.265015,0.139404,16.357422,-26.733406,10.437012,stair_down
1769345214.331365,-0.806885,0.319702,0.193115,12.146000,-30.517586,12.207035,stair_down
1769345214.3534877,-0.859253,0.334229,0.233276,11.657719,-28.320320,12.146000,stair_down
1769345214.3733304,-0.925049,0.322754,0.263184,11.962894,-21.362305,10.070801,stair_down
1769345214.3881762,-0.939575,0.306152,0.250000,14.221195,-9.887695,9.033203,stair_down
1769345214.4096024,-0.876099,0.273315,0.237671,11.535648,-2.258301,5.371094,stair_down
1769345214.4291353,-0.818848,0.336914,0.222412,9.277344,-0.793457,1.037598,stair_down
1769345214.4524858,-0.904541,0.393066,0.186768,13.366703,-4.089355,-5.981447,stair_down
1769345214.4721603,-0.843018,0.370239,0.166748,19.348145,12.329105,1.892090,stair_down
1769345214.4927435,-0.834473,0.344360,0.148438,16.723633,4.638672,-1.403809,stair_down
1769345214.5121238,-0.855835,0.375000,0.150391,12.451176,-5.737307,-3.112794,stair_down
1769345214.531767,-0.936279,0.367065,0.168091,10.314941,-13.122562,-2.563477,stair_down
1769345214.5526116,-1.013794,0.381104,0.178223,7.995607,-14.282230,-1.953125,stair_down
1769345214.5677552,-1.009521,0.418091,0.182983,8.239746,-11.108402,-2.197266,stair_down
1769345214.5895991,-1.008545,0.442383,0.198853,10.681152,-13.671879,-2.380371,stair_down
1769345214.6093302,-1.001587,0.478394,0.248169,12.695316,-14.038090,-8.605957,stair_down
1769345214.6305923,-1.069092,0.437256,0.299805,14.526371,-18.676758,-13.305668,stair_down
1769345214.6507454,-1.088989,0.409424,0.301270,16.296387,-15.258793,-15.930180,stair_down
1769345214.6708272,-1.038086,0.356812,0.291382,18.005371,-14.526371,-18.615723,stair_down
1769345214.6916037,-0.994385,0.324829,0.320068,20.568848,-17.333984,-20.629883,stair_down
1769345214.7126946,-0.986694,0.277954,0.402588,30.334480,-9.948730,-15.319828,stair_down
1769345214.733316,-0.927734,0.229614,0.371948,36.621094,-1.403809,-8.361816,stair_down
1769345214.7508254,-0.820190,0.171997,0.281738,41.748047,6.103518,0.366211,stair_down
1769345214.7704465,-0.690430,0.114746,0.227539,41.870117,-0.244141,5.676271,stair_down
1769345214.7898903,-0.704102,0.106689,0.231201,31.799324,-6.469728,5.737307,stair_down
1769345214.812774,-0.865234,0.105835,0.270996,25.451668,-8.728027,14.831547,stair_down
1769345214.8329153,-0.975098,0.107056,0.288086,16.723633,-5.432129,13.854984,stair_down
1769345214.8536215,-1.002808,0.111206,0.327271,8.300781,-12.329105,5.065918,stair_down
1769345214.872398,-0.995483,0.084839,0.331421,11.962894,-17.028809,8.483887,stair_down
1769345214.8933315,-1.004761,0.134033,0.315308,7.751467,-17.639160,-1.037598,stair_down
1769345214.9114094,-0.932251,0.203735,0.301025,16.296387,-14.038090,-7.934572,stair_down
1769345214.932407,-0.796387,0.217896,0.272217,22.949226,-16.601563,-13.122562,stair_down
1769345214.9511583,-0.775513,0.253052,0.206909,25.024422,-20.874023,-13.793949,stair_down
1769345214.9716933,-0.797852,0.322144,0.156616,28.015144,-19.226074,-15.441898,stair_down
1769345214.9923325,-0.809937,0.359619,0.132324,28.076180,-14.160160,-12.634281,stair_down
1769345215.0119364,-0.806763,0.385742,0.137085,31.066902,-10.314941,-10.620117,stair_down
1769345215.0312872,-0.881104,0.343750,0.146851,31.066902,-10.253906,-11.169437,stair_down
1769345215.0519962,-0.928711,0.319214,0.156616,29.968269,-2.502441,-9.155273,stair_down
1769345215.076553,-0.959595,0.274170,0.172241,31.677254,3.295899,-5.920412,stair_down
1769345215.094096,-0.983398,0.253174,0.167969,32.226563,1.647950,-7.873537,stair_down
1769345215.1106765,-0.968262,0.210571,0.143921,34.118652,2.624512,-3.051759,stair_down
1769345215.1325378,-0.906860,0.221924,0.132568,34.606934,-1.586915,-3.051759,stair_down
1769345215.1934133,-0.831177,0.256592,0.141968,33.935547,-11.413578,-1.708985,stair_down
1769345215.1998196,-0.868164,0.331909,0.169434,33.874512,-21.728516,-0.854492,stair_down
1769345215.1998196,-0.935547,0.376953,0.205688,37.902832,-26.306160,-5.065918,stair_down
1769345215.2062376,-1.016357,0.348755,0.275635,43.884277,-15.197758,-6.164553,stair_down
1769345215.238091,-0.900024,0.272461,0.269409,49.377457,0.732422,-8.850098,stair_down
1769345215.2537239,-0.836304,0.280273,0.250000,39.794922,-8.789063,-13.549809,stair_down
1769345215.2712767,-0.973022,0.313599,0.357178,29.357918,-36.560059,-15.686039,stair_down
1769345215.2925167,-1.339844,0.336304,0.514160,19.165039,-46.081558,-17.700195,stair_down
1769345215.3105938,-1.458252,0.343384,0.577026,24.169930,-16.784668,-14.160160,stair_down
1769345215.3332632,-1.217773,0.238647,0.559814,31.921394,4.577637,-10.986328,stair_down
1769345215.352679,-0.922729,0.163696,0.457886,35.156250,10.986328,-12.084965,stair_down
1769345215.3730314,-0.450439,0.173584,0.305786,33.630371,-21.423340,-17.456055,stair_down
1769345215.3934226,-0.526855,0.265625,0.312744,29.235847,-51.757828,-14.587406,stair_down
1769345215.4226744,-0.717529,0.353882,0.351563,30.090340,-54.016129,-15.502934,stair_down
1769345215.4337776,-0.872192,0.374023,0.399780,35.034180,-38.452148,-11.474613,stair_down
1769345215.4492147,-0.960449,0.329224,0.441162,37.780762,-11.657719,-10.925293,stair_down
1769345215.4708662,-0.918091,0.255859,0.503906,38.635254,6.347658,-10.559082,stair_down
1769345215.4917276,-0.846069,0.189331,0.545654,35.827637,9.582520,-14.038090,stair_down
1769345215.5123706,-0.748657,0.210571,0.498413,34.301758,-0.061035,-14.770512,stair_down
1769345215.5314822,-0.731079,0.252319,0.434937,30.883797,-14.953617,-17.883301,stair_down
1769345215.5530765,-0.729736,0.289917,0.368896,32.714844,-24.169930,-19.714355,stair_down
1769345215.5673473,-0.736450,0.302856,0.322266,32.348633,-27.771004,-19.897461,stair_down
1769345215.591695,-0.727783,0.317749,0.296143,32.287598,-26.306160,-17.700195,stair_down
1769345215.608992,-0.751343,0.315552,0.292236,30.517586,-26.489265,-17.456055,stair_down
1769345215.6299536,-0.803223,0.288452,0.322144,28.625496,-24.475105,-16.601563,stair_down
1769345215.6513338,-0.855225,0.257813,0.344116,25.207527,-12.084965,-11.474613,stair_down
1769345215.6676972,-0.870361,0.269897,0.354492,24.902351,-6.164553,-18.432617,stair_down
1769345215.6912563,-0.794189,0.241455,0.334717,29.052742,-4.272461,-13.305668,stair_down
1769345215.7116818,-0.761353,0.252441,0.305908,29.663094,-9.033203,-13.610844,stair_down
1769345215.7325609,-0.764038,0.260254,0.300781,31.127937,-10.437012,-16.296387,stair_down
1769345215.7487855,-0.783325,0.279419,0.303345,29.357918,-9.033203,-14.282230,stair_down
1769345215.7681978,-0.777222,0.305664,0.287476,32.592773,0.610352,-13.732914,stair_down
1769345215.791306,-0.690063,0.289185,0.244995,32.653809,6.286623,-12.084965,stair_down
1769345215.8111188,-0.624023,0.284302,0.205444,31.494148,3.723145,-10.803223,stair_down
1769345215.831483,-0.635254,0.291626,0.204346,29.113777,-4.333496,-10.070801,stair_down
1769345215.8525934,-0.700928,0.322876,0.213257,26.733406,-5.554201,-9.338379,stair_down
1769345215.8733873,-0.752075,0.327637,0.230957,26.123055,-2.258301,-6.103518,stair_down
1769345215.8903322,-0.767822,0.308960,0.218384,22.155769,6.103518,-0.122070,stair_down
1769345215.9085443,-0.753540,0.309326,0.225830,19.165039,6.042482,3.540040,stair_down
1769345215.9321902,-0.762329,0.328613,0.250366,17.944336,5.126953,3.906251,stair_down
1769345215.9484475,-0.790161,0.338135,0.252441,19.775391,6.347658,4.089355,stair_down
1769345215.9714918,-0.805298,0.361328,0.262817,18.127441,3.601075,2.563477,stair_down
1769345215.991417,-0.901245,0.361572,0.325928,12.573246,-8.728027,-1.281738,stair_down
1769345216.0065367,-1.400879,0.289795,0.500000,9.521484,-2.868653,-3.723145,stair_down
1769345216.0333164,-1.405273,0.221069,0.515503,14.282230,17.333984,-9.765625,stair_down
1769345216.0533466,-1.203613,0.163696,0.521851,15.930180,21.118164,-17.089844,stair_down
1769345216.07646,-1.125977,0.173218,0.542969,20.996094,10.864258,-22.888191,stair_down
1769345216.0934381,-1.173340,0.198730,0.556641,26.611336,-0.244141,-22.094727,stair_down
1769345216.1100044,-1.201050,0.222412,0.454468,27.587898,-4.638672,-23.132332,stair_down
1769345216.1303906,-1.181030,0.249390,0.344360,30.273445,-10.742188,-21.301270,stair_down
1769345216.1532755,-1.143311,0.254517,0.324219,28.381355,-14.770512,-14.587406,stair_down
1769345216.1719255,-1.105713,0.309570,0.337891,26.306160,-12.084965,-9.338379,stair_down
1769345216.1926033,-1.102417,0.326660,0.300415,29.602058,-5.981447,-7.324221,stair_down
1769345216.2118292,-1.050537,0.279419,0.279419,30.090340,7.507326,-3.662110,stair_down
1769345216.2327452,-0.956543,0.241577,0.263428,30.456551,17.211914,-3.845216,stair_down
1769345216.2487485,-0.821655,0.208496,0.189697,25.573738,15.625004,-2.624512,stair_down
1769345216.2701483,-0.748047,0.156372,0.169556,23.742683,4.943848,-1.586915,stair_down
1769345216.2909243,-0.724609,0.146606,0.159058,23.559578,1.403809,-0.854492,stair_down
1769345216.3125844,-0.713501,0.117188,0.167358,22.521980,-2.746582,-1.770020,stair_down
1769345216.33034,-0.745850,0.107910,0.171021,21.362305,-7.202150,-0.366211,stair_down
1769345216.353354,-0.708130,0.119751,0.170410,19.653320,-11.169437,-4.882813,stair_down
1769345216.3724225,-0.679443,0.113403,0.168091,16.723633,-23.498543,-7.263186,stair_down
1769345216.3937137,-0.673584,0.139648,0.144653,16.296387,-35.461426,-8.728027,stair_down
1769345216.4118538,-0.739746,0.169922,0.130737,18.859863,-44.006348,-13.427738,stair_down
1769345216.4335234,-0.815063,0.200562,0.145142,18.737793,-39.611816,-14.892582,stair_down
1769345216.4525335,-0.843750,0.239624,0.161255,21.911621,-33.691406,-14.160160,stair_down
1769345216.4723759,-0.860107,0.249634,0.178589,24.230965,-28.625496,-12.390141,stair_down
1769345216.4911332,-0.873047,0.270020,0.182495,25.512703,-22.460945,-12.084965,stair_down
1769345216.51368,-0.905029,0.285156,0.179810,26.245125,-16.235352,-11.657719,stair_down
1769345216.531751,-0.942505,0.253052,0.197876,25.817879,-11.779789,-8.666992,stair_down
1769345216.5533311,-0.978394,0.243774,0.204956,26.245125,-2.990724,-2.929688,stair_down
1769345216.5723283,-0.908569,0.205322,0.186890,25.085457,5.126953,-0.244141,stair_down
1769345216.5910347,-0.847168,0.185913,0.183716,24.047859,5.432129,2.563477,stair_down
1769345216.6094332,-0.820190,0.177490,0.173462,21.545410,1.159668,3.479005,stair_down
1769345216.626487,-0.844238,0.199341,0.169189,17.211914,-4.516602,2.685547,stair_down
1769345216.6540523,-0.843018,0.255859,0.204224,10.620117,-16.052246,-0.915528,stair_down
1769345216.6720264,-1.112061,0.328125,0.383423,-2.441406,-33.203125,-3.601075,stair_down
1769345216.6922913,-1.349487,0.304565,0.536865,-6.408693,-36.743164,-10.131836,stair_down
1769345216.7126732,-1.376221,0.267822,0.594727,-6.835939,-25.573738,-14.465336,stair_down
1769345216.736536,-1.154053,0.254028,0.576050,-0.061035,-14.221195,-22.277840,stair_down
1769345216.7480216,-0.895508,0.196899,0.520508,9.277344,-11.108402,-19.348145,stair_down
1769345216.7731886,-0.804565,0.231567,0.463623,9.521484,-26.672371,-18.920898,stair_down
1769345216.7900522,-0.911621,0.328613,0.445190,10.986328,-35.278320,-18.371582,stair_down
1769345216.8085415,-1.128052,0.405640,0.522461,5.371094,-22.094727,-21.972656,stair_down
1769345216.8316143,-1.172119,0.385498,0.592896,5.554201,1.464844,-17.639160,stair_down
1769345216.85172,-1.031494,0.309448,0.620239,4.943848,16.113281,-17.822266,stair_down
1769345216.8720276,-0.867676,0.252075,0.639160,3.601075,18.005371,-19.226074,stair_down
1769345216.8874469,-0.766235,0.230103,0.591919,0.000000,10.620117,-17.578125,stair_down
1769345216.9135082,-0.807861,0.261963,0.480347,-2.868653,0.183106,-13.122562,stair_down
1769345216.9328115,-0.910889,0.291504,0.341553,-2.258301,5.859377,-3.295899,stair_down
1769345216.9484928,-0.897583,0.274048,0.299805,-1.586915,12.878422,2.380371,stair_down
1769345216.9720123,-0.830811,0.259766,0.294434,-4.028320,14.831547,4.394531,stair_down
1769345216.991669,-0.765259,0.260376,0.275391,-5.432129,7.446291,5.126953,stair_down
1769345217.0134146,-0.765015,0.283569,0.284668,-1.953125,2.197266,3.723145,stair_down
1769345217.0348642,-0.739380,0.309692,0.319336,-0.305176,5.432129,-0.061035,stair_down
1769345217.053533,-0.732910,0.334839,0.337280,8.361816,3.417970,0.549316,stair_down
1769345217.0739112,-0.697388,0.336914,0.334839,15.136723,-2.929688,-4.394531,stair_down
1769345217.090254,-0.693481,0.328369,0.314453,17.150879,-12.146000,-7.629396,stair_down
1769345217.1098409,-0.724731,0.326904,0.294556,15.319828,-25.329597,-10.131836,stair_down
1769345217.1293535,-0.827759,0.347534,0.284668,13.916019,-30.090340,-11.901859,stair_down
1769345217.1524441,-0.894165,0.354492,0.301147,14.282230,-25.756844,-11.169437,stair_down
1769345217.1728966,-0.902588,0.344116,0.314453,13.916019,-22.460945,-9.033203,stair_down
1769345217.1929903,-0.926880,0.312866,0.344238,13.244633,-17.944336,-8.422852,stair_down
1769345217.2112474,-0.960205,0.319946,0.390259,14.282230,-12.756351,-9.033203,stair_down
1769345217.2327008,-0.980591,0.314331,0.412842,18.371582,-5.676271,-10.437012,stair_down
1769345217.2515535,-0.956421,0.317017,0.417603,18.249512,-5.859377,-16.662598,stair_down
1769345217.2728872,-1.029419,0.338867,0.442505,17.150879,-12.084965,-19.592285,stair_down
1769345217.2924135,-1.159668,0.285278,0.482422,13.305668,-12.084965,-17.333984,stair_down
1769345217.3102517,-1.130005,0.259521,0.463989,11.596684,-2.746582,-12.268070,stair_down
1769345217.332019,-0.948364,0.202271,0.492065,13.671879,-0.366211,-3.967286,stair_down
1769345217.352788,-0.948120,0.163818,0.528320,20.874023,4.577637,-0.305176,stair_down
1769345217.3727193,-0.820190,0.145264,0.495117,32.775879,14.526371,2.258301,stair_down
1769345217.39236,-0.684692,0.095825,0.436890,36.987305,8.911133,0.854492,stair_down
1769345217.4131866,-0.758057,0.062012,0.418091,30.883797,2.868653,3.234864,stair_down
1769345217.4327958,-0.881958,0.086182,0.447754,29.296883,4.150391,4.150391,stair_down
1769345217.4507346,-0.837402,0.069946,0.469116,22.338875,0.732422,1.159668,stair_down
1769345217.4721508,-0.822266,0.164185,0.447266,17.456055,-11.535648,-2.441406,stair_down
1769345217.4905672,-0.833496,0.197144,0.402344,20.568848,-14.343266,-3.967286,stair_down
1769345217.5110252,-0.804810,0.242065,0.380859,23.071297,-15.625004,-4.821777,stair_down
1769345217.5325272,-0.814087,0.283691,0.355591,28.137215,-15.258793,-10.131836,stair_down
1769345217.5521128,-0.818848,0.286011,0.329468,36.315918,-12.451176,-11.779789,stair_down
1769345217.5729005,-0.820313,0.278564,0.318359,40.954590,-7.446291,-13.854984,stair_down
1769345217.5956538,-0.798462,0.283569,0.286255,43.518066,-6.225588,-16.357422,stair_down
1769345217.613354,-0.780518,0.277832,0.287354,44.494644,-12.268070,-18.188477,stair_down
1769345217.6334994,-0.816650,0.257080,0.311157,45.532242,-15.197758,-16.479492,stair_down
1769345217.6505995,-0.867676,0.232910,0.345825,43.945313,-14.709476,-21.545410,stair_down
1769345217.6730583,-0.881958,0.213501,0.380249,45.166031,-12.756351,-19.592285,stair_down
1769345217.6927993,-0.877441,0.185303,0.379639,44.311539,-12.573246,-20.874023,stair_down
1769345217.712178,-0.851685,0.168945,0.343140,43.395996,-13.977055,-20.935059,stair_down
1769345217.732866,-0.859497,0.186646,0.279419,38.757324,-20.629883,-21.484375,stair_down
1769345217.7469246,-0.879028,0.234985,0.257202,37.475586,-20.507813,-19.042969,stair_down
1769345217.7731748,-0.878540,0.272217,0.255127,34.362793,-19.165039,-18.920898,stair_down
1769345217.7934418,-0.891968,0.304199,0.298340,35.400391,-20.996094,-16.845703,stair_down
1769345217.8147051,-0.949219,0.278564,0.363159,38.452148,-20.996094,-19.226074,stair_down
1769345217.8314369,-0.982910,0.246582,0.423096,40.527344,-13.427738,-20.690918,stair_down
1769345217.8516188,-0.983521,0.221558,0.408325,46.630875,3.540040,-23.620613,stair_down
1769345217.8732271,-0.926270,0.209717,0.369995,45.104996,3.540040,-23.132332,stair_down
1769345217.892931,-0.911621,0.211670,0.403198,37.658691,-10.131836,-25.878914,stair_down
1769345217.9122248,-1.056519,0.222290,0.483765,30.822762,-28.259285,-26.489265,stair_down
1769345217.9291809,-1.168457,0.219727,0.478027,28.564461,-20.812988,-24.780281,stair_down
1769345217.948798,-1.083862,0.207642,0.509155,30.029305,-13.122562,-24.719246,stair_down
1769345217.9719343,-0.996338,0.182617,0.511841,30.029305,-13.488773,-28.442390,stair_down
1769345217.989701,-0.910767,0.199707,0.474365,31.127937,-17.761230,-30.151375,stair_down
1769345218.0133085,-0.845703,0.197998,0.440552,32.043457,-18.493652,-28.991707,stair_down
1769345218.033064,-0.716064,0.220703,0.377563,36.621094,-19.042969,-28.442390,stair_down
1769345218.0560994,-0.593994,0.215820,0.376953,36.804199,-24.902351,-30.456551,stair_down
1769345218.0735927,-0.596558,0.261841,0.444214,36.682129,-25.146492,-32.043457,stair_down
1769345218.0885017,-0.710571,0.295288,0.547729,41.442871,-22.949226,-33.142090,stair_down
1769345218.116671,-0.832275,0.293213,0.617554,46.386734,-0.976563,-33.813477,stair_down
1769345218.1313727,-0.915649,0.190552,0.693604,46.020523,8.850098,-30.578621,stair_down
1769345218.1502647,-0.833374,0.211670,0.687500,44.006348,16.296387,-26.062019,stair_down
1769345218.173386,-0.741577,0.212891,0.592651,45.715347,10.986328,-23.010262,stair_down
1769345218.191051,-0.680664,0.219482,0.515869,42.114258,-3.051759,-19.714355,stair_down
1769345218.2133045,-0.753418,0.244385,0.474731,38.818359,-14.831547,-16.601563,stair_down
1769345218.2329245,-0.837158,0.240112,0.411987,37.292480,-10.070801,-11.779789,stair_down
1769345218.247435,-0.811279,0.218140,0.331787,35.156250,1.831055,-7.202150,stair_down
1769345218.270559,-0.794189,0.203491,0.341187,30.395515,1.281738,-5.981447,stair_down
1769345218.2902853,-0.809204,0.218262,0.370728,27.526863,0.549316,-3.723145,stair_down
1769345218.309988,-0.842163,0.235718,0.409912,26.672371,4.089355,-2.868653,stair_down
1769345218.334163,-0.832886,0.239380,0.450684,23.986824,17.639160,-4.638672,stair_down
1769345218.3542922,-0.817627,0.242920,0.482910,27.221687,16.479492,-3.784181,stair_down
1769345218.3732631,-0.819336,0.234131,0.465942,28.564461,16.723633,-5.554201,stair_down
1769345218.3936238,-0.779663,0.205566,0.417114,23.376472,4.272461,-6.591799,stair_down
1769345218.4132104,-0.801636,0.227661,0.381714,18.249512,-3.051759,-8.117676,stair_down
1769345218.4352314,-0.854004,0.244385,0.359009,14.343266,-6.652834,-5.920412,stair_down
1769345218.4731474,-0.912720,0.265503,0.334717,11.596684,-3.479005,-2.380371,stair_down
1769345218.4751518,-0.927734,0.269165,0.335449,9.216309,0.427246,1.525879,stair_down
1769345218.4943209,-0.943359,0.270264,0.341919,6.225588,3.662110,3.845216,stair_down
1769345218.511116,-0.918579,0.266113,0.338013,1.892090,5.249023,6.713869,stair_down
1769345218.5275805,-0.898071,0.286133,0.339355,-0.122070,4.455566,5.554201,stair_down
1769345218.5517335,-0.924805,0.311035,0.378784,-2.136230,0.061035,3.967286,stair_down
1769345218.56705,-1.053711,0.299683,0.433228,-3.417970,-1.220703,4.638672,stair_down
1769345218.5904157,-1.086182,0.261841,0.453735,-3.417970,3.906251,6.408693,stair_down
1769345218.6102965,-1.006104,0.192139,0.438110,-4.333496,4.943848,7.507326,stair_down
1769345218.628359,-0.890259,0.153442,0.446777,-4.272461,0.366211,7.202150,stair_down
1769345218.6512554,-0.776245,0.157593,0.511475,2.136230,-3.417970,6.835939,stair_down
1769345218.6723676,-0.724121,0.167725,0.512573,8.850098,-1.525879,6.896975,stair_down
1769345218.6923003,-0.701782,0.132080,0.469360,12.695316,-2.441406,10.803223,stair_down
1769345218.712235,-0.746582,0.138428,0.385254,6.347658,-3.295899,4.577637,stair_down
1769345218.7320895,-0.826294,0.083984,0.380127,-1.770020,-4.455566,8.789063,stair_down
1769345218.7530262,-0.904785,0.073364,0.418945,-12.084965,-12.512211,8.056641,stair_down
1769345218.7701273,-0.992554,0.066528,0.478149,-21.606445,-16.052246,7.507326,stair_down
1769345218.7930346,-0.949463,0.131958,0.490479,-18.981934,-14.343266,6.958010,stair_down
1769345218.811602,-0.878906,0.159302,0.499512,-13.916019,-15.075687,2.746582,stair_down
1769345218.83146,-0.851685,0.198242,0.474243,-8.117676,-12.512211,-2.319336,stair_down
1769345218.851123,-0.836182,0.220825,0.423462,-2.929688,-5.737307,-5.310059,stair_down
1769345218.8729103,-0.837524,0.272339,0.373169,0.244141,0.793457,-7.141115,stair_down
1769345218.8935084,-0.863525,0.271484,0.289917,1.159668,-2.929688,-11.962894,stair_down
1769345218.9086976,-0.821167,0.286011,0.251709,-0.244141,-4.089355,-7.568361,stair_down
1769345218.928538,-0.868896,0.259888,0.265503,0.549316,-6.286623,-5.493164,stair_down
1769345218.9514186,-0.876343,0.238037,0.311279,2.380371,-4.394531,-4.882813,stair_down
1769345218.9721863,-0.887207,0.209229,0.343262,6.164553,-3.051759,-6.408693,stair_down
1769345218.9896011,-0.865967,0.196045,0.351929,10.253906,0.915528,-6.347658,stair_down
1769345219.0128348,-0.832886,0.176880,0.328735,14.404301,8.850098,-8.178711,stair_down
1769345219.0327237,-0.781860,0.171387,0.302490,18.493652,11.108402,-9.582520,stair_down
1769345219.0477247,-0.651611,0.174805,0.256714,23.803719,11.840824,-9.460449,stair_down
1769345219.0727756,-0.588745,0.186646,0.237671,23.132332,3.906251,-9.521484,stair_down
1769345219.0923603,-0.605957,0.216675,0.230469,23.193367,-6.835939,-11.291508,stair_down
1769345219.1132338,-0.705078,0.228271,0.238892,24.963387,-8.422852,-11.596684,stair_down
1769345219.1323268,-0.787354,0.237183,0.245728,26.611336,-3.234864,-12.084965,stair_down
1769345219.1505575,-0.857178,0.214355,0.274292,27.954109,0.976563,-12.634281,stair_down
1769345219.173164,-0.964478,0.175293,0.314209,28.564461,9.582520,-10.681152,stair_down
1769345219.1920304,-0.995728,0.161865,0.280762,30.151375,20.629883,-10.253906,stair_down
1769345219.2133102,-0.922119,0.142090,0.234619,30.700691,27.465828,-8.239746,stair_down
1769345219.2327173,-0.840576,0.133545,0.203003,26.367195,22.399910,-3.295899,stair_down
1769345219.2529466,-0.838013,0.134033,0.197021,18.249512,9.338379,-3.112794,stair_down
1769345219.2715952,-0.880981,0.166138,0.213257,12.939457,2.502441,-0.854492,stair_down
1769345219.293215,-0.895020,0.181885,0.234863,11.352543,4.821777,2.563477,stair_down
1769345219.3062863,-0.855591,0.198486,0.213379,9.765625,7.812502,5.676271,stair_down
1769345219.3336146,-0.931274,0.186279,0.256226,6.530764,6.713869,7.873537,stair_down
1769345219.3530624,-1.092896,0.156250,0.382813,-1.953125,6.591799,11.718754,stair_down
1769345219.3727274,-1.299805,0.141968,0.502075,-8.361816,12.939457,13.366703,stair_down
1769345219.3924885,-1.234253,0.124634,0.575439,-11.779789,30.334480,13.427738,stair_down
1769345219.4122062,-1.079224,0.153198,0.660889,-5.615236,33.508301,4.211426,stair_down
1769345219.4307349,-0.942383,0.173218,0.765869,-3.540040,25.817879,-5.981447,stair_down
1769345219.4491136,-1.036011,0.234009,0.721313,-7.873537,18.554688,-10.375977,stair_down
1769345219.4727223,-1.021118,0.290649,0.549561,-14.160160,14.587406,-8.544922,stair_down
1769345219.4907873,-1.000244,0.352051,0.421265,-19.470215,1.281738,-4.760742,stair_down
1769345219.5433826,-1.099243,0.356689,0.306763,-25.024422,-5.493164,0.366211,stair_down
1769345219.5433826,-1.060913,0.404541,0.209229,-30.578621,-1.831055,5.554201,stair_down
1769345219.5465858,-1.050049,0.466064,0.152588,-28.320320,-6.347658,11.169437,stair_down
1769345219.574493,-0.938843,0.418945,0.213257,-25.756844,6.713869,22.827156,stair_down
1769345219.5902843,-0.863647,0.406738,0.244019,-17.089844,4.577637,21.240234,stair_down
1769345219.6097436,-0.789429,0.307617,0.282837,-6.652834,4.455566,26.184090,stair_down
1769345219.6293848,-0.742310,0.293701,0.321899,-3.295899,5.493164,18.066406,stair_down
1769345219.652754,-0.644775,0.263672,0.336182,3.356935,11.352543,16.235352,stair_down
1769345219.67109,-0.582275,0.249878,0.316406,8.666992,7.080080,12.756351,stair_down
1769345219.6916308,-0.588135,0.227905,0.330078,7.507326,7.324221,7.507326,stair_down
1769345219.7157037,-0.578857,0.232910,0.314087,6.774904,4.638672,1.159668,stair_down
1769345219.7324371,-0.588501,0.236694,0.280273,4.089355,0.549316,-1.342773,stair_down
1769345219.7529523,-0.574219,0.251709,0.237183,3.356935,-2.929688,-2.746582,stair_down
1769345219.7681422,-0.598022,0.267822,0.212158,1.037598,-10.559082,-3.723145,stair_down
1769345219.7936633,-0.673340,0.284668,0.220459,-2.136230,-12.329105,-3.051759,stair_down
1769345219.811364,-0.725586,0.302979,0.229492,-2.563477,-10.498047,0.915528,stair_down
1769345219.8306687,-0.750732,0.313843,0.206421,-4.943848,-8.239746,2.136230,stair_down
1769345219.8529453,-0.739502,0.303833,0.185059,-4.516602,-6.103518,2.502441,stair_down
1769345219.8731475,-0.750732,0.303101,0.179565,-5.004883,-4.577637,4.028320,stair_down
1769345219.8935037,-0.802856,0.323608,0.182373,-2.624512,-2.990724,4.333496,stair_down
1769345219.9126487,-0.828369,0.319458,0.194092,0.305176,2.014160,5.676271,stair_down
1769345219.9277635,-0.841797,0.333374,0.208618,2.624512,5.065918,5.615236,stair_down
1769345219.9517314,-0.901367,0.349854,0.257446,0.793457,4.821777,4.821777,stair_down
1769345219.968519,-1.185913,0.307373,0.371826,-3.234864,-11.474613,2.441406,stair_down
1769345219.9916446,-1.418823,0.293213,0.417847,-5.310059,-2.746582,2.075195,stair_down
1769345220.0134423,-1.393555,0.274170,0.451294,-1.403809,14.038090,-0.793457,stair_down
1769345220.0321786,-1.239746,0.244385,0.538818,2.441406,8.178711,-0.061035,stair_down
1769345220.0519779,-1.302612,0.254028,0.601318,3.417970,-1.892090,-3.479005,stair_down
1769345220.0734336,-1.367188,0.218628,0.558472,6.347658,-5.920412,-2.685547,stair_down
1769345220.0883484,-1.177612,0.230713,0.363159,-0.183106,-7.995607,-8.789063,stair_down
1769345220.1129577,-1.042725,0.259644,0.364624,5.249023,-14.831547,-9.338379,stair_down
1769345220.1295674,-1.036743,0.314819,0.406982,2.746582,-18.005371,-8.300781,stair_down
1769345220.1469233,-1.082642,0.399536,0.350586,2.319336,-17.272949,-11.901859,stair_down
1769345220.1732085,-1.103760,0.404419,0.251709,5.859377,-5.859377,-4.455566,stair_down
1769345220.1923306,-1.038086,0.350220,0.215698,5.004883,0.610352,0.793457,stair_down
1769345220.2131195,-0.958008,0.306030,0.207153,4.211426,0.854492,4.455566,stair_down
1769345220.2325876,-0.843628,0.244751,0.217529,5.920412,3.479005,5.432129,stair_down
1769345220.2549102,-0.742065,0.222290,0.200806,9.765625,6.347658,2.685547,stair_down
1769345220.2734363,-0.680298,0.185669,0.175293,11.474613,5.126953,-1.403809,stair_down
1769345220.2912428,-0.679321,0.138794,0.153198,15.319828,8.178711,0.915528,stair_down
1769345220.313696,-0.665283,0.092285,0.136841,14.343266,10.803223,-3.051759,stair_down
1769345220.3323033,-0.678833,0.068237,0.151978,14.526371,10.314941,-4.882813,stair_down
1769345220.35191,-0.664429,0.065796,0.160645,12.939457,7.446291,-9.155273,stair_down
1769345220.3726192,-0.574585,0.083862,0.161377,12.329105,1.037598,-10.070801,stair_down
1769345220.3863132,-0.614136,0.125732,0.181396,7.629396,-9.643555,-16.235352,stair_down
1769345220.4114065,-0.672485,0.159302,0.192505,10.131836,-14.831547,-11.352543,stair_down
1769345220.4334908,-0.738159,0.187500,0.180542,7.690432,-19.897461,-14.343266,stair_down
1769345220.4509225,-0.786011,0.215576,0.186523,5.493164,-19.775391,-11.962894,stair_down
1769345220.469332,-0.859131,0.266724,0.192383,3.540040,-18.920898,-9.765625,stair_down
1769345220.4934633,-0.895264,0.288818,0.197876,3.295899,-12.207035,-3.906251,stair_down
1769345220.5137227,-0.909058,0.291016,0.188354,2.014160,-10.559082,0.976563,stair_down
1769345220.5326822,-0.933472,0.261475,0.197144,1.831055,-5.981447,6.530764,stair_down
1769345220.5518117,-0.887329,0.237793,0.201172,-1.098633,-2.990724,11.047363,stair_down
1769345220.5724583,-0.867065,0.241211,0.223267,-6.042482,-3.845216,12.878422,stair_down
1769345220.593078,-0.950317,0.243652,0.315918,-14.831547,-9.277344,15.258793,stair_down
1769345220.6091163,-1.099854,0.225220,0.458740,-24.597176,-17.089844,18.676758,stair_down
1769345220.628932,-1.290894,0.236206,0.613647,-33.020020,-10.192871,15.075687,stair_down
1769345220.6540256,-1.137695,0.184937,0.620728,-26.000984,-6.408693,8.789063,stair_down
1769345220.6712558,-0.996948,0.142212,0.641846,-25.756844,-13.854984,0.305176,stair_down
1769345220.6934354,-0.989868,0.230103,0.706787,-30.212410,-32.714844,-7.202150,stair_down
1769345220.7131853,-1.228394,0.332153,0.703125,-25.695808,-35.461426,-8.972168,stair_down
1769345220.733718,-1.241943,0.339966,0.625000,-16.784668,-13.244633,-8.850098,stair_down
1769345220.753344,-1.010498,0.345337,0.493042,-8.483887,2.319336,-10.620117,stair_down
1769345220.7723415,-0.945190,0.333496,0.369019,-8.483887,-0.488281,-11.047363,stair_down
1769345220.796423,-0.939941,0.363770,0.310669,-14.099125,-3.967286,-1.831055,stair_down
1769345220.8163478,-0.995972,0.464844,0.262085,-14.709476,-3.601075,4.699707,stair_down
1769345220.8362114,-1.000366,0.468628,0.317505,-9.277344,6.591799,12.023930,stair_down
1769345220.8520553,-0.898682,0.419678,0.397217,-3.356935,14.160160,18.371582,stair_down
1769345220.8729424,-0.820679,0.362549,0.421021,1.464844,14.892582,18.798828,stair_down
1769345220.8931377,-0.675781,0.308350,0.403809,7.324221,15.075687,18.615723,stair_down
1769345220.9131536,-0.598755,0.290283,0.379883,8.117676,9.399414,16.540527,stair_down
1769345220.9332433,-0.598633,0.306030,0.346069,8.117676,3.540040,12.268070,stair_down
1769345220.9499216,-0.642334,0.312988,0.338379,7.507326,0.488281,8.361816,stair_down
1769345220.971057,-0.691406,0.327393,0.326660,5.187988,-2.441406,4.699707,stair_down
1769345220.9902136,-0.763794,0.339844,0.318726,5.798342,-1.708985,0.732422,stair_down
1769345221.0133483,-0.822021,0.328125,0.342163,5.432129,-2.075195,-1.220703,stair_down
1769345221.0335035,-0.857910,0.357422,0.348877,9.460449,1.586915,-1.770020,stair_down
1769345221.0538292,-0.866577,0.354248,0.325928,14.770512,5.249023,-2.319336,stair_down
1769345221.0736692,-0.831543,0.337891,0.283081,20.935059,9.887695,-3.173829,stair_down
1769345221.0914435,-0.757324,0.313232,0.253784,23.071297,11.962894,-1.647950,stair_down
1769345221.1081355,-0.670776,0.316772,0.208374,22.521980,10.314941,-0.610352,stair_down
1769345221.131855,-0.628662,0.318726,0.177002,21.911621,5.554201,-0.061035,stair_down
1769345221.1520643,-0.620850,0.319824,0.165771,17.761230,3.540040,2.319336,stair_down
1769345221.1706505,-0.609253,0.334229,0.162964,12.512211,-0.488281,1.953125,stair_down
1769345221.193216,-0.639526,0.352661,0.189331,10.986328,-1.403809,0.549316,stair_down
1769345221.2138383,-0.679443,0.349609,0.234619,11.352543,1.647950,0.061035,stair_down
1769345221.232804,-0.703003,0.350220,0.279663,13.305668,6.408693,-2.014160,stair_down
1769345221.2529662,-0.720581,0.330811,0.314453,16.418457,11.718754,-3.906251,stair_down
1769345221.268678,-0.689087,0.325317,0.312500,17.272949,11.962894,-7.629396,stair_down
1769345221.291886,-0.726440,0.345581,0.306030,17.761230,1.464844,-10.253906,stair_down
1769345221.3098752,-0.812744,0.348022,0.312744,10.986328,-14.648441,-13.549809,stair_down
1769345221.3333724,-1.046509,0.354248,0.377075,-1.586915,-29.174812,-10.253906,stair_down
1769345221.3514423,-1.405273,0.363159,0.461792,-5.249023,-30.456551,-10.986328,stair_down
1769345221.371877,-1.541138,0.283447,0.462158,-3.662110,-5.249023,-5.798342,stair_down
1769345221.3919299,-1.253540,0.240234,0.461182,-3.540040,5.920412,-5.310059,stair_down
1769345221.413166,-1.244751,0.246704,0.602173,-1.098633,-10.620117,-13.122562,stair_down
1769345221.4285026,-1.398682,0.204102,0.610474,4.455566,-7.446291,-14.648441,stair_down
1769345221.4480379,-1.270386,0.186768,0.500488,7.690432,-0.244141,-18.188477,stair_down
1769345221.470488,-1.055420,0.199219,0.408813,12.268070,1.708985,-21.728516,stair_down
1769345221.4987576,-0.931885,0.219604,0.407715,14.465336,-3.417970,-24.963387,stair_down
1769345221.5244923,-0.876343,0.251831,0.423950,16.418457,-5.065918,-19.592285,stair_down
1769345221.5348592,-0.930054,0.310181,0.372314,13.305668,-9.216309,-16.845703,stair_down
1769345221.5526245,-0.961426,0.281738,0.249146,9.948730,2.075195,-7.202150,stair_down
1769345221.5733817,-0.851196,0.278931,0.203247,6.713869,4.028320,-3.173829,stair_down
1769345221.5929465,-0.818115,0.229248,0.225098,0.671387,-1.220703,1.831055,stair_down
1769345221.6098125,-0.822266,0.217651,0.238525,-1.220703,-1.098633,4.272461,stair_down
1769345221.632552,-0.789185,0.179565,0.252563,0.305176,-0.244141,5.981447,stair_down
1769345221.6491885,-0.780029,0.138184,0.255371,-0.122070,-0.244141,3.845216,stair_down
1769345221.6722991,-0.781250,0.089844,0.257813,-1.708985,0.610352,-0.549316,stair_down
1769345221.6918733,-0.810303,0.084717,0.265137,-1.525879,-0.427246,-3.784181,stair_down
1769345221.7132566,-0.834473,0.078491,0.267090,-0.610352,0.305176,-6.347658,stair_down
1769345221.7332993,-0.806152,0.089111,0.243530,0.610352,0.427246,-8.544922,stair_down
1769345221.7542744,-0.764648,0.100098,0.219116,1.037598,-2.075195,-10.070801,stair_down
1769345221.7744045,-0.738281,0.116455,0.198242,0.305176,-7.873537,-11.474613,stair_down
1769345221.79276,-0.742554,0.144775,0.181152,0.183106,-13.610844,-8.300781,stair_down
1769345221.8123062,-0.782837,0.179565,0.198975,0.488281,-16.845703,-5.310059,stair_down
1769345221.8335931,-0.787476,0.211182,0.214355,-0.366211,-16.662598,-4.516602,stair_down
1769345221.8517609,-0.800659,0.229492,0.242310,0.061035,-16.540527,-3.540040,stair_down
1769345221.8736606,-0.823608,0.255371,0.246704,2.319336,-13.610844,-2.319336,stair_down
1769345221.8936174,-0.820801,0.251587,0.275269,5.798342,-12.817387,-2.868653,stair_down
1769345221.911498,-0.803101,0.229492,0.324585,6.408693,-13.183598,1.098633,stair_down
1769345221.933149,-0.822388,0.230469,0.267578,5.676271,-15.380863,2.258301,stair_down
1769345221.9532874,-0.863892,0.156494,0.228638,3.845216,-14.160160,1.831055,stair_down
1769345221.9722087,-0.875854,0.178589,0.237671,-0.610352,-9.887695,3.784181,stair_down
1769345221.9893615,-0.892700,0.213257,0.247803,0.732422,-4.943848,5.554201,stair_down
1769345222.01195,-0.911377,0.213379,0.247925,-2.136230,-2.319336,6.164553,stair_down
1769345222.0323377,-0.984619,0.243408,0.304688,-10.620117,-6.347658,6.713869,stair_down
1769345222.0530155,-1.180908,0.273438,0.469238,-17.211914,-10.437012,5.981447,stair_down
1769345222.0733118,-1.440186,0.199707,0.644287,-18.310547,14.343266,7.507326,stair_down
1769345222.0940776,-1.297485,0.160767,0.648682,-14.953617,31.921394,11.047363,stair_down
1769345222.1109369,-1.136475,0.141113,0.608276,-6.164553,45.288101,7.446291,stair_down
1769345222.1300597,-0.839478,0.150391,0.543579,-3.479005,43.945313,0.488281,stair_down
1769345222.151557,-0.684692,0.207275,0.527588,-10.681152,19.592285,-3.723145,stair_down
1769345222.1713326,-0.879395,0.295410,0.538208,-18.981934,1.708985,-4.638672,stair_down
1769345222.1912916,-1.084106,0.310669,0.537109,-26.184090,-3.417970,-3.356935,stair_down
1769345222.2132955,-1.183350,0.346680,0.478149,-33.752441,6.225588,4.089355,stair_down
1769345222.2269995,-1.091553,0.318970,0.471802,-33.386230,9.033203,8.361816,stair_down
1769345222.2561772,-0.959473,0.344604,0.468506,-31.555183,10.070801,15.014652,stair_down
1769345222.2677321,-0.798828,0.390259,0.414551,-26.489265,1.708985,16.479492,stair_down
1769345222.2896104,-0.769897,0.381836,0.351807,-19.653320,-8.972168,16.723633,stair_down
1769345222.3093581,-0.787720,0.369507,0.321289,-15.502934,-8.850098,16.357422,stair_down
1769345222.3331773,-0.800537,0.322021,0.308960,-10.009766,-3.112794,15.747074,stair_down
1769345222.3519373,-0.799072,0.292969,0.313110,-8.422852,0.976563,17.272949,stair_down
1769345222.3716946,-0.774170,0.276367,0.331787,-8.544922,5.187988,17.822266,stair_down
1769345222.3934963,-0.741089,0.302368,0.349609,-7.751467,6.835939,15.991215,stair_down
1769345222.4094098,-0.715332,0.303345,0.360352,-4.333496,9.399414,13.977055,stair_down
1769345222.4335704,-0.681885,0.285645,0.377441,-3.112794,9.521484,10.498047,stair_down
1769345222.4528515,-0.683960,0.282837,0.381348,-3.417970,7.324221,6.591799,stair_down
1769345222.46942,-0.690430,0.274658,0.380615,-6.530764,-2.319336,-1.525879,stair_down
1769345222.4910502,-0.750000,0.293335,0.362671,-8.911133,-7.446291,-3.662110,stair_down
1769345222.5110195,-0.825562,0.303223,0.355957,-10.742188,-9.338379,-6.164553,stair_down
1769345222.5303206,-0.851685,0.324219,0.347778,-11.230473,-8.728027,-4.272461,stair_down
1769345222.5539322,-0.857666,0.326782,0.310425,-10.559082,-7.202150,-1.525879,stair_down
1769345222.572199,-0.809692,0.325562,0.258911,-8.361816,-3.906251,-0.549316,stair_down
1769345222.587605,-0.727051,0.322754,0.232544,-4.272461,-3.784181,2.258301,stair_down
1769345222.613832,-0.681030,0.323486,0.242676,-1.220703,-3.051759,4.272461,stair_down
1769345222.6297152,-0.690063,0.324097,0.247559,1.708985,-3.417970,4.394531,stair_down
1769345222.649759,-0.702271,0.322632,0.249512,4.333496,1.159668,1.708985,stair_down
1769345222.6731265,-0.697510,0.307251,0.255981,6.103518,6.103518,1.037598,stair_down
1769345222.6933088,-0.672119,0.294800,0.272827,5.920412,8.178711,-2.502441,stair_down
1769345222.7129774,-0.655396,0.287842,0.290405,4.577637,7.507326,-4.882813,stair_down
1769345222.7332058,-0.738159,0.303955,0.323608,3.417970,3.540040,-6.774904,stair_down
1769345222.753478,-0.765869,0.308716,0.298218,5.676271,8.789063,-4.821777,stair_down
1769345222.769338,-0.770996,0.299683,0.260254,5.859377,8.056641,-3.234864,stair_down
1769345222.7885907,-0.809692,0.319092,0.271729,2.929688,3.173829,-1.892090,stair_down
1769345222.813552,-0.916870,0.339233,0.335693,-3.845216,-11.474613,-0.061035,stair_down
1769345222.831886,-1.209351,0.321899,0.454834,-11.291508,-24.536140,1.220703,stair_down
1769345222.8511508,-1.475952,0.280640,0.547607,-14.465336,-13.549809,2.441406,stair_down
1769345222.8761654,-1.287842,0.204102,0.557373,-11.169437,10.864258,-0.183106,stair_down
1769345222.8927338,-1.124146,0.179565,0.602905,-6.530764,9.033203,-4.089355,stair_down
1769345222.9136157,-1.129395,0.191284,0.642700,2.502441,4.455566,-10.986328,stair_down
1769345222.9273114,-1.151489,0.165771,0.624268,11.047363,3.479005,-19.836426,stair_down
1769345222.9533548,-1.063965,0.154663,0.534302,12.390141,0.305176,-25.878914,stair_down
1769345222.972601,-1.046997,0.182739,0.452148,12.756351,-7.263186,-28.503426,stair_down
1769345222.988912,-1.097168,0.245483,0.401855,11.596684,-5.981447,-17.944336,stair_down
1769345223.0132716,-1.053223,0.300171,0.380371,6.469728,-6.958010,-16.845703,stair_down
1769345223.0265605,-1.028076,0.341187,0.321777,8.300781,-2.380371,-7.080080,stair_down
1769345223.052586,-0.923096,0.293701,0.301025,11.413578,2.929688,-2.929688,stair_down
1769345223.0690403,-0.848145,0.241943,0.297119,10.314941,0.183106,-3.662110,stair_down
1769345223.092176,-0.836060,0.203979,0.281738,12.390141,1.953125,-1.281738,stair_down
1769345223.1080945,-0.801270,0.178345,0.274048,12.634281,3.356935,-3.356935,stair_down
1769345223.1310623,-0.773926,0.130615,0.267090,14.770512,3.479005,-2.990724,stair_down
1769345223.148249,-0.790894,0.080566,0.273438,13.244633,3.234864,-4.150391,stair_down
1769345223.1707265,-0.820435,0.084717,0.272949,10.742188,4.211426,-7.751467,stair_down
1769345223.1921515,-0.828857,0.070313,0.277832,11.352543,6.347658,-8.178711,stair_down
1769345223.2122014,-0.807739,0.061401,0.281494,9.460449,4.516602,-9.460449,stair_down
1769345223.232358,-0.810059,0.081421,0.275391,7.080080,0.122070,-11.413578,stair_down
1769345223.253787,-0.803589,0.141602,0.258423,5.004883,-5.981447,-13.610844,stair_down
1769345223.272629,-0.792603,0.176636,0.243042,6.652834,-9.094238,-13.244633,stair_down
1769345223.2889276,-0.786011,0.207397,0.235474,7.263186,-13.854984,-12.939457,stair_down
1769345223.308589,-0.792847,0.236450,0.217163,8.422852,-14.038090,-11.108402,stair_down
1769345223.3312786,-0.786621,0.253174,0.202637,9.887695,-13.427738,-9.277344,stair_down
1769345223.3509161,-0.813599,0.265869,0.204712,11.535648,-10.559082,-6.652834,stair_down
1769345223.3665152,-0.843018,0.259155,0.209473,14.770512,-4.760742,-2.868653,stair_down
1769345223.3937268,-0.824219,0.210205,0.223267,14.282230,1.770020,1.342773,stair_down
1769345223.410311,-0.856567,0.182983,0.240723,13.183598,2.807618,3.234864,stair_down
1769345223.4333131,-0.887207,0.155518,0.254761,11.291508,4.089355,5.187988,stair_down
1769345223.4535754,-0.917847,0.133789,0.243530,9.338379,8.483887,6.286623,stair_down
1769345223.4744945,-0.925903,0.122070,0.230347,7.080080,17.578125,10.925293,stair_down
1769345223.493095,-0.882446,0.136841,0.233765,3.234864,23.132332,13.366703,stair_down
1769345223.510872,-0.863770,0.159180,0.233521,-1.220703,20.751953,15.014652,stair_down
1769345223.5337174,-0.835938,0.177612,0.219727,-5.065918,20.507813,16.601563,stair_down
1769345223.5526,-0.801758,0.210449,0.158569,-5.676271,12.146000,13.916019,stair_down
1769345223.5717945,-0.842896,0.231934,0.145630,-11.291508,0.061035,12.695316,stair_down
1769345223.59261,-1.035156,0.318970,0.220215,-19.775391,-14.770512,14.587406,stair_down
1769345223.6081364,-1.278564,0.353882,0.389282,-22.888191,-25.024422,11.596684,stair_down
1769345223.6321595,-1.524536,0.305908,0.590332,-19.653320,-10.437012,7.873537,stair_down
1769345223.651721,-1.302979,0.237305,0.653931,-9.216309,37.414551,4.028320,stair_down
1769345223.6726456,-1.019287,0.221191,0.608276,1.403809,41.992188,-4.333496,stair_down
1769345223.6899767,-0.779907,0.219116,0.534058,1.831055,28.747566,-10.009766,stair_down
1769345223.7111099,-0.783447,0.282837,0.465576,-3.479005,6.652834,-11.413578,stair_down
1769345223.7331483,-0.970337,0.348999,0.425415,-9.826660,-7.812502,-13.916019,stair_down
1769345223.7503572,-1.151733,0.394043,0.398071,-15.319828,-8.789063,-12.817387,stair_down
1769345223.773031,-1.184692,0.384888,0.384033,-14.526371,3.112794,-6.286623,stair_down
1769345223.7901292,-0.943237,0.324463,0.330811,-9.948730,12.756351,2.441406,stair_down
1769345223.8116453,-0.812622,0.320435,0.307617,-11.779789,14.892582,3.723145,stair_down
1769345223.8300052,-0.756104,0.341553,0.299194,-5.004883,4.089355,1.831055,stair_down
1769345223.8526156,-0.769897,0.307373,0.290039,0.000000,2.990724,3.234864,stair_down
1769345223.872819,-0.728760,0.266724,0.271851,1.647950,6.225588,4.577637,stair_down
1769345223.8927572,-0.659424,0.228394,0.247681,0.793457,5.737307,6.042482,stair_down
1769345223.9146285,-0.584717,0.204102,0.257446,2.502441,2.075195,1.525879,stair_down
1769345223.9327114,-0.557251,0.219116,0.287109,3.845216,-0.427246,-0.366211,stair_down
1769345223.9481742,-0.581665,0.212280,0.315552,2.685547,2.380371,0.366211,stair_down
1769345223.9715197,-0.567627,0.211182,0.313110,3.051759,1.220703,0.549316,stair_down
1769345223.9903076,-0.603394,0.234131,0.292114,-0.671387,-2.929688,-2.746582,stair_down
1769345224.0103629,-0.616577,0.255127,0.268433,-1.159668,-7.507326,-3.723145,stair_down
1769345224.0317574,-0.668701,0.265259,0.250244,-3.662110,-9.948730,-2.136230,stair_down
1769345224.0534935,-0.716919,0.290649,0.218018,-6.958010,-12.390141,2.929688,stair_down
1769345224.0730078,-0.748657,0.317139,0.184570,-10.681152,-17.028809,5.310059,stair_down
1769345224.0927107,-0.809448,0.353027,0.168457,-14.038090,-24.108894,8.422852,stair_down
1769345224.1082735,-0.903076,0.390259,0.188721,-11.474613,-22.033691,10.437012,stair_down
1769345224.128532,-0.950317,0.375000,0.245483,-5.371094,-8.972168,12.573246,stair_down
1769345224.153049,-0.910400,0.349976,0.291992,0.854492,4.760742,13.671879,stair_down
1769345224.1698754,-0.850342,0.331177,0.300537,7.507326,15.075687,13.000492,stair_down
1769345224.1907365,-0.741333,0.335327,0.264038,14.282230,14.587406,7.385256,stair_down
1769345224.2075617,-0.849243,0.344238,0.293579,9.887695,-1.708985,2.807618,stair_down
1769345224.2314718,-1.160767,0.328979,0.379639,3.051759,-15.625004,0.549316,stair_down
1769345224.2545812,-1.419556,0.280884,0.444580,1.831055,-8.728027,-1.281738,stair_down
1769345224.273071,-1.371826,0.171265,0.484985,4.150391,4.028320,-0.976563,stair_down
1769345224.2935784,-1.214966,0.135742,0.523560,2.014160,0.671387,-3.723145,stair_down
1769345224.312047,-1.346802,0.199829,0.572021,6.591799,-8.117676,-11.108402,stair_down
1769345224.3313394,-1.407349,0.186157,0.496338,7.568361,-5.249023,-14.648441,stair_down
1769345224.3511107,-1.279175,0.183472,0.377319,10.925293,-1.403809,-16.540527,stair_down
1769345224.3709552,-1.165039,0.185913,0.348755,9.338379,-2.624512,-12.756351,stair_down
1769345224.3920126,-1.070435,0.281860,0.333496,6.591799,-9.826660,-16.601563,stair_down
1769345224.4144053,-1.069824,0.360229,0.283691,9.582520,-6.530764,-11.535648,stair_down
1769345224.4352355,-0.985962,0.375000,0.253662,12.634281,2.624512,-8.850098,stair_down
1769345224.4488003,-0.898682,0.294189,0.230347,15.258793,5.065918,-6.469728,stair_down
1769345224.4730294,-0.882935,0.226074,0.234985,15.808109,8.117676,-3.784181,stair_down
1769345224.5000162,-0.842529,0.167969,0.234497,14.587406,11.657719,-3.906251,stair_down
1769345224.5361874,-0.790283,0.149292,0.227417,18.371582,14.282230,-2.441406,stair_down
1769345224.538213,-0.746582,0.087891,0.238525,18.981934,12.512211,-2.746582,stair_down
1769345224.5520506,-0.766479,0.051758,0.228271,16.174316,11.352543,-1.831055,stair_down
1769345224.5702033,-0.738647,0.032471,0.213379,13.732914,5.615236,-8.239746,stair_down
1769345224.5918877,-0.733887,0.024414,0.208130,11.413578,-0.061035,-10.437012,stair_down
1769345224.60813,-0.740967,0.040039,0.201538,8.850098,-6.042482,-13.244633,stair_down
1769345224.6332285,-0.739014,0.070313,0.191772,7.080080,-12.756351,-15.197758,stair_down
1769345224.651171,-0.747681,0.115723,0.169922,5.310059,-21.484375,-16.235352,stair_down
1769345224.6677802,-0.783081,0.148804,0.163818,5.065918,-26.550301,-14.465336,stair_down
1769345224.6917412,-0.798706,0.196655,0.156860,4.455566,-28.198250,-12.512211,stair_down
1769345224.7121367,-0.827026,0.235840,0.177734,7.995607,-22.888191,-10.009766,stair_down
1769345224.733236,-0.843140,0.248535,0.185913,10.742188,-16.479492,-6.652834,stair_down
1769345224.7527893,-0.893921,0.251953,0.172485,13.427738,-8.911133,-1.892090,stair_down
1769345224.774322,-0.869507,0.227905,0.187378,18.554688,-2.990724,-3.417970,stair_down
1769345224.7924762,-0.843262,0.152954,0.213135,14.160160,-1.525879,1.098633,stair_down
1769345224.8125863,-0.854248,0.152588,0.229248,12.329105,-4.089355,4.150391,stair_down
1769345224.8306513,-0.857056,0.106812,0.249756,7.385256,-6.896975,5.371094,stair_down
1769345224.8498654,-0.833252,0.090210,0.234009,2.624512,-9.399414,5.798342,stair_down
1769345224.8732119,-0.824585,0.111572,0.221802,-0.305176,-11.596684,4.211426,stair_down
1769345224.893385,-0.805176,0.127441,0.228149,-6.286623,-22.949226,3.234864,stair_down
1769345224.912308,-0.963867,0.178711,0.289673,-16.723633,-31.005867,6.042482,stair_down
1769345224.930963,-1.204956,0.237915,0.412598,-19.531250,-28.076180,6.408693,stair_down
1769345224.9486482,-1.432129,0.233765,0.562744,-17.761230,-9.826660,6.713869,stair_down
1769345224.9677632,-1.325317,0.183228,0.599365,-8.972168,28.015144,7.385256,stair_down
1769345224.9928892,-1.017578,0.145264,0.539551,-2.136230,34.118652,-0.244141,stair_down
1769345225.0107918,-0.775391,0.146729,0.534546,-5.798342,15.686039,-8.605957,stair_down
1769345225.0361533,-0.790283,0.219238,0.580688,-15.136723,-6.408693,-8.483887,stair_down
1769345225.0552204,-1.025757,0.312988,0.600220,-25.634773,-20.507813,-10.437012,stair_down
1769345225.0762665,-1.244995,0.349731,0.611938,-26.367195,-18.249512,-5.432129,stair_down
1769345225.0967283,-1.334351,0.323486,0.602295,-26.062019,-0.549316,-2.868653,stair_down
1769345225.1154845,-1.004517,0.310059,0.506226,-25.939949,3.601075,3.173829,stair_down
1769345225.1357503,-0.947754,0.364746,0.397095,-24.475105,-6.225588,8.361816,stair_down
1769345225.1564562,-0.930176,0.408203,0.332520,-20.202637,-4.760742,12.084965,stair_down
1769345225.1745162,-0.911499,0.401245,0.295166,-15.441898,1.281738,15.563969,stair_down
1769345225.192952,-0.847412,0.358887,0.274414,-8.361816,10.925293,16.418457,stair_down
1769345225.2127755,-0.765137,0.284058,0.272949,-4.516602,15.502934,17.211914,stair_down
1769345225.2331946,-0.653809,0.247070,0.288818,0.122070,14.770512,15.563969,stair_down
1769345225.2533424,-0.635376,0.257690,0.302368,1.831055,8.728027,11.840824,stair_down
1769345225.273151,-0.651733,0.275391,0.325806,3.173829,5.737307,7.812502,stair_down
1769345225.2919133,-0.655518,0.279785,0.351929,5.554201,5.798342,3.173829,stair_down
1769345225.312111,-0.661133,0.262817,0.376709,5.920412,2.502441,-0.793457,stair_down
1769345225.3308792,-0.682495,0.245972,0.364990,4.516602,-3.662110,-7.751467,stair_down
1769345225.352282,-0.705200,0.239136,0.381958,2.990724,-11.108402,-15.869144,stair_down
1769345225.3717744,-0.804199,0.260986,0.363525,-0.671387,-12.390141,-15.808109,stair_down
1769345225.3865595,-0.842407,0.275635,0.333374,0.122070,-10.009766,-14.465336,stair_down
1769345225.4128032,-0.829712,0.259521,0.278442,1.281738,-5.004883,-10.070801,stair_down
1769345225.4302547,-0.748901,0.253906,0.230469,1.281738,-2.014160,-7.019045,stair_down
1769345225.448632,-0.704102,0.257080,0.217773,2.380371,-4.394531,-2.502441,stair_down
1769345225.471667,-0.701660,0.247314,0.202393,0.854492,-3.479005,4.028320,stair_down
1769345225.4895997,-0.707642,0.280884,0.177124,0.549316,-2.075195,10.681152,stair_down
1769345225.5124276,-0.724365,0.273560,0.209106,-0.427246,-2.990724,10.803223,stair_down
1769345225.5313036,-0.732910,0.266968,0.245361,0.000000,1.647950,10.314941,stair_down
1769345225.5516427,-0.683594,0.257568,0.285522,0.000000,0.854492,7.751467,stair_down
1769345225.573178,-0.694336,0.268311,0.332031,0.366211,-1.586915,5.310059,stair_down
1769345225.5867565,-0.727539,0.306641,0.348877,2.563477,0.061035,0.061035,stair_down
1769345225.611411,-0.774902,0.320923,0.352905,7.507326,-0.671387,-4.211426,stair_down
1769345225.6286347,-0.818970,0.331177,0.309204,13.183598,3.051759,-2.807618,stair_down
1769345225.6529052,-0.918335,0.311646,0.319214,7.751467,-5.371094,0.732422,stair_down
1769345225.668935,-1.196167,0.341919,0.353271,1.831055,-12.207035,6.225588,stair_down
1769345225.6917095,-1.364380,0.335083,0.414185,2.685547,-3.173829,6.408693,stair_down
1769345225.712541,-1.350708,0.255127,0.480957,7.751467,2.502441,7.751467,stair_down
1769345225.7332587,-1.285522,0.217041,0.591919,6.774904,4.821777,0.915528,stair_down
1769345225.7528982,-1.372681,0.246826,0.732544,6.835939,-5.981447,-5.004883,stair_down
1769345225.7733755,-1.601074,0.178467,0.701904,11.413578,-2.014160,-13.000492,stair_down
1769345225.7897038,-1.366333,0.175537,0.531860,15.258793,4.516602,-20.507813,stair_down
1769345225.809532,-1.061279,0.186768,0.438110,20.629883,-4.150391,-21.728516,stair_down
1769345225.8313625,-0.944092,0.252441,0.409790,21.484375,-18.798828,-22.460945,stair_down
1769345225.8507373,-0.859863,0.362793,0.365112,27.709969,-20.202637,-17.944336,stair_down
1769345225.872486,-0.787231,0.405518,0.277222,32.958984,-14.465336,-11.596684,stair_down
1769345225.893838,-0.713623,0.358154,0.171021,39.978027,1.098633,-3.784181,stair_down
1769345225.913522,-0.699219,0.267944,0.179810,34.973145,4.211426,1.098633,stair_down
1769345225.933056,-0.714478,0.238525,0.206909,27.099617,9.338379,4.089355,stair_down
1769345225.9480476,-0.682983,0.208984,0.271118,23.681648,9.216309,3.906251,stair_down
1769345225.9741864,-0.692505,0.145264,0.334106,16.662598,1.098633,0.305176,stair_down
1769345225.9932857,-0.772705,0.119751,0.352905,9.765625,-8.972168,-5.615236,stair_down
1769345226.0133011,-0.927368,0.116089,0.358887,3.417970,-15.563969,-14.343266,stair_down
1769345226.0312047,-1.057373,0.131104,0.354126,10.986328,-3.906251,-15.441898,stair_down
1769345226.0535295,-0.974731,0.126221,0.340820,16.601563,-1.831055,-17.517090,stair_down
1769345226.0718555,-0.895630,0.134155,0.288940,20.324707,-6.408693,-17.333984,stair_down
1769345226.0949974,-0.895142,0.166870,0.249390,20.263672,-17.700195,-19.226074,stair_down
1769345226.1129484,-0.952759,0.221436,0.228027,21.362305,-16.418457,-14.831547,stair_down
1769345226.1301053,-0.956665,0.269897,0.204102,23.071297,-10.253906,-11.718754,stair_down
1769345226.150756,-0.931030,0.295532,0.213989,23.254402,0.183106,-6.408693,stair_down
1769345226.1698718,-0.923462,0.296631,0.218140,22.766121,3.479005,-3.967286,stair_down
1769345226.1978216,-0.938965,0.283569,0.241821,21.484375,8.300781,-4.577637,stair_down
1769345226.2118924,-0.947388,0.252686,0.273560,20.996094,9.033203,-4.150391,stair_down
1769345226.2341747,-0.958740,0.236694,0.283813,21.911621,12.084965,-6.042482,stair_down
1769345226.2476761,-0.953003,0.224121,0.293701,23.681648,9.216309,-8.178711,stair_down
1769345226.2728574,-0.948364,0.231689,0.270386,23.620613,7.934572,-10.864258,stair_down
1769345226.2912433,-1.013550,0.290771,0.286499,18.859863,-1.281738,-10.986328,stair_down
1769345226.3083475,-1.131348,0.336304,0.346313,17.150879,-6.835939,-8.666992,stair_down
1769345226.331163,-1.135986,0.344971,0.373413,17.150879,-4.577637,-7.385256,stair_down
1769345226.3516183,-1.011353,0.331421,0.378662,17.333984,-8.239746,-10.925293,stair_down
1769345226.3715384,-0.951538,0.287842,0.389648,19.470215,-13.305668,-12.634281,stair_down
1769345226.3924303,-0.906494,0.254395,0.374634,21.362305,-9.582520,-13.122562,stair_down
1769345226.4127467,-0.777588,0.247437,0.316650,25.024422,-4.394531,-12.939457,stair_down
1769345226.432774,-0.617310,0.224487,0.246338,30.334480,-12.084965,-12.939457,stair_down
1769345226.4534547,-0.614502,0.197021,0.247559,31.066902,-18.371582,-15.991215,stair_down
1769345226.4726357,-0.654053,0.225220,0.317139,32.226563,-19.042969,-19.958496,stair_down
1769345226.4895623,-0.722412,0.262573,0.417358,36.621094,-12.878422,-25.451668,stair_down
1769345226.5133567,-0.813232,0.306152,0.510254,41.381836,-6.591799,-30.334480,stair_down
1769345226.5328681,-0.826416,0.311035,0.600708,46.386734,1.831055,-32.287598,stair_down
1769345226.5514524,-0.844238,0.318359,0.689331,48.461929,-16.113281,-36.743164,stair_down
1769345226.5711887,-0.911377,0.292114,0.673950,47.851578,-28.808601,-38.879395,stair_down
1769345226.5897171,-0.926880,0.297729,0.571777,47.119156,-35.522461,-37.780762,stair_down
1769345226.6131868,-0.905640,0.289307,0.459351,47.180191,-39.123535,-32.226563,stair_down
1769345226.6272886,-0.916626,0.300293,0.351929,46.997086,-36.926270,-25.268562,stair_down
1769345226.6530292,-0.903931,0.298706,0.295166,48.522964,-28.503426,-19.165039,stair_down
1769345226.6701386,-0.853394,0.280273,0.270020,50.170914,-20.141602,-15.136723,stair_down
1769345226.6934545,-0.820190,0.217529,0.300781,50.109879,-8.605957,-10.681152,stair_down
1769345226.7114635,-0.781006,0.236084,0.334961,48.339859,-2.258301,-9.277344,stair_down
1769345226.728483,-0.753784,0.247070,0.374512,48.217789,-0.732422,-8.239746,stair_down
1769345226.7528102,-0.757935,0.259155,0.419922,45.715347,-3.051759,-8.789063,stair_down
1769345226.7688947,-0.756348,0.276367,0.464111,44.128418,-4.211426,-9.033203,stair_down
1769345226.788503,-0.804321,0.270142,0.450562,40.588379,-8.300781,-11.657719,stair_down
1769345226.8118637,-0.808838,0.280029,0.403320,38.818359,-7.934572,-14.587406,stair_down
1769345226.8316524,-0.845703,0.291504,0.386963,35.583496,-7.995607,-14.892582,stair_down
1769345226.851558,-0.878906,0.299438,0.368286,33.142090,-5.187988,-13.122562,stair_down
1769345226.871533,-0.929199,0.300049,0.352539,30.883797,-0.610352,-10.559082,stair_down
1769345226.8931916,-0.947388,0.286255,0.344971,27.954109,2.319336,-6.042482,stair_down
1769345226.9122927,-0.968018,0.279419,0.313354,22.521980,3.723145,-1.098633,stair_down
1769345226.9278536,-0.978394,0.273682,0.308105,17.395020,3.662110,2.563477,stair_down
1769345226.9494114,-1.023315,0.304688,0.341064,12.573246,8.605957,7.507326,stair_down
1769345226.9686944,-1.027588,0.307495,0.370361,8.422852,8.728027,7.263186,stair_down
1769345226.9864604,-1.043579,0.329956,0.366699,0.854492,2.807618,2.990724,stair_down
1769345227.0100267,-1.058228,0.337158,0.364868,0.671387,-0.183106,3.906251,stair_down
1769345227.0326374,-1.055054,0.316528,0.386597,1.892090,0.488281,1.647950,stair_down
1769345227.0534115,-1.048828,0.305542,0.463257,9.826660,6.652834,3.601075,stair_down
1769345227.073008,-0.986694,0.263550,0.502686,28.503426,28.320320,3.417970,stair_down
1769345227.0884843,-0.691406,0.174805,0.407715,38.818359,33.935547,1.770020,stair_down
1769345227.1104553,-0.516235,0.097168,0.338379,40.710449,20.874023,5.371094,stair_down
1769345227.1282275,-0.590698,0.113281,0.298340,28.564461,6.774904,-2.014160,stair_down
1769345227.1532326,-0.706787,0.113525,0.296875,20.446777,0.854492,4.211426,stair_down
1769345227.1715856,-0.862549,0.128662,0.330811,10.498047,-12.634281,1.281738,stair_down
1769345227.1913066,-0.990234,0.106201,0.396729,1.098633,-14.831547,2.380371,stair_down
1769345227.2122786,-0.969116,0.178955,0.413696,-2.868653,-20.568848,0.671387,stair_down
1769345227.2327588,-0.915527,0.207031,0.414429,-1.159668,-25.024422,-6.042482,stair_down
1769345227.2514057,-0.826538,0.259155,0.398193,8.117676,-28.259285,-10.986328,stair_down
1769345227.2733898,-0.784912,0.334961,0.355835,14.465336,-32.043457,-12.573246,stair_down
1769345227.2878568,-0.858643,0.386230,0.263062,24.719246,-31.188972,-14.465336,stair_down
1769345227.3123767,-0.798096,0.441040,0.196533,27.893074,-20.324707,-15.502934,stair_down
1769345227.3295078,-0.852051,0.445068,0.168823,33.752441,-18.493652,-18.676758,stair_down
1769345227.353332,-0.872314,0.393921,0.188110,42.785645,-7.202150,-16.052246,stair_down
1769345227.376353,-0.888184,0.332031,0.236694,44.555679,-3.845216,-18.676758,stair_down
1769345227.3927734,-0.906494,0.283447,0.291382,48.522964,-1.708985,-19.714355,stair_down
1769345227.4135842,-0.907227,0.234741,0.317383,49.560562,1.281738,-23.071297,stair_down
1769345227.4321754,-0.901489,0.209106,0.311401,50.842300,-3.356935,-22.583015,stair_down
1769345227.453284,-0.896851,0.226685,0.289673,48.950211,-3.845216,-25.817879,stair_down
1769345227.4754803,-0.919800,0.259155,0.258301,50.781265,-4.028320,-25.573738,stair_down
1769345227.4887986,-0.870728,0.278564,0.248413,50.231949,-5.004883,-22.888191,stair_down
1769345227.5111883,-0.877441,0.316650,0.227051,48.217789,-8.117676,-20.446777,stair_down
1769345227.5364852,-0.939087,0.339233,0.241333,46.325699,-7.507326,-18.615723,stair_down
1769345227.559423,-0.995117,0.332031,0.294922,48.339859,-6.103518,-14.038090,stair_down
1769345227.5854483,-1.039917,0.295898,0.317017,48.828140,3.356935,-16.540527,stair_down
1769345227.5984788,-0.955078,0.224854,0.294800,51.086441,10.253906,-13.793949,stair_down
1769345227.6078825,-0.909058,0.251831,0.244019,42.236328,-1.220703,-15.258793,stair_down
1769345227.6320229,-1.072754,0.322754,0.309937,34.362793,-18.371582,-14.282230,stair_down
1769345227.6522763,-1.291748,0.388062,0.375732,33.447266,-17.883301,-13.916019,stair_down
1769345227.670183,-1.251587,0.365967,0.390259,38.330078,-2.014160,-13.549809,stair_down
1769345227.6961408,-1.100098,0.307983,0.418213,42.114258,4.211426,-14.831547,stair_down
1769345227.706492,-1.014160,0.260010,0.415405,47.973648,5.371094,-15.930180,stair_down
1769345227.730977,-0.747437,0.218262,0.312988,50.781265,1.342773,-21.972656,stair_down
1769345227.7534301,-0.623169,0.236938,0.245728,50.354019,-8.789063,-21.118164,stair_down
1769345227.77323,-0.592163,0.260986,0.233765,51.330582,-18.554688,-26.123055,stair_down
1769345227.7920074,-0.621704,0.285889,0.293091,53.771988,-18.432617,-27.038582,stair_down
1769345227.808584,-0.689575,0.289307,0.370117,54.138199,-13.183598,-33.874512,stair_down
1769345227.832583,-0.751587,0.287964,0.427002,53.649918,-5.310059,-37.902832,stair_down
1769345227.8507748,-0.807007,0.270508,0.495972,53.894058,-1.220703,-37.902832,stair_down
1769345227.8666327,-0.932861,0.204834,0.637207,50.842300,-3.295899,-34.912109,stair_down
1769345227.8948252,-0.821411,0.196411,0.589355,48.095718,-7.751467,-37.048340,stair_down
1769345227.913015,-0.668457,0.196411,0.521851,43.090820,-29.357918,-39.306641,stair_down
1769345227.938003,-0.758301,0.219727,0.459961,39.855957,-47.668472,-35.278320,stair_down
1769345227.95422,-0.860962,0.240479,0.391602,39.062500,-47.851578,-32.531738,stair_down
1769345227.9742956,-0.880859,0.247314,0.302124,36.193848,-38.269043,-25.024422,stair_down
1769345227.989089,-0.885864,0.275024,0.222534,35.400391,-31.250008,-19.042969,stair_down
1769345228.0128765,-0.869263,0.277344,0.187378,33.386230,-21.118164,-10.498047,stair_down
1769345228.0311167,-0.901733,0.302246,0.220947,32.897949,-15.625004,-6.042482,stair_down
1769345228.0534844,-0.903198,0.318481,0.266357,33.447266,-9.338379,-2.929688,stair_down
1769345228.073026,-0.956299,0.351318,0.314941,35.583496,-1.159668,-2.319336,stair_down
1769345228.094178,-0.956299,0.357178,0.378296,40.039063,11.718754,-1.159668,stair_down
1769345228.1132905,-0.872803,0.348389,0.406738,44.677750,14.160160,-1.892090,stair_down
1769345228.133471,-0.910767,0.323364,0.363403,48.217789,10.437012,-6.286623,stair_down
1769345228.1517265,-0.895264,0.348633,0.311890,52.551285,14.648441,-7.629396,stair_down
1769345228.1773853,-0.936401,0.315063,0.297974,51.269547,15.991215,-3.723145,stair_down
1769345228.1934807,-0.908081,0.318970,0.263062,49.316422,16.418457,-1.403809,stair_down
1769345228.2106066,-0.900146,0.275757,0.254150,44.433609,10.803223,-0.732422,stair_down
1769345228.2336054,-0.886963,0.278442,0.245239,36.865234,5.187988,-0.061035,stair_down
1769345228.253965,-0.913940,0.275635,0.288574,30.700691,0.122070,-0.183106,stair_down
1769345228.272715,-1.033447,0.279297,0.386963,17.150879,-9.826660,-2.441406,stair_down
1769345228.2932942,-1.084351,0.270874,0.385620,10.681152,-12.695316,-5.371094,stair_down
1769345228.3133683,-1.112915,0.259155,0.369751,8.483887,-12.268070,-4.455566,stair_down
1769345228.3354073,-1.107178,0.248535,0.409180,13.977055,-7.202150,-2.319336,stair_down
1769345228.3516738,-1.031616,0.220947,0.434326,23.742683,3.173829,-1.586915,stair_down
1769345228.372395,-0.822510,0.177124,0.384033,33.691406,16.296387,-0.793457,stair_down
1769345228.3909092,-0.566162,0.114624,0.291260,38.513184,-1.464844,1.037598,stair_down
1769345228.4132729,-0.751343,0.113037,0.280151,30.090340,-12.084965,1.831055,stair_down
1769345228.4320946,-0.908936,0.124634,0.280151,25.695808,-9.765625,3.051759,stair_down
1769345228.450502,-0.967285,0.107178,0.329224,17.333984,-6.286623,4.577637,stair_down
1769345228.4686253,-0.965820,0.110229,0.371094,10.009766,-4.821777,4.760742,stair_down
1769345228.4933584,-0.911377,0.102417,0.401489,4.699707,-13.244633,1.220703,stair_down
1769345228.510157,-0.890381,0.132935,0.415039,4.455566,-18.798828,-0.671387,stair_down
1769345228.5321908,-0.780273,0.189819,0.345337,7.751467,-26.367195,-5.187988,stair_down
1769345228.5525835,-0.778809,0.245117,0.263916,7.629396,-34.118652,-8.789063,stair_down
1769345228.5716496,-0.816528,0.281860,0.197510,8.972168,-36.132813,-11.352543,stair_down
1769345228.5927804,-0.866577,0.316650,0.154541,11.840824,-35.461426,-9.155273,stair_down
1769345228.6105306,-0.876587,0.361084,0.140015,14.770512,-30.029305,-8.972168,stair_down
1769345228.6320279,-0.910400,0.377563,0.159424,21.301270,-21.545410,-5.004883,stair_down
1769345228.648597,-0.913574,0.367798,0.189087,27.282722,-10.009766,-5.493164,stair_down
1769345228.6708348,-0.927368,0.302124,0.243286,32.836914,-3.417970,-10.986328,stair_down
1769345228.6932895,-0.960449,0.274536,0.252930,34.118652,1.831055,-9.826660,stair_down
1769345228.7142437,-0.959839,0.267090,0.255249,37.902832,4.455566,-7.507326,stair_down
1769345228.7366045,-0.954590,0.253418,0.236816,36.987305,4.760742,-7.690432,stair_down
1769345228.7525866,-0.932861,0.256348,0.214478,37.353516,4.028320,-6.103518,stair_down
1769345228.7727907,-0.916626,0.274536,0.187378,37.963867,2.624512,-2.380371,stair_down
1769345228.7920504,-0.918091,0.295898,0.201538,33.569336,0.671387,-2.868653,stair_down
1769345228.8112655,-0.938599,0.315552,0.238892,32.226563,-4.638672,-7.202150,stair_down
1769345228.8356693,-0.986084,0.290771,0.274414,32.714844,-5.371094,-9.582520,stair_down
1769345228.8532796,-0.987793,0.246948,0.262939,32.592773,-0.915528,-10.498047,stair_down
1769345228.8704035,-0.948853,0.220337,0.216675,30.944832,0.000000,-10.742188,stair_down
1769345228.8917625,-0.923950,0.239258,0.143677,29.663094,-2.563477,-10.864258,stair_down
1769345228.9296799,-0.967041,0.316162,0.148071,24.108894,-11.230473,-11.535648,stair_down
1769345228.9333808,-1.239014,0.380981,0.292847,21.240234,-25.634773,-15.991215,stair_down
1769345228.9541762,-1.237305,0.348999,0.348999,22.399910,-17.150879,-19.958496,stair_down
1769345228.975758,-1.145264,0.334351,0.436157,29.113777,-9.765625,-21.789551,stair_down
1769345228.9927826,-1.097412,0.241211,0.517822,40.771484,0.244141,-25.878914,stair_down
1769345229.0111053,-0.833130,0.174072,0.414307,43.640137,9.338379,-26.733406,stair_down
1769345229.0317476,-0.529541,0.190918,0.292725,43.273926,-2.563477,-27.099617,stair_down
1769345229.055451,-0.561768,0.271240,0.328369,37.353516,-27.771004,-31.066902,stair_down
1769345229.0732052,-0.710571,0.328735,0.387695,38.024902,-22.033691,-30.822762,stair_down
1769345229.0923195,-0.843750,0.318237,0.438232,39.978027,-8.972168,-32.409668,stair_down
1769345229.1130443,-0.870239,0.280762,0.515747,40.100098,0.061035,-32.897949,stair_down
1769345229.130858,-0.940308,0.217651,0.612671,39.611816,2.197266,-27.221687,stair_down
1769345229.1487277,-0.835693,0.188354,0.603149,36.254883,-1.159668,-25.512703,stair_down
1769345229.170778,-0.708008,0.196533,0.537354,33.813477,-18.615723,-23.925789,stair_down
1769345229.1929064,-0.774048,0.242188,0.461670,28.808601,-38.879395,-20.629883,stair_down
1769345229.2115304,-0.847290,0.263428,0.372681,30.090340,-36.376953,-14.282230,stair_down
1769345229.229915,-0.856689,0.257080,0.270508,29.785164,-29.846199,-10.803223,stair_down
1769345229.253632,-0.860474,0.232666,0.203125,28.503426,-19.531250,-7.080080,stair_down
1769345229.2749662,-0.828125,0.219849,0.186157,24.536140,-13.244633,-2.319336,stair_down
1769345229.2935224,-0.821045,0.236816,0.199585,22.888191,-13.061527,4.272461,stair_down
1769345229.3161936,-0.871704,0.255493,0.244385,20.568848,-7.690432,5.493164,stair_down
1769345229.3365788,-0.895752,0.278931,0.350830,19.592285,1.586915,0.610352,stair_down
1769345229.3532522,-0.952637,0.273804,0.375244,21.789551,2.441406,4.272461,stair_down
1769345229.3708794,-0.897461,0.297119,0.396240,23.681648,6.408693,-2.685547,stair_down
1769345229.392928,-0.859619,0.277100,0.387817,23.559578,-2.014160,-8.483887,stair_down
1769345229.4089339,-0.900757,0.286011,0.328247,21.301270,-4.028320,-13.854984,stair_down
1769345229.432711,-0.909668,0.308716,0.278931,20.874023,4.882813,-14.099125,stair_down
1769345229.4535441,-0.913208,0.336548,0.279785,20.324707,9.887695,-6.896975,stair_down
1769345229.4690628,-0.924438,0.354614,0.269409,19.409180,6.042482,-5.065918,stair_down
1769345229.492175,-0.923950,0.350708,0.255737,18.981934,1.892090,-3.601075,stair_down
1769345229.5110242,-0.976318,0.351318,0.282959,19.165039,1.708985,-2.685547,stair_down
1769345229.5304818,-1.019043,0.354126,0.353271,18.981934,3.295899,-4.028320,stair_down
1769345229.5533335,-1.090454,0.314453,0.432251,18.554688,-2.502441,-4.577637,stair_down
1769345229.5713098,-1.132446,0.266724,0.445923,15.136723,0.610352,-3.356935,stair_down
1769345229.5922775,-0.990723,0.199585,0.417358,12.512211,-5.554201,-4.882813,stair_down
1769345229.6127949,-0.993408,0.157227,0.445679,15.319828,-2.868653,-2.380371,stair_down
1769345229.632105,-0.884888,0.123413,0.437256,20.507813,5.615236,1.953125,stair_down
1769345229.6470456,-0.738647,0.101074,0.390137,26.245125,7.629396,2.441406,stair_down
1769345229.6689122,-0.667847,0.058594,0.367920,19.165039,1.953125,0.183106,stair_down
1769345229.6904123,-0.759033,0.072388,0.328491,15.808109,-5.554201,4.699707,stair_down
1769345229.7307835,-0.896606,0.086548,0.348999,3.112794,-10.070801,7.080080,stair_down
1769345229.7307835,-0.896973,0.118652,0.370728,-3.540040,-13.061527,6.958010,stair_down
1769345229.746492,-0.903076,0.138794,0.382813,-5.493164,-18.737793,7.629396,stair_down
1769345229.7754347,-0.875610,0.178711,0.386597,-4.089355,-23.010262,4.882813,stair_down
1769345229.7917924,-0.850464,0.215454,0.377808,1.281738,-23.437508,0.427246,stair_down
1769345229.8125904,-0.843994,0.248413,0.349121,7.324221,-22.094727,-1.403809,stair_down
1769345229.8309667,-0.875854,0.293213,0.272827,13.183598,-18.432617,-6.896975,stair_down
1769345229.8507369,-0.876465,0.263550,0.191284,18.920898,-7.202150,-4.516602,stair_down
1769345229.87076,-0.838745,0.292847,0.166626,18.859863,-5.187988,-3.967286,stair_down
1769345229.8918674,-0.846191,0.292603,0.175537,21.484375,-8.850098,-4.272461,stair_down
1769345229.9114377,-0.913574,0.267944,0.219360,23.376472,-7.202150,-0.488281,stair_down
1769345229.9339387,-0.945557,0.248657,0.255005,23.193367,-0.244141,-5.065918,stair_down
1769345229.9531717,-0.908325,0.204346,0.276123,25.878914,1.770020,-5.859377,stair_down
1769345229.9724388,-0.895020,0.192261,0.280396,24.719246,-2.441406,-5.371094,stair_down
1769345229.992066,-0.897705,0.195923,0.248291,24.353035,-6.042482,-5.554201,stair_down
1769345230.0108724,-0.883667,0.224609,0.233887,23.864754,-8.972168,-6.591799,stair_down
1769345230.0655935,-0.890503,0.255737,0.213867,23.498543,-7.934572,-6.591799,stair_down
1769345230.0797215,-0.855835,0.294678,0.194458,24.536140,-7.202150,-6.958010,stair_down
1769345230.0797215,-0.888672,0.330566,0.222290,25.878914,-10.681152,-9.460449,stair_down
1769345230.0916545,-0.961182,0.330444,0.277344,28.625496,-8.483887,-11.108402,stair_down
1769345230.1088128,-1.000122,0.291016,0.317383,34.179688,-2.624512,-15.563969,stair_down
1769345230.1414766,-0.969116,0.247192,0.291626,38.024902,4.638672,-15.502934,stair_down
1769345230.156412,-0.894775,0.232666,0.232300,35.705566,5.798342,-15.808109,stair_down
1769345230.1701405,-0.928589,0.276611,0.225708,28.991707,-9.216309,-15.441898,stair_down
1769345230.19204,-1.160767,0.300171,0.300293,25.756844,-20.019531,-13.610844,stair_down
1769345230.2082095,-1.259644,0.286499,0.399902,21.362305,-14.099125,-9.948730,stair_down
1769345230.2315018,-1.201904,0.245483,0.498779,22.949226,-6.225588,-12.756351,stair_down
1769345230.2531486,-1.019531,0.153198,0.596558,25.146492,-0.976563,-17.150879,stair_down
1769345230.2728837,-0.841431,0.143555,0.529663,27.099617,-1.525879,-21.728516,stair_down
1769345230.2933204,-0.698242,0.132690,0.444214,27.221687,-9.033203,-22.949226,stair_down
1769345230.310773,-0.627075,0.179199,0.368896,21.972656,-24.414070,-26.123055,stair_down
1769345230.3319473,-0.651123,0.254395,0.351074,22.949226,-30.334480,-26.184090,stair_down
1769345230.3508747,-0.707886,0.274658,0.394165,25.451668,-23.498543,-28.503426,stair_down
1769345230.386459,-0.748291,0.281860,0.473755,29.357918,-8.483887,-28.137215,stair_down
1769345230.6935656,-0.795654,0.245850,0.563599,33.020020,-1.342773,-25.939949,stair_down
1769345230.6935656,-0.804199,0.216431,0.581055,31.616219,-7.507326,-22.460945,stair_down
1769345230.6954672,-0.774536,0.194092,0.542480,28.442390,-18.493652,-19.287109,stair_down
1769345230.6954672,-0.778076,0.205444,0.492432,23.681648,-30.883797,-16.235352,stair_down
1769345230.6954672,-0.838013,0.239136,0.441406,22.888191,-33.386230,-13.427738,stair_down
1769345230.6954672,-0.909790,0.232788,0.351318,22.033691,-22.338875,-6.469728,stair_down
1769345230.6964781,-0.895386,0.220337,0.319214,19.775391,-12.084965,-2.807618,stair_down
1769345230.6964781,-0.864136,0.224243,0.312622,15.869144,-2.746582,0.366211,stair_down
1769345230.6964781,-0.814453,0.230835,0.369629,14.404301,-3.356935,-0.488281,stair_down
1769345230.6964781,-0.826172,0.242065,0.368774,12.451176,-2.197266,-2.563477,stair_down
1769345230.6964781,-0.822021,0.198242,0.423828,9.765625,0.244141,-1.708985,stair_down
1769345230.6985157,-0.825195,0.237793,0.433472,13.610844,-1.464844,-5.493164,stair_down
1769345230.710305,-0.840454,0.201538,0.427246,12.573246,-1.586915,-7.629396,stair_down
1769345230.710305,-0.822632,0.217773,0.386841,13.244633,2.075195,-8.300781,stair_down
1769345230.710305,-0.777954,0.208130,0.348633,13.793949,2.990724,-7.263186,stair_down
1769345230.7166214,-0.761230,0.211548,0.307373,11.535648,3.173829,-4.089355,stair_down
1769345230.786386,-0.749390,0.221313,0.265625,8.972168,5.249023,0.061035,stair_down
1769345230.786386,-0.740356,0.228027,0.228516,6.225588,7.568361,4.028320,stair_down
1769345230.786386,-0.727539,0.213623,0.224487,1.464844,8.483887,9.399414,stair_down
1769345230.7911327,-0.725952,0.220093,0.239136,-3.356935,9.338379,11.474613,stair_down
1769345230.8120446,-0.737671,0.242188,0.262573,-4.882813,9.765625,12.084965,stair_down
1769345230.8324869,-0.761475,0.249390,0.297363,-6.530764,11.962894,10.559082,stair_down
1769345230.903401,-0.746338,0.260864,0.306519,-5.615236,11.901859,8.605957,stair_down
1769345230.906443,-0.728516,0.247559,0.302368,-5.432129,10.437012,5.981447,stair_down
1769345230.9167497,-0.716187,0.248657,0.279053,-5.859377,7.568361,3.356935,stair_down
1769345230.9167497,-0.754639,0.270630,0.229858,-7.446291,5.249023,3.784181,stair_down
1769345230.9330697,-0.784424,0.308105,0.217285,-7.629396,4.516602,5.737307,stair_down
1769345230.95431,-0.820190,0.334229,0.229858,-5.737307,4.211426,7.690432,stair_down
1769345231.0035899,-0.845947,0.341309,0.257813,-4.455566,4.577637,8.972168,stair_down
1769345231.0055954,-0.915405,0.339722,0.324219,-5.676271,-0.854492,10.009766,stair_down
1769345231.0087,-1.140381,0.326904,0.432007,-8.911133,-4.211426,13.244633,stair_down
1769345231.0326226,-1.340942,0.267334,0.522705,-8.972168,9.399414,11.108402,stair_down
1769345231.0523167,-1.171875,0.221802,0.547363,-6.835939,4.211426,7.019045,stair_down
1769345231.07224,-1.216309,0.231323,0.642944,-3.173829,-7.995607,0.671387,stair_down
1769345231.0914934,-1.327515,0.194458,0.679565,4.516602,-7.812502,-5.798342,stair_down
1769345231.1365194,-1.213501,0.157959,0.562256,4.516602,-7.202150,-7.995607,stair_down
1769345231.1365194,-1.085815,0.217163,0.437134,7.690432,-14.099125,-10.314941,stair_down
1769345231.1652474,-1.129517,0.232788,0.396973,9.521484,-19.165039,-12.939457,stair_down
1769345231.1699765,-1.128784,0.332397,0.350952,11.474613,-11.840824,-8.422852,stair_down
1769345231.1913576,-1.049927,0.365112,0.273682,13.671879,-0.366211,-2.075195,stair_down
1769345231.2123191,-0.921875,0.355469,0.218628,13.671879,5.065918,2.258301,stair_down
1769345231.2327535,-0.834839,0.336182,0.187012,13.488773,8.117676,5.737307,stair_down
1769345231.2529726,-0.801758,0.296631,0.197998,13.854984,9.887695,8.056641,stair_down
1769345231.2729359,-0.771851,0.259766,0.190430,15.563969,15.380863,8.972168,stair_down
1769345231.2928686,-0.697632,0.173706,0.183716,16.052246,16.784668,7.080080,stair_down
1769345231.3198788,-0.693604,0.118896,0.183838,14.770512,13.000492,3.662110,stair_down
1769345231.3333251,-0.697876,0.076416,0.201660,12.146000,8.483887,1.037598,stair_down
1769345231.3565006,-0.727295,0.065796,0.232910,9.887695,2.807618,-3.479005,stair_down
1769345231.3719232,-0.762451,0.047485,0.259033,7.934572,-1.586915,-9.277344,stair_down
1769345231.4362743,-0.743164,0.051147,0.240601,7.385256,0.122070,-13.183598,stair_down
1769345231.4362743,-0.666382,0.078125,0.214722,8.361816,-2.075195,-15.991215,stair_down
1769345231.4666877,-0.662598,0.129883,0.193359,11.047363,-13.610844,-19.592285,stair_down
1769345231.4666877,-0.752441,0.153198,0.201172,6.408693,-13.977055,-17.639160,stair_down
1769345231.4720087,-0.827271,0.214600,0.184448,2.319336,-16.235352,-16.418457,stair_down
1769345231.4920948,-0.901367,0.236084,0.184814,1.708985,-13.244633,-13.977055,stair_down
1769345231.5118916,-0.910400,0.237671,0.168457,-1.098633,-8.239746,-5.737307,stair_down
1769345231.5332632,-0.944580,0.271729,0.176025,-0.305176,-8.361816,-2.624512,stair_down
1769345231.5715876,-0.984619,0.268799,0.209717,5.126953,2.502441,4.516602,stair_down
1769345231.6035721,-0.950317,0.258057,0.207520,9.948730,9.399414,7.263186,stair_down
1769345231.6061897,-0.898438,0.219849,0.198853,12.329105,14.526371,8.972168,stair_down
1769345231.613535,-0.867188,0.196533,0.186646,12.084965,14.160160,8.544922,stair_down
1769345231.627381,-0.874268,0.189697,0.203979,5.493164,9.277344,10.559082,stair_down
1769345231.6687472,-1.002686,0.209229,0.291260,-4.028320,-5.676271,9.704590,stair_down
1769345231.6785536,-1.290405,0.220337,0.442017,-13.549809,-12.390141,9.582520,stair_down
1769345231.6917734,-1.590698,0.202271,0.596191,-11.169437,24.475105,8.850098,stair_down
1769345231.709887,-1.268188,0.133789,0.549683,-4.394531,45.288101,5.126953,stair_down
1769345231.7330716,-0.913574,0.068970,0.540283,-8.911133,21.789551,-5.310059,stair_down
1769345231.9173915,-1.287598,0.269287,0.676025,-21.362305,-18.798828,-12.451176,stair_down
1769345231.9233468,-1.256470,0.310913,0.619141,-12.268070,2.441406,-11.535648,stair_down
1769345231.9233468,-1.022095,0.290039,0.493042,-6.286623,13.916019,-13.183598,stair_down
1769345231.9233468,-0.740234,0.287354,0.299072,-10.131836,2.868653,-9.399414,stair_down
1769345231.9233468,-0.812988,0.389648,0.178711,-14.343266,-19.714355,-2.197266,stair_down
1769345231.9233468,-0.920410,0.413208,0.157227,-16.235352,-6.042482,6.958010,stair_down
1769345231.9233468,-0.886108,0.415771,0.225830,-14.099125,5.615236,20.263672,stair_down
1769345231.9233468,-0.885620,0.387207,0.282837,-3.112794,11.840824,22.216805,stair_down
1769345231.9332764,-0.784668,0.289917,0.320801,4.577637,19.104004,26.123055,stair_down
1769345231.9536822,-0.701904,0.239136,0.308838,5.859377,15.930180,26.428230,stair_down
1769345231.9685106,-0.675293,0.240234,0.308716,6.591799,11.657719,27.038582,stair_down
1769345231.993028,-0.676270,0.257324,0.330566,4.028320,8.361816,26.489265,stair_down
1769345232.0099761,-0.747803,0.283691,0.337402,2.136230,5.249023,21.301270,stair_down
1769345232.0325308,-0.749023,0.273071,0.351563,0.000000,3.723145,14.709476,stair_down
1769345232.0510533,-0.744385,0.276489,0.348877,-3.417970,-4.577637,4.150391,stair_down
1769345232.0708795,-0.799438,0.271729,0.334961,-6.469728,-14.221195,-3.295899,stair_down
1769345232.0864744,-0.887329,0.297852,0.314575,-6.103518,-13.671879,-7.446291,stair_down
1769345232.1104693,-0.919678,0.317017,0.300903,-5.371094,-10.925293,-6.042482,stair_down
1769345232.1322258,-0.943970,0.349609,0.264038,-3.784181,-9.887695,-2.441406,stair_down
1769345232.1519294,-0.981079,0.380005,0.223877,-1.220703,-6.958010,0.671387,stair_down
1769345232.1712942,-0.984253,0.392822,0.197754,1.708985,-2.502441,2.563477,stair_down
1769345232.1905386,-0.927490,0.396362,0.207886,4.150391,4.760742,10.131836,stair_down
1769345232.2119877,-0.826782,0.361450,0.240845,6.713869,8.666992,13.366703,stair_down
1769345232.230588,-0.801758,0.348755,0.261719,6.713869,4.699707,9.460449,stair_down
1769345232.2486095,-0.755981,0.332031,0.271606,8.300781,9.460449,8.605957,stair_down
1769345232.2718694,-0.662109,0.310059,0.275391,8.728027,7.141115,3.051759,stair_down
1769345232.2929587,-0.627197,0.306396,0.275635,7.690432,6.103518,-1.159668,stair_down
1769345232.3112652,-0.605713,0.312744,0.260742,7.202150,1.586915,-6.591799,stair_down
1769345232.3348281,-0.633667,0.318848,0.225098,5.310059,-6.408693,-10.437012,stair_down
1769345232.350652,-0.673218,0.327759,0.160156,2.075195,-11.352543,-10.742188,stair_down
1769345232.3693986,-0.690430,0.334717,0.139648,-2.197266,-15.808109,-8.911133,stair_down
1769345232.3932571,-0.771118,0.355835,0.153809,-2.990724,-21.667480,-6.347658,stair_down
1769345232.412927,-0.789185,0.343384,0.155762,-1.159668,-19.836426,-1.831055,stair_down
1769345232.433693,-0.819214,0.353271,0.169189,0.854492,-13.549809,2.746582,stair_down
1769345232.446252,-0.843872,0.356079,0.195679,6.286623,-4.943848,5.432129,stair_down
1769345232.4733377,-0.849365,0.346436,0.210571,8.483887,4.089355,6.103518,stair_down
1769345232.4941897,-0.831055,0.345703,0.267700,8.056641,-3.173829,1.281738,stair_down
1769345232.512977,-0.959839,0.322998,0.343506,0.427246,-15.258793,-1.220703,stair_down
1769345232.5305824,-1.170288,0.315063,0.414795,-2.563477,-19.104004,-4.638672,stair_down
1769345232.5530329,-1.266113,0.277954,0.471924,-0.427246,-8.422852,-9.033203,stair_down
1769345232.5727575,-1.108154,0.256104,0.508911,3.906251,-3.723145,-11.962894,stair_down
1769345232.5949743,-1.030640,0.249756,0.540405,10.314941,-11.840824,-16.540527,stair_down
1769345232.6149113,-1.157837,0.206299,0.536743,12.207035,-19.958496,-25.268562,stair_down
1769345232.6346967,-1.178345,0.233032,0.446655,16.845703,-13.488773,-20.324707,stair_down
1769345232.6514857,-1.118530,0.217041,0.389771,14.404301,-12.451176,-20.202637,stair_down
1769345232.669098,-1.089478,0.236816,0.379395,10.009766,-13.488773,-19.042969,stair_down
1769345232.6930878,-1.069824,0.288208,0.401733,10.620117,-10.070801,-15.136723,stair_down
1769345232.7118702,-1.083740,0.306030,0.401001,10.253906,-7.751467,-11.169437,stair_down
1769345232.7315059,-1.125000,0.319580,0.352661,12.207035,0.244141,-4.089355,stair_down
1769345232.752717,-1.021118,0.275635,0.303955,7.629396,14.770512,-3.784181,stair_down
1769345232.7739613,-0.921143,0.239502,0.266113,7.934572,14.160160,3.845216,stair_down
1769345232.790849,-0.853638,0.213745,0.235474,3.784181,8.483887,3.356935,stair_down
1769345232.8101637,-0.810791,0.213135,0.213379,3.784181,5.371094,4.943848,stair_down
1769345232.8332021,-0.755981,0.184814,0.199219,1.403809,0.671387,1.159668,stair_down
1769345232.850614,-0.751343,0.160522,0.198486,-0.183106,-2.563477,-2.136230,stair_down
1769345232.8724625,-0.773804,0.138916,0.217773,-2.685547,-2.258301,-4.882813,stair_down
1769345232.8914826,-0.808350,0.138428,0.236816,-4.455566,-2.136230,-8.544922,stair_down
1769345232.9135263,-0.827026,0.146484,0.243530,-3.784181,-1.892090,-10.864258,stair_down
1769345232.9330535,-0.833618,0.148193,0.231445,-3.173829,-1.098633,-12.084965,stair_down
1769345232.946128,-0.800537,0.169556,0.208374,-3.234864,-1.342773,-12.939457,stair_down
1769345232.9733129,-0.787598,0.196045,0.187866,-2.929688,-5.187988,-9.216309,stair_down
1769345232.991973,-0.799316,0.235474,0.163818,-2.258301,-8.483887,-8.850098,stair_down
1769345233.0112271,-0.822021,0.241333,0.162964,1.098633,-4.516602,-2.197266,stair_down
1769345233.0302813,-0.831543,0.257690,0.156616,0.732422,2.197266,1.586915,stair_down
1769345233.0538638,-0.816772,0.258667,0.164185,2.868653,5.859377,3.356935,stair_down
1769345233.0763078,-0.804199,0.240112,0.180542,3.356935,7.812502,7.629396,stair_down
1769345233.0906475,-0.804077,0.226929,0.203369,1.525879,8.728027,9.155273,stair_down
1769345233.1164403,-0.789917,0.201294,0.209595,1.525879,9.643555,10.009766,stair_down
1769345233.1332538,-0.764160,0.175781,0.204102,-0.061035,9.887695,10.009766,stair_down
1769345233.1495647,-0.791382,0.185059,0.195435,-2.868653,10.192871,12.756351,stair_down
1769345233.1690526,-0.828613,0.214478,0.194946,-5.126953,10.864258,11.474613,stair_down
1769345233.1945171,-0.844971,0.223755,0.228760,-15.197758,3.784181,10.192871,stair_down
1769345233.2116272,-1.062378,0.267456,0.340332,-27.282722,-11.169437,11.291508,stair_down
1769345233.2278001,-1.445679,0.292847,0.530640,-30.517586,-11.596684,10.192871,stair_down
1769345233.2532086,-1.587524,0.260864,0.621826,-26.489265,15.258793,9.765625,stair_down
1769345233.27314,-1.092529,0.159058,0.573608,-13.916019,34.423828,5.676271,stair_down
1769345233.2864332,-0.764160,0.155396,0.508911,-16.479492,13.549809,-1.586915,stair_down
1769345233.3166275,-0.828247,0.286255,0.481567,-26.062019,-19.653320,-7.141115,stair_down
1769345233.3320444,-1.112915,0.412598,0.504883,-29.846199,-28.381355,-7.446291,stair_down
1769345233.3550758,-1.294189,0.464600,0.510620,-24.658211,-10.925293,-2.868653,stair_down
1769345233.376006,-1.148438,0.428467,0.473267,-15.441898,14.831547,0.061035,stair_down
1769345233.3928154,-0.907715,0.336548,0.422974,-14.831547,20.874023,-2.319336,stair_down
1769345233.4122798,-0.804321,0.385986,0.272583,-18.615723,-1.708985,2.990724,stair_down
1769345233.4339633,-0.927856,0.457275,0.235840,-15.563969,-5.065918,8.605957,stair_down
1769345233.452163,-0.890503,0.456543,0.245361,-10.742188,4.333496,10.314941,stair_down
1769345233.476004,-0.867920,0.380249,0.253296,-7.080080,5.371094,9.887695,stair_down
1769345233.4953434,-0.810791,0.306030,0.268555,-3.112794,11.596684,10.925293,stair_down
1769345233.509392,-0.701294,0.266846,0.287598,-1.708985,13.305668,8.422852,stair_down
1769345233.5313404,-0.605835,0.273560,0.304443,1.403809,1.647950,4.150391,stair_down
1769345233.5517275,-0.605347,0.300049,0.304443,3.906251,-1.464844,-1.953125,stair_down
1769345233.5718026,-0.608154,0.299072,0.303467,6.652834,-4.516602,-5.615236,stair_down
1769345233.592948,-0.642212,0.293701,0.293457,6.103518,-3.295899,-6.896975,stair_down
1769345233.6123164,-0.625122,0.273315,0.272461,5.310059,-7.385256,-11.779789,stair_down
1769345233.6330874,-0.652710,0.263428,0.270996,1.831055,-14.526371,-15.808109,stair_down
1769345233.65392,-0.673340,0.287842,0.273926,-0.366211,-19.287109,-14.770512,stair_down
1769345233.6691613,-0.767456,0.326660,0.261230,-3.540040,-22.583015,-5.920412,stair_down
1769345233.6922526,-0.780762,0.345581,0.227173,-5.065918,-19.714355,-2.502441,stair_down
1769345233.7106724,-0.784668,0.360229,0.212036,-6.347658,-17.028809,2.014160,stair_down
1769345233.7323864,-0.776733,0.358643,0.212524,-5.859377,-16.784668,5.310059,stair_down
1769345233.7527852,-0.791870,0.342896,0.233887,-4.211426,-13.671879,7.751467,stair_down
1769345233.7732189,-0.758423,0.323486,0.263062,0.610352,-8.483887,8.666992,stair_down
1769345233.7903445,-0.701538,0.294800,0.281494,6.530764,-6.408693,6.408693,stair_down
1769345233.8135328,-0.696289,0.321655,0.291992,10.253906,-7.202150,1.708985,stair_down
1769345233.8328717,-0.733032,0.349609,0.303833,14.892582,-5.981447,0.122070,stair_down
1769345233.8544173,-0.857544,0.342529,0.371826,13.427738,-11.962894,-5.493164,stair_down
1769345233.875361,-1.082642,0.304565,0.484375,5.065918,-21.423340,-9.582520,stair_down
1769345233.8954673,-1.389771,0.255493,0.599365,1.770020,-25.512703,-10.559082,stair_down
1769345233.911842,-1.467285,0.157715,0.635864,-0.244141,-11.474613,-12.756351,stair_down
1769345233.9321046,-1.108032,0.135498,0.617554,0.000000,-23.864754,-14.526371,stair_down
1769345233.9501472,-1.101074,0.147461,0.662964,7.080080,-33.996582,-15.991215,stair_down
1769345233.9731436,-1.158447,0.128418,0.707397,4.943848,-34.240723,-22.521980,stair_down
1769345233.9884317,-1.196777,0.181274,0.607544,9.094238,-21.789551,-21.301270,stair_down
1769345234.0129714,-1.079102,0.137695,0.485229,9.399414,-13.061527,-19.714355,stair_down
1769345234.030637,-1.008423,0.152832,0.421875,3.906251,-15.075687,-15.991215,stair_down
1769345234.0506535,-0.984863,0.218994,0.416260,3.173829,-13.610844,-10.986328,stair_down
1769345234.0702598,-0.975830,0.277222,0.401123,6.408693,-7.263186,-5.920412,stair_down
1769345234.0928586,-0.965454,0.275513,0.368652,11.108402,1.281738,-5.187988,stair_down
1769345234.116245,-0.924194,0.219604,0.348633,12.146000,6.713869,-4.699707,stair_down
1769345234.1400971,-0.873657,0.188599,0.333862,12.329105,9.155273,-4.394531,stair_down
1769345234.1565056,-0.814087,0.164429,0.318970,12.634281,8.422852,-6.530764,stair_down
1769345234.1684546,-0.804077,0.155151,0.305298,14.953617,7.629396,-9.216309,stair_down
1769345234.1928115,-0.810303,0.125732,0.308105,16.784668,10.498047,-10.742188,stair_down
1769345234.2110152,-0.821655,0.114746,0.292603,17.578125,14.099125,-12.695316,stair_down
1769345234.2384548,-0.813110,0.094971,0.277100,18.005371,18.371582,-14.038090,stair_down
1769345234.2520156,-0.804932,0.098389,0.269653,18.188477,21.423340,-12.878422,stair_down
1769345234.271401,-0.783447,0.101074,0.272827,17.822266,20.385742,-10.559082,stair_down
1769345234.29347,-0.787598,0.103760,0.286133,16.479492,18.310547,-9.338379,stair_down
1769345234.3136506,-0.754639,0.117798,0.278198,12.939457,12.756351,-6.469728,stair_down
1769345234.332298,-0.699219,0.142456,0.239868,8.117676,3.234864,-6.713869,stair_down
1769345234.3532999,-0.724854,0.166870,0.232910,4.821777,-6.225588,-2.807618,stair_down
1769345234.3907638,-0.810669,0.194946,0.228271,2.929688,-3.173829,1.892090,stair_down
1769345234.3907638,-0.811523,0.219238,0.211548,3.723145,5.737307,4.272461,stair_down
1769345234.416385,-0.769653,0.223389,0.192383,5.798342,8.789063,6.652834,stair_down
1769345234.4328845,-0.767456,0.193481,0.206665,3.723145,5.737307,7.263186,stair_down
1769345234.4534326,-0.844727,0.180420,0.218262,0.305176,3.234864,7.873537,stair_down
1769345234.475275,-0.872070,0.150024,0.223999,-3.540040,10.070801,11.230473,stair_down
1769345234.4935958,-0.873291,0.165161,0.207520,-3.723145,10.681152,10.131836,stair_down
1769345234.5102882,-0.822388,0.154175,0.202515,-5.065918,10.620117,10.253906,stair_down
1769345234.5335212,-0.809692,0.186035,0.195068,-7.873537,1.281738,7.080080,stair_down
1769345234.551291,-0.905640,0.206421,0.242432,-11.779789,-7.019045,3.906251,stair_down
1769345234.5755835,-1.243530,0.250732,0.434082,-19.287109,-14.404301,0.000000,stair_down
1769345234.626514,-1.489502,0.252075,0.591797,-20.812988,2.563477,2.746582,stair_down
1769345234.626514,-1.427856,0.233643,0.645386,-14.587406,28.869637,2.807618,stair_down
1769345234.626514,-1.171753,0.161255,0.605103,-6.713869,42.114258,0.061035,stair_down
1769345234.6463516,-0.816406,0.110840,0.531250,-3.295899,31.555183,-7.141115,stair_down
1769345234.6718218,-0.668335,0.141724,0.471313,-12.573246,-4.211426,-13.977055,stair_down
1769345234.9934587,-1.395264,0.370117,0.537109,-25.817879,6.713869,-9.399414,stair_down
1769345234.9934587,-1.052856,0.272339,0.490723,-18.554688,29.479988,-11.535648,stair_down
1769345234.9964824,-0.757446,0.244019,0.418701,-13.366703,20.874023,-8.972168,stair_down
1769345234.997505,-0.652466,0.301025,0.329224,-14.221195,-5.798342,-6.958010,stair_down
1769345234.997505,-0.814209,0.369141,0.263794,-14.465336,-10.986328,-3.662110,stair_down
1769345234.997505,-0.862671,0.418091,0.224731,-2.319336,-1.708985,5.249023,stair_down
1769345234.997505,-0.824707,0.325317,0.223267,2.197266,3.051759,5.004883,stair_down
1769345234.997505,-0.708740,0.226563,0.271118,1.892090,7.202150,8.178711,stair_down
1769345234.9990487,-0.627808,0.210815,0.298706,0.305176,3.967286,9.582520,stair_down
1769345234.9990487,-0.577148,0.218628,0.319824,2.136230,3.234864,10.498047,stair_down
1769345234.9990487,-0.542480,0.228516,0.335449,5.798342,1.586915,9.948730,stair_down
1769345234.9990487,-0.541748,0.217041,0.341309,9.399414,0.976563,8.117676,stair_down
1769345234.9990487,-0.497925,0.179443,0.292480,12.084965,0.976563,5.615236,stair_down
1769345234.9990487,-0.468140,0.160522,0.256226,9.765625,-1.464844,4.577637,stair_down
1769345235.037628,-0.464478,0.169434,0.249634,3.662110,-10.559082,5.371094,stair_down
1769345235.0530572,-0.561035,0.205078,0.251221,-4.516602,-21.728516,7.080080,stair_down
1769345235.0530572,-0.694458,0.242920,0.266357,-12.939457,-31.311043,7.019045,stair_down
1769345235.0715845,-0.883789,0.268921,0.255493,-16.845703,-26.794441,10.314941,stair_down
1769345235.0946949,-0.977661,0.273315,0.281250,-17.517090,-11.779789,14.099125,stair_down
1769345235.1133716,-0.850098,0.272095,0.344360,-12.817387,1.281738,18.066406,stair_down
1769345235.1332674,-0.868530,0.282227,0.410278,-12.451176,-5.737307,18.188477,stair_down
1769345235.1547978,-1.023438,0.285645,0.507202,-13.549809,-13.854984,16.235352,stair_down
1769345235.1763852,-1.223145,0.272583,0.542358,-11.535648,-20.446777,15.136723,stair_down
1769345235.2177637,-1.381104,0.211426,0.557129,-10.681152,-4.211426,9.338379,stair_down
1769345235.2177637,-1.263428,0.145996,0.585693,-9.216309,-0.854492,-0.183106,stair_down
1769345235.236484,-1.263550,0.141235,0.655640,-9.765625,-11.413578,-13.000492,stair_down
1769345235.2790651,-1.378662,0.137817,0.632813,-1.281738,-13.793949,-13.244633,stair_down
1769345235.2790651,-1.316162,0.125488,0.552612,1.892090,-12.451176,-16.723633,stair_down
1769345235.2865753,-1.208008,0.197144,0.501709,3.601075,-6.591799,-18.371582,stair_down
1769345235.3078814,-1.153809,0.261230,0.469360,13.183598,-6.225588,-13.427738,stair_down
1769345235.3313851,-1.130859,0.319580,0.412598,12.390141,1.159668,-9.399414,stair_down
1769345235.3507671,-1.068848,0.353516,0.355347,15.930180,10.131836,-7.812502,stair_down
1769345235.374388,-0.921143,0.253052,0.311768,12.084965,10.803223,-3.479005,stair_down
1769345235.3937175,-0.850098,0.192383,0.297241,9.826660,8.789063,2.136230,stair_down
1769345235.4121184,-0.837524,0.147827,0.298706,8.666992,10.986328,2.563477,stair_down
1769345235.432912,-0.799316,0.117310,0.314209,9.277344,15.625004,3.479005,stair_down
1769345235.4539971,-0.771973,0.097778,0.304688,10.131836,17.944336,5.920412,stair_down
1769345235.4742846,-0.755615,0.071045,0.276611,10.192871,19.958496,2.929688,stair_down
1769345235.4908936,-0.735840,0.023193,0.225464,5.126953,16.418457,-0.427246,stair_down
1769345235.509061,-0.743042,0.045410,0.217041,2.380371,10.192871,-2.441406,stair_down
1769345235.5333798,-0.779663,0.057129,0.228638,1.953125,7.324221,-4.577637,stair_down
1769345235.5494008,-0.776855,0.070435,0.229614,-0.122070,7.873537,-6.591799,stair_down
1769345235.5744388,-0.760010,0.095093,0.209595,0.915528,8.422852,-6.469728,stair_down
1769345235.5926034,-0.726074,0.123901,0.173828,-0.793457,6.103518,-5.187988,stair_down
1769345235.6190357,-0.721680,0.170654,0.136108,-1.647950,-2.136230,-5.432129,stair_down
1769345235.6762578,-0.790649,0.232300,0.158081,0.549316,-3.356935,1.220703,stair_down
1769345235.6917183,-0.841919,0.263306,0.180542,1.037598,3.723145,4.699707,stair_down
1769345235.6917183,-0.863037,0.272705,0.188721,3.845216,9.155273,8.728027,stair_down
1769345235.6978643,-0.854736,0.275024,0.211304,3.295899,10.009766,9.094238,stair_down
1769345235.7141051,-0.867554,0.244995,0.242432,4.272461,8.239746,11.230473,stair_down
1769345235.7325952,-0.912720,0.228149,0.258545,6.103518,8.056641,10.864258,stair_down
1769345235.7566435,-0.885010,0.170044,0.252930,3.967286,16.845703,13.000492,stair_down
1769345235.9144838,-0.810059,0.154907,0.186035,4.760742,22.216805,11.901859,stair_down
1769345235.9171052,-0.745483,0.162109,0.158691,3.112794,14.526371,10.253906,stair_down
1769345235.9171052,-0.764282,0.207642,0.194946,-2.868653,-2.990724,5.371094,stair_down
1769345235.9171052,-0.987793,0.257202,0.314697,-12.817387,-17.028809,4.455566,stair_down
1769345235.9233804,-1.345703,0.281860,0.437744,-12.146000,-19.042969,-0.061035,stair_down
1769345235.9601755,-1.630737,0.200684,0.535400,-14.099125,5.554201,0.000000,stair_down
1769345235.962182,-1.299072,0.167603,0.531982,-11.840824,38.391113,-2.685547,stair_down
1769345236.2247818,-0.828613,0.379883,0.336426,-2.380371,16.052246,4.943848,stair_down
1769345236.2269878,-0.685913,0.353027,0.250732,0.732422,4.333496,3.356935,stair_down
1769345236.2269878,-0.743896,0.356445,0.211060,2.136230,-7.080080,0.915528,stair_down
1769345236.2269878,-0.768066,0.329834,0.187012,5.737307,-0.366211,0.000000,stair_down
1769345236.2269878,-0.738770,0.272217,0.194458,7.507326,6.469728,-3.112794,stair_down
1769345236.2269878,-0.688721,0.231445,0.231567,11.291508,8.544922,2.502441,stair_down
1769345236.2269878,-0.653198,0.253906,0.245728,10.009766,5.371094,1.403809,stair_down
1769345236.2355332,-0.665649,0.281128,0.271606,15.014652,2.929688,-1.831055,stair_down
1769345236.2388625,-0.674194,0.278076,0.299316,19.775391,0.366211,-7.934572,stair_down
1769345236.2566152,-0.691650,0.267822,0.296875,21.423340,2.197266,-10.070801,stair_down
1769345236.2731009,-0.737061,0.260132,0.280884,22.705086,7.263186,-10.559082,stair_down
1769345236.2935078,-0.713257,0.255005,0.242554,20.874023,12.817387,-9.399414,stair_down
1769345236.3131258,-0.705811,0.267700,0.211304,19.775391,17.517090,-6.347658,stair_down
1769345236.3371909,-0.706055,0.261230,0.156006,16.601563,23.437508,-2.929688,stair_down
1769345236.3561444,-0.657104,0.246094,0.092773,12.573246,23.986824,3.234864,stair_down
1769345236.376586,-0.568604,0.241943,0.072632,3.906251,13.183598,4.333496,stair_down
1769345236.4063528,-0.587280,0.252930,0.106812,-3.906251,-8.422852,3.234864,stair_down
1769345236.4235392,-0.725098,0.289307,0.175659,-6.103518,-26.367195,-1.525879,stair_down
1769345236.4337814,-1.006714,0.314453,0.292114,0.061035,-25.939949,-1.770020,stair_down
1769345236.4543061,-1.094482,0.346191,0.317383,9.765625,-8.483887,0.976563,stair_down
1769345236.4743521,-1.011963,0.343994,0.304810,17.028809,8.056641,4.089355,stair_down
1769345236.4982488,-0.989990,0.358032,0.271240,16.845703,2.075195,-0.305176,stair_down
1769345236.5137691,-1.154907,0.314087,0.244019,14.770512,-9.277344,-2.258301,stair_down
1769345236.5512967,-1.276611,0.247437,0.260010,11.657719,-13.488773,-0.610352,stair_down
1769345236.5772076,-1.368896,0.159790,0.377075,10.314941,-5.310059,-0.366211,stair_down
1769345236.5772076,-1.322388,0.144287,0.442017,13.183598,-0.244141,-2.563477,stair_down
1769345236.5950346,-1.401367,0.125122,0.480835,15.319828,-4.760742,-6.469728,stair_down
1769345236.614068,-1.436279,0.117432,0.420776,20.751953,-0.427246,-9.216309,stair_down
1769345236.6330574,-1.306030,0.094604,0.384155,23.864754,4.211426,-14.160160,stair_down
1769345236.652489,-1.124146,0.186890,0.366455,26.184090,-1.464844,-19.653320,stair_down
1769345236.6735613,-1.045532,0.220337,0.362549,29.113777,-10.986328,-19.165039,stair_down
1769345236.689584,-1.050537,0.282227,0.266724,27.587898,-16.174316,-12.146000,stair_down
1769345236.7110245,-1.058228,0.306763,0.200195,28.686531,-6.713869,-4.638672,stair_down
1769345236.7310498,-0.986938,0.251099,0.154297,27.648933,1.159668,3.723145,stair_down
1769345236.7537851,-0.943237,0.208130,0.131958,23.376472,8.178711,12.573246,stair_down
1769345236.7715347,-0.868164,0.171631,0.139648,19.165039,13.549809,15.502934,stair_down
1769345236.793547,-0.792603,0.124390,0.152710,17.944336,17.028809,17.150879,stair_down
1769345236.8103955,-0.734131,0.083740,0.169067,15.197758,16.845703,9.826660,stair_down
1769345236.8339658,-0.716431,0.054932,0.173584,14.770512,13.183598,4.943848,stair_down
1769345236.8533444,-0.699585,0.051392,0.162720,12.146000,4.638672,1.281738,stair_down
1769345236.8716097,-0.724121,0.078003,0.156860,10.742188,-6.042482,-1.586915,stair_down
1769345236.8936608,-0.762939,0.113525,0.154785,11.230473,-14.099125,-5.737307,stair_down
1769345236.9144151,-0.770264,0.144531,0.142944,11.047363,-16.967773,-9.155273,stair_down
1769345236.9332473,-0.781372,0.185059,0.121948,11.962894,-19.653320,-10.070801,stair_down
1769345236.9583917,-0.817261,0.214478,0.083496,14.648441,-15.136723,-8.728027,stair_down
1769345236.9746783,-0.819092,0.221558,0.076172,13.122562,-5.004883,-5.981447,stair_down
1769345236.9961538,-0.824097,0.256958,0.085938,17.028809,0.610352,-3.479005,stair_down
1769345237.0093315,-0.843384,0.260498,0.096924,18.859863,9.948730,-2.441406,stair_down
1769345237.0315967,-0.859497,0.237183,0.098633,18.981934,19.470215,0.366211,stair_down
1769345237.051892,-0.840942,0.218628,0.101196,15.808109,24.047859,2.990724,stair_down
1769345237.0723314,-0.823608,0.224121,0.087402,11.779789,16.540527,4.333496,stair_down
1769345237.0926778,-0.865356,0.207031,0.074585,7.995607,6.774904,3.356935,stair_down
1769345237.1141927,-0.921631,0.210449,0.061279,4.089355,1.770020,1.892090,stair_down
1769345237.1365385,-0.976440,0.217773,0.038086,-0.366211,4.394531,1.342773,stair_down
1769345237.1524463,-0.960693,0.250732,0.039063,-0.854492,9.582520,-0.122070,stair_down
1769345237.176856,-0.890869,0.263916,0.040405,-2.868653,2.258301,-1.647950,stair_down
1769345237.189904,-0.960449,0.310059,0.044434,-6.774904,-9.643555,-4.943848,stair_down
1769345237.213175,-1.286133,0.359741,0.198730,-6.286623,-19.531250,-2.441406,stair_down
1769345237.2334964,-1.628784,0.362061,0.370728,-1.892090,-2.014160,1.037598,stair_down
1769345237.2583044,-1.497925,0.340942,0.377319,3.051759,32.043457,-1.953125,stair_down
1769345237.2752109,-1.188110,0.264404,0.309692,16.174316,34.118652,-4.150391,stair_down
1769345237.2964058,-0.942017,0.168945,0.322754,13.488773,24.597176,-6.774904,stair_down
1769345237.3136294,-0.859375,0.243408,0.324341,7.263186,-0.244141,-14.099125,stair_down
1769345237.3364508,-0.928223,0.328491,0.311157,3.417970,-10.131836,-15.563969,stair_down
1769345237.3696163,-1.055542,0.367310,0.313477,-2.441406,-19.653320,-16.601563,stair_down
1769345237.3979018,-1.176392,0.396973,0.342407,-5.981447,-18.676758,-18.066406,stair_down
1769345237.3979018,-1.160889,0.372070,0.332031,-3.356935,-7.263186,-14.343266,stair_down
1769345237.4140518,-1.048096,0.318604,0.308472,-0.610352,1.220703,-7.751467,stair_down
1769345237.433418,-0.904297,0.303101,0.255371,1.464844,6.164553,-4.211426,stair_down
1769345237.4534402,-0.787720,0.304443,0.173828,3.967286,1.220703,-5.004883,stair_down
1769345237.5122035,-0.785522,0.285400,0.132446,8.911133,-4.455566,-2.990724,stair_down
1769345237.527864,-0.788086,0.278687,0.117920,10.498047,-3.234864,-3.051759,stair_down
1769345237.5296006,-0.792358,0.239990,0.126709,8.728027,0.915528,2.075195,stair_down
1769345237.5327766,-0.776245,0.265259,0.142578,4.272461,-2.197266,1.647950,stair_down
1769345237.5535214,-0.806885,0.283813,0.178223,4.943848,-7.324221,-2.868653,stair_down
1769345237.578452,-0.785400,0.290649,0.222412,5.065918,-10.803223,-6.164553,stair_down
1769345237.5930579,-0.825073,0.304443,0.256226,6.164553,-15.930180,-8.544922,stair_down
1769345237.6164682,-0.834106,0.330688,0.270264,11.718754,-18.981934,-9.338379,stair_down
1769345237.6354542,-0.847290,0.330566,0.269287,12.451176,-24.353035,-15.686039,stair_down
1769345237.656331,-0.899048,0.339111,0.239746,13.000492,-27.404793,-12.634281,stair_down
1769345237.6718416,-0.955444,0.363647,0.219482,12.878422,-26.611336,-9.033203,stair_down
1769345237.690708,-0.994751,0.381714,0.209473,13.671879,-20.019531,-4.821777,stair_down
1769345237.7127342,-1.001343,0.381836,0.191406,13.854984,-11.962894,-0.610352,stair_down
1769345237.7334454,-0.965942,0.386108,0.161865,13.732914,-11.108402,3.540040,stair_down
1769345237.7526882,-0.963257,0.373657,0.156860,14.221195,-11.535648,6.347658,stair_down
1769345237.773359,-0.982178,0.369629,0.167236,13.977055,-9.826660,8.117676,stair_down
1769345237.794467,-0.996826,0.382446,0.182983,17.456055,-6.347658,6.530764,stair_down
1769345237.8185723,-1.026123,0.374146,0.222046,20.935059,-7.629396,2.136230,stair_down
1769345237.8348415,-1.097656,0.343872,0.291626,18.920898,-9.338379,1.525879,stair_down
1769345237.8532937,-1.189209,0.318604,0.288574,20.935059,-10.620117,-3.234864,stair_down
1769345237.8711116,-1.002930,0.228882,0.225708,22.033691,-9.216309,-10.070801,stair_down
1769345237.8927603,-0.926025,0.236694,0.253296,23.620613,-12.939457,-11.413578,stair_down
1769345237.9115472,-0.877197,0.271484,0.321533,29.724129,-12.756351,-11.352543,stair_down
1769345237.9347956,-0.892944,0.251831,0.354492,34.790039,-10.742188,-8.056641,stair_down
1769345237.9534287,-0.918213,0.222168,0.314575,38.940430,-2.075195,-5.859377,stair_down
1769345237.9733803,-0.819336,0.145264,0.241943,39.855957,6.530764,-0.915528,stair_down
1769345237.9932568,-0.750610,0.088013,0.198242,35.278320,2.502441,5.493164,stair_down
1769345238.009774,-0.799683,0.118530,0.240967,23.742683,-4.150391,6.042482,stair_down
1769345238.0300865,-0.871582,0.067749,0.267456,18.066406,1.586915,13.305668,stair_down
1769345238.0533102,-0.932251,0.077026,0.253296,7.812502,-2.807618,7.019045,stair_down
1769345238.0717237,-0.984009,0.071167,0.249878,-0.244141,-8.850098,3.234864,stair_down
1769345238.0922208,-1.067383,0.105957,0.270874,-3.112794,-18.249512,0.976563,stair_down
1769345238.1136937,-1.120483,0.150391,0.304688,-1.098633,-18.188477,-2.441406,stair_down
1769345238.1340544,-0.994995,0.225830,0.285645,7.812502,-13.244633,-16.296387,stair_down
1769345238.1543267,-0.869019,0.233643,0.245972,14.709476,-14.648441,-19.592285,stair_down
1769345238.1751893,-0.815063,0.294678,0.207642,19.775391,-18.432617,-22.766121,stair_down
1769345238.1931896,-0.815063,0.353149,0.176636,27.526863,-21.057129,-24.353035,stair_down
1769345238.224526,-0.807129,0.378906,0.148315,35.644531,-16.113281,-24.719246,stair_down
1769345238.2346032,-0.823853,0.359131,0.139282,39.184570,-12.390141,-24.414070,stair_down
1769345238.2535574,-0.826782,0.341919,0.141846,41.564941,-12.451176,-20.568848,stair_down
1769345238.2734792,-0.893433,0.307739,0.144653,41.320801,-9.826660,-17.150879,stair_down
1769345238.2934148,-0.982544,0.283203,0.167969,42.541504,-7.873537,-15.380863,stair_down
1769345238.309498,-0.987915,0.255127,0.192749,44.006348,-3.601075,-12.878422,stair_down
1769345238.333527,-0.956665,0.213623,0.207520,42.968750,-4.760742,-8.056641,stair_down
1769345238.3540132,-0.955811,0.222534,0.185181,42.541504,-7.324221,-7.080080,stair_down
1769345238.3745892,-0.927246,0.240967,0.175171,47.058121,-5.737307,-6.652834,stair_down
1769345238.392347,-0.901367,0.267334,0.178955,51.757828,-6.530764,-6.286623,stair_down
1769345238.412313,-0.941406,0.274048,0.213135,52.978531,-8.117676,-8.483887,stair_down
1769345238.4334614,-0.983398,0.272705,0.259766,55.358902,-8.544922,-10.314941,stair_down
1769345238.4543924,-1.006226,0.232910,0.268311,52.978531,-14.343266,-13.671879,stair_down
1769345238.4765806,-1.052734,0.198120,0.255371,48.095718,-8.361816,-10.986328,stair_down
1769345238.4905472,-1.076538,0.181885,0.286621,41.442871,-9.216309,-13.854984,stair_down
1769345238.5096202,-1.050415,0.181152,0.315552,37.780762,-10.742188,-13.549809,stair_down
1769345238.5291886,-1.016846,0.222900,0.316650,37.963867,-14.953617,-15.686039,stair_down
1769345238.5515473,-1.033081,0.205322,0.315918,41.503906,-13.671879,-17.089844,stair_down
1769345238.5722854,-1.012451,0.226563,0.280029,39.916992,-9.399414,-18.432617,stair_down
1769345238.5982528,-0.997192,0.243774,0.260254,37.536621,-5.981447,-18.737793,stair_down
1769345238.6126254,-0.935425,0.237549,0.267334,34.973145,-6.286623,-18.859863,stair_down
1769345238.631284,-0.862183,0.239990,0.260498,34.667969,-4.455566,-18.066406,stair_down
1769345238.652051,-0.741577,0.225098,0.246094,38.818359,-8.544922,-22.399910,stair_down
1769345238.673216,-0.719116,0.227661,0.327637,43.151855,-21.606445,-23.803719,stair_down
1769345238.689077,-0.793579,0.263306,0.409180,45.776382,-17.761230,-26.428230,stair_down
1769345238.7260282,-0.904297,0.296875,0.452637,49.438492,-5.249023,-27.221687,stair_down
1769345238.7357116,-0.927124,0.292114,0.452881,50.720230,6.713869,-27.587898,stair_down
1769345238.7545257,-0.857788,0.242188,0.450439,49.743668,5.615236,-23.681648,stair_down
1769345238.7745826,-0.812134,0.201538,0.434570,44.128418,-6.713869,-22.277840,stair_down
1769345238.7935846,-0.802002,0.218872,0.384521,30.944832,-40.649414,-24.169930,stair_down
1769345238.8142715,-0.865723,0.272217,0.322876,24.353035,-34.301758,-20.263672,stair_down
1769345238.835013,-0.874268,0.332886,0.258301,30.334480,-27.771004,-13.916019,stair_down
1769345238.8542695,-0.878296,0.309448,0.229492,33.386230,-13.244633,-7.751467,stair_down
1769345238.8723845,-0.827759,0.303833,0.202881,34.973145,-10.498047,-9.582520,stair_down
1769345238.8922048,-0.804810,0.260620,0.203613,33.996582,-9.155273,-9.277344,stair_down
1769345238.9116945,-0.812500,0.273071,0.239380,32.714844,-14.648441,-8.972168,stair_down
1769345238.933259,-0.925171,0.279663,0.288086,35.278320,-6.225588,-6.286623,stair_down
1769345238.9542663,-0.878296,0.312012,0.301025,36.437988,-1.892090,-7.080080,stair_down
1769345238.9737122,-0.885864,0.294800,0.317017,36.865234,-6.469728,-7.385256,stair_down
1769345238.9937382,-0.909790,0.285400,0.326782,34.301758,-7.019045,-8.117676,stair_down
1769345239.0157404,-0.926392,0.281616,0.329224,33.508301,-6.164553,-8.605957,stair_down
1769345239.032863,-0.928711,0.266479,0.332520,32.165527,-3.479005,-7.812502,stair_down
1769345239.0503662,-0.961182,0.249512,0.314575,30.761726,1.831055,-3.540040,stair_down
1769345239.0722027,-0.951660,0.243896,0.296875,26.367195,2.502441,-3.234864,stair_down
1769345239.0964415,-1.001709,0.216797,0.321289,15.258793,-0.427246,1.525879,stair_down
1769345239.1126046,-1.129883,0.220215,0.338379,7.934572,-8.850098,1.281738,stair_down
1769345239.126451,-1.146851,0.197998,0.332520,3.540040,-5.310059,2.014160,stair_down
1769345239.1557693,-1.048218,0.178467,0.327515,-0.183106,-7.080080,1.953125,stair_down
1769345239.168499,-1.020142,0.188110,0.366333,-0.671387,-13.732914,1.647950,stair_down
1769345239.1894634,-1.003784,0.245361,0.450317,9.582520,-6.225588,1.831055,stair_down
1769345239.213532,-0.907959,0.223755,0.415894,16.906738,3.356935,-0.061035,stair_down
1769345239.2333474,-0.812500,0.170288,0.354370,22.399910,7.507326,1.037598,stair_down
1769345239.2521307,-0.740845,0.119629,0.302490,22.583015,7.812502,4.333496,stair_down
1769345239.272605,-0.726440,0.084717,0.280029,19.287109,1.708985,11.596684,stair_down
1769345239.294944,-0.827026,0.097290,0.262451,15.808109,-1.953125,6.225588,stair_down
1769345239.313998,-0.837891,0.075439,0.256470,7.263186,5.126953,11.535648,stair_down
1769345239.3272374,-0.839844,0.029175,0.282837,-6.530764,-8.422852,5.004883,stair_down
1769345239.3533132,-0.963135,0.062256,0.307983,-12.573246,-17.639160,5.249023,stair_down
1769345239.3729355,-1.084839,0.112427,0.333862,-14.282230,-20.324707,-0.366211,stair_down
1769345239.3909185,-1.105103,0.167236,0.335327,-8.850098,-13.854984,-2.319336,stair_down
1769345239.4142063,-0.993652,0.203491,0.321411,-4.638672,-7.324221,-5.798342,stair_down
1769345239.4328074,-0.871582,0.239380,0.286011,3.845216,-8.300781,-9.216309,stair_down
1769345239.4522188,-0.847168,0.283203,0.227783,9.094238,-13.427738,-8.300781,stair_down
1769345239.4749603,-0.878662,0.310425,0.214355,14.587406,-11.230473,-6.408693,stair_down
1769345239.4922166,-0.847900,0.303345,0.210083,14.709476,-8.789063,-8.239746,stair_down
1769345239.5137029,-0.882690,0.285156,0.200562,13.488773,-6.530764,-5.676271,stair_down
1769345239.5304863,-0.884155,0.254150,0.208008,10.559082,-4.699707,-2.075195,stair_down
1769345239.5497046,-0.926636,0.264038,0.218140,8.544922,-5.065918,-5.432129,stair_down
1769345239.5735052,-0.970825,0.245728,0.231079,12.084965,1.525879,2.685547,stair_down
1769345239.5915186,-1.000610,0.258911,0.216797,15.014652,5.676271,3.295899,stair_down
1769345239.6116078,-0.966797,0.260254,0.196899,20.263672,11.474613,5.493164,stair_down
1769345239.6314301,-0.924683,0.238403,0.190308,25.024422,15.991215,8.361816,stair_down
1769345239.656393,-0.906494,0.255981,0.206299,26.123055,16.113281,8.789063,stair_down
1769345239.674318,-0.924561,0.280884,0.248413,27.221687,13.061527,8.300781,stair_down
1769345239.6975842,-0.955933,0.289917,0.272461,30.090340,12.268070,10.192871,stair_down
1769345239.7251072,-0.953369,0.291992,0.263794,27.709969,3.845216,9.155273,stair_down
1769345239.734193,-0.991821,0.291748,0.281616,27.343758,-0.610352,9.948730,stair_down
1769345239.7532709,-1.000488,0.282837,0.318604,24.536140,-4.638672,13.916019,stair_down
1769345239.7732892,-0.997803,0.265869,0.350098,22.705086,-6.652834,12.695316,stair_down
1769345239.7939398,-0.929565,0.246460,0.353882,23.803719,-4.455566,14.038090,stair_down
1769345239.8130205,-0.858032,0.245361,0.362305,25.878914,-4.150391,10.620117,stair_down
1769345239.833343,-0.848755,0.229248,0.389038,30.822762,-9.460449,3.356935,stair_down
1769345239.8544912,-0.886108,0.181396,0.333496,26.855476,-9.582520,-4.516602,stair_down
1769345239.876546,-0.859741,0.205078,0.253540,25.817879,-11.047363,-11.413578,stair_down
1769345239.8908918,-0.801025,0.220825,0.221313,24.169930,-9.460449,-19.470215,stair_down
1769345239.9138296,-0.749512,0.250854,0.244019,24.414070,-11.596684,-21.606445,stair_down
1769345239.933118,-0.777222,0.280151,0.314331,27.038582,-10.375977,-20.202637,stair_down
1769345239.9518695,-0.851196,0.281860,0.377319,27.343758,-7.751467,-19.592285,stair_down
1769345239.9736056,-0.974487,0.276855,0.449707,25.024422,-13.549809,-18.676758,stair_down
1769345239.99443,-1.067261,0.236084,0.445068,20.019531,-14.892582,-12.817387,stair_down
1769345240.0139205,-1.010132,0.264893,0.390991,13.305668,-10.009766,-8.544922,stair_down
1769345240.0366201,-0.894897,0.301514,0.344116,10.742188,-14.099125,-4.333496,stair_down
1769345240.076217,-0.846558,0.319580,0.317749,8.056641,-18.859863,-1.953125,stair_down
1769345240.096561,-0.829956,0.333130,0.305664,6.042482,-18.981934,0.793457,stair_down
1769345240.096561,-0.821899,0.305420,0.294189,-0.671387,-9.521484,3.723145,stair_down
1769345240.1132765,-0.793823,0.272949,0.278076,0.244141,-6.408693,6.774904,stair_down
1769345240.1343398,-0.808350,0.235107,0.287842,-3.967286,-8.361816,4.333496,stair_down
1769345240.1543748,-0.826782,0.245972,0.291748,-5.004883,-8.728027,2.502441,stair_down
1769345240.1736772,-0.848633,0.255127,0.311523,-3.540040,-7.934572,-0.183106,stair_down
1769345240.193182,-0.855591,0.247314,0.354126,-2.441406,-8.483887,-3.479005,stair_down
1769345240.2095604,-0.876221,0.246826,0.372192,-4.577637,-10.437012,-4.699707,stair_down
1769345240.2268002,-0.882080,0.274902,0.348755,-6.958010,-9.826660,-3.417970,stair_down
1769345240.256535,-0.866455,0.283447,0.311646,-7.873537,-6.042482,0.793457,stair_down
1769345240.2726839,-0.843872,0.290161,0.301514,-6.774904,-3.051759,3.845216,stair_down
1769345240.2927842,-0.824341,0.281738,0.278076,-5.554201,1.770020,7.324221,stair_down
1769345240.3143556,-0.760864,0.280151,0.245728,-3.295899,6.591799,9.704590,stair_down
1769345240.3307137,-0.706665,0.270264,0.222656,-2.075195,8.728027,11.413578,stair_down
1769345240.3540025,-0.674683,0.272705,0.209106,-1.892090,10.009766,11.962894,stair_down
1769345240.3698208,-0.689697,0.285889,0.219360,-3.723145,11.169437,11.718754,stair_down
1769345240.3913674,-0.706177,0.289063,0.249634,-4.577637,11.901859,10.742188,stair_down
1769345240.4142487,-0.711304,0.292480,0.267578,-4.699707,12.084965,9.216309,stair_down
1769345240.4365597,-0.707275,0.292114,0.277100,-3.417970,10.864258,5.676271,stair_down
1769345240.4583857,-0.702026,0.301025,0.277100,-4.638672,10.803223,2.929688,stair_down
1769345240.4737284,-0.718140,0.342773,0.268311,-1.342773,7.690432,0.427246,stair_down
1769345240.4909225,-0.738403,0.358276,0.250854,3.356935,9.704590,-0.122070,stair_down
1769345240.5101898,-0.704224,0.360596,0.214600,7.080080,13.366703,0.854492,stair_down
1769345240.530057,-0.697998,0.374878,0.194702,7.507326,11.474613,1.647950,stair_down
1769345240.549697,-0.727905,0.395386,0.186035,8.789063,9.338379,3.356935,stair_down
1769345240.5768251,-0.812988,0.395508,0.217529,10.559082,6.103518,4.211426,stair_down
1769345240.5938132,-0.966309,0.358765,0.284424,3.723145,2.075195,5.615236,stair_down
1769345240.6093445,-1.174316,0.357422,0.313965,-5.859377,2.746582,5.737307,stair_down
1769345240.6284978,-1.250732,0.299194,0.335693,-4.028320,3.295899,-0.854492,stair_down
1769345240.6545095,-1.209717,0.262817,0.399170,2.868653,-10.070801,-7.141115,stair_down
1769345240.6685102,-1.273071,0.240234,0.460938,6.286623,-10.131836,-14.526371,stair_down
1769345240.6888351,-1.286743,0.266846,0.479492,7.263186,-4.882813,-19.165039,stair_down
1769345240.7109146,-1.318237,0.311890,0.413696,13.122562,-3.051759,-21.484375,stair_down
1769345240.7332783,-1.276733,0.326538,0.368042,13.732914,2.807618,-24.292000,stair_down
1769345240.7512312,-1.194580,0.348511,0.352417,19.042969,-5.187988,-20.690918,stair_down
1769345240.77103,-1.118530,0.369751,0.299805,17.761230,-1.586915,-12.146000,stair_down
1769345240.7932482,-1.006836,0.376099,0.255005,21.118164,-13.305668,-5.737307,stair_down
1769345240.8140056,-1.024170,0.367676,0.215942,19.958496,-14.099125,-1.525879,stair_down
1769345240.8342562,-0.983887,0.348877,0.190186,20.080566,-8.483887,1.464844,stair_down
1769345240.8534212,-0.930542,0.339966,0.149780,22.766121,0.671387,3.967286,stair_down
1769345240.873429,-0.859497,0.303467,0.115967,25.756844,9.033203,4.028320,stair_down
1769345240.8907835,-0.815186,0.218994,0.105957,22.033691,18.737793,0.549316,stair_down
1769345240.9113207,-0.746460,0.190063,0.122070,14.831547,19.958496,-0.915528,stair_down
1769345240.9315817,-0.759277,0.130859,0.122925,11.474613,15.319828,-5.554201,stair_down
1769345240.9518654,-0.778931,0.127563,0.122314,7.080080,8.789063,-10.009766,stair_down
1769345240.9739916,-0.805664,0.138428,0.126221,7.019045,1.586915,-14.953617,stair_down
1769345240.994261,-0.803833,0.151367,0.128052,6.347658,-2.319336,-18.066406,stair_down
1769345241.0155225,-0.788818,0.185059,0.117188,6.652834,-4.821777,-20.690918,stair_down
1769345241.0348625,-0.749756,0.240112,0.106201,11.230473,-11.657719,-22.705086,stair_down
1769345241.0519416,-0.754883,0.249878,0.079102,13.366703,-12.634281,-20.141602,stair_down
1769345241.0730052,-0.740356,0.297607,0.095093,16.357422,-11.108402,-17.211914,stair_down
1769345241.0925674,-0.740112,0.290649,0.100952,16.662598,-12.023930,-14.038090,stair_down
1769345241.111214,-0.734985,0.303589,0.102661,14.892582,-12.634281,-8.850098,stair_down
1769345241.1331415,-0.714233,0.281372,0.123047,12.939457,-14.831547,-3.479005,stair_down
1769345241.1467166,-0.705444,0.267578,0.140259,10.131836,-19.531250,0.793457,stair_down
1769345241.17445,-0.741577,0.260376,0.152588,7.202150,-20.263672,7.751467,stair_down
1769345241.192142,-0.799438,0.230713,0.132568,6.958010,-22.033691,11.840824,stair_down
1769345241.2128053,-0.846924,0.212646,0.148560,7.812502,-18.615723,14.038090,stair_down
1769345241.2338974,-0.843140,0.195679,0.156250,8.117676,-11.718754,14.892582,stair_down
1769345241.2613502,-0.833984,0.194946,0.150024,9.704590,-11.840824,13.305668,stair_down
1769345241.2931533,-0.826416,0.161865,0.168579,11.047363,-10.620117,12.939457,stair_down
1769345241.2931533,-0.878784,0.177002,0.173340,5.065918,-9.338379,11.047363,stair_down
1769345241.3136966,-0.996216,0.215820,0.260376,-7.141115,-15.319828,5.798342,stair_down
1769345241.3345478,-1.251221,0.259766,0.415527,-16.235352,-20.568848,2.990724,stair_down
1769345241.3512735,-1.476440,0.295288,0.564819,-19.226074,-17.517090,2.441406,stair_down
1769345241.3695319,-1.509277,0.311157,0.609619,-12.268070,-4.150391,2.746582,stair_down
1769345241.3927,-1.360718,0.292114,0.587769,-6.103518,8.178711,0.854492,stair_down
1769345241.4111693,-1.152832,0.310547,0.574585,-4.821777,8.178711,-2.624512,stair_down
1769345241.4336503,-1.070923,0.412231,0.599121,-15.686039,-8.117676,1.586915,stair_down
1769345241.4537427,-1.212769,0.458862,0.605469,-23.681648,-15.075687,-1.403809,stair_down
1769345241.4728732,-1.279419,0.463135,0.554565,-21.240234,-11.474613,-0.549316,stair_down
1769345241.4908433,-1.198120,0.387817,0.432739,-16.601563,0.671387,2.319336,stair_down
1769345241.5097446,-0.964478,0.294189,0.309692,-13.793949,7.995607,3.723145,stair_down
1769345241.5324187,-0.768433,0.256958,0.265381,-14.404301,5.798342,7.568361,stair_down
1769345241.5537205,-0.674072,0.246582,0.274536,-13.854984,1.464844,15.808109,stair_down
1769345241.5709648,-0.605835,0.213623,0.296021,-14.221195,-1.281738,19.470215,stair_down
1769345241.5938916,-0.605225,0.192749,0.305176,-13.122562,-4.211426,22.094727,stair_down
1769345241.6135228,-0.605835,0.209351,0.302490,-12.512211,-3.295899,20.507813,stair_down
1769345241.633605,-0.619995,0.239990,0.306396,-11.108402,-6.164553,22.827156,stair_down
1769345241.6563408,-0.705200,0.283203,0.341553,-12.146000,-8.056641,14.892582,stair_down
1769345241.6743205,-0.748047,0.327148,0.378784,-11.962894,-6.225588,10.192871,stair_down
1769345241.69218,-0.776245,0.381470,0.382690,-10.375977,-6.103518,-2.258301,stair_down
1769345241.7125287,-0.806396,0.414795,0.378296,-7.873537,-13.427738,-10.681152,stair_down
1769345241.7307308,-0.878418,0.436279,0.394043,-3.784181,-16.601563,-15.502934,stair_down
1769345241.7515035,-0.937012,0.417847,0.408081,-1.586915,-16.784668,-16.784668,stair_down
1769345241.7719316,-0.989990,0.429688,0.400391,2.014160,-13.305668,-14.526371,stair_down
1769345241.795039,-1.000244,0.455444,0.381958,7.141115,-7.751467,-12.878422,stair_down
1769345241.8135757,-0.950684,0.444214,0.344116,11.047363,-5.920412,-10.620117,stair_down
1769345241.828292,-0.850952,0.437378,0.301636,14.526371,-13.671879,-7.568361,stair_down
1769345241.8539147,-0.815552,0.412720,0.327515,14.648441,-16.662598,-2.319336,stair_down
1769345241.8691983,-0.782227,0.402832,0.349609,14.404301,-20.202637,0.305176,stair_down
1769345241.8861794,-0.783813,0.410278,0.373535,16.113281,-20.507813,2.014160,stair_down
1769345241.9141605,-0.793335,0.401733,0.404297,19.226074,-17.944336,0.366211,stair_down
1769345241.9314182,-0.804199,0.402832,0.405151,24.475105,-13.244633,-0.549316,stair_down
1769345241.9532385,-0.800171,0.397827,0.400146,31.738289,-5.615236,-4.272461,stair_down
1769345241.973278,-0.809204,0.398193,0.391479,34.423828,-1.281738,-6.958010,stair_down
1769345241.9933946,-0.813599,0.399658,0.382324,36.621094,0.488281,-10.131836,stair_down
1769345242.013733,-0.820435,0.397217,0.367920,37.109375,-1.159668,-14.160160,stair_down
1769345242.0336294,-0.821411,0.380615,0.366577,32.775879,-13.854984,-19.104004,stair_down
1769345242.0533857,-0.937744,0.346436,0.377075,28.137215,-26.916512,-19.287109,stair_down
1769345242.07417,-1.088989,0.316162,0.394653,23.925789,-30.029305,-18.310547,stair_down
1769345242.0926702,-1.110596,0.343506,0.424683,22.888191,-14.709476,-14.892582,stair_down
1769345242.1129553,-1.065918,0.344971,0.434082,27.099617,-3.234864,-15.136723,stair_down
1769345242.1344926,-0.988770,0.312256,0.426514,34.240723,14.160160,-9.338379,stair_down
1769345242.1542323,-0.865112,0.274536,0.387695,37.902832,26.123055,-9.216309,stair_down
1769345242.1759355,-0.700073,0.242798,0.345825,42.785645,26.672371,-7.812502,stair_down
1769345242.1917727,-0.580322,0.194214,0.328003,42.480469,15.319828,-8.300781,stair_down
1769345242.2089856,-0.549072,0.248413,0.279541,32.165527,-5.004883,-10.009766,stair_down
1769345242.2344036,-0.680176,0.279785,0.292725,28.076180,-18.615723,-11.047363,stair_down
1769345242.2518578,-0.791870,0.277100,0.340454,23.681648,-28.381355,-9.277344,stair_down
1769345242.2732103,-1.073730,0.277100,0.394531,19.714355,-30.700691,-6.713869,stair_down
1769345242.2917771,-1.235352,0.261719,0.434082,15.197758,-18.310547,-5.859377,stair_down
1769345242.3130517,-1.131958,0.322876,0.404053,16.418457,-8.666992,-8.972168,stair_down
1769345242.3334663,-1.007324,0.333130,0.329590,18.615723,-6.591799,-7.995607,stair_down
1769345242.353437,-0.920532,0.309937,0.271851,20.751953,-1.342773,-9.948730,stair_down
1769345242.3702323,-0.883423,0.317017,0.279175,22.949226,-2.075195,-8.789063,stair_down
1769345242.3900845,-0.877686,0.323364,0.286743,28.259285,2.319336,-6.408693,stair_down
1769345242.412769,-0.819946,0.297485,0.279785,29.724129,7.141115,-6.347658,stair_down
1769345242.4331768,-0.760132,0.266724,0.262573,31.799324,6.286623,-3.173829,stair_down
1769345242.45371,-0.735474,0.264771,0.270996,27.526863,-2.807618,-7.080080,stair_down
1769345242.4761136,-0.777100,0.266724,0.295776,23.559578,-13.427738,-10.437012,stair_down
1769345242.493591,-0.853394,0.266235,0.317871,23.437508,-6.652834,-9.155273,stair_down
1769345242.508656,-0.867554,0.259399,0.306152,20.507813,-2.807618,-8.178711,stair_down
1769345242.5364878,-0.861816,0.261108,0.300293,17.089844,-3.967286,-8.300781,stair_down
1769345242.5648074,-0.854858,0.286133,0.286255,15.930180,-8.544922,-9.887695,stair_down
1769345242.5764842,-0.860718,0.299194,0.270752,17.211914,-12.329105,-12.084965,stair_down
1769345242.5950608,-0.860474,0.311768,0.260620,20.446777,-13.793949,-13.244633,stair_down
1769345242.6161811,-0.901611,0.329956,0.228516,25.085457,-12.084965,-11.535648,stair_down
1769345242.6334512,-0.949707,0.336792,0.229004,26.367195,-10.070801,-14.526371,stair_down
1769345242.6538348,-1.005005,0.361084,0.247559,30.578621,-5.126953,-17.028809,stair_down
1769345242.673732,-0.997681,0.352417,0.259644,35.156250,2.624512,-15.441898,stair_down
1769345242.688838,-0.987183,0.348267,0.274170,37.536621,6.286623,-14.282230,stair_down
1769345242.7161207,-1.066406,0.327881,0.328125,37.292480,5.249023,-16.235352,stair_down
1769345242.7382767,-1.095703,0.302979,0.362427,38.879395,11.474613,-16.418457,stair_down
1769345242.7522266,-0.955933,0.257446,0.331787,36.254883,14.282230,-12.756351,stair_down
1769345242.7714481,-0.854736,0.278687,0.301758,37.963867,11.230473,-9.826660,stair_down
1769345242.791607,-0.817627,0.265991,0.314697,36.926270,8.422852,-9.765625,stair_down
1769345242.8149116,-0.790283,0.320313,0.321411,33.325195,5.310059,-9.704590,stair_down
1769345242.8307884,-0.832031,0.352051,0.316284,32.043457,3.540040,-9.704590,stair_down
1769345242.853568,-0.867432,0.338867,0.307739,27.160652,3.417970,-10.803223,stair_down
1769345242.8717859,-0.839844,0.317261,0.280884,20.385742,-1.708985,-15.319828,stair_down
1769345242.8899083,-0.829346,0.306885,0.286011,18.005371,-9.033203,-17.822266,stair_down
1769345242.9135914,-0.838501,0.304688,0.301025,18.554688,-12.634281,-19.287109,stair_down
1769345242.9317336,-0.836548,0.320923,0.322266,23.498543,-12.023930,-20.507813,stair_down
1769345242.954038,-0.804932,0.320801,0.331299,30.273445,-14.282230,-22.644051,stair_down
1769345242.97444,-0.802490,0.322510,0.319336,35.156250,-15.441898,-24.047859,stair_down
1769345242.9928515,-0.785522,0.317017,0.318359,39.123535,-14.526371,-25.756844,stair_down
1769345243.014106,-0.789429,0.294312,0.338623,40.100098,-15.380863,-25.695808,stair_down
1769345243.0361176,-0.825195,0.294067,0.373413,36.865234,-16.113281,-22.888191,stair_down
1769345243.0564184,-0.877808,0.318359,0.417358,34.301758,-13.122562,-21.362305,stair_down
1769345243.070807,-0.871338,0.329590,0.434814,31.250008,-13.122562,-21.545410,stair_down
1769345243.0936604,-0.859131,0.295532,0.434448,29.113777,-16.357422,-23.010262,stair_down
1769345243.1129467,-0.860962,0.259766,0.413086,20.751953,-17.333984,-21.423340,stair_down
1769345243.1331282,-0.875122,0.283936,0.361450,17.211914,-21.606445,-19.104004,stair_down
1769345243.153747,-0.891602,0.282104,0.312012,14.770512,-20.019531,-14.099125,stair_down
1769345243.1744337,-0.919067,0.306152,0.281250,14.709476,-20.263672,-13.061527,stair_down
1769345243.1944401,-0.905151,0.299316,0.248779,14.282230,-18.798828,-10.925293,stair_down
1769345243.2119699,-0.922607,0.297974,0.236450,13.427738,-16.174316,-7.934572,stair_down
1769345243.2312632,-0.900757,0.306396,0.245850,14.892582,-10.498047,-6.408693,stair_down
1769345243.2507136,-0.900024,0.311401,0.272827,15.747074,-12.146000,-4.943848,stair_down
1769345243.2737947,-0.902710,0.333252,0.328735,18.981934,-7.995607,-7.751467,stair_down
1769345243.2927272,-0.878296,0.330566,0.350098,19.958496,-9.582520,-11.230473,stair_down
1769345243.312337,-0.874023,0.333618,0.365967,22.033691,-8.911133,-12.756351,stair_down
1769345243.3333662,-0.867798,0.325439,0.374634,23.498543,-7.629396,-14.587406,stair_down
1769345243.353743,-0.855347,0.299316,0.371338,24.292000,-7.629396,-16.357422,stair_down
1769345243.3689685,-0.851929,0.286377,0.357178,23.132332,-9.216309,-17.333984,stair_down
1769345243.3943276,-0.852051,0.271484,0.339722,19.897461,-10.864258,-14.770512,stair_down
1769345243.4118593,-0.884644,0.285278,0.308594,17.272949,-10.742188,-12.207035,stair_down
1769345243.4323149,-0.884521,0.280640,0.304565,15.258793,-8.789063,-9.826660,stair_down
1769345243.4511664,-0.924805,0.296021,0.302368,15.869144,-9.521484,-8.117676,stair_down
1769345243.472801,-0.898071,0.301758,0.303223,15.014652,-5.249023,-3.356935,stair_down
1769345243.4945831,-0.895020,0.307007,0.307739,13.671879,-4.272461,-1.342773,stair_down
1769345243.5152736,-0.891235,0.312988,0.312744,12.146000,-1.953125,0.854492,stair_down
1769345243.5347126,-0.887451,0.330322,0.320068,11.840824,1.831055,2.502441,stair_down
1769345243.5496078,-0.875610,0.329712,0.327271,11.962894,2.685547,3.051759,stair_down
1769345243.571726,-0.885132,0.330444,0.327515,11.840824,4.211426,2.807618,stair_down
1769345243.5929084,-0.879639,0.329346,0.330444,11.779789,3.234864,0.610352,stair_down
1769345243.6118925,-0.928467,0.307251,0.357544,9.155273,0.122070,-0.366211,stair_down
1769345243.6335082,-0.990967,0.290649,0.366211,5.920412,-0.183106,0.732422,stair_down
1769345243.6535933,-0.971924,0.272827,0.344238,4.699707,1.831055,0.183106,stair_down
1769345243.6750612,-0.929932,0.258789,0.306763,3.906251,-0.915528,-1.159668,stair_down
1769345243.694696,-0.919067,0.283081,0.313477,5.859377,-1.831055,-2.319336,stair_down
1769345243.7086096,-0.942627,0.288208,0.333618,10.131836,0.122070,-2.624512,stair_down
1769345243.7278275,-0.936157,0.268677,0.332520,13.305668,3.601075,-3.845216,stair_down
1769345243.7538822,-0.895508,0.243164,0.328125,14.465336,2.929688,-5.310059,stair_down
1769345243.771896,-0.882446,0.227051,0.340088,14.465336,1.342773,-5.065918,stair_down
1769345243.7963657,-0.860474,0.243896,0.348389,14.282230,-0.915528,-3.295899,stair_down
1769345243.816435,-0.845337,0.280640,0.347290,15.930180,-2.075195,-3.417970,stair_down
1769345243.8339293,-0.837524,0.268921,0.340820,16.418457,-1.525879,-5.432129,stair_down
1769345243.8535807,-0.839478,0.245239,0.326294,15.625004,-0.122070,-4.272461,stair_down
1769345243.871364,-0.828125,0.227783,0.306763,13.977055,-0.549316,-3.967286,stair_down
1769345243.8901277,-0.830444,0.213745,0.302856,12.390141,-3.540040,-4.638672,stair_down
1769345243.9126236,-0.854492,0.207520,0.314819,11.779789,-5.920412,-4.882813,stair_down
1769345243.9332137,-0.893188,0.211548,0.318115,12.939457,-5.798342,-6.286623,stair_down
1769345243.953288,-0.908325,0.209106,0.313232,14.160160,-5.249023,-6.347658,stair_down
1769345243.9734213,-0.931641,0.206665,0.307495,14.709476,-4.272461,-5.615236,stair_down
1769345243.9926093,-0.930542,0.199219,0.304199,15.197758,-1.464844,-4.394531,stair_down
1769345244.0136878,-0.934937,0.191162,0.302612,15.808109,-1.220703,-3.967286,stair_down
1769345244.0299082,-0.920532,0.178223,0.305420,15.991215,-1.281738,-2.441406,stair_down
1769345244.0537026,-0.940430,0.177979,0.306030,15.136723,-1.037598,-3.173829,stair_down
1769345244.0727975,-0.927612,0.174072,0.303589,14.953617,-0.122070,-2.807618,stair_down
1769345244.0951927,-0.932129,0.177490,0.314331,14.770512,-3.173829,-4.516602,stair_down
1769345244.111907,-0.949097,0.162720,0.324829,11.474613,-1.281738,-3.967286,stair_down
1769345244.1341302,-0.940430,0.170898,0.323242,10.681152,-2.380371,-5.615236,stair_down
1769345244.1535015,-0.936035,0.174561,0.314575,9.277344,-2.502441,-6.713869,stair_down
1769345244.174466,-0.925659,0.191162,0.295288,8.056641,-2.990724,-6.103518,stair_down
1769345244.1942582,-0.938843,0.223633,0.273193,9.155273,-0.488281,-6.408693,stair_down
1769345244.2167282,-0.914429,0.228394,0.269897,10.803223,0.122070,-5.859377,stair_down
1769345244.2316391,-0.908447,0.221680,0.273071,11.108402,-0.488281,-5.676271,stair_down
1769345244.254207,-0.908936,0.226196,0.285522,10.986328,-1.281738,-5.554201,stair_down
1769345244.2730665,-0.921265,0.231934,0.290771,10.131836,-0.610352,-7.934572,stair_down
1769345244.2939308,-0.918701,0.232178,0.296631,10.803223,0.305176,-8.728027,stair_down
1769345244.3132043,-0.929077,0.229004,0.297729,11.169437,1.098633,-9.521484,stair_down
1769345244.343196,-0.929443,0.221802,0.290039,13.549809,2.197266,-10.314941,stair_down
1769345244.3679764,-0.922852,0.213989,0.292969,14.526371,2.807618,-10.009766,stair_down
1769345244.3785665,-0.905640,0.205322,0.292480,15.136723,3.417970,-8.544922,stair_down
1769345244.3892326,-0.901367,0.202271,0.281372,13.977055,1.037598,-8.361816,stair_down
1769345244.412194,-0.898071,0.207153,0.271240,13.488773,-1.831055,-8.117676,stair_down
1769345244.432312,-0.903687,0.205078,0.262207,12.695316,-3.479005,-7.995607,stair_down
1769345244.4536474,-0.899902,0.203857,0.247314,10.620117,-5.554201,-8.361816,stair_down
1769345244.4736643,-0.910034,0.209717,0.236816,9.216309,-9.887695,-8.361816,stair_down
1769345244.4928837,-0.916016,0.231812,0.220337,8.728027,-9.521484,-7.690432,stair_down
1769345244.5120163,-0.916748,0.228149,0.204712,8.239746,-10.253906,-8.911133,stair_down
1769345244.5332446,-0.925049,0.229004,0.193481,7.446291,-10.314941,-8.361816,stair_down
1769345244.5534027,-0.925171,0.233643,0.185425,7.019045,-10.314941,-10.009766,stair_down
1769345244.5736494,-0.928101,0.230957,0.182251,7.385256,-9.887695,-10.803223,stair_down
1769345244.5917673,-0.944946,0.232910,0.188965,8.605957,-7.751467,-10.864258,stair_down
1769345244.6148808,-0.949097,0.229248,0.187866,10.253906,-5.432129,-10.498047,stair_down
1769345244.6363573,-0.944092,0.222046,0.193848,10.864258,-4.272461,-9.643555,stair_down
1769345244.6560934,-0.950928,0.226318,0.197632,11.291508,-1.403809,-7.812502,stair_down
1769345244.6743248,-0.932373,0.225098,0.198120,11.779789,-0.061035,-5.859377,stair_down
1769345244.6934233,-0.937012,0.222778,0.208862,11.169437,-0.610352,-3.662110,stair_down
1769345244.7123466,-0.940430,0.237427,0.217651,10.681152,-0.610352,-2.075195,stair_down
1769345244.7333243,-0.922119,0.239502,0.214111,10.314941,-1.220703,0.488281,stair_down
1769345244.7541463,-0.923706,0.243286,0.207886,8.483887,-0.793457,1.708985,stair_down
1769345244.772634,-0.928711,0.250488,0.200439,6.958010,-1.159668,2.929688,stair_down
1769345244.7928882,-0.917358,0.250244,0.189941,5.615236,-0.915528,4.394531,stair_down
1769345244.8116796,-0.917480,0.253540,0.178467,3.906251,-1.708985,5.676271,stair_down
1769345244.834016,-0.926270,0.261597,0.165161,2.746582,-2.624512,6.408693,stair_down
1769345244.8541486,-0.947510,0.276245,0.156982,2.502441,-2.563477,6.958010,stair_down
1769345244.8715503,-0.955688,0.290405,0.145752,4.028320,-0.366211,7.202150,stair_down
1769345244.8917317,-0.959961,0.301758,0.133789,5.859377,2.502441,7.995607,stair_down
1769345244.9118383,-0.956665,0.314941,0.125488,10.986328,5.554201,6.347658,stair_down
1769345244.931383,-0.969604,0.309326,0.121460,14.648441,6.774904,5.065918,stair_down
1769345245.0862248,-0.973999,0.317749,0.118896,20.019531,7.202150,2.197266,stair_down
1769345245.0862248,-1.026001,0.315063,0.223511,17.822266,3.051759,-1.098633,stair_down
1769345245.0862248,-1.116455,0.282715,0.323975,17.089844,-3.417970,-3.540040,stair_down
1769345245.0862248,-1.116699,0.254761,0.374023,18.493652,0.732422,-7.934572,stair_down
1769345245.0862248,-1.062012,0.207520,0.382690,18.554688,2.441406,-13.793949,stair_down
1769345245.0862248,-1.024292,0.186768,0.364380,17.944336,1.464844,-18.310547,stair_down
1769345245.1061378,-0.983643,0.190674,0.308716,19.775391,4.028320,-18.615723,stair_down
1769345245.1098135,-0.849487,0.195923,0.200928,17.150879,0.244141,-14.465336,stair_down
1769345245.133558,-0.823120,0.239502,0.154053,16.296387,-1.098633,-7.080080,stair_down
1769345245.5916543,-0.824707,0.251587,0.159668,16.174316,-1.220703,-6.103518,stair_down
1769345245.5916543,-0.812866,0.242798,0.187134,15.197758,1.831055,-2.319336,stair_down
1769345245.5916543,-0.757202,0.246826,0.231201,16.235352,-2.868653,-5.676271,stair_down
1769345245.593667,-0.781738,0.225464,0.317871,13.183598,-6.591799,-7.873537,stair_down
1769345245.593667,-0.794067,0.267822,0.366089,16.113281,-2.563477,-10.131836,stair_down
1769345245.593667,-0.754028,0.274048,0.428345,23.376472,-0.488281,-12.390141,stair_down
1769345245.593667,-0.828735,0.290771,0.456177,25.756844,-4.821777,-15.258793,stair_down
1769345245.593667,-0.860718,0.281250,0.496338,27.587898,-12.146000,-20.629883,stair_down
1769345245.593667,-0.972778,0.237549,0.525391,25.573738,-18.066406,-23.803719,stair_down
1769345245.593667,-0.996094,0.228638,0.475830,25.512703,-14.221195,-23.803719,stair_down
1769345245.593667,-0.929443,0.188599,0.361694,22.155769,-10.620117,-17.761230,stair_down
1769345245.593667,-0.891357,0.211792,0.239990,17.822266,-26.123055,-17.761230,stair_down
1769345245.593667,-0.883057,0.260498,0.197144,16.540527,-30.151375,-6.042482,stair_down
1769345245.5956824,-0.964355,0.285400,0.211304,16.845703,-25.390633,-3.356935,stair_down
1769345245.5956824,-0.967773,0.282959,0.217529,19.165039,-12.756351,-2.685547,stair_down
1769345245.5961902,-0.884155,0.242310,0.250854,19.348145,-2.136230,0.976563,stair_down
1769345245.5961902,-0.873047,0.233032,0.287231,16.906738,-4.028320,0.732422,stair_down
1769345245.6202228,-0.887207,0.256470,0.330688,13.488773,-7.141115,-0.854492,stair_down
1769345245.6223116,-0.881958,0.264771,0.343018,12.878422,-6.103518,-4.211426,stair_down
1769345245.6223116,-0.856201,0.251343,0.346680,13.427738,-5.371094,-5.187988,stair_down
1769345245.6223116,-0.841919,0.239502,0.321411,11.535648,-6.530764,-6.835939,stair_down
1769345245.6864467,-0.860962,0.257690,0.241333,8.544922,-9.887695,-8.178711,stair_down
1769345245.6864467,-0.897949,0.274536,0.226318,7.934572,-6.713869,-5.615236,stair_down
1769345245.6864467,-0.974854,0.282104,0.243774,6.469728,0.488281,-0.427246,stair_down
1769345245.6933308,-0.981812,0.288330,0.249756,5.310059,4.455566,2.624512,stair_down
1769345245.6933308,-0.966187,0.284180,0.258545,4.699707,7.568361,5.981447,stair_down
1769345245.7110515,-0.942261,0.285278,0.269165,4.150391,9.948730,8.666992,stair_down
1769345245.7362278,-0.946533,0.295410,0.307617,2.319336,7.385256,9.826660,stair_down
1769345245.8363166,-1.046875,0.217529,0.380249,-7.141115,2.990724,7.141115,stair_down
1769345245.8363166,-0.974976,0.189697,0.351563,-10.864258,-1.892090,5.187988,stair_down
1769345245.8363166,-1.005493,0.166382,0.379883,-12.634281,-9.338379,3.540040,stair_down
1769345245.8363166,-1.039429,0.179443,0.416992,-9.948730,-7.141115,2.563477,stair_down
1769345245.8545618,-0.998413,0.166870,0.423218,-3.173829,1.159668,1.892090,stair_down
1769345245.8685226,-0.865112,0.146362,0.375854,0.488281,5.737307,0.183106,stair_down
1769345245.8932662,-0.794434,0.127441,0.332397,2.563477,3.234864,0.610352,stair_down
1769345245.9141343,-0.770020,0.120605,0.310181,-4.394531,3.967286,3.967286,stair_down
1769345245.9344814,-0.755005,0.188965,0.275391,-0.244141,1.586915,4.211426,stair_down
1769345245.9533255,-0.785156,0.123657,0.296509,-7.873537,6.652834,10.437012,stair_down
1769345245.971088,-0.839111,0.160645,0.262573,-14.709476,-0.244141,8.911133,stair_down
1769345245.9938703,-0.888428,0.123779,0.282593,-16.418457,-6.713869,5.676271,stair_down
1769345246.0113037,-0.938843,0.092041,0.330444,-23.681648,-9.765625,7.141115,stair_down
1769345246.0367303,-1.024902,0.113159,0.365845,-23.071297,-9.460449,4.577637,stair_down
1769345246.056548,-1.047485,0.123657,0.343872,-20.812988,-5.432129,-2.685547,stair_down
1769345246.0689504,-0.984497,0.155884,0.325684,-13.916019,-5.676271,-7.019045,stair_down
1769345246.0898242,-0.954224,0.187256,0.324097,-7.812502,-2.197266,-12.268070,stair_down
1769345246.1129758,-0.930054,0.207397,0.299927,-1.525879,2.136230,-12.268070,stair_down
1769345246.132719,-0.884277,0.228394,0.280762,3.845216,4.394531,-12.573246,stair_down
1769345246.1550472,-0.862183,0.237305,0.276245,4.028320,4.516602,-12.146000,stair_down
1769345246.1662989,-0.878540,0.222534,0.288086,4.577637,5.126953,-8.422852,stair_down
1769345246.1911173,-0.884399,0.209839,0.289307,4.211426,3.906251,-4.882813,stair_down
1769345246.2088802,-0.929443,0.183228,0.294312,2.746582,5.981447,-4.516602,stair_down
1769345246.2310703,-0.918213,0.156738,0.299927,0.793457,6.591799,-2.563477,stair_down
1769345246.2513282,-0.935669,0.150757,0.297974,-2.014160,3.051759,-1.281738,stair_down
1769345246.2716732,-0.948853,0.150024,0.290039,-1.464844,1.220703,-0.305176,stair_down
1769345246.2921774,-0.956665,0.152222,0.285522,-0.305176,1.403809,-0.366211,stair_down
1769345246.3132403,-0.930054,0.167480,0.273804,3.356935,2.685547,-1.037598,stair_down
1769345246.3364067,-0.904419,0.182251,0.256836,4.211426,2.075195,-2.197266,stair_down
1769345246.3502195,-0.916626,0.216309,0.236084,6.896975,-0.610352,-2.685547,stair_down
1769345246.3719568,-0.932495,0.222290,0.241699,10.498047,0.122070,-2.502441,stair_down
1769345246.3931303,-0.960327,0.221436,0.263794,10.986328,3.356935,-2.685547,stair_down
1769345246.4098008,-0.964478,0.201294,0.290283,10.986328,5.737307,-3.234864,stair_down
1769345246.4324725,-0.934204,0.162231,0.311157,9.887695,5.126953,-3.356935,stair_down
1769345246.4527774,-0.908203,0.129272,0.302490,7.507326,5.249023,-1.770020,stair_down
1769345246.4724379,-0.910522,0.123657,0.288208,5.065918,1.831055,-0.793457,stair_down
1769345246.4934423,-0.914795,0.137817,0.268799,3.173829,-0.793457,1.281738,stair_down
1769345246.5152447,-0.919678,0.161255,0.233032,2.746582,-2.502441,2.380371,stair_down
1769345246.532889,-0.902710,0.184814,0.205688,-0.915528,0.183106,4.882813,stair_down
1769345246.5520387,-0.912476,0.223877,0.191284,-1.464844,-2.441406,5.859377,stair_down
1769345246.5746765,-0.912842,0.277100,0.181519,-1.098633,-3.356935,5.249023,stair_down
1769345246.5913627,-0.903442,0.295654,0.175537,3.234864,-1.953125,5.737307,stair_down
1769345246.6136134,-0.895142,0.302246,0.173462,6.774904,-0.610352,3.906251,stair_down
1769345246.6323056,-0.895874,0.271973,0.190430,12.573246,0.732422,5.798342,stair_down
1769345246.653696,-0.891479,0.259277,0.203613,17.456055,3.601075,7.080080,stair_down
1769345246.6725645,-0.877319,0.231812,0.218750,20.690918,6.469728,4.821777,stair_down
1769345246.691639,-0.855957,0.201294,0.206055,22.766121,7.141115,4.089355,stair_down
1769345246.7120402,-0.852661,0.183838,0.193359,22.766121,4.699707,3.784181,stair_down
1769345246.7340698,-0.864258,0.160522,0.175049,18.371582,2.075195,7.385256,stair_down
1769345246.7509613,-0.859985,0.171265,0.157104,14.099125,0.000000,5.676271,stair_down
1769345246.7766905,-0.823120,0.184204,0.141968,9.826660,-3.234864,4.333496,stair_down
1769345246.7911813,-0.804688,0.207642,0.139771,6.591799,-6.652834,3.356935,stair_down
1769345246.8134248,-0.818115,0.218140,0.148560,6.469728,-8.361816,2.502441,stair_down
1769345246.833836,-0.829468,0.238037,0.140747,8.422852,-7.629396,1.525879,stair_down
1769345246.8534248,-0.848267,0.240234,0.116455,10.070801,-5.615236,1.342773,stair_down
1769345246.871647,-0.861450,0.235596,0.106079,10.559082,-3.662110,2.075195,stair_down
1769345246.8932216,-0.870605,0.237061,0.109741,9.887695,-2.014160,3.356935,stair_down
1769345246.9135885,-0.876099,0.250854,0.109009,10.559082,-2.197266,2.685547,stair_down
1769345246.9315264,-0.873535,0.245361,0.116699,11.169437,-1.464844,3.051759,stair_down
1769345246.9518812,-0.873291,0.233398,0.117798,10.986328,3.784181,4.455566,stair_down
1769345246.9729283,-0.818848,0.209351,0.105591,9.887695,12.573246,6.652834,stair_down
1769345246.9915001,-0.781372,0.187378,0.106201,7.934572,14.709476,7.202150,stair_down
1769345247.0144188,-0.757446,0.174683,0.109009,4.089355,12.268070,7.568361,stair_down
1769345247.0361128,-0.780884,0.190186,0.116089,0.549316,7.629396,7.751467,stair_down
1769345247.086232,-0.852051,0.194336,0.135010,-2.136230,6.042482,6.530764,stair_down
1769345247.086232,-0.886963,0.204346,0.138306,-10.070801,-2.685547,2.380371,stair_down
1769345247.0928597,-1.188354,0.212036,0.295410,-26.916512,-20.263672,-1.770020,stair_down
1769345247.109898,-1.440430,0.246582,0.486450,-34.484863,-16.662598,-0.793457,stair_down
1769345247.132735,-1.434326,0.280151,0.576050,-34.606934,9.094238,5.065918,stair_down
1769345247.1541078,-1.175659,0.283325,0.535522,-27.099617,21.118164,8.483887,stair_down
1769345247.1743016,-0.969849,0.275879,0.507202,-19.042969,7.507326,3.967286,stair_down
1769345247.1964414,-0.879517,0.297607,0.500122,-17.395020,-1.831055,9.094238,stair_down
1769345247.213422,-0.951294,0.376831,0.425171,-22.460945,-8.239746,10.986328,stair_down
1769345247.2360878,-1.122559,0.459839,0.311279,-29.174812,-17.822266,12.817387,stair_down
1769345247.2562723,-1.225342,0.479858,0.262329,-32.104492,-13.305668,15.258793,stair_down
1769345247.276751,-1.145996,0.464844,0.249756,-30.700691,-0.366211,15.625004,stair_down
1769345247.296449,-1.015747,0.428589,0.267822,-21.728516,8.422852,21.545410,stair_down
1769345247.3233707,-0.870361,0.427368,0.288940,-15.258793,12.451176,20.996094,stair_down
1769345247.3360856,-0.802490,0.428589,0.288818,-9.765625,10.986328,19.958496,stair_down
1769345247.391269,-0.791748,0.371826,0.283203,-4.394531,8.789063,19.897461,stair_down
1769345247.3961546,-0.787964,0.350342,0.255371,-4.028320,11.108402,21.179199,stair_down
1769345247.4016273,-0.775391,0.333130,0.248657,-1.708985,14.404301,21.118164,stair_down
1769345247.41591,-0.743774,0.330444,0.255859,-0.427246,15.258793,19.714355,stair_down
1769345247.4365525,-0.723022,0.344238,0.265381,1.464844,16.296387,16.174316,stair_down
1769345247.4575427,-0.662598,0.356445,0.264282,2.197266,10.437012,11.291508,stair_down
1769345247.4783275,-0.692749,0.369873,0.262207,3.417970,3.234864,7.873537,stair_down
1769345247.4962006,-0.748291,0.367554,0.253784,7.629396,0.061035,-0.427246,stair_down
1769345247.514267,-0.754395,0.353760,0.235840,7.934572,0.732422,-3.479005,stair_down
1769345247.5365741,-0.731934,0.353394,0.205200,8.911133,3.234864,-5.554201,stair_down
1769345247.5502172,-0.695557,0.338257,0.174561,8.666992,2.502441,-4.882813,stair_down
1769345247.5713518,-0.685059,0.340820,0.151855,6.347658,-2.990724,-6.042482,stair_down
1769345247.5962617,-0.695923,0.346802,0.142822,4.272461,-5.371094,-3.356935,stair_down
1769345247.606566,-0.697998,0.349365,0.136475,2.441406,-5.615236,2.075195,stair_down
1769345247.6335065,-0.661621,0.335083,0.160645,2.746582,-2.868653,2.441406,stair_down
1769345247.6537366,-0.598511,0.305298,0.181519,3.051759,-4.821777,1.953125,stair_down
1769345247.6722143,-0.567749,0.301147,0.182983,3.417970,-10.009766,-1.586915,stair_down
1769345247.693803,-0.579712,0.314453,0.179077,5.798342,-13.793949,-5.798342,stair_down
1769345247.7122333,-0.619141,0.327515,0.161499,8.789063,-14.526371,-8.666992,stair_down
1769345247.73329,-0.700806,0.352539,0.130249,11.657719,-11.413578,-11.047363,stair_down
1769345247.7508302,-0.811768,0.390259,0.159424,23.559578,9.460449,-6.286623,stair_down
1769345247.7724352,-0.882935,0.328491,0.209595,23.071297,13.671879,-5.676271,stair_down
1769345247.791855,-1.188232,0.302856,0.233032,10.375977,-2.563477,-5.310059,stair_down
1769345247.8150403,-1.528687,0.302612,0.289307,2.502441,5.493164,-6.774904,stair_down
1769345247.833419,-1.435669,0.254639,0.302368,-2.624512,9.338379,-2.197266,stair_down
1769345247.8531997,-1.384888,0.255859,0.419189,-11.962894,-11.840824,-4.882813,stair_down
1769345247.8741658,-1.784180,0.324219,0.606323,-15.930180,-16.784668,-13.549809,stair_down
1769345247.8942108,-1.567993,0.233643,0.397705,-3.662110,19.897461,-19.836426,stair_down
1769345247.91475,-1.098999,0.214111,0.298828,-2.014160,2.990724,-23.742683,stair_down
1769345247.9333084,-1.092285,0.269897,0.366455,2.014160,-13.366703,-24.169930,stair_down
1769345247.9541185,-1.021973,0.397339,0.442383,2.136230,-12.756351,-19.287109,stair_down
1769345247.9725318,-0.982910,0.529907,0.359985,6.164553,-7.568361,-15.869144,stair_down
1769345247.9931362,-0.939697,0.487427,0.206787,10.620117,3.784181,-8.789063,stair_down
1769345248.0171397,-0.851440,0.361450,0.113770,-1.525879,8.178711,7.629396,stair_down
1769345248.0603046,-0.801636,0.330688,0.135620,-6.103518,6.225588,11.474613,stair_down
1769345248.0603046,-0.772217,0.259033,0.177246,-6.408693,6.225588,16.052246,stair_down
1769345248.0703297,-0.717773,0.236206,0.172485,-8.239746,6.958010,17.639160,stair_down
1769345248.0934641,-0.702637,0.217651,0.153809,-5.310059,7.263186,18.188477,stair_down
1769345248.1118495,-0.702393,0.173828,0.129028,-1.953125,9.582520,16.418457,stair_down
1769345248.131174,-0.686523,0.142456,0.107544,0.122070,10.192871,12.146000,stair_down
1769345248.1464798,-0.680420,0.126709,0.117188,2.929688,4.089355,8.178711,stair_down
1769345248.1763525,-0.737915,0.150024,0.127319,-0.122070,-0.854492,7.202150,stair_down
1769345248.1911302,-0.760132,0.183716,0.098389,-5.493164,-3.295899,4.577637,stair_down
1769345248.2095141,-0.742432,0.219116,0.089966,-12.878422,-9.399414,0.488281,stair_down
1769345248.2365513,-0.737061,0.302246,0.091431,-16.601563,-15.808109,-6.469728,stair_down
1769345248.2535615,-0.712158,0.315796,0.105103,-15.869144,-19.592285,-4.699707,stair_down
1769345248.2741773,-0.705933,0.344238,0.116333,-14.709476,-27.160652,-4.333496,stair_down
1769345248.29295,-0.730713,0.391357,0.100708,-10.742188,-23.010262,-1.770020,stair_down
1769345248.3115578,-0.717651,0.385010,0.109375,-4.272461,-17.333984,3.051759,stair_down
1769345248.3332007,-0.763672,0.348511,0.139282,-2.197266,-8.911133,7.934572,stair_down
1769345248.3540359,-0.792847,0.286377,0.186157,-1.159668,0.122070,11.535648,stair_down
1769345248.3744276,-0.787354,0.270264,0.178467,-4.333496,2.075195,12.146000,stair_down
1769345248.3954823,-0.842896,0.291138,0.156616,-5.249023,1.403809,12.023930,stair_down
1769345248.411453,-1.027222,0.349854,0.279175,-10.437012,-6.713869,10.986328,stair_down
1769345248.4317794,-1.336426,0.355347,0.466187,-14.160160,-10.009766,12.146000,stair_down
1769345248.452287,-1.516846,0.310303,0.607422,-15.380863,3.234864,13.122562,stair_down
1769345248.4728217,-1.425537,0.261475,0.653931,-10.192871,3.723145,5.737307,stair_down
1769345248.4931815,-1.174072,0.182495,0.541382,-10.070801,6.774904,0.183106,stair_down
1769345248.5144835,-0.932861,0.252686,0.516724,-19.409180,-13.854984,-1.647950,stair_down
1769345248.5336962,-1.250977,0.463135,0.595581,-24.841316,-33.752441,1.464844,stair_down
1769345248.5547707,-1.466431,0.545654,0.631104,-17.822266,-2.868653,-3.234864,stair_down
1769345248.5750773,-1.194458,0.420776,0.489502,-9.338379,17.089844,-7.385256,stair_down
1769345248.5918565,-0.833984,0.323242,0.327026,-7.568361,25.329597,-18.798828,stair_down
1769345248.6114578,-0.547241,0.369629,0.189331,-10.925293,8.911133,-14.648441,stair_down
1769345248.6324828,-0.658081,0.468994,0.156982,-8.666992,-11.169437,-4.699707,stair_down
1769345248.652309,-0.822998,0.441528,0.229736,-7.507326,-3.540040,1.525879,stair_down
1769345248.673456,-0.822021,0.331909,0.284790,-8.544922,14.770512,0.671387,stair_down
1769345248.694428,-0.707642,0.305176,0.269653,-7.324221,16.601563,2.868653,stair_down
1769345248.7143626,-0.649048,0.303345,0.267090,-4.333496,9.765625,6.652834,stair_down
1769345248.7338269,-0.685791,0.297241,0.286743,-3.906251,-1.342773,10.253906,stair_down
1769345248.7537174,-0.732666,0.328247,0.296997,-2.807618,-3.845216,10.498047,stair_down
1769345248.7737205,-0.697998,0.371216,0.298218,-3.295899,-5.859377,6.469728,stair_down
1769345248.7932134,-0.708496,0.387451,0.332031,-2.685547,-13.671879,2.258301,stair_down
1769345248.8130455,-0.866333,0.415649,0.355713,2.441406,-10.498047,-6.286623,stair_down
1769345248.832784,-0.874756,0.425049,0.322998,7.568361,0.915528,-9.338379,stair_down
1769345248.8469179,-0.879272,0.431885,0.297607,11.230473,5.615236,-13.916019,stair_down
1769345248.8744855,-0.909058,0.410522,0.283447,16.784668,13.061527,-13.183598,stair_down
1769345248.890163,-0.823242,0.372070,0.307495,21.789551,17.333984,-14.953617,stair_down
1769345248.9109492,-0.749268,0.296997,0.299438,24.780281,17.761230,-13.427738,stair_down
1769345248.9313636,-0.575562,0.243774,0.223145,26.062019,6.408693,-10.375977,stair_down
1769345248.9524877,-0.574585,0.276611,0.194214,24.536140,-8.728027,-7.263186,stair_down
1769345248.9728768,-0.655151,0.319946,0.198120,24.230965,-16.296387,-2.441406,stair_down
1769345248.9924989,-0.715210,0.358765,0.209473,27.099617,-20.507813,-2.502441,stair_down
1769345249.0149844,-0.750244,0.362183,0.242920,28.625496,-19.958496,-4.089355,stair_down
1769345249.0323238,-0.788452,0.402954,0.249878,28.442390,-18.493652,-4.943848,stair_down
1769345249.0545533,-0.796143,0.430298,0.232666,29.357918,-13.061527,-6.835939,stair_down
1769345249.0720456,-0.747192,0.419556,0.243042,29.968269,-9.643555,-9.277344,stair_down
1769345249.0916176,-0.761475,0.390747,0.264648,28.259285,-9.216309,-9.521484,stair_down
1769345249.1113465,-0.784546,0.369995,0.268311,26.123055,-5.493164,-6.958010,stair_down
1769345249.133441,-0.821045,0.375366,0.250610,24.597176,2.563477,-2.868653,stair_down
1769345249.1530697,-0.790283,0.386597,0.216309,24.902351,10.070801,1.037598,stair_down
1769345249.171658,-0.750732,0.407593,0.180420,23.742683,9.155273,3.723145,stair_down
1769345249.1921992,-0.770630,0.427612,0.215332,16.845703,-0.488281,4.333496,stair_down
1769345249.2110028,-1.140259,0.421509,0.346924,7.873537,-14.282230,1.342773,stair_down
1769345249.2293496,-1.297974,0.373291,0.432495,10.253906,-6.469728,-2.929688,stair_down
1769345249.2527096,-1.244507,0.298340,0.454346,17.211914,-8.178711,-10.925293,stair_down
1769345249.270804,-1.178711,0.250610,0.485718,19.287109,-5.676271,-16.296387,stair_down
1769345249.2938523,-1.140991,0.229248,0.475342,23.803719,-11.596684,-23.986824,stair_down
1769345249.3128214,-1.275024,0.170532,0.416504,26.123055,-13.488773,-29.785164,stair_down
1769345249.336533,-1.110840,0.188477,0.311157,24.108894,-10.864258,-36.499023,stair_down
1769345249.3533847,-1.038330,0.175537,0.269165,20.568848,-22.338875,-37.719727,stair_down
1769345249.373273,-1.108398,0.204590,0.346436,15.258793,-25.268562,-33.813477,stair_down
1769345249.3915794,-1.174561,0.237549,0.395508,12.390141,-14.770512,-27.648933,stair_down
1769345249.4095063,-1.085938,0.216675,0.334717,10.559082,-6.347658,-22.338875,stair_down
1769345249.4355037,-0.999634,0.199097,0.254395,7.812502,-3.356935,-15.075687,stair_down
1769345249.4525878,-0.913086,0.202271,0.242676,4.272461,-8.300781,-10.009766,stair_down
1769345249.4724085,-0.910645,0.217041,0.257568,0.061035,-13.793949,-8.911133,stair_down
1769345249.489711,-0.893433,0.206055,0.295166,0.610352,-8.056641,-5.554201,stair_down
1769345249.513671,-0.905029,0.203613,0.233887,1.037598,-2.624512,-4.150391,stair_down
1769345249.536177,-0.862061,0.138062,0.219360,3.906251,8.483887,-5.065918,stair_down
1769345249.5542665,-0.783447,0.119873,0.219604,0.122070,9.155273,-5.126953,stair_down
1769345249.5744333,-0.796631,0.133667,0.212158,-2.380371,1.403809,-6.958010,stair_down
1769345249.5934038,-0.891968,0.128906,0.221802,-3.479005,0.000000,-7.873537,stair_down
1769345249.6109934,-0.886353,0.152100,0.227661,-3.234864,-0.549316,-5.737307,stair_down
1769345249.633933,-0.859253,0.166504,0.187744,-3.967286,-1.525879,-4.699707,stair_down
1769345249.6542747,-0.805420,0.189941,0.151489,-3.662110,-4.333496,-4.150391,stair_down
1769345249.6736004,-0.795532,0.219727,0.152466,-2.746582,-11.108402,-4.760742,stair_down
1769345249.6926377,-0.812866,0.258789,0.166870,-1.403809,-12.756351,-4.699707,stair_down
1769345249.7136123,-0.845459,0.270264,0.192749,2.563477,-9.033203,-3.479005,stair_down
1769345249.729722,-0.835815,0.276611,0.214600,7.507326,-0.793457,0.122070,stair_down
1769345249.7502341,-0.824097,0.258545,0.219971,9.338379,2.014160,0.549316,stair_down
1769345249.7745154,-0.808960,0.240723,0.218994,9.521484,0.427246,3.051759,stair_down
1769345249.794013,-0.832520,0.224487,0.227417,8.666992,-0.183106,4.028320,stair_down
1769345249.8136752,-0.854858,0.213501,0.220581,7.324221,1.098633,6.347658,stair_down
1769345249.8333967,-0.884033,0.221069,0.205688,8.666992,5.798342,8.666992,stair_down
1769345249.8532572,-0.859131,0.200806,0.183838,11.047363,13.549809,11.352543,stair_down
1769345249.8740325,-0.808472,0.173706,0.176880,13.916019,18.188477,11.047363,stair_down
1769345249.8943844,-0.776978,0.133423,0.162598,15.075687,20.935059,11.169437,stair_down
1769345249.9134448,-0.722656,0.113037,0.147217,11.840824,16.479492,10.131836,stair_down
1769345249.9361627,-0.754395,0.141479,0.162109,6.835939,12.695316,12.573246,stair_down
1769345249.9565284,-0.807617,0.171265,0.205566,0.427246,8.850098,9.338379,stair_down
1769345249.9779298,-0.927490,0.175659,0.301392,-14.404301,-1.586915,6.286623,stair_down
1769345249.9940982,-1.361084,0.186890,0.441650,-30.883797,-1.098633,3.173829,stair_down
1769345250.013525,-1.445557,0.173340,0.433960,-35.827637,9.704590,0.061035,stair_down
1769345250.034921,-1.225830,0.246826,0.460693,-31.921394,17.150879,-3.417970,stair_down
1769345250.0565922,-1.017822,0.282593,0.439209,-22.888191,3.051759,-12.207035,stair_down
1769345250.0766275,-1.038818,0.306641,0.420410,-21.667480,-5.065918,-12.817387,stair_down
1769345250.0932326,-1.123657,0.391724,0.454224,-23.315437,-1.098633,-10.864258,stair_down
1769345250.1134107,-1.195923,0.404785,0.469604,-25.695808,3.662110,-9.582520,stair_down
1769345250.1322627,-1.171997,0.349243,0.403931,-24.719246,12.084965,-7.080080,stair_down
1769345250.1555457,-1.057007,0.307129,0.330078,-22.766121,15.869144,-8.422852,stair_down
1769345250.1734586,-0.924561,0.313110,0.266846,-22.216805,9.887695,-3.601075,stair_down
1769345250.194391,-0.901978,0.385498,0.233887,-21.057129,0.671387,5.371094,stair_down
1769345250.2090118,-0.953735,0.437378,0.230347,-15.136723,3.906251,9.887695,stair_down
1769345250.2365413,-0.912231,0.411987,0.235718,-7.629396,11.352543,12.390141,stair_down
1769345250.258753,-0.832642,0.297363,0.250854,-0.183106,14.953617,13.854984,stair_down
1769345250.2764022,-0.763184,0.262695,0.253052,1.403809,12.512211,14.709476,stair_down
1769345250.2958834,-0.725830,0.241943,0.255615,0.793457,7.019045,14.892582,stair_down
1769345250.3153908,-0.705322,0.262939,0.270874,-0.610352,2.258301,11.108402,stair_down
1769345250.334629,-0.710083,0.276978,0.299561,-0.854492,-3.906251,6.469728,stair_down
1769345250.3546388,-0.728882,0.282959,0.309692,-2.807618,-5.981447,2.990724,stair_down
1769345250.3762624,-0.743408,0.259888,0.307007,-3.540040,-7.690432,1.342773,stair_down
1769345250.3963733,-0.758667,0.229126,0.234863,-6.652834,-5.920412,-4.516602,stair_down
1769345250.4296176,-0.763794,0.231323,0.198608,-9.704590,-5.310059,-6.713869,stair_down
1769345250.437696,-0.759644,0.276733,0.223877,-9.277344,-5.798342,-5.676271,stair_down
1769345250.4577732,-0.824097,0.288330,0.224365,-8.422852,-6.591799,-3.417970,stair_down
1769345250.474363,-0.849243,0.298828,0.209595,-7.385256,-0.915528,0.427246,stair_down
1769345250.4943452,-0.791992,0.295166,0.168335,-7.202150,-0.549316,1.647950,stair_down
1769345250.5162117,-0.754883,0.291260,0.136597,-7.751467,0.122070,5.981447,stair_down
1769345250.5367901,-0.723267,0.288696,0.145142,-8.850098,1.708985,8.239746,stair_down
1769345250.5563962,-0.694214,0.311157,0.188721,-9.887695,-0.366211,10.314941,stair_down
1769345250.5763633,-0.746094,0.338867,0.197754,-8.239746,-2.624512,7.507326,stair_down
1769345250.5932105,-0.746460,0.329102,0.238892,-3.967286,1.647950,3.967286,stair_down
1769345250.6133745,-0.718994,0.311646,0.261230,-2.136230,4.089355,1.281738,stair_down
1769345250.6325321,-0.730957,0.301880,0.286011,1.770020,8.056641,-0.305176,stair_down
1769345250.6543944,-0.746094,0.285156,0.320801,4.394531,10.864258,-2.929688,stair_down
1769345250.6726484,-0.762451,0.312500,0.276489,6.835939,6.103518,-1.342773,stair_down
1769345250.6967788,-0.790771,0.345947,0.167236,7.263186,1.037598,1.342773,stair_down
1769345250.7164001,-0.835693,0.414551,0.153076,5.798342,-11.718754,1.342773,stair_down
1769345250.7334855,-1.119263,0.424438,0.265137,2.441406,-20.568848,4.516602,stair_down
1769345250.7564037,-1.503418,0.360718,0.425171,0.427246,-11.840824,7.873537,stair_down
1769345250.7766554,-1.567139,0.295288,0.460693,2.075195,11.108402,7.507326,stair_down
1769345250.7943516,-1.195679,0.086670,0.438843,5.249023,-1.281738,-2.868653,stair_down
1769345250.813928,-1.136475,0.115479,0.457153,6.286623,-17.395020,-9.338379,stair_down
1769345250.8332293,-1.189453,0.175903,0.506836,15.686039,-22.216805,-15.991215,stair_down
1769345250.8514988,-1.209839,0.207886,0.461914,19.592285,-14.160160,-21.972656,stair_down
1769345250.8747675,-1.171997,0.252563,0.375977,22.216805,-9.277344,-24.841316,stair_down
1769345250.8943675,-1.213867,0.235474,0.328369,17.883301,-6.774904,-25.634773,stair_down
1769345250.9104764,-1.141479,0.247192,0.289429,10.803223,-5.004883,-20.690918,stair_down
1769345250.9316342,-1.085205,0.261353,0.267700,11.108402,0.549316,-13.488773,stair_down
1769345250.9527104,-0.995605,0.253296,0.249023,15.747074,7.690432,-9.399414,stair_down
1769345250.9753304,-0.908813,0.206543,0.228394,17.395020,10.559082,-5.187988,stair_down
1769345250.994596,-0.869507,0.174438,0.189941,17.272949,10.681152,-3.417970,stair_down
1769345251.0130565,-0.848999,0.145142,0.175537,16.662598,8.422852,-2.380371,stair_down
1769345251.0343137,-0.879272,0.112427,0.189697,14.587406,7.690432,0.305176,stair_down
1769345251.054312,-0.902344,0.086792,0.213501,8.300781,10.803223,-2.197266,stair_down
1769345251.074476,-0.894165,0.079224,0.228027,7.263186,13.977055,-3.417970,stair_down
1769345251.0933516,-0.846436,0.075195,0.220703,5.676271,12.695316,-6.469728,stair_down
1769345251.111233,-0.808594,0.080078,0.202393,3.784181,3.784181,-9.155273,stair_down
1769345251.1414356,-0.845947,0.108276,0.191528,1.403809,-5.981447,-11.657719,stair_down
1769345251.1624722,-0.890381,0.138550,0.186768,0.305176,-8.911133,-12.390141,stair_down
1769345251.1774056,-0.918091,0.193970,0.161987,0.061035,-10.742188,-13.671879,stair_down
1769345251.1932917,-0.930176,0.195190,0.156006,-2.258301,-8.789063,-7.873537,stair_down
1769345251.213298,-0.930176,0.276489,0.172241,-1.770020,-13.000492,-6.042482,stair_down
1769345251.2320116,-0.980713,0.263672,0.217896,-0.366211,-12.207035,-2.624512,stair_down
1769345251.2521465,-0.989380,0.262573,0.262695,-0.061035,-9.155273,0.732422,stair_down
1769345251.2746494,-1.002319,0.237061,0.288452,3.662110,-2.380371,4.516602,stair_down
1769345251.2935107,-0.936157,0.197144,0.270142,5.249023,1.464844,4.760742,stair_down
1769345251.3132079,-0.775879,0.132446,0.211670,2.075195,1.037598,7.690432,stair_down
1769345251.3350296,-0.757935,0.158691,0.177246,-2.746582,-8.056641,6.347658,stair_down
1769345251.350645,-0.766113,0.189087,0.162720,-2.258301,-13.671879,8.056641,stair_down
1769345251.3735206,-0.803223,0.201904,0.148315,-5.737307,-16.174316,5.249023,stair_down
1769345251.394012,-0.778564,0.209229,0.128540,-8.483887,-15.136723,7.751467,stair_down
1769345251.4123726,-0.778687,0.228271,0.119141,-10.498047,-16.845703,6.347658,stair_down
1769345251.4316244,-0.740234,0.240234,0.128418,-7.873537,-12.207035,7.873537,stair_down
1769345251.4529042,-0.769287,0.259277,0.157837,-2.807618,-14.648441,6.286623,stair_down
1769345251.4725037,-0.790161,0.259521,0.148315,4.821777,-10.070801,5.249023,stair_down
1769345251.4934916,-0.794922,0.233521,0.139038,10.070801,-7.751467,3.051759,stair_down
1769345251.5164173,-0.808472,0.199951,0.130859,12.756351,-5.615236,7.263186,stair_down
1769345251.527318,-0.897827,0.173950,0.135742,12.390141,-5.493164,11.535648,stair_down
1769345251.5565822,-0.946167,0.180420,0.141113,12.634281,3.234864,12.023930,stair_down
1769345251.5755935,-0.891724,0.159912,0.156860,10.498047,9.277344,13.610844,stair_down
1769345251.5966227,-0.863647,0.157837,0.161743,4.699707,10.742188,15.991215,stair_down
1769345251.6163638,-0.869629,0.161255,0.173218,0.366211,12.084965,15.502934,stair_down
1769345251.6338603,-0.868286,0.178345,0.174927,-5.737307,10.314941,12.451176,stair_down
1769345251.6537373,-0.937256,0.219238,0.230591,-12.512211,6.347658,10.192871,stair_down
1769345251.6763172,-1.094116,0.256348,0.361938,-22.399910,0.122070,8.483887,stair_down
1769345251.6948307,-1.344482,0.311890,0.498901,-26.550301,5.004883,9.826660,stair_down
1769345251.718049,-1.424805,0.295044,0.519531,-16.784668,40.283203,8.239746,stair_down
1769345251.7361774,-1.046387,0.234131,0.438354,-13.366703,50.231949,6.286623,stair_down
1769345251.7580411,-0.783447,0.220337,0.371704,-20.568848,20.019531,0.793457,stair_down
1769345251.77641,-0.952515,0.342773,0.454590,-31.799324,-9.399414,3.540040,stair_down
1769345251.7972443,-1.264648,0.458984,0.543945,-36.315918,-9.094238,2.563477,stair_down
1769345251.8170485,-1.369629,0.465576,0.558105,-31.372078,9.033203,3.967286,stair_down
1769345251.8364959,-1.008179,0.333252,0.411743,-22.766121,19.104004,0.610352,stair_down
1769345251.856364,-0.858765,0.298340,0.315674,-21.972656,3.662110,-1.159668,stair_down
1769345251.867319,-0.797119,0.342896,0.239624,-20.019531,-11.230473,0.366211,stair_down
1769345251.9026203,-0.842773,0.378784,0.163208,-16.235352,-12.390141,3.173829,stair_down
1769345251.916266,-0.854126,0.373901,0.136353,-12.939457,-6.958010,7.263186,stair_down
1769345251.9379642,-0.825317,0.349487,0.106201,-6.469728,1.464844,10.864258,stair_down
1769345251.959014,-0.826538,0.305054,0.110474,-3.967286,1.403809,7.141115,stair_down
1769345251.9765086,-0.755615,0.283569,0.219971,-3.845216,0.427246,7.629396,stair_down
1769345251.991526,-0.788330,0.278442,0.290283,-6.164553,-0.610352,8.056641,stair_down
1769345252.013278,-0.779297,0.294312,0.331299,-6.958010,4.028320,6.164553,stair_down
1769345252.0344238,-0.692993,0.301025,0.345581,-5.676271,7.385256,-0.122070,stair_down
1769345252.0531197,-0.632690,0.298950,0.317017,-5.126953,-2.014160,-7.751467,stair_down
1769345252.07393,-0.648315,0.286133,0.275391,-7.202150,-8.117676,-14.160160,stair_down
1769345252.0935822,-0.670532,0.297729,0.226563,-7.812502,-8.483887,-13.061527,stair_down
1769345252.1103914,-0.721191,0.291138,0.163818,-10.070801,-9.826660,-11.474613,stair_down
1769345252.13477,-0.762329,0.299194,0.158569,-12.268070,-12.512211,-8.605957,stair_down
1769345252.1530125,-0.836914,0.311768,0.166016,-10.681152,-11.047363,-3.723145,stair_down
1769345252.1727405,-0.815308,0.304199,0.160522,-9.460449,-2.136230,0.793457,stair_down
1769345252.1940029,-0.745117,0.317749,0.150269,-8.483887,1.342773,6.408693,stair_down
1769345252.2074099,-0.698120,0.329468,0.156616,-9.033203,-2.258301,9.826660,stair_down
1769345252.2312322,-0.777222,0.379761,0.220825,-10.559082,-16.784668,9.277344,stair_down
1769345252.2500334,-0.832275,0.405884,0.296265,-6.408693,-11.413578,8.911133,stair_down
1769345252.272776,-0.855957,0.405151,0.352661,0.549316,-6.225588,9.216309,stair_down
1769345252.2928247,-0.880005,0.382935,0.350952,6.774904,6.408693,10.559082,stair_down
1769345252.31526,-0.804077,0.361938,0.303589,11.596684,20.446777,12.207035,stair_down
1769345252.3334723,-0.711792,0.372192,0.236328,12.756351,19.104004,10.925293,stair_down
1769345252.3526385,-0.747925,0.402710,0.209351,8.728027,5.187988,12.512211,stair_down
1769345252.3746753,-1.238159,0.418945,0.310059,2.746582,-1.647950,16.967773,stair_down
1769345252.3940978,-1.340088,0.355469,0.311646,1.831055,16.174316,17.211914,stair_down
1769345252.4130738,-1.187988,0.265747,0.343140,3.967286,11.901859,17.395020,stair_down
1769345252.4335973,-1.151733,0.221802,0.442017,8.911133,0.305176,10.620117,stair_down
1769345252.4578269,-1.137329,0.240967,0.489990,14.953617,4.577637,2.258301,stair_down
1769345252.4716136,-1.102417,0.259399,0.484009,21.301270,-7.690432,-7.690432,stair_down
1769345252.4921746,-1.248413,0.265747,0.360474,23.071297,-22.094727,-18.981934,stair_down
1769345252.5138571,-1.294067,0.283203,0.321899,22.766121,-20.996094,-24.658211,stair_down
1769345252.536362,-1.306641,0.321655,0.308105,21.972656,-13.427738,-22.277840,stair_down
1769345252.5561736,-1.176392,0.373901,0.317139,24.597176,-4.089355,-22.949226,stair_down
1769345252.5692549,-1.051147,0.388306,0.319092,30.212410,-0.366211,-17.333984,stair_down
1769345252.5973387,-0.945435,0.368652,0.285278,33.447266,-0.061035,-16.906738,stair_down
1769345252.631895,-0.876709,0.286865,0.218384,35.522461,0.915528,-11.901859,stair_down
1769345252.6369057,-0.811523,0.230713,0.179688,35.095215,2.441406,-8.972168,stair_down
1769345252.6538317,-0.751587,0.189209,0.165283,31.860359,0.915528,-5.920412,stair_down
1769345252.6763387,-0.766479,0.159302,0.165894,28.686531,0.427246,-2.197266,stair_down
1769345252.6956303,-0.759277,0.151611,0.166016,24.719246,5.310059,-5.493164,stair_down
1769345252.7172432,-0.716187,0.115112,0.166992,22.888191,3.906251,-5.798342,stair_down
1769345252.734363,-0.717163,0.107178,0.166748,17.333984,-3.784181,-8.056641,stair_down
1769345252.7537,-0.751953,0.098022,0.195801,13.061527,-8.117676,-9.643555,stair_down
1769345252.7776604,-0.747925,0.101929,0.196411,9.948730,-10.009766,-11.352543,stair_down
1769345252.795598,-0.753418,0.127808,0.175659,7.385256,-13.977055,-12.573246,stair_down
1769345252.8114674,-0.787476,0.182495,0.145630,4.760742,-19.775391,-17.211914,stair_down
1769345252.8349621,-0.827271,0.210449,0.134766,6.103518,-17.272949,-14.831547,stair_down
1769345252.8533468,-0.825684,0.239990,0.122803,6.225588,-13.977055,-10.864258,stair_down
1769345252.8734,-0.829224,0.276611,0.116821,11.169437,-6.652834,-6.042482,stair_down
1769345252.8888333,-0.848999,0.267822,0.130371,12.573246,-3.112794,-5.432129,stair_down
1769345252.9146233,-0.867310,0.268066,0.145264,12.023930,-2.624512,-4.638672,stair_down
1769345252.93566,-0.894775,0.262817,0.153320,11.535648,0.732422,-1.953125,stair_down
1769345252.9546518,-0.908447,0.254028,0.170776,11.291508,1.281738,-1.037598,stair_down
1769345252.9717498,-0.949219,0.236206,0.196533,9.765625,5.065918,0.427246,stair_down
1769345252.9931853,-0.959839,0.238159,0.214233,8.850098,9.277344,1.464844,stair_down
1769345253.0132513,-0.941772,0.241943,0.187378,11.352543,19.714355,0.976563,stair_down
1769345253.0327644,-0.889038,0.231812,0.138794,11.108402,21.545410,1.220703,stair_down
1769345253.054838,-0.882202,0.230835,0.138794,3.173829,9.216309,-0.244141,stair_down
1769345253.0755312,-1.075806,0.273682,0.241333,-4.028320,-6.347658,1.892090,stair_down
1769345253.095204,-1.391846,0.301880,0.411865,-4.333496,-0.671387,4.455566,stair_down
1769345253.11063,-1.487549,0.288330,0.484619,0.732422,23.437508,4.943848,stair_down
1769345253.1345596,-1.287476,0.231323,0.436890,6.103518,41.503906,0.976563,stair_down
1769345253.1514654,-0.919067,0.182495,0.373169,7.690432,27.771004,-4.699707,stair_down
1769345253.1743703,-0.817749,0.230347,0.350220,2.746582,12.146000,-6.469728,stair_down
1769345253.1951356,-0.851929,0.336060,0.318481,-3.906251,0.366211,-6.835939,stair_down
1769345253.214619,-0.977417,0.414917,0.290771,-10.070801,-12.268070,-7.873537,stair_down
1769345253.230052,-1.176880,0.442017,0.302002,-19.592285,-15.319828,-2.868653,stair_down
1769345253.251008,-1.280518,0.458130,0.326904,-20.996094,-4.455566,1.037598,stair_down
1769345253.2753265,-1.020264,0.397705,0.331909,-15.869144,11.230473,5.004883,stair_down
1769345253.2934885,-0.848755,0.388184,0.273926,-10.009766,4.455566,5.798342,stair_down
1769345253.3161654,-0.796631,0.406738,0.186646,-2.807618,-3.845216,0.671387,stair_down
1769345253.3395479,-0.781128,0.339722,0.135010,1.220703,-1.220703,6.591799,stair_down
1769345253.35311,-0.821289,0.330322,0.103149,3.967286,3.417970,6.652834,stair_down
1769345253.3735442,-0.872437,0.291626,0.090942,10.070801,11.474613,7.019045,stair_down
1769345253.3963146,-0.800903,0.278564,0.128784,12.573246,17.517090,8.056641,stair_down
1769345253.4104166,-0.775757,0.284302,0.193359,11.962894,6.774904,5.004883,stair_down
1769345253.4356875,-0.752441,0.300171,0.251343,10.253906,2.136230,1.159668,stair_down
1769345253.4560788,-0.733398,0.319458,0.288330,9.521484,-2.014160,-0.366211,stair_down
1769345253.471365,-0.699341,0.331787,0.288696,8.972168,-5.065918,-4.211426,stair_down
1769345253.4922416,-0.657593,0.326416,0.271729,7.202150,-12.817387,-7.263186,stair_down
1769345253.516146,-0.694458,0.328857,0.244385,3.295899,-21.057129,-10.009766,stair_down
1769345253.533925,-0.748047,0.333618,0.205688,0.732422,-15.930180,-7.507326,stair_down
1769345253.547641,-0.758789,0.330444,0.167969,1.037598,-18.249512,-6.164553,stair_down
1769345253.5739036,-0.792603,0.305176,0.135010,0.305176,-13.854984,-2.685547,stair_down
1769345253.5951939,-0.801025,0.289551,0.117432,-1.098633,-13.183598,1.098633,stair_down
1769345253.6143034,-0.834961,0.303345,0.096558,-1.770020,-13.366703,0.061035,stair_down
1769345253.6363156,-0.820190,0.299316,0.087158,-2.746582,-8.605957,4.760742,stair_down
1769345253.6514142,-0.820923,0.321167,0.098389,-5.004883,-8.300781,8.178711,stair_down
1769345253.6736217,-0.786255,0.338867,0.112305,-3.234864,-2.929688,10.131836,stair_down
1769345253.6865191,-0.735229,0.351563,0.115845,-3.967286,-3.356935,10.253906,stair_down
1769345253.7143404,-0.735840,0.388184,0.111084,-1.586915,-1.892090,7.751467,stair_down
1769345253.7333083,-0.717407,0.399414,0.098145,0.549316,0.732422,4.089355,stair_down
1769345253.752527,-0.730347,0.424561,0.095825,3.723145,-2.380371,0.915528,stair_down
1769345253.7732391,-0.799194,0.435669,0.124268,6.774904,-6.225588,-1.403809,stair_down
1769345253.794528,-0.889648,0.438599,0.226318,1.037598,-26.245125,-0.183106,stair_down
1769345253.8146148,-1.368530,0.427368,0.327393,-0.610352,-30.944832,2.380371,stair_down
1769345253.8332124,-1.620483,0.392212,0.404297,-0.183106,-8.300781,5.798342,stair_down
1769345253.8563278,-1.439453,0.373169,0.435791,9.216309,17.333984,4.272461,stair_down
1769345253.8747146,-1.115234,0.325073,0.462158,22.949226,18.859863,-2.014160,stair_down
1769345253.8939803,-0.941040,0.304932,0.504150,32.104492,10.314941,-4.089355,stair_down
1769345253.9120026,-0.988892,0.300659,0.466431,34.729004,-3.601075,-6.408693,stair_down
1769345253.9343731,-1.074829,0.264648,0.299072,25.512703,-17.761230,-11.291508,stair_down
1769345253.9506302,-1.124878,0.272949,0.292603,15.563969,-26.550301,-7.568361,stair_down
1769345253.9761744,-1.149170,0.328979,0.349243,12.817387,-28.503426,-3.295899,stair_down
1769345253.9949744,-1.134766,0.349731,0.393555,18.615723,-21.362305,-3.479005,stair_down
1769345254.0130076,-0.995972,0.339478,0.366943,21.179199,-13.549809,-5.737307,stair_down
1769345254.0344892,-0.928711,0.361450,0.297119,24.780281,-14.648441,-8.911133,stair_down
1769345254.0520444,-0.954102,0.337524,0.240234,24.536140,-14.526371,-9.521484,stair_down
1769345254.07617,-0.903076,0.338501,0.177979,28.259285,-14.160160,-8.117676,stair_down
1769345254.1034007,-0.898682,0.315796,0.185059,28.564461,-14.465336,-6.469728,stair_down
1769345254.1303194,-0.872681,0.319824,0.181519,31.066902,-10.070801,-7.202150,stair_down
1769345254.1303194,-0.835449,0.293091,0.180542,35.583496,-10.559082,-8.239746,stair_down
1769345254.1533895,-0.815430,0.262695,0.181030,35.644531,-10.192871,-9.704590,stair_down
1769345254.1747248,-0.784302,0.258423,0.174316,34.240723,-10.253906,-14.221195,stair_down
1769345254.195887,-0.775024,0.255127,0.186035,34.484863,-12.512211,-16.601563,stair_down
1769345254.2130194,-0.759277,0.280029,0.195068,35.339355,-15.258793,-19.958496,stair_down
1769345254.2348478,-0.792603,0.290894,0.216553,35.034180,-18.371582,-22.583015,stair_down
1769345254.253322,-0.837402,0.316650,0.207153,36.132813,-15.930180,-22.949226,stair_down
1769345254.2705355,-0.830200,0.334473,0.194702,37.536621,-12.939457,-22.766121,stair_down
1769345254.291415,-0.819092,0.359985,0.177002,39.001465,-15.258793,-22.583015,stair_down
1769345254.3135655,-0.856812,0.360596,0.170044,40.283203,-15.808109,-18.127441,stair_down
1769345254.333497,-0.947632,0.376221,0.222168,42.175293,-11.779789,-12.817387,stair_down
1769345254.355209,-1.017456,0.351440,0.267090,41.442871,-4.943848,-8.361816,stair_down
1769345254.3747928,-1.008057,0.360596,0.260742,40.893555,2.197266,-8.361816,stair_down
1769345254.3920045,-0.955566,0.337402,0.220581,42.480469,3.479005,-8.666992,stair_down
1769345254.4125628,-0.905884,0.346924,0.182251,36.743164,-0.366211,-9.643555,stair_down
1769345254.4306707,-0.961792,0.396484,0.203247,28.625496,-16.418457,-8.850098,stair_down
1769345254.456615,-1.290527,0.474121,0.329346,21.484375,-22.583015,-9.338379,stair_down
1769345254.4737995,-1.318848,0.455566,0.391968,27.282722,-11.169437,-8.666992,stair_down
1769345254.4953694,-1.184814,0.369019,0.357056,37.658691,3.234864,-9.521484,stair_down
1769345254.514831,-0.929443,0.238281,0.280640,42.724609,16.357422,-6.225588,stair_down
1769345254.5345945,-0.623413,0.206665,0.208862,43.273926,8.483887,-10.925293,stair_down
1769345254.5543194,-0.481689,0.196533,0.213135,40.588379,-17.456055,-12.390141,stair_down
1769345254.576142,-0.594849,0.244019,0.258667,37.353516,-29.235847,-15.869144,stair_down
1769345254.595398,-0.718750,0.287109,0.339111,37.170410,-28.808601,-23.986824,stair_down
1769345254.6126223,-0.820068,0.280640,0.400513,33.447266,-26.550301,-32.531738,stair_down
1769345254.6318305,-0.901367,0.270996,0.499756,31.860359,-25.146492,-36.071777,stair_down
1769345254.6563601,-1.041016,0.229004,0.588867,31.738289,-16.479492,-30.822762,stair_down
1769345254.6777112,-0.925659,0.271851,0.578735,31.738289,-9.643555,-37.048340,stair_down
1769345254.6934896,-0.802368,0.279053,0.514893,36.315918,-20.446777,-35.644531,stair_down
1769345254.7141619,-0.847412,0.281372,0.436035,38.635254,-23.925789,-32.958984,stair_down
1769345254.7337537,-0.857422,0.278076,0.336426,40.100098,-16.784668,-23.803719,stair_down
1769345254.755585,-0.890259,0.260376,0.262329,37.658691,-11.535648,-17.517090,stair_down
1769345254.775075,-0.855713,0.246704,0.230591,32.287598,-9.521484,-14.587406,stair_down
1769345254.796145,-0.828003,0.236450,0.214478,25.573738,-10.925293,-11.108402,stair_down
1769345254.8135388,-0.832397,0.244507,0.240112,20.019531,-13.488773,-7.141115,stair_down
1769345254.8328292,-0.861816,0.271362,0.290649,17.517090,-15.991215,-4.760742,stair_down
1769345254.8539393,-0.864502,0.318115,0.359009,18.920898,-11.657719,-5.737307,stair_down
1769345254.8747342,-0.840332,0.331177,0.378418,20.751953,-9.460449,-8.361816,stair_down
1769345254.8962657,-0.843140,0.343628,0.383179,22.094727,-8.178711,-12.207035,stair_down
1769345254.9179122,-0.801147,0.348267,0.355103,25.146492,-2.502441,-17.395020,stair_down
1769345254.9366913,-0.880615,0.350342,0.302490,26.977547,-6.835939,-20.446777,stair_down
1769345254.9559693,-0.848267,0.367554,0.285034,28.564461,-2.441406,-16.357422,stair_down
1769345254.9715722,-0.886841,0.367920,0.276489,26.977547,-0.610352,-10.498047,stair_down
1769345254.9870396,-0.936646,0.376587,0.255737,24.292000,0.000000,-5.249023,stair_down
1769345255.0157785,-0.917236,0.348022,0.253784,19.897461,3.051759,2.502441,stair_down
1769345255.0332413,-0.934692,0.340576,0.268799,14.465336,1.770020,7.812502,stair_down
1769345255.0532515,-0.925171,0.355469,0.305664,13.183598,2.807618,9.338379,stair_down
1769345255.0742793,-0.938354,0.345947,0.347656,12.023930,1.464844,7.934572,stair_down
1769345255.095381,-0.946533,0.354126,0.354126,9.582520,-3.356935,0.732422,stair_down
1769345255.109043,-0.991089,0.312012,0.336182,4.638672,-15.563969,-6.469728,stair_down
1769345255.1315246,-1.059814,0.315186,0.343262,0.671387,-20.751953,-9.155273,stair_down
1769345255.1533952,-1.111328,0.333618,0.372925,4.272461,-20.507813,-9.094238,stair_down
1769345255.1743627,-1.094116,0.329712,0.398438,11.474613,-14.587406,-10.314941,stair_down
1769345255.1943328,-0.964966,0.304810,0.375977,20.690918,-6.835939,-8.666992,stair_down
1769345255.2146547,-0.856445,0.256714,0.328979,27.343758,-1.770020,-3.967286,stair_down
1769345255.2287242,-0.814819,0.228149,0.298340,32.531738,2.197266,-4.577637,stair_down
1769345255.2554684,-0.703857,0.147217,0.267212,41.381836,11.901859,4.028320,stair_down
1769345255.269754,-0.673462,0.099365,0.284546,32.287598,11.779789,2.563477,stair_down
1769345255.293123,-0.680786,0.106323,0.267700,29.785164,4.699707,6.347658,stair_down
1769345255.311299,-0.772705,0.045166,0.301514,19.042969,1.708985,11.718754,stair_down
1769345255.332704,-0.886353,0.074463,0.333252,5.615236,-7.141115,4.577637,stair_down
1769345255.355489,-0.960571,0.092163,0.354492,2.075195,-15.747074,-0.610352,stair_down
1769345255.3753521,-1.056641,0.083008,0.394165,-2.319336,-22.644051,-7.629396,stair_down
1769345255.3913338,-1.071289,0.168823,0.400269,4.760742,-18.127441,-15.991215,stair_down
1769345255.412912,-0.944336,0.191040,0.364624,13.549809,-15.319828,-24.902351,stair_down
1769345255.4352438,-0.864868,0.229004,0.313965,20.141602,-16.479492,-26.184090,stair_down
1769345255.4522862,-0.884277,0.297485,0.269043,15.991215,-17.944336,-30.456551,stair_down
1769345255.4717586,-0.859375,0.346313,0.226074,24.902351,-16.479492,-25.817879,stair_down
1769345255.4933205,-0.900879,0.348145,0.200928,26.794441,-12.329105,-18.432617,stair_down
1769345255.5155978,-0.836304,0.340210,0.187378,32.592773,-5.493164,-9.399414,stair_down
1769345255.5350132,-0.858887,0.300415,0.196533,34.667969,-1.403809,-6.469728,stair_down
1769345255.5521595,-0.831055,0.262817,0.200928,36.560059,-1.953125,-7.202150,stair_down
1769345255.5744815,-0.869385,0.209961,0.225464,31.921394,-3.112794,-4.089355,stair_down
1769345255.59524,-0.906006,0.216675,0.249756,33.630371,-7.385256,-7.324221,stair_down
1769345255.612538,-0.933838,0.202515,0.271362,34.057617,-6.042482,-7.324221,stair_down
1769345255.6353934,-0.894897,0.216187,0.272827,34.973145,-6.530764,-7.385256,stair_down
1769345255.656413,-0.883423,0.260864,0.218018,38.757324,-7.141115,-11.596684,stair_down
1769345255.6685448,-0.880371,0.294312,0.182007,41.381836,-9.399414,-14.038090,stair_down
1769345255.6938663,-0.889648,0.341064,0.148560,42.114258,-9.216309,-13.183598,stair_down
1769345255.7149389,-0.923950,0.345337,0.164551,44.677750,-10.192871,-9.948730,stair_down
1769345255.7353015,-0.986450,0.346313,0.203857,45.654312,-5.676271,-7.751467,stair_down
1769345255.7691262,-1.005859,0.311646,0.265747,47.729507,0.000000,-7.263186,stair_down
1769345255.7691262,-1.004761,0.278198,0.288452,47.973648,0.854492,-9.094238,stair_down
1769345255.7952714,-1.012817,0.285400,0.297729,43.640137,-4.333496,-9.338379,stair_down
1769345255.814478,-1.066406,0.327393,0.329224,37.292480,-16.174316,-11.413578,stair_down
1769345255.8389683,-1.138550,0.345093,0.361816,38.146973,-19.470215,-10.620117,stair_down
1769345255.866427,-1.072510,0.319336,0.363403,38.146973,-17.639160,-13.366703,stair_down
1769345255.8745363,-0.964233,0.290161,0.370972,37.963867,-24.169930,-16.540527,stair_down
1769345255.894089,-0.978027,0.265015,0.407104,39.978027,-26.916512,-17.761230,stair_down
1769345255.914853,-0.982056,0.247803,0.314331,45.227066,-7.141115,-16.540527,stair_down
1769345255.9354742,-0.802612,0.227173,0.224243,49.560562,1.464844,-15.747074,stair_down
1769345255.9638388,-0.666016,0.198853,0.183105,51.147476,1.708985,-16.113281,stair_down
1769345255.9718645,-0.579590,0.198975,0.256714,52.063004,-8.483887,-18.676758,stair_down
1769345255.994869,-0.660278,0.231445,0.379883,50.109879,-15.197758,-23.193367,stair_down
1769345256.0135972,-0.790039,0.287354,0.461426,49.987808,-12.573246,-27.404793,stair_down
1769345256.03468,-0.855835,0.319214,0.555908,54.016129,-5.676271,-35.400391,stair_down
1769345256.056591,-0.872437,0.255981,0.620850,52.124039,-10.620117,-33.752441,stair_down
1769345256.0743215,-0.848022,0.255371,0.586792,50.598160,-13.610844,-35.156250,stair_down
1769345256.0955489,-0.736206,0.231934,0.522339,46.997086,-31.677254,-39.123535,stair_down
1769345256.114733,-0.816040,0.265381,0.446045,41.931152,-41.992188,-34.851074,stair_down
1769345256.133476,-0.895142,0.293457,0.375122,44.006348,-35.095215,-28.869637,stair_down
1769345256.1527588,-0.888794,0.255249,0.297363,43.518066,-25.634773,-20.202637,stair_down
1769345256.1727664,-0.883789,0.234253,0.216675,40.283203,-12.634281,-11.718754,stair_down
1769345256.1964624,-0.865479,0.213379,0.229736,37.231445,-9.582520,-6.408693,stair_down
1769345256.215146,-0.876587,0.239380,0.273682,32.714844,-7.263186,-1.708985,stair_down
1769345256.2349837,-0.860229,0.272705,0.322998,32.653809,-4.577637,1.525879,stair_down
1769345256.255109,-0.810791,0.297485,0.367188,32.775879,-6.652834,-2.197266,stair_down
1769345256.2963047,-0.801514,0.315430,0.426636,33.752441,-15.014652,-8.728027,stair_down
1769345256.2963047,-0.889038,0.309937,0.391602,34.545898,-11.474613,-8.728027,stair_down
1769345256.3132837,-0.801514,0.304077,0.342407,34.973145,-9.094238,-11.169437,stair_down
1769345256.3353162,-0.869263,0.321899,0.299194,32.226563,-8.850098,-10.437012,stair_down
1769345256.3565047,-0.908569,0.332397,0.279175,30.883797,-4.272461,-8.972168,stair_down
1769345256.3752792,-0.940063,0.337646,0.280884,28.259285,-0.915528,-4.638672,stair_down
1769345256.3948011,-0.994873,0.331543,0.268433,25.146492,0.366211,-0.488281,stair_down
1769345256.415323,-0.989380,0.332520,0.247925,21.728516,4.760742,3.784181,stair_down
1769345256.4301913,-0.981567,0.344604,0.279419,17.150879,8.728027,9.521484,stair_down
1769345256.454501,-0.981323,0.360962,0.315186,16.113281,7.568361,7.934572,stair_down
1769345256.474564,-1.010742,0.355469,0.358398,13.183598,2.502441,2.685547,stair_down
1769345256.4928439,-1.044922,0.336548,0.378662,9.277344,-5.432129,-2.502441,stair_down
1769345256.5133822,-1.077148,0.321045,0.366089,7.690432,-9.826660,-5.798342,stair_down
1769345256.5347319,-1.054565,0.311035,0.364380,9.826660,-4.333496,-6.530764,stair_down
1769345256.5549536,-0.977661,0.289917,0.407349,16.662598,-3.051759,-6.225588,stair_down
1769345256.5739164,-0.877930,0.241943,0.421265,29.479988,12.329105,0.915528,stair_down
1769345256.595104,-0.756470,0.184570,0.354736,37.048340,16.723633,0.854492,stair_down
1769345256.6143713,-0.674438,0.124146,0.324097,33.020020,13.732914,0.000000,stair_down
1769345256.6355815,-0.714966,0.137939,0.302979,30.212410,7.263186,2.563477,stair_down
1769345256.6543326,-0.814209,0.117554,0.329346,21.850586,-0.732422,2.441406,stair_down
1769345256.6737304,-0.863525,0.141113,0.353760,12.756351,-12.268070,0.793457,stair_down
1769345256.6951048,-0.903320,0.201904,0.373413,6.958010,-22.949226,-1.159668,stair_down
1769345256.7142625,-0.929443,0.238525,0.400146,10.803223,-23.986824,-3.906251,stair_down
1769345256.7349179,-0.856812,0.274170,0.394897,17.211914,-22.583015,-9.521484,stair_down
1769345256.7509985,-0.832153,0.292603,0.358398,23.620613,-23.681648,-12.695316,stair_down
1769345256.7754738,-0.825806,0.339111,0.284424,29.418953,-21.728516,-14.648441,stair_down
1769345256.793631,-0.835449,0.350952,0.213989,32.958984,-18.920898,-14.831547,stair_down
1769345256.8145478,-0.856201,0.346924,0.181641,35.217285,-15.136723,-12.512211,stair_down
1769345256.8355174,-0.819946,0.361084,0.193359,37.414551,-10.864258,-8.361816,stair_down
1769345256.8534646,-0.841431,0.309814,0.237183,38.940430,-12.817387,-9.887695,stair_down
1769345256.8761861,-0.931152,0.260132,0.272095,37.048340,-7.873537,-9.948730,stair_down
1769345256.88736,-0.892334,0.257690,0.299438,35.644531,-5.554201,-11.657719,stair_down
1769345256.9163146,-0.914917,0.210571,0.292114,36.254883,-5.798342,-10.253906,stair_down
1769345256.9365678,-0.909668,0.211060,0.265381,34.729004,-6.469728,-10.498047,stair_down
1769345256.9536917,-0.901489,0.238770,0.238525,35.644531,-8.728027,-9.338379,stair_down
1769345256.9750621,-0.904175,0.273926,0.200317,34.301758,-8.666992,-11.901859,stair_down
1769345256.994391,-0.888550,0.311035,0.181885,33.630371,-8.544922,-11.413578,stair_down
1769345257.016387,-0.900146,0.343994,0.177734,34.423828,-9.338379,-9.948730,stair_down
1769345257.0348442,-0.922607,0.353027,0.185669,35.095215,-6.713869,-10.864258,stair_down
1769345257.054472,-0.967407,0.346680,0.219482,37.414551,-3.784181,-9.826660,stair_down
1769345257.0749903,-0.979248,0.304077,0.268677,37.170410,1.770020,-10.620117,stair_down
1769345257.095026,-0.961304,0.266113,0.251709,39.001465,3.417970,-12.695316,stair_down
1769345257.1155689,-0.892456,0.250732,0.215332,37.536621,2.502441,-13.244633,stair_down
1769345257.1454875,-0.914551,0.286133,0.170898,30.273445,-9.338379,-16.662598,stair_down
1769345257.153434,-1.082886,0.341187,0.244263,25.085457,-19.409180,-16.296387,stair_down
1769345257.2252007,-1.225708,0.359497,0.351440,23.315437,-13.183598,-13.427738,stair_down
1769345257.2252007,-1.096313,0.354248,0.391357,25.329597,-4.516602,-16.296387,stair_down
1769345257.2252007,-0.953613,0.272217,0.452026,30.090340,-13.549809,-20.996094,stair_down
1769345257.2361846,-0.885864,0.198853,0.469604,30.822762,-22.766121,-27.709969,stair_down
1769345257.2547042,-0.802734,0.186035,0.373413,31.250008,-20.751953,-31.738289,stair_down
1769345257.2746458,-0.694702,0.198730,0.274170,30.395515,-26.123055,-33.081055,stair_down
1769345257.2954676,-0.672363,0.258545,0.248901,34.912109,-29.602058,-31.250008,stair_down
1769345257.3153899,-0.660645,0.291138,0.311401,37.963867,-32.653809,-32.836914,stair_down
1769345257.3310711,-0.746948,0.313477,0.387207,40.222168,-29.174812,-35.888672,stair_down
1769345257.3560617,-0.794312,0.312500,0.499146,42.724609,-19.836426,-37.109375,stair_down
1769345257.3753653,-0.843628,0.274292,0.606689,40.710449,-20.690918,-37.109375,stair_down
1769345257.394905,-0.929443,0.249146,0.600830,38.085938,-13.244633,-32.897949,stair_down
1769345257.4141107,-0.803467,0.239624,0.512451,32.775879,-17.089844,-31.738289,stair_down
1769345257.4352226,-0.789185,0.264893,0.435669,33.142090,-27.465828,-25.085457,stair_down
1769345257.4514532,-0.893799,0.256958,0.368896,34.851074,-26.367195,-22.094727,stair_down
1769345257.4715023,-0.906250,0.246948,0.313599,35.400391,-15.136723,-17.517090,stair_down
1769345257.4925127,-0.851685,0.225464,0.268555,33.813477,-5.981447,-11.474613,stair_down
1769345257.5134594,-0.820313,0.182495,0.284302,31.066902,-10.681152,-11.352543,stair_down
1769345257.5268805,-0.838501,0.220093,0.338745,27.587898,-13.854984,-11.108402,stair_down
1769345257.5552754,-0.878784,0.235596,0.404541,26.611336,-8.239746,-13.122562,stair_down
1769345257.576214,-0.885254,0.263916,0.427979,28.930672,-5.859377,-15.380863,stair_down
1769345257.5944018,-0.859863,0.262573,0.438843,29.907234,-8.666992,-15.991215,stair_down
1769345257.6136053,-0.872314,0.256836,0.425171,30.639656,-11.108402,-15.747074,stair_down
1769345257.6355035,-0.895264,0.273071,0.368652,30.029305,-6.225588,-11.352543,stair_down
1769345257.6546164,-0.903320,0.278564,0.338257,31.127937,0.793457,-5.920412,stair_down
1769345257.6732693,-0.897949,0.270264,0.329468,29.785164,6.774904,-0.122070,stair_down
1769345257.686345,-0.893677,0.262939,0.327271,26.245125,8.666992,3.723145,stair_down
1769345257.7130623,-0.945068,0.243408,0.363159,18.798828,3.845216,4.150391,stair_down
1769345257.7349916,-1.058838,0.197266,0.467041,10.314941,-2.441406,5.737307,stair_down
1769345257.7531831,-1.068726,0.134033,0.505493,2.319336,4.638672,4.272461,stair_down
1769345257.7763066,-0.931641,0.125732,0.464844,0.976563,-1.525879,2.136230,stair_down
1769345257.795816,-0.911865,0.164917,0.499512,4.333496,-6.103518,1.281738,stair_down
1769345257.8137546,-0.914795,0.201904,0.510010,9.216309,-1.342773,-0.976563,stair_down
1769345257.836122,-0.871460,0.198120,0.443115,13.671879,7.019045,-1.586915,stair_down
1769345257.854905,-0.820679,0.170532,0.358521,14.282230,12.329105,1.953125,stair_down
1769345257.8746881,-0.764648,0.158691,0.304321,12.817387,11.169437,4.882813,stair_down
1769345257.8938081,-0.740479,0.132568,0.302979,4.760742,3.784181,9.399414,stair_down
1769345257.9152439,-0.776123,0.128906,0.352051,2.807618,-4.211426,13.061527,stair_down
1769345257.933635,-0.798218,0.120850,0.371948,-4.699707,-1.342773,8.789063,stair_down
1769345257.9516973,-0.839233,0.124756,0.375366,-8.178711,-7.263186,5.310059,stair_down
1769345257.9721513,-0.946167,0.113159,0.389160,-10.070801,-13.427738,0.366211,stair_down
1769345257.99473,-1.025513,0.123047,0.389526,-10.009766,-13.244633,-3.051759,stair_down
1769345258.0135863,-1.005859,0.148071,0.378052,-3.173829,-9.338379,-10.070801,stair_down
1769345258.033782,-0.948608,0.170166,0.358887,1.708985,-11.718754,-13.977055,stair_down
1769345258.056171,-0.914063,0.193115,0.321167,4.943848,-9.643555,-14.831547,stair_down
1769345258.0683658,-0.898315,0.232178,0.296265,7.629396,-7.202150,-12.573246,stair_down
1769345258.0934534,-0.889771,0.249756,0.280029,10.742188,-4.150391,-10.925293,stair_down
1769345258.1145277,-0.883179,0.236572,0.274780,9.094238,-1.464844,-11.230473,stair_down
1769345258.1337037,-0.872803,0.222168,0.284668,8.666992,-1.220703,-7.873537,stair_down
1769345258.1526117,-0.856934,0.190063,0.297974,9.765625,-3.784181,-8.361816,stair_down
1769345258.171621,-0.846680,0.166748,0.309692,7.507326,-5.187988,-8.728027,stair_down
1769345258.1934981,-0.845825,0.176147,0.308594,8.483887,-11.413578,-10.437012,stair_down
1769345258.2141438,-0.893433,0.173706,0.307983,8.666992,-15.075687,-12.512211,stair_down
1769345258.2273648,-0.908691,0.192505,0.293701,12.390141,-14.709476,-12.084965,stair_down
1769345258.255693,-0.939209,0.201538,0.281006,15.136723,-13.671879,-11.535648,stair_down
1769345258.273053,-0.934692,0.228149,0.254272,19.836426,-11.352543,-10.314941,stair_down
1769345258.2975001,-0.966553,0.258667,0.257324,23.498543,-7.995607,-9.460449,stair_down
1769345258.3117301,-0.983521,0.266968,0.269531,27.832039,-3.295899,-7.995607,stair_down
1769345258.334636,-0.987915,0.240845,0.289795,31.433113,1.464844,-7.385256,stair_down
1769345258.3536932,-0.964355,0.211670,0.304810,32.592773,3.417970,-8.117676,stair_down
1769345258.3727708,-0.957397,0.170654,0.321167,31.799324,2.929688,-7.812502,stair_down
1769345258.3953874,-0.995361,0.162964,0.316406,30.456551,5.126953,-7.873537,stair_down
1769345258.4163728,-1.024658,0.140503,0.348633,22.827156,3.479005,-4.333496,stair_down
1769345258.43358,-1.018311,0.159912,0.356201,17.150879,1.281738,-1.831055,stair_down
1769345258.4530437,-0.954590,0.176758,0.389526,13.671879,-1.525879,0.305176,stair_down
1769345258.4716046,-0.951904,0.187256,0.428955,14.587406,0.000000,2.441406,stair_down
1769345258.4923718,-0.872314,0.190308,0.427734,18.615723,9.033203,1.892090,stair_down
1769345258.5131762,-0.754639,0.192139,0.375122,22.033691,11.474613,1.220703,stair_down
1769345258.5323622,-0.717041,0.194824,0.330811,23.315437,8.728027,2.014160,stair_down
1769345258.5536606,-0.817017,0.208618,0.312866,19.226074,1.281738,1.098633,stair_down
1769345258.576414,-0.886353,0.201050,0.319214,13.854984,-0.915528,1.403809,stair_down
1769345258.59445,-0.921753,0.187012,0.365356,11.352543,-1.770020,-2.075195,stair_down
1769345258.616351,-0.896729,0.170654,0.399902,11.108402,-4.821777,-7.385256,stair_down
1769345258.6349685,-0.852295,0.190674,0.421875,13.183598,-8.361816,-11.108402,stair_down
1769345258.6545632,-0.805054,0.224609,0.428345,20.080566,-11.108402,-15.380863,stair_down
1769345258.6758008,-0.808228,0.288086,0.450073,29.357918,-15.869144,-20.812988,stair_down
1769345258.6947868,-0.848267,0.311646,0.461792,32.714844,-15.686039,-21.240234,stair_down
1769345258.7084987,-0.921631,0.327026,0.454224,32.104492,-13.305668,-21.118164,stair_down
1769345258.7342887,-0.960693,0.315308,0.453369,29.296883,-10.681152,-19.348145,stair_down
1769345258.8365288,-0.986816,0.289063,0.439941,23.681648,-8.911133,-14.465336,stair_down
1769345258.8443415,-0.968140,0.267944,0.396362,17.333984,-2.502441,-10.192871,stair_down
1769345258.8464086,-0.916748,0.271973,0.366943,17.761230,-2.868653,-6.164553,stair_down
1769345258.8489735,-0.831299,0.253906,0.341431,16.540527,3.479005,4.760742,stair_down
1769345258.8489735,-0.808228,0.251831,0.327637,16.662598,2.502441,6.591799,stair_down
1769345258.8803144,-0.804932,0.224121,0.324951,15.380863,5.126953,7.385256,stair_down
1769345258.8803144,-0.788452,0.207886,0.324463,12.573246,4.638672,7.202150,stair_down
1769345258.896527,-0.780884,0.210815,0.334595,9.216309,1.037598,4.394531,stair_down
1769345258.915712,-0.796997,0.219849,0.364136,7.385256,-3.051759,0.000000,stair_down
1769345258.9294035,-0.840332,0.235107,0.411987,4.882813,-9.338379,-5.920412,stair_down
1769345258.9534733,-0.883667,0.242798,0.413818,4.028320,-11.291508,-7.873537,stair_down
1769345258.9704404,-0.925659,0.244141,0.395752,3.356935,-9.460449,-7.202150,stair_down
1769345258.9925547,-0.931763,0.250488,0.357300,2.685547,-5.004883,-5.493164,stair_down
1769345259.0126157,-0.916138,0.261230,0.325195,2.136230,-4.760742,-2.197266,stair_down
1769345259.0346458,-0.924805,0.282104,0.306519,1.464844,-2.197266,1.586915,stair_down
1769345259.053908,-0.917847,0.293579,0.298218,0.732422,2.075195,5.187988,stair_down
1769345259.076197,-0.882568,0.284668,0.305176,-1.342773,7.080080,8.239746,stair_down
1769345259.0939085,-0.871582,0.270508,0.316528,-2.868653,8.422852,9.094238,stair_down
1769345259.1137216,-0.863403,0.256714,0.322876,-3.662110,9.643555,8.361816,stair_down
1769345259.1343317,-0.837280,0.248779,0.331055,-4.150391,9.704590,7.141115,stair_down
1769345259.1511953,-0.807251,0.253052,0.330200,-2.990724,9.643555,6.408693,stair_down
1769345259.1741116,-0.772949,0.263306,0.316650,-1.342773,10.192871,4.089355,stair_down
1769345259.1929014,-0.718628,0.276978,0.277222,-0.183106,9.033203,4.211426,stair_down
1769345259.2137914,-0.716919,0.312256,0.246460,0.244141,7.263186,4.089355,stair_down
1769345259.2348,-0.733154,0.328491,0.235718,-0.183106,8.239746,4.699707,stair_down
1769345259.2561576,-0.742188,0.338379,0.237061,-1.342773,7.263186,5.432129,stair_down
1769345259.2736585,-0.751831,0.333374,0.238037,-2.380371,7.873537,5.676271,stair_down
1769345259.2935343,-0.759155,0.321045,0.233521,-3.601075,7.690432,6.591799,stair_down
1769345259.3133104,-0.717529,0.310547,0.257935,-4.699707,6.835939,6.408693,stair_down
1769345259.3342953,-0.774292,0.340210,0.237183,-7.324221,1.281738,7.507326,stair_down
1769345259.3550885,-0.787598,0.330078,0.244263,-6.958010,0.305176,7.080080,stair_down
1769345259.376694,-0.778809,0.330688,0.234619,-5.920412,-0.122070,6.347658,stair_down
1769345259.3930638,-0.755493,0.312622,0.219360,-4.882813,1.098633,5.798342,stair_down
1769345259.4160585,-0.727173,0.317993,0.215210,-4.455566,-0.854492,5.126953,stair_down
1769345259.4349418,-0.734253,0.336792,0.222778,-3.173829,-2.136230,4.577637,stair_down
1769345259.4557252,-0.738892,0.345215,0.222778,-1.586915,-0.793457,4.882813,stair_down
1769345259.475842,-0.762329,0.355713,0.219604,3.417970,0.915528,4.455566,stair_down
1769345259.4914575,-0.860718,0.332642,0.280518,1.281738,-3.784181,3.845216,stair_down
1769345259.5148787,-1.051880,0.306641,0.399658,-4.882813,-11.169437,4.821777,stair_down
1769345259.5362542,-1.271606,0.283447,0.463745,-5.859377,-10.131836,0.671387,stair_down
1769345259.554532,-1.218994,0.195801,0.488892,-2.990724,-4.272461,-4.699707,stair_down
1769345259.575303,-1.043457,0.162964,0.515869,-1.525879,-13.916019,-9.887695,stair_down
1769345259.5969634,-1.202393,0.222290,0.587402,3.723145,-30.700691,-16.723633,stair_down
1769345259.610643,-1.437012,0.219849,0.581909,5.981447,-20.568848,-17.944336,stair_down
1769345259.6364632,-1.395630,0.208862,0.423950,4.699707,-4.455566,-15.686039,stair_down
1769345259.6564178,-1.143555,0.193848,0.267456,2.380371,-4.150391,-14.099125,stair_down
1769345259.6745632,-1.008179,0.243652,0.266724,-0.183106,-10.559082,-9.094238,stair_down
1769345259.6918557,-1.023193,0.365601,0.338745,3.051759,-11.169437,-1.647950,stair_down
1769345259.7145362,-1.033569,0.461426,0.366577,13.732914,3.967286,1.464844,stair_down
1769345259.7352314,-0.953979,0.335205,0.306885,23.925789,24.658211,-4.455566,stair_down
1769345259.7475579,-0.894287,0.249756,0.258545,19.409180,19.592285,-5.920412,stair_down
1769345259.7759306,-0.882202,0.201904,0.256470,15.869144,12.939457,-3.112794,stair_down
1769345259.793385,-0.862305,0.166748,0.268677,14.343266,8.483887,-1.342773,stair_down
1769345259.8130896,-0.842651,0.161499,0.262817,15.136723,9.460449,-2.868653,stair_down
1769345259.8319025,-0.805542,0.148071,0.242554,16.662598,10.437012,-4.882813,stair_down
1769345259.8523788,-0.814941,0.124146,0.210327,16.357422,11.108402,-7.446291,stair_down
1769345259.8755214,-0.764526,0.103760,0.160522,11.535648,6.286623,-6.591799,stair_down
1769345259.8942726,-0.766846,0.118164,0.162354,8.239746,1.159668,-6.774904,stair_down
1769345259.9086237,-0.766235,0.146729,0.187378,7.568361,0.305176,-5.798342,stair_down
1769345259.934054,-0.753784,0.167480,0.197754,6.591799,0.854492,-5.310059,stair_down
1769345259.9506798,-0.714233,0.196167,0.179688,6.042482,-0.549316,-5.493164,stair_down
1769345259.976258,-0.715210,0.207520,0.164185,6.774904,-3.295899,-5.676271,stair_down
1769345259.9865096,-0.756714,0.215820,0.172119,5.920412,-5.920412,-9.216309,stair_down
1769345260.0156167,-0.775879,0.213135,0.172852,7.751467,-3.845216,-5.798342,stair_down
1769345260.0339618,-0.790771,0.203857,0.185791,7.629396,-2.807618,-4.211426,stair_down
1769345260.053255,-0.818237,0.216064,0.196289,8.178711,-1.281738,-2.746582,stair_down
1769345260.0737927,-0.857422,0.214233,0.201050,7.873537,-1.342773,-0.061035,stair_down
1769345260.0957127,-0.905029,0.223511,0.195313,6.835939,-0.427246,2.868653,stair_down
1769345260.128704,-0.908936,0.222534,0.175781,6.958010,1.464844,3.845216,stair_down
1769345260.1528633,-0.924438,0.219116,0.170654,6.896975,3.051759,5.615236,stair_down
1769345260.1580234,-0.903320,0.218262,0.175415,6.347658,6.347658,5.310059,stair_down
1769345260.1737664,-0.897949,0.224487,0.165527,5.676271,4.028320,4.699707,stair_down
1769345260.1936593,-0.915527,0.230347,0.155518,5.798342,2.746582,3.295899,stair_down
1769345260.213386,-0.971313,0.219238,0.184326,2.014160,0.732422,0.854492,stair_down
1769345260.2363913,-1.107788,0.199585,0.311523,-6.652834,-7.019045,1.708985,stair_down
1769345260.255547,-1.368530,0.208374,0.520508,-14.648441,0.183106,1.708985,stair_down
1769345260.2715359,-1.248169,0.166626,0.545410,-14.587406,14.099125,3.295899,stair_down
1769345260.318467,-1.045288,0.145264,0.505493,-12.878422,11.779789,-0.488281,stair_down
1769345260.3244853,-0.916870,0.177979,0.440308,-12.878422,1.647950,-4.821777,stair_down
1769345260.3335466,-0.981201,0.285034,0.450317,-18.005371,-14.038090,-7.385256,stair_down
1769345260.4874732,-1.213013,0.389771,0.522949,-20.690918,-19.897461,-7.629396,stair_down
1769345260.4874732,-1.379883,0.426636,0.571777,-18.005371,-5.432129,-5.676271,stair_down
1769345260.4874732,-1.084473,0.363892,0.446289,-8.239746,17.639160,-4.577637,stair_down
1769345260.4874732,-0.933594,0.325195,0.338989,-6.469728,13.854984,-3.051759,stair_down
1769345260.5473726,-0.866577,0.354980,0.256348,-9.216309,4.150391,1.464844,stair_down
1769345260.5473726,-0.896729,0.392212,0.195801,-7.812502,8.422852,9.643555,stair_down
1769345260.5473726,-0.881470,0.381592,0.165405,-4.089355,14.221195,13.977055,stair_down
1769345260.5473726,-0.833252,0.322388,0.158447,-0.549316,20.263672,14.831547,stair_down
1769345260.553422,-0.778809,0.259888,0.196777,0.915528,15.991215,11.474613,stair_down
1769345260.553422,-0.752808,0.217163,0.242310,0.854492,13.549809,11.962894,stair_down
1769345260.553422,-0.706177,0.232178,0.293335,0.488281,14.770512,14.587406,stair_down
1769345260.5756207,-0.714722,0.267334,0.324585,-3.356935,11.657719,8.666992,stair_down
1769345260.596106,-0.667358,0.297607,0.319702,-0.122070,8.850098,4.333496,stair_down
1769345260.6145782,-0.640747,0.281372,0.320313,-1.525879,-0.732422,-1.525879,stair_down
1769345260.6358824,-0.678589,0.277466,0.298950,-4.577637,-11.901859,-8.239746,stair_down
1769345260.6514826,-0.781250,0.304810,0.266724,-6.835939,-14.282230,-13.305668,stair_down
1769345260.6716144,-0.814697,0.288086,0.244873,-7.568361,-13.793949,-11.352543,stair_down
1769345260.6935337,-0.859009,0.290405,0.233398,-9.460449,-12.634281,-6.958010,stair_down
1769345260.7332838,-0.875854,0.296753,0.204468,-10.375977,-8.789063,-2.380371,stair_down
1769345260.7343574,-0.875977,0.318359,0.176880,-11.108402,-7.568361,1.281738,stair_down
1769345260.7538948,-0.884521,0.331055,0.158813,-7.934572,-3.967286,2.929688,stair_down
1769345260.7749698,-0.847534,0.311646,0.150269,-4.882813,2.380371,7.507326,stair_down
1769345260.795732,-0.762085,0.291992,0.148682,-1.831055,8.300781,7.812502,stair_down
1769345260.8136916,-0.736328,0.312500,0.151611,-2.502441,3.051759,3.112794,stair_down
1769345260.83364,-0.797241,0.339478,0.193115,-1.098633,3.784181,2.685547,stair_down
1769345260.852663,-0.815063,0.350342,0.250977,2.380371,9.033203,-1.159668,stair_down
1769345260.8734887,-0.780273,0.311646,0.286499,6.774904,7.690432,-6.713869,stair_down
1769345260.8948557,-0.758301,0.264282,0.279663,5.371094,9.643555,-7.690432,stair_down
1769345260.9155798,-0.755005,0.270874,0.244263,2.075195,1.831055,-9.704590,stair_down
1769345260.934338,-0.801025,0.303345,0.219849,1.159668,-0.244141,-6.835939,stair_down
1769345260.9508324,-0.841553,0.320801,0.194214,2.685547,1.403809,-2.502441,stair_down
1769345260.9734068,-0.879761,0.330688,0.162720,-0.183106,0.671387,2.868653,stair_down
1769345260.9913652,-1.020142,0.348022,0.214478,-4.638672,-3.479005,6.530764,stair_down
1769345261.0148363,-1.207764,0.304810,0.356812,-11.474613,-12.329105,7.934572,stair_down
1769345261.0328028,-1.426025,0.286133,0.440186,-10.742188,-5.615236,4.516602,stair_down
1769345261.0550883,-1.141968,0.146484,0.387817,-4.211426,7.446291,3.662110,stair_down
1769345261.0739524,-0.954224,0.174194,0.417236,5.737307,-10.192871,-2.868653,stair_down
1769345261.0956457,-1.013428,0.200684,0.487915,11.169437,-15.563969,-6.591799,stair_down
1769345261.1148589,-1.134521,0.256104,0.460938,13.854984,-18.676758,-13.000492,stair_down
1769345261.1309536,-1.250000,0.213135,0.368652,14.282230,-14.892582,-12.695316,stair_down
1769345261.1510296,-1.153442,0.170776,0.240356,8.300781,-6.591799,-12.329105,stair_down
1769345261.175645,-1.048340,0.179321,0.270386,2.929688,-15.441898,-7.629396,stair_down
1769345261.1952887,-1.125732,0.237793,0.305908,0.305176,-8.483887,0.915528,stair_down
1769345261.2147171,-1.114746,0.305786,0.273560,3.356935,0.854492,1.953125,stair_down
1769345261.2359338,-1.025146,0.255981,0.251465,6.286623,6.958010,3.906251,stair_down
1769345261.2550285,-0.962402,0.209351,0.209351,4.272461,5.493164,4.943848,stair_down
1769345261.2723238,-0.907593,0.186890,0.212158,3.051759,1.586915,3.356935,stair_down
1769345261.293426,-0.873047,0.179077,0.216675,2.929688,1.586915,1.770020,stair_down
1769345261.3534877,-0.813965,0.172241,0.204224,5.249023,4.150391,-0.427246,stair_down
1769345261.3534877,-0.820313,0.154785,0.196411,4.821777,0.854492,-4.394531,stair_down
1769345261.3765333,-0.851563,0.135742,0.186523,1.586915,3.601075,-7.995607,stair_down
1769345261.3773398,-0.859985,0.124512,0.181274,0.427246,2.014160,-8.972168,stair_down
1769345261.3962762,-0.859253,0.111084,0.177368,0.549316,3.112794,-9.155273,stair_down
1769345261.415657,-0.804199,0.104736,0.182983,-0.305176,0.000000,-8.361816,stair_down
1769345261.4363923,-0.810181,0.126831,0.179443,-3.479005,-3.417970,-7.324221,stair_down
1769345261.451331,-0.800659,0.183960,0.161865,-2.014160,-4.943848,-5.493164,stair_down
1769345261.471728,-0.795532,0.209351,0.138428,-2.136230,-6.774904,-4.943848,stair_down
1769345261.492791,-0.768311,0.216919,0.133545,1.098633,-6.042482,-2.380371,stair_down
1769345261.5364828,-0.776733,0.212769,0.148560,2.319336,-6.469728,0.366211,stair_down
1769345261.5673478,-0.786987,0.223511,0.161255,5.065918,-4.455566,1.403809,stair_down
1769345261.5681224,-0.760742,0.227051,0.166992,7.629396,-2.502441,0.793457,stair_down
1769345261.5755801,-0.768188,0.215942,0.157227,10.803223,-3.234864,3.295899,stair_down
1769345261.589402,-0.809692,0.214233,0.157471,11.840824,-2.136230,4.638672,stair_down
1769345261.6104891,-0.844971,0.195435,0.160400,12.817387,0.061035,5.493164,stair_down
1769345261.698206,-0.864502,0.171753,0.171875,12.084965,3.112794,6.042482,stair_down
1769345261.699698,-0.863159,0.154419,0.166504,9.338379,5.004883,6.286623,stair_down
1769345261.699698,-0.857544,0.168457,0.163208,6.652834,4.028320,6.286623,stair_down
1769345261.7002077,-0.867432,0.191040,0.167236,4.394531,0.488281,4.150391,stair_down
1769345261.7154174,-1.004028,0.224731,0.215210,-6.286623,-11.840824,2.319336,stair_down
1769345261.7486212,-1.224854,0.251587,0.330200,-10.986328,-14.221195,2.319336,stair_down
1769345261.7564473,-1.441162,0.240723,0.468628,-12.878422,1.403809,3.173829,stair_down
1769345261.7746923,-1.366699,0.231323,0.501587,-10.375977,20.385742,2.441406,stair_down
1769345261.7889762,-1.184570,0.182373,0.495728,-6.286623,25.817879,-0.061035,stair_down
1769345261.8149345,-1.003418,0.174561,0.472046,-6.652834,14.831547,-5.371094,stair_down
1769345261.833042,-1.166382,0.294800,0.565430,-16.662598,-3.540040,-6.713869,stair_down
1769345261.8534703,-1.297119,0.359863,0.606934,-17.517090,-1.037598,-5.981447,stair_down
1769345262.1265182,-0.865967,0.359619,0.214600,-25.939949,-16.723633,1.525879,stair_down
1769345262.1329203,-0.873291,0.467896,0.146362,-22.216805,-11.108402,5.371094,stair_down
1769345262.1329203,-0.840698,0.369873,0.126831,-21.423340,2.136230,23.742683,stair_down
1769345262.1329203,-0.804199,0.356689,0.144409,-13.916019,6.530764,18.066406,stair_down
1769345262.1329203,-0.772339,0.262451,0.214233,-9.582520,8.422852,21.911621,stair_down
1769345262.1329203,-0.776611,0.269043,0.262695,-6.530764,12.695316,23.132332,stair_down
1769345262.1329203,-0.786133,0.268433,0.306519,-0.549316,14.770512,22.338875,stair_down
1769345262.1329203,-0.744629,0.274292,0.350708,2.319336,13.732914,18.127441,stair_down
1769345262.1349783,-0.744385,0.299561,0.385742,3.540040,4.333496,6.225588,stair_down
1769345262.1349783,-0.715576,0.292480,0.381958,2.014160,-2.380371,-4.882813,stair_down
1769345262.1365173,-0.705566,0.274902,0.357666,-0.915528,-10.131836,-8.422852,stair_down
1769345262.1566005,-0.747925,0.304199,0.304810,-6.164553,-18.371582,-15.319828,stair_down
1769345262.1733184,-0.803589,0.312134,0.251709,-5.615236,-16.967773,-14.770512,stair_down
1769345262.1929991,-0.805542,0.277222,0.212280,-7.812502,-13.549809,-8.666992,stair_down
1769345262.2068806,-0.798218,0.295288,0.151733,-10.864258,-11.962894,-3.601075,stair_down
1769345262.2335575,-0.771973,0.314575,0.120361,-9.155273,-10.681152,1.831055,stair_down
1769345262.2563872,-0.782593,0.319946,0.138306,-6.958010,-8.789063,5.004883,stair_down
1769345262.2962255,-0.797485,0.331299,0.164795,-3.234864,-0.671387,8.544922,stair_down
1769345262.2962255,-0.781616,0.326172,0.178589,0.793457,7.385256,9.338379,stair_down
1769345262.3145144,-0.747192,0.332031,0.203979,1.403809,5.920412,6.530764,stair_down
1769345262.3352695,-0.770630,0.351807,0.249268,2.441406,1.831055,2.441406,stair_down
1769345262.3552687,-0.800903,0.354614,0.306641,3.662110,1.037598,-0.732422,stair_down
1769345262.4063184,-0.744507,0.328003,0.318237,6.042482,6.225588,-5.126953,stair_down
1769345262.4465945,-0.663696,0.302368,0.287354,7.080080,0.610352,-8.178711,stair_down
1769345262.4465945,-0.705200,0.290771,0.270020,5.187988,-5.554201,-8.422852,stair_down
1769345262.4465945,-0.755127,0.324097,0.229858,4.089355,-4.577637,-5.798342,stair_down
1769345262.451928,-0.793335,0.335693,0.181641,3.295899,-4.882813,-0.610352,stair_down
1769345262.4756484,-0.881348,0.340820,0.195313,-4.150391,-13.610844,3.723145,stair_down
1769345262.4912164,-1.440918,0.326416,0.482056,-16.723633,-25.268562,9.704590,stair_down
1769345262.513703,-1.583496,0.262817,0.529785,-13.732914,1.892090,7.019045,stair_down
1769345262.5354059,-1.214844,0.120605,0.444824,-13.061527,9.155273,3.173829,stair_down
1769345262.5526018,-0.999512,0.185669,0.496826,-8.300781,-14.160160,-5.859377,stair_down
1769345262.57594,-1.188477,0.228271,0.658569,3.295899,-24.597176,-12.329105,stair_down
1769345262.5946126,-1.404053,0.237549,0.647339,9.826660,-11.962894,-14.160160,stair_down
1769345262.61542,-1.339844,0.217041,0.444946,9.704590,1.342773,-18.737793,stair_down
1769345262.6335766,-1.108154,0.141968,0.249756,3.417970,-7.812502,-12.939457,stair_down
1769345262.6554034,-1.068604,0.211304,0.277100,-2.197266,-13.549809,-7.751467,stair_down
1769345262.6721694,-1.013062,0.319458,0.317627,-0.305176,-3.662110,0.854492,stair_down
1769345262.6936853,-0.907837,0.360596,0.291748,8.789063,9.155273,6.591799,stair_down
1769345262.7123594,-0.783325,0.307983,0.254150,13.793949,15.747074,4.577637,stair_down
1769345262.7355783,-0.702759,0.252686,0.224854,13.549809,15.625004,7.690432,stair_down
1769345262.7548566,-0.689575,0.211426,0.218018,8.972168,10.742188,7.324221,stair_down
1769345262.775392,-0.706665,0.164673,0.246094,4.089355,4.211426,3.173829,stair_down
1769345262.7937455,-0.772095,0.153442,0.260254,1.342773,-1.831055,-0.976563,stair_down
1769345262.8119192,-0.833618,0.115479,0.291992,-2.197266,-7.446291,-4.516602,stair_down
1769345262.8365796,-0.950439,0.092407,0.306274,-4.760742,-10.498047,-7.812502,stair_down
1769345262.8551722,-1.031982,0.063965,0.287720,-4.943848,-9.216309,-9.948730,stair_down
1769345262.8729293,-1.000244,0.068848,0.244873,-4.150391,-7.568361,-11.047363,stair_down
1769345262.8867059,-0.954468,0.132080,0.226929,-1.281738,-8.483887,-10.864258,stair_down
1769345262.914512,-0.921265,0.185059,0.225342,1.892090,-6.469728,-11.108402,stair_down
1769345262.9361048,-0.879517,0.222778,0.216064,5.004883,-2.075195,-8.178711,stair_down
1769345262.9564862,-0.805176,0.261841,0.193970,6.774904,2.075195,-5.737307,stair_down
1769345262.970116,-0.729248,0.288330,0.153076,9.155273,1.403809,-4.821777,stair_down
1769345262.9947352,-0.718140,0.267944,0.147583,8.666992,-0.732422,-3.479005,stair_down
1769345263.0138268,-0.733154,0.285034,0.159790,8.972168,2.014160,-0.366211,stair_down
1769345263.0339553,-0.762207,0.266113,0.184814,15.075687,6.042482,0.854492,stair_down
1769345263.0537786,-0.787842,0.210205,0.208252,16.845703,6.103518,1.098633,stair_down
1769345263.0746112,-0.827148,0.184326,0.205200,15.869144,4.638672,3.295899,stair_down
1769345263.0955682,-0.845337,0.168701,0.207031,16.418457,3.784181,1.647950,stair_down
1769345263.111556,-0.860718,0.153442,0.222290,16.052246,1.281738,2.868653,stair_down
1769345263.135585,-0.890869,0.171387,0.219604,15.319828,-0.366211,1.586915,stair_down
1769345263.1538112,-0.898438,0.196655,0.176147,12.084965,-0.854492,1.342773,stair_down
1769345263.174369,-0.903076,0.212769,0.146973,10.131836,0.061035,1.770020,stair_down
1769345263.193316,-0.899902,0.224976,0.128418,8.422852,2.502441,2.807618,stair_down
1769345263.2160833,-0.902222,0.246338,0.131348,9.216309,6.774904,3.356935,stair_down
1769345263.2336075,-0.924683,0.236084,0.165527,8.178711,9.216309,3.234864,stair_down
1769345263.2545395,-0.990112,0.219116,0.233521,0.305176,6.408693,2.807618,stair_down
1769345263.2743597,-1.144531,0.203003,0.324707,-6.042482,-2.380371,0.976563,stair_down
1769345263.2920606,-1.380005,0.195923,0.521851,-10.437012,10.559082,-1.464844,stair_down
1769345263.3113954,-1.253662,0.192871,0.570679,-5.432129,23.315437,-4.455566,stair_down
1769345263.3351896,-1.043457,0.176270,0.547119,-1.403809,20.080566,-10.314941,stair_down
1769345263.3562603,-0.944824,0.206909,0.529297,-4.882813,9.765625,-13.488773,stair_down
1769345263.3744047,-1.021973,0.302490,0.539307,-12.451176,-5.065918,-15.075687,stair_down
1769345263.396246,-1.225952,0.385986,0.559692,-18.188477,-11.047363,-13.122562,stair_down
1769345263.416095,-1.264648,0.356079,0.513062,-14.099125,15.136723,-6.225588,stair_down
1769345263.4335866,-1.013916,0.272217,0.436890,-16.113281,17.944336,-0.915528,stair_down
1769345263.453597,-0.870483,0.294922,0.368774,-16.723633,11.596684,4.028320,stair_down
1769345263.4703586,-0.830200,0.298096,0.262573,-15.686039,5.981447,7.141115,stair_down
1769345263.4911313,-0.799561,0.305298,0.190308,-15.869144,6.896975,12.268070,stair_down
1769345263.5153964,-0.767212,0.280640,0.161377,-15.930180,11.657719,19.104004,stair_down
1769345263.5368621,-0.766724,0.251465,0.150024,-14.160160,11.230473,21.362305,stair_down
1769345263.5534825,-0.741699,0.213989,0.186279,-12.146000,13.366703,19.897461,stair_down
1769345263.6363668,-0.700317,0.232910,0.303833,-14.404301,13.977055,16.113281,stair_down
1769345263.6363668,-0.730957,0.253784,0.344116,-12.084965,6.469728,15.747074,stair_down
1769345263.6363668,-0.717896,0.296021,0.350220,-13.122562,5.615236,2.990724,stair_down
1769345263.6557667,-0.679932,0.296997,0.351440,-13.000492,-8.911133,-9.033203,stair_down
1769345263.6733537,-0.757080,0.328979,0.320435,-14.648441,-20.385742,-17.578125,stair_down
1769345263.6933813,-0.806763,0.337036,0.273804,-10.498047,-13.244633,-15.563969,stair_down
1769345263.7133377,-0.852173,0.325317,0.231323,-11.718754,-13.610844,-11.230473,stair_down
1769345263.7357092,-0.879028,0.344482,0.162598,-10.681152,-7.385256,-6.103518,stair_down
1769345263.7547064,-0.854004,0.336670,0.092163,-8.361816,-5.187988,-3.784181,stair_down
1769345263.7964575,-0.882202,0.324097,0.087402,-8.361816,-5.798342,-0.549316,stair_down
1769345263.812864,-0.928467,0.342773,0.136963,-9.765625,-2.685547,4.760742,stair_down
1769345263.8279452,-0.928223,0.352295,0.208130,-2.990724,8.544922,6.530764,stair_down
1769345263.8312647,-0.841064,0.324707,0.238770,-0.305176,8.361816,4.943848,stair_down
1769345263.8512025,-0.781006,0.339478,0.253540,4.821777,7.263186,0.610352,stair_down
1769345263.8762822,-0.715332,0.345581,0.264771,9.643555,2.624512,-5.554201,stair_down
1769345263.8940368,-0.721436,0.361572,0.260864,13.366703,-0.061035,-10.498047,stair_down
1769345263.9154785,-0.701904,0.349487,0.243164,17.395020,-1.037598,-13.977055,stair_down
1769345263.9497075,-0.686646,0.301147,0.211182,19.531250,-1.464844,-15.075687,stair_down
1769345263.9684129,-0.666504,0.248779,0.176880,21.240234,-2.258301,-10.742188,stair_down
1769345263.9822278,-0.700684,0.232544,0.167969,19.958496,-3.723145,-6.530764,stair_down
1769345263.9903908,-0.750610,0.263184,0.174072,18.798828,-4.089355,-1.953125,stair_down
1769345264.0122547,-0.895630,0.276733,0.226929,14.953617,-7.873537,2.014160,stair_down
1769345264.0350356,-1.158691,0.280762,0.336670,6.958010,-13.366703,6.347658,stair_down
1769345264.0526392,-1.433105,0.239258,0.405762,5.737307,0.305176,7.507326,stair_down
1769345264.075343,-1.083984,0.103027,0.416382,3.051759,5.798342,4.760742,stair_down
1769345264.0952282,-0.992798,0.107544,0.479126,3.967286,-14.099125,-0.305176,stair_down
1769345264.1123028,-1.168823,0.160156,0.581543,2.441406,-25.085457,-6.530764,stair_down
1769345264.1304903,-1.433105,0.208740,0.556641,3.295899,-24.292000,-8.361816,stair_down
1769345264.15463,-1.522949,0.162720,0.405762,10.009766,-6.225588,-10.131836,stair_down
1769345264.1761994,-1.217529,0.058594,0.248169,11.535648,5.126953,-12.634281,stair_down
1769345264.1929536,-0.951660,0.089111,0.249878,8.300781,-9.643555,-12.451176,stair_down
1769345264.214243,-1.093262,0.337036,0.350464,6.042482,-15.991215,-3.540040,stair_down
1769345264.233771,-1.219849,0.446289,0.273193,11.901859,6.103518,3.906251,stair_down
1769345264.254545,-1.123657,0.363770,0.160400,12.695316,23.437508,4.577637,stair_down
1769345264.2735333,-0.979370,0.261963,0.150635,9.643555,24.536140,6.958010,stair_down
1769345264.2920291,-0.846191,0.187988,0.184814,4.333496,8.666992,8.117676,stair_down
1769345264.311605,-0.868286,0.170166,0.216919,2.990724,2.624512,8.239746,stair_down
1769345264.3312714,-0.798340,0.183716,0.193970,7.263186,10.681152,5.493164,stair_down
1769345264.3534524,-0.721680,0.131836,0.145020,9.033203,9.887695,0.488281,stair_down
1769345264.3763213,-0.734497,0.114502,0.121216,7.385256,3.112794,-3.540040,stair_down
1769345264.3933992,-0.802856,0.112305,0.119995,5.310059,-1.586915,-6.164553,stair_down
1769345264.4137177,-0.819824,0.122437,0.141846,4.333496,-3.845216,-7.751467,stair_down
1769345264.4325817,-0.814209,0.139893,0.165771,3.295899,-6.103518,-7.385256,stair_down
1769345264.4523346,-0.802124,0.162842,0.174194,2.197266,-4.577637,-6.286623,stair_down
1769345264.5364492,-0.760742,0.213013,0.155518,2.075195,-10.498047,-5.981447,stair_down
1769345264.56748,-0.783325,0.210083,0.151367,3.356935,-12.390141,-3.601075,stair_down
1769345264.56748,-0.784668,0.243042,0.143677,3.784181,-13.061527,-2.075195,stair_down
1769345264.56748,-0.808105,0.253540,0.143677,6.225588,-8.544922,-1.281738,stair_down
1769345264.56748,-0.819336,0.234375,0.142456,7.690432,-5.737307,2.685547,stair_down
1769345264.5735595,-0.847534,0.217163,0.138428,6.042482,-2.441406,6.408693,stair_down
1769345264.6478493,-0.876953,0.206177,0.152710,4.943848,-1.647950,6.469728,stair_down
1769345264.6563458,-0.893921,0.151855,0.149902,4.699707,1.525879,8.911133,stair_down
1769345264.6563458,-0.890991,0.125610,0.145508,2.563477,5.310059,10.498047,stair_down
1769345264.6563458,-0.835449,0.141968,0.131714,-0.366211,8.300781,10.620117,stair_down
1769345264.6704788,-0.811890,0.168213,0.117920,-1.586915,7.019045,8.361816,stair_down
1769345264.7261887,-0.806519,0.192139,0.114624,-4.577637,3.723145,3.601075,stair_down
1769345264.7261887,-0.849487,0.236938,0.151123,-9.277344,-3.967286,-0.854492,stair_down
1769345264.7363553,-1.144287,0.274170,0.327637,-21.789551,-23.620613,-2.136230,stair_down
1769345264.7545698,-1.525391,0.279419,0.489258,-21.362305,-8.544922,-0.061035,stair_down
1769345264.7734725,-1.496582,0.253418,0.519897,-16.540527,24.963387,-1.708985,stair_down
1769345264.7948976,-1.136230,0.197998,0.458252,-13.122562,29.663094,-3.112794,stair_down
1769345264.8153865,-0.959595,0.172485,0.440552,-15.136723,12.451176,-6.042482,stair_down
1769345264.8405833,-0.980225,0.252075,0.491577,-22.033691,-7.324221,-9.826660,stair_down
1769345264.998848,-1.335815,0.349365,0.544678,-22.888191,3.845216,-4.699707,stair_down
1769345264.998848,-1.113281,0.296997,0.483154,-22.216805,14.404301,-5.859377,stair_down
1769345264.998848,-0.887451,0.298218,0.435181,-20.629883,9.033203,-5.554201,stair_down
1769345264.998848,-0.799316,0.323975,0.347900,-20.263672,-5.615236,1.464844,stair_down
1769345265.0005872,-0.848511,0.379028,0.221680,-24.292000,-9.826660,7.080080,stair_down
1769345265.0005872,-0.881836,0.440430,0.171753,-18.005371,-7.934572,13.732914,stair_down
1769345265.0005872,-0.876221,0.446655,0.149414,-8.361816,4.150391,17.333984,stair_down
1769345265.0136483,-0.865356,0.347900,0.186768,-4.821777,12.573246,19.409180,stair_down
1769345265.0480635,-0.804932,0.317383,0.226563,5.126953,16.296387,20.568848,stair_down
1769345265.1964889,-0.772095,0.279907,0.255127,11.962894,17.883301,18.920898,stair_down
1769345265.1964889,-0.775757,0.279541,0.286377,17.700195,21.423340,16.052246,stair_down
1769345265.1964889,-0.696289,0.296143,0.329468,20.263672,17.761230,4.882813,stair_down
1769345265.1964889,-0.736084,0.282471,0.338501,23.559578,13.793949,-1.525879,stair_down
1769345265.2536106,-0.668945,0.249390,0.312744,21.484375,7.019045,-14.892582,stair_down
1769345265.2536106,-0.708252,0.240112,0.295166,16.357422,-5.554201,-23.498543,stair_down
1769345265.2546947,-0.766479,0.259399,0.264648,11.779789,-9.826660,-24.719246,stair_down
1769345265.2688098,-0.823120,0.258423,0.213867,8.239746,-10.742188,-21.118164,stair_down
1769345265.2720947,-0.836914,0.262207,0.168335,2.990724,-8.666992,-14.099125,stair_down
1769345265.2720947,-0.831055,0.280396,0.129639,-1.647950,-9.826660,-8.239746,stair_down
1769345265.272444,-0.809326,0.298584,0.125244,-3.784181,-9.643555,-2.807618,stair_down
1769345265.2750351,-0.743286,0.297119,0.155273,-1.525879,-1.953125,5.676271,stair_down
1769345265.2951856,-0.651245,0.286377,0.171021,-0.244141,-2.929688,7.080080,stair_down
1769345265.3150327,-0.653198,0.296509,0.183594,0.671387,-6.591799,4.333496,stair_down
1769345265.3327959,-0.701172,0.302002,0.197876,4.760742,-3.906251,4.089355,stair_down
1769345265.4066346,-0.718018,0.307129,0.220703,5.920412,1.586915,0.915528,stair_down
1769345265.4066346,-0.698486,0.305664,0.242798,10.559082,1.342773,-2.990724,stair_down
1769345265.4066346,-0.695068,0.248535,0.229614,14.221195,0.244141,-6.652834,stair_down
1769345265.4137847,-0.680054,0.254272,0.189331,15.014652,-2.929688,-7.995607,stair_down
1769345265.4354746,-0.754150,0.259033,0.209717,8.850098,-14.831547,-5.126953,stair_down
1769345265.4523077,-1.082397,0.295898,0.271973,3.051759,-29.663094,-2.929688,stair_down
1769345265.475699,-1.384155,0.288696,0.308472,4.089355,-16.113281,0.305176,stair_down
1769345265.4953175,-1.344360,0.241089,0.346191,5.859377,3.784181,0.183106,stair_down
1769345265.5582013,-1.248291,0.226196,0.443848,4.699707,-4.211426,-2.258301,stair_down
1769345265.5582013,-1.484741,0.226074,0.609253,5.981447,-13.366703,-9.399414,stair_down
1769345265.5582013,-1.584106,0.148804,0.565796,8.850098,-7.385256,-12.268070,stair_down
1769345265.571682,-1.381348,0.099731,0.411499,13.183598,-0.610352,-14.709476,stair_down
1769345265.5965307,-1.136597,0.151123,0.357300,17.028809,-5.371094,-18.615723,stair_down
1769345265.6147602,-1.042725,0.235474,0.379883,20.629883,-13.732914,-20.141602,stair_down
1769345265.6354487,-1.088257,0.344971,0.350464,21.789551,-13.793949,-15.991215,stair_down
1769345265.6540046,-1.112061,0.384399,0.182007,22.460945,-2.136230,-15.625004,stair_down
1769345265.670752,-1.062378,0.320435,0.149170,18.554688,-1.586915,-6.774904,stair_down
1769345265.6918495,-1.062622,0.248535,0.203857,18.066406,5.065918,-0.732422,stair_down
1769345265.7150075,-0.967651,0.184937,0.266602,20.202637,10.986328,2.258301,stair_down
1769345265.7469926,-0.856079,0.164673,0.275146,24.597176,16.845703,-1.831055,stair_down
1769345265.7469926,-0.759521,0.121948,0.246460,31.799324,20.263672,-2.258301,stair_down
1769345265.7741432,-0.729004,0.077759,0.207275,31.982430,15.808109,-5.981447,stair_down
1769345265.795077,-0.750000,0.040527,0.163696,28.991707,8.544922,-12.878422,stair_down
1769345265.8132582,-0.787598,0.025024,0.187134,27.832039,3.723145,-12.817387,stair_down
1769345265.8327954,-0.813110,0.029175,0.216553,24.108894,2.014160,-11.413578,stair_down
1769345265.8533082,-0.812378,0.040405,0.225098,20.141602,-2.014160,-12.756351,stair_down
1769345265.875099,-0.807983,0.058960,0.227661,12.146000,-8.239746,-16.967773,stair_down
1769345265.8949149,-0.816528,0.100098,0.234375,8.117676,-14.648441,-18.005371,stair_down
1769345265.9139822,-0.827271,0.135376,0.244873,7.141115,-19.531250,-20.874023,stair_down
1769345265.9284456,-0.911011,0.144165,0.239014,6.958010,-25.512703,-20.996094,stair_down
1769345265.9544182,-0.940552,0.166626,0.232422,7.080080,-24.719246,-17.272949,stair_down
1769345265.973384,-1.025879,0.183716,0.220459,7.019045,-22.277840,-12.878422,stair_down
1769345265.9922094,-1.044556,0.206543,0.201050,7.385256,-17.395020,-10.131836,stair_down
1769345266.0133016,-1.041626,0.198730,0.207764,7.873537,-15.380863,-5.065918,stair_down
1769345266.0352855,-1.048828,0.208008,0.222778,7.690432,-11.596684,-1.342773,stair_down
1769345266.0541177,-0.967163,0.186890,0.216064,12.390141,-4.882813,0.915528,stair_down
1769345266.0755827,-0.935791,0.160889,0.213989,13.366703,-0.061035,2.868653,stair_down
1769345266.0961099,-0.866943,0.147461,0.203003,14.404301,0.488281,5.798342,stair_down
1769345266.1136007,-0.865479,0.137695,0.207153,14.587406,-4.150391,3.906251,stair_down
1769345266.1363182,-0.847534,0.129028,0.204468,13.671879,-5.554201,0.732422,stair_down
1769345266.1521308,-0.823975,0.123169,0.196045,11.840824,-7.934572,-1.403809,stair_down
1769345266.171887,-0.802856,0.117065,0.189941,10.253906,-9.216309,0.122070,stair_down
1769345266.1968334,-0.818726,0.117920,0.174683,7.324221,-15.319828,-2.746582,stair_down
1769345266.2566144,-0.832886,0.119995,0.166626,5.249023,-16.296387,-3.723145,stair_down
1769345266.2566144,-0.835938,0.122437,0.158813,2.624512,-13.122562,-1.892090,stair_down
1769345266.2738202,-0.829468,0.152222,0.150269,3.845216,-15.747074,-1.403809,stair_down
1769345266.275429,-0.832886,0.145386,0.157837,5.249023,-13.549809,0.793457,stair_down
1769345266.2897804,-0.824219,0.145264,0.165283,7.019045,-12.756351,1.159668,stair_down
1769345266.3158126,-0.769287,0.123657,0.183960,5.920412,-11.291508,5.371094,stair_down
1769345266.332208,-0.770386,0.133301,0.195801,4.821777,-11.718754,7.202150,stair_down
1769345266.3537457,-0.763794,0.154785,0.198975,3.967286,-13.793949,8.728027,stair_down
1769345266.4038794,-0.836426,0.160645,0.223022,-1.037598,-16.845703,10.314941,stair_down
1769345266.411424,-1.032104,0.164185,0.329956,-8.850098,-20.690918,10.314941,stair_down
1769345266.4144402,-1.333008,0.166138,0.513306,-15.625004,-13.610844,13.793949,stair_down
1769345266.436434,-1.496582,0.144287,0.598877,-21.057129,8.972168,15.869144,stair_down
1769345266.4506807,-1.178955,0.133179,0.591431,-22.583015,21.057129,14.160160,stair_down
1769345266.473046,-1.001465,0.122925,0.564697,-20.019531,10.620117,7.751467,stair_down
1769345266.4961162,-0.874268,0.175049,0.512451,-21.118164,4.333496,5.249023,stair_down
1769345266.5762136,-0.815430,0.299805,0.460083,-20.324707,1.770020,5.371094,stair_down
1769345266.5762136,-0.886108,0.355835,0.400024,-21.240234,-2.624512,5.004883,stair_down
1769345266.5762136,-0.977905,0.374756,0.373047,-34.179688,-2.929688,7.019045,stair_down
1769345266.5762136,-1.146606,0.455566,0.415039,-40.649414,-9.765625,14.343266,stair_down
1769345266.596354,-1.298584,0.361328,0.520630,-35.278320,3.601075,18.615723,stair_down
1769345266.6161315,-1.162231,0.318115,0.507568,-26.489265,22.216805,21.057129,stair_down
1769345266.6352706,-0.918579,0.311523,0.422974,-16.906738,31.250008,18.737793,stair_down
1769345266.6506863,-0.716064,0.294067,0.307861,-13.122562,26.062019,16.479492,stair_down
1769345266.6763234,-0.647217,0.300049,0.231323,-14.160160,11.596684,19.165039,stair_down
1769345266.69476,-0.712036,0.326416,0.190063,-14.770512,5.737307,16.906738,stair_down
1769345266.7148123,-0.768799,0.272339,0.163452,-14.465336,11.474613,17.883301,stair_down
1769345266.7866201,-0.721802,0.272827,0.210083,-16.174316,12.512211,15.075687,stair_down
1769345266.7866201,-0.732544,0.279907,0.276123,-19.165039,4.333496,12.512211,stair_down
1769345266.7866201,-0.815063,0.314819,0.352295,-18.127441,-2.319336,8.789063,stair_down
1769345266.7915785,-0.843262,0.340576,0.410400,-12.695316,-3.601075,2.746582,stair_down
1769345266.8128946,-0.866455,0.345581,0.431030,-7.751467,-6.530764,-3.173829,stair_down
1769345266.8336596,-0.884155,0.342896,0.400146,-3.662110,-12.634281,-8.666992,stair_down
1769345266.851583,-0.906006,0.335205,0.330933,-0.732422,-16.174316,-13.183598,stair_down
1769345266.8670847,-0.936035,0.343628,0.293091,-3.051759,-12.634281,-10.253906,stair_down
1769345266.8928044,-0.974487,0.378540,0.260498,-0.061035,-7.751467,-9.155273,stair_down
1769345266.9138958,-1.002686,0.387817,0.226563,2.746582,-2.441406,-5.493164,stair_down
1769345266.938164,-1.002686,0.374023,0.210449,4.028320,6.286623,-0.183106,stair_down
1769345266.9546683,-0.980713,0.359009,0.230957,4.028320,11.047363,6.652834,stair_down
1769345266.969145,-0.933960,0.326050,0.276733,4.882813,16.662598,11.413578,stair_down
1769345266.9935148,-0.926514,0.313599,0.319702,1.586915,9.460449,11.230473,stair_down
1769345267.013607,-1.005981,0.319946,0.355347,-1.770020,3.784181,8.239746,stair_down
1769345267.0326104,-1.042725,0.293213,0.359009,-0.854492,4.577637,5.004883,stair_down
1769345267.0558445,-0.942993,0.282837,0.328247,0.976563,0.854492,-2.929688,stair_down
1769345267.0876293,-0.869263,0.283325,0.332642,5.737307,-1.831055,-9.033203,stair_down
1769345267.0932693,-0.821289,0.309814,0.356079,12.023930,-1.953125,-12.817387,stair_down
1769345267.1141653,-0.866943,0.335449,0.355591,23.437508,0.244141,-14.709476,stair_down
1769345267.135255,-0.865234,0.292236,0.317383,27.160652,1.525879,-13.732914,stair_down
1769345267.155675,-0.882202,0.243408,0.288452,24.108894,1.220703,-10.681152,stair_down
1769345267.1738772,-0.874390,0.230103,0.273071,19.653320,1.586915,-7.080080,stair_down
1769345267.1933258,-0.850708,0.212158,0.281494,15.136723,1.037598,-2.746582,stair_down
1769345267.2130463,-0.864624,0.190552,0.297974,9.460449,3.540040,0.244141,stair_down
1769345267.236353,-0.838379,0.186768,0.291382,12.451176,5.920412,0.915528,stair_down
1769345267.2577221,-0.808716,0.099243,0.303955,8.239746,5.371094,0.122070,stair_down
1769345267.2750154,-0.801025,0.112549,0.317505,10.803223,8.728027,3.173829,stair_down
1769345267.2888243,-0.823730,0.097778,0.342407,11.840824,8.911133,0.183106,stair_down
1769345267.3141668,-0.809204,0.092407,0.353027,6.591799,3.662110,-4.394531,stair_down
1769345267.331196,-0.869507,0.099609,0.354004,0.976563,-7.263186,-7.019045,stair_down
1769345267.351595,-0.942383,0.129395,0.350342,-5.187988,-24.169930,-11.535648,stair_down
1769345267.3759413,-1.087769,0.188232,0.365356,-2.685547,-26.184090,-14.038090,stair_down
1769345267.392902,-1.048828,0.225952,0.366821,3.112794,-21.850586,-15.563969,stair_down
1769345267.4152646,-0.975342,0.253906,0.351074,8.666992,-20.935059,-16.845703,stair_down
1769345267.4341295,-0.929932,0.295166,0.292480,11.962894,-19.470215,-17.150879,stair_down
1769345267.4548993,-0.908569,0.328247,0.233276,17.150879,-14.465336,-14.709476,stair_down
1769345267.4749775,-0.914185,0.332031,0.195923,23.132332,-7.385256,-12.146000,stair_down
1769345267.491015,-0.860596,0.291748,0.185059,23.376472,-1.892090,-11.230473,stair_down
1769345267.5265634,-0.861206,0.235718,0.203735,23.986824,-7.080080,-9.033203,stair_down
1769345267.5383863,-0.899658,0.204224,0.241821,20.935059,-7.141115,-9.643555,stair_down
1769345267.5522332,-0.944824,0.194702,0.263672,23.132332,-4.882813,-7.995607,stair_down
1769345267.5735881,-0.953979,0.170654,0.287476,22.949226,-4.150391,-10.681152,stair_down
1769345267.594329,-0.958130,0.159790,0.298950,24.414070,-6.958010,-10.803223,stair_down
1769345267.6145458,-0.933228,0.176147,0.281250,25.512703,-8.728027,-12.023930,stair_down
1769345267.6293857,-0.889526,0.197144,0.250244,27.893074,-17.211914,-15.014652,stair_down
1769345267.6504686,-0.903076,0.243530,0.222046,31.066902,-18.615723,-16.052246,stair_down
1769345267.6712458,-0.897827,0.274292,0.198853,34.362793,-15.258793,-15.625004,stair_down
1769345267.6918259,-0.936035,0.312378,0.186646,36.437988,-13.671879,-17.639160,stair_down
1769345267.7128673,-0.976685,0.297241,0.217529,38.635254,-6.164553,-11.352543,stair_down
1769345267.7563977,-1.037354,0.314575,0.270508,41.687012,-2.868653,-10.681152,stair_down
1769345267.7782593,-1.045532,0.268188,0.338013,44.738785,-2.136230,-10.742188,stair_down
1769345267.7782593,-1.127319,0.225464,0.412476,42.541504,5.371094,-9.277344,stair_down
1769345267.788758,-1.027344,0.166016,0.392090,43.395996,9.216309,-7.751467,stair_down
1769345267.8131816,-0.920654,0.132202,0.360718,39.550781,5.737307,-5.187988,stair_down
1769345267.836002,-0.866699,0.159912,0.354614,36.804199,-1.403809,-8.178711,stair_down
1769345267.8514364,-0.870239,0.164795,0.348511,35.461426,-1.831055,-6.835939,stair_down
1769345267.8719232,-0.822754,0.188721,0.302734,32.165527,0.549316,-6.896975,stair_down
1769345267.8932252,-0.804077,0.185913,0.259033,26.000984,-1.220703,-7.690432,stair_down
1769345267.914277,-0.844116,0.220703,0.272339,22.338875,-1.525879,-9.399414,stair_down
1769345267.9380462,-0.865601,0.230469,0.305176,23.376472,-3.173829,-9.948730,stair_down
1769345267.9562442,-0.927734,0.232056,0.346802,21.850586,-3.540040,-10.803223,stair_down
1769345267.9749546,-0.948364,0.255005,0.384033,23.254402,-3.601075,-12.939457,stair_down
1769345267.9932184,-0.965088,0.244873,0.405396,25.817879,-5.249023,-15.747074,stair_down
1769345268.0122964,-0.939209,0.230957,0.413452,31.738289,-7.019045,-17.639160,stair_down
1769345268.0332093,-0.855347,0.234375,0.375488,36.682129,-13.305668,-24.597176,stair_down
1769345268.0545135,-0.826782,0.233887,0.345093,40.649414,-12.390141,-23.376472,stair_down
1769345268.0738068,-0.799438,0.262573,0.321655,43.212891,-12.390141,-24.780281,stair_down
1769345268.0941675,-0.769287,0.259399,0.310425,45.776382,-12.146000,-25.756844,stair_down
1769345268.1165502,-0.774414,0.248413,0.312500,45.227066,-12.634281,-26.977547,stair_down
1769345268.1357348,-0.756714,0.250610,0.326782,43.762207,-12.756351,-26.489265,stair_down
1769345268.1528213,-0.811768,0.244751,0.355103,41.931152,-14.465336,-27.832039,stair_down
1769345268.1761477,-0.802856,0.251587,0.419312,42.053223,-12.084965,-23.681648,stair_down
1769345268.1932645,-0.829712,0.264282,0.450684,42.297363,-17.333984,-26.123055,stair_down
1769345268.2138848,-0.841187,0.254028,0.457886,40.222168,-19.165039,-26.184090,stair_down
1769345268.2337,-0.857300,0.257568,0.451538,37.048340,-26.367195,-26.672371,stair_down
1769345268.25523,-0.932129,0.259033,0.433594,33.447266,-31.005867,-27.099617,stair_down
1769345268.2686963,-0.953491,0.247070,0.402100,29.724129,-28.991707,-24.414070,stair_down
1769345268.2902107,-0.958374,0.257202,0.342041,23.315437,-25.695808,-18.249512,stair_down
1769345268.311719,-0.918457,0.229614,0.311401,21.850586,-23.376472,-13.488773,stair_down
1769345268.3344896,-0.906738,0.236572,0.306519,20.141602,-23.254402,-11.535648,stair_down
1769345268.4767067,-0.905396,0.250366,0.314453,21.911621,-21.057129,-11.840824,stair_down
1769345268.4767067,-0.902344,0.248657,0.328125,23.864754,-17.883301,-11.047363,stair_down
1769345268.4767067,-0.923584,0.258789,0.351074,26.672371,-14.038090,-10.681152,stair_down
1769345268.4767067,-0.915283,0.264526,0.364624,29.724129,-10.070801,-10.742188,stair_down
1769345268.4863334,-0.915649,0.280396,0.378662,33.630371,-7.141115,-10.559082,stair_down
1769345268.4863334,-0.911987,0.291992,0.391846,36.560059,-5.798342,-12.573246,stair_down
1769345268.4863334,-0.875854,0.281860,0.389038,38.696289,-0.976563,-10.681152,stair_down
1769345268.4950302,-0.845581,0.272339,0.373047,39.184570,0.549316,-8.300781,stair_down
1769345268.5106006,-0.831543,0.270508,0.360962,38.879395,1.464844,-4.333496,stair_down
1769345268.5335777,-0.840698,0.269287,0.367310,38.391113,3.723145,-1.525879,stair_down
1769345268.5550141,-0.865601,0.260254,0.389404,32.165527,-0.671387,0.793457,stair_down
1769345268.572934,-0.943970,0.258789,0.397705,24.292000,-5.065918,4.150391,stair_down
1769345268.6420207,-1.098999,0.205322,0.412109,17.578125,-3.295899,6.286623,stair_down
1769345268.6420207,-1.037964,0.178833,0.375488,13.488773,2.441406,6.591799,stair_down
1769345268.6420207,-0.962646,0.153564,0.384399,12.084965,-1.892090,5.249023,stair_down
1769345268.6637223,-0.953613,0.176147,0.409180,11.840824,-2.380371,5.859377,stair_down
1769345268.6718912,-0.956909,0.217651,0.381714,16.906738,0.244141,4.394531,stair_down
1769345268.6926973,-0.958252,0.218506,0.314941,29.052742,6.103518,1.220703,stair_down
1769345268.7127733,-0.936523,0.239746,0.331543,33.142090,13.305668,0.671387,stair_down
1769345268.7795496,-0.938721,0.256348,0.366943,36.926270,18.676758,0.976563,stair_down
1769345268.8040876,-0.931152,0.267822,0.379517,36.926270,20.935059,0.549316,stair_down
1769345268.8040876,-0.894409,0.264526,0.377930,36.743164,19.775391,-2.624512,stair_down
1769345268.8040876,-0.834229,0.237915,0.370850,34.301758,16.601563,-3.173829,stair_down
1769345268.815713,-0.790771,0.216309,0.375488,31.677254,9.643555,-3.845216,stair_down
1769345268.837305,-0.765259,0.200806,0.356934,27.404793,3.723145,-5.249023,stair_down
1769345268.8554895,-0.764771,0.201904,0.324585,23.925789,-0.061035,-5.310059,stair_down
1769345268.872161,-0.786499,0.205200,0.288940,21.850586,-1.770020,-5.249023,stair_down
1769345268.8964334,-0.791016,0.175781,0.268188,18.066406,-3.173829,-3.479005,stair_down
1769345268.9140117,-0.848633,0.177979,0.280029,10.375977,-6.774904,-2.319336,stair_down
1769345268.9277647,-0.850586,0.212646,0.282104,16.296387,-3.967286,0.671387,stair_down
1769345268.9549277,-0.875122,0.189087,0.294922,15.441898,0.610352,-0.793457,stair_down
1769345268.9753685,-0.853149,0.176880,0.305420,15.563969,-1.892090,0.732422,stair_down
1769345268.9973116,-0.890015,0.183960,0.315674,11.718754,-10.375977,-0.915528,stair_down
1769345269.0113623,-0.976685,0.190063,0.326294,10.559082,-18.676758,-2.624512,stair_down
1769345269.0343742,-1.039063,0.200195,0.325439,9.155273,-21.240234,-5.126953,stair_down
1769345269.0528233,-1.056519,0.208008,0.315918,9.704590,-22.277840,-8.544922,stair_down
1769345269.072384,-1.041382,0.221680,0.298706,9.704590,-21.301270,-12.023930,stair_down
1769345269.0948398,-0.987427,0.279663,0.244873,13.122562,-19.897461,-14.343266,stair_down
1769345269.1137366,-0.961670,0.312378,0.212402,18.615723,-13.916019,-15.686039,stair_down
1769345269.1319692,-0.913086,0.324585,0.194946,24.963387,-2.929688,-15.747074,stair_down
1769345269.1499176,-0.846924,0.306519,0.183838,30.029305,1.953125,-12.573246,stair_down
1769345269.1698887,-0.839600,0.285400,0.184448,31.127937,0.244141,-11.718754,stair_down
1769345269.1944447,-0.855957,0.258789,0.204956,30.090340,-1.037598,-10.498047,stair_down
1769345269.211205,-0.875122,0.225220,0.249878,25.146492,-5.065918,-10.375977,stair_down
1769345269.2269492,-0.909546,0.217529,0.262085,20.935059,-7.690432,-12.329105,stair_down
1769345269.2541604,-0.921021,0.198486,0.273804,20.507813,-7.995607,-13.366703,stair_down
1769345269.2749276,-0.904907,0.190918,0.274414,20.263672,-10.437012,-11.718754,stair_down
1769345269.294861,-0.927368,0.188721,0.266602,20.324707,-11.108402,-10.192871,stair_down
1769345269.3136566,-0.914551,0.189575,0.241211,18.493652,-11.596684,-10.131836,stair_down
1769345269.3351398,-0.897949,0.208862,0.222656,17.333984,-14.648441,-9.643555,stair_down
1769345269.35117,-0.904175,0.247437,0.195435,18.310547,-16.052246,-8.789063,stair_down
1769345269.3742769,-0.917969,0.265259,0.165283,17.578125,-12.512211,-8.605957,stair_down
1769345269.3930569,-0.944458,0.290039,0.150146,20.874023,-7.995607,-5.432129,stair_down
1769345269.4145453,-0.991089,0.298584,0.179688,22.827156,-2.868653,-3.479005,stair_down
1769345269.4344094,-1.037720,0.311035,0.219482,26.794441,5.004883,-0.976563,stair_down
1769345269.454433,-1.048340,0.285522,0.260620,29.479988,11.413578,0.244141,stair_down
1769345269.4750714,-1.062012,0.261597,0.345459,27.954109,10.253906,0.366211,stair_down
1769345269.495405,-1.103516,0.221802,0.361938,26.550301,16.845703,1.586915,stair_down
1769345269.5116386,-1.016479,0.195190,0.347900,25.024422,20.019531,0.671387,stair_down
1769345269.5349953,-0.901489,0.193115,0.334595,22.949226,17.517090,-0.427246,stair_down
1769345269.5547292,-0.847046,0.188354,0.319458,21.972656,8.178711,-2.563477,stair_down
1769345269.5726414,-0.822510,0.189941,0.291504,18.432617,6.713869,-0.732422,stair_down
1769345269.5950017,-0.791138,0.212769,0.243530,15.197758,4.150391,-0.305176,stair_down
1769345269.6086366,-0.837402,0.225464,0.210815,9.704590,4.028320,-1.159668,stair_down
1769345269.6367128,-0.858276,0.244385,0.225464,5.432129,4.028320,-2.197266,stair_down
1769345269.6500294,-0.900635,0.219360,0.248535,2.441406,2.075195,-1.159668,stair_down
1769345269.6711445,-0.946777,0.223511,0.283081,-3.112794,1.586915,0.183106,stair_down
1769345269.6969478,-0.981689,0.232788,0.322632,-2.990724,-0.915528,-0.244141,stair_down
1769345269.7132595,-1.029785,0.213867,0.350342,-2.136230,-2.075195,-1.647950,stair_down
1769345269.7367778,-0.985962,0.232178,0.333862,1.342773,-1.525879,-3.662110,stair_down
1769345269.7545452,-0.884521,0.253052,0.305542,8.300781,-4.821777,-6.713869,stair_down
1769345269.7744117,-0.845947,0.271240,0.291870,12.939457,-10.375977,-8.911133,stair_down
1769345269.7937093,-0.832275,0.279297,0.294678,16.784668,-11.596684,-9.277344,stair_down
1769345269.8164918,-0.809814,0.284790,0.301514,19.287109,-12.939457,-10.314941,stair_down
1769345269.8361604,-0.791016,0.272217,0.296509,19.897461,-11.718754,-10.559082,stair_down
1769345269.8540783,-0.789429,0.246704,0.300537,17.272949,-10.131836,-10.681152,stair_down
1769345269.8731344,-0.782593,0.252075,0.335815,15.441898,-9.948730,-8.789063,stair_down
1769345269.8915277,-0.814087,0.259033,0.364746,15.441898,-10.192871,-9.399414,stair_down
1769345269.9061747,-0.832275,0.265869,0.406250,15.625004,-11.962894,-10.253906,stair_down
1769345269.9345567,-0.867554,0.268066,0.439697,15.441898,-12.084965,-9.887695,stair_down
1769345269.9539256,-0.917236,0.255737,0.455200,14.343266,-13.732914,-8.789063,stair_down
1769345269.97504,-0.933105,0.231812,0.434937,10.681152,-13.549809,-6.286623,stair_down
1769345269.989887,-0.925659,0.226196,0.378052,7.019045,-16.174316,-4.516602,stair_down
1769345270.0149024,-0.905884,0.223755,0.326050,-0.061035,-24.108894,-0.427246,stair_down
1769345270.0331662,-0.928345,0.255127,0.313721,-1.953125,-22.827156,2.929688,stair_down
1769345270.052305,-0.912598,0.260864,0.301392,-2.075195,-20.019531,5.859377,stair_down
1769345270.0744715,-0.906982,0.262573,0.296387,-2.746582,-15.502934,8.728027,stair_down
1769345270.094699,-0.894409,0.254639,0.292236,-3.234864,-12.207035,9.643555,stair_down
1769345270.1140459,-0.891846,0.261963,0.310547,-3.662110,-8.056641,9.948730,stair_down
1769345270.133432,-0.881348,0.274536,0.341919,-3.601075,-5.310059,7.751467,stair_down
1769345270.1551743,-0.893433,0.294434,0.360352,-1.281738,-5.859377,4.882813,stair_down
1769345270.1716444,-0.880371,0.296021,0.379761,2.319336,-3.723145,1.037598,stair_down
1769345270.190272,-0.880127,0.281372,0.380249,3.784181,-4.211426,-1.831055,stair_down
1769345270.2126203,-0.885010,0.278564,0.364258,4.150391,-4.943848,-3.845216,stair_down
1769345270.233053,-0.884155,0.272705,0.349731,4.089355,-7.263186,-4.150391,stair_down
1769345270.2550888,-0.894165,0.276123,0.334473,1.586915,-8.056641,-3.662110,stair_down
1769345270.275266,-0.915283,0.281738,0.322998,-0.732422,-3.540040,0.915528,stair_down
1769345270.2943728,-0.905151,0.295410,0.319336,-2.563477,-3.295899,3.234864,stair_down
1769345270.3136559,-0.895386,0.291382,0.326416,-3.601075,-2.197266,5.432129,stair_down
1769345270.3332222,-0.888428,0.286621,0.329224,-5.187988,-1.098633,5.920412,stair_down
1769345270.3527277,-0.893066,0.293945,0.335083,-5.615236,-1.098633,5.432129,stair_down
1769345270.3732386,-0.894653,0.301147,0.337769,-5.004883,0.061035,3.967286,stair_down
1769345270.3951442,-0.875488,0.306641,0.337524,-4.150391,0.732422,2.502441,stair_down
1769345270.413704,-0.859131,0.317383,0.330688,-2.502441,-0.061035,-0.732422,stair_down
1769345270.434484,-0.851318,0.321899,0.320923,-1.403809,-1.342773,-2.258301,stair_down
1769345270.4540865,-0.859009,0.327393,0.316406,-0.854492,-2.075195,-3.295899,stair_down
1769345270.4737172,-0.871582,0.332886,0.308594,-0.671387,-1.770020,-3.662110,stair_down
1769345270.4954984,-0.880981,0.343384,0.303467,-0.671387,-1.281738,-3.295899,stair_down
1769345270.5160706,-0.886475,0.350220,0.303589,-0.122070,-0.793457,-3.112794,stair_down
1769345270.5343459,-0.904175,0.353516,0.308838,0.976563,0.793457,-2.929688,stair_down
1769345270.5523567,-0.913940,0.353149,0.312744,3.234864,4.272461,-2.746582,stair_down
1769345270.576578,-0.888672,0.347778,0.303711,4.455566,6.408693,-2.136230,stair_down
1769345270.59608,-0.884521,0.350708,0.292603,6.042482,7.446291,-1.708985,stair_down
1769345270.6162317,-0.877075,0.343018,0.294434,7.690432,10.131836,-1.708985,stair_down
1769345270.6345127,-0.851685,0.346802,0.288818,8.850098,9.765625,-2.746582,stair_down
1769345270.654763,-0.843506,0.345703,0.289917,10.070801,10.009766,-2.868653,stair_down
1769345270.670556,-0.840576,0.345825,0.297119,10.375977,9.826660,-2.685547,stair_down
1769345270.7008884,-0.843872,0.349976,0.286255,9.887695,7.019045,-4.150391,stair_down
1769345270.7561097,-0.867432,0.342407,0.295898,6.286623,1.586915,-5.310059,stair_down
1769345270.7561097,-0.924683,0.332397,0.299927,0.854492,-6.774904,-5.004883,stair_down
1769345270.7577686,-0.997681,0.312866,0.309082,-1.159668,-8.789063,-4.455566,stair_down
1769345270.7767856,-0.988647,0.274536,0.316406,-2.868653,-7.324221,-6.286623,stair_down
1769345270.795508,-0.918213,0.263672,0.330200,-1.098633,-9.948730,-9.704590,stair_down
1769345270.8134928,-0.895752,0.265747,0.328247,3.417970,-9.033203,-12.451176,stair_down
1769345270.8352413,-0.879761,0.255127,0.319214,8.728027,-5.004883,-14.343266,stair_down
1769345270.8522408,-0.858765,0.247803,0.316528,12.817387,-1.708985,-14.709476,stair_down
1769345270.876266,-0.870117,0.242310,0.336060,14.648441,-0.122070,-14.404301,stair_down
1769345270.8914397,-0.891357,0.248901,0.370117,13.305668,-1.281738,-13.366703,stair_down
1769345270.9131718,-0.948242,0.265991,0.397339,12.512211,-2.929688,-13.916019,stair_down
1769345270.9353085,-0.923706,0.230225,0.405273,9.887695,0.915528,-9.643555,stair_down
1769345270.9555812,-0.887451,0.210327,0.397949,7.751467,0.427246,-7.507326,stair_down
1769345270.9761386,-0.851563,0.176880,0.386719,6.164553,-0.305176,-5.737307,stair_down
1769345270.9952044,-0.823975,0.147949,0.364624,3.479005,-2.685547,-4.882813,stair_down
1769345271.0139294,-0.820557,0.137817,0.345825,0.488281,-6.103518,-3.967286,stair_down
1769345271.03176,-0.864746,0.120972,0.343140,-2.319336,-6.103518,-2.563477,stair_down
1769345271.0532455,-0.878906,0.106079,0.330566,-5.920412,-3.417970,-1.342773,stair_down
1769345271.0752122,-0.883789,0.094727,0.325073,-8.483887,-1.831055,-0.122070,stair_down
1769345271.0950127,-0.859863,0.080566,0.319946,-10.864258,-1.770020,-0.122070,stair_down
1769345271.1150117,-0.829468,0.070801,0.327393,-14.343266,-5.920412,-0.610352,stair_down
1769345271.1354551,-0.851074,0.076172,0.343262,-18.493652,-13.122562,-2.563477,stair_down
1769345271.155375,-0.907715,0.094360,0.356934,-22.216805,-16.906738,-4.577637,stair_down
1769345271.1732635,-0.970703,0.126709,0.346802,-26.000984,-21.545410,-7.324221,stair_down
1769345271.1929326,-1.060181,0.152466,0.343018,-25.451668,-22.155769,-9.460449,stair_down
1769345271.2119026,-1.095947,0.166870,0.337036,-21.972656,-11.047363,-8.056641,stair_down
1769345271.235014,-1.090942,0.173462,0.345825,-18.371582,-4.028320,-7.507326,stair_down
1769345271.254908,-1.020508,0.195923,0.344971,-15.014652,3.784181,-4.089355,stair_down
1769345271.2751462,-0.966309,0.210693,0.340454,-9.887695,8.483887,-4.150391,stair_down
1769345271.295382,-0.908203,0.202759,0.331787,-5.920412,11.962894,-3.356935,stair_down
1769345271.3171217,-0.849487,0.199097,0.300659,-1.892090,8.789063,-3.234864,stair_down
1769345271.3345146,-0.858887,0.172241,0.292480,-3.967286,9.704590,-2.136230,stair_down
1769345271.3569312,-0.848511,0.177124,0.279297,-5.065918,7.934572,-2.624512,stair_down
1769345271.4066741,-0.871948,0.149902,0.283569,-6.408693,6.408693,-1.281738,stair_down
1769345271.4066741,-0.863281,0.144165,0.283203,-8.544922,4.150391,-0.244141,stair_down
1769345271.4066741,-0.870483,0.135132,0.284424,-8.666992,-0.305176,-0.244141,stair_down
1769345271.4360237,-0.865601,0.132813,0.285400,-10.192871,-5.676271,-1.770020,stair_down
1769345271.4563558,-0.904785,0.151367,0.297852,-11.413578,-10.314941,-2.624512,stair_down
1769345271.4768703,-0.936523,0.170166,0.286987,-9.521484,-9.216309,-3.540040,stair_down
1769345271.490747,-0.907593,0.180054,0.271973,-6.591799,-7.385256,-4.089355,stair_down
1769345271.5158713,-0.916260,0.203979,0.260010,-3.173829,-7.263186,-4.577637,stair_down
1769345271.5361931,-0.945190,0.232422,0.251587,1.647950,-4.577637,-4.760742,stair_down
1769345271.5564516,-0.974854,0.250977,0.248535,7.568361,0.549316,-2.929688,stair_down
1769345271.5756242,-0.988770,0.253906,0.264526,17.089844,9.399414,-1.464844,stair_down
1769345271.5938122,-0.989746,0.227295,0.279663,21.911621,12.512211,0.976563,stair_down
1769345271.617158,-0.978149,0.203125,0.293457,25.756844,15.319828,3.417970,stair_down
1769345271.635329,-0.932861,0.171387,0.280273,26.611336,14.953617,5.493164,stair_down
1769345271.6563635,-0.932617,0.177856,0.281860,22.705086,7.202150,7.141115,stair_down
1769345271.6732302,-1.038452,0.199219,0.328369,21.362305,4.760742,8.911133,stair_down
1769345271.6966097,-1.058960,0.173340,0.395508,19.592285,5.126953,9.704590,stair_down
1769345271.7160964,-1.024414,0.139404,0.439453,18.920898,7.995607,8.483887,stair_down
1769345271.73622,-0.920288,0.117798,0.431641,19.775391,7.080080,7.141115,stair_down
1769345271.757033,-0.829224,0.134521,0.404541,20.507813,6.469728,6.286623,stair_down
1769345271.7761059,-0.753540,0.164673,0.364136,19.836426,2.502441,5.371094,stair_down
1769345271.7951953,-0.805420,0.172485,0.343750,16.357422,-2.685547,4.089355,stair_down
1769345271.8144777,-0.837158,0.191650,0.302002,11.657719,-3.723145,3.662110,stair_down
1769345271.8361392,-0.888306,0.185425,0.279297,9.094238,-8.605957,3.417970,stair_down
1769345271.8567348,-0.890991,0.181030,0.295044,9.033203,-3.967286,6.408693,stair_down
1769345271.8761334,-0.868774,0.171265,0.321167,12.573246,-1.586915,8.117676,stair_down
1769345271.897007,-0.815552,0.163086,0.345703,12.939457,-2.197266,8.239746,stair_down
1769345271.9142702,-0.822876,0.204956,0.371338,18.188477,-9.582520,5.920412,stair_down
1769345271.9366913,-0.840820,0.229736,0.428589,24.719246,-8.483887,5.737307,stair_down
1769345271.9563172,-0.810425,0.243774,0.472168,28.076180,-7.873537,4.089355,stair_down
1769345271.976253,-0.800171,0.281372,0.505981,28.015144,-12.390141,3.112794,stair_down
1769345271.996403,-0.872192,0.283203,0.517944,26.611336,-15.991215,2.807618,stair_down
1769345272.0162692,-0.913696,0.257813,0.504150,21.728516,-18.554688,1.708985,stair_down
1769345272.0364375,-0.943726,0.249146,0.451538,13.916019,-16.235352,4.455566,stair_down
1769345272.056492,-0.901978,0.246704,0.391113,7.934572,-18.554688,7.141115,stair_down
1769345272.0733533,-0.914063,0.245605,0.354614,2.441406,-20.996094,9.765625,stair_down
1769345272.096141,-0.909424,0.270264,0.328613,-4.882813,-17.150879,12.756351,stair_down
1769345272.116247,-0.902588,0.281860,0.336060,-0.549316,-4.821777,16.540527,stair_down
1769345272.1360683,-0.866943,0.278198,0.332397,0.854492,0.732422,17.089844,stair_down
1769345272.1563098,-0.828003,0.264038,0.339600,-1.037598,3.540040,18.676758,stair_down
1769345272.1768382,-0.826904,0.271240,0.332642,-5.004883,5.493164,19.714355,stair_down
1769345272.196348,-0.813110,0.291260,0.348145,-7.080080,7.812502,18.737793,stair_down
1769345272.2165172,-0.805176,0.293213,0.370483,-8.972168,7.629396,17.272949,stair_down
1769345272.230437,-0.809937,0.294556,0.390015,-16.235352,1.525879,14.831547,stair_down
1769345272.2563107,-0.858032,0.307373,0.395630,-20.263672,0.122070,14.831547,stair_down
1769345272.273461,-0.890259,0.311646,0.393188,-23.132332,2.746582,15.319828,stair_down
1769345272.296707,-0.878662,0.328369,0.388062,-25.146492,4.333496,14.770512,stair_down
1769345272.3162258,-0.857300,0.344971,0.391602,-28.076180,2.685547,15.686039,stair_down
1769345272.3361175,-0.887207,0.365356,0.387939,-28.747566,4.455566,16.296387,stair_down
1769345272.351385,-0.877075,0.352051,0.378296,-27.771004,9.033203,15.625004,stair_down
1769345272.373184,-0.840942,0.343628,0.355957,-27.709969,7.324221,13.610844,stair_down
1769345272.3998926,-0.844238,0.340820,0.348022,-25.878914,4.089355,11.657719,stair_down
1769345272.415663,-0.843872,0.340698,0.364258,-23.742683,1.098633,10.131836,stair_down
1769345272.4339948,-0.850098,0.348755,0.382446,-19.958496,1.281738,8.789063,stair_down
1769345272.4562643,-0.830444,0.358154,0.383667,-16.357422,1.403809,7.507326,stair_down
1769345272.4776733,-0.816895,0.371338,0.370850,-13.671879,1.037598,6.347658,stair_down
1769345272.4949756,-0.811035,0.386230,0.351074,-11.291508,0.854492,5.065918,stair_down
1769345272.516088,-0.817993,0.397339,0.342407,-10.559082,1.037598,4.638672,stair_down
1769345272.5366528,-0.838501,0.412720,0.329590,-9.704590,2.807618,5.004883,stair_down
1769345272.5562048,-0.870483,0.412109,0.318481,-8.422852,7.751467,6.835939,stair_down
1769345272.5763235,-0.864868,0.413696,0.302246,-6.958010,14.221195,7.812502,stair_down
1769345272.5961797,-0.828125,0.399536,0.293335,-5.737307,16.601563,8.239746,stair_down
1769345272.6161096,-0.812866,0.385742,0.295898,-4.882813,16.479492,7.812502,stair_down
1769345272.6363866,-0.801514,0.379028,0.311768,-2.807618,17.578125,5.981447,stair_down
1769345272.6564014,-0.780396,0.371094,0.316528,-0.976563,18.859863,4.455566,stair_down
1769345272.6761415,-0.747559,0.372681,0.311523,0.976563,18.127441,2.075195,stair_down
1769345272.698177,-0.730957,0.366089,0.312256,4.760742,18.432617,0.366211,stair_down
1769345272.7152684,-0.685303,0.348267,0.298706,8.544922,17.883301,-2.624512,stair_down
1769345272.735963,-0.624390,0.328613,0.272461,11.535648,17.944336,-3.784181,stair_down
1769345272.7565844,-0.572510,0.322632,0.223877,9.582520,10.803223,-7.629396,stair_down
1769345272.7794993,-0.596924,0.378052,0.185303,6.286623,1.098633,-9.094238,stair_down
1769345272.7962396,-0.662231,0.415649,0.168457,1.708985,-8.972168,-9.704590,stair_down
1769345272.8163123,-0.772461,0.457275,0.192017,-1.647950,-10.192871,-8.850098,stair_down
1769345272.8733,-0.836426,0.462769,0.243042,-0.488281,-7.629396,-7.385256,stair_down
1769345272.8827794,-0.874512,0.459717,0.284668,1.770020,-3.723145,-5.798342,stair_down
1769345272.8827794,-0.868164,0.445557,0.299683,6.896975,4.089355,-4.699707,stair_down
1769345272.8932314,-0.739258,0.388062,0.285889,13.549809,11.291508,-3.479005,stair_down
1769345272.9141042,-0.642090,0.363403,0.249146,15.808109,8.544922,-4.516602,stair_down
1769345272.9338179,-0.613647,0.359131,0.215210,16.235352,2.502441,-5.187988,stair_down
1769345272.9545386,-0.651855,0.390869,0.184814,17.639160,-1.892090,-6.164553,stair_down
1769345272.9762652,-0.742920,0.394897,0.185669,19.042969,-4.760742,-6.469728,stair_down
1769345272.9965181,-0.923706,0.394653,0.242188,13.122562,-6.469728,-2.868653,stair_down
1769345273.01627,-1.100098,0.410400,0.301758,4.455566,-12.573246,-4.150391,stair_down
1769345273.036269,-1.324707,0.401978,0.377686,8.422852,-17.822266,-6.164553,stair_down
1769345273.057955,-1.230225,0.373413,0.437988,16.418457,-11.108402,-7.202150,stair_down
1769345273.10657,-1.061646,0.384766,0.473022,32.043457,-3.967286,-10.314941,stair_down
1769345273.10657,-0.962036,0.366455,0.511353,42.358398,-4.394531,-15.319828,stair_down
1769345273.1165516,-1.090576,0.337524,0.520020,40.405273,-17.456055,-19.531250,stair_down
1769345273.126629,-1.377075,0.316162,0.591309,27.465828,-28.564461,-20.568848,stair_down
1769345273.158246,-1.550659,0.194702,0.369507,26.794441,-6.835939,-17.150879,stair_down
1769345273.1759074,-1.224976,0.183960,0.220825,22.705086,-2.380371,-11.901859,stair_down
1769345273.1960971,-0.968140,0.303223,0.154175,24.108894,-15.319828,-8.117676,stair_down
1769345273.2162185,-0.839722,0.411011,0.182373,22.460945,-13.305668,2.258301,stair_down
1769345273.240059,-0.754761,0.452148,0.189819,28.015144,-3.601075,0.549316,stair_down
1769345273.2562156,-0.613892,0.431885,0.146362,29.357918,-5.432129,-2.319336,stair_down
1769345273.2743337,-0.591675,0.347168,0.110352,30.639656,3.356935,3.662110,stair_down
1769345273.2981145,-0.523071,0.227783,0.148071,24.536140,4.821777,3.967286,stair_down
1769345273.3164978,-0.531738,0.157227,0.207764,18.737793,-1.708985,7.385256,stair_down
1769345273.3364303,-0.597656,0.145752,0.238770,14.099125,-18.066406,-6.774904,stair_down
1769345273.3561478,-0.682617,0.110962,0.267700,13.732914,-31.555183,-16.784668,stair_down
1769345273.376408,-0.754761,0.102417,0.251465,13.183598,-34.301758,-26.306160,stair_down
1769345273.38672,-0.785645,0.131836,0.191895,16.479492,-30.822762,-29.663094,stair_down
1769345273.4158375,-0.761230,0.176758,0.152954,24.414070,-26.184090,-25.878914,stair_down
1769345273.4365027,-0.760376,0.250366,0.148071,26.062019,-30.212410,-29.541023,stair_down
1769345273.45612,-0.776978,0.274902,0.162598,29.174812,-28.747566,-23.376472,stair_down
1769345273.476232,-0.841187,0.309326,0.168091,26.306160,-24.353035,-17.517090,stair_down
1769345273.4964209,-0.867432,0.338135,0.167847,22.521980,-18.188477,-10.681152,stair_down
1769345273.5158706,-0.891602,0.376831,0.169922,16.418457,-16.174316,-4.516602,stair_down
1769345273.5364091,-0.923828,0.383057,0.198730,17.456055,-9.277344,0.427246,stair_down
1769345273.5565379,-0.855835,0.310059,0.221924,21.118164,4.455566,6.835939,stair_down
1769345273.5762253,-0.809326,0.263550,0.244751,25.878914,12.268070,5.187988,stair_down
1769345273.5898986,-0.696289,0.214966,0.261475,24.658211,14.831547,8.178711,stair_down
1769345273.6464436,-0.727173,0.230469,0.269409,13.610844,1.586915,4.089355,stair_down
1769345273.6497035,-0.927856,0.269165,0.400513,-3.479005,-13.671879,4.760742,stair_down
1769345273.6564553,-1.270996,0.312500,0.594238,-10.925293,-25.695808,2.258301,stair_down
1769345273.6761835,-1.543091,0.289673,0.737671,-12.268070,-8.178711,4.211426,stair_down
1769345273.6965466,-1.188843,0.253784,0.788574,4.760742,22.644051,-6.591799,stair_down
1769345273.7133727,-0.855591,0.274292,0.787842,1.708985,-0.488281,-22.644051,stair_down
1769345273.7364132,-0.936523,0.422607,0.793213,-10.925293,-30.151375,-23.864754,stair_down
1769345273.766218,-1.289917,0.546631,0.778320,-13.610844,-36.865234,-27.404793,stair_down
1769345273.816306,-1.397583,0.576050,0.695557,-5.493164,-8.422852,-21.972656,stair_down
1769345273.816306,-1.292114,0.512451,0.487915,0.854492,16.418457,-16.235352,stair_down
1769345273.816306,-0.839844,0.408691,0.236694,0.488281,33.203125,-2.502441,stair_down
1769345273.836296,-0.587280,0.372681,0.169922,-4.638672,12.084965,-0.732422,stair_down
1769345273.853929,-0.565308,0.318604,0.202759,-8.239746,-4.699707,4.028320,stair_down
1769345273.9097285,-0.635254,0.281982,0.261475,-8.239746,-9.338379,4.211426,stair_down
1769345273.928233,-0.631836,0.243164,0.277588,-5.004883,-5.371094,6.103518,stair_down
1769345273.939393,-0.629761,0.240356,0.327026,-4.272461,-7.385256,7.446291,stair_down
1769345273.9488466,-0.710815,0.260986,0.348022,4.211426,-5.065918,16.723633,stair_down
1769345273.9564183,-0.660767,0.273804,0.420776,-0.122070,-5.737307,12.756351,stair_down
1769345273.9763021,-0.746582,0.390991,0.472412,1.953125,-18.920898,5.371094,stair_down
1769345273.9964235,-0.795654,0.412354,0.527710,6.408693,-15.869144,-4.028320,stair_down
1769345274.01625,-0.781372,0.419312,0.518188,8.422852,-10.253906,-11.596684,stair_down
1769345274.0392897,-0.799561,0.412476,0.444702,10.314941,-13.183598,-20.019531,stair_down
1769345274.056554,-0.813965,0.414307,0.405029,8.728027,-11.535648,-24.414070,stair_down
1769345274.0762367,-0.848755,0.420044,0.316162,10.437012,-13.977055,-22.583015,stair_down
1769345274.0964673,-0.897217,0.411011,0.277954,11.108402,-15.808109,-21.667480,stair_down
1769345274.117355,-0.944092,0.391602,0.294434,15.014652,-13.305668,-19.287109,stair_down
1769345274.1364677,-0.958984,0.374023,0.311646,17.822266,-11.779789,-17.028809,stair_down
1769345274.1563191,-0.939697,0.351318,0.339355,20.690918,-9.399414,-13.000492,stair_down
1769345274.17633,-0.884277,0.352051,0.356201,20.751953,-7.385256,-6.774904,stair_down
1769345274.1963222,-0.854004,0.387573,0.375732,22.583015,-11.108402,-6.347658,stair_down
1769345274.2163324,-0.842651,0.403442,0.409180,26.977547,-6.774904,-4.943848,stair_down
1769345274.2365212,-0.833374,0.422119,0.408447,29.785164,2.197266,-2.685547,stair_down
1769345274.2561352,-0.813721,0.443848,0.382202,33.386230,11.047363,-3.906251,stair_down
1769345274.2764356,-0.808105,0.438110,0.375000,31.616219,5.554201,-8.911133,stair_down
1769345274.29617,-0.907715,0.427124,0.355469,26.062019,-1.953125,-9.216309,stair_down
1769345274.314145,-1.059937,0.391846,0.339722,19.775391,-2.258301,-8.544922,stair_down
1769345274.3362396,-1.108154,0.361450,0.379639,16.723633,4.516602,-4.516602,stair_down
1769345274.3564062,-1.091553,0.317017,0.456665,20.751953,14.343266,-2.929688,stair_down
1769345274.3761263,-0.965576,0.290405,0.463501,26.977547,22.888191,-5.554201,stair_down
1769345274.3965416,-0.815430,0.281250,0.439941,33.325195,25.817879,-10.803223,stair_down
1769345274.4342184,-0.695557,0.268433,0.389893,36.376953,21.667480,-13.427738,stair_down
1769345274.453584,-0.658081,0.257446,0.346680,36.437988,10.742188,-13.732914,stair_down
1769345274.456266,-0.702881,0.239990,0.304688,35.583496,5.859377,-10.925293,stair_down
1769345274.476257,-0.766479,0.218994,0.266357,24.414070,4.455566,-8.056641,stair_down
1769345274.4962542,-0.822998,0.215698,0.279541,20.935059,5.065918,2.746582,stair_down
1769345274.5161715,-0.856812,0.198608,0.321045,12.695316,3.356935,2.929688,stair_down
1769345274.5366127,-0.875854,0.158813,0.376465,5.493164,-3.601075,3.356935,stair_down
1769345274.5565243,-0.941284,0.145386,0.424316,0.549316,-10.681152,-0.793457,stair_down
1769345274.576351,-0.957886,0.158447,0.448242,1.281738,-15.075687,-6.774904,stair_down
1769345274.5944843,-0.905029,0.173218,0.411377,4.333496,-15.319828,-11.962894,stair_down
1769345274.6145368,-0.857422,0.255493,0.313477,6.958010,-23.681648,-18.005371,stair_down
1769345274.6361215,-0.889771,0.331055,0.274414,10.192871,-26.794441,-21.484375,stair_down
1769345274.6567469,-0.917847,0.383057,0.249634,13.427738,-23.742683,-19.287109,stair_down
1769345274.6730373,-0.932129,0.429443,0.230835,20.080566,-17.089844,-17.333984,stair_down
1769345274.6963055,-0.886475,0.422119,0.216675,27.221687,-10.437012,-15.014652,stair_down
1769345274.7165143,-0.835571,0.376587,0.229858,31.433113,-7.873537,-17.089844,stair_down
1769345274.736556,-0.832397,0.318359,0.270874,29.418953,-9.826660,-18.310547,stair_down
1769345274.756324,-0.858887,0.291504,0.299316,31.738289,-11.413578,-18.859863,stair_down
1769345274.7762065,-0.888428,0.269043,0.314209,32.348633,-12.329105,-20.568848,stair_down
1769345274.7972243,-0.924316,0.251099,0.315552,32.836914,-13.549809,-22.155769,stair_down
1769345274.8113117,-0.904175,0.250854,0.314209,34.423828,-13.183598,-23.315437,stair_down
1769345274.8321733,-0.880371,0.262085,0.288940,34.606934,-17.272949,-21.423340,stair_down
1769345274.855432,-0.885498,0.291016,0.247559,37.048340,-19.714355,-20.629883,stair_down
1769345274.8727534,-0.894043,0.325195,0.207397,40.710449,-18.737793,-18.432617,stair_down
1769345274.8951051,-0.903564,0.361084,0.195313,42.846680,-16.845703,-17.028809,stair_down
1769345274.9131756,-0.941162,0.387573,0.207397,47.546402,-12.573246,-16.357422,stair_down
1769345274.9341755,-0.980957,0.359131,0.237671,52.307144,-4.211426,-14.526371,stair_down
1769345274.9553072,-0.996704,0.321167,0.277710,55.480972,0.549316,-12.329105,stair_down
1769345274.9749768,-0.990234,0.276123,0.316895,55.480972,0.183106,-13.427738,stair_down
1769345274.997349,-1.054321,0.244873,0.349609,53.588882,-1.159668,-18.127441,stair_down
1769345275.0110948,-1.084717,0.189575,0.393188,47.485367,-0.793457,-17.883301,stair_down
1769345275.0379417,-1.091553,0.192871,0.406128,46.203629,3.540040,-14.587406,stair_down
1769345275.0553312,-0.969849,0.199829,0.405273,44.616714,6.896975,-14.038090,stair_down
1769345275.072785,-0.899292,0.212891,0.396851,44.311539,0.793457,-15.197758,stair_down
1769345275.0961883,-0.813843,0.240845,0.401489,44.494644,-0.122070,-18.066406,stair_down
1769345275.115005,-0.791504,0.258545,0.388306,46.325699,-4.516602,-18.371582,stair_down
1769345275.1349096,-0.845337,0.238647,0.313721,42.297363,6.896975,-19.287109,stair_down
1769345275.1555958,-0.841919,0.206299,0.308960,34.484863,2.197266,-19.897461,stair_down
1769345275.1735368,-0.830566,0.216553,0.302979,26.428230,-5.432129,-21.667480,stair_down
1769345275.1963527,-0.857422,0.205322,0.301880,22.949226,-14.282230,-23.498543,stair_down
1769345275.215667,-0.838501,0.217896,0.317017,22.888191,-15.075687,-23.315437,stair_down
1769345275.2362666,-0.823120,0.240967,0.343750,28.076180,-15.563969,-23.864754,stair_down
1769345275.25359,-0.783081,0.269043,0.356934,35.339355,-11.779789,-23.376472,stair_down
1769345275.2731142,-0.731689,0.323608,0.404297,45.043961,-17.395020,-28.320320,stair_down
1769345275.2945476,-0.746826,0.340332,0.441772,51.330582,-16.235352,-31.372078,stair_down
1769345275.3142846,-0.761475,0.325195,0.459351,56.213394,-17.333984,-32.775879,stair_down
1769345275.3354058,-0.784058,0.301758,0.475586,57.373062,-16.967773,-30.151375,stair_down
1769345275.3500385,-0.808472,0.275635,0.490967,54.931656,-20.812988,-29.541023,stair_down
1769345275.3756385,-0.887573,0.238525,0.526855,49.621597,-26.428230,-29.052742,stair_down
1769345275.3933806,-0.976563,0.189697,0.466431,38.208008,-18.432617,-20.568848,stair_down
1769345275.4142315,-0.910522,0.189819,0.377563,32.897949,-18.798828,-13.854984,stair_down
1769345275.4363658,-0.858154,0.181274,0.318726,27.404793,-21.240234,-8.728027,stair_down
1769345275.4561691,-0.828735,0.196777,0.282837,20.690918,-24.719246,-5.554201,stair_down
1769345275.4761355,-0.845215,0.232544,0.269165,17.395020,-25.634773,-3.173829,stair_down
1769345275.4961624,-0.848267,0.254639,0.277344,16.479492,-20.690918,-0.427246,stair_down
1769345275.517883,-0.849243,0.270508,0.296265,14.526371,-19.104004,2.197266,stair_down
1769345275.5364866,-0.888184,0.294067,0.335449,15.014652,-13.549809,1.586915,stair_down
1769345275.5564156,-0.873657,0.291870,0.366577,16.235352,-15.502934,-3.295899,stair_down
1769345275.5762088,-0.887451,0.292114,0.408447,17.272949,-12.573246,-4.760742,stair_down
1769345275.598652,-0.892578,0.282471,0.429565,19.531250,-11.291508,-8.789063,stair_down
1769345275.616815,-0.888306,0.245850,0.411621,18.188477,-12.817387,-11.352543,stair_down
1769345275.6365027,-0.910156,0.246338,0.387085,15.502934,-14.587406,-12.207035,stair_down
1769345275.6588743,-0.924438,0.234375,0.348511,12.451176,-13.610844,-10.375977,stair_down
1769345275.6761715,-0.930542,0.232056,0.338135,8.239746,-12.573246,-7.141115,stair_down
1769345275.6963282,-0.937622,0.245117,0.334839,4.516602,-10.925293,-3.356935,stair_down
1769345275.7165601,-0.937744,0.254761,0.333374,1.708985,-7.385256,0.183106,stair_down
1769345275.7334266,-0.939331,0.262085,0.334839,-0.732422,-3.356935,2.502441,stair_down
1769345275.7563326,-0.912354,0.266479,0.329346,-3.051759,1.831055,2.014160,stair_down
1769345275.776469,-0.900513,0.264893,0.320801,-2.746582,4.455566,4.821777,stair_down
1769345275.796324,-0.881714,0.277832,0.325806,-3.784181,4.272461,5.554201,stair_down
1769345275.8163505,-0.891602,0.302246,0.323364,-3.906251,6.774904,5.249023,stair_down
1769345275.836557,-0.868652,0.309814,0.314087,-3.479005,9.643555,5.065918,stair_down
1769345275.858041,-0.858765,0.307739,0.303101,-4.272461,9.338379,4.516602,stair_down
1769345275.876207,-0.869873,0.314209,0.297852,-5.493164,9.155273,4.150391,stair_down
1769345275.8963132,-0.896729,0.338257,0.283447,-6.591799,8.789063,4.943848,stair_down
1769345275.9159117,-0.925049,0.351807,0.277344,-7.080080,13.000492,7.812502,stair_down
1769345275.9364078,-0.913086,0.376831,0.281006,-7.263186,13.732914,10.498047,stair_down
1769345275.9570565,-0.980591,0.370361,0.329102,-11.535648,10.192871,13.305668,stair_down
1769345275.976232,-1.063477,0.340698,0.378784,-12.268070,12.084965,15.502934,stair_down
1769345275.9961112,-0.981812,0.291748,0.361572,-12.023930,14.160160,15.808109,stair_down
1769345276.0162513,-0.892944,0.250488,0.347778,-10.803223,8.789063,14.953617,stair_down
1769345276.066454,-0.835205,0.258179,0.394775,-10.070801,3.295899,11.108402,stair_down
1769345276.0764933,-0.828247,0.272705,0.455444,-5.249023,-2.075195,4.455566,stair_down
1769345276.0764933,-0.815796,0.257324,0.457520,-1.953125,-3.051759,-0.976563,stair_down
1769345276.0921235,-0.785156,0.252686,0.449219,0.244141,-5.798342,-3.601075,stair_down
1769345276.1138227,-0.784668,0.256104,0.442017,0.793457,-8.789063,-4.394531,stair_down
1769345276.1361878,-0.803345,0.262085,0.426880,2.502441,-8.544922,-2.624512,stair_down
1769345276.1576571,-0.813354,0.245972,0.396851,2.502441,-6.347658,1.831055,stair_down
1769345276.1764917,-0.815552,0.217041,0.354614,-0.244141,-1.708985,8.789063,stair_down
1769345276.1964283,-0.835815,0.186646,0.297607,-7.568361,2.197266,7.751467,stair_down
1769345276.2162628,-0.803833,0.114868,0.303345,-4.882813,4.821777,17.517090,stair_down
1769345276.2363782,-0.806519,0.119995,0.326416,-15.625004,1.708985,13.305668,stair_down
1769345276.2563615,-0.894409,0.133179,0.371216,-17.272949,-7.202150,10.375977,stair_down
1769345276.2740762,-0.958374,0.154053,0.382324,-16.662598,-11.962894,3.112794,stair_down
1769345276.2877953,-1.030884,0.154053,0.381714,-18.798828,-12.573246,1.342773,stair_down
1769345276.3163664,-1.083252,0.209595,0.362671,-13.977055,-9.155273,-7.507326,stair_down
1769345276.3377163,-1.010742,0.243042,0.371826,-8.605957,-4.821777,-10.681152,stair_down
1769345276.3562481,-0.937378,0.286011,0.368042,0.793457,-1.037598,-15.441898,stair_down
1769345276.376137,-0.851196,0.293823,0.366455,7.202150,1.220703,-19.348145,stair_down
1769345276.3950913,-0.815796,0.316772,0.343750,12.634281,2.441406,-18.920898,stair_down
1769345276.4163773,-0.776001,0.321899,0.325928,15.014652,2.929688,-19.592285,stair_down
1769345276.4363766,-0.771118,0.309570,0.310913,13.549809,-2.075195,-18.554688,stair_down
1769345276.4565027,-0.849121,0.276001,0.308838,11.352543,-5.004883,-16.479492,stair_down
1769345276.477113,-0.855225,0.245972,0.300781,8.666992,-3.356935,-13.916019,stair_down
1769345276.4963694,-0.892334,0.230713,0.312256,6.225588,-8.789063,-12.207035,stair_down
1769345276.5160987,-0.954590,0.221558,0.328491,6.835939,-8.605957,-10.070801,stair_down
1769345276.536021,-0.958618,0.229614,0.319092,8.911133,-6.103518,-8.483887,stair_down
1769345276.5563366,-0.969360,0.226318,0.297119,12.023930,-5.676271,-8.666992,stair_down
1769345276.5787082,-0.921753,0.230347,0.293945,30.090340,-0.854492,-7.995607,stair_down
1769345276.5965345,-0.865723,0.257813,0.275879,19.714355,-0.732422,-9.277344,stair_down
1769345276.6164806,-0.878662,0.284180,0.258911,22.338875,-1.708985,-10.437012,stair_down
1769345276.6363313,-0.892578,0.307495,0.239990,26.306160,0.244141,-10.864258,stair_down
1769345276.6561692,-0.912231,0.314209,0.239624,29.785164,4.760742,-10.986328,stair_down
1769345276.6787305,-0.912598,0.318359,0.264526,32.226563,7.568361,-9.460449,stair_down
1769345276.6962442,-0.958130,0.301147,0.254639,35.095215,7.690432,-11.413578,stair_down
1769345276.7361577,-0.942993,0.221680,0.300781,34.423828,8.117676,-7.690432,stair_down
1769345276.761016,-0.994873,0.219360,0.336548,35.827637,9.887695,-5.126953,stair_down
1769345276.7617788,-0.978882,0.187622,0.335815,35.583496,12.023930,-5.187988,stair_down
1769345276.776302,-0.932495,0.184937,0.281372,33.569336,8.361816,-2.868653,stair_down
1769345276.7868497,-0.912354,0.224365,0.251587,28.991707,0.610352,-3.295899,stair_down
1769345276.8140008,-1.000732,0.269409,0.288574,23.315437,-6.713869,-3.112794,stair_down
1769345276.8368397,-1.074219,0.284424,0.346069,22.521980,-7.446291,-3.479005,stair_down
1769345276.8569589,-0.943237,0.268555,0.378052,26.489265,0.976563,-4.943848,stair_down
1769345276.8760264,-0.880981,0.220947,0.348633,30.395515,-0.854492,-9.826660,stair_down
1769345276.8962514,-0.808594,0.206787,0.327148,30.700691,-3.906251,-13.610844,stair_down
1769345276.9163866,-0.853271,0.212158,0.318481,30.944832,-7.751467,-15.380863,stair_down
1769345276.9349704,-0.880371,0.204468,0.306641,29.357918,-7.507326,-15.808109,stair_down
1769345276.9562016,-0.869019,0.214966,0.291260,29.357918,-7.385256,-15.502934,stair_down
1769345276.976295,-0.841064,0.192871,0.285278,31.127937,-5.798342,-14.160160,stair_down
1769345276.9971116,-0.844727,0.179443,0.323486,31.921394,-4.089355,-12.878422,stair_down
1769345277.0285192,-0.803589,0.173096,0.348999,31.372078,-1.647950,-12.329105,stair_down
1769345277.0448356,-0.790405,0.188232,0.362061,30.883797,-2.868653,-12.573246,stair_down
1769345277.0609255,-0.764282,0.209595,0.356812,30.273445,-4.455566,-14.221195,stair_down
1769345277.0720594,-0.757446,0.237061,0.371582,30.639656,-7.324221,-17.395020,stair_down
1769345277.0959926,-0.742798,0.251587,0.439819,33.386230,-9.155273,-19.226074,stair_down
1769345277.1163762,-0.814941,0.262695,0.527710,33.691406,-9.338379,-22.644051,stair_down
1769345277.1350758,-0.862915,0.245117,0.556641,31.005867,-18.371582,-27.343758,stair_down
1769345277.1560726,-0.981201,0.223999,0.550415,26.000984,-25.512703,-28.442390,stair_down
1769345277.1684065,-1.050293,0.200195,0.468018,22.155769,-24.719246,-27.038582,stair_down
1769345277.1904054,-0.997681,0.188599,0.381470,17.883301,-22.155769,-22.399910,stair_down
1769345277.2153444,-0.930908,0.215454,0.297363,14.831547,-24.047859,-17.761230,stair_down
1769345277.2363203,-0.896973,0.238892,0.251343,13.793949,-27.160652,-12.817387,stair_down
1769345277.2563891,-0.903076,0.276367,0.256348,17.578125,-18.371582,-7.751467,stair_down
1769345277.276204,-0.856201,0.257080,0.260132,21.972656,-8.850098,-5.737307,stair_down
1769345277.2949767,-0.845703,0.234131,0.285645,20.874023,-8.361816,-5.065918,stair_down
1769345277.316449,-0.866943,0.236328,0.324219,19.287109,-3.417970,-5.371094,stair_down
1769345277.3361547,-0.855347,0.224731,0.374878,17.272949,-2.502441,-6.835939,stair_down
1769345277.35582,-0.842651,0.218628,0.421265,14.343266,-5.371094,-8.666992,stair_down
1769345277.3761218,-0.850952,0.218628,0.467651,11.901859,-10.986328,-11.535648,stair_down
1769345277.3964458,-0.881348,0.209839,0.463379,10.620117,-9.582520,-12.084965,stair_down
1769345277.4152274,-0.867188,0.208984,0.433960,10.070801,-7.934572,-12.939457,stair_down
1769345277.436306,-0.872192,0.189087,0.395386,7.690432,-5.432129,-10.009766,stair_down
1769345277.4561927,-0.885254,0.196777,0.355469,4.333496,-2.136230,-5.981447,stair_down
1769345277.4748445,-0.899658,0.200806,0.338501,-0.061035,0.244141,-1.220703,stair_down
1769345277.496871,-0.927734,0.223022,0.316528,-5.737307,2.746582,3.051759,stair_down
1769345277.5166364,-0.974731,0.254272,0.314209,-15.747074,3.234864,9.094238,stair_down
1769345277.537185,-1.050415,0.261108,0.353271,-21.179199,3.784181,14.404301,stair_down
1769345277.5562737,-1.103027,0.240479,0.382935,-22.644051,4.882813,13.916019,stair_down
1769345277.5761533,-1.052979,0.205444,0.378296,-22.277840,12.390141,12.512211,stair_down
1769345277.599783,-0.937500,0.174561,0.360107,-17.211914,16.296387,12.878422,stair_down
1769345277.614405,-0.857910,0.180786,0.370361,-10.681152,15.258793,10.620117,stair_down
1769345277.636081,-0.798950,0.196777,0.379272,1.342773,14.953617,6.469728,stair_down
1769345277.6556327,-0.796631,0.182495,0.369141,5.859377,15.686039,3.601075,stair_down
1769345277.676121,-0.801758,0.143677,0.370239,4.089355,11.596684,3.295899,stair_down
1769345277.6958501,-0.868164,0.137573,0.369263,-2.624512,6.408693,4.333496,stair_down
1769345277.7163613,-0.907715,0.131592,0.385986,-7.507326,5.554201,5.371094,stair_down
1769345277.736377,-0.903809,0.131714,0.408203,-13.122562,2.380371,5.981447,stair_down
1769345277.7564728,-0.925903,0.126831,0.439331,-23.437508,4.272461,1.586915,stair_down
1769345277.7761126,-0.871460,0.114136,0.425781,-14.099125,2.929688,7.873537,stair_down
1769345277.7967622,-0.877197,0.117065,0.382935,-17.395020,5.493164,10.314941,stair_down
1769345277.8164165,-0.871094,0.133423,0.336914,-18.981934,10.742188,7.812502,stair_down
1769345277.8361487,-0.840576,0.115601,0.317505,-18.371582,5.432129,7.263186,stair_down
1769345277.8563232,-0.868774,0.129517,0.304321,-20.874023,1.586915,7.202150,stair_down
1769345277.8761802,-0.892944,0.135742,0.286499,-21.972656,-1.037598,5.920412,stair_down
1769345277.8953886,-0.953491,0.158569,0.257446,-24.230965,-0.793457,3.417970,stair_down
1769345277.916392,-0.990723,0.181519,0.253784,-27.282722,-3.845216,2.075195,stair_down
1769345277.936309,-1.055786,0.215820,0.275757,-24.658211,-3.173829,1.708985,stair_down
1769345277.9566028,-1.050049,0.223267,0.295044,-20.019531,4.150391,0.732422,stair_down
1769345277.9762774,-0.976074,0.218506,0.295410,-14.709476,10.009766,-2.075195,stair_down
1769345277.9960847,-0.910400,0.205811,0.297974,-9.277344,10.253906,-5.310059,stair_down
1769345278.0664232,-0.901855,0.194214,0.306519,-7.080080,8.666992,-6.652834,stair_down
1769345278.0664232,-0.911011,0.197998,0.300537,-3.540040,10.009766,-6.591799,stair_down
1769345278.116177,-0.924438,0.175293,0.292480,-3.051759,9.582520,-5.310059,stair_down
1769345278.116177,-0.924561,0.163330,0.291992,-3.967286,7.629396,-5.432129,stair_down
1769345278.1399162,-0.896484,0.142944,0.293213,-5.493164,6.774904,-2.319336,stair_down
1769345278.1413972,-0.911621,0.135132,0.292969,-7.324221,4.760742,-2.136230,stair_down
1769345278.1413972,-0.901855,0.132568,0.294556,-10.009766,4.272461,-1.708985,stair_down
1769345278.1558268,-0.899414,0.146606,0.283325,-12.207035,1.464844,-1.831055,stair_down
1769345278.1763093,-0.910767,0.161011,0.269531,-11.901859,-1.281738,-1.281738,stair_down
1769345278.1926765,-0.898804,0.186279,0.268066,-10.314941,-1.342773,-0.732422,stair_down
1769345278.2066932,-0.920410,0.193970,0.265747,-7.568361,-0.183106,-0.366211,stair_down
1769345278.233524,-0.921875,0.213379,0.266602,-4.211426,1.770020,-1.159668,stair_down
1769345278.2564337,-0.914307,0.215942,0.281494,-0.183106,2.197266,-0.732422,stair_down
1769345278.2765684,-0.916138,0.213013,0.304077,2.807618,1.708985,-1.342773,stair_down
1769345278.2963135,-0.931885,0.184692,0.319214,8.483887,3.723145,-1.159668,stair_down
1769345278.3161528,-0.910522,0.169067,0.302368,9.033203,3.479005,-0.244141,stair_down
1769345278.3361483,-0.906738,0.173706,0.279297,9.521484,-2.563477,-1.220703,stair_down
1769345278.3568058,-0.897461,0.152588,0.263672,8.300781,-1.831055,3.967286,stair_down
1769345278.3762162,-0.913086,0.183350,0.231079,5.920412,-1.525879,6.103518,stair_down
1769345278.3963945,-0.906372,0.198364,0.207642,7.873537,3.173829,9.399414,stair_down
1769345278.4184513,-0.878784,0.206299,0.190186,8.178711,2.258301,10.925293,stair_down
1769345278.4364178,-0.900513,0.225830,0.177612,9.887695,2.441406,12.207035,stair_down
1769345278.4560704,-0.917603,0.231079,0.179077,12.451176,1.831055,11.291508,stair_down
1769345278.476472,-0.920288,0.222534,0.183228,15.197758,2.380371,10.070801,stair_down
1769345278.4945343,-0.933716,0.212036,0.198853,17.883301,2.929688,10.437012,stair_down
1769345278.51775,-0.907227,0.209961,0.196167,21.240234,4.943848,10.314941,stair_down
1769345278.5362575,-0.889404,0.197388,0.186035,25.085457,5.615236,9.948730,stair_down
1769345278.5593348,-0.846924,0.183105,0.177246,27.526863,5.859377,10.559082,stair_down
1769345278.573408,-0.826172,0.183594,0.163452,26.184090,6.530764,10.742188,stair_down
1769345278.5965693,-0.803467,0.188599,0.151978,23.254402,4.638672,9.887695,stair_down
1769345278.6064773,-0.797241,0.200439,0.151489,20.629883,3.356935,9.460449,stair_down
1769345278.6344466,-0.799683,0.212891,0.162476,17.822266,2.014160,9.277344,stair_down
1769345278.6563096,-0.809937,0.208862,0.165039,15.319828,1.892090,9.399414,stair_down
1769345278.6772573,-0.806030,0.208862,0.143433,12.268070,2.563477,10.375977,stair_down
1769345278.6964338,-0.845581,0.210083,0.123657,8.911133,1.159668,10.803223,stair_down
1769345278.716326,-0.846680,0.210205,0.117554,4.699707,-3.784181,10.803223,stair_down
1769345278.7378488,-0.872559,0.223389,0.112305,2.136230,-6.469728,9.643555,stair_down
1769345278.7565103,-0.875488,0.234985,0.110107,2.624512,-4.028320,8.789063,stair_down
1769345278.7935584,-0.851563,0.235962,0.111084,5.126953,-0.061035,8.361816,stair_down
1769345278.8031397,-0.835815,0.235107,0.103149,6.591799,4.150391,7.507326,stair_down
1769345278.8148887,-0.815063,0.238281,0.100708,5.859377,0.000000,5.493164,stair_down
1769345278.8363335,-0.950684,0.242554,0.197998,-7.080080,-13.366703,1.464844,stair_down
1769345278.8568783,-1.236328,0.245239,0.367676,-16.967773,-21.728516,-2.075195,stair_down
1769345278.8736737,-1.424438,0.259277,0.509644,-22.399910,-8.483887,-3.051759,stair_down
1769345278.8937142,-1.346558,0.253784,0.548462,-20.751953,10.864258,-2.685547,stair_down
1769345278.9164276,-1.123779,0.215210,0.522095,-17.028809,17.150879,-5.554201,stair_down
1769345278.9359674,-0.949585,0.207153,0.486084,-15.258793,11.474613,-8.239746,stair_down
1769345278.9565785,-0.835083,0.305298,0.346924,-18.005371,3.906251,-9.460449,stair_down
1769345278.9672837,-0.816772,0.365356,0.275146,-20.385742,-2.197266,-7.995607,stair_down
1769345279.0080805,-0.959351,0.406982,0.284668,-31.677254,-0.976563,-5.004883,stair_down
1769345279.0826526,-1.096558,0.446899,0.311157,-39.062500,-3.356935,-4.943848,stair_down
1769345279.0826526,-1.220825,0.417603,0.413086,-40.588379,0.061035,-0.610352,stair_down
1769345279.0826526,-1.188110,0.393921,0.498657,-31.677254,12.023930,12.146000,stair_down
1769345279.120567,-0.984375,0.397949,0.488892,-20.446777,18.066406,8.239746,stair_down
1769345279.1225798,-0.698853,0.403198,0.407227,-6.958010,12.084965,5.004883,stair_down
1769345279.1225798,-0.674438,0.425659,0.324097,-1.586915,-2.075195,3.356935,stair_down
1769345279.1362526,-0.724121,0.422119,0.261841,1.770020,-10.314941,0.732422,stair_down
1769345279.156123,-0.779053,0.377930,0.210693,1.647950,-5.126953,-0.305176,stair_down
1769345279.1777256,-0.821777,0.317749,0.203491,2.075195,1.220703,0.183106,stair_down
1769345279.1965454,-0.802734,0.282227,0.212402,1.831055,4.028320,2.380371,stair_down
1769345279.2263873,-0.760742,0.291504,0.283691,2.197266,-1.586915,3.845216,stair_down
1769345279.2704427,-0.738770,0.316650,0.323608,7.141115,-2.685547,1.220703,stair_down
1769345279.2704427,-0.673950,0.322021,0.324951,11.901859,-2.197266,-1.770020,stair_down
1769345279.276451,-0.632202,0.322388,0.312256,13.061527,-3.906251,-2.990724,stair_down
1769345279.29648,-0.651855,0.311890,0.288452,13.488773,-6.347658,-5.065918,stair_down
1769345279.3182235,-0.661499,0.291382,0.259766,12.146000,-6.713869,-6.469728,stair_down
1769345279.3379796,-0.658936,0.268555,0.223145,9.216309,-5.737307,-6.042482,stair_down
1769345279.3684423,-0.647949,0.258179,0.174194,4.150391,-7.080080,-1.586915,stair_down
1769345279.3761368,-0.659546,0.253418,0.149902,-1.892090,-8.361816,0.000000,stair_down
1769345279.3964248,-0.674561,0.262085,0.138062,-5.554201,-10.131836,3.479005,stair_down
1769345279.416399,-0.736450,0.268188,0.149536,-8.911133,-9.704590,6.042482,stair_down
1769345279.4755683,-0.768677,0.275635,0.175659,-11.718754,-7.263186,7.995607,stair_down
1769345279.476619,-0.783569,0.292114,0.224487,-14.587406,-9.399414,7.568361,stair_down
1769345279.4865768,-0.812012,0.300537,0.298218,-13.488773,-6.042482,2.441406,stair_down
1769345279.499962,-0.813721,0.290894,0.317627,-12.451176,-5.493164,-3.356935,stair_down
1769345279.5183752,-0.839844,0.310913,0.311401,-6.103518,-5.859377,-4.394531,stair_down
1769345279.5361176,-0.855469,0.351074,0.312378,-5.676271,-4.699707,-6.225588,stair_down
1769345279.58653,-1.030640,0.376099,0.349243,-13.488773,-14.709476,-7.385256,stair_down
1769345279.6766238,-1.545166,0.304810,0.508545,-16.357422,-5.187988,-9.460449,stair_down
1769345279.6766238,-1.223633,0.176758,0.567261,-8.972168,1.037598,-10.498047,stair_down
1769345279.6766238,-1.263794,0.184692,0.694702,-5.798342,-14.587406,-15.808109,stair_down
1769345279.6766238,-1.391846,0.200684,0.723022,1.403809,-23.315437,-21.484375,stair_down
1769345279.6766238,-1.470581,0.158813,0.598145,8.972168,-11.474613,-23.620613,stair_down
1769345279.6960568,-1.276489,0.116211,0.460205,14.648441,3.540040,-23.071297,stair_down
1769345279.718118,-1.094971,0.097534,0.424561,11.413578,-1.342773,-26.428230,stair_down
1769345279.7361367,-1.089966,0.200928,0.407959,11.779789,-3.540040,-19.042969,stair_down
1769345279.7564166,-1.063477,0.287964,0.342041,15.686039,9.094238,-10.009766,stair_down
1769345279.7740366,-0.970459,0.261597,0.290649,15.625004,19.714355,-5.065918,stair_down
1769345279.7961466,-0.872925,0.213623,0.259277,13.732914,20.812988,-0.122070,stair_down
1769345279.8153803,-0.813354,0.156128,0.248291,10.253906,17.883301,1.831055,stair_down
1769345279.8365953,-0.763306,0.153076,0.241455,8.056641,12.207035,1.892090,stair_down
1769345279.85657,-0.768921,0.150146,0.256104,10.559082,11.901859,-1.220703,stair_down
1769345279.876439,-0.819702,0.104736,0.266602,18.493652,18.676758,1.098633,stair_down
1769345279.8961823,-0.813232,0.050781,0.255615,17.456055,22.033691,-4.821777,stair_down
1769345279.9167798,-0.819824,0.026367,0.236450,16.113281,17.456055,-8.117676,stair_down
1769345279.9361904,-0.841431,0.012207,0.240967,14.770512,10.864258,-11.901859,stair_down
1769345279.956415,-0.895020,0.015991,0.263062,11.535648,5.859377,-11.108402,stair_down
1769345279.9765203,-0.937012,0.049316,0.263062,6.835939,2.990724,-11.657719,stair_down
1769345279.9965334,-0.944458,0.094482,0.237793,4.577637,-1.953125,-15.258793,stair_down
1769345280.0206559,-0.974854,0.125244,0.225586,0.732422,-0.305176,-9.948730,stair_down
1769345280.036043,-0.967529,0.179565,0.236206,2.014160,-1.464844,-9.948730,stair_down
1769345280.0564697,-0.969727,0.166748,0.275024,2.136230,1.586915,-5.432129,stair_down
1769345280.0722318,-0.979248,0.181274,0.289429,-0.305176,1.708985,-1.831055,stair_down
1769345280.0946848,-0.975830,0.181396,0.294678,2.380371,6.042482,-0.976563,stair_down
1769345280.1139166,-0.915649,0.120605,0.291016,1.525879,8.300781,2.380371,stair_down
1769345280.136087,-0.873779,0.137939,0.268433,-4.211426,2.014160,3.784181,stair_down
1769345280.159233,-0.875732,0.126587,0.245728,-4.821777,-1.770020,4.516602,stair_down
1769345280.1766,-0.888550,0.145874,0.219849,-6.347658,-3.417970,6.042482,stair_down
1769345280.1976843,-0.888550,0.175171,0.192993,-10.681152,-3.662110,3.112794,stair_down
1769345280.21903,-0.895630,0.173096,0.182373,-15.258793,-3.967286,7.141115,stair_down
1769345280.2364314,-0.945679,0.219727,0.174805,-18.127441,-8.422852,2.075195,stair_down
1769345280.2562735,-0.934814,0.248047,0.188965,-14.831547,-5.187988,5.187988,stair_down
1769345280.2761078,-0.971802,0.278687,0.197998,-6.469728,-6.958010,5.432129,stair_down
1769345280.2963161,-0.950684,0.279907,0.218384,1.708985,-4.150391,3.662110,stair_down
1769345280.3161523,-0.959839,0.284546,0.220337,10.925293,-0.732422,6.774904,stair_down
1769345280.3362665,-0.955933,0.251221,0.217529,17.700195,3.784181,9.033203,stair_down
1769345280.3562288,-0.939697,0.222046,0.200562,20.080566,6.408693,10.498047,stair_down
1769345280.389228,-0.924561,0.201172,0.189331,19.958496,5.676271,10.559082,stair_down
1769345280.3995495,-0.927734,0.180664,0.196533,19.165039,5.432129,9.887695,stair_down
1769345280.421648,-0.888550,0.141235,0.197632,12.451176,5.798342,9.887695,stair_down
1769345280.4363298,-0.834473,0.140625,0.196533,7.568361,2.685547,8.178711,stair_down
1769345280.4564457,-0.801392,0.144043,0.190918,2.868653,-1.647950,7.263186,stair_down
1769345280.4760659,-0.780884,0.165405,0.177979,-0.549316,-6.774904,4.699707,stair_down
1769345280.496347,-0.773804,0.183105,0.166260,-1.647950,-10.986328,2.807618,stair_down
1769345280.5160117,-0.776245,0.206299,0.153320,-1.708985,-13.977055,2.441406,stair_down
1769345280.5363026,-0.780273,0.248169,0.125854,0.183106,-13.183598,2.990724,stair_down
1769345280.5560718,-0.774170,0.250244,0.119507,3.295899,-10.314941,4.455566,stair_down
1769345280.576506,-0.749390,0.250610,0.108765,6.164553,-8.605957,5.493164,stair_down
1769345280.5961058,-0.759399,0.244385,0.107910,8.789063,-8.728027,4.455566,stair_down
1769345280.6167102,-0.797974,0.229126,0.125977,8.666992,-9.155273,5.432129,stair_down
1769345280.6362736,-0.857300,0.229492,0.135498,6.286623,-11.291508,5.554201,stair_down
1769345280.656319,-0.934448,0.212769,0.154907,4.028320,-11.352543,5.065918,stair_down
1769345280.7363148,-0.930420,0.203125,0.157959,0.671387,-5.615236,6.225588,stair_down
1769345280.7363148,-0.896484,0.206543,0.157959,0.244141,-3.784181,6.591799,stair_down
1769345280.7363148,-0.855591,0.203003,0.153076,1.159668,-2.746582,4.821777,stair_down
1769345280.7962883,-0.817993,0.206055,0.141479,1.403809,-1.770020,2.380371,stair_down
1769345280.804526,-0.791138,0.208008,0.128418,2.258301,-1.586915,0.976563,stair_down
1769345280.8067977,-0.803467,0.220215,0.120728,-0.427246,-2.868653,0.671387,stair_down
1769345280.8089545,-1.011841,0.255859,0.275757,-12.023930,-14.892582,3.601075,stair_down
1769345280.8200603,-1.310059,0.257446,0.462769,-17.211914,-11.901859,1.892090,stair_down
1769345280.8375075,-1.493774,0.240479,0.598999,-17.761230,15.136723,3.112794,stair_down
1769345280.8562615,-1.277954,0.176025,0.585571,-14.160160,35.888672,1.892090,stair_down
1769345280.8707693,-0.985229,0.125244,0.541626,-11.901859,27.587898,-3.906251,stair_down
1769345280.8962479,-0.798828,0.123047,0.516724,-14.709476,1.342773,-10.742188,stair_down
1769345280.915265,-0.860962,0.234985,0.528931,-23.864754,-17.700195,-8.911133,stair_down
1769345280.9338412,-1.193481,0.404907,0.564209,-30.639656,-25.756844,-9.033203,stair_down
1769345280.9960873,-1.380005,0.397705,0.542603,-32.836914,-9.033203,-5.126953,stair_down
1769345280.9960873,-1.228516,0.345825,0.471558,-28.686531,9.277344,-2.746582,stair_down
1769345281.075215,-1.007935,0.290161,0.389038,-27.954109,10.620117,-1.159668,stair_down
1769345281.075215,-0.838623,0.311401,0.322998,-27.526863,3.112794,6.469728,stair_down
1769345281.086349,-0.835938,0.392822,0.230713,-25.695808,-9.460449,14.404301,stair_down
1769345281.086349,-0.895874,0.406738,0.200073,-23.803719,4.211426,22.888191,stair_down
1769345281.086349,-0.869019,0.394287,0.168701,-14.160160,7.934572,21.667480,stair_down
1769345281.0960772,-0.855347,0.314575,0.218506,-13.977055,15.747074,20.202637,stair_down
1769345281.2788749,-0.830078,0.308228,0.271240,-10.559082,21.179199,20.996094,stair_down
1769345281.2793846,-0.775269,0.287354,0.314209,-5.432129,24.353035,17.028809,stair_down
1769345281.2799728,-0.723999,0.276489,0.347290,-1.708985,20.751953,14.953617,stair_down
1769345281.2799728,-0.707397,0.291992,0.377808,2.258301,15.380863,9.155273,stair_down
1769345281.2799728,-0.723877,0.304199,0.384521,5.920412,5.126953,0.976563,stair_down
1769345281.2799728,-0.687134,0.285400,0.355713,4.943848,5.371094,-2.197266,stair_down
1769345281.2799728,-0.709229,0.282104,0.323853,2.136230,-3.845216,-5.249023,stair_down
1769345281.2799728,-0.769287,0.294434,0.298218,0.305176,-7.263186,-8.789063,stair_down
1769345281.2799728,-0.797852,0.295044,0.280518,-2.990724,-3.173829,-2.868653,stair_down
1769345281.2914147,-0.846191,0.303223,0.253540,-6.164553,-2.014160,0.366211,stair_down
1769345281.314499,-0.831665,0.310181,0.237183,-9.338379,-1.831055,3.906251,stair_down
1769345281.3369102,-0.784790,0.301758,0.207031,-8.422852,-3.295899,6.835939,stair_down
1769345281.412241,-0.759888,0.303711,0.201294,-9.460449,1.770020,11.413578,stair_down
1769345281.4164126,-0.724731,0.325806,0.192993,-7.141115,4.699707,13.122562,stair_down
1769345281.4164126,-0.713989,0.324829,0.202759,-5.432129,4.638672,11.230473,stair_down
1769345281.4164126,-0.713623,0.345581,0.209717,-4.272461,2.990724,6.958010,stair_down
1769345281.435627,-0.745361,0.350342,0.226563,-3.784181,6.835939,4.882813,stair_down
1769345281.460522,-0.744385,0.352051,0.276245,-0.427246,3.723145,-3.723145,stair_down
1769345281.4856064,-0.766846,0.333618,0.293457,1.647950,0.488281,-8.056641,stair_down
1769345281.543673,-0.767578,0.322510,0.280273,4.150391,1.098633,-10.375977,stair_down
1769345281.543673,-0.754883,0.317017,0.248047,5.310059,-0.549316,-9.033203,stair_down
1769345281.543673,-0.802734,0.361206,0.227539,8.239746,0.122070,-4.394531,stair_down
1769345281.586947,-0.857056,0.381104,0.209351,9.216309,0.305176,-1.403809,stair_down
1769345281.593527,-1.026733,0.385132,0.244995,2.685547,-7.568361,2.563477,stair_down
1769345281.593527,-1.452393,0.329712,0.414551,-7.141115,-18.432617,3.173829,stair_down
1769345281.6161559,-1.491333,0.213989,0.443970,-5.310059,-1.281738,0.915528,stair_down
1769345281.6376345,-1.155151,0.166260,0.499634,-5.676271,0.061035,-2.075195,stair_down
1769345281.65629,-1.105469,0.230103,0.586792,4.333496,-10.681152,-9.948730,stair_down
1769345281.676731,-1.224731,0.219727,0.616821,16.052246,-12.329105,-18.127441,stair_down
1769345281.6967216,-1.260254,0.169312,0.491089,16.052246,-11.047363,-24.841316,stair_down
1769345281.7160172,-1.150635,0.151978,0.278931,16.418457,-3.234864,-26.977547,stair_down
1769345281.7363565,-1.048218,0.125610,0.279541,13.427738,-7.080080,-22.338875,stair_down
1769345281.756458,-1.021851,0.214966,0.327271,11.352543,-5.737307,-17.272949,stair_down
1769345281.7764845,-0.979492,0.320435,0.317383,16.113281,2.990724,-13.427738,stair_down
1769345281.7962866,-0.955811,0.319092,0.284058,21.484375,11.474613,-10.620117,stair_down
1769345281.8153093,-0.910889,0.246948,0.249023,19.348145,12.939457,-7.385256,stair_down
1769345281.8361988,-0.927734,0.185425,0.229858,13.610844,9.033203,-5.004883,stair_down
1769345281.856675,-0.892944,0.133301,0.267578,10.314941,9.765625,-2.929688,stair_down
1769345281.876478,-0.875854,0.114380,0.286011,10.314941,8.361816,-4.333496,stair_down
1769345281.8964896,-0.892090,0.091309,0.298340,10.803223,8.850098,-7.141115,stair_down
1769345281.9163377,-0.896240,0.073608,0.283813,12.390141,8.728027,-8.972168,stair_down
1769345281.9371865,-0.902344,0.037354,0.273682,11.657719,8.361816,-11.840824,stair_down
1769345281.9564202,-0.925659,0.040527,0.261475,9.521484,5.554201,-12.878422,stair_down
1769345281.9764702,-0.938721,0.067871,0.266846,9.155273,5.249023,-12.878422,stair_down
1769345281.9962761,-0.924683,0.131958,0.255981,7.629396,4.821777,-14.953617,stair_down
1769345282.0162668,-0.914307,0.150146,0.246338,7.141115,3.540040,-12.207035,stair_down
1769345282.0450857,-0.908569,0.183105,0.225952,4.577637,1.831055,-11.291508,stair_down
1769345282.0561464,-0.916748,0.197021,0.217651,5.126953,0.061035,-9.338379,stair_down
1769345282.0765178,-0.914795,0.186035,0.215820,4.272461,0.915528,-7.446291,stair_down
1769345282.0961728,-0.917358,0.185669,0.219116,4.028320,0.244141,-4.760742,stair_down
1769345282.1161587,-0.943359,0.168701,0.233398,5.004883,2.807618,-2.258301,stair_down
1769345282.1379704,-0.940674,0.153198,0.246582,4.455566,3.479005,-0.976563,stair_down
1769345282.1565988,-0.927734,0.145996,0.253906,5.065918,2.563477,1.525879,stair_down
1769345282.176707,-0.929688,0.119751,0.264282,1.586915,0.915528,0.366211,stair_down
1769345282.197506,-0.881592,0.133911,0.252808,0.061035,0.244141,-1.464844,stair_down
1769345282.2185285,-0.847290,0.133545,0.245972,-1.586915,-4.272461,-0.976563,stair_down
1769345282.2362902,-0.870605,0.160767,0.222168,-3.479005,-6.652834,-0.488281,stair_down
1769345282.256472,-0.901855,0.193970,0.197998,-3.601075,-8.911133,-1.281738,stair_down
1769345282.2764099,-0.925781,0.205200,0.193359,-5.920412,-8.728027,0.122070,stair_down
1769345282.2962906,-0.955200,0.221436,0.197876,-5.615236,-9.948730,0.793457,stair_down
1769345282.3143198,-0.979736,0.221313,0.202026,-3.662110,-8.728027,3.234864,stair_down
1769345282.3368254,-0.968140,0.235962,0.203979,-2.685547,-2.502441,6.713869,stair_down
1769345282.3564897,-0.978516,0.244873,0.212036,0.061035,-3.540040,5.554201,stair_down
1769345282.37347,-0.968628,0.240234,0.201538,4.516602,0.244141,6.713869,stair_down
1769345282.3952155,-0.942139,0.220337,0.191528,4.577637,0.976563,6.347658,stair_down
1769345282.4136446,-0.938354,0.213501,0.193359,6.286623,2.807618,7.934572,stair_down
1769345282.4341993,-0.919312,0.206177,0.187500,6.530764,2.319336,6.713869,stair_down
1769345282.4551015,-0.903931,0.200317,0.198853,5.737307,1.831055,5.310059,stair_down
1769345282.4732854,-0.899292,0.204712,0.201660,4.516602,0.183106,4.028320,stair_down
1769345282.4944394,-0.889282,0.204590,0.196045,3.356935,-0.732422,2.929688,stair_down
1769345282.5133514,-0.867432,0.212280,0.177734,1.525879,-3.967286,1.403809,stair_down
1769345282.5352855,-0.871826,0.223145,0.170898,1.342773,-5.554201,1.525879,stair_down
1769345282.554594,-0.864746,0.233887,0.159668,2.136230,-4.760742,1.831055,stair_down
1769345282.5733469,-0.844971,0.242920,0.148438,3.356935,-5.004883,2.380371,stair_down
1769345282.5929406,-0.839722,0.244141,0.147461,4.821777,-4.821777,2.197266,stair_down
1769345282.6130679,-0.835815,0.241821,0.158447,6.896975,-4.333496,2.197266,stair_down
1769345282.626166,-0.832153,0.231445,0.168823,9.338379,-3.967286,2.197266,stair_down
1769345282.656232,-0.829224,0.218140,0.151978,11.169437,-4.760742,1.953125,stair_down
1769345282.6762173,-0.816284,0.210205,0.146729,11.840824,-7.629396,1.770020,stair_down
1769345282.6978688,-0.826050,0.207764,0.150757,10.803223,-9.948730,1.464844,stair_down
1769345282.7765417,-0.844849,0.207520,0.146973,10.864258,-9.704590,1.953125,stair_down
1769345282.7765417,-0.839722,0.193848,0.139404,6.530764,-3.845216,3.845216,stair_down
1769345282.7765417,-0.829956,0.208618,0.135254,9.338379,-8.483887,2.380371,stair_down
1769345282.7765417,-0.845337,0.183838,0.117188,6.713869,-6.652834,3.234864,stair_down
1769345282.796299,-0.843018,0.192505,0.104370,4.882813,-7.446291,2.624512,stair_down
1769345282.8189075,-0.861450,0.196533,0.110596,3.295899,-7.873537,2.319336,stair_down
1769345282.836287,-0.881714,0.214355,0.118286,1.708985,-6.958010,1.831055,stair_down
1769345282.8587167,-0.895752,0.225342,0.134277,0.244141,-7.507326,0.854492,stair_down
1769345282.8898547,-0.931396,0.229736,0.198120,-5.187988,-13.488773,-1.525879,stair_down
1769345282.8898547,-1.036133,0.233398,0.337280,-12.329105,-26.672371,-3.784181,stair_down
1769345282.9166248,-1.386841,0.199341,0.481812,-13.305668,-13.549809,-10.314941,stair_down
1769345282.936463,-1.299316,0.183350,0.456909,-14.099125,9.033203,-7.568361,stair_down
1769345283.3262675,-1.097656,0.169800,0.412476,-10.864258,18.981934,-6.225588,stair_down
1769345283.328695,-0.921143,0.182129,0.401245,-13.061527,12.695316,-3.295899,stair_down
1769345283.328695,-0.879761,0.239624,0.384155,-14.038090,2.685547,-3.784181,stair_down
1769345283.328695,-0.920654,0.252319,0.333740,-11.169437,-5.371094,-6.958010,stair_down
1769345283.328695,-0.916992,0.260376,0.354004,-20.629883,0.427246,-8.117676,stair_down
1769345283.3433142,-0.983398,0.314941,0.450195,-27.832039,-3.845216,-2.746582,stair_down
1769345283.346318,-1.189941,0.329834,0.557983,-32.043457,-6.347658,-4.272461,stair_down
1769345283.346318,-1.296753,0.353882,0.624146,-27.587898,4.516602,-1.464844,stair_down
1769345283.346318,-1.145874,0.345337,0.585938,-19.165039,24.719246,-1.586915,stair_down
1769345283.346318,-0.927246,0.292236,0.457275,-10.314941,30.090340,-4.577637,stair_down
1769345283.3489785,-0.698120,0.309326,0.304199,-10.986328,15.014652,-3.479005,stair_down
1769345283.3489785,-0.659546,0.356323,0.192017,-12.573246,-20.446777,-0.671387,stair_down
1769345283.3489785,-0.805176,0.369385,0.184448,-12.084965,-23.010262,0.244141,stair_down
1769345283.3489785,-0.890991,0.327148,0.204590,-7.080080,-15.686039,6.042482,stair_down
1769345283.349653,-0.873657,0.285645,0.252563,-4.760742,-1.403809,9.216309,stair_down
1769345283.349653,-0.778931,0.235840,0.285889,0.427246,6.591799,9.826660,stair_down
1769345283.349653,-0.695435,0.213867,0.328125,3.540040,5.065918,10.986328,stair_down
1769345283.349653,-0.667358,0.237305,0.348145,7.934572,4.699707,6.286623,stair_down
1769345283.349653,-0.625488,0.224731,0.324219,13.366703,2.014160,2.746582,stair_down
1769345283.349653,-0.621582,0.223755,0.285767,11.718754,1.342773,1.342773,stair_down
1769345283.349653,-0.631226,0.209473,0.241821,7.080080,-0.915528,-0.427246,stair_down
1769345283.3756998,-0.620361,0.209839,0.201050,-1.892090,-2.868653,1.037598,stair_down
1769345283.3966975,-0.686279,0.236206,0.183716,-9.216309,-9.948730,2.929688,stair_down
1769345283.4241354,-0.765747,0.260376,0.174561,-14.892582,-15.502934,2.685547,stair_down
1769345283.4731638,-0.867920,0.255493,0.210327,-20.202637,-3.601075,15.563969,stair_down
1769345283.4736922,-0.795288,0.268188,0.216553,-15.441898,8.056641,17.761230,stair_down
1769345283.4765353,-0.691528,0.234131,0.255371,-12.817387,7.507326,17.883301,stair_down
1769345283.4954627,-0.671753,0.264160,0.282349,-13.488773,-1.159668,15.563969,stair_down
1769345283.5141075,-0.731445,0.318726,0.280029,-10.559082,-6.958010,8.056641,stair_down
1769345283.5371993,-0.813232,0.331543,0.282104,-3.906251,-4.333496,6.835939,stair_down
1769345283.5562816,-0.974854,0.329834,0.364746,-5.737307,-2.075195,2.929688,stair_down
1769345283.5766027,-1.405029,0.241821,0.504272,-9.216309,6.103518,-1.831055,stair_down
1769345283.5965493,-1.323120,0.136841,0.471558,-9.887695,9.399414,-2.990724,stair_down
1769345283.6833334,-1.157227,0.089722,0.480957,-10.253906,-4.943848,-6.530764,stair_down
1769345283.6855812,-1.153442,0.132568,0.586914,-5.676271,-23.620613,-14.770512,stair_down
1769345283.6855812,-1.314331,0.227051,0.672363,0.854492,-25.085457,-20.263672,stair_down
1769345283.7168655,-1.414307,0.215698,0.590454,9.460449,-9.460449,-21.545410,stair_down
1769345283.7168655,-1.290405,0.184448,0.426270,6.835939,-12.023930,-26.000984,stair_down
1769345283.7189195,-1.239136,0.166382,0.386841,6.835939,-10.681152,-24.292000,stair_down
1769345283.7361403,-1.178955,0.198120,0.352905,9.399414,-12.207035,-22.277840,stair_down
1769345283.7562897,-1.152100,0.243530,0.340820,13.122562,-1.525879,-14.526371,stair_down
1769345283.776135,-1.021729,0.272095,0.326660,23.620613,17.700195,-4.638672,stair_down
1769345283.7949426,-0.894165,0.194214,0.310059,27.465828,24.597176,0.366211,stair_down
1769345283.8166666,-0.813721,0.130981,0.283813,25.817879,23.498543,4.333496,stair_down
1769345283.8340724,-0.770142,0.065308,0.250488,19.714355,14.404301,4.943848,stair_down
1769345283.8563972,-0.760132,0.035278,0.243896,14.404301,11.474613,4.394531,stair_down
1769345283.8760855,-0.737549,0.019165,0.244629,8.728027,7.690432,2.990724,stair_down
1769345283.8978424,-0.767456,0.009277,0.258179,3.295899,3.601075,-0.183106,stair_down
1769345283.915317,-0.791748,0.017456,0.263306,-0.061035,3.356935,-0.732422,stair_down
1769345283.9363508,-0.827759,0.026001,0.275146,-1.647950,1.159668,-3.845216,stair_down
1769345283.9561374,-0.846802,0.037109,0.297852,-3.051759,-6.042482,-9.277344,stair_down
1769345283.9772947,-0.912720,0.081055,0.317749,-5.859377,-11.291508,-12.207035,stair_down
1769345283.9961913,-0.943115,0.115967,0.325073,-6.713869,-12.817387,-15.563969,stair_down
1769345284.0166051,-0.977295,0.143677,0.306519,-8.117676,-8.239746,-15.319828,stair_down
1769345284.0372834,-0.938965,0.183472,0.286133,-4.272461,-8.117676,-13.732914,stair_down
1769345284.0561526,-0.958984,0.188232,0.263428,-3.784181,-9.033203,-12.878422,stair_down
1769345284.0762165,-0.951294,0.199463,0.244141,-3.295899,-4.882813,-8.422852,stair_down
1769345284.0963457,-0.952759,0.223999,0.238525,-2.685547,-2.258301,-1.953125,stair_down
1769345284.116218,-0.963135,0.215576,0.235474,-1.525879,0.610352,2.075195,stair_down
1769345284.136514,-0.955811,0.200073,0.245361,-0.793457,3.112794,7.568361,stair_down
1769345284.1563778,-0.948242,0.195435,0.251587,-0.427246,5.065918,9.582520,stair_down
1769345284.1764843,-0.940430,0.186279,0.259521,0.305176,5.737307,11.169437,stair_down
1769345284.2165377,-0.941406,0.196045,0.259888,2.685547,6.835939,11.047363,stair_down
1769345284.2423148,-0.918579,0.187134,0.260864,4.455566,9.094238,10.681152,stair_down
1769345284.2423148,-0.893921,0.175781,0.244873,7.446291,7.812502,9.765625,stair_down
1769345284.25469,-0.862427,0.166260,0.219360,7.141115,5.920412,9.399414,stair_down
1769345284.2760735,-0.834961,0.173828,0.193237,6.896975,2.563477,8.972168,stair_down
1769345284.2961397,-0.812866,0.180298,0.173828,7.202150,0.915528,8.850098,stair_down
1769345284.3066077,-0.801880,0.192627,0.159668,8.666992,1.647950,9.460449,stair_down
1769345284.336382,-0.785400,0.194824,0.141235,9.826660,2.258301,8.483887,stair_down
1769345284.3566349,-0.796875,0.186401,0.132080,11.108402,-0.122070,7.263186,stair_down
1769345284.377212,-0.810791,0.172729,0.133057,11.352543,-1.770020,6.103518,stair_down
1769345284.3979938,-0.824951,0.160400,0.139771,12.146000,-3.417970,4.882813,stair_down
1769345284.41783,-0.836304,0.153809,0.142212,12.695316,-5.615236,2.624512,stair_down
1769345284.436516,-0.885986,0.156494,0.151978,13.000492,-6.164553,1.647950,stair_down
1769345284.4554484,-0.905396,0.174927,0.163818,13.977055,-3.051759,1.647950,stair_down
1769345284.474078,-0.887085,0.178345,0.164917,14.953617,1.708985,0.732422,stair_down
1769345284.4961348,-0.860474,0.176025,0.162720,18.859863,2.136230,-1.647950,stair_down
1769345284.5233903,-0.838623,0.159668,0.149414,17.639160,4.516602,-1.708985,stair_down
1769345284.5340016,-0.801147,0.156372,0.118042,14.953617,3.051759,-1.647950,stair_down
1769345284.5501387,-0.813232,0.170166,0.105347,9.094238,-0.305176,-1.953125,stair_down
1769345284.5742826,-0.953613,0.188599,0.211426,-0.732422,-7.080080,0.366211,stair_down
1769345284.5929208,-1.230103,0.182129,0.415771,-11.169437,-21.362305,3.845216,stair_down
1769345284.6164255,-1.508911,0.167847,0.583008,-19.165039,8.972168,3.479005,stair_down
1769345284.6363647,-1.258301,0.109985,0.600952,-18.371582,24.597176,4.089355,stair_down
1769345284.6562765,-1.010254,0.073120,0.541870,-11.352543,21.972656,-0.305176,stair_down
1769345284.6766162,-0.740967,0.075562,0.474731,-11.352543,7.690432,-5.371094,stair_down
1769345284.6965404,-0.741455,0.201050,0.437012,-22.644051,-10.437012,-3.479005,stair_down
1769345284.7166052,-0.950806,0.368530,0.406372,-27.465828,-11.840824,-4.638672,stair_down
1769345284.7665153,-1.120972,0.353638,0.417480,-31.555183,-4.455566,0.915528,stair_down
1769345284.7665153,-1.239258,0.327759,0.433594,-43.029785,7.385256,2.990724,stair_down
1769345284.8495085,-1.194336,0.265625,0.426392,-44.616714,8.605957,1.647950,stair_down
1769345284.8495085,-1.084473,0.255005,0.401489,-42.114258,11.474613,6.469728,stair_down
1769345284.8495085,-0.936157,0.307983,0.363525,-37.536621,5.798342,8.728027,stair_down
1769345284.8495085,-0.936157,0.373901,0.298706,-25.146492,6.652834,12.695316,stair_down
1769345285.0663695,-0.802612,0.332275,0.197388,-16.174316,13.183598,12.573246,stair_down
1769345285.0663695,-0.804688,0.298706,0.168091,-9.521484,17.761230,14.099125,stair_down
1769345285.0663695,-0.776855,0.272461,0.204346,-9.704590,19.470215,14.038090,stair_down
1769345285.069515,-0.813965,0.268188,0.258057,-10.925293,18.066406,13.610844,stair_down
1769345285.069515,-0.833740,0.262207,0.307129,-6.713869,23.071297,15.869144,stair_down
1769345285.069851,-0.780518,0.236328,0.346802,-6.591799,22.338875,14.648441,stair_down
1769345285.069851,-0.724976,0.243408,0.351685,-7.385256,13.549809,8.605957,stair_down
1769345285.069851,-0.696045,0.239502,0.321899,-6.042482,5.187988,4.089355,stair_down
1769345285.0833297,-0.680176,0.249268,0.278564,-7.873537,-4.638672,-2.075195,stair_down
1769345285.0833297,-0.689819,0.260620,0.240601,-10.131836,-7.507326,-1.525879,stair_down
1769345285.0833297,-0.702148,0.274170,0.203125,-11.047363,-9.521484,1.037598,stair_down
1769345285.097786,-0.701660,0.275024,0.172119,-13.671879,-10.803223,4.882813,stair_down
1769345285.1194808,-0.722900,0.273804,0.140625,-15.014652,-10.925293,7.995607,stair_down
1769345285.1389859,-0.721680,0.272705,0.129272,-14.953617,-11.657719,10.559082,stair_down
1769345285.1583667,-0.762329,0.272339,0.142822,-16.784668,-7.629396,14.648441,stair_down
1769345285.1762233,-0.801392,0.310669,0.168457,-14.892582,-5.798342,13.183598,stair_down
1769345285.2013886,-0.844116,0.315186,0.212524,-12.390141,-2.441406,10.559082,stair_down
1769345285.2176745,-0.852417,0.331543,0.238403,-11.047363,0.732422,6.225588,stair_down
1769345285.2362888,-0.821167,0.343018,0.226074,-6.164553,0.915528,0.976563,stair_down
1769345285.2562144,-0.788818,0.318848,0.222900,-2.319336,-1.953125,-3.784181,stair_down
1769345285.2788506,-0.813232,0.335571,0.195557,2.258301,-4.943848,-5.981447,stair_down
1769345285.2968307,-0.854614,0.366821,0.181641,5.615236,-7.995607,-6.042482,stair_down
1769345285.316313,-0.919189,0.403198,0.221802,6.774904,-15.136723,-3.051759,stair_down
1769345285.336401,-1.193848,0.407104,0.308350,7.812502,-14.038090,-0.427246,stair_down
1769345285.3563821,-1.422852,0.344727,0.402344,5.615236,-4.577637,0.244141,stair_down
1769345285.376384,-1.409912,0.296265,0.425049,7.141115,10.375977,0.000000,stair_down
1769345285.3975976,-1.192383,0.211304,0.437012,8.483887,8.544922,1.525879,stair_down
1769345285.4164143,-1.117310,0.223389,0.515381,18.066406,-1.342773,-3.112794,stair_down
1769345285.4364479,-1.127319,0.220093,0.520386,23.498543,3.723145,-3.967286,stair_down
1769345285.4560754,-1.094604,0.217041,0.437988,23.559578,-1.464844,-7.141115,stair_down
1769345285.4771652,-1.117310,0.191650,0.361084,18.737793,-9.887695,-8.666992,stair_down
1769345285.4962897,-1.154907,0.192993,0.334229,13.061527,-9.887695,-7.995607,stair_down
1769345285.514456,-1.178101,0.249512,0.347046,11.962894,-4.272461,-6.530764,stair_down
1769345285.5310435,-1.122681,0.283813,0.335938,15.686039,8.666992,-3.173829,stair_down
1769345285.5528455,-0.974243,0.271118,0.274414,15.991215,11.657719,-0.610352,stair_down
1769345285.5724242,-0.883911,0.273926,0.239990,16.906738,9.521484,-0.122070,stair_down
1769345285.5931945,-0.824951,0.254028,0.221680,19.714355,9.216309,0.427246,stair_down
1769345285.612921,-0.792847,0.236938,0.195557,20.080566,10.986328,2.136230,stair_down
1769345285.636524,-0.776611,0.221069,0.158936,20.629883,11.108402,2.502441,stair_down
1769345285.654352,-0.771729,0.178101,0.153687,17.944336,6.164553,-1.708985,stair_down
1769345285.6764216,-0.849365,0.129517,0.187500,11.840824,-0.854492,-6.652834,stair_down
1769345285.6970186,-0.852173,0.138794,0.200073,9.399414,-3.906251,-8.850098,stair_down
1769345285.7180784,-0.883301,0.144287,0.202026,9.582520,-5.371094,-11.413578,stair_down
1769345285.7363322,-0.856445,0.154785,0.194580,8.911133,-3.601075,-14.221195,stair_down
1769345285.7562263,-0.856201,0.197754,0.206787,9.765625,-6.408693,-21.118164,stair_down
1769345285.776437,-0.844727,0.206421,0.214966,14.099125,-6.347658,-20.568848,stair_down
1769345285.7964246,-0.828857,0.217407,0.199707,16.845703,-7.080080,-19.042969,stair_down
1769345285.8165193,-0.797607,0.219849,0.145630,19.653320,-9.033203,-15.991215,stair_down
1769345285.8364084,-0.792114,0.245483,0.122925,18.432617,-11.169437,-13.977055,stair_down
1769345285.8574603,-0.767090,0.271240,0.113159,20.202637,-12.695316,-9.948730,stair_down
1769345285.872111,-0.808716,0.264160,0.145386,23.193367,-9.094238,-6.652834,stair_down
1769345285.891396,-0.769897,0.244385,0.174561,26.916512,-0.244141,-6.958010,stair_down
1769345285.9131863,-0.682617,0.205811,0.177734,31.494148,7.202150,-2.258301,stair_down
1769345285.9357264,-0.658325,0.158325,0.143677,32.775879,9.948730,-0.610352,stair_down
1769345285.9561205,-0.667358,0.116699,0.154419,29.235847,6.652834,3.234864,stair_down
1769345285.9743261,-0.711182,0.122681,0.142578,21.484375,-5.737307,2.929688,stair_down
1769345285.9963112,-0.808350,0.101807,0.169800,13.977055,-18.310547,3.479005,stair_down
1769345286.017782,-0.922729,0.121094,0.173096,0.976563,-26.000984,5.981447,stair_down
1769345286.0362365,-1.059204,0.159668,0.190674,-6.591799,-25.268562,7.568361,stair_down
1769345286.05626,-1.033203,0.181274,0.228394,-14.526371,-19.775391,7.690432,stair_down
1769345286.0769446,-0.895874,0.188110,0.265625,-26.489265,-32.958984,9.521484,stair_down
1769345286.0986452,-0.891479,0.191162,0.328369,-39.611816,-64.392090,9.887695,stair_down
1769345286.1164737,-1.202026,0.224609,0.460571,-45.654312,-84.533691,13.671879,stair_down
1769345286.1368248,-1.506958,0.240112,0.524536,-42.968750,-60.058609,15.686039,stair_down
1769345286.1564245,-1.419922,0.229980,0.504517,-35.217285,-16.235352,19.104004,stair_down
1769345286.174984,-1.150757,0.223755,0.492554,-20.751953,8.300781,20.324707,stair_down
1769345286.196074,-0.901001,0.221558,0.559814,-21.057129,0.000000,17.761230,stair_down
1769345286.216704,-1.025024,0.334473,0.591797,-21.545410,-0.061035,11.291508,stair_down
1769345286.2362702,-1.111816,0.354858,0.628174,-23.132332,9.765625,4.577637,stair_down
1769345286.256282,-1.121826,0.345215,0.629883,-23.986824,13.732914,0.610352,stair_down
1769345286.276466,-1.130981,0.359375,0.598877,-21.301270,14.831547,2.258301,stair_down
1769345286.2961879,-0.972412,0.371582,0.508789,-17.272949,20.935059,3.479005,stair_down
1769345286.318091,-0.860596,0.397217,0.390259,-13.916019,13.854984,4.882813,stair_down
1769345286.33627,-0.724609,0.416504,0.332031,-12.084965,1.159668,6.530764,stair_down
1769345286.3564951,-0.754761,0.421265,0.288574,-8.789063,-6.896975,8.361816,stair_down
1769345286.3762534,-0.751099,0.346680,0.266968,-2.990724,-5.737307,7.019045,stair_down
1769345286.3959877,-0.707153,0.277344,0.271973,-2.990724,-3.906251,6.286623,stair_down
1769345286.4164004,-0.705566,0.280273,0.297119,-0.488281,-3.417970,6.835939,stair_down
1769345286.4359977,-0.724976,0.275513,0.323975,3.906251,-3.234864,5.310059,stair_down
1769345286.4565012,-0.716919,0.286621,0.369263,4.760742,-8.361816,4.211426,stair_down
1769345286.4772842,-0.763428,0.309570,0.415649,6.103518,-11.352543,0.915528,stair_down
1769345286.4988046,-0.756836,0.313965,0.426514,7.263186,-6.591799,-3.784181,stair_down
1769345286.5162168,-0.678711,0.321777,0.412842,6.835939,-8.178711,-11.718754,stair_down
1769345286.537904,-0.673950,0.348145,0.387817,7.324221,-15.991215,-19.592285,stair_down
1769345286.5565054,-0.698975,0.365356,0.382080,10.803223,-17.517090,-24.108894,stair_down
1769345286.5708902,-0.734619,0.362793,0.372314,14.953617,-13.854984,-21.667480,stair_down
1769345286.596293,-0.767456,0.320068,0.322754,24.963387,-6.958010,-23.803719,stair_down
1769345286.6162088,-0.716064,0.293701,0.279053,30.212410,-2.868653,-21.606445,stair_down
1769345286.6365113,-0.662720,0.285767,0.244385,34.240723,-5.187988,-18.920898,stair_down
1769345286.6561658,-0.676514,0.288574,0.227661,35.583496,-6.652834,-15.869144,stair_down
1769345286.676172,-0.692139,0.318604,0.228394,34.362793,-4.516602,-12.573246,stair_down
1769345286.693731,-0.725098,0.346069,0.242188,33.630371,-3.479005,-9.460449,stair_down
1769345286.7187357,-0.769287,0.358398,0.266602,32.592773,0.305176,-6.042482,stair_down
1769345286.7312746,-0.753784,0.345093,0.303467,31.433113,3.967286,-8.300781,stair_down
1769345286.7479804,-0.721313,0.347412,0.339966,31.311043,3.723145,-9.155273,stair_down
1769345286.7729378,-0.741699,0.340088,0.356934,32.409668,1.098633,-10.498047,stair_down
1769345286.7928746,-0.756104,0.337769,0.348389,30.212410,0.244141,-15.136723,stair_down
1769345286.814891,-0.781128,0.381226,0.297607,33.081055,-2.990724,-19.653320,stair_down
1769345286.8361244,-0.773071,0.367432,0.288940,32.165527,-15.014652,-23.681648,stair_down
1769345286.8542132,-1.130371,0.351074,0.430054,25.085457,-46.508804,-21.057129,stair_down
1769345286.8733742,-1.518311,0.306885,0.604858,30.151375,-32.409668,-17.028809,stair_down
1769345286.8941355,-1.421021,0.237427,0.597290,36.804199,0.305176,-14.160160,stair_down
1769345286.9172432,-1.112305,0.200806,0.570190,38.818359,3.356935,-10.803223,stair_down
1769345286.9363568,-1.010620,0.241211,0.602173,42.846680,-9.521484,-12.207035,stair_down
1769345286.956249,-1.150146,0.266846,0.704346,45.043961,-17.517090,-12.512211,stair_down
1769345286.9765947,-1.336426,0.252930,0.678711,43.395996,-12.573246,-13.122562,stair_down
1769345286.9963083,-1.227051,0.147949,0.541260,36.437988,2.868653,-4.028320,stair_down
1769345287.0161555,-1.074097,0.165161,0.451294,29.235847,1.159668,4.577637,stair_down
1769345287.0363424,-0.960327,0.224731,0.399780,25.329597,-2.380371,10.375977,stair_down
1769345287.0562427,-0.889160,0.302002,0.372070,21.057129,-3.417970,12.146000,stair_down
1769345287.0764956,-0.861328,0.393799,0.353394,19.531250,-0.671387,12.878422,stair_down
1769345287.0980434,-0.836670,0.380981,0.347656,24.902351,4.028320,11.962894,stair_down
1769345287.11333,-0.775513,0.339233,0.332642,28.503426,6.286623,6.103518,stair_down
1769345287.1363428,-0.694580,0.252930,0.309082,29.724129,10.131836,0.610352,stair_down
1769345287.156299,-0.698975,0.235596,0.296265,28.686531,1.647950,-1.403809,stair_down
1769345287.1748652,-0.717896,0.232910,0.287720,29.846199,-2.746582,-6.530764,stair_down
1769345287.196257,-0.726563,0.220459,0.281616,27.587898,-8.728027,-11.474613,stair_down
1769345287.2163713,-0.788452,0.230957,0.266602,26.794441,-14.160160,-17.028809,stair_down
1769345287.2361321,-0.858643,0.238403,0.266479,27.404793,-14.160160,-20.690918,stair_down
1769345287.256152,-0.943237,0.251709,0.253540,26.855476,-10.253906,-22.583015,stair_down
1769345287.2765806,-0.930908,0.264404,0.243408,27.221687,-6.408693,-23.010262,stair_down
1769345287.2963798,-0.915771,0.282227,0.235107,26.062019,-5.981447,-24.230965,stair_down
1769345287.316409,-0.889160,0.300903,0.234985,24.902351,-4.028320,-22.644051,stair_down
1769345287.334575,-0.855957,0.343750,0.231079,25.207527,-2.868653,-22.216805,stair_down
1769345287.3579824,-0.842896,0.362793,0.242310,27.954109,-2.624512,-22.766121,stair_down
1769345287.3783426,-0.889282,0.354126,0.235107,32.470703,-2.319336,-21.057129,stair_down
1769345287.396205,-0.935059,0.333862,0.255249,36.376953,3.479005,-19.714355,stair_down
1769345287.4163153,-0.963745,0.307007,0.264038,36.254883,5.493164,-18.615723,stair_down
1769345287.4363525,-0.967163,0.299927,0.255249,36.193848,8.239746,-18.554688,stair_down
1769345287.4564774,-0.928833,0.304810,0.235107,33.142090,9.216309,-18.127441,stair_down
1769345287.4804509,-0.885010,0.370483,0.214844,23.010262,1.647950,-15.991215,stair_down
1769345287.49649,-0.952881,0.446289,0.260010,14.648441,-20.812988,-13.488773,stair_down
1769345287.5163748,-1.134155,0.464966,0.405762,10.864258,-36.499023,-10.070801,stair_down
1769345287.5468872,-1.164429,0.413208,0.494995,17.395020,-29.541023,-8.972168,stair_down
1769345287.555028,-1.121948,0.338379,0.552368,31.188972,-10.192871,-10.192871,stair_down
1769345287.576202,-0.894165,0.276001,0.463135,43.457031,8.666992,-9.704590,stair_down
1769345287.59064,-0.610229,0.235718,0.308838,51.513687,15.014652,-12.817387,stair_down
1769345287.6140442,-0.418335,0.229370,0.252563,53.649918,-0.915528,-17.517090,stair_down
1769345287.6361916,-0.528687,0.259888,0.305176,55.603043,-15.625004,-22.949226,stair_down
1769345287.6561153,-0.746826,0.268311,0.373535,58.349625,-1.770020,-39.611816,stair_down
1769345287.676474,-0.797363,0.247803,0.433716,58.776871,9.948730,-46.203629,stair_down
1769345287.69635,-0.840820,0.199585,0.514526,53.283707,-0.915528,-43.090820,stair_down
1769345287.7163236,-1.053955,0.192017,0.590454,46.020523,-18.798828,-41.625977,stair_down
1769345287.736943,-1.130371,0.196289,0.582520,43.823242,-17.883301,-43.151855,stair_down
1769345287.756523,-0.977539,0.216064,0.547729,43.945313,-18.188477,-41.503906,stair_down
1769345287.7764099,-0.912231,0.227661,0.482422,46.997086,-19.470215,-35.034180,stair_down
1769345287.803504,-0.854858,0.209229,0.385010,44.128418,-18.554688,-25.695808,stair_down
1769345287.8164186,-0.873291,0.231812,0.303711,41.198730,-16.113281,-17.700195,stair_down
1769345287.8375313,-0.864380,0.213257,0.258667,37.170410,-8.056641,-14.282230,stair_down
1769345287.856176,-0.781372,0.179932,0.221924,31.982430,-2.136230,-8.056641,stair_down
1769345287.8821387,-0.771729,0.172241,0.205688,25.146492,-6.958010,-1.525879,stair_down
1769345287.8962772,-0.848877,0.193726,0.238647,20.446777,-9.094238,5.187988,stair_down
1769345287.916583,-0.875244,0.234253,0.325928,16.723633,-3.417970,11.657719,stair_down
1769345287.936402,-0.838745,0.270874,0.374512,12.939457,-1.159668,11.047363,stair_down
1769345287.9554386,-0.821289,0.278809,0.389404,13.305668,-4.028320,3.723145,stair_down
1769345287.9765081,-0.767578,0.248047,0.398438,10.620117,-1.647950,-3.356935,stair_down
1769345287.9962218,-0.894531,0.276855,0.328247,9.704590,-9.582520,-12.146000,stair_down
1769345288.0161736,-0.828613,0.306763,0.293945,11.474613,3.234864,-9.582520,stair_down
1769345288.0363498,-0.834473,0.312744,0.256226,11.169437,-2.319336,-7.202150,stair_down
1769345288.0555751,-0.962646,0.361084,0.224487,8.239746,-2.502441,-6.713869,stair_down
1769345288.0764184,-0.996948,0.350342,0.222412,10.437012,2.990724,1.708985,stair_down
1769345288.096618,-0.989746,0.367432,0.231445,8.911133,8.361816,3.662110,stair_down
1769345288.1164737,-1.005127,0.336670,0.265137,5.920412,9.277344,7.812502,stair_down
1769345288.1363382,-1.035767,0.352539,0.302612,4.028320,13.366703,8.300781,stair_down
1769345288.156549,-1.009521,0.341553,0.332642,3.540040,9.582520,2.685547,stair_down
1769345288.1766043,-0.983643,0.306030,0.355835,-0.061035,-2.441406,-3.540040,stair_down
1769345288.1950119,-0.969238,0.277222,0.338623,-0.061035,-8.117676,-7.629396,stair_down
1769345288.2163608,-0.949341,0.263794,0.350464,1.892090,-12.207035,-10.009766,stair_down
1769345288.2369173,-0.964355,0.270752,0.391724,6.958010,-11.779789,-9.155273,stair_down
1769345288.2567594,-0.943848,0.253174,0.396606,15.014652,-3.601075,-5.676271,stair_down
1769345288.278108,-0.834351,0.218628,0.359375,24.841316,1.403809,-6.469728,stair_down
1769345288.2963045,-0.724976,0.137085,0.310669,30.273445,4.699707,-3.356935,stair_down
1769345288.3168464,-0.620361,0.115234,0.277222,26.062019,-0.671387,-3.295899,stair_down
1769345288.3364875,-0.747070,0.084961,0.315308,21.728516,-4.211426,1.220703,stair_down
1769345288.3563032,-0.808838,0.083496,0.339233,12.512211,-9.033203,2.868653,stair_down
1769345288.3763194,-0.901489,0.089600,0.348877,0.061035,-17.700195,-2.624512,stair_down
1769345288.396894,-0.962036,0.097168,0.370239,-6.958010,-30.212410,-6.530764,stair_down
1769345288.4166842,-1.086792,0.105713,0.404541,-9.948730,-34.057617,-5.249023,stair_down
1769345288.4362926,-1.049561,0.174072,0.427734,-6.713869,-28.930672,-10.375977,stair_down
1769345288.4566214,-0.939087,0.248901,0.392944,0.549316,-22.583015,-15.014652,stair_down
1769345288.4765093,-0.866333,0.261719,0.366699,10.437012,-23.193367,-14.404301,stair_down
1769345288.4980526,-0.818359,0.358521,0.287598,15.808109,-16.723633,-19.042969,stair_down
1769345288.5163512,-0.858887,0.343384,0.277832,23.376472,-14.648441,-14.648441,stair_down
1769345288.53634,-0.847900,0.390869,0.242065,30.639656,-9.460449,-14.343266,stair_down
1769345288.5564587,-0.879028,0.335571,0.254883,40.588379,-11.047363,-10.253906,stair_down
1769345288.5763013,-0.873657,0.303345,0.266479,40.832520,2.197266,-10.620117,stair_down
1769345288.596479,-0.878906,0.248779,0.285034,42.114258,0.793457,-16.113281,stair_down
1769345288.6164837,-0.913208,0.237305,0.300537,36.560059,0.915528,-14.160160,stair_down
1769345288.6364896,-0.920410,0.213989,0.319092,39.916992,4.821777,-11.779789,stair_down
1769345288.6579368,-0.899414,0.195313,0.319702,38.330078,5.004883,-9.277344,stair_down
1769345288.6765966,-0.881958,0.206665,0.302368,40.161133,5.493164,-8.911133,stair_down
1769345288.6962674,-0.845703,0.210938,0.282104,40.466309,3.234864,-8.972168,stair_down
1769345288.7164235,-0.848633,0.243408,0.239746,39.123535,-0.366211,-7.446291,stair_down
1769345288.7383301,-0.859131,0.264404,0.224487,37.841797,-2.319336,-5.554201,stair_down
1769345288.7579045,-0.889282,0.292236,0.220215,34.912109,-6.042482,-4.699707,stair_down
1769345288.7762547,-0.971680,0.303711,0.228394,35.400391,-5.310059,-2.868653,stair_down
1769345288.796362,-1.004395,0.275146,0.258545,33.752441,-2.441406,-3.601075,stair_down
1769345288.8167975,-1.039551,0.273193,0.279785,34.545898,4.455566,-2.197266,stair_down
1769345288.8366072,-1.041382,0.257935,0.326172,27.038582,-3.540040,-3.601075,stair_down
1769345288.8577561,-1.147583,0.274414,0.388184,25.878914,-6.835939,-3.784181,stair_down
1769345288.8762908,-1.124878,0.278442,0.424316,27.038582,-3.479005,-6.286623,stair_down
1769345288.8960276,-1.015503,0.276733,0.432129,30.029305,-4.089355,-7.873537,stair_down
1769345288.9157822,-0.943726,0.270264,0.410156,31.066902,-9.704590,-15.014652,stair_down
1769345288.9349856,-0.906128,0.286987,0.340576,30.700691,-8.361816,-12.329105,stair_down
1769345288.956282,-0.919800,0.292358,0.278442,33.264160,-5.920412,-14.038090,stair_down
1769345288.9763231,-0.837036,0.274170,0.185181,36.621094,-0.061035,-12.146000,stair_down
1769345288.99635,-0.738525,0.233521,0.169067,36.743164,-0.610352,-12.512211,stair_down
1769345289.0155969,-0.692871,0.209351,0.228638,38.696289,-2.563477,-14.282230,stair_down
1769345289.02927,-0.735596,0.232056,0.333740,41.076660,-1.342773,-16.296387,stair_down
1769345289.055466,-0.757935,0.279785,0.430420,44.799820,0.000000,-24.902351,stair_down
1769345289.076185,-0.837158,0.324219,0.514404,49.743668,1.892090,-31.616219,stair_down
1769345289.0948155,-0.891479,0.295166,0.631836,57.983414,5.554201,-35.766602,stair_down
1769345289.1166105,-0.986816,0.248047,0.618408,57.006851,1.403809,-36.499023,stair_down
1769345289.1361585,-0.847534,0.230225,0.549438,50.659195,-8.056641,-42.663574,stair_down
1769345289.1563442,-0.777954,0.225098,0.409058,44.738785,-32.226563,-43.518066,stair_down
1769345289.1767426,-0.863159,0.222412,0.315186,39.855957,-37.658691,-37.048340,stair_down
1769345289.1968021,-0.879150,0.247681,0.247681,36.071777,-28.686531,-29.846199,stair_down
1769345289.2161617,-0.861938,0.242554,0.191772,34.362793,-13.610844,-17.028809,stair_down
1769345289.2372394,-0.830566,0.223999,0.182495,30.761726,-9.277344,-12.756351,stair_down
1769345289.2595072,-0.848389,0.232422,0.203369,27.526863,-10.559082,-12.023930,stair_down
1769345289.277409,-0.848999,0.254395,0.243774,28.320320,-4.516602,-7.568361,stair_down
1769345289.2963989,-0.903809,0.264404,0.318848,26.489265,3.173829,-9.582520,stair_down
1769345289.317356,-0.917480,0.302612,0.344971,29.541023,9.216309,-5.065918,stair_down
1769345289.33653,-0.852051,0.331177,0.368286,32.653809,6.713869,-4.211426,stair_down
1769345289.356517,-0.891968,0.314941,0.366211,30.822762,-1.647950,-13.671879,stair_down
1769345289.3769495,-0.899902,0.312500,0.321899,32.592773,5.187988,-17.517090,stair_down
1769345289.3966374,-0.882813,0.288452,0.273438,32.165527,12.084965,-16.174316,stair_down
1769345289.4165406,-0.871704,0.296875,0.231689,30.761726,8.422852,-14.282230,stair_down
1769345289.4384503,-0.926636,0.272705,0.225342,26.184090,7.019045,-10.437012,stair_down
1769345289.4563239,-0.971802,0.260742,0.243774,19.226074,1.586915,-7.690432,stair_down
1769345289.4765787,-1.102051,0.277466,0.319824,6.042482,-8.056641,-1.831055,stair_down
1769345289.4993668,-1.231934,0.250122,0.372803,2.807618,-6.774904,-0.793457,stair_down
1769345289.5163198,-1.152954,0.209106,0.361938,0.427246,-0.061035,-2.563477,stair_down
1769345289.536334,-0.962769,0.177734,0.329224,-0.610352,-7.507326,-6.042482,stair_down
1769345289.5564623,-0.884766,0.174316,0.315430,0.305176,-23.498543,-6.469728,stair_down
1769345289.5782526,-0.921387,0.197266,0.325928,-1.770020,-30.700691,-10.986328,stair_down
1769345289.5972948,-0.930298,0.230957,0.257202,11.596684,-20.751953,-13.183598,stair_down
1769345289.6176817,-0.873901,0.125488,0.131104,12.207035,-12.512211,1.403809,stair_down
1769345289.6364975,-1.025024,0.105469,0.180908,10.253906,19.958496,13.732914,stair_down
1769345289.6580014,-0.952393,0.078003,0.188965,12.084965,38.818359,2.380371,stair_down
1769345289.6763136,-0.928223,0.003052,0.179443,-1.892090,63.354507,10.131836,stair_down
1769345289.6973875,-0.904785,-0.016602,0.159668,-23.742683,73.303223,9.277344,stair_down
1769345289.7170851,-0.859863,-0.003540,0.130493,-33.935547,70.373535,6.774904,stair_down
1769345289.7364604,-0.830933,-0.022461,0.102661,-50.781265,70.983887,-0.122070,stair_down
1769345289.7578146,-0.765991,-0.001099,0.098511,-71.289063,68.542480,-13.854984,stair_down
1769345289.7765372,-0.773193,-0.010498,0.129883,-79.162598,52.795425,-21.606445,stair_down
1769345289.8466067,-0.886230,-0.007813,0.160278,-82.336426,44.128418,-22.583015,stair_down
1769345289.8466067,-0.899170,0.031006,0.107666,-80.688477,51.513687,-23.254402,stair_down
1769345289.8466067,-0.833008,0.079956,0.020630,-74.279785,59.936539,-24.414070,stair_down
1769345289.9806907,-0.680786,0.074585,-0.055664,-60.424820,65.917969,-44.250504,stair_down
1769345290.021197,-0.645752,0.032837,-0.063110,-61.340347,48.584000,-58.715836,stair_down
1769345290.021197,-0.735229,-0.004150,-0.024170,-62.133804,35.278320,-71.166992,stair_down
1769345290.021197,-0.823975,-0.049438,0.014893,-62.377945,30.334480,-82.763672,stair_down
1769345290.021197,-0.858032,-0.097168,-0.016357,-61.584488,28.869637,-92.468292,stair_down
1769345290.021197,-0.865479,-0.123291,-0.080444,-60.363785,36.560059,-99.304230,stair_down
1769345290.021197,-0.878052,-0.120728,-0.120117,-54.992691,51.452652,-106.811554,stair_down
1769345290.021197,-0.971069,-0.208618,-0.092285,-43.151855,54.443375,-117.553741,stair_down
1769345290.0366085,-1.052734,-0.306519,-0.105347,-41.442871,59.265152,-122.009308,stair_down
1769345290.0571918,-1.094727,-0.349854,-0.142334,-38.330078,71.411133,-121.643097,stair_down
1769345290.0778716,-1.073364,-0.348022,-0.182251,-31.433113,93.566925,-119.628937,stair_down
1769345290.0978787,-0.957153,-0.357910,-0.178711,-21.118164,102.233917,-122.192413,stair_down
1769345290.117671,-0.824585,-0.447021,-0.200806,-12.695316,79.711914,-126.831085,stair_down
1769345290.1362715,-0.835571,-0.529663,-0.251831,-12.756351,56.701675,-125.488312,stair_down
1769345290.156654,-0.852905,-0.540649,-0.266602,-8.605957,54.870621,-125.366241,stair_down
1769345290.177667,-0.845337,-0.604004,-0.267944,1.098633,58.288589,-130.615234,stair_down
1769345290.19642,-0.812134,-0.729126,-0.311646,8.422852,56.152359,-140.502930,stair_down
1769345290.216821,-0.863037,-0.833008,-0.331055,8.300781,57.312027,-146.545410,stair_down
1769345290.2367291,-0.906494,-0.873047,-0.337524,8.239746,66.650391,-155.700684,stair_down
1769345290.258563,-0.958008,-0.910767,-0.320435,11.779789,80.383301,-158.264160,stair_down
1769345290.2777386,-1.034668,-0.857788,-0.301270,14.587406,118.713409,-145.202637,stair_down
1769345290.2964737,-0.697510,-0.732788,-0.331421,45.715347,143.371582,-109.741241,stair_down
1769345290.3168979,-1.005615,-0.783447,-0.381714,46.691910,175.537109,-85.205078,stair_down
1769345290.336656,-0.641113,-0.761963,-0.402588,41.442871,173.400879,-69.946289,stair_down
1769345290.3566575,-0.459595,-0.762695,-0.457520,42.480469,141.174316,-49.804703,stair_down
1769345290.4162054,-0.430054,-0.841797,-0.496338,44.250504,104.064972,-32.531738,stair_down
1769345290.4162054,-0.389648,-0.964722,-0.515625,33.203125,56.030289,-18.798828,stair_down
1769345290.4162054,-0.536499,-0.963623,-0.478760,11.047363,4.760742,-2.380371,stair_down
1769345290.436619,-0.592651,-0.953369,-0.446655,1.708985,-1.708985,7.202150,stair_down
1769345290.456604,-0.619873,-0.905640,-0.415405,-3.784181,-0.122070,23.010262,stair_down
1769345290.4767044,-0.598999,-0.836304,-0.399048,-5.615236,7.202150,36.682129,stair_down
1769345290.496212,-0.553467,-0.789673,-0.401367,-1.586915,14.282230,46.386734,stair_down
1769345290.5163696,-0.509521,-0.796753,-0.390381,1.525879,17.150879,54.748550,stair_down
1769345290.5367367,-0.458862,-0.764404,-0.375854,2.563477,13.000492,62.805191,stair_down
1769345290.5567286,-0.457031,-0.739746,-0.371582,5.554201,8.666992,64.086914,stair_down
1769345290.576506,-0.461548,-0.734863,-0.360596,8.789063,5.981447,62.683121,stair_down
1769345290.5963721,-0.468018,-0.736938,-0.348389,11.535648,6.530764,59.326187,stair_down
1769345290.6165092,-0.474731,-0.750244,-0.325073,14.465336,8.850098,56.335464,stair_down
1769345290.6363678,-0.482056,-0.747559,-0.308594,17.578125,16.723633,52.001968,stair_down
1769345290.6466706,-0.490112,-0.777344,-0.298828,16.357422,25.634773,45.166031,stair_down
1769345290.6764786,-0.448120,-0.794189,-0.307495,17.395020,31.311043,42.663574,stair_down
1769345290.6962373,-0.411255,-0.796509,-0.304077,16.235352,28.869637,38.146973,stair_down
1769345290.717625,-0.422607,-0.791260,-0.319214,8.117676,26.062019,36.010742,stair_down
1769345290.73815,-0.434082,-0.779053,-0.328857,5.920412,21.179199,28.137215,stair_down
1769345290.7567163,-0.394653,-0.796021,-0.328247,3.784181,15.869144,25.695808,stair_down
1769345290.776739,-0.385742,-0.816650,-0.334106,3.295899,8.483887,25.024422,stair_down
1769345290.7985797,-0.403809,-0.828003,-0.367798,1.281738,-1.220703,22.949226,stair_down
1769345290.8171017,-0.399902,-0.825562,-0.376465,3.295899,-3.479005,20.385742,stair_down
1769345290.8362765,-0.393188,-0.854248,-0.367554,8.605957,-8.911133,12.207035,stair_down
1769345290.8565094,-0.452881,-0.916992,-0.379639,13.366703,-9.094238,2.441406,stair_down
1769345290.8764915,-0.503784,-0.912231,-0.406128,9.033203,0.793457,-2.746582,stair_down
1769345290.89671,-0.501831,-0.814575,-0.452637,8.056641,14.648441,-6.713869,stair_down
1769345290.917528,-0.466797,-0.737305,-0.492798,15.319828,23.132332,-11.535648,stair_down
1769345290.937473,-0.444824,-0.755737,-0.512695,28.381355,25.207527,-19.348145,stair_down
1769345290.956618,-0.492065,-0.804565,-0.518677,30.395515,30.273445,-25.451668,stair_down
1769345290.9770494,-0.499512,-0.843628,-0.507813,27.343758,36.926270,-29.602058,stair_down
1769345290.9945333,-0.469238,-0.855591,-0.493896,21.606445,38.696289,-30.334480,stair_down
1769345291.0165837,-0.412964,-0.856445,-0.476196,10.986328,34.790039,-22.644051,stair_down
1769345291.036294,-0.387207,-0.802979,-0.453125,-0.793457,20.690918,-21.118164,stair_down
1769345291.0565434,-0.335571,-0.732422,-0.434082,-6.347658,-6.896975,-10.437012,stair_down
1769345291.0766675,-0.367920,-0.694824,-0.390747,-3.173829,-15.930180,-2.929688,stair_down
1769345291.0983775,-0.410278,-0.713745,-0.376099,-1.403809,-17.333984,2.441406,stair_down
1769345291.1163213,-0.458496,-0.758667,-0.373901,0.305176,-15.258793,3.967286,stair_down
1769345291.1363695,-0.487915,-0.819702,-0.371094,1.342773,-7.934572,2.258301,stair_down
1769345291.1551144,-0.500000,-0.881226,-0.379639,2.624512,0.427246,1.403809,stair_down
1769345291.1775403,-0.488770,-0.925659,-0.392700,2.929688,5.126953,5.004883,stair_down
1769345291.1953151,-0.458008,-0.914429,-0.430664,2.807618,8.666992,11.108402,stair_down
1769345291.2169604,-0.411499,-0.900879,-0.441895,3.845216,4.943848,14.831547,stair_down
1769345291.2352026,-0.397339,-0.870972,-0.442749,3.723145,-1.831055,21.179199,stair_down
1769345291.2565498,-0.392334,-0.824463,-0.447998,2.868653,-7.568361,23.864754,stair_down
1769345291.2771251,-0.393188,-0.779907,-0.453369,2.075195,-10.375977,23.559578,stair_down
1769345291.3185503,-0.395508,-0.733765,-0.453369,2.319336,-10.253906,21.301270,stair_down
1769345291.3185503,-0.393799,-0.695435,-0.453369,4.211426,-8.239746,18.066406,stair_down
1769345291.3363292,-0.372437,-0.696167,-0.434204,10.498047,-6.774904,14.465336,stair_down
1769345291.356422,-0.462891,-0.677612,-0.442627,3.784181,9.033203,-0.122070,stair_down
1769345291.376298,-0.391235,-0.677979,-0.443359,17.028809,13.671879,-5.920412,stair_down
1769345291.3975027,-0.416626,-0.777100,-0.440918,16.845703,14.404301,-8.850098,stair_down
1769345291.4164178,-0.417480,-0.760742,-0.451660,13.916019,19.042969,-11.108402,stair_down
1769345291.4366696,-0.396362,-0.752075,-0.447510,18.066406,20.996094,-12.878422,stair_down
1769345291.4577675,-0.390381,-0.758179,-0.446045,19.836426,19.592285,-15.869144,stair_down
1769345291.4761782,-0.389038,-0.747559,-0.446777,20.019531,17.395020,-16.235352,stair_down
1769345291.496346,-0.393433,-0.730957,-0.447998,19.714355,15.502934,-16.601563,stair_down
1769345291.5167913,-0.401489,-0.715454,-0.453369,19.470215,14.892582,-18.127441,stair_down
1769345291.5368536,-0.411621,-0.706299,-0.462524,20.202637,14.831547,-20.935059,stair_down
1769345291.557121,-0.428101,-0.721436,-0.472778,20.812988,15.686039,-24.536140,stair_down
1769345291.5771058,-0.447266,-0.753052,-0.476685,19.592285,17.822266,-27.893074,stair_down
1769345291.5979254,-0.472168,-0.786377,-0.491333,16.357422,22.521980,-29.663094,stair_down
1769345291.6165283,-0.479126,-0.799194,-0.498291,13.854984,25.085457,-26.672371,stair_down
1769345291.6366515,-0.467041,-0.805664,-0.500366,14.526371,25.878914,-22.766121,stair_down
1769345291.6564837,-0.471558,-0.877686,-0.523560,19.958496,25.695808,-20.874023,stair_down
1769345291.6776786,-0.482056,-0.962280,-0.534302,15.136723,24.597176,-14.526371,stair_down
1769345291.697518,-0.469971,-0.954224,-0.516846,5.065918,20.202637,-7.690432,stair_down
1769345291.7165418,-0.462158,-0.916992,-0.480347,-4.699707,10.009766,1.098633,stair_down
1769345291.7364695,-0.459473,-0.859863,-0.454468,-10.253906,5.371094,9.948730,stair_down
1769345291.7562969,-0.441895,-0.808350,-0.428955,-11.230473,0.427246,19.042969,stair_down
1769345291.7767878,-0.444214,-0.777710,-0.397095,-10.314941,-1.464844,27.038582,stair_down
1769345291.796628,-0.454102,-0.766357,-0.370972,-4.821777,-2.746582,31.982430,stair_down
1769345291.8163364,-0.487549,-0.809814,-0.359375,1.953125,2.319336,33.386230,stair_down
1769345291.8361454,-0.511841,-0.865112,-0.344482,5.065918,13.000492,34.545898,stair_down
1769345291.8569233,-0.503052,-0.883057,-0.334106,5.249023,30.639656,36.987305,stair_down
1769345291.8761687,-0.472900,-0.871216,-0.329468,3.356935,35.522461,39.123535,stair_down
1769345291.896378,-0.434204,-0.804688,-0.326538,1.831055,33.386230,40.954590,stair_down
1769345291.91706,-0.416748,-0.739868,-0.323120,15.991215,36.804199,46.447769,stair_down
1769345291.9361992,-0.400635,-0.796997,-0.312012,16.235352,34.790039,46.203629,stair_down
1769345291.957851,-0.415039,-0.781738,-0.311890,15.319828,32.348633,42.785645,stair_down
1769345291.9764514,-0.453369,-0.816406,-0.310791,20.568848,34.973145,36.010742,stair_down
1769345291.9963543,-0.484009,-0.934082,-0.300293,21.362305,46.020523,25.756844,stair_down
1769345292.0162067,-0.458130,-0.981201,-0.296631,17.517090,49.377457,20.446777,stair_down
1769345292.0362613,-0.428345,-0.987671,-0.286255,8.361816,48.034683,18.615723,stair_down
1769345292.0562406,-0.368896,-0.931152,-0.277100,0.366211,38.513184,19.042969,stair_down
1769345292.0768435,-0.334106,-0.868408,-0.275024,-3.356935,21.362305,19.714355,stair_down
1769345292.0974293,-0.318359,-0.835815,-0.276123,0.366211,4.638672,27.832039,stair_down
1769345292.1162782,-0.350098,-0.792358,-0.266357,-0.427246,-16.784668,31.616219,stair_down
1769345292.1375804,-0.392578,-0.764771,-0.271973,6.042482,-19.775391,28.320320,stair_down
1769345292.1578765,-0.416260,-0.785645,-0.277100,12.573246,-14.404301,28.686531,stair_down
1769345292.176195,-0.424561,-0.781250,-0.288574,15.258793,-7.080080,25.512703,stair_down
1769345292.1969154,-0.451904,-0.769165,-0.302979,18.615723,3.112794,16.967773,stair_down
1769345292.2164457,-0.405640,-0.804443,-0.301392,20.690918,8.972168,11.962894,stair_down
1769345292.2371767,-0.416748,-0.791138,-0.318848,18.737793,11.352543,1.464844,stair_down
1769345292.257727,-0.416870,-0.819702,-0.340088,17.211914,13.610844,-9.948730,stair_down
1769345292.277112,-0.422485,-0.812500,-0.349976,14.831547,13.732914,-15.014652,stair_down
1769345292.296978,-0.396729,-0.799072,-0.374023,16.906738,13.183598,-18.432617,stair_down
1769345292.3162937,-0.459106,-0.841553,-0.379883,13.916019,14.282230,-17.639160,stair_down
1769345292.3266847,-0.394531,-0.824829,-0.399292,8.911133,7.934572,-22.094727,stair_down
1769345292.3566394,-0.426147,-0.828125,-0.406616,9.826660,3.173829,-21.301270,stair_down
1769345292.3774047,-0.426880,-0.835693,-0.424194,5.676271,-0.061035,-17.578125,stair_down
1769345292.3969219,-0.427734,-0.813965,-0.432739,4.821777,0.183106,-16.418457,stair_down
1769345292.4173696,-0.425781,-0.812378,-0.432251,3.723145,-1.586915,-16.601563,stair_down
1769345292.4365466,-0.442749,-0.798462,-0.429321,1.770020,-2.258301,-17.333984,stair_down
1769345292.4565268,-0.449829,-0.791748,-0.425781,0.488281,-0.915528,-16.967773,stair_down
1769345292.468105,-0.446777,-0.781616,-0.418457,-2.258301,0.488281,-15.991215,stair_down
1769345292.4962676,-0.444458,-0.757935,-0.412109,-6.103518,1.159668,-16.418457,stair_down
1769345292.5166085,-0.433960,-0.722900,-0.401367,-10.070801,-0.183106,-16.845703,stair_down
1769345292.5367367,-0.417847,-0.692749,-0.385986,-13.244633,-2.929688,-16.662598,stair_down
1769345292.5563807,-0.420044,-0.668945,-0.368774,-15.747074,-5.554201,-12.207035,stair_down
1769345292.5761685,-0.402100,-0.637329,-0.352905,-18.615723,-10.253906,-12.878422,stair_down
1769345292.5965893,-0.409790,-0.629028,-0.335205,-17.761230,-13.977055,-12.451176,stair_down
1769345292.6164598,-0.421387,-0.646240,-0.325195,-17.578125,-15.441898,-11.047363,stair_down
1769345292.6364236,-0.438110,-0.652832,-0.315186,-19.470215,-15.808109,-11.901859,stair_down
1769345292.656975,-0.432129,-0.639404,-0.291870,-21.118164,-14.526371,-13.244633,stair_down
1769345292.676217,-0.428345,-0.628052,-0.277466,-21.057129,-15.625004,-13.488773,stair_down
1769345292.696695,-0.432739,-0.622070,-0.272339,-20.385742,-16.967773,-13.854984,stair_down
1769345292.7177305,-0.444702,-0.627563,-0.272339,-19.104004,-17.333984,-15.197758,stair_down
1769345292.7377756,-0.457397,-0.633057,-0.269043,-17.944336,-17.028809,-17.761230,stair_down
1769345292.7570815,-0.470825,-0.638672,-0.266357,-15.563969,-13.916019,-15.686039,stair_down
1769345292.8480363,-0.470581,-0.654419,-0.259277,-7.385256,-13.366703,-19.958496,stair_down
1769345292.8566413,-0.527832,-0.805542,-0.299561,9.155273,-10.437012,-29.541023,stair_down
1769345292.8566413,-0.597046,-1.011353,-0.337891,17.028809,-2.258301,-35.278320,stair_down
1769345292.8590028,-0.672119,-1.154785,-0.413696,16.967773,11.962894,-36.865234,stair_down
1769345292.8590028,-0.661621,-1.159302,-0.479492,4.577637,25.878914,-29.968269,stair_down
1769345292.8789043,-0.550537,-1.016724,-0.487915,-2.563477,26.184090,-17.883301,stair_down
1769345292.8963253,-0.478027,-0.919189,-0.520386,6.103518,11.047363,-7.690432,stair_down
1769345292.9174578,-0.575562,-1.016113,-0.624023,34.484863,1.037598,-8.728027,stair_down
1769345292.936652,-0.621704,-1.233032,-0.651123,34.851074,13.671879,23.254402,stair_down
1769345292.9590933,-0.579956,-1.179932,-0.641602,13.305668,27.221687,41.748047,stair_down
1769345292.9765522,-0.496460,-1.014648,-0.666504,12.451176,33.935547,56.213394,stair_down
1769345292.9964,-0.420044,-0.998291,-0.681152,18.859863,32.348633,67.504883,stair_down
1769345293.0165372,-0.379761,-1.019165,-0.659546,14.587406,22.705086,74.768066,stair_down
1769345293.036923,-0.376831,-0.967285,-0.592529,2.624512,13.122562,74.829102,stair_down
1769345293.056443,-0.329102,-0.934937,-0.557007,-10.498047,2.136230,72.143555,stair_down
1769345293.077497,-0.359009,-0.805664,-0.559814,-13.244633,4.943848,63.049332,stair_down
1769345293.0975673,-0.293579,-0.809326,-0.475098,-31.616219,-6.042482,58.105484,stair_down
1769345293.117184,-0.352173,-0.576294,-0.471924,-12.634281,-1.586915,39.672852,stair_down
1769345293.1379325,-0.362305,-0.727417,-0.420654,-7.324221,0.610352,55.236832,stair_down
1769345293.156643,-0.317505,-0.655151,-0.381348,-16.845703,-4.577637,48.034683,stair_down
1769345293.1768315,-0.366211,-0.571899,-0.371582,-9.521484,10.314941,23.925789,stair_down
1769345293.1970649,-0.334839,-0.635742,-0.354858,-4.821777,15.014652,18.005371,stair_down
1769345293.216974,-0.333374,-0.635620,-0.353516,-4.577637,13.610844,18.188477,stair_down
1769345293.2363799,-0.333008,-0.616943,-0.349731,-3.784181,10.681152,16.906738,stair_down
1769345293.257645,-0.331665,-0.597900,-0.332153,-5.126953,6.713869,12.146000,stair_down
1769345293.276421,-0.301025,-0.575806,-0.316650,-2.624512,-0.244141,10.009766,stair_down
1769345293.2965004,-0.314819,-0.564209,-0.295044,0.305176,-4.272461,9.704590,stair_down
1769345293.3174982,-0.321655,-0.557251,-0.296509,3.906251,-3.112794,8.300781,stair_down
1769345293.3372595,-0.356079,-0.564697,-0.298584,6.408693,-2.075195,5.981447,stair_down
1769345293.3570535,-0.342773,-0.568970,-0.322388,10.253906,-0.793457,-3.540040,stair_down
1769345293.3765535,-0.362305,-0.615601,-0.336914,14.282230,0.061035,-11.108402,stair_down
1769345293.3965492,-0.391357,-0.648682,-0.346680,15.380863,5.004883,-15.380863,stair_down
1769345293.4164112,-0.407837,-0.661743,-0.377930,18.310547,8.911133,-20.690918,stair_down
1769345293.4370542,-0.429565,-0.718872,-0.409790,23.254402,18.676758,-26.550301,stair_down
1769345293.4575524,-0.406616,-0.739990,-0.432861,23.498543,24.597176,-26.550301,stair_down
1769345293.4782937,-0.381958,-0.728760,-0.440918,21.606445,24.719246,-23.742683,stair_down
1769345293.4962707,-0.362671,-0.712891,-0.445190,20.751953,16.601563,-21.301270,stair_down
1769345293.5164351,-0.360718,-0.743652,-0.474365,28.259285,4.394531,-25.756844,stair_down
1769345293.5365465,-0.454346,-0.884766,-0.541382,40.527344,2.014160,-36.804199,stair_down
1769345293.5564933,-0.565674,-1.059570,-0.608643,45.166031,13.793949,-47.546402,stair_down
1769345293.5768712,-0.659058,-1.218384,-0.646362,31.738289,37.048340,-57.617203,stair_down
1769345293.5970488,-0.630981,-1.165649,-0.631958,14.831547,50.720230,-51.269547,stair_down
1769345293.6173086,-0.534912,-1.063354,-0.642578,6.835939,53.466812,-38.391113,stair_down
1769345293.6366267,-0.430908,-1.043335,-0.609619,6.652834,40.954590,-26.306160,stair_down
1769345293.6564536,-0.380127,-1.128540,-0.550659,10.864258,19.592285,-19.592285,stair_down
1769345293.676331,-0.422485,-1.292603,-0.504395,8.178711,2.868653,-17.089844,stair_down
1769345293.6976855,-0.436401,-1.293701,-0.462036,-25.512703,-11.718754,-3.112794,stair_down
1769345293.716209,-0.399170,-1.119019,-0.432983,-37.719727,-25.634773,4.821777,stair_down
1769345293.737659,-0.375122,-0.997925,-0.398071,-41.442871,-42.175293,10.253906,stair_down
1769345293.7578638,-0.368164,-0.889038,-0.364624,-45.532242,-54.748550,16.052246,stair_down
1769345293.7784514,-0.361450,-0.775391,-0.336548,-44.433609,-61.950699,19.775391,stair_down
1769345293.7981226,-0.367920,-0.698730,-0.318848,-38.452148,-64.819336,19.653320,stair_down
1769345293.8163579,-0.389160,-0.665894,-0.311890,-31.921394,-64.025879,16.906738,stair_down
1769345293.8374655,-0.425415,-0.651123,-0.301514,-23.132332,-55.236832,9.887695,stair_down
1769345293.857546,-0.494751,-0.618530,-0.296265,-19.348145,-36.804199,-0.854492,stair_down
1769345293.8768635,-0.375122,-0.684692,-0.267700,-9.887695,-28.991707,4.760742,stair_down
1769345293.897116,-0.422363,-0.665283,-0.250732,-13.183598,-25.451668,0.305176,stair_down
1769345293.916603,-0.467773,-0.636475,-0.241211,-7.263186,-11.779789,-11.413578,stair_down
1769345293.9366403,-0.441406,-0.711060,-0.251709,-3.417970,-3.540040,-23.803719,stair_down
1769345293.9466157,-0.466797,-0.763062,-0.256592,-3.967286,-1.403809,-34.423828,stair_down
1769345293.9765801,-0.436646,-0.810425,-0.255737,-2.807618,-3.784181,-35.949707,stair_down
1769345293.9963753,-0.443604,-0.835571,-0.259155,-2.929688,-8.605957,-35.644531,stair_down
1769345294.0169547,-0.464600,-0.829712,-0.274170,-2.441406,-11.596684,-34.973145,stair_down
1769345294.0363398,-0.480225,-0.818848,-0.304565,1.159668,-11.169437,-33.752441,stair_down
1769345294.0574348,-0.482666,-0.821045,-0.335938,4.821777,-10.131836,-29.541023,stair_down
1769345294.0764964,-0.481934,-0.808960,-0.353271,5.859377,-10.498047,-22.888191,stair_down
1769345294.0970907,-0.463501,-0.755981,-0.385132,7.080080,-8.728027,-11.352543,stair_down
1769345294.1176002,-0.433838,-0.718262,-0.398438,7.873537,-9.033203,-4.150391,stair_down
1769345294.1373677,-0.418335,-0.686157,-0.397339,7.934572,-11.535648,1.159668,stair_down
1769345294.1562176,-0.425171,-0.655273,-0.397217,7.324221,-11.413578,3.906251,stair_down
1769345294.1764603,-0.426147,-0.630981,-0.395874,5.676271,-7.690432,4.821777,stair_down
1769345294.1970994,-0.412231,-0.606201,-0.390747,3.845216,-4.272461,4.455566,stair_down
1769345294.2162316,-0.404663,-0.588989,-0.387939,2.563477,-2.807618,2.319336,stair_down
1769345294.2372253,-0.410522,-0.583740,-0.383179,1.892090,-2.136230,-3.723145,stair_down
1769345294.2570314,-0.432007,-0.590332,-0.384155,2.075195,0.854492,-8.850098,stair_down
1769345294.3434,-0.457397,-0.609009,-0.381714,3.051759,6.713869,-13.427738,stair_down
1769345294.346219,-0.469849,-0.632080,-0.377563,2.929688,14.099125,-17.150879,stair_down
1769345294.346219,-0.463257,-0.646606,-0.371216,1.342773,20.019531,-19.592285,stair_down
1769345294.346219,-0.449585,-0.656372,-0.364868,-0.915528,21.850586,-19.470215,stair_down
1769345294.3562453,-0.432861,-0.701416,-0.330566,2.807618,15.686039,-20.324707,stair_down
1769345294.3770635,-0.513916,-0.882690,-0.352661,21.179199,13.061527,-30.029305,stair_down
1769345294.396501,-0.645386,-1.209839,-0.399780,33.447266,23.803719,-40.161133,stair_down
1769345294.4178536,-0.705078,-1.449463,-0.450562,9.033203,45.654312,-33.996582,stair_down
1769345294.4463356,-0.584717,-1.253296,-0.465698,-24.841316,59.204117,-14.831547,stair_down
1769345294.4686127,-0.381470,-1.006104,-0.460571,-21.606445,40.222168,2.624512,stair_down
1769345294.4806476,-0.304810,-1.013916,-0.468018,-1.159668,4.150391,15.808109,stair_down
1769345294.4963624,-0.479736,-1.347412,-0.571411,25.146492,-20.019531,27.343758,stair_down
1769345294.5161848,-0.596313,-1.516113,-0.621094,15.380863,-5.310059,41.870117,stair_down
1769345294.5364203,-0.540649,-1.348755,-0.635742,-10.498047,12.878422,59.936539,stair_down
1769345294.5561612,-0.392700,-1.086304,-0.629639,-14.160160,17.150879,83.801270,stair_down
1769345294.5762804,-0.269775,-0.899780,-0.619995,-15.075687,-0.183106,89.538605,stair_down
1769345294.5975766,-0.291138,-0.817383,-0.596069,-9.277344,-15.197758,93.627960,stair_down
1769345294.6166954,-0.317017,-0.799316,-0.573608,-6.896975,-15.258793,87.341309,stair_down
1769345294.6470463,-0.331787,-0.843750,-0.455200,-22.766121,-6.713869,93.994171,stair_down
1769345294.6531165,-0.340942,-0.616821,-0.465210,-23.315437,2.258301,61.218277,stair_down
1769345294.6807523,-0.317627,-0.648071,-0.448120,-13.366703,2.624512,48.400894,stair_down
1769345294.6983397,-0.297363,-0.684570,-0.411133,-17.150879,-2.746582,37.475586,stair_down
1769345294.7133775,-0.366577,-0.637207,-0.375610,-15.014652,8.850098,34.729004,stair_down
1769345294.7363236,-0.337158,-0.598389,-0.399536,-0.549316,17.150879,17.333984,stair_down
1769345294.7565222,-0.361938,-0.708618,-0.390137,0.915528,22.521980,15.441898,stair_down
1769345294.7756522,-0.331665,-0.649536,-0.390869,4.333496,25.085457,8.850098,stair_down
1769345294.7964077,-0.322021,-0.659790,-0.366821,8.728027,26.184090,0.671387,stair_down
1769345294.8162565,-0.300781,-0.675049,-0.344238,6.591799,21.972656,-2.319336,stair_down
1769345294.8361878,-0.294922,-0.649902,-0.326782,5.737307,16.052246,-5.249023,stair_down
1769345294.8567142,-0.290771,-0.649048,-0.313965,6.591799,9.399414,-6.469728,stair_down
1769345294.8763947,-0.302612,-0.645142,-0.321777,5.981447,4.211426,-7.507326,stair_down
1769345294.8961933,-0.326660,-0.622681,-0.348511,8.056641,-0.915528,-13.488773,stair_down
1769345294.9176192,-0.347534,-0.624268,-0.363770,10.009766,-1.159668,-19.226074,stair_down
1769345294.9370053,-0.363159,-0.629639,-0.382690,11.169437,1.098633,-23.010262,stair_down
1769345294.9565327,-0.365601,-0.625977,-0.400146,11.657719,3.234864,-26.428230,stair_down
1769345294.9763427,-0.364380,-0.626343,-0.410278,13.244633,4.089355,-28.320320,stair_down
1769345294.996422,-0.363525,-0.637451,-0.408325,13.671879,3.479005,-28.686531,stair_down
1769345295.0169442,-0.341675,-0.640381,-0.405273,13.122562,0.610352,-26.855476,stair_down
1769345295.0362139,-0.338379,-0.637085,-0.413940,14.343266,-1.708985,-26.428230,stair_down
1769345295.0563684,-0.358521,-0.651367,-0.429077,16.662598,-2.502441,-27.526863,stair_down
1769345295.0772004,-0.391357,-0.671021,-0.455811,16.967773,-0.671387,-29.418953,stair_down
1769345295.0976648,-0.414063,-0.667847,-0.486938,16.479492,3.601075,-32.226563,stair_down
1769345295.1171036,-0.425903,-0.665283,-0.507813,17.272949,8.483887,-35.949707,stair_down
1769345295.1371994,-0.436157,-0.679565,-0.515503,19.592285,13.000492,-41.076660,stair_down
1769345295.1565843,-0.503296,-0.862305,-0.558350,34.240723,20.751953,-59.570328,stair_down
1769345295.1763277,-0.576782,-1.079590,-0.591797,37.658691,30.883797,-71.655273,stair_down
1769345295.1975875,-0.616699,-1.276489,-0.588379,26.062019,42.358398,-73.791504,stair_down
1769345295.2176628,-0.619263,-1.310425,-0.568726,1.831055,50.537125,-63.903824,stair_down
1769345295.2361708,-0.536255,-1.199219,-0.540283,-14.282230,47.851578,-44.677750,stair_down
1769345295.2575083,-0.431885,-1.121460,-0.520874,-13.488773,35.827637,-22.705086,stair_down
1769345295.2772355,-0.284668,-1.140991,-0.460571,-14.404301,9.643555,11.535648,stair_down
1769345295.2976534,-0.248535,-1.123291,-0.409790,-14.648441,-15.686039,29.785164,stair_down
1769345295.3163238,-0.306152,-1.177856,-0.399170,-11.047363,-39.489746,36.254883,stair_down
1769345295.3364308,-0.391602,-1.266235,-0.416504,-16.174316,-52.307144,36.499023,stair_down
1769345295.3468235,-0.450073,-1.217651,-0.421509,-32.897949,-57.861343,39.367676,stair_down
1769345295.3765516,-0.468018,-1.017822,-0.408325,-44.006348,-60.913101,43.884277,stair_down
1769345295.3969846,-0.458130,-0.830444,-0.389771,-44.311539,-62.377945,46.081558,stair_down
1769345295.4171379,-0.412720,-0.651123,-0.365845,-29.174812,-53.283707,43.090820,stair_down
1769345295.4364805,-0.395630,-0.613770,-0.342407,-16.845703,-43.579102,39.489746,stair_down
1769345295.4567966,-0.396729,-0.611816,-0.323975,-7.812502,-35.217285,32.958984,stair_down
1769345295.4777753,-0.403687,-0.626587,-0.318726,-3.295899,-27.282722,24.292000,stair_down
1769345295.4963746,-0.419800,-0.617554,-0.311035,-2.868653,-17.211914,13.000492,stair_down
1769345295.5166254,-0.409180,-0.620605,-0.313843,4.333496,-5.981447,7.629396,stair_down
1769345295.536546,-0.405273,-0.633179,-0.302734,0.915528,7.324221,-3.906251,stair_down
1769345295.5570781,-0.416626,-0.576172,-0.312866,6.286623,16.479492,-15.563969,stair_down
1769345295.5770702,-0.397339,-0.625000,-0.316040,9.704590,21.484375,-22.460945,stair_down
1769345295.596465,-0.401489,-0.654785,-0.319946,10.681152,24.169930,-26.428230,stair_down
1769345295.6168149,-0.401245,-0.697021,-0.322144,10.314941,24.780281,-27.282722,stair_down
1769345295.6365888,-0.390259,-0.718994,-0.321899,4.821777,22.644051,-25.878914,stair_down
1769345295.656235,-0.364868,-0.701660,-0.306519,-0.732422,16.540527,-22.766121,stair_down
1769345295.6763706,-0.319580,-0.661743,-0.287231,-4.577637,0.244141,-14.648441,stair_down
1769345295.6965516,-0.311890,-0.655884,-0.294922,-2.868653,-11.840824,-8.483887,stair_down
1769345295.7162967,-0.350586,-0.681885,-0.306274,0.793457,-20.202637,-4.638672,stair_down
1769345295.7371106,-0.391357,-0.722412,-0.320435,3.234864,-22.888191,-4.760742,stair_down
1769345295.7564178,-0.434814,-0.754395,-0.330811,4.333496,-20.019531,-7.629396,stair_down
1769345295.7776585,-0.465698,-0.773438,-0.335327,4.028320,-13.000492,-11.474613,stair_down
1769345295.797316,-0.463257,-0.762817,-0.338623,1.525879,-4.394531,-14.770512,stair_down
1769345295.8167837,-0.397583,-0.689209,-0.350342,-0.610352,-1.037598,-16.662598,stair_down
1769345295.8363235,-0.385986,-0.661255,-0.354858,-0.549316,-6.103518,-17.761230,stair_down
1769345295.856491,-0.392334,-0.691650,-0.338135,7.568361,-13.427738,-24.108894,stair_down
1769345295.876849,-0.498779,-0.888916,-0.375122,22.827156,-13.427738,-38.330078,stair_down
1769345295.8968847,-0.606079,-1.126465,-0.433472,27.587898,0.305176,-50.537125,stair_down
1769345295.91736,-0.650024,-1.299438,-0.468628,18.066406,19.348145,-54.016129,stair_down
1769345295.9362988,-0.533813,-1.127808,-0.517334,-5.615236,32.470703,-36.437988,stair_down
1769345295.9866624,-0.464355,-0.983398,-0.564331,5.432129,22.827156,-21.484375,stair_down
1769345296.0210264,-0.484131,-1.044434,-0.614136,27.648933,15.258793,-11.596684,stair_down
1769345296.0210264,-0.550659,-1.226196,-0.662842,38.024902,20.874023,-0.305176,stair_down
1769345296.0210264,-0.583252,-1.305908,-0.685425,21.484375,40.649414,21.667480,stair_down
1769345296.0356705,-0.456787,-1.145142,-0.726807,5.249023,54.992691,44.982925,stair_down
1769345296.0564907,-0.255493,-1.013428,-0.749268,3.845216,42.968750,61.645523,stair_down
1769345296.076157,-0.186279,-0.974243,-0.652710,-4.333496,4.028320,73.120117,stair_down
1769345296.096533,-0.238892,-0.902710,-0.576172,-15.319828,-15.991215,67.626953,stair_down
1769345296.1166263,-0.291748,-0.845093,-0.551880,-23.132332,-27.160652,59.143082,stair_down
1769345296.136832,-0.306030,-0.800171,-0.521484,-38.452148,-34.484863,49.438492,stair_down
1769345296.1566303,-0.526611,-0.652466,-0.502441,-29.541023,-2.502441,36.804199,stair_down
1769345296.176695,-0.306885,-0.740234,-0.462402,-12.451176,2.563477,46.691910,stair_down
1769345296.1965897,-0.403198,-0.761108,-0.393188,-24.108894,14.343266,44.372574,stair_down
1769345296.2180445,-0.368286,-0.633179,-0.369995,-17.211914,27.221687,25.756844,stair_down
1769345296.2364688,-0.305542,-0.697632,-0.362549,-8.361816,25.817879,15.747074,stair_down
1769345296.2575881,-0.326660,-0.743164,-0.371460,-10.131836,24.230965,19.897461,stair_down
1769345296.2767773,-0.292236,-0.708496,-0.356079,-9.826660,22.583015,21.362305,stair_down
1769345296.2965333,-0.287109,-0.706787,-0.329346,-6.042482,16.967773,20.385742,stair_down
1769345296.318201,-0.275146,-0.690063,-0.332031,-3.845216,9.277344,18.493652,stair_down
1769345296.336651,-0.283936,-0.662354,-0.308472,-5.615236,-0.915528,26.062019,stair_down
1769345296.3566527,-0.278442,-0.607056,-0.315796,-3.967286,-2.075195,23.132332,stair_down
1769345296.377434,-0.268433,-0.586548,-0.335693,-1.159668,-5.859377,19.836426,stair_down
1769345296.396584,-0.271729,-0.556885,-0.350830,0.854492,-10.131836,17.700195,stair_down
1769345296.4162421,-0.281616,-0.525269,-0.359253,5.432129,-12.695316,13.916019,stair_down
1769345296.4367373,-0.299561,-0.537231,-0.371460,11.108402,-12.329105,8.544922,stair_down
1769345296.4577446,-0.331909,-0.570801,-0.390259,15.136723,-8.117676,0.427246,stair_down
1769345296.4771461,-0.357056,-0.645630,-0.426758,17.883301,1.892090,-13.793949,stair_down
1769345296.4968011,-0.360596,-0.675903,-0.449585,16.418457,7.507326,-20.874023,stair_down
1769345296.5164614,-0.344116,-0.678223,-0.462891,14.587406,9.582520,-24.597176,stair_down
1769345296.536924,-0.328735,-0.669556,-0.469604,15.014652,7.446291,-25.756844,stair_down
1769345296.547996,-0.329346,-0.671875,-0.472290,16.540527,4.699707,-26.489265,stair_down
1769345296.5753345,-0.336670,-0.688965,-0.488647,18.249512,2.258301,-26.916512,stair_down
1769345296.593404,-0.384766,-0.770264,-0.509766,26.672371,0.427246,-35.339355,stair_down
1769345296.6172063,-0.459595,-0.941406,-0.549561,36.621094,6.042482,-49.987808,stair_down
1769345296.6364944,-0.538818,-1.173218,-0.571411,40.527344,16.784668,-63.537613,stair_down
1769345296.6555166,-0.609131,-1.374268,-0.583252,29.479988,32.958984,-70.617676,stair_down
1769345296.6751678,-0.603638,-1.372070,-0.593140,3.845216,50.964371,-62.500015,stair_down
1769345296.6966124,-0.484009,-1.169067,-0.588013,-17.150879,54.077164,-41.931152,stair_down
1769345296.7138524,-0.309692,-0.977295,-0.557495,-18.310547,36.560059,-19.592285,stair_down
1769345296.7364252,-0.143555,-0.951172,-0.478638,-2.075195,-13.183598,1.159668,stair_down
1769345296.7567506,-0.243530,-1.149048,-0.446777,9.033203,-39.794922,0.122070,stair_down
1769345296.7782633,-0.387939,-1.349609,-0.446045,-3.601075,-50.048843,-2.563477,stair_down
1769345296.7932148,-0.459839,-1.318481,-0.432007,-32.653809,-50.476089,0.427246,stair_down
1769345296.8154926,-0.439453,-1.078857,-0.440674,-46.508804,-53.710953,3.173829,stair_down
1769345296.8363254,-0.438965,-0.924561,-0.436523,-44.372574,-58.288589,4.089355,stair_down
1769345296.8564858,-0.411621,-0.752075,-0.402588,-39.672852,-54.870621,5.920412,stair_down
1769345296.8673313,-0.390137,-0.678345,-0.370239,-30.090340,-49.194351,6.530764,stair_down
1769345296.8964643,-0.382568,-0.654541,-0.346313,-23.132332,-44.738785,2.685547,stair_down
1769345296.9180913,-0.393799,-0.646362,-0.343140,-17.639160,-40.771484,-3.967286,stair_down
1769345296.9370537,-0.403198,-0.665405,-0.346436,-15.563969,-36.010742,-9.582520,stair_down
1769345296.9572682,-0.404663,-0.663940,-0.344604,-14.953617,-31.433113,-14.160160,stair_down
1769345296.9772246,-0.418213,-0.654175,-0.333740,-12.817387,-25.573738,-17.089844,stair_down
1769345296.9969742,-0.444824,-0.651123,-0.321533,-9.338379,-11.596684,-23.681648,stair_down
1769345297.0165322,-0.443848,-0.667114,-0.322754,-6.225588,-1.708985,-30.395515,stair_down
1769345297.0365705,-0.422729,-0.703369,-0.325684,-4.882813,3.051759,-35.400391,stair_down
1769345297.0569384,-0.411377,-0.726196,-0.317993,-5.249023,2.075195,-36.376953,stair_down
1769345297.076394,-0.406616,-0.735596,-0.307251,-6.164553,-2.258301,-34.118652,stair_down
1769345297.09694,-0.395874,-0.740967,-0.300537,-6.469728,-8.239746,-29.357918,stair_down
1769345297.1067355,-0.390259,-0.741211,-0.304688,-6.835939,-14.526371,-22.949226,stair_down
1769345297.1369169,-0.380493,-0.724609,-0.325806,-7.202150,-25.207527,-14.221195,stair_down
1769345297.157561,-0.370239,-0.701294,-0.334351,-7.995607,-33.508301,-8.483887,stair_down
1769345297.1764662,-0.380859,-0.661621,-0.333496,-8.117676,-39.855957,-2.868653,stair_down
1769345297.1974492,-0.398682,-0.628052,-0.334229,-6.469728,-41.564941,0.610352,stair_down
1769345297.2162645,-0.412354,-0.615601,-0.344482,-3.662110,-39.489746,2.258301,stair_down
1769345297.2366338,-0.433838,-0.613770,-0.359985,-1.098633,-32.714844,1.953125,stair_down
1769345297.3268406,-0.443848,-0.634399,-0.370117,2.502441,-18.249512,-2.868653,stair_down
1769345297.3268406,-0.448120,-0.639771,-0.372437,1.770020,-9.887695,-9.094238,stair_down
1769345297.3268406,-0.432251,-0.639893,-0.379028,0.610352,-5.249023,-13.854984,stair_down
1769345297.3268406,-0.427734,-0.627441,-0.385864,0.427246,-2.319336,-16.540527,stair_down
1769345297.3366396,-0.429077,-0.623413,-0.390259,2.075195,-0.305176,-16.906738,stair_down
1769345297.3577313,-0.428223,-0.660156,-0.371216,9.155273,-1.953125,-19.775391,stair_down
1769345297.3765664,-0.515503,-0.836548,-0.394653,28.564461,-0.122070,-32.165527,stair_down
1769345297.3975267,-0.684082,-1.267334,-0.469482,33.630371,28.930672,-46.691910,stair_down
1769345297.4179282,-0.676636,-1.333496,-0.489258,8.850098,51.574722,-37.902832,stair_down
1769345297.4372044,-0.559937,-1.097900,-0.522583,-5.859377,60.485855,-19.165039,stair_down
1769345297.4570022,-0.445557,-0.918457,-0.556396,3.356935,51.330582,-0.244141,stair_down
1769345297.4768043,-0.425171,-0.959351,-0.591431,28.259285,36.132813,8.666992,stair_down
1769345297.4979203,-0.498901,-1.248047,-0.629883,41.564941,29.113777,16.357422,stair_down
1769345297.5162039,-0.533203,-1.370728,-0.633667,9.033203,40.954590,39.733887,stair_down
1769345297.5361493,-0.393921,-1.202271,-0.657593,-3.906251,40.100098,60.302750,stair_down
1769345297.5565484,-0.280640,-1.066406,-0.671997,-8.850098,21.484375,78.369141,stair_down
1769345297.5961275,-0.237671,-0.949829,-0.645996,-10.681152,-5.493164,89.721710,stair_down
1769345297.6001484,-0.273438,-0.885620,-0.575684,-10.009766,-25.451668,92.956573,stair_down
1769345297.6173115,-0.321899,-0.864380,-0.513184,-13.122562,-32.836914,90.637238,stair_down
1769345297.6363153,-0.279541,-0.882202,-0.482056,-14.648441,-38.146973,95.153839,stair_down
1769345297.6565657,-0.403442,-0.694946,-0.475830,-26.550301,-13.793949,65.002441,stair_down
1769345297.6764085,-0.432739,-0.659058,-0.448486,-20.202637,2.197266,33.630371,stair_down
1769345297.6963708,-0.250610,-0.778564,-0.418579,-6.896975,-3.112794,56.030289,stair_down
1769345297.7162113,-0.339600,-0.712646,-0.401367,-15.747074,-3.540040,62.072769,stair_down
1769345297.7361546,-0.325317,-0.589722,-0.388794,-12.023930,7.141115,50.231949,stair_down
1769345297.757194,-0.285522,-0.595825,-0.383179,-2.868653,7.446291,32.714844,stair_down
1769345297.7761455,-0.289795,-0.636841,-0.374878,-3.417970,6.713869,19.165039,stair_down
1769345297.7966564,-0.281860,-0.602783,-0.372925,1.647950,8.605957,17.333984,stair_down
1769345297.8162913,-0.270142,-0.619751,-0.352417,0.915528,6.225588,18.005371,stair_down
1769345297.8361545,-0.254761,-0.574707,-0.342529,-2.868653,1.403809,15.014652,stair_down
1769345297.8550444,-0.253296,-0.535034,-0.329834,-2.807618,-3.723145,10.070801,stair_down
1769345297.876462,-0.256348,-0.510742,-0.326538,-0.854492,-6.469728,2.380371,stair_down
1769345297.8939934,-0.277344,-0.518799,-0.336548,2.929688,-7.507326,-5.432129,stair_down
1769345297.912315,-0.335327,-0.546265,-0.373657,7.812502,-2.136230,-22.521980,stair_down
1769345297.9364145,-0.349487,-0.588379,-0.389771,10.681152,3.356935,-33.081055,stair_down
1769345297.9568322,-0.364258,-0.614502,-0.408569,11.291508,10.009766,-42.663574,stair_down
1769345297.9762292,-0.364624,-0.637939,-0.425537,12.695316,14.953617,-50.598160,stair_down
1769345297.9962575,-0.363647,-0.651367,-0.431396,13.244633,16.601563,-56.396500,stair_down
1769345298.016209,-0.368042,-0.645630,-0.429321,15.075687,16.052246,-58.349625,stair_down
1769345298.0362875,-0.380005,-0.666504,-0.422729,27.038582,16.174316,-61.462418,stair_down
1769345298.0563674,-0.517822,-0.999023,-0.487549,61.889664,27.099617,-84.167480,stair_down
1769345298.0778298,-0.687134,-1.378540,-0.531372,70.434570,52.001968,-97.839386,stair_down
1769345298.0964322,-0.754272,-1.598267,-0.567017,40.710449,89.477570,-95.153839,stair_down
1769345298.1165223,-0.642822,-1.379150,-0.564941,5.676271,110.961945,-72.814941,stair_down
1769345298.1362112,-0.439331,-1.100464,-0.538940,-0.427246,99.548370,-46.752945,stair_down
1769345298.1563036,-0.269287,-0.987427,-0.514771,9.094238,71.044922,-22.460945,stair_down
1769345298.1762168,-0.173950,-1.084717,-0.450317,22.399910,20.019531,3.417970,stair_down
1769345298.1964824,-0.267456,-1.156616,-0.406128,11.535648,-3.173829,14.221195,stair_down
1769345298.2162664,-0.335938,-1.110840,-0.415161,-4.577637,-18.127441,19.714355,stair_down
1769345298.237302,-0.367065,-1.018066,-0.434204,-13.732914,-27.404793,18.981934,stair_down
1769345298.2576869,-0.397949,-0.962769,-0.434692,-17.028809,-34.912109,14.770512,stair_down
1769345298.2772083,-0.430786,-0.905884,-0.432739,-21.362305,-38.269043,12.146000,stair_down
1769345298.297737,-0.431763,-0.827515,-0.424316,-22.705086,-39.245605,10.803223,stair_down
1769345298.3165205,-0.411987,-0.724609,-0.394287,-20.019531,-38.146973,7.812502,stair_down
1769345298.336443,-0.392822,-0.657349,-0.353271,-15.136723,-36.010742,4.516602,stair_down
1769345298.3566773,-0.397827,-0.624023,-0.323730,-6.774904,-32.165527,0.366211,stair_down
1769345298.377583,-0.415283,-0.626587,-0.310913,-0.671387,-25.451668,-2.319336,stair_down
1769345298.3975635,-0.430542,-0.622559,-0.301636,2.807618,-15.808109,-3.601075,stair_down
1769345298.4163892,-0.453247,-0.620483,-0.301025,7.263186,-3.356935,-6.225588,stair_down
1769345298.4373817,-0.452881,-0.674805,-0.311157,11.718754,17.211914,-10.131836,stair_down
1769345298.4565644,-0.418823,-0.684692,-0.321777,11.901859,23.803719,-11.596684,stair_down
1769345298.4775355,-0.401367,-0.710327,-0.318115,8.666992,23.986824,-11.962894,stair_down
1769345298.496381,-0.377563,-0.718628,-0.318359,1.770020,18.554688,-10.559082,stair_down
1769345298.5161784,-0.350586,-0.714966,-0.305176,-4.516602,8.483887,-7.934572,stair_down
1769345298.537516,-0.319092,-0.716919,-0.286255,-10.620117,-6.225588,-3.906251,stair_down
1769345298.5567095,-0.301758,-0.717285,-0.272949,-15.991215,-22.949226,1.464844,stair_down
1769345298.5768063,-0.321167,-0.693970,-0.271851,-20.019531,-46.203629,10.314941,stair_down
1769345298.5969715,-0.351807,-0.703003,-0.278687,-17.150879,-54.748550,12.207035,stair_down
1769345298.6170914,-0.390137,-0.725464,-0.291748,-14.770512,-56.640640,12.268070,stair_down
1769345298.637249,-0.432495,-0.730957,-0.312866,-13.000492,-50.781265,11.962894,stair_down
1769345298.6576827,-0.452393,-0.712280,-0.321655,-12.695316,-40.649414,10.925293,stair_down
1769345298.6764765,-0.442017,-0.654297,-0.315063,-12.084965,-29.235847,8.911133,stair_down
1769345298.6975994,-0.430420,-0.625977,-0.302979,-1.342773,-19.287109,2.502441,stair_down
1769345298.7165854,-0.535034,-0.909424,-0.358032,29.418953,3.112794,-21.240234,stair_down
1769345298.783299,-0.608154,-1.138428,-0.435181,34.057617,26.672371,-32.409668,stair_down
1769345298.7996898,-0.651733,-1.229004,-0.487549,18.005371,50.598160,-31.982430,stair_down
1769345298.800092,-0.561157,-1.063965,-0.492065,4.699707,64.636230,-23.620613,stair_down
1769345298.8015296,-0.463623,-0.951294,-0.507690,15.808109,62.194839,-15.502934,stair_down
1769345298.8169336,-0.443848,-1.074707,-0.546631,36.193848,53.588882,-9.094238,stair_down
1769345298.836686,-0.503540,-1.364624,-0.597900,35.400391,48.767105,10.192871,stair_down
1769345298.85802,-0.502075,-1.370361,-0.624146,16.479492,56.579605,31.677254,stair_down
1769345298.8774965,-0.361938,-1.191772,-0.656128,3.540040,56.701675,54.748550,stair_down
1769345298.898282,-0.206177,-1.103027,-0.643799,4.699707,33.386230,73.669434,stair_down
1769345298.9162211,-0.172119,-1.092896,-0.604126,-0.915528,-0.122070,84.533691,stair_down
1769345298.9371288,-0.165039,-1.098267,-0.524658,-18.188477,-39.489746,94.116241,stair_down
1769345298.9577594,-0.351196,-0.806030,-0.526489,-26.611336,-52.795425,59.326187,stair_down
1769345298.9771898,-0.311523,-0.944092,-0.458862,-9.765625,-38.879395,71.166992,stair_down
1769345298.9964154,-0.421631,-0.778931,-0.433350,-21.728516,-27.038582,65.246582,stair_down
1769345299.016394,-0.405518,-0.670166,-0.398804,-16.113281,-9.033203,52.124039,stair_down
1769345299.0375454,-0.385620,-0.636475,-0.359741,-12.023930,4.272461,37.353516,stair_down
1769345299.0578837,-0.367798,-0.607056,-0.333496,-8.972168,15.747074,26.611336,stair_down
1769345299.0763059,-0.358276,-0.593018,-0.320923,-3.540040,25.024422,18.432617,stair_down
1769345299.0974302,-0.335815,-0.620850,-0.324097,5.798342,33.508301,8.422852,stair_down
1769345299.1162934,-0.320068,-0.659424,-0.326538,9.399414,33.386230,6.896975,stair_down
1769345299.1375043,-0.310791,-0.673462,-0.318481,9.094238,29.296883,6.347658,stair_down
1769345299.1577952,-0.309204,-0.660156,-0.308594,8.056641,24.902351,5.432129,stair_down
1769345299.1777856,-0.295410,-0.634033,-0.294678,5.981447,20.446777,5.187988,stair_down
1769345299.1965408,-0.281128,-0.593994,-0.289917,5.371094,15.075687,4.577637,stair_down
1769345299.2168107,-0.281250,-0.568115,-0.296387,8.300781,9.399414,3.051759,stair_down
1769345299.236661,-0.330200,-0.596924,-0.328369,14.892582,5.859377,-2.868653,stair_down
1769345299.2578793,-0.361328,-0.638184,-0.349365,17.761230,8.544922,-11.901859,stair_down
1769345299.2778552,-0.380859,-0.690674,-0.359375,19.653320,14.038090,-18.554688,stair_down
1769345299.2974503,-0.382324,-0.718262,-0.383301,18.493652,19.287109,-25.146492,stair_down
1769345299.3177187,-0.375977,-0.730103,-0.407349,17.395020,22.583015,-28.381355,stair_down
1769345299.337432,-0.363892,-0.735107,-0.433105,17.272949,21.911621,-31.494148,stair_down
1769345299.3563254,-0.358276,-0.753540,-0.457153,17.639160,18.188477,-32.775879,stair_down
1769345299.376409,-0.360840,-0.761475,-0.488403,15.136723,11.291508,-32.775879,stair_down
1769345299.396648,-0.363647,-0.742065,-0.495483,14.892582,7.324221,-32.409668,stair_down
1769345299.4163632,-0.383423,-0.780762,-0.498535,25.756844,3.967286,-38.330078,stair_down
1769345299.43646,-0.475464,-0.976440,-0.551025,38.513184,8.178711,-52.063004,stair_down
1769345299.4568348,-0.575195,-1.198853,-0.593018,37.170410,21.240234,-63.781754,stair_down
1769345299.4765527,-0.640747,-1.315918,-0.593506,21.728516,39.245605,-68.298340,stair_down
1769345299.4966462,-0.614258,-1.160034,-0.598511,-4.455566,60.974136,-55.297867,stair_down
1769345299.5170865,-0.533447,-0.994019,-0.603271,-10.009766,63.537613,-37.536621,stair_down
1769345299.5366135,-0.438110,-0.921631,-0.565308,0.549316,57.006851,-22.277840,stair_down
1769345299.5582855,-0.396851,-1.041138,-0.499146,11.901859,44.982925,-10.192871,stair_down
1769345299.5766494,-0.435913,-1.214844,-0.444458,8.789063,40.405273,0.610352,stair_down
1769345299.5967796,-0.429565,-1.294678,-0.442383,-7.873537,34.667969,13.427738,stair_down
1769345299.6177247,-0.387207,-1.218384,-0.437012,-26.794441,20.690918,27.221687,stair_down
1769345299.6372633,-0.346680,-1.026489,-0.402344,-34.240723,-7.568361,44.921890,stair_down
1769345299.6570263,-0.341187,-0.942017,-0.376221,-36.132813,-25.634773,55.175797,stair_down
1769345299.6786404,-0.353882,-0.847900,-0.355835,-34.545898,-38.574219,64.453125,stair_down
1769345299.6967964,-0.368896,-0.767700,-0.321655,-30.639656,-44.677750,70.312500,stair_down
1769345299.7172904,-0.381104,-0.706177,-0.286865,-25.695808,-45.593277,72.082520,stair_down
1769345299.7367826,-0.389038,-0.664673,-0.261719,-20.568848,-43.090820,70.312500,stair_down
1769345299.7571714,-0.380371,-0.631714,-0.237671,-14.221195,-39.306641,64.514160,stair_down
1769345299.7778,-0.374878,-0.616333,-0.229126,-10.070801,-38.513184,59.326187,stair_down
1769345299.7984407,-0.371704,-0.615845,-0.224487,-4.272461,-38.330078,54.138199,stair_down
1769345299.8182447,-0.393799,-0.623169,-0.219238,-0.549316,-36.865234,45.837418,stair_down
1769345299.838161,-0.432983,-0.618530,-0.217407,4.943848,-30.334480,35.705566,stair_down
1769345299.8566277,-0.487305,-0.639404,-0.221924,9.033203,-15.258793,23.986824,stair_down
1769345299.876346,-0.444824,-0.684082,-0.221924,14.587406,-3.601075,16.113281,stair_down
1769345299.896473,-0.496460,-0.737915,-0.241943,23.071297,18.798828,3.173829,stair_down
1769345299.9167507,-0.481812,-0.813721,-0.261841,24.536140,28.564461,-5.859377,stair_down
1769345299.937183,-0.471313,-0.850098,-0.280884,23.620613,33.264160,-15.747074,stair_down
1769345299.9570127,-0.468750,-0.881836,-0.295288,26.794441,37.048340,-22.033691,stair_down
1769345299.9776528,-0.465088,-0.920044,-0.327148,29.602058,39.916992,-24.108894,stair_down
1769345299.9979787,-0.465454,-0.924561,-0.370361,30.212410,41.748047,-23.376472,stair_down
1769345300.0167372,-0.462769,-0.909058,-0.389771,39.001465,42.053223,-27.343758,stair_down
1769345300.0367053,-0.500000,-0.999390,-0.464355,39.916992,45.715347,-33.508301,stair_down
1769345300.0566373,-0.514404,-0.978271,-0.525513,31.799324,55.358902,-34.729004,stair_down
1769345300.076297,-0.471558,-0.894897,-0.556152,26.733406,60.974136,-34.179688,stair_down
1769345300.09781,-0.405884,-0.826294,-0.569092,20.568848,55.358902,-30.212410,stair_down
1769345300.1158993,-0.347046,-0.751953,-0.561646,14.648441,41.381836,-24.047859,stair_down
1769345300.1366942,-0.344849,-0.699707,-0.544312,13.305668,27.282722,-19.653320,stair_down
1769345300.1564322,-0.422363,-0.743652,-0.498169,14.404301,23.742683,-15.441898,stair_down
1769345300.1762733,-0.444580,-0.843262,-0.483398,13.427738,32.043457,-12.084965,stair_down
1769345300.1967025,-0.415894,-0.952515,-0.486816,10.009766,36.132813,-4.516602,stair_down
1769345300.207217,-0.379761,-1.030884,-0.475830,4.943848,31.921394,8.605957,stair_down
1769345300.2364938,-0.334717,-1.047119,-0.454346,-0.427246,20.812988,24.169930,stair_down
1769345300.2578526,-0.326416,-1.005249,-0.435303,-3.234864,8.361816,37.902832,stair_down
1769345300.277871,-0.327393,-0.947510,-0.413818,-3.295899,-2.258301,46.081558,stair_down
1769345300.2970495,-0.339600,-0.848877,-0.375977,-4.150391,-15.380863,50.415054,stair_down
1769345300.3165212,-0.354492,-0.771484,-0.356812,-3.051759,-18.493652,49.499527,stair_down
1769345300.3380234,-0.364624,-0.717651,-0.333984,0.549316,-19.775391,47.058121,stair_down
1769345300.3563368,-0.394897,-0.683960,-0.315552,4.638672,-15.258793,39.855957,stair_down
1769345300.3765607,-0.413208,-0.682007,-0.307861,10.498047,-6.469728,30.578621,stair_down
1769345300.3966856,-0.430664,-0.701416,-0.300293,14.038090,4.943848,21.118164,stair_down
1769345300.4165614,-0.454834,-0.728516,-0.287964,17.822266,24.719246,5.310059,stair_down
1769345300.4370859,-0.448364,-0.756592,-0.288940,20.202637,36.499023,-5.676271,stair_down
1769345300.4577434,-0.426025,-0.773193,-0.301880,22.277840,44.799820,-11.535648,stair_down
1769345300.4764307,-0.411499,-0.781982,-0.315430,25.085457,49.072281,-13.061527,stair_down
1769345300.496434,-0.396362,-0.787476,-0.335449,27.099617,49.316422,-12.451176,stair_down
1769345300.5166783,-0.387451,-0.779541,-0.354736,27.893074,46.264664,-11.474613,stair_down
1769345300.5368145,-0.375244,-0.765747,-0.366089,28.747566,41.931152,-10.620117,stair_down
1769345300.5563693,-0.376465,-0.738892,-0.386230,29.846199,36.193848,-10.986328,stair_down
1769345300.576372,-0.395020,-0.735596,-0.404297,32.165527,34.484863,-13.183598,stair_down
1769345300.5969229,-0.435913,-0.768677,-0.425537,35.461426,37.536621,-18.249512,stair_down
1769345300.616388,-0.468994,-0.830811,-0.452637,36.254883,44.860855,-23.376472,stair_down
1769345300.6559842,-0.484253,-0.885742,-0.473633,33.935547,52.673355,-26.611336,stair_down
1769345300.656488,-0.501099,-0.933594,-0.475098,31.799324,59.204117,-29.357918,stair_down
1769345300.679221,-0.519775,-1.091187,-0.505737,31.250008,71.594238,-28.137215,stair_down
1769345300.6964748,-0.466431,-1.114746,-0.518066,15.869144,73.730469,-15.991215,stair_down
1769345300.716447,-0.368042,-1.042847,-0.553589,8.850098,63.049332,-1.831055,stair_down
1769345300.7534254,-0.313110,-1.021606,-0.568726,8.789063,39.001465,11.962894,stair_down
1769345300.761729,-0.377563,-1.040771,-0.501831,7.446291,23.193367,23.193367,stair_down
1769345300.7761838,-0.456543,-1.056519,-0.431763,3.051759,26.123055,31.738289,stair_down
1769345300.797192,-0.473999,-1.021729,-0.402832,-6.286623,40.832520,41.687012,stair_down
1769345300.8179429,-0.369141,-0.891968,-0.368896,-15.502934,55.847183,54.687515,stair_down
1769345300.8364644,-0.333130,-0.767334,-0.337402,-21.240234,53.710953,53.527847,stair_down
1769345300.8771188,-0.293945,-0.683594,-0.311523,-20.507813,46.264664,59.936539,stair_down
1769345300.8863578,-0.306152,-0.603027,-0.310669,-11.901859,34.240723,54.748550,stair_down
1769345300.893332,-0.389160,-0.670288,-0.304077,2.624512,31.799324,44.250504,stair_down
1769345300.9165742,-0.504883,-0.793091,-0.291138,11.901859,47.180191,31.555183,stair_down
1769345300.9363875,-0.622437,-0.943481,-0.271851,18.981934,75.500488,15.991215,stair_down
1769345300.9563913,-0.633179,-1.078857,-0.235229,4.821777,131.103516,7.812502,stair_down
1769345300.9943192,-0.490234,-0.976807,-0.197144,-5.615236,146.972656,4.333496,stair_down
1769345301.0062382,-0.314697,-0.923950,-0.176392,-5.126953,133.544922,10.925293,stair_down
1769345301.0161955,-0.199341,-0.913086,-0.173828,-7.324221,98.693878,20.507813,stair_down
1769345301.0369153,-0.128662,-0.872192,-0.185791,-10.620117,53.710953,32.409668,stair_down
1769345301.05693,-0.168701,-0.810425,-0.192139,-7.629396,11.840824,41.503906,stair_down
1769345301.0761356,-0.318359,-0.777832,-0.190430,-0.915528,-21.606445,46.630875,stair_down
1769345301.0971978,-0.370239,-0.750244,-0.194946,3.906251,-22.216805,48.645035,stair_down
1769345301.1178854,-0.438721,-0.689941,-0.196167,18.188477,-8.300781,42.602539,stair_down
1769345301.1308963,-0.395508,-0.814087,-0.199951,20.812988,3.356935,54.077164,stair_down
1769345301.1579676,-0.456055,-0.741455,-0.225220,19.531250,17.272949,38.146973,stair_down
1769345301.1764145,-0.440308,-0.761353,-0.249878,31.311043,34.057617,29.113777,stair_down
1769345301.1964402,-0.408447,-0.817871,-0.278687,32.775879,40.832520,20.141602,stair_down
1769345301.2175224,-0.414429,-0.782715,-0.300659,33.081055,52.429214,16.479492,stair_down
1769345301.2365596,-0.356934,-0.818115,-0.314697,31.921394,52.063004,9.887695,stair_down
1769345301.2570307,-0.343018,-0.842651,-0.332153,27.893074,43.518066,3.845216,stair_down
1769345301.2773952,-0.328613,-0.871338,-0.345947,25.146492,34.545898,2.807618,stair_down
1769345301.2984571,-0.296509,-0.904907,-0.330200,21.789551,21.118164,3.479005,stair_down
1769345301.3165116,-0.303833,-0.985962,-0.337280,30.822762,5.126953,-1.892090,stair_down
1769345301.3365085,-0.427368,-1.223633,-0.417603,27.160652,-1.953125,-6.530764,stair_down
1769345301.356536,-0.448730,-1.160522,-0.467773,15.563969,3.173829,-2.075195,stair_down
1769345301.3763812,-0.430054,-1.008301,-0.495728,18.310547,6.591799,2.197266,stair_down
1769345301.395959,-0.444336,-0.945557,-0.522217,24.169930,11.352543,6.652834,stair_down
1769345301.4167404,-0.445557,-0.905029,-0.547485,20.874023,18.188477,13.793949,stair_down
1769345301.4362907,-0.423950,-0.831421,-0.540283,15.502934,23.376472,19.409180,stair_down
1769345301.4574523,-0.392578,-0.790039,-0.498535,11.108402,26.794441,23.559578,stair_down
1769345301.4768467,-0.305786,-0.821289,-0.420166,6.042482,26.550301,26.916512,stair_down
1769345301.4974012,-0.257690,-0.894775,-0.393799,-0.244141,19.897461,32.348633,stair_down
1769345301.5163019,-0.245850,-0.956543,-0.398438,-7.751467,8.483887,41.809082,stair_down
1769345301.5362525,-0.269287,-0.984375,-0.409180,-12.939457,-3.540040,49.682632,stair_down
1769345301.5566788,-0.290894,-1.007568,-0.409058,-15.258793,-7.934572,57.312027,stair_down
1769345301.5766246,-0.295532,-1.011963,-0.421143,-17.395020,-11.291508,60.729996,stair_down
1769345301.5967112,-0.308105,-0.993164,-0.432861,-18.981934,-14.831547,62.622086,stair_down
1769345301.6170588,-0.307983,-0.896240,-0.432251,-19.653320,-20.751953,63.903824,stair_down
1769345301.6363187,-0.297119,-0.827881,-0.408813,-18.798828,-25.146492,63.415543,stair_down
1769345301.656605,-0.281738,-0.747803,-0.371216,-15.869144,-27.954109,58.349625,stair_down
1769345301.676386,-0.284302,-0.702271,-0.338013,-8.789063,-27.465828,53.039566,stair_down
1769345301.6981509,-0.303223,-0.694336,-0.329346,-3.112794,-23.742683,44.982925,stair_down
1769345301.7162971,-0.328979,-0.701050,-0.337891,-0.610352,-15.869144,34.423828,stair_down
1769345301.7379131,-0.348389,-0.701050,-0.344849,0.793457,1.220703,15.625004,stair_down
1769345301.7569144,-0.337280,-0.704102,-0.353760,-0.061035,7.568361,2.197266,stair_down
1769345301.7762604,-0.327271,-0.694458,-0.375488,-0.122070,10.559082,-9.765625,stair_down
1769345301.7982266,-0.317261,-0.676147,-0.389771,2.258301,13.244633,-18.737793,stair_down
1769345301.8177435,-0.319214,-0.662598,-0.401733,5.737307,15.502934,-24.292000,stair_down
1769345301.8375995,-0.324341,-0.641724,-0.405151,6.835939,17.700195,-27.465828,stair_down
1769345301.8569467,-0.314209,-0.602783,-0.405518,6.835939,19.042969,-28.808601,stair_down
1769345301.876264,-0.297729,-0.541016,-0.395264,9.704590,20.019531,-31.066902,stair_down
1769345301.8967738,-0.293213,-0.532227,-0.390625,13.427738,18.737793,-34.545898,stair_down
1769345301.917997,-0.309692,-0.561035,-0.394409,17.333984,17.639160,-40.405273,stair_down
1769345301.9368796,-0.343384,-0.612305,-0.405884,19.592285,18.188477,-47.729507,stair_down
1769345301.957729,-0.377197,-0.672119,-0.424072,21.484375,21.301270,-55.297867,stair_down
1769345301.9764392,-0.400391,-0.723511,-0.438110,21.118164,26.550301,-59.631363,stair_down
1769345301.9974215,-0.399780,-0.725342,-0.449829,18.310547,32.409668,-56.335464,stair_down
1769345302.0167396,-0.397949,-0.701538,-0.456665,17.272949,30.578621,-50.231949,stair_down
1769345302.0369856,-0.379517,-0.678833,-0.444580,17.822266,27.160652,-42.724609,stair_down
1769345302.0562632,-0.376587,-0.682007,-0.434448,20.507813,23.925789,-35.888672,stair_down
1769345302.0780568,-0.377319,-0.721558,-0.438721,20.996094,22.094727,-29.235847,stair_down
1769345302.096389,-0.378784,-0.762329,-0.433960,16.967773,18.066406,-23.193367,stair_down
1769345302.118,-0.371338,-0.760742,-0.423950,10.314941,11.230473,-16.784668,stair_down
1769345302.1373703,-0.410400,-0.836914,-0.429443,24.292000,-0.244141,-16.235352,stair_down
1769345302.159025,-0.512329,-1.115723,-0.492432,42.785645,2.136230,-24.780281,stair_down
1769345302.176666,-0.624390,-1.485962,-0.513428,35.400391,16.967773,-25.451668,stair_down
1769345302.196801,-0.630005,-1.515381,-0.516724,-9.338379,35.156250,-11.535648,stair_down
1769345302.2110903,-0.490601,-1.148438,-0.491455,-32.958984,38.085938,11.047363,stair_down
1769345302.2366304,-0.356445,-0.921875,-0.461792,-22.460945,24.414070,29.541023,stair_down
1769345302.2569895,-0.308105,-0.969971,-0.417847,1.403809,6.652834,48.767105,stair_down
1769345302.2789044,-0.350708,-1.191162,-0.367676,1.586915,0.183106,55.542007,stair_down
1769345302.297459,-0.424316,-1.292603,-0.386108,-2.258301,3.845216,56.701675,stair_down
1769345302.3170166,-0.427246,-1.327393,-0.394897,-17.944336,9.094238,55.664078,stair_down
1769345302.3364613,-0.354004,-1.225952,-0.399536,-32.653809,0.427246,52.551285,stair_down
1769345302.3564048,-0.302246,-1.089600,-0.398438,-40.405273,-19.653320,51.757828,stair_down
1769345302.3668826,-0.261963,-0.940308,-0.385986,-41.015625,-42.297363,51.452652,stair_down
1769345302.394093,-0.287231,-0.801270,-0.362183,-25.878914,-61.584488,52.307144,stair_down
1769345302.4164402,-0.322266,-0.760376,-0.343384,-18.859863,-64.392090,49.804703,stair_down
1769345302.4366539,-0.354858,-0.714966,-0.332520,-14.404301,-60.791031,43.457031,stair_down
1769345302.45656,-0.370117,-0.661499,-0.320313,-12.084965,-52.063004,34.606934,stair_down
1769345302.4765866,-0.377319,-0.599121,-0.305908,-8.850098,-40.649414,24.353035,stair_down
1769345302.4976425,-0.379150,-0.548706,-0.295532,-2.746582,-27.893074,12.390141,stair_down
1769345302.516568,-0.380859,-0.528809,-0.293579,5.126953,-15.075687,-1.464844,stair_down
1769345302.5363693,-0.401611,-0.544067,-0.302246,15.319828,1.525879,-24.292000,stair_down
1769345302.5563798,-0.400024,-0.578613,-0.307129,19.042969,3.906251,-41.198730,stair_down
1769345302.576207,-0.408936,-0.614624,-0.305176,19.775391,1.892090,-54.199234,stair_down
1769345302.5962472,-0.448730,-0.655029,-0.321411,19.287109,-4.272461,-63.232437,stair_down
1769345302.6163743,-0.507813,-0.723145,-0.321167,16.906738,-9.460449,-65.551758,stair_down
1769345302.6365857,-0.547607,-0.778320,-0.289307,9.887695,-9.460449,-60.791031,stair_down
1769345302.6566594,-0.526489,-0.773682,-0.252441,-1.525879,-10.070801,-47.485367,stair_down
1769345302.716616,-0.518311,-0.725098,-0.261230,-5.615236,-14.099125,-34.912109,stair_down
1769345302.725597,-0.524414,-0.659668,-0.278564,-4.943848,-17.517090,-22.460945,stair_down
1769345302.7266133,-0.535034,-0.618896,-0.292969,-1.281738,-20.324707,-12.939457,stair_down
1769345302.7364986,-0.562744,-0.609619,-0.311523,2.380371,-20.629883,-7.385256,stair_down
1769345302.7518353,-0.644653,-0.571533,-0.329590,10.437012,-9.826660,-12.023930,stair_down
1769345302.7778168,-0.597900,-0.679199,-0.323975,8.544922,0.671387,5.065918,stair_down
1769345302.8113177,-0.654175,-0.588867,-0.337646,11.840824,25.817879,-4.821777,stair_down
1769345302.81736,-0.608643,-0.663330,-0.338745,12.207035,39.672852,-3.601075,stair_down
1769345302.836196,-0.585815,-0.649048,-0.356079,9.094238,49.682632,-2.258301,stair_down
1769345302.856504,-0.562378,-0.653320,-0.365234,10.986328,56.701675,0.671387,stair_down
1769345302.877205,-0.527344,-0.713623,-0.341919,16.662598,57.861343,-1.770020,stair_down
1769345302.8972201,-0.553955,-0.907349,-0.347778,34.423828,56.091324,-12.939457,stair_down
1769345302.9163492,-0.731689,-1.385864,-0.445068,39.062500,78.247070,-25.268562,stair_down
1769345302.9367292,-0.750000,-1.498291,-0.493774,8.911133,105.468781,-15.258793,stair_down
1769345302.9562595,-0.570313,-1.237305,-0.500977,-14.221195,114.440948,3.295899,stair_down
1769345302.9772577,-0.384888,-1.027710,-0.499146,-11.779789,96.801788,24.597176,stair_down
1769345302.9976532,-0.275024,-0.980103,-0.482788,-1.037598,64.697266,40.466309,stair_down
1769345303.0169559,-0.250122,-1.087524,-0.458740,7.141115,35.522461,56.396500,stair_down
1769345303.0366678,-0.275146,-1.196899,-0.463989,0.549316,12.390141,69.763184,stair_down
1769345303.0562925,-0.295410,-1.141357,-0.446777,-19.287109,-7.934572,87.402344,stair_down
1769345303.077064,-0.276855,-1.052612,-0.420654,-20.507813,-20.080566,90.332062,stair_down
1769345303.0963697,-0.299194,-1.020752,-0.410522,-20.874023,-30.883797,88.195801,stair_down
1769345303.1162844,-0.351074,-0.959351,-0.426147,-23.315437,-34.423828,83.740234,stair_down
1769345303.1368098,-0.387329,-0.871338,-0.422241,-20.812988,-30.944832,76.354980,stair_down
1769345303.1566277,-0.398193,-0.807617,-0.391479,-16.479492,-22.521980,69.274902,stair_down
1769345303.1765223,-0.376465,-0.751099,-0.372314,-13.183598,-13.854984,60.607925,stair_down
1769345303.1962478,-0.354736,-0.678467,-0.366821,-4.577637,-1.464844,44.799820,stair_down
1769345303.2167614,-0.342407,-0.677979,-0.351563,2.563477,5.065918,33.508301,stair_down
1769345303.2361794,-0.341309,-0.699219,-0.336182,5.554201,9.948730,20.996094,stair_down
1769345303.2567482,-0.330200,-0.707886,-0.339233,5.737307,12.573246,8.666992,stair_down
1769345303.2766347,-0.327271,-0.709473,-0.359253,7.324221,13.244633,-1.647950,stair_down
1769345303.29631,-0.330444,-0.713135,-0.380859,8.605957,13.427738,-9.765625,stair_down
1769345303.3166492,-0.346558,-0.667358,-0.412476,14.892582,13.916019,-21.789551,stair_down
1769345303.3350546,-0.371948,-0.657959,-0.426758,22.827156,19.104004,-27.221687,stair_down
1769345303.3566456,-0.379028,-0.655518,-0.436157,27.893074,27.038582,-29.541023,stair_down
1769345303.3763473,-0.377075,-0.647949,-0.443359,31.677254,34.606934,-33.386230,stair_down
1769345303.3964741,-0.367554,-0.678711,-0.449097,35.888672,39.794922,-41.015625,stair_down
1769345303.4163392,-0.366821,-0.748657,-0.456421,37.109375,41.503906,-50.598160,stair_down
1769345303.4374764,-0.378906,-0.820923,-0.476074,34.667969,41.931152,-57.922379,stair_down
1769345303.457235,-0.394043,-0.890625,-0.507813,27.771004,41.870117,-62.683121,stair_down
1769345303.4772332,-0.384766,-0.930786,-0.502075,26.916512,37.109375,-63.720718,stair_down
1769345303.496482,-0.395264,-1.045288,-0.513184,31.066902,30.151375,-67.504883,stair_down
1769345303.5163949,-0.417358,-1.168457,-0.516602,20.446777,24.719246,-63.476578,stair_down
1769345303.5362117,-0.425659,-1.124512,-0.508667,4.150391,19.226074,-53.588882,stair_down
1769345303.557552,-0.419556,-1.028198,-0.502075,-0.915528,12.512211,-45.227066,stair_down
1769345303.5858665,-0.396118,-0.957642,-0.466553,-8.422852,-0.427246,-29.785164,stair_down
1769345303.5964649,-0.384033,-0.881836,-0.460693,-9.643555,-7.446291,-18.981934,stair_down
1769345303.6170826,-0.391968,-0.827271,-0.455811,-5.187988,-13.244633,-10.559082,stair_down
1769345303.6372101,-0.419800,-0.821899,-0.462402,-0.427246,-17.211914,-4.699707,stair_down
1769345303.6568413,-0.457275,-0.831299,-0.466919,-0.244141,-16.784668,-1.770020,stair_down
1769345303.676536,-0.486694,-0.808716,-0.460693,-3.906251,-10.925293,-0.305176,stair_down
1769345303.7203653,-0.510132,-0.762329,-0.445923,-6.164553,-0.549316,0.122070,stair_down
1769345303.7203653,-0.531250,-0.702393,-0.406494,-6.591799,22.460945,3.051759,stair_down
1769345303.72662,-0.512695,-0.685059,-0.373413,-4.150391,37.841797,5.798342,stair_down
1769345303.7963572,-0.497070,-0.730347,-0.348389,0.854492,48.645035,6.530764,stair_down
1769345303.8240511,-0.503906,-0.826050,-0.331299,1.892090,56.762711,6.591799,stair_down
1769345303.8265958,-0.500366,-0.900391,-0.315063,0.122070,61.340347,7.690432,stair_down
1769345303.8306363,-0.497314,-0.953979,-0.295654,-2.197266,63.903824,11.352543,stair_down
1769345303.836488,-0.486938,-0.979248,-0.274048,-5.187988,64.697266,22.338875,stair_down
1769345303.8564065,-0.440552,-0.962280,-0.243896,-7.507326,59.875504,32.165527,stair_down
1769345303.8778436,-0.393188,-0.929932,-0.236084,-6.713869,51.208511,41.992188,stair_down
1769345303.8962839,-0.360352,-0.897339,-0.229736,-3.234864,38.635254,51.635757,stair_down
1769345303.9563258,-0.350464,-0.873779,-0.225464,1.708985,25.878914,59.448257,stair_down
1769345303.990449,-0.348755,-0.860352,-0.225708,7.568361,14.892582,64.880371,stair_down
1769345303.990449,-0.405273,-0.821411,-0.217407,17.822266,10.192871,66.711426,stair_down
1769345303.990449,-0.373291,-0.841064,-0.192871,19.042969,6.408693,74.096680,stair_down
1769345303.996475,-0.412598,-0.778809,-0.194702,26.062019,11.596684,66.955566,stair_down
1769345304.0185764,-0.394287,-0.821167,-0.193115,35.827637,18.310547,63.781754,stair_down
1769345304.036506,-0.431641,-0.834106,-0.208740,36.743164,28.137215,56.701675,stair_down
1769345304.0565064,-0.433838,-0.814087,-0.235229,40.405273,37.841797,46.875015,stair_down
1769345304.0763917,-0.433960,-0.820801,-0.255615,41.870117,46.997086,39.184570,stair_down
1769345304.0965269,-0.424561,-0.798218,-0.267822,41.931152,57.373062,33.447266,stair_down
1769345304.116717,-0.390015,-0.770264,-0.302856,42.846680,69.763184,26.855476,stair_down
1769345304.1376915,-0.368164,-0.773315,-0.337036,43.212891,72.753906,22.399910,stair_down
1769345304.1563034,-0.345337,-0.802612,-0.353516,43.273926,69.702148,18.676758,stair_down
1769345304.1780841,-0.325806,-0.847290,-0.370483,41.503906,62.866226,16.235352,stair_down
1769345304.196257,-0.320801,-0.887085,-0.390381,37.414551,54.260269,15.441898,stair_down
1769345304.2161705,-0.312378,-0.904297,-0.409912,31.616219,44.433609,14.770512,stair_down
1769345304.2363188,-0.316040,-0.955444,-0.430176,33.935547,25.939949,7.446291,stair_down
1769345304.2565765,-0.375977,-1.077148,-0.445557,30.761726,20.446777,2.563477,stair_down
1769345304.2761738,-0.400024,-1.058472,-0.443359,15.075687,22.033691,2.990724,stair_down
1769345304.2961938,-0.377319,-0.918457,-0.431152,8.239746,22.216805,4.455566,stair_down
1769345304.3310795,-0.362915,-0.845459,-0.412109,10.864258,20.019531,6.164553,stair_down
1769345304.3363755,-0.378540,-0.862183,-0.410889,17.883301,21.240234,3.356935,stair_down
1769345304.3564255,-0.403809,-0.970947,-0.423096,16.967773,25.634773,1.098633,stair_down
1769345304.37653,-0.410767,-0.984131,-0.430786,1.464844,32.409668,-2.258301,stair_down
1769345304.3965244,-0.375244,-0.943481,-0.417480,-5.554201,31.372078,-2.136230,stair_down
1769345304.4162962,-0.326172,-0.908081,-0.402344,-11.291508,23.437508,2.075195,stair_down
1769345304.4363906,-0.277710,-0.853271,-0.383667,-16.723633,10.253906,9.033203,stair_down
1769345304.456641,-0.274292,-0.798340,-0.339355,-19.653320,-5.554201,20.385742,stair_down
1769345304.4768565,-0.296265,-0.724487,-0.326538,-6.958010,-11.535648,25.756844,stair_down
1769345304.4965277,-0.302734,-0.819458,-0.292114,-15.014652,-20.141602,28.747566,stair_down
1769345304.516358,-0.370850,-0.753052,-0.288452,-0.061035,-14.770512,23.193367,stair_down
1769345304.53616,-0.386841,-0.890137,-0.285400,8.300781,-7.324221,25.085457,stair_down
1769345304.5575001,-0.420776,-0.930298,-0.303955,8.605957,2.197266,25.390633,stair_down
1769345304.5779104,-0.413452,-0.941528,-0.325928,12.573246,11.474613,24.414070,stair_down
1769345304.596898,-0.383301,-0.967896,-0.353882,15.502934,15.136723,22.521980,stair_down
1769345304.616605,-0.366821,-0.966675,-0.367554,14.587406,14.587406,20.080566,stair_down
1769345304.6368985,-0.336426,-0.886353,-0.380127,14.526371,9.094238,20.629883,stair_down
1769345304.656576,-0.338501,-0.835449,-0.388794,14.648441,6.530764,22.827156,stair_down
1769345304.6778038,-0.340942,-0.793335,-0.392090,14.587406,6.408693,22.521980,stair_down
1769345304.6964462,-0.339722,-0.767944,-0.392822,13.549809,7.629396,19.104004,stair_down
1769345304.7167478,-0.338867,-0.755493,-0.400635,11.962894,9.399414,14.038090,stair_down
1769345304.7362323,-0.347290,-0.764160,-0.415039,11.352543,11.901859,6.896975,stair_down
1769345304.7570653,-0.349609,-0.786865,-0.436401,10.009766,15.258793,-1.342773,stair_down
1769345304.7766573,-0.396729,-0.744995,-0.460205,3.112794,21.179199,-20.324707,stair_down
1769345304.7966268,-0.341309,-0.820679,-0.459106,15.625004,24.902351,-13.305668,stair_down
1769345304.8168948,-0.354004,-0.844482,-0.451172,6.774904,25.085457,-14.953617,stair_down
1769345304.8267787,-0.347290,-0.784912,-0.460938,9.643555,26.489265,-15.625004,stair_down
1769345304.8564198,-0.333374,-0.799927,-0.456543,11.474613,24.963387,-20.507813,stair_down
1769345304.8765092,-0.322388,-0.803711,-0.446045,9.094238,20.385742,-21.545410,stair_down
1769345304.896496,-0.323120,-0.771973,-0.431030,5.493164,11.291508,-23.254402,stair_down
1769345304.91716,-0.330078,-0.761108,-0.429932,4.699707,5.859377,-24.475105,stair_down
1769345304.93958,-0.350952,-0.761719,-0.424072,5.249023,1.525879,-27.038582,stair_down
1769345304.956476,-0.381104,-0.785034,-0.424683,6.591799,0.610352,-31.005867,stair_down
1769345304.9768398,-0.407837,-0.828613,-0.430054,6.347658,2.441406,-34.667969,stair_down
1769345304.997728,-0.424194,-0.858765,-0.425781,3.173829,6.042482,-36.499023,stair_down
1769345305.016139,-0.417480,-0.864868,-0.426636,0.122070,8.178711,-36.010742,stair_down
1769345305.0364127,-0.409058,-0.866089,-0.433350,-2.563477,5.065918,-30.761726,stair_down
1769345305.056364,-0.393433,-0.857910,-0.437012,-3.845216,1.464844,-23.559578,stair_down
1769345305.0766091,-0.387817,-0.838379,-0.437866,-3.356935,-3.479005,-15.808109,stair_down
1769345305.098963,-0.403320,-0.853149,-0.438843,2.685547,-7.934572,-12.023930,stair_down
1769345305.1434164,-0.445435,-0.946777,-0.456177,4.333496,-8.361816,-11.047363,stair_down
1769345305.1434164,-0.468750,-0.956177,-0.455933,-3.845216,-5.310059,-6.103518,stair_down
1769345305.15642,-0.478271,-0.895630,-0.447754,-1.403809,1.647950,-3.906251,stair_down
1769345305.178113,-0.495483,-0.925293,-0.449707,-2.441406,8.300781,-1.770020,stair_down
1769345305.1971202,-0.483643,-0.888794,-0.446411,-5.004883,16.296387,2.746582,stair_down
1769345305.2164702,-0.447021,-0.862671,-0.430664,-3.906251,17.150879,7.812502,stair_down
1769345305.2363577,-0.439331,-0.856812,-0.404541,-4.821777,17.028809,15.686039,stair_down
1769345305.2553647,-0.420898,-0.834229,-0.397461,-2.929688,18.737793,24.169930,stair_down
1769345305.2717261,-0.425415,-0.848511,-0.394897,1.403809,20.874023,31.250008,stair_down
1769345305.2957919,-0.416992,-0.882690,-0.383667,2.197266,25.451668,40.771484,stair_down
1769345305.310703,-0.409424,-0.885010,-0.369629,3.234864,27.954109,44.311539,stair_down
1769345305.3465388,-0.408691,-0.889282,-0.361816,3.295899,31.982430,47.973648,stair_down
1769345305.3506186,-0.394409,-0.865723,-0.352661,2.380371,35.888672,51.940933,stair_down
1769345305.3757129,-0.365356,-0.829346,-0.340942,3.601075,37.780762,54.992691,stair_down
1769345305.3964474,-0.347290,-0.819458,-0.320801,5.615236,36.804199,56.457535,stair_down
1769345305.4161804,-0.341309,-0.817749,-0.313843,6.347658,35.949707,55.725113,stair_down
1769345305.4344907,-0.330322,-0.821045,-0.298218,6.958010,34.362793,52.246109,stair_down
1769345305.4569867,-0.326050,-0.816772,-0.288574,7.141115,33.386230,49.072281,stair_down
1769345305.476609,-0.324951,-0.824951,-0.276489,8.972168,31.921394,43.823242,stair_down
1769345305.4971209,-0.336182,-0.846558,-0.269287,10.498047,31.372078,36.987305,stair_down
1769345305.517585,-0.349854,-0.870483,-0.268188,12.146000,32.409668,28.747566,stair_down
1769345305.536315,-0.369141,-0.899902,-0.270752,14.831547,34.545898,19.042969,stair_down
1769345305.556287,-0.371704,-0.943726,-0.274780,14.465336,37.292480,6.896975,stair_down
1769345305.5775867,-0.347046,-0.919556,-0.274536,12.084965,34.790039,2.929688,stair_down
1769345305.5976174,-0.320679,-0.875000,-0.267212,12.878422,28.503426,1.403809,stair_down
1769345305.6176991,-0.308105,-0.843384,-0.268188,14.831547,19.165039,1.953125,stair_down
1769345305.636367,-0.308594,-0.817139,-0.282104,16.906738,11.108402,3.051759,stair_down
1769345305.6565309,-0.325684,-0.793213,-0.296753,19.958496,6.958010,3.356935,stair_down
1769345305.6779063,-0.345825,-0.787720,-0.310303,21.545410,6.347658,1.708985,stair_down
1769345305.6978428,-0.344849,-0.767700,-0.334351,22.644051,8.117676,-3.051759,stair_down
1769345305.7178314,-0.347534,-0.760254,-0.352417,24.597176,9.277344,-7.507326,stair_down
1769345305.7363224,-0.357300,-0.775024,-0.366211,26.611336,10.681152,-12.512211,stair_down
1769345305.7566493,-0.368530,-0.802246,-0.374878,26.977547,12.451176,-18.493652,stair_down
1769345305.777166,-0.384644,-0.822266,-0.390747,25.329597,15.014652,-24.475105,stair_down
1769345305.797652,-0.398438,-0.837769,-0.408447,23.376472,18.066406,-30.822762,stair_down
1769345305.8181374,-0.406860,-0.860474,-0.427246,19.287109,22.338875,-37.536621,stair_down
1769345305.8377903,-0.400146,-0.857666,-0.440430,15.258793,22.766121,-39.062500,stair_down
1769345305.858147,-0.385742,-0.840942,-0.444946,12.512211,19.592285,-38.818359,stair_down
1769345305.8765168,-0.369995,-0.835815,-0.440552,10.986328,14.831547,-38.085938,stair_down
1769345305.9180996,-0.373169,-0.849976,-0.434448,9.887695,10.070801,-37.109375,stair_down
1769345305.9180996,-0.379272,-0.882202,-0.427612,6.835939,5.004883,-35.644531,stair_down
1769345305.9338102,-0.395874,-0.897095,-0.412231,1.708985,0.732422,-34.240723,stair_down
1769345306.0065618,-0.415527,-0.901611,-0.385254,-1.159668,-1.159668,-33.142090,stair_down
1769345306.018425,-0.445679,-0.989502,-0.387085,5.065918,0.976563,-34.667969,stair_down
1769345306.018425,-0.476440,-1.095459,-0.389893,1.342773,4.577637,-33.081055,stair_down
1769345306.018425,-0.474121,-1.074951,-0.392578,-8.178711,7.995607,-26.672371,stair_down
1769345306.0363932,-0.447510,-0.979126,-0.404907,-12.084965,10.009766,-18.066406,stair_down
1769345306.0565746,-0.419312,-0.912476,-0.410522,-8.056641,6.774904,-8.850098,stair_down
1769345306.0769932,-0.418091,-0.916870,-0.415894,0.488281,4.760742,3.540040,stair_down
1769345306.0965388,-0.442505,-0.993774,-0.403320,1.647950,8.544922,11.718754,stair_down
1769345306.1566508,-0.411011,-0.980347,-0.391479,-4.699707,10.681152,19.592285,stair_down
1769345306.1966355,-0.359375,-0.937988,-0.379517,-9.277344,7.385256,29.296883,stair_down
1769345306.2017066,-0.314941,-0.905029,-0.366211,-11.352543,0.122070,40.954590,stair_down
1769345306.2017066,-0.290527,-0.887573,-0.344116,-13.671879,-10.009766,53.161636,stair_down
1769345306.2017066,-0.295044,-0.866699,-0.310303,-15.930180,-19.897461,64.208984,stair_down
1769345306.216316,-0.288940,-0.857300,-0.276489,-14.282230,-26.245125,72.143555,stair_down
1769345306.23696,-0.280762,-0.892700,-0.272461,-11.413578,-24.902351,76.965332,stair_down
1769345306.2566893,-0.295166,-0.917480,-0.277222,-11.352543,-22.033691,81.054688,stair_down
1769345306.2762682,-0.308350,-0.909912,-0.292725,-8.361816,-19.042969,77.636719,stair_down
1769345306.2961807,-0.317383,-0.965454,-0.302246,-6.713869,-12.634281,83.190918,stair_down
1769345306.3163295,-0.300171,-0.955811,-0.337280,-7.324221,-8.483887,76.721191,stair_down
1769345306.3373427,-0.314331,-0.954712,-0.367554,-6.225588,-2.624512,74.523926,stair_down
1769345306.3574924,-0.317261,-0.914185,-0.406372,-1.525879,9.643555,65.185547,stair_down
1769345306.377119,-0.304565,-0.886963,-0.419678,0.183106,17.578125,58.654800,stair_down
1769345306.3967836,-0.278687,-0.837891,-0.426880,0.488281,25.024422,50.842300,stair_down
1769345306.4172907,-0.255249,-0.804443,-0.442261,1.403809,29.785164,41.442871,stair_down
1769345306.4364364,-0.232544,-0.794922,-0.460449,0.793457,31.250008,29.479988,stair_down
1769345306.4580603,-0.208008,-0.792236,-0.469238,-2.380371,27.404793,17.456055,stair_down
1769345306.4763412,-0.167725,-0.775024,-0.473755,-7.141115,11.718754,0.000000,stair_down
1769345306.4970355,-0.180420,-0.773438,-0.475952,-7.019045,0.183106,-10.986328,stair_down
1769345306.5166707,-0.223267,-0.777588,-0.464722,-6.958010,-4.272461,-20.812988,stair_down
1769345306.5364227,-0.226563,-0.768555,-0.460449,-5.126953,-7.385256,-30.456551,stair_down
1769345306.557024,-0.257568,-0.762573,-0.452148,-0.305176,-6.347658,-39.489746,stair_down
1769345306.5777662,-0.261963,-0.785156,-0.443237,6.042482,-3.295899,-44.677750,stair_down
1769345306.5966277,-0.300171,-0.812012,-0.434326,6.958010,1.220703,-50.415054,stair_down
1769345306.6169422,-0.310791,-0.817505,-0.430176,7.324221,8.422852,-62.744156,stair_down
1769345306.6370828,-0.307251,-0.824585,-0.424805,8.056641,8.178711,-70.007324,stair_down
1769345306.6562955,-0.310303,-0.839233,-0.416016,8.544922,6.591799,-73.425293,stair_down
1769345306.6778977,-0.324463,-0.852295,-0.406006,7.873537,4.272461,-73.852539,stair_down
1769345306.6978261,-0.326294,-0.864502,-0.411377,6.225588,0.305176,-74.584961,stair_down
1769345306.706457,-0.347900,-0.869751,-0.395020,4.760742,-4.638672,-73.120117,stair_down
1769345306.7372944,-0.367432,-0.871704,-0.391724,3.051759,-6.591799,-70.861816,stair_down
1769345306.7564957,-0.375122,-0.892578,-0.387207,3.540040,-7.629396,-66.650391,stair_down
1769345306.7764635,-0.389038,-0.903564,-0.389404,2.380371,-7.080080,-60.791031,stair_down
1769345306.7963486,-0.396240,-0.904785,-0.411011,1.098633,-8.239746,-54.870621,stair_down
1769345306.8165586,-0.392456,-0.912476,-0.408569,-0.183106,-12.268070,-48.278824,stair_down
1769345306.8377316,-0.411987,-0.893188,-0.413086,-2.258301,-12.268070,-39.733887,stair_down
1769345306.8564365,-0.401733,-0.869995,-0.425903,-0.915528,-13.549809,-31.555183,stair_down
1769345306.8765147,-0.399048,-0.860474,-0.424072,-0.549316,-13.122562,-18.249512,stair_down
1769345306.8962593,-0.393921,-0.829712,-0.434082,-0.122070,-14.465336,-9.826660,stair_down
1769345306.916485,-0.381714,-0.829224,-0.433228,0.183106,-17.761230,-3.845216,stair_down
1769345306.937158,-0.414063,-0.809448,-0.428467,-1.708985,-15.380863,3.234864,stair_down
1769345306.9570184,-0.397949,-0.790039,-0.444702,0.427246,-13.732914,6.591799,stair_down
1769345306.977328,-0.411133,-0.799072,-0.441650,3.051759,-9.094238,10.070801,stair_down
1769345306.99691,-0.409790,-0.796021,-0.438843,4.821777,-2.563477,13.183598,stair_down
1769345307.0365355,-0.401367,-0.826416,-0.457031,6.896975,2.502441,15.319828,stair_down
1769345307.0365355,-0.407837,-0.839844,-0.441528,4.028320,6.713869,17.761230,stair_down
1769345307.0563612,-0.374756,-0.832153,-0.451050,4.333496,6.958010,20.202637,stair_down
1769345307.0762122,-0.376953,-0.854248,-0.436523,4.516602,6.896975,25.329597,stair_down
1769345307.09669,-0.355347,-0.854736,-0.433472,3.112794,6.713869,30.883797,stair_down
1769345307.1169298,-0.346436,-0.858521,-0.431030,3.723145,3.051759,35.705566,stair_down
1769345307.1363041,-0.353271,-0.858032,-0.424194,1.281738,1.220703,40.588379,stair_down
1769345307.1569245,-0.342651,-0.841797,-0.416504,1.281738,0.854492,43.823242,stair_down
1769345307.1767251,-0.338379,-0.826416,-0.411255,0.854492,1.159668,46.630875,stair_down
1769345307.1962166,-0.330688,-0.805054,-0.403931,0.671387,0.793457,48.034683,stair_down
1769345307.2162066,-0.328613,-0.789917,-0.401978,0.610352,0.305176,47.729507,stair_down
1769345307.2363548,-0.335449,-0.774292,-0.400513,0.183106,1.647950,45.837418,stair_down
1769345307.2564902,-0.327148,-0.759155,-0.401245,0.793457,3.662110,43.579102,stair_down
1769345307.2767193,-0.318481,-0.746704,-0.401123,1.037598,3.479005,38.574219,stair_down
1769345307.2970812,-0.322266,-0.748657,-0.393555,1.525879,5.371094,35.827637,stair_down
1769345307.316134,-0.315186,-0.742310,-0.406494,1.464844,7.385256,31.921394,stair_down
1769345307.3366337,-0.314209,-0.752319,-0.412598,4.577637,7.568361,26.184090,stair_down
1769345307.3569953,-0.323486,-0.781372,-0.419922,6.225588,9.948730,19.775391,stair_down
1769345307.3765678,-0.323975,-0.790771,-0.437988,6.591799,13.610844,14.831547,stair_down
1769345307.3970363,-0.318237,-0.783081,-0.460815,8.483887,20.446777,9.643555,stair_down
1769345307.4175231,-0.294678,-0.771851,-0.472778,8.361816,22.033691,6.774904,stair_down
1769345307.4362574,-0.275879,-0.750122,-0.483398,8.300781,19.165039,3.906251,stair_down
1769345307.4575245,-0.270264,-0.734009,-0.488525,7.934572,14.099125,0.305176,stair_down
1769345307.477174,-0.270630,-0.725708,-0.485474,6.652834,8.666992,-3.234864,stair_down
1769345307.497729,-0.274902,-0.718872,-0.475708,4.699707,3.051759,-6.958010,stair_down
1769345307.5178182,-0.283203,-0.712769,-0.465332,2.441406,-1.525879,-11.291508,stair_down
1769345307.5385833,-0.299561,-0.700073,-0.455322,1.770020,-1.342773,-13.061527,stair_down
1769345307.5578613,-0.302490,-0.690186,-0.452026,2.746582,-1.464844,-15.197758,stair_down
1769345307.576401,-0.311890,-0.689941,-0.445801,3.906251,-1.464844,-16.784668,stair_down
1769345307.5965137,-0.318237,-0.679321,-0.444336,4.333496,-0.671387,-17.944336,stair_down
1769345307.616296,-0.332397,-0.668213,-0.443237,5.920412,1.220703,-19.042969,stair_down
1769345307.6364543,-0.342651,-0.669434,-0.445190,7.568361,4.333496,-20.629883,stair_down
1769345307.6577494,-0.340820,-0.685913,-0.436768,10.253906,7.751467,-24.292000,stair_down
1769345307.6775203,-0.360229,-0.775391,-0.441650,19.897461,7.324221,-33.447266,stair_down
1769345307.698265,-0.425415,-0.973633,-0.455933,29.541023,9.887695,-47.424332,stair_down
1769345307.717841,-0.494995,-1.233765,-0.455444,33.935547,19.958496,-59.692398,stair_down
1769345307.736859,-0.540771,-1.407104,-0.447144,19.042969,37.841797,-59.265152,stair_down
1769345307.757372,-0.490356,-1.323853,-0.465942,-3.723145,49.743668,-41.564941,stair_down
1769345307.7767806,-0.300415,-1.130493,-0.408691,-13.000492,36.071777,-3.662110,stair_down
1769345307.797614,-0.167480,-1.031860,-0.342041,-5.065918,5.737307,12.023930,stair_down
1769345307.81673,-0.194092,-1.201172,-0.326172,4.943848,-28.930672,16.296387,stair_down
1769345307.8372016,-0.311890,-1.407471,-0.350586,-5.004883,-50.231949,17.944336,stair_down
1769345307.8580704,-0.367798,-1.380981,-0.356689,-31.616219,-55.480972,23.864754,stair_down
1769345307.8764014,-0.353882,-1.139771,-0.324097,-43.701172,-58.654800,26.855476,stair_down
1769345307.8975072,-0.326538,-0.963013,-0.274048,-40.832520,-63.537613,25.390633,stair_down
1769345307.9168508,-0.310791,-0.799683,-0.232300,-34.790039,-72.692871,27.404793,stair_down
1769345307.93647,-0.347534,-0.704956,-0.223999,-29.174812,-72.509766,26.428230,stair_down
1769345307.9576905,-0.389771,-0.649658,-0.234375,-19.104004,-62.377945,21.789551,stair_down
1769345307.9762015,-0.424805,-0.641968,-0.253906,-8.544922,-44.311539,11.474613,stair_down
1769345307.9981039,-0.435913,-0.655273,-0.265625,-0.305176,-23.925789,-1.770020,stair_down
1769345308.0191727,-0.431885,-0.675171,-0.269531,6.347658,-5.859377,-15.014652,stair_down
1769345308.0361514,-0.422119,-0.703369,-0.270386,11.047363,8.728027,-25.390633,stair_down
1769345308.070175,-0.408203,-0.742310,-0.283203,16.845703,23.803719,-36.560059,stair_down
1769345308.3136387,-0.396240,-0.938843,-0.330200,19.775391,17.639160,-21.301270,stair_down
1769345308.3136387,-0.394409,-0.936157,-0.345215,19.714355,11.047363,-12.573246,stair_down
1769345308.3136387,-0.395630,-0.921265,-0.353882,17.272949,5.249023,-4.821777,stair_down
1769345308.3166523,-0.405518,-0.900146,-0.362793,14.770512,3.234864,2.197266,stair_down
1769345308.3400552,-0.415649,-0.881104,-0.369385,11.108402,5.981447,7.263186,stair_down
1769345308.3410778,-0.402954,-0.851685,-0.379028,6.835939,9.460449,10.559082,stair_down
1769345308.3410778,-0.369751,-0.799683,-0.388184,0.305176,9.765625,13.916019,stair_down
1769345308.3419373,-0.350464,-0.769165,-0.386108,-2.746582,5.615236,15.075687,stair_down
1769345308.3564842,-0.348999,-0.738281,-0.373657,-5.981447,2.075195,16.113281,stair_down
1769345308.376301,-0.346680,-0.714600,-0.362793,-7.507326,-0.183106,15.930180,stair_down
1769345308.4365964,-0.345581,-0.706299,-0.346313,-8.728027,-1.708985,15.930180,stair_down
1769345308.4591956,-0.361938,-0.714478,-0.325562,-10.314941,-2.014160,15.441898,stair_down
1769345308.4894972,-0.382202,-0.708008,-0.306030,-10.864258,-0.610352,13.671879,stair_down
1769345308.4904332,-0.386353,-0.718384,-0.282349,-9.399414,3.051759,12.573246,stair_down
1769345308.4904332,-0.356079,-0.721802,-0.250244,-6.896975,6.042482,12.146000,stair_down
1769345308.49725,-0.367065,-0.741089,-0.239380,-3.967286,6.347658,7.568361,stair_down
1769345308.517886,-0.365479,-0.743286,-0.237549,-4.699707,10.009766,2.197266,stair_down
1769345308.5384417,-0.336792,-0.705566,-0.201538,-5.676271,15.502934,0.488281,stair_down
1769345308.5863233,-0.289551,-0.666260,-0.175293,-2.075195,19.409180,-3.906251,stair_down
1769345308.5965576,-0.213745,-0.706177,-0.185669,5.676271,6.835939,-18.493652,stair_down
1769345308.5965576,-0.231445,-0.756104,-0.187500,4.516602,-0.793457,-27.038582,stair_down
1769345308.6188123,-0.204102,-0.817139,-0.137329,10.864258,-5.493164,-38.085938,stair_down
1769345308.6372123,-0.227783,-1.062744,-0.133423,28.625496,-11.535648,-55.908218,stair_down
1769345308.6633668,-0.309204,-1.389404,-0.206665,27.038582,-11.108402,-65.795898,stair_down
1769345308.9291034,-0.396973,-1.383545,-0.523071,33.203125,-68.786621,-5.920412,stair_down
1769345308.9291034,-0.390625,-1.469604,-0.587646,16.357422,-54.138199,2.502441,stair_down
1769345308.9291034,-0.377686,-1.317383,-0.650879,6.042482,-43.212891,14.404301,stair_down
1769345308.931118,-0.305298,-1.132690,-0.659424,5.981447,-31.005867,21.057129,stair_down
1769345308.931118,-0.248169,-1.049072,-0.563843,13.244633,-20.385742,30.761726,stair_down
1769345308.931118,-0.240723,-0.989258,-0.493042,3.112794,-12.207035,32.714844,stair_down
1769345308.931118,-0.164795,-0.889404,-0.421021,-1.037598,-2.868653,26.062019,stair_down
1769345308.931118,-0.169922,-0.892456,-0.352051,-9.338379,-1.831055,15.686039,stair_down
1769345308.931118,-0.135620,-0.810303,-0.304199,-10.131836,-4.882813,10.192871,stair_down
1769345308.938649,-0.168701,-0.797119,-0.231445,-4.943848,-9.765625,8.911133,stair_down
1769345308.9665682,-0.180664,-0.825806,-0.188110,-2.136230,-15.075687,9.460449,stair_down
1769345308.9763203,-0.216919,-0.815552,-0.146362,1.464844,-21.789551,13.061527,stair_down
1769345308.9982538,-0.274170,-0.798584,-0.138184,5.249023,-15.075687,11.108402,stair_down
1769345309.0187407,-0.287109,-0.784546,-0.134399,5.981447,-9.704590,12.390141,stair_down
1769345309.0384855,-0.333252,-0.751099,-0.160522,11.108402,0.244141,11.779789,stair_down
1769345309.0570312,-0.323120,-0.751343,-0.196411,9.399414,13.488773,6.713869,stair_down
1769345309.0763388,-0.269775,-0.749756,-0.234009,8.666992,26.245125,8.483887,stair_down
1769345309.0966253,-0.243652,-0.710205,-0.254150,10.009766,36.621094,11.657719,stair_down
1769345309.117522,-0.178101,-0.695557,-0.257935,10.192871,30.029305,9.277344,stair_down
1769345309.1366484,-0.145508,-0.728271,-0.273560,12.939457,11.535648,4.211426,stair_down
1769345309.1586437,-0.230591,-0.768066,-0.230469,12.512211,-1.403809,2.502441,stair_down
1769345309.176909,-0.326294,-0.803955,-0.203613,10.192871,3.112794,1.464844,stair_down
1769345309.1967273,-0.349976,-0.809326,-0.225464,9.155273,12.939457,0.183106,stair_down
1769345309.2165267,-0.330322,-0.830811,-0.231323,10.681152,17.028809,0.793457,stair_down
1769345309.2403305,-0.306030,-0.844482,-0.251343,11.718754,9.765625,5.859377,stair_down
1769345309.2586846,-0.337158,-0.831177,-0.258301,12.817387,6.835939,11.169437,stair_down
1769345309.276286,-0.348755,-0.825317,-0.267578,15.136723,9.582520,14.770512,stair_down
1769345309.298055,-0.328491,-0.840210,-0.280273,16.479492,12.329105,14.831547,stair_down
1769345309.3164232,-0.318237,-0.832764,-0.302734,14.953617,13.916019,13.366703,stair_down
1769345309.338674,-0.307617,-0.800171,-0.335449,13.305668,12.084965,11.413578,stair_down
1769345309.3589017,-0.302002,-0.777954,-0.371338,12.695316,2.258301,10.070801,stair_down
1769345309.3765647,-0.359009,-0.775146,-0.378174,10.437012,-2.441406,10.437012,stair_down
1769345309.3975022,-0.398560,-0.820679,-0.364624,9.826660,-1.831055,7.751467,stair_down
1769345309.416379,-0.403809,-0.962524,-0.346313,9.094238,0.366211,2.014160,stair_down
1769345309.4382944,-0.429077,-1.141479,-0.339233,4.333496,1.342773,-4.760742,stair_down
1769345309.4573781,-0.467651,-1.278564,-0.306274,-3.601075,2.929688,-8.850098,stair_down
1769345309.4774632,-0.481079,-1.304443,-0.279785,-14.953617,8.483887,-5.859377,stair_down
1769345309.4978242,-0.414185,-1.192871,-0.234863,-18.859863,10.803223,8.544922,stair_down
1769345309.5176778,-0.333252,-1.107788,-0.172119,-16.601563,8.422852,22.949226,stair_down
1769345309.5384362,-0.264893,-1.060669,-0.121460,-9.460449,4.760742,31.982430,stair_down
1769345309.5569837,-0.183838,-1.151245,-0.095215,-3.723145,0.854492,29.663094,stair_down
1769345309.5764587,-0.166016,-1.241699,-0.132446,-4.638672,-4.638672,16.174316,stair_down
1769345309.5966384,-0.208252,-1.259155,-0.217285,-13.061527,-20.690918,3.112794,stair_down
1769345309.6169884,-0.311768,-1.168335,-0.255005,-18.859863,-39.306641,-2.990724,stair_down
1769345309.63713,-0.448486,-1.022705,-0.151123,-21.911621,-46.569839,-2.563477,stair_down
1769345309.6572886,-0.477905,-0.917114,-0.098389,-20.324707,-33.752441,1.342773,stair_down
1769345309.6765792,-0.420898,-0.803589,-0.130249,-16.418457,-22.338875,-0.671387,stair_down
1769345309.6971943,-0.382568,-0.750366,-0.158325,-7.141115,-15.930180,-3.234864,stair_down
1769345309.7186568,-0.373047,-0.753540,-0.178223,-2.014160,-12.268070,-6.469728,stair_down
1769345309.7371778,-0.392822,-0.757690,-0.187378,-1.220703,-8.850098,-9.521484,stair_down
1769345309.7585874,-0.402588,-0.736938,-0.198608,-1.220703,1.037598,-14.282230,stair_down
1769345309.8393047,-0.408691,-0.742554,-0.194092,-2.563477,8.911133,-16.967773,stair_down
1769345309.8393047,-0.428833,-0.764771,-0.189331,-5.310059,17.883301,-19.348145,stair_down
1769345309.8393047,-0.439941,-0.777832,-0.207642,-10.742188,29.663094,-21.667480,stair_down
1769345309.8393047,-0.428101,-0.771851,-0.234009,-15.136723,40.283203,-22.094727,stair_down
1769345309.8690438,-0.427124,-0.759644,-0.256348,-16.784668,49.438492,-20.202637,stair_down
1769345309.8793075,-0.420654,-0.749756,-0.264771,-17.822266,60.729996,-18.493652,stair_down
1769345309.8964536,-0.368164,-0.771118,-0.264893,-15.991215,69.030762,-18.127441,stair_down
1769345309.9164598,-0.338623,-0.786499,-0.281860,-18.493652,68.908691,-17.028809,stair_down
1769345309.9382145,-0.313354,-0.785156,-0.311035,-17.272949,65.429688,-15.441898,stair_down
1769345309.9962342,-0.286377,-0.796387,-0.333496,-16.296387,56.518570,-13.305668,stair_down
1769345309.9962342,-0.275757,-0.800903,-0.360352,-16.479492,42.968750,-11.840824,stair_down
1769345309.9962342,-0.257935,-0.781738,-0.375488,-18.371582,23.620613,-10.620117,stair_down
1769345310.0392275,-0.255493,-0.718872,-0.384888,-19.348145,-9.277344,-7.751467,stair_down
1769345310.0392275,-0.265259,-0.712158,-0.381714,-17.456055,-27.465828,-4.638672,stair_down
1769345310.058566,-0.305176,-0.709961,-0.365601,-15.502934,-38.940430,-2.197266,stair_down
1769345310.0762475,-0.348755,-0.719116,-0.358643,-14.709476,-43.823242,-3.112794,stair_down
1769345310.0962048,-0.395996,-0.738770,-0.345581,-16.113281,-42.480469,-6.286623,stair_down
1769345310.1163263,-0.421753,-0.737305,-0.328491,-20.385742,-35.583496,-9.399414,stair_down
1769345310.1369486,-0.426758,-0.725098,-0.320801,-22.094727,-25.695808,-11.230473,stair_down
1769345310.156411,-0.397339,-0.780029,-0.295410,-8.789063,-15.441898,-17.150879,stair_down
1769345310.176948,-0.431763,-0.979858,-0.322388,14.465336,-8.972168,-30.090340,stair_down
1769345310.1978874,-0.509644,-1.272095,-0.369385,28.747566,2.807618,-40.710449,stair_down
1769345310.2179682,-0.600464,-1.497192,-0.427368,7.507326,23.010262,-39.306641,stair_down
1769345310.23653,-0.547363,-1.288208,-0.478394,-39.062500,38.391113,-24.169930,stair_down
1769345310.2571733,-0.372681,-0.861450,-0.494629,-48.339859,31.982430,-3.967286,stair_down
1769345310.2779856,-0.256348,-0.664185,-0.492554,-21.850586,6.225588,11.901859,stair_down
1769345310.296473,-0.340820,-1.009277,-0.475586,31.799324,-16.235352,17.883301,stair_down
1769345310.3163605,-0.455688,-1.388184,-0.480469,44.067383,-5.249023,21.667480,stair_down
1769345310.3392136,-0.463013,-1.625977,-0.481689,17.761230,14.953617,32.653809,stair_down
1769345310.4034774,-0.362915,-1.400269,-0.522461,-21.972656,24.597176,53.955093,stair_down
1769345310.4034774,-0.277710,-1.039307,-0.573120,-25.329597,14.770512,72.387695,stair_down
1769345310.4065077,-0.253784,-0.885132,-0.573120,-13.366703,1.525879,81.909180,stair_down
1769345310.4184098,-0.274048,-0.868530,-0.543823,-1.586915,-6.591799,85.937500,stair_down
1769345310.4562533,-0.268433,-0.855835,-0.517700,-3.906251,-3.784181,84.533691,stair_down
1769345310.4891698,-0.248169,-0.807861,-0.484009,-7.202150,-4.089355,79.956055,stair_down
1769345310.4891698,-0.246460,-0.784790,-0.450928,-12.268070,-7.934572,75.988770,stair_down
1769345310.4981482,-0.284912,-0.657471,-0.450439,-8.911133,-5.493164,55.419937,stair_down
1769345310.5178845,-0.285156,-0.689819,-0.418701,-0.793457,-1.037598,55.664078,stair_down
1769345310.536359,-0.304443,-0.675415,-0.396606,-3.906251,10.925293,56.579605,stair_down
1769345310.5569456,-0.273071,-0.609253,-0.399170,2.868653,25.085457,51.330582,stair_down
1769345310.5765815,-0.250244,-0.601074,-0.403564,5.310059,27.893074,44.372574,stair_down
1769345310.5962744,-0.227539,-0.592041,-0.399536,7.873537,24.841316,36.071777,stair_down
1769345310.616281,-0.227905,-0.600830,-0.382813,8.728027,20.263672,28.442390,stair_down
1769345310.6400745,-0.230103,-0.607666,-0.360596,7.080080,17.333984,21.850586,stair_down
1769345310.6571422,-0.231689,-0.603027,-0.342407,4.821777,15.502934,14.953617,stair_down
1769345310.6785576,-0.234131,-0.611816,-0.325195,3.173829,13.000492,3.784181,stair_down
1769345310.6977162,-0.222168,-0.616699,-0.332031,3.662110,10.498047,-4.516602,stair_down
1769345310.7164721,-0.233398,-0.662476,-0.340942,5.493164,4.821777,-8.483887,stair_down
1769345310.7378476,-0.262939,-0.692749,-0.354736,6.164553,0.671387,-16.357422,stair_down
1769345310.7561815,-0.288818,-0.731567,-0.367798,7.629396,1.098633,-23.498543,stair_down
1769345310.7770538,-0.303711,-0.767212,-0.382690,8.789063,3.540040,-30.883797,stair_down
1769345310.7967305,-0.304321,-0.794067,-0.403198,9.094238,6.835939,-34.362793,stair_down
1769345310.816538,-0.280518,-0.792358,-0.424927,7.324221,7.263186,-34.851074,stair_down
1769345310.8377085,-0.250366,-0.778931,-0.431885,6.896975,1.037598,-34.362793,stair_down
1769345310.8564737,-0.221680,-0.770996,-0.427002,9.460449,-11.352543,-37.048340,stair_down
1769345310.878884,-0.257813,-0.848145,-0.437866,18.981934,-23.010262,-46.936050,stair_down
1769345310.8984058,-0.347046,-0.992798,-0.492798,24.597176,-24.475105,-61.157242,stair_down
1769345310.9179802,-0.437012,-1.139038,-0.547852,26.550301,-15.380863,-76.049805,stair_down
1769345310.9363995,-0.504272,-1.268311,-0.576294,19.897461,-0.427246,-87.341309,stair_down
1769345310.9569113,-0.485229,-1.214966,-0.563354,-5.859377,15.869144,-84.167480,stair_down
1769345310.9764118,-0.415894,-1.109741,-0.553223,-11.230473,15.869144,-73.547363,stair_down
1769345310.9970236,-0.326416,-1.075806,-0.524902,-8.605957,6.042482,-60.119644,stair_down
1769345311.0176141,-0.279053,-1.091187,-0.478394,-6.652834,-6.408693,-43.640137,stair_down
1769345311.037981,-0.268188,-1.134644,-0.438110,-3.173829,-17.517090,-31.555183,stair_down
1769345311.0565584,-0.302979,-1.211914,-0.432983,-5.004883,-29.785164,-26.733406,stair_down
1769345311.0774255,-0.380493,-1.234375,-0.437622,-20.812988,-44.128418,-20.507813,stair_down
1769345311.0978298,-0.391235,-1.121948,-0.437256,-31.555183,-49.743668,-15.441898,stair_down
1769345311.1177325,-0.388672,-0.992798,-0.416870,-37.475586,-55.236832,-7.934572,stair_down
1769345311.1370487,-0.366577,-0.860107,-0.381714,-41.320801,-59.082047,0.183106,stair_down
1769345311.15753,-0.336792,-0.734375,-0.343384,-39.611816,-63.049332,5.493164,stair_down
1769345311.1770804,-0.326172,-0.659424,-0.304077,-32.531738,-66.467285,6.591799,stair_down
1769345311.198678,-0.334229,-0.641357,-0.283081,-23.864754,-67.077637,5.187988,stair_down
1769345311.218517,-0.370850,-0.685547,-0.272461,-14.648441,-61.096207,1.647950,stair_down
1769345311.2373455,-0.399048,-0.696045,-0.263550,-12.268070,-50.048843,-0.122070,stair_down
1769345311.264492,-0.427734,-0.697510,-0.256592,-9.216309,-35.400391,-2.990724,stair_down
1769345311.2765052,-0.453613,-0.702148,-0.257935,-5.920412,-17.944336,-8.666992,stair_down
1769345311.2963715,-0.462769,-0.710938,-0.268188,-3.479005,0.000000,-15.380863,stair_down
1769345311.317467,-0.429810,-0.720459,-0.283081,-2.319336,13.366703,-20.385742,stair_down
1769345311.3379955,-0.366699,-0.715088,-0.269409,-2.014160,18.493652,-20.263672,stair_down
1769345311.357849,-0.329712,-0.706177,-0.254028,-1.831055,12.390141,-17.578125,stair_down
1769345311.3763144,-0.302734,-0.708252,-0.238037,-1.647950,2.197266,-13.183598,stair_down
1769345311.3975263,-0.282227,-0.711548,-0.227905,-1.647950,-9.765625,-7.507326,stair_down
1769345311.4164512,-0.274902,-0.715454,-0.234985,-0.061035,-21.667480,-0.854492,stair_down
1769345311.4364352,-0.303101,-0.729736,-0.253906,4.394531,-31.433113,4.455566,stair_down
1769345311.4562712,-0.335083,-0.761597,-0.283447,8.911133,-34.484863,6.835939,stair_down
1769345311.4763398,-0.372925,-0.789673,-0.321045,13.061527,-30.639656,5.981447,stair_down
1769345311.4968133,-0.387939,-0.783081,-0.339111,13.122562,-25.085457,2.502441,stair_down
1769345311.5167732,-0.379150,-0.757446,-0.352417,12.817387,-20.202637,-3.051759,stair_down
1769345311.5378323,-0.372559,-0.731567,-0.365845,13.244633,-15.869144,-8.789063,stair_down
1769345311.5567405,-0.379150,-0.708374,-0.380493,13.244633,-11.169437,-13.488773,stair_down
1769345311.5765197,-0.377563,-0.688232,-0.392822,12.878422,-7.629396,-17.089844,stair_down
1769345311.5963461,-0.378784,-0.681396,-0.381592,21.667480,-4.821777,-25.146492,stair_down
1769345311.6264138,-0.481445,-0.889160,-0.419556,38.330078,4.577637,-39.550781,stair_down
1769345311.7205698,-0.625122,-1.322510,-0.514160,31.127937,57.006851,-53.100601,stair_down
1769345311.7215588,-0.543335,-1.216431,-0.519653,5.554201,77.575684,-38.146973,stair_down
1769345311.7215588,-0.430786,-1.024658,-0.542725,6.713869,76.965332,-20.751953,stair_down
1769345311.7235723,-0.352783,-1.049072,-0.558594,21.850586,65.734863,-6.164553,stair_down
1769345311.7394762,-0.314453,-1.252930,-0.552856,27.893074,53.771988,16.174316,stair_down
1769345311.7583697,-0.285889,-1.310669,-0.565796,15.747074,48.095718,33.874512,stair_down
1769345311.7782354,-0.196655,-1.231934,-0.599487,2.990724,34.545898,52.551285,stair_down
1769345311.7967348,-0.127930,-1.178589,-0.598999,-1.525879,14.221195,67.687988,stair_down
1769345311.8600566,-0.146240,-1.125732,-0.555908,-8.911133,-4.516602,74.340820,stair_down
1769345311.866287,-0.071777,-1.145874,-0.504272,-11.413578,-24.780281,93.322784,stair_down
1769345311.866287,-0.384521,-0.852783,-0.520142,-45.043961,-28.930672,35.034180,stair_down
1769345311.878296,-0.289795,-0.947021,-0.487793,-8.544922,-0.732422,50.170914,stair_down
1769345311.8965993,-0.313965,-0.936523,-0.445923,-26.000984,7.873537,57.189957,stair_down
1769345311.9169664,-0.282715,-0.801025,-0.438965,-22.338875,19.775391,65.002441,stair_down
1769345311.9364674,-0.267456,-0.775757,-0.394897,-21.667480,23.681648,59.082047,stair_down
1769345311.956587,-0.252686,-0.717773,-0.365356,-19.348145,26.855476,43.273926,stair_down
1769345311.9778442,-0.214355,-0.736450,-0.338867,-13.732914,24.536140,37.963867,stair_down
1769345311.9980826,-0.214844,-0.766479,-0.339600,-10.314941,16.174316,31.982430,stair_down
1769345312.0175612,-0.232056,-0.773560,-0.339111,-10.314941,12.939457,29.357918,stair_down
1769345312.037856,-0.218506,-0.762085,-0.329590,-10.192871,8.666992,27.404793,stair_down
1769345312.0576077,-0.209595,-0.743286,-0.309570,-9.643555,2.136230,24.292000,stair_down
1769345312.0763342,-0.213379,-0.715698,-0.301636,-9.338379,-3.173829,19.592285,stair_down
1769345312.0965517,-0.206055,-0.696045,-0.302246,-7.263186,-9.948730,19.165039,stair_down
1769345312.1173925,-0.201660,-0.663696,-0.310425,-4.699707,-19.409180,18.981934,stair_down
1769345312.137126,-0.258545,-0.613770,-0.330322,-9.887695,-27.404793,-0.976563,stair_down
1769345312.1576107,-0.303833,-0.583618,-0.362183,-2.380371,-19.042969,-17.944336,stair_down
1769345312.1769664,-0.284058,-0.650635,-0.375610,6.530764,-13.427738,-20.202637,stair_down
1769345312.1979122,-0.306396,-0.661987,-0.386841,7.629396,-6.774904,-19.470215,stair_down
1769345312.2164154,-0.311279,-0.649536,-0.402710,9.765625,2.197266,-20.568848,stair_down
1769345312.2369149,-0.292236,-0.663452,-0.413940,11.108402,6.469728,-27.221687,stair_down
1769345312.2565582,-0.281250,-0.702148,-0.430054,11.108402,5.371094,-38.513184,stair_down
1769345312.2763593,-0.276733,-0.721924,-0.435059,9.460449,1.770020,-39.794922,stair_down
1769345312.2965875,-0.276489,-0.720825,-0.444092,8.361816,-3.173829,-37.841797,stair_down
1769345312.3169305,-0.283691,-0.721191,-0.450439,7.629396,-8.483887,-35.034180,stair_down
1769345312.3369215,-0.302002,-0.711914,-0.451172,6.958010,-10.681152,-34.423828,stair_down
1769345312.3577974,-0.305542,-0.716309,-0.428711,10.070801,-13.732914,-35.583496,stair_down
1769345312.3765788,-0.354126,-0.825562,-0.454834,24.536140,-15.136723,-46.264664,stair_down
1769345312.3962107,-0.510132,-1.222168,-0.548218,40.100098,2.685547,-71.899414,stair_down
1769345312.4163156,-0.553223,-1.467773,-0.551392,23.498543,21.118164,-80.139160,stair_down
1769345312.4376354,-0.516357,-1.438965,-0.543213,-7.446291,33.752441,-74.890137,stair_down
1769345312.4579568,-0.437134,-1.218140,-0.542969,-25.878914,31.982430,-58.776871,stair_down
1769345312.4764187,-0.337524,-1.035889,-0.531616,-25.390633,19.470215,-37.231445,stair_down
1769345312.4975877,-0.255249,-0.988525,-0.503418,-11.657719,3.723145,-18.005371,stair_down
1769345312.543733,-0.222168,-1.086060,-0.443848,-3.112794,-11.962894,-3.784181,stair_down
1769345312.543733,-0.284790,-1.190063,-0.402222,-14.282230,-31.127937,6.530764,stair_down
1769345312.596677,-0.321289,-1.160400,-0.393555,-26.184090,-41.198730,10.070801,stair_down
1769345312.596677,-0.351318,-1.072266,-0.392090,-32.836914,-47.119156,11.047363,stair_down
1769345312.596677,-0.377441,-0.989502,-0.378540,-36.071777,-48.522964,14.343266,stair_down
1769345312.617762,-0.378784,-0.896118,-0.362549,-36.682129,-47.058121,18.798828,stair_down
1769345312.6375465,-0.363281,-0.814575,-0.351807,-33.508301,-45.288101,20.324707,stair_down
1769345312.6580334,-0.347778,-0.707275,-0.320923,-26.794441,-42.053223,19.592285,stair_down
1769345312.676817,-0.338257,-0.651245,-0.295288,-19.165039,-39.367676,16.845703,stair_down
1769345312.6966643,-0.347900,-0.639282,-0.279419,-9.582520,-35.034180,13.244633,stair_down
1769345312.7162435,-0.367676,-0.656372,-0.272217,-3.540040,-27.404793,10.803223,stair_down
1769345312.7361543,-0.381592,-0.665405,-0.265869,0.427246,-15.991215,9.094238,stair_down
1769345312.7564645,-0.387207,-0.677734,-0.261719,3.723145,-3.295899,5.737307,stair_down
1769345312.7765353,-0.382813,-0.702271,-0.264038,6.469728,7.812502,0.427246,stair_down
1769345312.7962666,-0.355835,-0.741943,-0.279419,7.690432,16.540527,-7.019045,stair_down
1769345312.8169916,-0.337769,-0.752563,-0.273315,5.554201,16.418457,-8.544922,stair_down
1769345312.837559,-0.320679,-0.741699,-0.262207,2.563477,11.962894,-7.934572,stair_down
1769345312.856542,-0.312866,-0.735962,-0.255005,0.488281,4.577637,-6.958010,stair_down
1769345312.8788307,-0.306274,-0.727295,-0.250732,-2.807618,-2.868653,-4.882813,stair_down
1769345312.8979712,-0.291382,-0.691040,-0.241333,-5.615236,-10.742188,-0.671387,stair_down
1769345312.9190192,-0.296387,-0.631226,-0.241333,-2.136230,-21.484375,5.737307,stair_down
1769345312.938487,-0.314209,-0.636963,-0.256714,3.906251,-24.963387,6.774904,stair_down
1769345312.9587653,-0.342896,-0.662109,-0.280151,8.728027,-23.132332,6.286623,stair_down
1769345312.977862,-0.369995,-0.682007,-0.299072,12.023930,-17.089844,3.173829,stair_down
1769345313.048456,-0.397339,-0.698242,-0.314087,14.343266,-7.568361,-2.014160,stair_down
1769345313.048456,-0.395020,-0.709351,-0.327393,14.709476,2.685547,-8.300781,stair_down
1769345313.0561655,-0.371338,-0.707397,-0.342041,14.160160,9.033203,-13.793949,stair_down
1769345313.060205,-0.348511,-0.713013,-0.334839,16.601563,8.117676,-20.812988,stair_down
1769345313.077504,-0.386841,-0.825439,-0.349976,30.761726,4.089355,-31.799324,stair_down
1769345313.0965934,-0.480469,-1.045044,-0.410400,42.053223,10.253906,-44.799820,stair_down
1769345313.1164992,-0.559570,-1.261353,-0.457520,40.527344,27.526863,-50.170914,stair_down
1769345313.1374035,-0.573608,-1.294067,-0.476563,24.169930,47.790543,-44.433609,stair_down
1769345313.1585624,-0.533203,-1.175049,-0.511841,20.996094,60.852066,-31.921394,stair_down
1769345313.32645,-0.450928,-1.355469,-0.608887,41.564941,74.279785,5.737307,stair_down
1769345313.32645,-0.393555,-1.375122,-0.649780,27.771004,80.505371,28.625496,stair_down
1769345313.32645,-0.229248,-1.238281,-0.703491,14.770512,73.059082,51.269547,stair_down
1769345313.3315089,-0.060181,-1.175659,-0.693237,14.160160,41.809082,68.969727,stair_down
1769345313.3315089,-0.031128,-1.178345,-0.597290,3.845216,3.051759,75.500488,stair_down
1769345313.3315089,-0.121338,-1.097900,-0.510132,-8.850098,-28.076180,74.035645,stair_down
1769345313.3315089,-0.282837,-0.980835,-0.457031,-23.925789,-41.015625,64.086914,stair_down
1769345313.3366244,-0.293213,-0.977905,-0.432251,-35.339355,-32.531738,68.481445,stair_down
1769345313.3582668,-0.460205,-0.742920,-0.427124,-37.963867,-4.699707,36.254883,stair_down
1769345313.3779006,-0.390503,-0.765015,-0.419800,-17.700195,19.287109,32.958984,stair_down
1769345313.3987238,-0.367554,-0.851807,-0.392212,-15.869144,34.423828,44.677750,stair_down
1769345313.418504,-0.328247,-0.785156,-0.374512,-21.057129,42.785645,46.325699,stair_down
1769345313.4366045,-0.278320,-0.722778,-0.359863,-15.869144,44.433609,38.391113,stair_down
1769345313.457852,-0.218872,-0.737427,-0.331909,-7.690432,35.339355,23.315437,stair_down
1769345313.4795341,-0.200806,-0.763550,-0.308350,-7.324221,21.179199,20.874023,stair_down
1769345313.4962413,-0.215698,-0.759888,-0.290161,-9.155273,7.141115,20.812988,stair_down
1769345313.518456,-0.256592,-0.722900,-0.269531,-14.404301,0.915528,13.854984,stair_down
1769345313.5408337,-0.270142,-0.667969,-0.286499,-9.582520,3.173829,11.047363,stair_down
1769345313.5583096,-0.235718,-0.699341,-0.276001,-5.126953,1.953125,20.812988,stair_down
1769345313.5770133,-0.241211,-0.639526,-0.304688,-0.183106,-0.915528,20.263672,stair_down
1769345313.5977523,-0.266724,-0.631592,-0.324463,3.540040,-0.976563,14.709476,stair_down
1769345313.6168528,-0.279785,-0.620361,-0.339722,7.568361,1.037598,6.652834,stair_down
1769345313.6365657,-0.292969,-0.635376,-0.352417,11.840824,4.638672,-0.671387,stair_down
1769345313.656569,-0.290649,-0.659424,-0.373047,13.488773,7.934572,-5.371094,stair_down
1769345313.6777098,-0.287354,-0.675415,-0.399048,15.136723,9.155273,-8.666992,stair_down
1769345313.6976192,-0.287598,-0.690796,-0.428345,15.563969,9.033203,-12.329105,stair_down
1769345313.716342,-0.292969,-0.710449,-0.474487,15.625004,7.690432,-18.371582,stair_down
1769345313.7362106,-0.296753,-0.731201,-0.488159,14.221195,5.859377,-22.277840,stair_down
1769345313.7563856,-0.300415,-0.749634,-0.494995,12.695316,3.662110,-25.878914,stair_down
1769345313.7770011,-0.306030,-0.773682,-0.506226,11.596684,2.380371,-29.235847,stair_down
1769345313.7965257,-0.308472,-0.805298,-0.509888,8.361816,1.403809,-28.503426,stair_down
1769345313.8166058,-0.299316,-0.826904,-0.500610,6.774904,-1.586915,-29.602058,stair_down
1769345313.8370378,-0.312378,-0.922119,-0.529297,13.549809,-7.690432,-40.588379,stair_down
1769345313.8570201,-0.388916,-1.152344,-0.552490,10.681152,-7.568361,-47.180191,stair_down
1769345313.878739,-0.430298,-1.256958,-0.563721,-0.915528,-3.051759,-50.292984,stair_down
1769345313.8984406,-0.425903,-1.224609,-0.558350,-17.456055,0.427246,-47.424332,stair_down
1769345313.9163795,-0.389648,-1.114624,-0.542847,-23.986824,-2.136230,-40.344238,stair_down
1769345313.9364438,-0.358032,-1.080566,-0.533447,-20.629883,-8.850098,-33.020020,stair_down
1769345313.9562585,-0.353516,-1.102539,-0.504639,-21.057129,-14.892582,-23.925789,stair_down
1769345313.977046,-0.354614,-1.097290,-0.447632,-27.954109,-20.263672,-10.803223,stair_down
1769345313.9972928,-0.346558,-1.040405,-0.423462,-36.865234,-24.719246,-3.540040,stair_down
1769345314.0260723,-0.323242,-0.946899,-0.398560,-38.879395,-31.555183,4.028320,stair_down
1769345314.037812,-0.319336,-0.891602,-0.381836,-33.325195,-39.306641,3.784181,stair_down
1769345314.0561485,-0.328979,-0.944214,-0.362183,-28.198250,-43.518066,8.117676,stair_down
1769345314.0765872,-0.343262,-0.960938,-0.352295,-30.944832,-45.898453,8.239746,stair_down
1769345314.0868595,-0.368530,-0.916138,-0.350098,-33.752441,-46.813980,3.356935,stair_down
1769345314.1170948,-0.360596,-0.833984,-0.329590,-34.973145,-46.813980,3.417970,stair_down
1769345314.1369474,-0.341797,-0.753784,-0.297607,-33.996582,-46.752945,5.554201,stair_down
1769345314.1572137,-0.326538,-0.687988,-0.269165,-28.625496,-46.875015,6.774904,stair_down
1769345314.177044,-0.326172,-0.659180,-0.256470,-19.592285,-46.081558,4.760742,stair_down
1769345314.1962054,-0.330688,-0.682373,-0.248413,-11.352543,-45.227066,0.610352,stair_down
1769345314.2190526,-0.348755,-0.701294,-0.251465,-5.737307,-42.053223,-4.943848,stair_down
1769345314.238814,-0.396606,-0.706055,-0.270264,2.197266,-31.005867,-15.075687,stair_down
1769345314.2565124,-0.430786,-0.705078,-0.280518,7.385256,-19.653320,-23.254402,stair_down
1769345314.277721,-0.453857,-0.700317,-0.291504,11.962894,-5.310059,-31.860359,stair_down
1769345314.296304,-0.466064,-0.697998,-0.302246,17.272949,10.986328,-40.283203,stair_down
1769345314.3178537,-0.466553,-0.719849,-0.325684,22.460945,26.855476,-46.752945,stair_down
1769345314.3374565,-0.465088,-0.753906,-0.350830,23.864754,38.513184,-50.476089,stair_down
1769345314.3594613,-0.443115,-0.764404,-0.368652,20.507813,44.799820,-50.659195,stair_down
1769345314.3780034,-0.364014,-0.720093,-0.378784,12.756351,39.062500,-45.227066,stair_down
1769345314.398536,-0.316406,-0.680664,-0.377808,9.582520,25.329597,-38.452148,stair_down
1769345314.4176836,-0.293701,-0.659668,-0.382080,10.620117,8.911133,-29.846199,stair_down
1769345314.4364917,-0.311035,-0.673462,-0.410156,12.817387,-3.173829,-20.385742,stair_down
1769345314.458366,-0.363647,-0.690063,-0.450684,12.634281,-9.033203,-13.183598,stair_down
1769345314.4770057,-0.426270,-0.698853,-0.482666,12.084965,-7.385256,-11.962894,stair_down
1769345314.6564844,-0.484375,-0.742676,-0.499390,10.559082,6.713869,-17.578125,stair_down
1769345314.6564844,-0.485107,-0.761963,-0.494141,5.065918,17.578125,-20.141602,stair_down
1769345314.6564844,-0.459961,-0.744141,-0.498779,-0.183106,25.085457,-20.507813,stair_down
1769345314.6564844,-0.434570,-0.723022,-0.501465,-5.065918,26.855476,-19.042969,stair_down
1769345314.6564844,-0.398560,-0.699829,-0.482910,-10.192871,21.057129,-16.784668,stair_down
1769345314.6564844,-0.387085,-0.722046,-0.410156,-2.990724,8.422852,-16.540527,stair_down
1769345314.6564844,-0.476196,-0.964600,-0.386719,16.296387,4.760742,-23.010262,stair_down
1769345314.6564844,-0.572632,-1.412109,-0.437012,9.399414,20.385742,-16.845703,stair_down
1769345314.6564844,-0.536377,-1.421509,-0.465942,-12.878422,29.846199,0.915528,stair_down
1769345314.676437,-0.445801,-1.223267,-0.486328,-20.874023,27.099617,24.353035,stair_down
1769345314.7233896,-0.366211,-1.038452,-0.496582,-13.610844,16.906738,48.645035,stair_down
1769345314.753544,-0.341675,-0.961914,-0.496338,1.281738,7.385256,69.396973,stair_down
1769345314.753544,-0.375122,-1.009399,-0.499023,14.343266,5.310059,83.129883,stair_down
1769345314.7561867,-0.369995,-1.106934,-0.480713,17.456055,9.155273,94.360382,stair_down
1769345314.7763302,-0.343384,-1.146362,-0.452881,13.793949,13.549809,106.140167,stair_down
1769345314.7970083,-0.304810,-1.160645,-0.470215,18.188477,19.409180,116.455109,stair_down
1769345314.8176074,-0.279053,-1.121338,-0.483276,5.493164,15.869144,106.811554,stair_down
1769345314.8373973,-0.300049,-0.997559,-0.492920,9.399414,14.465336,96.557648,stair_down
1769345314.8571823,-0.293823,-0.966309,-0.481567,10.986328,10.742188,88.501007,stair_down
1769345314.8764324,-0.307617,-0.876953,-0.484375,10.742188,9.582520,78.674316,stair_down
1769345314.916451,-0.324707,-0.796021,-0.455811,15.014652,15.930180,65.490723,stair_down
1769345314.916451,-0.317261,-0.753906,-0.431519,16.662598,24.841316,54.931656,stair_down
1769345314.9362824,-0.308472,-0.735840,-0.410034,19.226074,32.958984,43.334961,stair_down
1769345314.9578996,-0.291382,-0.735352,-0.400269,18.615723,39.672852,34.423828,stair_down
1769345314.978583,-0.272705,-0.711670,-0.406250,14.709476,43.762207,27.404793,stair_down
1769345314.996218,-0.245239,-0.666016,-0.410034,11.413578,41.809082,20.202637,stair_down
1769345315.018351,-0.232300,-0.616211,-0.415283,10.864258,36.193848,10.498047,stair_down
1769345315.0433707,-0.269287,-0.569580,-0.422363,13.305668,32.165527,-6.103518,stair_down
1769345315.056308,-0.285278,-0.562134,-0.420044,15.136723,34.484863,-15.258793,stair_down
1769345315.076573,-0.299194,-0.567993,-0.411255,18.615723,38.391113,-26.062019,stair_down
1769345315.0970383,-0.308350,-0.618652,-0.402222,22.338875,41.687012,-36.499023,stair_down
1769345315.116873,-0.319946,-0.689453,-0.399658,23.132332,43.945313,-46.752945,stair_down
1769345315.1376698,-0.335938,-0.759155,-0.395874,21.423340,44.677750,-57.373062,stair_down
1769345315.1575665,-0.348511,-0.821411,-0.368530,14.404301,44.311539,-67.810059,stair_down
1769345315.4763517,-0.474854,-0.645630,-0.363525,19.470215,71.228027,13.732914,stair_down
1769345315.4763517,-0.536011,-0.906372,-0.348877,35.522461,88.623077,25.878914,stair_down
1769345315.4763517,-0.580688,-1.061890,-0.346680,26.000984,112.792999,39.672852,stair_down
1769345315.4763517,-0.521729,-1.073242,-0.340210,12.268070,127.319366,54.138199,stair_down
1769345315.4763517,-0.446289,-1.004272,-0.358276,1.831055,129.577637,65.063477,stair_down
1769345315.4763517,-0.393921,-0.929810,-0.380371,-0.854492,116.760284,77.880859,stair_down
1769345315.4763517,-0.318237,-0.934204,-0.363770,-0.793457,99.487335,86.853027,stair_down
1769345315.4763517,-0.312012,-0.939575,-0.322876,-3.601075,82.763672,97.717316,stair_down
1769345315.4763517,-0.319702,-0.920776,-0.279175,-4.882813,71.655273,106.811554,stair_down
1769345315.5064418,-0.332886,-0.916748,-0.245728,-4.882813,65.979004,111.206085,stair_down
1769345315.5176349,-0.329102,-0.923706,-0.229614,-6.225588,64.025879,112.915070,stair_down
1769345315.537293,-0.294312,-0.934570,-0.212280,-8.239746,60.119644,113.403351,stair_down
1769345315.5580807,-0.246704,-0.938843,-0.187744,-11.352543,44.311539,111.877472,stair_down
1769345315.57968,-0.278320,-0.890991,-0.193970,-14.160160,34.851074,104.919464,stair_down
1769345315.610368,-0.205811,-0.915039,-0.199097,-4.455566,20.263672,109.008820,stair_down
1769345315.616689,-0.252441,-0.898804,-0.213623,-8.239746,6.835939,101.379425,stair_down
1769345315.6366992,-0.284912,-0.832397,-0.223511,-5.065918,-0.976563,85.876465,stair_down
1769345315.6564336,-0.300293,-0.843262,-0.219360,0.549316,-6.774904,74.890137,stair_down
1769345315.6794128,-0.316528,-0.818237,-0.218506,0.915528,-6.835939,64.941406,stair_down
1769345315.6870675,-0.339478,-0.790161,-0.221558,7.629396,0.488281,50.109879,stair_down
1769345315.7163935,-0.338135,-0.792725,-0.233765,9.643555,7.751467,38.452148,stair_down
1769345315.736966,-0.338867,-0.790039,-0.261597,15.136723,15.197758,26.306160,stair_down
1769345315.7564418,-0.339722,-0.822754,-0.287842,18.981934,21.911621,16.540527,stair_down
1769345315.7773411,-0.322388,-0.823853,-0.309570,19.287109,25.451668,8.361816,stair_down
1769345315.7966242,-0.292358,-0.831299,-0.297485,25.573738,22.094727,-1.892090,stair_down
1769345315.8174028,-0.311157,-0.956177,-0.320190,35.339355,11.230473,-23.498543,stair_down
1769345315.8372016,-0.350708,-0.976440,-0.370483,35.278320,9.948730,-32.897949,stair_down
1769345315.8571608,-0.396973,-0.919434,-0.423340,37.902832,15.686039,-40.588379,stair_down
1769345315.8766532,-0.433228,-0.883545,-0.475586,45.837418,27.343758,-47.729507,stair_down
1769345315.8982768,-0.452026,-0.893066,-0.511963,46.081558,41.381836,-50.354019,stair_down
1769345315.9164016,-0.411011,-0.838257,-0.514282,36.499023,48.034683,-45.654312,stair_down
1769345315.9368029,-0.353882,-0.745728,-0.477417,32.958984,44.921890,-39.550781,stair_down
1769345315.956358,-0.324341,-0.794434,-0.420532,40.710449,39.123535,-31.372078,stair_down
1769345315.976293,-0.291382,-0.911499,-0.399414,38.635254,39.062500,-22.766121,stair_down
1769345315.9982803,-0.245239,-1.005127,-0.398926,31.188972,34.240723,-9.948730,stair_down
1769345316.0178757,-0.232178,-1.054688,-0.434814,20.751953,20.935059,2.746582,stair_down
1769345316.0386446,-0.254028,-1.042236,-0.477539,12.390141,5.371094,13.366703,stair_down
1769345316.0564713,-0.283447,-0.977539,-0.515747,7.751467,-4.394531,23.132332,stair_down
1769345316.0764709,-0.289795,-0.897827,-0.529663,8.728027,-12.451176,34.057617,stair_down
1769345316.1002777,-0.317749,-0.820068,-0.510742,8.178711,-15.136723,32.531738,stair_down
1769345316.1191196,-0.325439,-0.786865,-0.484619,6.591799,-15.502934,25.512703,stair_down
1769345316.1361535,-0.325317,-0.768677,-0.451904,3.540040,-13.549809,19.653320,stair_down
1769345316.1584501,-0.329590,-0.750488,-0.423706,0.000000,-8.666992,15.441898,stair_down
1769345316.1767817,-0.335083,-0.734985,-0.412720,-2.319336,-3.417970,7.812502,stair_down
1769345316.197861,-0.351074,-0.738403,-0.423462,-2.258301,2.929688,0.427246,stair_down
1769345316.216562,-0.384888,-0.751343,-0.436523,5.920412,15.380863,-9.948730,stair_down
1769345316.2364352,-0.375977,-0.802734,-0.436890,5.859377,24.230965,-9.582520,stair_down
1769345316.256241,-0.364136,-0.793213,-0.447021,6.408693,28.747566,-13.061527,stair_down
1769345316.2763872,-0.354614,-0.811157,-0.449829,8.972168,30.395515,-17.517090,stair_down
1769345316.2970486,-0.342651,-0.829102,-0.449951,7.995607,29.418953,-16.540527,stair_down
1769345316.3165555,-0.341431,-0.801636,-0.452759,5.310059,26.428230,-14.465336,stair_down
1769345316.3992476,-0.334717,-0.776733,-0.444092,3.662110,22.949226,-10.681152,stair_down
1769345316.4037027,-0.358154,-0.766846,-0.433838,6.774904,20.812988,-14.404301,stair_down
1769345316.4037027,-0.386475,-0.838501,-0.440308,9.399414,22.888191,-19.470215,stair_down
1769345316.4037027,-0.400513,-0.907227,-0.446655,8.789063,26.550301,-22.094727,stair_down
1769345316.4165354,-0.407227,-0.945068,-0.436035,6.347658,29.174812,-21.667480,stair_down
1769345316.4429784,-0.424438,-0.982910,-0.433350,11.108402,31.860359,-24.108894,stair_down
1769345316.4567416,-0.459229,-1.098999,-0.461304,14.526371,38.085938,-27.832039,stair_down
1769345316.4775703,-0.435181,-1.129272,-0.453735,1.403809,45.104996,-19.226074,stair_down
1769345316.5305984,-0.422607,-1.070068,-0.435669,1.647950,43.518066,-12.939457,stair_down
1769345316.534594,-0.436768,-1.061279,-0.414917,-1.098633,43.823242,-4.699707,stair_down
1769345316.5363324,-0.437500,-0.972412,-0.400513,-7.568361,48.278824,8.361816,stair_down
1769345316.5564528,-0.422974,-0.827515,-0.395630,-7.385256,53.955093,22.155769,stair_down
1769345316.5766199,-0.411377,-0.708496,-0.393066,-1.281738,60.607925,35.827637,stair_down
1769345316.596402,-0.404175,-0.635986,-0.381470,8.789063,69.702148,46.508804,stair_down
1769345316.6333737,-0.406250,-0.729492,-0.353394,26.733406,83.251953,49.072281,stair_down
1769345316.6377673,-0.435425,-0.864258,-0.352051,26.977547,95.153839,45.898453,stair_down
1769345316.6587317,-0.430298,-0.963989,-0.343994,22.155769,105.590851,41.198730,stair_down
1769345316.677846,-0.406738,-1.047852,-0.317017,12.756351,108.947784,36.376953,stair_down
1769345316.6981144,-0.362549,-1.092041,-0.270386,-1.770020,106.750519,36.071777,stair_down
1769345316.717806,-0.287720,-1.057373,-0.245483,-14.953617,93.933136,41.198730,stair_down
1769345316.7363932,-0.207397,-0.962402,-0.244507,-20.385742,59.265152,55.175797,stair_down
1769345316.7569342,-0.190918,-0.932007,-0.250244,-18.737793,32.104492,64.941406,stair_down
1769345316.7771087,-0.222412,-0.919312,-0.235962,-17.822266,9.216309,72.021484,stair_down
1769345316.79633,-0.253906,-0.879883,-0.220093,-17.639160,-5.371094,77.636719,stair_down
1769345316.8165057,-0.288696,-0.825562,-0.206421,-14.160160,-12.023930,82.092285,stair_down
1769345316.837865,-0.318481,-0.792847,-0.201660,-7.690432,-10.375977,83.557129,stair_down
1769345316.8571672,-0.331665,-0.787598,-0.202271,-0.427246,-2.868653,82.641602,stair_down
1769345316.878838,-0.331177,-0.810059,-0.219727,10.009766,12.084965,76.232910,stair_down
1769345316.897552,-0.330811,-0.816895,-0.241455,14.465336,21.179199,68.725586,stair_down
1769345316.919247,-0.319458,-0.812256,-0.267700,18.432617,26.611336,57.983414,stair_down
1769345316.941337,-0.312012,-0.796997,-0.287720,20.996094,27.587898,45.410172,stair_down
1769345316.9573722,-0.311157,-0.768311,-0.302612,22.827156,27.282722,33.264160,stair_down
1769345316.9765968,-0.303345,-0.738403,-0.313232,25.329597,28.259285,22.094727,stair_down
1769345316.9980621,-0.313354,-0.744263,-0.327026,30.334480,29.724129,12.268070,stair_down
1769345317.0168073,-0.325806,-0.839355,-0.332275,33.386230,31.677254,-1.647950,stair_down
1769345317.037928,-0.324341,-0.882568,-0.326172,30.700691,33.081055,-8.728027,stair_down
1769345317.058079,-0.304321,-0.893555,-0.322632,29.541023,32.470703,-14.770512,stair_down
1769345317.0785134,-0.311401,-0.960083,-0.349731,39.978027,28.320320,-25.451668,stair_down
1769345317.096459,-0.360962,-1.111084,-0.403564,42.846680,26.855476,-34.912109,stair_down
1769345317.1167324,-0.376953,-1.143188,-0.436401,29.235847,28.503426,-32.775879,stair_down
1769345317.1364756,-0.373779,-0.908325,-0.466919,21.545410,29.113777,-33.020020,stair_down
1769345317.1578143,-0.382813,-0.852783,-0.468506,28.564461,27.587898,-34.301758,stair_down
1769345317.176988,-0.393433,-0.882446,-0.464966,30.212410,29.541023,-31.982430,stair_down
1769345317.200859,-0.398682,-0.875366,-0.443237,21.240234,33.935547,-22.888191,stair_down
1769345317.220186,-0.392700,-0.801514,-0.422363,14.465336,39.733887,-13.305668,stair_down
1769345317.2364552,-0.359131,-0.782715,-0.411133,18.920898,45.532242,-8.178711,stair_down
1769345317.2580636,-0.295410,-0.899414,-0.400024,22.216805,44.616714,-1.586915,stair_down
1769345317.2760932,-0.214355,-1.010498,-0.410400,8.483887,27.221687,20.324707,stair_down
1769345317.2961037,-0.203003,-0.998779,-0.423340,3.417970,6.225588,34.179688,stair_down
1769345317.316711,-0.232788,-0.988281,-0.423096,1.708985,-9.704590,44.494644,stair_down
1769345317.3368843,-0.248169,-0.967773,-0.436768,0.732422,-18.127441,51.269547,stair_down
1769345317.3562834,-0.271729,-0.930298,-0.443237,1.220703,-23.559578,55.297867,stair_down
1769345317.376281,-0.299927,-0.877808,-0.435913,1.037598,-26.184090,56.945816,stair_down
1769345317.39616,-0.322998,-0.768921,-0.407227,4.455566,-21.972656,51.757828,stair_down
1769345317.416508,-0.331177,-0.728882,-0.387085,9.887695,-12.329105,45.166031,stair_down
1769345317.4374843,-0.326294,-0.723755,-0.375122,13.732914,-1.403809,37.719727,stair_down
1769345317.458482,-0.320801,-0.726563,-0.376709,15.136723,7.568361,29.724129,stair_down
1769345317.4768472,-0.322876,-0.734619,-0.379150,15.258793,14.343266,19.653320,stair_down
1769345317.4968686,-0.332397,-0.753540,-0.386108,15.014652,20.080566,7.995607,stair_down
1769345317.5163677,-0.329956,-0.786987,-0.394409,13.793949,24.902351,-2.441406,stair_down
1769345317.5377386,-0.308350,-0.812866,-0.416382,12.878422,28.930672,-10.192871,stair_down
1769345317.5582762,-0.306396,-0.851196,-0.422729,8.972168,29.663094,-4.760742,stair_down
1769345317.576454,-0.277832,-0.809448,-0.431519,8.056641,26.123055,-9.643555,stair_down
1769345317.5962222,-0.295288,-0.777466,-0.446411,9.460449,20.935059,-17.944336,stair_down
1769345317.6072812,-0.294189,-0.766968,-0.448242,9.704590,17.883301,-21.362305,stair_down
1769345317.638528,-0.302612,-0.765625,-0.456665,14.404301,18.188477,-20.751953,stair_down
1769345317.6578288,-0.324097,-0.809692,-0.465576,14.099125,20.080566,-23.620613,stair_down
1769345317.6762874,-0.372070,-0.836426,-0.488525,16.662598,25.878914,-34.729004,stair_down
1769345317.6983669,-0.387695,-0.898071,-0.494019,16.845703,32.531738,-43.762207,stair_down
1769345317.7205343,-0.395020,-0.941284,-0.484009,15.258793,38.879395,-46.142593,stair_down
1769345317.7397337,-0.403931,-1.008789,-0.488647,18.188477,43.945313,-45.959488,stair_down
1769345317.7565393,-0.393066,-1.104004,-0.501709,14.282230,47.485367,-42.846680,stair_down
1769345317.776166,-0.355591,-1.109009,-0.506592,4.272461,44.799820,-33.996582,stair_down
1769345317.7968297,-0.321289,-1.046021,-0.481201,-2.258301,26.672371,-23.437508,stair_down
1769345317.8161604,-0.341553,-1.024658,-0.467651,-7.934572,15.563969,-14.770512,stair_down
1769345317.83627,-0.365601,-0.962891,-0.472046,-11.779789,11.596684,-5.065918,stair_down
1769345317.8569329,-0.367188,-0.891602,-0.469360,-12.329105,11.291508,7.019045,stair_down
1769345317.8790534,-0.361084,-0.823853,-0.448364,-11.840824,11.291508,19.165039,stair_down
1769345317.898685,-0.359253,-0.760376,-0.418335,-11.535648,11.901859,27.587898,stair_down
1769345317.9537134,-0.365967,-0.713745,-0.388794,-12.023930,15.625004,33.813477,stair_down
1769345317.9540963,-0.373535,-0.686523,-0.338745,-9.582520,25.817879,37.353516,stair_down
1769345317.958074,-0.392090,-0.752563,-0.318359,-3.540040,35.522461,32.470703,stair_down
1769345317.9782739,-0.428101,-0.879272,-0.311768,0.549316,50.109879,25.451668,stair_down
1769345317.9976902,-0.466064,-1.013916,-0.294434,-0.793457,67.749023,20.751953,stair_down
1769345318.016437,-0.444946,-1.090698,-0.272705,-9.887695,82.336426,19.470215,stair_down
1769345318.0519383,-0.380859,-1.078003,-0.265869,-17.761230,85.327148,20.690918,stair_down
1769345318.0607076,-0.289673,-1.011475,-0.242310,-23.010262,69.702148,26.611336,stair_down
1769345318.0762873,-0.221680,-0.949585,-0.226196,-23.010262,47.607437,34.729004,stair_down
1769345318.0973015,-0.194336,-0.886475,-0.217407,-18.859863,22.033691,45.471207,stair_down
1769345318.117494,-0.214355,-0.845459,-0.207275,-12.756351,0.427246,54.809586,stair_down
1769345318.1371737,-0.246582,-0.818970,-0.201294,-5.981447,-15.197758,61.035172,stair_down
1769345318.1568015,-0.283569,-0.800781,-0.197754,0.854492,-21.545410,64.453125,stair_down
1769345318.1763291,-0.313599,-0.787842,-0.199219,8.056641,-20.507813,64.636230,stair_down
1769345318.1981614,-0.353394,-0.798096,-0.196655,18.798828,-8.422852,58.837906,stair_down
1769345318.2166154,-0.375854,-0.801636,-0.220337,27.099617,2.990724,49.865738,stair_down
1769345318.2382166,-0.347656,-0.840942,-0.220459,30.273445,16.662598,48.889175,stair_down
1769345318.2591114,-0.366333,-0.800903,-0.239136,31.127937,27.282722,34.973145,stair_down
1769345318.2782838,-0.323242,-0.807983,-0.255737,37.719727,31.127937,24.414070,stair_down
1769345318.2985528,-0.316162,-0.828003,-0.272949,37.963867,32.714844,17.578125,stair_down
1769345318.3165696,-0.302246,-0.793823,-0.301758,39.611816,35.400391,14.343266,stair_down
1769345318.3380916,-0.293823,-0.798706,-0.322632,40.893555,34.057617,10.681152,stair_down
1769345318.3599663,-0.296265,-0.809570,-0.348511,40.954590,31.799324,4.577637,stair_down
1769345318.376794,-0.303223,-0.826538,-0.382935,41.442871,30.517586,-2.868653,stair_down
1769345318.398053,-0.310181,-0.855225,-0.412842,40.649414,30.212410,-8.544922,stair_down
1769345318.4162204,-0.311279,-0.875000,-0.431641,37.048340,29.479988,-11.718754,stair_down
1769345318.4363282,-0.301392,-0.880615,-0.435669,33.081055,26.672371,-15.258793,stair_down
1769345318.4565244,-0.320557,-0.974854,-0.434570,39.001465,19.897461,-28.686531,stair_down
1769345318.4760854,-0.379028,-1.110352,-0.460693,32.714844,23.376472,-37.719727,stair_down
1769345318.4981923,-0.397827,-1.115479,-0.482910,19.592285,31.738289,-38.635254,stair_down
1769345318.5174756,-0.381104,-1.050903,-0.508423,14.892582,37.658691,-37.231445,stair_down
1769345318.5386484,-0.356323,-1.083374,-0.541138,19.104004,37.841797,-32.348633,stair_down
1769345318.5582743,-0.368896,-1.085205,-0.569336,9.155273,36.804199,-34.667969,stair_down
1769345318.5761323,-0.325195,-1.077759,-0.550171,4.455566,34.545898,-18.371582,stair_down
1769345318.5961235,-0.255493,-0.932251,-0.476318,-19.836426,17.150879,-1.281738,stair_down
1769345318.6164773,-0.201660,-0.810181,-0.433960,-23.925789,1.708985,8.728027,stair_down
1769345318.6363966,-0.176025,-0.788086,-0.386353,-22.949226,-14.587406,18.859863,stair_down
1769345318.6608489,-0.190308,-0.808838,-0.348877,-25.695808,-29.541023,26.672371,stair_down
1769345318.6801715,-0.224243,-0.834229,-0.311646,-27.465828,-42.541504,31.799324,stair_down
1769345318.6964297,-0.257935,-0.869263,-0.276489,-28.076180,-47.729507,34.301758,stair_down
1769345318.7206724,-0.313599,-0.935303,-0.264771,-22.277840,-44.250504,35.888672,stair_down
1769345318.7363608,-0.354370,-1.006958,-0.287476,-18.127441,-36.499023,35.705566,stair_down
1769345318.7562108,-0.373779,-1.039429,-0.321045,-19.042969,-28.137215,36.193848,stair_down
1769345318.7761526,-0.369385,-0.976074,-0.352417,-19.592285,-21.972656,37.353516,stair_down
1769345318.796237,-0.357788,-0.878052,-0.357300,-12.084965,-14.953617,38.757324,stair_down
1769345318.8165705,-0.333496,-0.814575,-0.330933,-1.770020,-5.737307,38.330078,stair_down
1769345318.838119,-0.326172,-0.790771,-0.317871,5.981447,3.906251,37.414551,stair_down
1769345318.8587186,-0.302246,-0.784058,-0.325928,10.498047,15.686039,29.052742,stair_down
1769345318.8791895,-0.290649,-0.788696,-0.325928,10.803223,19.042969,21.240234,stair_down
1769345318.8972116,-0.278076,-0.812256,-0.328857,8.789063,21.118164,13.244633,stair_down
1769345318.9165027,-0.268677,-0.823608,-0.350464,5.981447,20.263672,6.591799,stair_down
1769345318.9377165,-0.272705,-0.823730,-0.385742,5.126953,18.188477,1.159668,stair_down
1769345318.9563098,-0.286621,-0.817749,-0.413086,7.751467,17.883301,-3.601075,stair_down
1769345318.9780376,-0.297363,-0.839478,-0.439209,14.221195,22.949226,-6.774904,stair_down
1769345318.997876,-0.311401,-0.843140,-0.456421,16.784668,26.062019,-8.178711,stair_down
1769345319.0162609,-0.309814,-0.843140,-0.472046,17.822266,30.700691,-11.596684,stair_down
1769345319.0376532,-0.289917,-0.838379,-0.477661,17.822266,32.409668,-15.319828,stair_down
1769345319.0578132,-0.269531,-0.836914,-0.469360,16.174316,29.968269,-16.357422,stair_down
1769345319.0780919,-0.253662,-0.815308,-0.463745,13.732914,24.353035,-17.272949,stair_down
1769345319.096683,-0.264404,-0.808350,-0.460815,14.160160,19.165039,-19.226074,stair_down
1769345319.1072593,-0.302124,-0.844238,-0.458740,11.840824,17.578125,-24.780281,stair_down
1769345319.1382506,-0.317261,-0.870361,-0.457886,8.239746,18.859863,-28.564461,stair_down
1769345319.1571405,-0.322266,-0.892456,-0.454224,3.906251,19.836426,-31.433113,stair_down
1769345319.1779063,-0.317749,-0.902710,-0.445435,-1.037598,19.287109,-31.433113,stair_down
1769345319.1988027,-0.302124,-0.900757,-0.439087,-4.577637,15.319828,-28.747566,stair_down
1769345319.2162242,-0.291382,-0.895508,-0.432373,-6.469728,9.338379,-23.620613,stair_down
1769345319.2556684,-0.290894,-0.887207,-0.427856,-7.141115,3.234864,-14.038090,stair_down
1769345319.2712486,-0.304077,-0.872314,-0.414429,-9.094238,-4.089355,-8.728027,stair_down
1769345319.278753,-0.307861,-0.851929,-0.402710,-11.474613,-7.812502,-5.004883,stair_down
1769345319.2862847,-0.302368,-0.825073,-0.399658,-12.573246,-12.146000,-2.685547,stair_down
1769345319.316153,-0.312256,-0.804321,-0.401733,-11.169437,-15.930180,-1.647950,stair_down
1769345319.3379445,-0.328369,-0.792236,-0.402710,-8.789063,-16.784668,-0.793457,stair_down
1769345319.3562052,-0.348022,-0.790894,-0.400146,-5.859377,-15.075687,-1.098633,stair_down
1769345319.3761015,-0.374512,-0.788818,-0.411377,-3.173829,-7.141115,-3.845216,stair_down
1769345319.396906,-0.385254,-0.788452,-0.418579,-0.305176,-0.305176,-6.530764,stair_down
1769345319.418269,-0.376587,-0.802002,-0.425049,1.892090,5.737307,-7.934572,stair_down
1769345319.4434545,-0.361328,-0.813843,-0.433594,2.929688,7.873537,-6.958010,stair_down
1769345319.4564607,-0.359131,-0.823730,-0.438477,3.234864,8.361816,-3.906251,stair_down
1769345319.4772205,-0.346680,-0.828491,-0.438110,2.319336,7.263186,0.427246,stair_down
1769345319.4977612,-0.332153,-0.823242,-0.436157,1.708985,3.723145,6.164553,stair_down
1769345319.5173538,-0.317749,-0.801392,-0.439453,2.441406,-2.990724,14.343266,stair_down
1769345319.5373528,-0.334961,-0.795288,-0.444702,3.784181,-5.432129,18.432617,stair_down
1769345319.5585818,-0.341553,-0.793091,-0.441772,3.662110,-4.943848,20.019531,stair_down
1769345319.5783575,-0.343506,-0.784912,-0.439209,3.112794,-2.929688,19.958496,stair_down
1769345319.596584,-0.339844,-0.774902,-0.444824,2.990724,0.000000,18.676758,stair_down
1769345319.617588,-0.324463,-0.769531,-0.446411,2.929688,1.281738,17.517090,stair_down
1769345319.637288,-0.317017,-0.753296,-0.453003,3.967286,0.671387,16.113281,stair_down
1769345319.6564143,-0.324219,-0.750977,-0.460571,4.821777,1.770020,14.892582,stair_down
1769345319.6780202,-0.318604,-0.740356,-0.459473,4.516602,3.601075,14.648441,stair_down
1769345319.696292,-0.306274,-0.717041,-0.454956,4.272461,4.516602,15.380863,stair_down
1769345319.7165432,-0.300781,-0.698242,-0.452148,5.737307,4.455566,16.113281,stair_down
1769345319.736554,-0.302002,-0.710449,-0.450562,8.056641,4.272461,15.502934,stair_down
1769345319.7466626,-0.309570,-0.733521,-0.449585,9.033203,5.065918,14.465336,stair_down
1769345319.777434,-0.314209,-0.754883,-0.446533,9.765625,8.422852,13.305668,stair_down
1769345319.796266,-0.304199,-0.758545,-0.448364,9.887695,10.131836,13.549809,stair_down
1769345319.8175728,-0.294922,-0.751831,-0.450317,10.253906,10.498047,14.648441,stair_down
1769345319.838005,-0.290161,-0.753296,-0.450317,9.948730,10.009766,15.197758,stair_down
1769345319.8564484,-0.279785,-0.743774,-0.448364,8.605957,8.789063,14.099125,stair_down
1769345319.8763423,-0.275146,-0.746704,-0.444824,7.019045,6.774904,12.817387,stair_down
1769345319.8995445,-0.271851,-0.746826,-0.460327,5.310059,3.051759,9.582520,stair_down
1769345319.9165683,-0.272339,-0.753418,-0.460571,3.479005,1.037598,8.117676,stair_down
1769345319.9371545,-0.277954,-0.749756,-0.464355,2.807618,-0.427246,5.798342,stair_down
1769345319.9662256,-0.289063,-0.746582,-0.473022,1.586915,0.122070,2.502441,stair_down
1769345319.9766743,-0.294312,-0.747437,-0.475464,3.356935,1.708985,-2.258301,stair_down
1769345319.9963698,-0.315186,-0.833618,-0.494751,11.657719,3.845216,-12.695316,stair_down
1769345320.0177178,-0.353516,-0.995605,-0.521484,17.211914,8.544922,-24.841316,stair_down
1769345320.038273,-0.410889,-1.277954,-0.534912,14.953617,18.432617,-38.330078,stair_down
1769345320.0574305,-0.420654,-1.373291,-0.539673,-1.037598,26.855476,-37.536621,stair_down
1769345320.0766394,-0.361938,-1.278198,-0.514526,-21.484375,31.311043,-23.132332,stair_down
1769345320.096575,-0.247559,-1.118652,-0.468994,-29.479988,19.897461,-7.019045,stair_down
1769345320.120384,-0.132935,-1.015503,-0.419189,-30.395515,-4.882813,7.995607,stair_down
1769345320.1367562,-0.102173,-1.006836,-0.379639,-20.874023,-36.254883,15.747074,stair_down
1769345320.1764977,-0.183838,-1.146729,-0.371460,-16.906738,-61.523453,13.610844,stair_down
1769345320.177435,-0.323853,-1.161499,-0.373413,-36.437988,-76.171875,8.850098,stair_down
1769345320.197692,-0.384033,-1.009521,-0.353271,-43.823242,-75.073242,3.723145,stair_down
1769345320.2183862,-0.406128,-0.867920,-0.324707,-46.386734,-65.490723,-0.061035,stair_down
1769345320.2369933,-0.388794,-0.729614,-0.307007,-40.954590,-50.720230,-4.821777,stair_down
1769345320.2571747,-0.354248,-0.668945,-0.299194,-28.991707,-43.029785,-11.535648,stair_down
1769345320.277739,-0.383789,-0.659058,-0.298706,-18.493652,-31.616219,-20.629883,stair_down
1769345320.2965462,-0.382690,-0.689697,-0.284668,-7.202150,-18.432617,-33.569336,stair_down
1769345320.3172853,-0.400635,-0.721313,-0.279785,-2.502441,-10.131836,-40.588379,stair_down
1769345320.338349,-0.407837,-0.746460,-0.277100,0.427246,-2.075195,-44.433609,stair_down
1769345320.3581023,-0.400879,-0.767700,-0.278320,4.394531,4.028320,-46.447769,stair_down
1769345320.377517,-0.395508,-0.799561,-0.280884,8.544922,7.324221,-45.593277,stair_down
1769345320.397145,-0.395264,-0.838135,-0.285645,12.512211,8.361816,-44.250504,stair_down
1769345320.4166758,-0.400879,-0.879883,-0.294922,15.869144,8.483887,-42.297363,stair_down
1769345320.4361572,-0.413940,-0.925415,-0.299316,17.822266,8.544922,-36.865234,stair_down
1769345320.4472663,-0.418457,-0.938843,-0.299561,17.822266,9.216309,-31.860359,stair_down
1769345320.478606,-0.415039,-0.937378,-0.304321,17.333984,9.826660,-25.390633,stair_down
1769345320.4965653,-0.405151,-0.919434,-0.322021,17.028809,10.131836,-17.578125,stair_down
1769345320.5175862,-0.387695,-0.895508,-0.341797,17.822266,8.300781,-9.521484,stair_down
1769345320.5364122,-0.362305,-0.886108,-0.362061,19.531250,3.051759,-2.014160,stair_down
1769345320.556238,-0.362671,-0.899414,-0.393311,19.653320,-6.958010,7.019045,stair_down
1769345320.576528,-0.380493,-0.902344,-0.409912,18.066406,-9.338379,11.413578,stair_down
1769345320.5993779,-0.393921,-0.894897,-0.422363,16.113281,-6.713869,14.953617,stair_down
1769345320.6167517,-0.388794,-0.885620,-0.428711,13.977055,-1.770020,18.859863,stair_down
1769345320.6390238,-0.374146,-0.872070,-0.429565,11.779789,2.197266,22.338875,stair_down
1769345320.6581876,-0.365845,-0.866577,-0.440674,9.338379,5.310059,24.230965,stair_down
1769345320.6788213,-0.361694,-0.862793,-0.455200,6.103518,7.934572,24.597176,stair_down
1769345320.6974041,-0.350342,-0.844604,-0.457153,0.366211,12.023930,24.108894,stair_down
1769345320.7174225,-0.330811,-0.838135,-0.444580,-3.784181,12.817387,24.353035,stair_down
1769345320.7394435,-0.305054,-0.826904,-0.426880,-8.483887,10.437012,24.841316,stair_down
1769345320.759727,-0.278687,-0.827393,-0.410400,-14.526371,4.211426,27.771004,stair_down
1769345320.7815797,-0.270752,-0.789429,-0.390991,-19.287109,-4.150391,27.221687,stair_down
1769345320.7986205,-0.287598,-0.772095,-0.365845,-19.958496,-8.666992,27.709969,stair_down
1769345320.8169234,-0.288818,-0.769897,-0.343506,-20.507813,-11.474613,28.564461,stair_down
1769345320.839087,-0.299072,-0.748169,-0.316772,-20.690918,-12.634281,27.587898,stair_down
1769345320.8586078,-0.300781,-0.730957,-0.299316,-22.521980,-11.901859,25.207527,stair_down
1769345320.878204,-0.303711,-0.663330,-0.286011,-23.986824,-11.535648,19.836426,stair_down
1769345320.904465,-0.306396,-0.608276,-0.265381,-20.690918,-9.704590,15.075687,stair_down
1769345320.9163938,-0.310791,-0.586426,-0.248535,-16.113281,-7.263186,9.277344,stair_down
1769345320.9361196,-0.327148,-0.579834,-0.250977,-11.596684,-2.563477,2.502441,stair_down
1769345320.996517,-0.361084,-0.584595,-0.255615,-7.812502,8.666992,-7.324221,stair_down
1769345321.016348,-0.360229,-0.562988,-0.245972,-7.507326,17.089844,-13.244633,stair_down
1769345321.016348,-0.348022,-0.537720,-0.231689,-3.479005,23.620613,-19.104004,stair_down
1769345321.0318635,-0.343872,-0.585205,-0.210083,8.666992,25.695808,-28.137215,stair_down
1769345321.0387359,-0.390503,-0.791870,-0.231567,30.822762,26.733406,-44.799820,stair_down
1769345321.0582516,-0.481689,-1.150635,-0.285767,54.077164,36.437988,-65.185547,stair_down
1769345321.0766594,-0.621216,-1.537720,-0.392456,50.354019,59.509293,-75.439453,stair_down
1769345321.0962238,-0.563354,-1.333496,-0.465576,-1.159668,94.543488,-47.912613,stair_down
1769345321.1179702,-0.417603,-1.063354,-0.511963,10.009766,87.890625,-28.625496,stair_down
1769345321.1362443,-0.332397,-1.116455,-0.571289,43.395996,68.420410,-15.808109,stair_down
1769345321.1573827,-0.378906,-1.491089,-0.659302,67.199707,59.265152,-5.249023,stair_down
1769345321.189953,-0.411987,-1.650024,-0.692139,36.071777,63.232437,23.193367,stair_down
1769345321.196401,-0.317139,-1.333862,-0.735718,7.019045,69.396973,60.791031,stair_down
1769345321.2174594,-0.063721,-0.988403,-0.809326,1.464844,41.015625,98.144562,stair_down
1769345321.2381992,-0.010742,-0.917236,-0.741943,-2.136230,-1.647950,105.529816,stair_down
1769345321.2562368,-0.100830,-0.870605,-0.619019,-10.681152,-31.066902,100.524933,stair_down
1769345321.276176,-0.190552,-0.831543,-0.530518,-21.545410,-40.222168,92.224152,stair_down
1769345321.2981763,-0.247437,-0.786621,-0.448730,-31.311043,-35.278320,86.975098,stair_down
1769345321.3171453,-0.288574,-0.739258,-0.415039,-33.447266,-20.874023,81.909180,stair_down
1769345321.3367283,-0.326294,-0.733887,-0.400391,-30.334480,-3.173829,75.134277,stair_down
1769345321.3632064,-0.325928,-0.754761,-0.374634,-31.555183,18.066406,64.270020,stair_down
1769345321.3766055,-0.307617,-0.723877,-0.363403,-21.057129,28.686531,53.161636,stair_down
1769345321.3966267,-0.269897,-0.802246,-0.350098,-16.906738,29.968269,47.607437,stair_down
1769345321.4202054,-0.272705,-0.799438,-0.348145,-15.441898,28.503426,35.034180,stair_down
1769345321.436333,-0.248413,-0.829224,-0.331421,-7.934572,22.277840,25.756844,stair_down
1769345321.4564734,-0.229980,-0.865723,-0.302979,-4.577637,13.977055,19.287109,stair_down
1769345321.4764895,-0.228149,-0.873047,-0.286255,-1.586915,3.906251,17.761230,stair_down
1769345321.4964197,-0.227783,-0.875732,-0.266968,-3.295899,-1.525879,14.404301,stair_down
1769345321.5173845,-0.220703,-0.851685,-0.268311,-3.295899,-6.835939,9.704590,stair_down
1769345321.536831,-0.216675,-0.814331,-0.285889,-1.281738,-11.047363,4.089355,stair_down
1769345321.556456,-0.222168,-0.799194,-0.316650,3.967286,-13.977055,4.272461,stair_down
1769345321.577631,-0.233032,-0.778198,-0.351440,4.882813,-17.883301,-1.525879,stair_down
1769345321.5993211,-0.249146,-0.743286,-0.387085,7.873537,-20.019531,-11.657719,stair_down
1769345321.616759,-0.274902,-0.734985,-0.420532,14.709476,-17.517090,-30.212410,stair_down
1769345321.6363535,-0.294067,-0.745117,-0.430786,17.944336,-13.427738,-40.039063,stair_down
1769345321.6575933,-0.306274,-0.755005,-0.450684,20.324707,-8.361816,-48.706070,stair_down
1769345321.6777995,-0.318237,-0.766113,-0.479858,22.216805,-3.051759,-58.105484,stair_down
1769345321.6989093,-0.336670,-0.784668,-0.504517,24.963387,3.051759,-67.749023,stair_down
1769345321.7164085,-0.342651,-0.822021,-0.520996,27.160652,9.094238,-75.927734,stair_down
1769345321.7388873,-0.339722,-0.871216,-0.526489,26.611336,11.596684,-80.993652,stair_down
1769345321.758213,-0.339600,-0.928711,-0.527222,21.728516,11.901859,-84.167480,stair_down
1769345321.7797365,-0.333984,-0.961182,-0.520386,16.479492,8.300781,-83.801270,stair_down
1769345321.7977889,-0.325684,-0.978394,-0.505615,9.460449,1.464844,-79.895020,stair_down
1769345321.8163562,-0.321777,-0.976196,-0.490601,2.807618,-7.507326,-72.875977,stair_down
1769345321.8380642,-0.326904,-0.963623,-0.477905,-3.051759,-15.991215,-63.415543,stair_down
1769345321.8590245,-0.335938,-0.936401,-0.472290,-7.263186,-22.277840,-52.429214,stair_down
1769345321.8765166,-0.334351,-0.894775,-0.467285,-10.375977,-31.188972,-36.376953,stair_down
1769345321.8974226,-0.344116,-0.867676,-0.464233,-11.047363,-38.330078,-28.076180,stair_down
1769345321.9164317,-0.359253,-0.838501,-0.465088,-11.474613,-42.602539,-22.460945,stair_down
1769345321.93637,-0.377075,-0.814331,-0.455444,-10.742188,-43.273926,-19.104004,stair_down
1769345321.956373,-0.399536,-0.795898,-0.444336,-11.230473,-40.222168,-17.272949,stair_down
1769345321.980693,-0.413818,-0.766602,-0.434448,-11.962894,-34.545898,-16.540527,stair_down
1769345321.9990988,-0.429565,-0.740967,-0.426514,-10.681152,-26.916512,-16.784668,stair_down
1769345322.0171068,-0.430298,-0.729126,-0.415894,-8.117676,-14.038090,-17.089844,stair_down
1769345322.0381765,-0.420410,-0.725220,-0.406128,-5.615236,-8.117676,-15.136723,stair_down
1769345322.057287,-0.411377,-0.729980,-0.400635,-2.868653,-5.187988,-11.047363,stair_down
1769345322.0788326,-0.408569,-0.732666,-0.394409,-1.586915,-3.601075,-4.821777,stair_down
1769345322.0966702,-0.397827,-0.725342,-0.387817,-0.610352,-2.685547,2.746582,stair_down
1769345322.1166983,-0.380981,-0.720825,-0.377319,1.342773,-3.601075,10.681152,stair_down
1769345322.1364446,-0.382446,-0.750000,-0.369995,6.042482,-5.126953,21.118164,stair_down
1769345322.1570196,-0.383057,-0.783691,-0.372803,7.873537,-4.028320,26.977547,stair_down
1769345322.1784174,-0.373413,-0.801514,-0.377686,7.995607,-2.197266,32.531738,stair_down
1769345322.1974747,-0.363403,-0.795288,-0.384766,7.629396,-0.671387,37.658691,stair_down
1769345322.2172444,-0.354126,-0.781372,-0.396362,7.812502,0.244141,41.198730,stair_down
1769345322.2369962,-0.344238,-0.765625,-0.404419,7.751467,1.098633,43.273926,stair_down
1769345322.2564008,-0.332764,-0.750488,-0.402588,7.995607,1.770020,44.616714,stair_down
1769345322.2792785,-0.322632,-0.764160,-0.405396,10.009766,3.295899,43.640137,stair_down
1769345322.2961469,-0.319214,-0.788208,-0.421265,9.277344,5.554201,41.870117,stair_down
1769345322.3466163,-0.316772,-0.787476,-0.434937,5.859377,7.629396,40.344238,stair_down
1769345322.3664234,-0.309814,-0.745483,-0.445923,2.807618,9.277344,39.123535,stair_down
1769345322.3677669,-0.301392,-0.693726,-0.452515,3.173829,11.291508,37.536621,stair_down
1769345322.3772154,-0.295044,-0.665771,-0.438477,8.544922,12.939457,35.156250,stair_down
1769345322.3992257,-0.324585,-0.749878,-0.432617,23.681648,17.211914,25.573738,stair_down
1769345322.418981,-0.449585,-1.077637,-0.459961,47.363297,40.527344,3.601075,stair_down
1769345322.43657,-0.526489,-1.354126,-0.478882,47.729507,67.504883,-7.202150,stair_down
1769345322.4574807,-0.502441,-1.443726,-0.478760,23.986824,91.369659,-3.967286,stair_down
1769345322.47621,-0.395142,-1.251587,-0.466187,5.859377,104.492218,10.986328,stair_down
1769345322.496432,-0.257202,-1.097168,-0.419434,2.746582,97.656281,23.010262,stair_down
1769345322.5174794,-0.129150,-1.040527,-0.349731,1.525879,74.890137,34.301758,stair_down
1769345322.536187,-0.069702,-1.095215,-0.304077,5.676271,21.911621,33.630371,stair_down
1769345322.5564337,-0.151245,-1.263184,-0.312866,1.403809,-6.591799,27.587898,stair_down
1769345322.5784998,-0.205811,-1.316650,-0.324463,-19.470215,-24.047859,33.142090,stair_down
1769345322.5961685,-0.253662,-1.129761,-0.343018,-37.658691,-37.963867,35.034180,stair_down
1769345322.6180375,-0.279419,-0.940063,-0.327271,-39.245605,-51.330582,26.000984,stair_down
1769345322.6363018,-0.303345,-0.831787,-0.284668,-39.184570,-57.739273,17.578125,stair_down
1769345322.657852,-0.286987,-0.735840,-0.259766,-35.339355,-58.166519,13.916019,stair_down
1769345322.676359,-0.326416,-0.670532,-0.257690,-21.972656,-49.926773,9.216309,stair_down
1769345322.6961308,-0.347168,-0.663696,-0.271240,-13.427738,-38.879395,0.793457,stair_down
1769345322.7163963,-0.342041,-0.680542,-0.273438,-6.164553,-29.052742,-9.765625,stair_down
1769345322.7387419,-0.343750,-0.705933,-0.269775,-1.037598,-20.935059,-19.714355,stair_down
1769345322.7564979,-0.350586,-0.723877,-0.265991,2.380371,-13.916019,-28.320320,stair_down
1769345322.7772293,-0.361572,-0.735107,-0.269897,7.263186,-6.530764,-36.193848,stair_down
1769345322.7966123,-0.381592,-0.789429,-0.291382,16.784668,4.333496,-48.828140,stair_down
1769345322.8184855,-0.399048,-0.842285,-0.309448,22.094727,11.535648,-57.373062,stair_down
1769345322.838065,-0.414185,-0.903320,-0.319214,25.573738,18.920898,-64.697266,stair_down
1769345322.8572187,-0.415771,-0.958740,-0.319702,24.658211,24.780281,-68.420410,stair_down
1769345322.876414,-0.409668,-0.987793,-0.322876,20.385742,26.550301,-66.894531,stair_down
1769345322.8986619,-0.397461,-0.974609,-0.333496,15.686039,24.780281,-63.232437,stair_down
1769345322.9187424,-0.369507,-0.949097,-0.349365,15.563969,19.775391,-58.471695,stair_down
1769345322.9377308,-0.339722,-0.978271,-0.367798,18.371582,4.821777,-46.630875,stair_down
1769345322.9564824,-0.344849,-0.994019,-0.375732,16.174316,-5.737307,-34.118652,stair_down
1769345322.9831142,-0.377075,-0.970215,-0.383667,14.343266,-11.230473,-21.545410,stair_down
1769345322.9962037,-0.412598,-0.944214,-0.408447,14.343266,-8.789063,-12.268070,stair_down
1769345323.018423,-0.438477,-0.918091,-0.439209,12.451176,-0.671387,-5.554201,stair_down
1769345323.036388,-0.428833,-0.879150,-0.448120,9.399414,9.460449,-0.610352,stair_down
1769345323.0586646,-0.385498,-0.844238,-0.446411,6.896975,14.160160,3.723145,stair_down
1769345323.0791285,-0.346924,-0.844116,-0.434937,2.929688,12.146000,5.371094,stair_down
1769345323.0964196,-0.317505,-0.853638,-0.420410,-2.868653,6.774904,7.507326,stair_down
1769345323.1165102,-0.306519,-0.855103,-0.403076,-8.422852,-1.281738,10.620117,stair_down
1769345323.1486382,-0.315918,-0.850952,-0.387817,-14.282230,-8.422852,14.526371,stair_down
1769345323.3658807,-0.321777,-0.803467,-0.349121,-21.362305,-16.845703,23.071297,stair_down
1769345323.368901,-0.315674,-0.761108,-0.326782,-23.193367,-19.958496,28.869637,stair_down
1769345323.368901,-0.310303,-0.734497,-0.305054,-23.010262,-22.338875,31.311043,stair_down
1769345323.368901,-0.306519,-0.714233,-0.283936,-21.667480,-24.230965,31.799324,stair_down
1769345323.368901,-0.315308,-0.719116,-0.275513,-18.005371,-24.597176,29.418953,stair_down
1769345323.368901,-0.339355,-0.747559,-0.273560,-16.113281,-21.911621,24.536140,stair_down
1769345323.368901,-0.356567,-0.766602,-0.273315,-15.686039,-17.150879,18.493652,stair_down
1769345323.368901,-0.371338,-0.768188,-0.277832,-15.869144,-11.779789,11.535648,stair_down
1769345323.3704436,-0.380859,-0.723267,-0.289063,-16.357422,-2.136230,3.540040,stair_down
1769345323.3704436,-0.363525,-0.677368,-0.283936,-13.854984,2.319336,-0.610352,stair_down
1769345323.3769197,-0.346924,-0.641479,-0.276367,-8.972168,4.821777,-4.821777,stair_down
1769345323.4463966,-0.358887,-0.644409,-0.280396,-2.319336,6.652834,-7.873537,stair_down
1769345323.4565027,-0.375122,-0.670166,-0.292969,1.220703,10.864258,-10.681152,stair_down
1769345323.4565027,-0.378296,-0.685669,-0.308716,2.685547,16.174316,-10.803223,stair_down
1769345323.4582677,-0.365112,-0.700439,-0.325562,4.272461,22.277840,-8.850098,stair_down
1769345323.4784806,-0.341675,-0.766846,-0.310547,14.953617,20.751953,-12.268070,stair_down
1769345323.4965289,-0.372681,-0.996216,-0.346802,32.531738,18.737793,-24.108894,stair_down
1769345323.5191257,-0.431030,-1.306396,-0.385376,35.705566,22.888191,-32.348633,stair_down
1769345323.5379362,-0.460205,-1.440674,-0.417480,12.329105,32.287598,-27.099617,stair_down
1769345323.6366277,-0.381592,-1.201050,-0.451416,-9.643555,34.667969,-9.948730,stair_down
1769345323.6366277,-0.307861,-0.957520,-0.482910,-2.014160,24.353035,4.150391,stair_down
1769345323.6366277,-0.354126,-1.041626,-0.530029,33.935547,9.155273,6.347658,stair_down
1769345323.66944,-0.470215,-1.322388,-0.586182,46.325699,20.568848,5.859377,stair_down
1769345323.66944,-0.485229,-1.474365,-0.595337,28.686531,44.860855,16.296387,stair_down
1769345323.66944,-0.369507,-1.306030,-0.608521,5.493164,62.011734,34.790039,stair_down
1769345323.6782362,-0.216797,-1.057495,-0.654053,0.000000,57.739273,52.124039,stair_down
1769345323.6969914,-0.113281,-0.922607,-0.667236,2.807618,36.926270,66.467285,stair_down
1769345323.7191327,-0.048828,-0.875366,-0.525635,-7.690432,-3.234864,75.561523,stair_down
1769345323.740301,0.034424,-0.834473,-0.429932,-19.714355,-38.635254,79.040527,stair_down
1769345323.7578433,-0.183350,-0.600098,-0.423950,-31.005867,-54.748550,34.851074,stair_down
1769345323.779495,-0.317017,-0.722900,-0.357666,-18.005371,-28.015144,37.719727,stair_down
1769345323.7976902,-0.257446,-0.822266,-0.352295,-10.559082,-23.132332,39.123535,stair_down
1769345323.816891,-0.390015,-0.890503,-0.320801,-20.690918,-3.906251,40.710449,stair_down
1769345323.836408,-0.410034,-0.833862,-0.322388,-23.071297,25.329597,26.672371,stair_down
1769345323.8588986,-0.319458,-0.881470,-0.351440,-13.671879,43.273926,6.286623,stair_down
1769345323.8786454,-0.276489,-0.889648,-0.365356,-9.216309,44.006348,1.892090,stair_down
1769345323.8963132,-0.214355,-0.885010,-0.366699,-5.004883,31.311043,2.929688,stair_down
1769345323.9183981,-0.209961,-0.856445,-0.338501,-3.173829,15.258793,4.089355,stair_down
1769345323.9372807,-0.203003,-0.827515,-0.326660,-0.061035,0.488281,3.112794,stair_down
1769345323.9565434,-0.220459,-0.843994,-0.303955,-0.915528,-10.559082,4.943848,stair_down
1769345323.9762342,-0.281372,-0.775391,-0.293091,0.000000,-5.798342,-0.488281,stair_down
1769345323.9974496,-0.229858,-0.807983,-0.312866,-2.929688,-12.023930,2.441406,stair_down
1769345324.0177774,-0.279053,-0.749512,-0.350586,-2.441406,-12.329105,-1.892090,stair_down
1769345324.0377162,-0.284180,-0.727539,-0.378052,2.441406,-11.352543,-11.047363,stair_down
1769345324.0567453,-0.320313,-0.722656,-0.401978,9.521484,-6.408693,-22.277840,stair_down
1769345324.0779083,-0.336914,-0.739624,-0.419067,13.244633,0.305176,-29.052742,stair_down
1769345324.09972,-0.341064,-0.710083,-0.449951,16.357422,6.530764,-33.447266,stair_down
1769345324.11648,-0.331665,-0.795776,-0.484131,18.676758,16.052246,-24.902351,stair_down
1769345324.1376202,-0.329834,-0.653564,-0.506104,14.587406,16.479492,-38.391113,stair_down
1769345324.1562529,-0.317627,-0.695313,-0.499634,23.193367,17.333984,-36.315918,stair_down
1769345324.176514,-0.294556,-0.743774,-0.484863,18.371582,13.122562,-34.545898,stair_down
1769345324.1973147,-0.314087,-0.735962,-0.484741,15.991215,10.192871,-35.156250,stair_down
1769345324.216779,-0.322388,-0.776489,-0.479248,14.343266,8.239746,-34.057617,stair_down
1769345324.2379277,-0.335449,-0.797363,-0.471924,8.117676,7.446291,-32.348633,stair_down
1769345324.2580059,-0.331299,-0.776367,-0.476074,0.854492,4.455566,-25.573738,stair_down
1769345324.277853,-0.321655,-0.748779,-0.479858,-1.770020,0.061035,-18.981934,stair_down
1769345324.2988348,-0.315186,-0.728638,-0.473755,-1.220703,-5.920412,-12.695316,stair_down
1769345324.3161724,-0.331055,-0.735229,-0.462280,-0.793457,-10.803223,-7.690432,stair_down
1769345324.337227,-0.348877,-0.742310,-0.452148,-2.014160,-12.695316,-4.211426,stair_down
1769345324.3572755,-0.359497,-0.742188,-0.446655,-2.563477,-11.840824,-2.380371,stair_down
1769345324.3785634,-0.373779,-0.755737,-0.442139,-2.685547,-4.943848,-0.122070,stair_down
1769345324.3980315,-0.363037,-0.753906,-0.437622,-2.380371,-0.061035,2.258301,stair_down
1769345324.4066,-0.348877,-0.756714,-0.435669,-0.488281,2.502441,4.638672,stair_down
1769345324.4383872,-0.342407,-0.775391,-0.439209,1.708985,3.295899,6.347658,stair_down
1769345324.457039,-0.347290,-0.808105,-0.427734,6.591799,3.112794,6.774904,stair_down
1769345324.4785569,-0.376587,-0.938599,-0.423950,18.859863,4.760742,1.647950,stair_down
1769345324.4961824,-0.411377,-1.159058,-0.430542,24.719246,10.742188,-2.441406,stair_down
1769345324.5180197,-0.425049,-1.355469,-0.431030,6.530764,22.399910,5.187988,stair_down
1769345324.5377126,-0.373413,-1.266357,-0.427490,-8.300781,25.146492,18.920898,stair_down
1769345324.557598,-0.302002,-1.113281,-0.415405,-10.559082,20.446777,34.423828,stair_down
1769345324.5663638,-0.241455,-1.034424,-0.399658,-6.103518,10.131836,46.691910,stair_down
1769345324.5997329,-0.209961,-1.004517,-0.370728,-4.272461,-3.540040,55.725113,stair_down
1769345324.616471,-0.209717,-1.004028,-0.342529,-0.976563,-20.019531,56.518570,stair_down
1769345324.6371799,-0.261963,-1.083496,-0.329224,2.746582,-28.625496,48.889175,stair_down
1769345324.6562757,-0.347046,-1.159546,-0.326904,-7.385256,-25.207527,32.104492,stair_down
1769345324.6775048,-0.378052,-1.086670,-0.329956,-14.831547,-17.700195,21.057129,stair_down
1769345324.6964765,-0.373291,-1.003174,-0.330688,-17.150879,-10.192871,12.329105,stair_down
1769345324.7163107,-0.330688,-0.923462,-0.328735,-18.005371,-6.774904,7.507326,stair_down
1769345324.7364378,-0.294922,-0.842529,-0.313599,-15.258793,-7.385256,5.310059,stair_down
1769345324.756181,-0.274536,-0.776855,-0.300537,-9.277344,-11.047363,4.760742,stair_down
1769345324.7762127,-0.278076,-0.725098,-0.283691,-0.183106,-12.817387,2.380371,stair_down
1769345324.7964764,-0.291138,-0.729004,-0.276123,6.530764,-13.122562,-1.953125,stair_down
1769345324.8162417,-0.311890,-0.756958,-0.273682,10.559082,-10.742188,-7.629396,stair_down
1769345324.8363757,-0.324097,-0.773315,-0.277710,12.390141,-6.408693,-12.268070,stair_down
1769345324.8564196,-0.334717,-0.782104,-0.279541,15.014652,-0.183106,-15.930180,stair_down
1769345324.8786469,-0.333862,-0.801392,-0.279785,18.005371,6.042482,-20.202637,stair_down
1769345324.898629,-0.322144,-0.830322,-0.280151,20.080566,8.544922,-24.536140,stair_down
1769345324.918456,-0.314087,-0.871826,-0.277954,19.714355,5.981447,-29.724129,stair_down
1769345324.9363115,-0.325684,-0.898682,-0.276855,18.066406,3.295899,-33.203125,stair_down
1769345324.956491,-0.334351,-0.921509,-0.277954,15.380863,1.098633,-36.193848,stair_down
1769345324.9764075,-0.336914,-0.930664,-0.284302,11.840824,-1.098633,-36.987305,stair_down
1769345324.9985373,-0.340332,-0.921265,-0.299927,9.216309,-4.211426,-35.766602,stair_down
1769345325.0194132,-0.354126,-0.904541,-0.323242,8.789063,-7.141115,-34.851074,stair_down
1769345325.038542,-0.385376,-0.902710,-0.346680,10.498047,-6.591799,-33.081055,stair_down
1769345325.0582976,-0.397217,-0.898804,-0.357544,9.338379,-2.136230,-28.991707,stair_down
1769345325.4136503,-0.326050,-0.738037,-0.329346,-12.756351,-15.380863,2.075195,stair_down
1769345325.4136503,-0.333374,-0.742554,-0.313965,-12.023930,-17.761230,1.770020,stair_down
1769345325.4136503,-0.348511,-0.757813,-0.304321,-11.230473,-18.127441,0.854492,stair_down
1769345325.4136503,-0.367676,-0.776489,-0.301392,-11.169437,-14.526371,-0.793457,stair_down
1769345325.4136503,-0.376709,-0.781860,-0.298096,-13.000492,-11.474613,-1.647950,stair_down
1769345325.4156702,-0.358521,-0.768555,-0.300903,-12.268070,-10.131836,-2.746582,stair_down
1769345325.4156702,-0.337524,-0.766724,-0.293701,-11.291508,-12.023930,-1.770020,stair_down
1769345325.4156702,-0.328857,-0.745361,-0.290649,-12.634281,-15.502934,0.122070,stair_down
1769345325.4161818,-0.328125,-0.720215,-0.301636,-12.512211,-19.348145,0.854492,stair_down
1769345325.4193158,-0.329224,-0.724854,-0.316650,-10.864258,-22.705086,0.610352,stair_down
1769345325.4407825,-0.376221,-0.840332,-0.311279,0.671387,-25.512703,-6.652834,stair_down
1769345325.4563031,-0.442017,-1.032349,-0.337402,12.573246,-16.296387,-18.432617,stair_down
1769345325.497022,-0.524048,-1.267090,-0.394409,17.272949,2.380371,-27.771004,stair_down
1769345325.50167,-0.551025,-1.342041,-0.458374,-1.342773,25.939949,-27.099617,stair_down
1769345325.516402,-0.449585,-1.134155,-0.465454,-13.244633,38.879395,-15.136723,stair_down
1769345325.5363572,-0.375977,-1.001953,-0.471436,-1.770020,37.536621,-2.929688,stair_down
1769345325.717611,-0.263916,-1.165771,-0.495972,-5.737307,25.573738,44.677750,stair_down
1769345325.717611,-0.214478,-1.047607,-0.531616,-6.774904,14.038090,58.105484,stair_down
1769345325.717611,-0.216187,-1.001831,-0.536621,-3.723145,1.586915,66.223145,stair_down
1769345325.717611,-0.237061,-0.992798,-0.501709,-4.577637,-4.028320,69.458008,stair_down
1769345325.717611,-0.197998,-0.952148,-0.479370,-12.207035,-8.361816,66.162109,stair_down
1769345325.717611,-0.297852,-0.904907,-0.378418,-29.541023,-3.356935,65.734863,stair_down
1769345325.7396731,-0.247559,-0.739624,-0.401367,-26.184090,0.854492,47.546402,stair_down
1769345325.756816,-0.255737,-0.745728,-0.385742,-12.390141,2.807618,28.991707,stair_down
1769345325.7764893,-0.261597,-0.853638,-0.351074,-13.610844,6.286623,32.958984,stair_down
1769345325.798454,-0.277100,-0.801880,-0.356079,-13.427738,14.953617,34.362793,stair_down
1769345325.8163862,-0.240112,-0.806030,-0.353638,-12.084965,13.793949,28.747566,stair_down
1769345325.839486,-0.242920,-0.782959,-0.354370,-9.094238,11.718754,11.047363,stair_down
1769345325.8575091,-0.231445,-0.793091,-0.349976,-4.089355,9.277344,1.403809,stair_down
1769345325.8776278,-0.233521,-0.812988,-0.340698,-0.732422,6.042482,0.122070,stair_down
1769345325.9001248,-0.242798,-0.791382,-0.332397,-0.549316,5.554201,-0.488281,stair_down
1769345325.9193482,-0.232178,-0.769775,-0.330933,0.915528,2.380371,-0.183106,stair_down
1769345325.9375846,-0.247559,-0.726563,-0.335449,3.112794,2.075195,-4.821777,stair_down
1769345325.9562452,-0.250366,-0.701172,-0.350464,7.690432,1.342773,-8.300781,stair_down
1769345325.9765337,-0.268311,-0.670288,-0.362793,9.521484,1.342773,-11.779789,stair_down
1769345325.998313,-0.279663,-0.649170,-0.377930,13.488773,3.112794,-16.540527,stair_down
1769345326.0161905,-0.271240,-0.660278,-0.388550,14.404301,1.770020,-18.432617,stair_down
1769345326.0362794,-0.308228,-0.627197,-0.404175,14.953617,5.737307,-26.306160,stair_down
1769345326.058694,-0.282104,-0.640137,-0.410400,15.441898,6.286623,-30.944832,stair_down
1769345326.0789483,-0.298706,-0.632080,-0.400513,12.756351,4.638672,-41.076660,stair_down
1769345326.0992258,-0.300537,-0.681396,-0.393433,14.465336,5.676271,-40.527344,stair_down
1769345326.1173718,-0.315186,-0.722412,-0.391968,12.573246,5.859377,-39.733887,stair_down
1769345326.1400695,-0.340210,-0.752197,-0.399780,11.901859,7.263186,-42.175293,stair_down
1769345326.1589952,-0.351807,-0.788330,-0.413574,11.352543,8.422852,-44.189453,stair_down
1769345326.1767383,-0.359009,-0.805542,-0.427979,10.437012,10.498047,-42.663574,stair_down
1769345326.1988783,-0.359619,-0.797485,-0.442993,9.948730,10.437012,-36.743164,stair_down
1769345326.218828,-0.361572,-0.784912,-0.453613,10.192871,10.131836,-26.489265,stair_down
1769345326.2387338,-0.357422,-0.772095,-0.447510,8.850098,9.887695,-18.615723,stair_down
1769345326.2760375,-0.345703,-0.749390,-0.434082,7.812502,9.399414,-10.742188,stair_down
1769345326.2924085,-0.339600,-0.742554,-0.417847,8.666992,8.789063,-3.967286,stair_down
1769345326.3062305,-0.347168,-0.797363,-0.398804,17.639160,7.507326,-2.136230,stair_down
1769345326.316222,-0.403564,-0.996704,-0.424194,30.517586,9.521484,-8.361816,stair_down
1769345326.3401594,-0.470947,-1.266113,-0.440063,32.470703,28.625496,-16.601563,stair_down
1769345326.3765082,-0.493896,-1.490967,-0.468262,4.089355,43.090820,-8.422852,stair_down
1769345326.38656,-0.385254,-1.265503,-0.446777,-16.723633,45.166031,10.131836,stair_down
1769345326.3987706,-0.276245,-1.087280,-0.408691,-14.160160,31.616219,25.451668,stair_down
1769345326.4189556,-0.214478,-1.076538,-0.376343,-6.347658,12.146000,37.963867,stair_down
1769345326.4365854,-0.207642,-1.153076,-0.356323,0.915528,-5.798342,46.630875,stair_down
1769345326.4565089,-0.255859,-1.283936,-0.353149,1.098633,-19.714355,49.438492,stair_down
1769345326.477261,-0.303223,-1.237061,-0.347900,-22.888191,-26.733406,54.321304,stair_down
1769345326.496763,-0.288696,-1.066040,-0.354492,-27.221687,-31.860359,52.124039,stair_down
1769345326.5160894,-0.287231,-0.958740,-0.342651,-26.062019,-38.208008,48.217789,stair_down
1769345326.538795,-0.279663,-0.875244,-0.327515,-25.024422,-42.358398,46.386734,stair_down
1769345326.5591714,-0.285645,-0.785400,-0.316040,-20.996094,-43.273926,43.151855,stair_down
1769345326.5773096,-0.304565,-0.733643,-0.311401,-13.916019,-40.100098,37.963867,stair_down
1769345326.5979166,-0.324585,-0.715942,-0.304565,-8.361816,-31.921394,28.686531,stair_down
1769345326.6162753,-0.321411,-0.680664,-0.306641,1.403809,-18.127441,11.840824,stair_down
1769345326.636097,-0.332886,-0.701782,-0.303345,5.920412,-7.019045,5.737307,stair_down
1769345326.6564054,-0.326782,-0.697754,-0.303345,7.324221,1.281738,-2.990724,stair_down
1769345326.6767073,-0.331299,-0.709595,-0.304688,11.108402,8.117676,-14.221195,stair_down
1769345326.6976342,-0.322998,-0.744507,-0.308350,13.122562,13.427738,-24.719246,stair_down
1769345326.7197223,-0.322876,-0.773682,-0.310791,13.671879,15.380863,-33.630371,stair_down
1769345326.7385492,-0.338867,-0.817871,-0.302734,13.061527,17.150879,-44.250504,stair_down
1769345326.7596016,-0.347900,-0.845093,-0.304199,11.474613,18.859863,-49.255386,stair_down
1769345326.7792013,-0.347412,-0.872681,-0.310303,9.399414,19.836426,-51.391617,stair_down
1769345326.7996452,-0.338989,-0.889282,-0.317017,6.164553,18.554688,-50.109879,stair_down
1769345326.8160863,-0.317749,-0.884033,-0.322021,2.746582,13.916019,-45.837418,stair_down
1769345326.8415089,-0.296509,-0.865723,-0.329590,-1.831055,4.211426,-38.452148,stair_down
1769345326.9234018,-0.238159,-0.826172,-0.327026,-5.432129,-13.244633,-32.897949,stair_down
1769345326.9247913,-0.302368,-0.784668,-0.317505,-1.831055,-22.888191,-14.770512,stair_down
1769345326.9323938,-0.291992,-0.740356,-0.312866,-5.432129,-29.846199,-12.695316,stair_down
1769345326.9323938,-0.328735,-0.716064,-0.313843,-5.126953,-32.409668,-8.483887,stair_down
1769345327.048092,-0.350586,-0.682861,-0.310547,-3.784181,-23.376472,-10.009766,stair_down
1769345327.048092,-0.358643,-0.693237,-0.308716,-2.502441,-16.357422,-12.878422,stair_down
1769345327.048092,-0.363403,-0.740112,-0.314575,-2.624512,-8.483887,-18.798828,stair_down
1769345327.0781739,-0.350098,-0.762939,-0.314087,-5.676271,-7.019045,-22.460945,stair_down
1769345327.0835474,-0.339478,-0.754761,-0.321045,-7.324221,-8.728027,-24.902351,stair_down
1769345327.0845454,-0.347656,-0.753174,-0.329590,-7.629396,-10.986328,-25.756844,stair_down
1769345327.0845454,-0.351685,-0.756104,-0.329712,-8.483887,-13.732914,-25.634773,stair_down
1769345327.1005025,-0.346802,-0.770508,-0.322144,-6.896975,-17.822266,-24.597176,stair_down
1769345327.119552,-0.384277,-0.887573,-0.348755,6.958010,-21.301270,-29.724129,stair_down
1769345327.1363804,-0.478516,-1.250854,-0.415527,12.329105,-12.390141,-39.916992,stair_down
1769345327.1574955,-0.509888,-1.336426,-0.449829,-3.967286,-1.403809,-36.682129,stair_down
1769345327.1763353,-0.476807,-1.179321,-0.479736,-18.066406,8.361816,-25.451668,stair_down
1769345327.2037575,-0.426270,-1.017456,-0.512817,-13.977055,9.216309,-12.329105,stair_down
1769345327.2201958,-0.415894,-0.991577,-0.541260,1.892090,9.216309,-2.136230,stair_down
1769345327.2396386,-0.437134,-1.121460,-0.546143,13.610844,16.235352,8.789063,stair_down
1769345327.259858,-0.445679,-1.287964,-0.521362,15.625004,28.381355,18.005371,stair_down
1769345327.2806308,-0.347046,-1.324707,-0.505981,-7.690432,41.931152,40.588379,stair_down
1769345327.3361716,-0.234863,-1.187378,-0.546875,-14.953617,33.752441,57.800308,stair_down
1769345327.3361716,-0.168335,-1.097412,-0.550903,-17.456055,10.986328,71.166992,stair_down
1769345327.3361716,-0.173950,-1.011108,-0.502441,-20.446777,-13.977055,81.542969,stair_down
1769345327.3665102,-0.134155,-1.008911,-0.447144,-21.179199,-33.264160,92.407257,stair_down
1769345327.380633,-0.323486,-0.859741,-0.406372,-46.813980,-33.020020,69.946289,stair_down
1769345327.3999732,-0.233521,-0.859985,-0.393555,-18.005371,-21.606445,67.077637,stair_down
1769345327.419072,-0.331299,-0.800537,-0.379395,-27.099617,-16.174316,56.762711,stair_down
1769345327.4387918,-0.199585,-0.838379,-0.359741,-14.770512,-15.625004,85.205078,stair_down
1769345327.46118,-0.295532,-0.753662,-0.341309,-20.935059,-10.742188,82.336426,stair_down
1769345327.4794385,-0.276001,-0.653076,-0.328491,-12.512211,0.854492,67.749023,stair_down
1769345327.4993365,-0.274536,-0.673340,-0.321777,0.244141,7.385256,48.889175,stair_down
1769345327.5164964,-0.271851,-0.718994,-0.319824,4.028320,14.099125,38.024902,stair_down
1769345327.5395384,-0.259033,-0.699341,-0.329956,10.009766,23.742683,31.311043,stair_down
1769345327.5588696,-0.224731,-0.697388,-0.321655,10.437012,25.268562,28.991707,stair_down
1769345327.5791273,-0.207520,-0.675903,-0.312012,8.789063,21.972656,25.268562,stair_down
1769345327.599588,-0.186035,-0.654297,-0.299805,6.103518,14.465336,17.944336,stair_down
1769345327.6188812,-0.175415,-0.637329,-0.294434,5.981447,5.249023,10.803223,stair_down
1769345327.6396427,-0.199341,-0.630493,-0.312622,6.286623,-0.793457,2.868653,stair_down
1769345327.6589758,-0.251831,-0.630493,-0.345337,9.033203,-1.220703,-10.314941,stair_down
1769345327.6794846,-0.260498,-0.634277,-0.358643,11.230473,1.953125,-18.066406,stair_down
1769345327.6964567,-0.267212,-0.640991,-0.367432,13.610844,5.493164,-23.132332,stair_down
1769345327.716154,-0.267700,-0.655640,-0.380493,16.662598,8.666992,-28.564461,stair_down
1769345327.7392285,-0.275146,-0.694458,-0.392700,20.446777,11.779789,-34.973145,stair_down
1769345327.759184,-0.282593,-0.748291,-0.405518,21.423340,15.075687,-40.832520,stair_down
1769345327.7790246,-0.282471,-0.780396,-0.414063,19.592285,17.639160,-45.715347,stair_down
1769345327.7987137,-0.272217,-0.793457,-0.416382,18.127441,15.625004,-51.025406,stair_down
1769345327.8202872,-0.277954,-0.798096,-0.410034,18.249512,11.413578,-53.344742,stair_down
1769345327.8393018,-0.317749,-0.849487,-0.405396,28.137215,9.216309,-60.424820,stair_down
1769345327.8563025,-0.403931,-1.018433,-0.453979,39.855957,14.709476,-73.730469,stair_down
1769345327.877675,-0.514404,-1.213867,-0.489258,44.006348,34.240723,-85.266113,stair_down
1769345327.916203,-0.609009,-1.364014,-0.533203,39.001465,66.101074,-91.918976,stair_down
1769345327.9667158,-0.596802,-1.382324,-0.563354,21.118164,106.994659,-76.843262,stair_down
1769345327.9667158,-0.351807,-1.179199,-0.510498,-2.502441,102.111847,-53.710953,stair_down
1769345327.9667158,-0.161133,-1.073853,-0.457764,-3.295899,73.303223,-31.921394,stair_down
1769345327.976274,-0.045654,-1.076904,-0.419067,-0.366211,31.433113,-14.099125,stair_down
1769345327.996363,-0.053833,-1.125488,-0.394897,-0.671387,-9.765625,-0.671387,stair_down
1769345328.0173628,-0.144897,-1.172241,-0.402466,-7.385256,-44.006348,7.080080,stair_down
1769345328.0393393,-0.241211,-1.167236,-0.410156,-14.953617,-66.894531,10.070801,stair_down
1769345328.0566611,-0.380737,-1.097412,-0.421997,-24.047859,-78.552246,10.864258,stair_down
1769345328.078038,-0.444458,-0.995850,-0.418579,-31.005867,-71.899414,13.244633,stair_down
1769345328.098992,-0.443604,-0.860840,-0.406738,-33.325195,-59.143082,15.747074,stair_down
1769345328.1164541,-0.396362,-0.741699,-0.372437,-29.663094,-46.203629,16.784668,stair_down
1769345328.1397722,-0.351440,-0.665161,-0.328003,-21.911621,-37.414551,16.296387,stair_down
1769345328.1576622,-0.329590,-0.636963,-0.297974,-13.427738,-31.677254,14.343266,stair_down
1769345328.1761222,-0.324829,-0.645142,-0.288452,-5.798342,-27.526863,12.329105,stair_down
1769345328.1990159,-0.357056,-0.695068,-0.292480,-0.122070,-19.104004,10.559082,stair_down
1769345328.217377,-0.366943,-0.707886,-0.290405,2.014160,-8.911133,8.911133,stair_down
1769345328.2398486,-0.367310,-0.728027,-0.285400,6.042482,1.281738,5.493164,stair_down
1769345328.2591376,-0.353394,-0.771118,-0.289185,8.544922,7.934572,0.915528,stair_down
1769345328.2763143,-0.332031,-0.806030,-0.294800,8.300781,9.704590,-1.586915,stair_down
1769345328.297744,-0.318604,-0.814087,-0.290039,5.798342,8.239746,-0.854492,stair_down
1769345328.316481,-0.292236,-0.796265,-0.266968,2.563477,-0.183106,3.112794,stair_down
1769345328.3401377,-0.276733,-0.797729,-0.256714,1.037598,-9.338379,6.042482,stair_down
1769345328.3566203,-0.266113,-0.795044,-0.250366,-1.403809,-19.531250,9.704590,stair_down
1769345328.3790085,-0.269287,-0.768677,-0.259277,-2.075195,-28.686531,13.488773,stair_down
1769345328.397268,-0.280518,-0.750488,-0.269653,0.366211,-35.034180,14.831547,stair_down
1769345328.419294,-0.297363,-0.739990,-0.275391,2.990724,-38.208008,15.869144,stair_down
1769345328.439611,-0.325562,-0.718872,-0.289673,6.652834,-35.888672,15.441898,stair_down
1769345328.456402,-0.370972,-0.713989,-0.321533,13.854984,-22.705086,11.413578,stair_down
1769345328.478379,-0.395874,-0.706909,-0.347656,16.479492,-7.507326,3.601075,stair_down
1769345328.4963336,-0.388794,-0.710327,-0.372681,15.197758,5.981447,-8.605957,stair_down
1769345328.5864122,-0.345581,-0.712036,-0.427002,23.864754,26.855476,-21.423340,stair_down
1769345328.5864122,-0.342773,-0.748169,-0.455688,16.662598,26.794441,-23.925789,stair_down
1769345328.5864122,-0.371338,-0.717041,-0.458740,20.507813,23.254402,-33.142090,stair_down
1769345328.5980709,-0.359863,-0.885864,-0.446045,33.935547,20.019531,-39.611816,stair_down
1769345328.649867,-0.455566,-1.114136,-0.491943,38.146973,25.268562,-51.391617,stair_down
1769345328.7080586,-0.568604,-1.326294,-0.533081,29.113777,46.691910,-55.358902,stair_down
1769345328.7080586,-0.603271,-1.320068,-0.528442,8.850098,85.449219,-45.654312,stair_down
1769345328.7080586,-0.397339,-1.193359,-0.518799,-7.629396,82.885742,-29.663094,stair_down
1769345328.7080586,-0.324707,-1.099609,-0.501099,-7.873537,64.453125,-14.038090,stair_down
1769345328.7215931,-0.211792,-1.235229,-0.460938,0.793457,30.639656,7.385256,stair_down
1769345328.7387958,-0.209229,-1.350220,-0.438965,-7.202150,9.826660,27.343758,stair_down
1769345328.7595682,-0.218140,-1.321289,-0.429077,-19.287109,-11.474613,47.912613,stair_down
1769345328.7787073,-0.231934,-1.247803,-0.427124,-21.667480,-29.724129,60.607925,stair_down
1769345328.7962997,-0.263672,-1.224487,-0.430908,-22.583015,-40.954590,69.030762,stair_down
1769345328.8198981,-0.305542,-1.136353,-0.413696,-28.198250,-45.654312,75.866699,stair_down
1769345328.8477347,-0.345703,-1.018555,-0.393188,-28.381355,-42.846680,78.674316,stair_down
1769345328.8565493,-0.329468,-0.942749,-0.345093,-31.066902,-30.334480,77.819824,stair_down
1769345328.8791318,-0.329224,-0.803101,-0.342773,-36.743164,-22.216805,56.274429,stair_down
1769345328.8979816,-0.322632,-0.751465,-0.336792,-19.470215,-5.798342,55.969254,stair_down
1769345328.9205654,-0.268799,-0.766846,-0.308960,-18.554688,-3.906251,46.813980,stair_down
1769345328.9561877,-0.285522,-0.669189,-0.314209,-13.305668,-6.652834,30.639656,stair_down
1769345328.9593315,-0.244263,-0.740845,-0.298706,-9.277344,-5.249023,40.832520,stair_down
1769345328.9763439,-0.266113,-0.660034,-0.301636,-2.075195,3.723145,39.245605,stair_down
1769345328.9992993,-0.276489,-0.635742,-0.315674,5.676271,7.690432,23.010262,stair_down
1769345329.0163388,-0.270752,-0.675415,-0.322266,11.413578,9.155273,12.023930,stair_down
1769345329.0379102,-0.272461,-0.694580,-0.322266,13.061527,10.498047,2.990724,stair_down
1769345329.0585284,-0.274536,-0.706787,-0.322388,15.258793,12.146000,-3.417970,stair_down
1769345329.0784738,-0.283447,-0.722168,-0.321289,15.869144,13.671879,-8.972168,stair_down
1769345329.0986896,-0.290161,-0.723267,-0.328979,16.174316,14.831547,-16.113281,stair_down
1769345329.1201723,-0.323608,-0.741821,-0.348633,23.742683,18.920898,-31.616219,stair_down
1769345329.139453,-0.359497,-0.799316,-0.365234,29.846199,25.756844,-42.846680,stair_down
1769345329.159421,-0.394653,-0.860718,-0.385376,32.653809,36.010742,-53.405777,stair_down
1769345329.1762872,-0.405151,-0.905640,-0.401489,32.104492,48.522964,-59.204117,stair_down
1769345329.1979394,-0.391235,-0.945313,-0.389282,32.348633,56.701675,-61.279312,stair_down
1769345329.219382,-0.380981,-1.023682,-0.393433,35.156250,60.729996,-64.086914,stair_down
1769345329.2372603,-0.351440,-1.125366,-0.405518,33.630371,57.128922,-61.035172,stair_down
1769345329.4061794,-0.439819,-1.170166,-0.462402,21.118164,60.058609,-49.621597,stair_down
1769345329.4061794,-0.426270,-1.025879,-0.463257,7.568361,63.171402,-36.132813,stair_down
1769345329.4061794,-0.392090,-0.832886,-0.439575,1.708985,63.964859,-20.935059,stair_down
1769345329.4463735,-0.318848,-0.689941,-0.389160,23.254402,59.448257,3.417970,stair_down
1769345329.448451,-0.374146,-0.894165,-0.390625,30.212410,60.974136,7.873537,stair_down
1769345329.448451,-0.423828,-0.996704,-0.390259,21.850586,67.138672,7.934572,stair_down
1769345329.448451,-0.419922,-1.066895,-0.376709,10.864258,74.340820,7.141115,stair_down
1769345329.4493682,-0.385010,-1.104370,-0.358032,-3.173829,76.110840,11.291508,stair_down
1769345329.456525,-0.339111,-1.075684,-0.328125,-16.845703,72.326660,21.606445,stair_down
1769345329.4773548,-0.273071,-1.019409,-0.308716,-23.864754,59.753433,33.630371,stair_down
1769345329.546341,-0.239258,-0.986084,-0.292236,-26.977547,41.625977,45.654312,stair_down
1769345329.5564048,-0.247925,-0.955322,-0.268066,-28.991707,17.456055,58.349625,stair_down
1769345329.5564048,-0.257324,-0.945557,-0.252075,-30.334480,5.432129,63.964859,stair_down
1769345329.5564048,-0.272583,-0.920044,-0.236328,-31.127937,-5.004883,69.335938,stair_down
1769345329.5804558,-0.283325,-0.880615,-0.219971,-29.663094,-11.657719,72.875977,stair_down
1769345329.60008,-0.298218,-0.849243,-0.208740,-25.634773,-13.732914,74.829102,stair_down
1769345329.619619,-0.309204,-0.831543,-0.199097,-19.775391,-11.596684,74.707031,stair_down
1769345329.6428912,-0.349854,-0.784790,-0.194702,-4.028320,0.976563,62.805191,stair_down
1769345329.657776,-0.323608,-0.875488,-0.199341,-0.610352,10.803223,69.641113,stair_down
1769345329.680423,-0.347168,-0.819214,-0.206299,-2.868653,16.235352,57.495132,stair_down
1769345329.6982255,-0.348999,-0.788330,-0.209351,8.178711,23.620613,42.846680,stair_down
1769345329.7181928,-0.305664,-0.853760,-0.209595,12.817387,25.817879,34.790039,stair_down
1769345329.7385838,-0.277100,-0.853516,-0.219971,12.634281,17.333984,29.663094,stair_down
1769345329.75841,-0.282715,-0.854126,-0.226440,13.427738,1.647950,25.878914,stair_down
1769345329.778661,-0.293823,-0.843628,-0.259766,11.596684,-21.179199,23.559578,stair_down
1769345329.786481,-0.333740,-0.824951,-0.307617,14.770512,-39.550781,19.836426,stair_down
1769345329.8178282,-0.426880,-0.860596,-0.349121,21.850586,-57.434097,16.845703,stair_down
1769345329.836271,-0.533813,-0.913818,-0.361938,21.240234,-63.232437,20.996094,stair_down
1769345329.8568463,-0.589233,-0.894653,-0.347534,17.211914,-60.668961,29.296883,stair_down
1769345329.8785388,-0.645020,-0.889771,-0.300537,22.888191,-54.443375,32.531738,stair_down
1769345329.8981364,-0.804077,-1.016846,-0.295288,24.414070,-27.343758,31.005867,stair_down
1769345329.9202673,-0.853149,-0.936035,-0.328735,13.061527,0.122070,38.024902,stair_down
1769345329.9393945,-0.813354,-0.799683,-0.362793,15.319828,19.165039,45.043961,stair_down
1769345329.9602683,-0.739868,-0.778687,-0.363770,23.803719,23.132332,51.879898,stair_down
1769345329.9764555,-0.723877,-0.800049,-0.346924,26.794441,18.493652,58.044449,stair_down
1769345329.9982793,-0.820679,-0.753662,-0.333984,29.968269,26.367195,52.978531,stair_down
1769345330.016107,-0.674072,-0.850220,-0.300903,35.034180,19.836426,72.631836,stair_down
1769345330.0380008,-0.797485,-0.762451,-0.280396,27.954109,11.352543,84.228516,stair_down
1769345330.0574954,-0.833374,-0.769287,-0.277344,35.278320,17.822266,98.510773,stair_down
1769345330.079653,-0.885498,-0.797607,-0.265991,34.912109,31.311043,109.375031,stair_down
1769345330.0997388,-0.884766,-0.750488,-0.225220,35.156250,53.466812,119.079620,stair_down
1769345330.1184056,-0.999023,-0.799927,-0.141235,34.606934,82.092285,119.079620,stair_down
1769345330.1365333,-1.042725,-0.807617,-0.113281,15.869144,128.967285,100.524933,stair_down
1769345330.1561403,-0.789795,-0.811768,-0.161255,3.662110,203.674377,122.070343,stair_down
1769345330.1788125,-0.526367,-0.798828,-0.241699,-5.920412,204.101624,125.976593,stair_down
1769345330.1971087,-0.457275,-0.670532,-0.304565,-19.165039,222.290100,98.999054,stair_down
1769345330.2183585,-0.077148,-0.541504,-0.421875,-13.854984,196.960510,59.509293,stair_down
1769345330.2361956,0.040771,-0.634521,-0.544678,-4.577637,127.319366,48.461929,stair_down
1769345330.2574568,-0.158813,-0.616577,-0.613525,-8.117676,71.472168,35.156250,stair_down
1769345330.2762904,-0.234863,-0.570068,-0.646606,1.220703,23.986824,37.170410,stair_down
1769345330.2977397,-0.429810,-0.542847,-0.611206,5.798342,-14.221195,48.278824,stair_down
1769345330.3177016,-0.497437,-0.459839,-0.588501,9.399414,-17.272949,51.147476,stair_down
1769345330.336425,-0.501831,-0.420654,-0.581055,14.465336,-14.099125,53.710953,stair_down
1769345330.3565068,-0.475464,-0.412964,-0.583130,13.732914,-21.484375,55.847183,stair_down
1769345330.3884072,-0.487061,-0.361694,-0.566040,9.460449,-36.437988,57.556168,stair_down
1769345330.4162164,-0.518311,-0.309082,-0.526245,7.019045,-48.278824,57.373062,stair_down
1769345330.4162164,-0.568970,-0.260132,-0.496216,4.882813,-51.757828,54.443375,stair_down
1769345330.4370844,-0.594360,-0.299805,-0.469360,11.718754,-60.668961,66.589355,stair_down
1769345330.4594119,-0.751709,-0.238770,-0.474243,1.892090,-61.706558,54.199234,stair_down
1769345330.4798865,-0.822998,-0.201416,-0.494507,7.751467,-57.678238,50.842300,stair_down
1769345330.499533,-0.823120,-0.214844,-0.494629,13.061527,-67.749023,54.260269,stair_down
1769345330.5161324,-0.837891,-0.187134,-0.483398,15.136723,-95.581085,66.223145,stair_down
1769345330.5391948,-0.885254,-0.127563,-0.469360,15.869144,-128.051758,73.852539,stair_down
1769345330.5577662,-0.927246,-0.032959,-0.425537,26.306160,-155.334473,81.054688,stair_down
1769345330.5772042,-1.074951,-0.013672,-0.359619,38.330078,-167.663574,93.017609,stair_down
1769345330.5996604,-1.327637,0.007202,-0.265137,44.006348,-143.615723,88.073730,stair_down
1769345330.6322048,-1.284180,0.010498,-0.203979,63.598648,-102.783234,94.543488,stair_down
1769345330.6394334,-1.263550,-0.086426,-0.107300,60.180679,-84.960938,61.035172,stair_down
1769345330.6564834,-1.192383,-0.106812,-0.074097,63.171402,-82.458496,50.476089,stair_down
1769345330.6765,-1.175659,-0.124268,-0.051880,72.875977,-94.726593,51.635757,stair_down
1769345330.698873,-1.215698,-0.114502,0.041016,80.993652,-98.388702,60.607925,stair_down
1769345330.7188435,-1.123657,-0.031860,0.071899,87.036133,-84.167480,51.452652,stair_down
1769345330.7382827,-1.061279,-0.031860,0.097412,98.449738,-77.087402,48.706070,stair_down
1769345330.7591183,-0.979370,-0.035278,0.122192,100.402863,-68.664551,37.597656,stair_down
1769345330.7787402,-0.876709,-0.027588,0.164185,104.248077,-64.147949,32.592773,stair_down
1769345330.7988398,-0.783447,-0.027710,0.205933,102.417023,-62.438980,15.380863,stair_down
1769345330.8172703,-0.663696,-0.059937,0.279907,112.548859,-75.317383,10.192871,stair_down
1769345330.8363307,-0.623047,-0.060181,0.296753,111.267120,-80.200195,1.525879,stair_down
1769345330.8567164,-0.597290,-0.060913,0.293335,115.722687,-95.397980,-2.868653,stair_down
1769345330.8763773,-0.678467,-0.098877,0.316162,113.342316,-108.581573,-8.728027,stair_down
1769345330.898834,-0.741577,-0.081299,0.356201,107.238800,-115.051300,-13.366703,stair_down
1769345330.9180236,-0.988892,-0.191284,0.359131,98.693878,-98.876984,-25.390633,stair_down
1769345330.9400034,-1.056885,-0.229858,0.378540,72.875977,-28.137215,-37.902832,stair_down
1769345330.9599795,-0.649292,-0.132080,0.461426,57.189957,-33.691406,-32.897949,stair_down
1769345331.1465724,-1.198608,0.120239,0.133179,28.564461,-94.299347,-22.033691,stair_down
1769345331.1465724,-1.153564,0.254028,0.546265,27.709969,-69.396973,-9.094238,stair_down
1769345331.1465724,-0.916870,0.263916,0.407104,45.898453,-39.855957,-10.803223,stair_down
1769345331.1661732,-0.805420,0.114624,0.446655,37.353516,-35.217285,-5.371094,stair_down
1769345331.1661732,-0.978516,0.242065,0.452148,37.292480,-13.488773,-9.277344,stair_down
1769345331.1661732,-0.892090,0.155396,0.469360,39.672852,-0.061035,-9.948730,stair_down
1769345331.1901479,-0.841553,0.134155,0.458252,37.231445,6.958010,-6.103518,stair_down
1769345331.192159,-0.828735,0.112427,0.517700,33.630371,6.347658,-3.295899,stair_down
1769345331.1986122,-0.835693,0.097778,0.539917,28.015144,1.342773,-0.549316,stair_down
1769345331.218641,-0.851807,0.122681,0.540527,22.094727,-0.305176,0.488281,stair_down
1769345331.2615542,-0.853760,0.134888,0.498169,19.775391,-0.671387,1.586915,stair_down
1769345331.2664244,-0.827759,0.125610,0.457764,18.554688,2.685547,3.051759,stair_down
1769345331.4535053,-0.845703,0.129761,0.394287,10.375977,7.873537,5.676271,stair_down
1769345331.4546757,-0.837280,0.114868,0.393066,7.080080,8.483887,4.882813,stair_down
1769345331.4546757,-0.888672,0.110962,0.394775,3.479005,7.873537,4.272461,stair_down
1769345331.4546757,-1.040283,0.074341,0.491699,-0.427246,12.329105,0.915528,stair_down
1769345331.4546757,-1.118896,0.072510,0.536011,0.488281,26.062019,-1.220703,stair_down
1769345331.4561884,-1.036377,0.097412,0.584106,3.784181,48.767105,-1.892090,stair_down
1769345331.4561884,-0.799072,0.058594,0.537354,7.263186,46.447769,-1.403809,stair_down
1769345331.4561884,-0.841431,0.060913,0.489136,3.723145,34.973145,1.464844,stair_down
1769345331.4561884,-0.942993,0.092285,0.409058,0.915528,35.705566,2.136230,stair_down
1769345331.5000048,-0.874023,0.137817,0.397217,-10.009766,35.339355,2.197266,stair_down
1769345331.5000048,-0.809448,0.153809,0.394775,-14.709476,31.555183,0.427246,stair_down
1769345331.5164127,-0.773438,0.131714,0.417725,-17.822266,21.484375,1.098633,stair_down
1769345331.536602,-0.825195,0.100098,0.392822,-18.066406,17.883301,5.310059,stair_down
1769345331.5602725,-0.891968,0.047119,0.402100,-29.418953,32.043457,5.615236,stair_down
1769345331.578324,-0.849731,0.116455,0.351929,-20.446777,48.095718,13.000492,stair_down
1769345331.5977173,-0.799683,0.029663,0.356689,-24.047859,52.551285,10.986328,stair_down
1769345331.6193655,-0.778198,-0.072876,0.332153,-42.907715,32.165527,14.892582,stair_down
1769345331.70889,-0.969116,-0.057495,0.215698,-59.753433,34.362793,15.869144,stair_down
1769345331.7134786,-1.025757,-0.063232,0.140259,-71.044922,50.720230,9.277344,stair_down
1769345331.7134786,-1.069214,-0.049805,0.084229,-80.444336,79.772949,-0.305176,stair_down
1769345331.7162125,-1.058105,-0.072632,0.084473,-89.538605,101.501495,-13.854984,stair_down
1769345331.7399237,-0.915405,-0.100586,0.056030,-101.867706,78.186035,-33.264160,stair_down
1769345331.7599204,-0.892212,-0.067505,-0.042236,-117.614777,67.321777,-42.907715,stair_down
1769345331.779246,-0.895386,-0.029907,-0.091309,-119.079620,82.092285,-51.513687,stair_down
1769345331.799639,-0.896484,-0.018188,-0.055054,-109.680206,113.891632,-55.786148,stair_down
1769345331.82183,-0.876587,-0.078247,-0.010864,-99.792511,139.038086,-60.058609,stair_down
1769345331.8434725,-0.798706,-0.102173,0.004517,-96.435577,161.132813,-74.951172,stair_down
1769345331.8632076,-0.669678,-0.078735,-0.004150,-87.463379,171.447754,-90.942413,stair_down
1769345331.876474,-0.594971,-0.156860,-0.012573,-67.321777,124.877960,-118.469269,stair_down
1769345331.9003947,-0.586670,-0.273560,-0.072266,-63.903824,74.218750,-132.385254,stair_down
1769345331.9186585,-0.655396,-0.311768,-0.120117,-65.490723,49.133316,-136.901855,stair_down
1769345331.9397311,-0.690552,-0.305298,-0.139771,-60.424820,45.471207,-141.967773,stair_down
1769345331.9565058,-0.711182,-0.332642,-0.139038,-48.522964,47.119156,-146.972656,stair_down
1769345331.9770322,-0.688354,-0.386841,-0.116455,-37.963867,54.565445,-152.770996,stair_down
1769345331.996167,-0.625488,-0.417236,-0.109131,-28.015144,58.898941,-157.531738,stair_down
1769345332.0193517,-0.601074,-0.454102,-0.131592,-10.498047,69.458008,-168.212891,stair_down
1769345332.0367174,-0.614990,-0.504761,-0.168823,3.601075,73.425293,-175.720215,stair_down
1769345332.0577781,-0.666260,-0.589722,-0.221680,18.371582,75.073242,-183.349670,stair_down
1769345332.0781589,-0.665527,-0.661499,-0.282227,27.343758,84.533691,-188.659729,stair_down
1769345332.098658,-0.643677,-0.701782,-0.339233,36.987305,95.336945,-187.927307,stair_down
1769345332.1175113,-0.632446,-0.750854,-0.376587,50.170914,103.454620,-183.837952,stair_down
1769345332.139628,-0.624878,-0.895874,-0.385498,66.589355,110.656769,-174.499512,stair_down
1769345332.1563952,-0.610352,-1.009766,-0.382813,68.054199,109.191925,-163.879395,stair_down
1769345332.1791027,-0.591919,-1.089233,-0.401245,58.410660,105.285675,-145.202637,stair_down
1769345332.199484,-0.508179,-1.078979,-0.428711,40.466309,94.238312,-117.858917,stair_down
1769345332.2195904,-0.382690,-0.970215,-0.472046,22.888191,70.007324,-82.885742,stair_down
1769345332.239012,-0.260742,-0.811035,-0.522095,16.784668,34.606934,-48.339859,stair_down
1769345332.2589154,-0.198120,-0.725708,-0.550659,24.475105,-4.455566,-20.141602,stair_down
1769345332.2794929,-0.293701,-0.859131,-0.574097,51.208511,-46.508804,-0.061035,stair_down
1769345332.3061757,-0.460083,-1.115479,-0.623047,61.157242,-47.912613,3.479005,stair_down
1769345332.3174896,-0.599609,-1.337402,-0.605835,47.729507,-33.264160,6.958010,stair_down
1769345332.338611,-0.658936,-1.376709,-0.579834,12.756351,-13.427738,15.930180,stair_down
1769345332.3578944,-0.613159,-1.187744,-0.569580,-18.432617,-1.770020,27.587898,stair_down
1769345332.3778505,-0.543579,-1.026611,-0.553833,-19.592285,5.737307,34.912109,stair_down
1769345332.399505,-0.434814,-1.087158,-0.491821,-12.695316,21.301270,41.687012,stair_down
1769345332.4183102,-0.342896,-1.228149,-0.420776,-18.371582,22.155769,50.292984,stair_down
1769345332.4365857,-0.298828,-1.261108,-0.356567,-27.832039,14.404301,56.518570,stair_down
1769345332.4603646,-0.281250,-1.231445,-0.323120,-38.391113,0.061035,59.875504,stair_down
1769345332.4762878,-0.291870,-1.160767,-0.317749,-42.663574,-15.136723,61.828629,stair_down
1769345332.4977422,-0.307617,-1.100098,-0.310791,-43.518066,-26.855476,64.575195,stair_down
1769345332.5164754,-0.300415,-1.012573,-0.296265,-45.837418,-37.048340,68.847656,stair_down
1769345332.5396698,-0.290649,-0.857544,-0.289551,-41.015625,-52.734390,69.641113,stair_down
1769345332.5584865,-0.310303,-0.784180,-0.289795,-34.118652,-58.959976,65.856934,stair_down
1769345332.576679,-0.343872,-0.713501,-0.289795,-27.587898,-59.448257,57.739273,stair_down
1769345332.5985823,-0.368530,-0.660645,-0.277344,-20.263672,-54.565445,49.804703,stair_down
1769345332.618302,-0.390625,-0.619507,-0.252319,-12.573246,-43.395996,39.550781,stair_down
1769345332.6382437,-0.390137,-0.591797,-0.242798,-3.906251,-28.442390,28.747566,stair_down
1769345332.6601257,-0.411377,-0.587769,-0.237915,5.065918,-10.314941,17.578125,stair_down
1769345332.6782103,-0.398682,-0.616577,-0.254639,16.723633,15.502934,-0.488281,stair_down
1769345332.6961362,-0.386597,-0.642090,-0.263428,19.470215,25.390633,-12.634281,stair_down
1769345332.7183144,-0.373657,-0.650146,-0.266235,21.728516,30.334480,-23.803719,stair_down
1769345332.7376437,-0.374146,-0.670288,-0.271362,22.888191,33.935547,-33.325195,stair_down
1769345332.7609923,-0.368774,-0.697754,-0.279541,23.681648,33.325195,-40.710449,stair_down
1769345332.7762325,-0.387329,-0.725098,-0.289795,23.254402,33.752441,-46.875015,stair_down
1769345332.7987654,-0.378418,-0.749146,-0.314941,19.409180,32.226563,-48.095718,stair_down
1769345332.818308,-0.373413,-0.741943,-0.329834,16.662598,29.418953,-44.616714,stair_down
1769345332.8381348,-0.357788,-0.723511,-0.348145,14.526371,24.658211,-41.259766,stair_down
1769345332.856284,-0.344482,-0.700073,-0.364136,13.305668,18.859863,-37.963867,stair_down
1769345332.8806555,-0.336792,-0.678711,-0.369385,14.282230,12.756351,-34.362793,stair_down
1769345332.9005485,-0.340576,-0.677734,-0.367676,14.587406,6.774904,-29.968269,stair_down
1769345332.9197397,-0.363770,-0.668945,-0.363770,11.596684,4.455566,-25.573738,stair_down
1769345332.939431,-0.365601,-0.635498,-0.350220,7.934572,3.723145,-24.169930,stair_down
1769345332.9604723,-0.376709,-0.633911,-0.349854,8.850098,3.234864,-27.099617,stair_down
1769345333.0862033,-0.401367,-0.669678,-0.378296,11.352543,5.432129,-31.921394,stair_down
1769345333.0933723,-0.428223,-0.718994,-0.396729,11.901859,10.009766,-36.560059,stair_down
1769345333.0933723,-0.444458,-0.762695,-0.373779,17.761230,12.817387,-42.968750,stair_down
1769345333.0933723,-0.516113,-0.918213,-0.402710,36.132813,19.958496,-57.983414,stair_down
1769345333.0933723,-0.676514,-1.328125,-0.519531,47.485367,51.086441,-74.157715,stair_down
1769345333.0933723,-0.696289,-1.448730,-0.556641,21.118164,78.796387,-65.368652,stair_down
1769345333.2986665,-0.469116,-1.148071,-0.545776,4.577637,78.186035,-25.085457,stair_down
1769345333.302517,-0.417725,-1.250000,-0.557861,17.639160,65.124512,-6.774904,stair_down
1769345333.302517,-0.376343,-1.426270,-0.555176,16.845703,58.410660,16.052246,stair_down
1769345333.302517,-0.291626,-1.473511,-0.533081,-1.708985,51.330582,46.752945,stair_down
1769345333.3035307,-0.179565,-1.257324,-0.512817,-25.939949,19.836426,91.735870,stair_down
1769345333.3035307,-0.189453,-1.139038,-0.491577,-30.456551,-5.371094,108.337433,stair_down
1769345333.3035307,-0.220825,-1.093018,-0.453125,-35.156250,-23.315437,116.455109,stair_down
1769345333.3035307,-0.260010,-1.044434,-0.402100,-39.550781,-33.264160,117.980988,stair_down
1769345333.3035307,-0.299194,-0.992554,-0.355469,-40.588379,-35.766602,117.919952,stair_down
1769345333.3035307,-0.320435,-0.940796,-0.326782,-40.527344,-33.569336,116.882355,stair_down
1769345333.3264694,-0.330566,-0.874634,-0.317749,-39.001465,-30.944832,111.633331,stair_down
1769345333.3386219,-0.359131,-0.798462,-0.298340,-31.494148,-24.292000,95.825226,stair_down
1769345333.3564584,-0.371948,-0.762695,-0.284668,-26.245125,-15.930180,83.557129,stair_down
1769345333.379671,-0.374756,-0.718140,-0.276855,-20.019531,-5.249023,72.265625,stair_down
1769345333.398911,-0.370972,-0.679077,-0.273315,-12.878422,7.202150,62.316910,stair_down
1769345333.4183085,-0.353027,-0.642456,-0.273071,-3.784181,19.714355,53.161636,stair_down
1769345333.438558,-0.324829,-0.627930,-0.278687,7.019045,29.174812,44.616714,stair_down
1769345333.4566238,-0.319092,-0.660278,-0.300049,22.583015,40.039063,32.470703,stair_down
1769345333.4768455,-0.312012,-0.678589,-0.309204,27.404793,46.447769,25.451668,stair_down
1769345333.4991598,-0.293945,-0.667358,-0.308594,29.724129,51.025406,20.385742,stair_down
1769345333.5176818,-0.271973,-0.639404,-0.320068,33.508301,52.795425,13.061527,stair_down
1769345333.5371485,-0.261108,-0.659546,-0.344604,39.916992,53.588882,5.554201,stair_down
1769345333.5574582,-0.262085,-0.713989,-0.377197,41.625977,51.086441,-6.103518,stair_down
1769345333.5772831,-0.276123,-0.761475,-0.414795,41.320801,47.668472,-17.456055,stair_down
1769345333.5995414,-0.286011,-0.865112,-0.433594,45.593277,41.992188,-36.865234,stair_down
1769345333.6166341,-0.305786,-1.001343,-0.457031,46.020523,37.963867,-50.781265,stair_down
1769345333.6414843,-0.319580,-1.075195,-0.477295,32.653809,34.973145,-56.701675,stair_down
1769345333.6588686,-0.313354,-1.009644,-0.498291,19.348145,31.127937,-56.945816,stair_down
1769345333.676627,-0.299683,-0.922485,-0.506714,15.869144,23.193367,-56.518570,stair_down
1769345333.6976717,-0.308838,-0.877197,-0.500244,15.075687,14.892582,-56.762711,stair_down
1769345333.718835,-0.338257,-0.863281,-0.483276,18.249512,13.488773,-57.067886,stair_down
1769345333.7376223,-0.357666,-0.910522,-0.479126,21.179199,12.817387,-56.335464,stair_down
1769345333.7573206,-0.414429,-0.951904,-0.489990,20.446777,18.188477,-57.983414,stair_down
1769345333.7789822,-0.435425,-0.968628,-0.502197,14.831547,23.376472,-55.908218,stair_down
1769345333.8465414,-0.447998,-0.924316,-0.500610,6.591799,26.977547,-50.842300,stair_down
1769345333.8465414,-0.456421,-0.851196,-0.492310,1.342773,29.968269,-42.907715,stair_down
1769345333.8465414,-0.457764,-0.790771,-0.472900,0.122070,33.874512,-33.996582,stair_down
1769345333.9403937,-0.452881,-0.779053,-0.411133,2.929688,42.724609,-20.751953,stair_down
1769345333.9403937,-0.456909,-0.814453,-0.373047,3.295899,50.964371,-13.122562,stair_down
1769345333.9403937,-0.467041,-0.856689,-0.347900,2.319336,59.997574,-6.896975,stair_down
1769345333.9403937,-0.468018,-0.915527,-0.344116,2.014160,67.810059,-2.624512,stair_down
1769345333.9467094,-0.427856,-0.993286,-0.337524,-0.915528,71.899414,0.793457,stair_down
1769345333.9467094,-0.359375,-1.049927,-0.314575,-8.666992,63.720718,5.920412,stair_down
1769345333.9763622,-0.314087,-1.041260,-0.291504,-21.484375,33.752441,18.127441,stair_down
1769345333.9989834,-0.288696,-0.936279,-0.261475,-25.085457,10.314941,27.343758,stair_down
1769345334.0163193,-0.283203,-0.861206,-0.246094,-22.705086,-10.375977,36.743164,stair_down
1769345334.0374715,-0.300537,-0.821533,-0.242432,-15.319828,-25.634773,43.945313,stair_down
1769345334.056912,-0.332764,-0.815186,-0.238037,-6.835939,-33.630371,49.011246,stair_down
1769345334.0777647,-0.368286,-0.818481,-0.227661,0.610352,-34.606934,52.917496,stair_down
1769345334.0984864,-0.413330,-0.794556,-0.218628,7.080080,-27.648933,53.588882,stair_down
1769345334.119135,-0.402100,-0.855713,-0.213501,20.812988,-7.019045,62.316910,stair_down
1769345334.1389105,-0.448486,-0.792847,-0.222290,23.803719,7.995607,52.917496,stair_down
1769345334.1563425,-0.436523,-0.814453,-0.247681,36.437988,25.878914,46.752945,stair_down
1769345334.1796467,-0.415527,-0.881836,-0.265259,39.123535,38.208008,40.344238,stair_down
1769345334.199472,-0.406006,-0.886108,-0.276611,38.696289,46.447769,35.156250,stair_down
1769345334.2175076,-0.389160,-0.886475,-0.286743,38.513184,51.879898,31.005867,stair_down
1769345334.2375314,-0.371826,-0.885986,-0.302612,37.353516,54.626480,27.954109,stair_down
1769345334.2585878,-0.340576,-0.894775,-0.335449,35.705566,52.734390,27.343758,stair_down
1769345334.278909,-0.313354,-0.897095,-0.351929,33.630371,48.034683,30.273445,stair_down
1769345334.298663,-0.283936,-0.888916,-0.365601,32.104492,40.954590,34.912109,stair_down
1769345334.3191915,-0.267700,-0.888672,-0.385620,32.043457,33.386230,38.452148,stair_down
1769345334.337545,-0.258911,-0.900635,-0.410278,31.127937,26.428230,40.710449,stair_down
1769345334.3568957,-0.247070,-0.903931,-0.436523,28.381355,18.859863,41.198730,stair_down
1769345334.3776205,-0.267578,-0.866333,-0.459839,25.085457,11.474613,36.865234,stair_down
1769345334.3981726,-0.288940,-0.853516,-0.465332,22.583015,11.718754,31.738289,stair_down
1769345334.4173183,-0.305664,-0.829590,-0.463745,18.493652,12.451176,20.812988,stair_down
1769345334.4379756,-0.327637,-0.816284,-0.459106,16.723633,15.197758,8.361816,stair_down
1769345334.4590917,-0.357666,-0.859497,-0.461548,19.470215,21.911621,-9.155273,stair_down
1769345334.4763095,-0.386963,-0.962036,-0.482422,15.808109,31.799324,-25.878914,stair_down
1769345334.4977922,-0.375122,-0.957397,-0.487183,4.943848,39.672852,-34.851074,stair_down
1769345334.518657,-0.328003,-0.898071,-0.475830,0.793457,42.053223,-37.780762,stair_down
1769345334.5368319,-0.300903,-0.882080,-0.462402,-2.441406,34.606934,-37.109375,stair_down
1769345334.557974,-0.305054,-0.873535,-0.446289,-1.098633,26.489265,-37.414551,stair_down
1769345334.5778003,-0.326172,-0.927612,-0.422363,-1.403809,19.226074,-36.987305,stair_down
1769345334.5985627,-0.372559,-0.947510,-0.398560,-7.873537,18.798828,-36.804199,stair_down
1769345334.6196434,-0.380981,-0.947510,-0.386108,-11.108402,18.981934,-35.644531,stair_down
1769345334.640555,-0.373291,-0.973267,-0.376831,-16.296387,15.869144,-30.761726,stair_down
1769345334.6569963,-0.357178,-0.962524,-0.361572,-20.568848,10.742188,-23.132332,stair_down
1769345334.6765435,-0.344482,-0.933472,-0.336792,-23.315437,3.479005,-14.648441,stair_down
1769345334.6962483,-0.336548,-0.895874,-0.311157,-25.329597,-4.089355,-6.042482,stair_down
1769345334.718352,-0.325073,-0.848145,-0.293823,-26.123055,-11.474613,2.380371,stair_down
1769345334.7373638,-0.320068,-0.798828,-0.282471,-24.536140,-18.493652,9.948730,stair_down
1769345334.7573009,-0.329712,-0.769043,-0.281006,-20.446777,-23.498543,15.747074,stair_down
1769345334.7789204,-0.346924,-0.759888,-0.277466,-14.221195,-25.024422,22.033691,stair_down
1769345334.8010862,-0.352051,-0.768066,-0.270386,-9.887695,-23.254402,25.146492,stair_down
1769345334.8566551,-0.356445,-0.790527,-0.268799,-4.455566,-20.080566,26.550301,stair_down
1769345334.8566551,-0.357300,-0.833008,-0.270996,0.854492,-16.540527,27.648933,stair_down
1769345334.8566551,-0.355469,-0.873169,-0.284180,4.699707,-13.610844,29.602058,stair_down
1769345334.916092,-0.356323,-0.901733,-0.308350,8.483887,-11.291508,31.127937,stair_down
1769345334.9311955,-0.360229,-0.924561,-0.322388,11.047363,-8.300781,32.409668,stair_down
1769345334.9311955,-0.363403,-0.935181,-0.344727,15.625004,-2.929688,33.325195,stair_down
1769345334.9433925,-0.371826,-0.944580,-0.371338,19.226074,3.479005,34.179688,stair_down
1769345334.959394,-0.373413,-0.952271,-0.406616,21.118164,13.000492,36.621094,stair_down
1769345334.9788334,-0.354004,-0.937134,-0.435913,20.019531,22.705086,40.222168,stair_down
1769345334.9962356,-0.313843,-0.892822,-0.456665,18.676758,28.137215,43.823242,stair_down
1769345335.0178957,-0.269775,-0.847412,-0.475220,19.287109,27.771004,44.616714,stair_down
1769345335.036438,-0.235596,-0.814941,-0.496338,20.935059,21.118164,39.245605,stair_down
1769345335.0567248,-0.207520,-0.791138,-0.522583,20.935059,12.817387,32.531738,stair_down
1769345335.0765145,-0.213623,-0.772827,-0.510254,20.019531,8.361816,22.766121,stair_down
1769345335.0991385,-0.219116,-0.765869,-0.519531,20.568848,6.286623,10.437012,stair_down
1769345335.1199088,-0.316528,-0.798584,-0.488892,19.165039,8.178711,3.967286,stair_down
1769345335.1397324,-0.342163,-0.776611,-0.476807,13.671879,19.592285,-6.958010,stair_down
1769345335.159264,-0.302002,-0.771851,-0.470947,17.700195,26.184090,-19.348145,stair_down
1769345335.1762424,-0.290405,-0.826538,-0.429932,12.756351,23.742683,-26.611336,stair_down
1769345335.1978905,-0.306152,-0.809570,-0.408936,10.986328,20.935059,-31.066902,stair_down
1769345335.217675,-0.315552,-0.831665,-0.385254,8.605957,19.104004,-33.935547,stair_down
1769345335.236537,-0.316895,-0.831909,-0.377197,5.554201,15.930180,-37.414551,stair_down
1769345335.259507,-0.335815,-0.835693,-0.374634,4.638672,13.793949,-39.550781,stair_down
1769345335.2787433,-0.343506,-0.841431,-0.372070,4.089355,12.878422,-40.466309,stair_down
1769345335.298755,-0.373047,-0.832031,-0.375488,2.685547,12.634281,-43.457031,stair_down
1769345335.316906,-0.311279,-0.865723,-0.379639,3.112794,6.347658,-38.879395,stair_down
1769345335.3364003,-0.382690,-0.870117,-0.368408,-0.488281,6.042482,-28.198250,stair_down
1769345335.3562615,-0.355103,-0.814453,-0.382324,1.831055,6.958010,-29.724129,stair_down
1769345335.376759,-0.357788,-0.839966,-0.386353,4.821777,0.915528,-32.348633,stair_down
1769345335.3970513,-0.368896,-0.861084,-0.395508,3.112794,-1.220703,-28.198250,stair_down
1769345335.4179208,-0.366333,-0.843384,-0.414917,3.967286,-2.319336,-21.667480,stair_down
1769345335.4361959,-0.375610,-0.850342,-0.429688,5.432129,-5.798342,-14.587406,stair_down
1769345335.4566545,-0.391357,-0.850220,-0.441284,5.615236,-6.225588,-12.573246,stair_down
1769345335.4763424,-0.399536,-0.854736,-0.441895,7.568361,-5.187988,-11.962894,stair_down
1769345335.4963827,-0.425049,-0.927856,-0.462646,13.793949,-2.685547,-14.099125,stair_down
1769345335.5173848,-0.447144,-1.015869,-0.489868,10.314941,2.929688,-14.343266,stair_down
1769345335.602419,-0.432739,-1.013306,-0.489136,4.577637,6.896975,-11.291508,stair_down
1769345335.6163416,-0.424805,-0.989258,-0.488525,2.868653,6.469728,-6.042482,stair_down
1769345335.6163416,-0.436401,-0.983398,-0.481201,-2.868653,7.568361,0.793457,stair_down
1769345335.6191714,-0.424927,-0.928711,-0.463379,-7.202150,10.559082,10.131836,stair_down
1769345335.626517,-0.402710,-0.866455,-0.442627,-6.103518,14.648441,20.568848,stair_down
1769345335.642641,-0.384888,-0.853394,-0.431152,-1.037598,18.920898,31.250008,stair_down
1769345335.6593666,-0.371948,-0.877686,-0.428223,1.892090,22.521980,40.771484,stair_down
1769345335.6777048,-0.359863,-0.891968,-0.423218,1.647950,24.292000,47.668472,stair_down
1769345335.7009342,-0.341309,-0.891724,-0.399414,-0.183106,26.000984,52.185074,stair_down
1769345335.7171297,-0.338989,-0.896118,-0.386963,-1.647950,26.550301,53.039566,stair_down
1769345335.7379804,-0.339355,-0.893799,-0.373413,-3.784181,27.709969,53.405777,stair_down
1769345335.761131,-0.346069,-0.875977,-0.357178,-4.882813,29.968269,53.649918,stair_down
1769345335.778925,-0.352173,-0.859741,-0.341675,-4.394531,34.118652,53.222672,stair_down
1769345335.7994084,-0.354126,-0.853882,-0.321777,-3.417970,40.100098,51.757828,stair_down
1769345335.818898,-0.346191,-0.842651,-0.304199,-2.807618,46.813980,50.415054,stair_down
1769345335.8401737,-0.311401,-0.827026,-0.286987,-0.183106,53.283707,49.072281,stair_down
1769345335.8596113,-0.282715,-0.828125,-0.265869,1.708985,51.879898,47.973648,stair_down
1769345335.876621,-0.267700,-0.835327,-0.250244,3.173829,46.936050,45.410172,stair_down
1769345335.8977149,-0.268555,-0.844604,-0.243896,5.065918,41.259766,41.015625,stair_down
1769345335.9187188,-0.285400,-0.867920,-0.235352,7.446291,36.743164,34.606934,stair_down
1769345335.938977,-0.313110,-0.896240,-0.230103,9.704590,35.156250,26.672371,stair_down
1769345335.958269,-0.342773,-0.943726,-0.229126,11.596684,37.475586,14.282230,stair_down
1769345335.977691,-0.325073,-0.962036,-0.227051,9.765625,37.048340,8.544922,stair_down
1769345335.9991722,-0.296509,-0.943237,-0.224121,7.507326,30.761726,4.882813,stair_down
1769345336.0166538,-0.278198,-0.910278,-0.217285,7.263186,20.446777,4.089355,stair_down
1769345336.0378976,-0.263672,-0.877686,-0.213989,7.751467,8.178711,6.103518,stair_down
1769345336.0584447,-0.263672,-0.835938,-0.217651,9.887695,-1.708985,8.850098,stair_down
1769345336.07738,-0.286743,-0.804565,-0.223877,14.404301,-6.896975,10.681152,stair_down
1769345336.0974593,-0.317993,-0.796753,-0.251709,22.827156,-5.676271,8.483887,stair_down
1769345336.1203954,-0.324219,-0.804199,-0.274292,27.160652,-0.244141,5.493164,stair_down
1769345336.1366873,-0.318848,-0.807495,-0.289795,29.907234,4.394531,0.732422,stair_down
1769345336.1564639,-0.312988,-0.819580,-0.308105,33.081055,6.652834,-6.347658,stair_down
1769345336.1762583,-0.315186,-0.837891,-0.328613,35.095215,7.690432,-13.366703,stair_down
1769345336.197143,-0.322021,-0.855347,-0.346436,35.827637,8.789063,-19.592285,stair_down
1769345336.2188175,-0.329346,-0.867065,-0.367065,34.240723,9.460449,-28.503426,stair_down
1769345336.2363894,-0.343506,-0.885620,-0.382324,32.226563,9.948730,-32.531738,stair_down
1769345336.2584302,-0.348145,-0.898926,-0.405884,30.090340,10.498047,-35.766602,stair_down
1769345336.2780077,-0.354126,-0.916992,-0.431396,27.099617,11.230473,-36.926270,stair_down
1769345336.2993808,-0.349609,-0.918823,-0.451904,22.460945,11.169437,-36.621094,stair_down
1769345336.319224,-0.333740,-0.918457,-0.463135,18.249512,8.239746,-34.851074,stair_down
1769345336.3381982,-0.322388,-0.919067,-0.466797,13.122562,2.807618,-33.447266,stair_down
1769345336.3565743,-0.318115,-0.919922,-0.454834,4.638672,-6.591799,-31.799324,stair_down
1769345336.3784652,-0.329468,-0.915649,-0.441284,-2.136230,-11.596684,-30.883797,stair_down
1769345336.3978336,-0.347534,-0.904541,-0.428345,-8.972168,-13.366703,-29.357918,stair_down
1769345336.4164183,-0.352417,-0.894653,-0.414429,-13.854984,-14.953617,-28.381355,stair_down
1769345336.4395232,-0.372070,-0.929077,-0.405762,-11.535648,-17.089844,-31.372078,stair_down
1769345336.4590843,-0.419556,-1.030640,-0.415894,-11.413578,-13.427738,-36.560059,stair_down
1769345336.4798763,-0.437988,-1.055054,-0.411621,-17.822266,-6.713869,-36.621094,stair_down
1769345336.4994998,-0.433716,-0.984253,-0.420532,-20.507813,1.953125,-31.738289,stair_down
1769345336.5196586,-0.411621,-0.910889,-0.418945,-19.775391,3.051759,-23.010262,stair_down
1769345336.5364187,-0.401123,-0.858276,-0.403320,-14.587406,3.784181,-12.878422,stair_down
1769345336.5591507,-0.405884,-0.866089,-0.381226,-8.239746,5.859377,-4.882813,stair_down
1769345336.578357,-0.416260,-0.907837,-0.356445,-6.591799,10.375977,2.014160,stair_down
1769345336.598817,-0.394287,-0.927368,-0.340210,-10.009766,14.038090,9.033203,stair_down
1769345336.6184611,-0.325439,-0.888916,-0.331421,-15.808109,7.568361,24.169930,stair_down
1769345336.639759,-0.299805,-0.860474,-0.319580,-17.272949,-3.234864,34.729004,stair_down
1769345336.6599257,-0.298096,-0.844604,-0.299072,-17.761230,-13.793949,43.518066,stair_down
1769345336.6795366,-0.305664,-0.838867,-0.277344,-17.822266,-21.118164,49.560562,stair_down
1769345336.6997194,-0.313599,-0.831543,-0.261108,-16.113281,-24.353035,54.138199,stair_down
1769345336.7165477,-0.319580,-0.842041,-0.251831,-14.404301,-24.536140,57.312027,stair_down
1769345336.7367136,-0.318115,-0.846924,-0.257080,-11.230473,-23.559578,57.983414,stair_down
1769345336.7581615,-0.311401,-0.896484,-0.265381,-6.958010,-21.301270,60.485855,stair_down
1769345336.7790926,-0.309570,-0.920776,-0.268433,-6.408693,-21.667480,60.119644,stair_down
1769345336.7999084,-0.313477,-0.923462,-0.273804,-4.394531,-21.911621,57.128922,stair_down
1769345336.816236,-0.318848,-0.924927,-0.290894,0.122070,-20.141602,54.138199,stair_down
1769345336.8397248,-0.326538,-0.964722,-0.310913,5.432129,-14.465336,54.565445,stair_down
1769345336.859648,-0.322510,-0.978638,-0.329468,5.676271,-9.033203,50.781265,stair_down
1769345336.8777883,-0.303955,-0.972168,-0.357056,10.009766,-0.915528,46.752945,stair_down
1769345336.8982599,-0.288940,-0.967163,-0.381592,11.291508,3.479005,45.776382,stair_down
1769345336.918717,-0.278687,-0.939575,-0.405640,11.840824,7.141115,44.616714,stair_down
1769345336.9392548,-0.261230,-0.907959,-0.424683,11.657719,9.765625,41.503906,stair_down
1769345336.9590335,-0.236938,-0.871948,-0.441528,10.192871,9.338379,35.827637,stair_down
1769345336.9800565,-0.213623,-0.833008,-0.458984,8.422852,5.737307,28.259285,stair_down
1769345336.9994998,-0.205933,-0.811157,-0.467651,8.361816,1.281738,18.859863,stair_down
1769345337.018389,-0.218140,-0.814331,-0.467896,4.150391,-3.662110,1.770020,stair_down
1769345337.0362444,-0.247070,-0.789551,-0.466187,2.319336,-6.408693,-12.634281,stair_down
1769345337.0573397,-0.271118,-0.810181,-0.457642,2.075195,-4.211426,-22.399910,stair_down
1769345337.0778484,-0.294434,-0.828857,-0.457642,-1.708985,-0.488281,-32.653809,stair_down
1769345337.0973573,-0.296631,-0.826172,-0.453125,-1.953125,5.737307,-42.785645,stair_down
1769345337.116464,-0.292236,-0.833618,-0.444824,0.366211,6.591799,-51.452652,stair_down
1769345337.1388133,-0.297729,-0.849243,-0.423584,2.685547,7.934572,-57.006851,stair_down
1769345337.1587195,-0.309204,-0.876343,-0.402100,5.065918,8.178711,-59.326187,stair_down
1769345337.1761394,-0.318848,-0.879028,-0.395264,3.417970,8.666992,-60.729996,stair_down
1769345337.196094,-0.320679,-0.868286,-0.393188,2.746582,7.324221,-63.171402,stair_down
1769345337.2190404,-0.324463,-0.861328,-0.388916,3.234864,5.004883,-64.208984,stair_down
1769345337.2379208,-0.334961,-0.862915,-0.380859,3.906251,4.272461,-64.086914,stair_down
1769345337.2568638,-0.343140,-0.865112,-0.373291,4.150391,3.662110,-62.072769,stair_down
1769345337.2804139,-0.359497,-0.902832,-0.378418,6.835939,2.990724,-59.936539,stair_down
1769345337.2989674,-0.381348,-0.955811,-0.398560,5.676271,4.089355,-58.044449,stair_down
1769345337.3193786,-0.379761,-0.966187,-0.402100,1.647950,4.455566,-53.039566,stair_down
1769345337.3365397,-0.371338,-0.962524,-0.401611,0.549316,1.770020,-47.607437,stair_down
1769345337.3561368,-0.363525,-0.954102,-0.406128,-2.807618,-1.831055,-39.733887,stair_down
1769345337.3773427,-0.349854,-0.909424,-0.397095,-6.225588,-6.408693,-29.296883,stair_down
1769345337.3974948,-0.343506,-0.857544,-0.376343,-7.568361,-11.230473,-19.592285,stair_down
1769345337.417607,-0.341431,-0.812256,-0.364990,-6.408693,-17.700195,-8.728027,stair_down
1769345337.439003,-0.364502,-0.823364,-0.370850,-3.356935,-20.080566,-5.432129,stair_down
1769345337.4590638,-0.388062,-0.854004,-0.372925,-2.380371,-18.920898,-2.868653,stair_down
1769345337.479552,-0.402954,-0.862183,-0.369995,-3.112794,-14.343266,0.671387,stair_down
1769345337.4990938,-0.410522,-0.859985,-0.360352,-3.051759,-8.911133,3.601075,stair_down
1769345337.5201902,-0.411377,-0.861328,-0.350586,-3.540040,-3.540040,5.432129,stair_down
1769345337.5362236,-0.390625,-0.859131,-0.342163,-4.455566,1.037598,8.972168,stair_down
1769345337.5577488,-0.377930,-0.859863,-0.339600,-4.455566,1.770020,13.061527,stair_down
1769345337.5775146,-0.364868,-0.865723,-0.341797,-4.699707,1.098633,18.005371,stair_down
1769345337.5980394,-0.357056,-0.877075,-0.346313,-4.089355,-0.671387,23.376472,stair_down
1769345337.618586,-0.360229,-0.882813,-0.351196,-3.845216,-1.525879,28.076180,stair_down
1769345337.639496,-0.364380,-0.871826,-0.355591,-1.708985,0.000000,31.982430,stair_down
1769345337.6564305,-0.362671,-0.873657,-0.359009,1.708985,3.417970,36.193848,stair_down
1769345337.6796682,-0.349365,-0.883911,-0.360840,3.906251,8.300781,40.405273,stair_down
1769345337.7010677,-0.334473,-0.880737,-0.366211,4.028320,9.948730,41.503906,stair_down
1769345337.719137,-0.319946,-0.877930,-0.366699,4.333496,9.094238,41.442871,stair_down
1769345337.7364755,-0.317871,-0.875854,-0.365723,4.455566,7.751467,41.137695,stair_down
1769345337.7585804,-0.320435,-0.869995,-0.366455,5.676271,7.690432,40.344238,stair_down
1769345337.7779672,-0.329346,-0.870972,-0.362183,7.385256,10.009766,40.039063,stair_down
1769345337.799493,-0.330566,-0.864014,-0.357056,8.544922,15.380863,36.315918,stair_down
1769345337.819818,-0.328247,-0.860596,-0.351563,8.789063,18.981934,32.592773,stair_down
1769345337.8364682,-0.324219,-0.855469,-0.346436,8.911133,22.094727,28.442390,stair_down
1769345337.8605282,-0.325684,-0.856201,-0.344116,9.887695,25.085457,23.620613,stair_down
1769345337.8762977,-0.328735,-0.861694,-0.346924,10.559082,28.869637,18.920898,stair_down
1769345337.8996422,-0.323853,-0.870483,-0.343994,11.169437,31.677254,14.587406,stair_down
1769345337.917684,-0.308594,-0.873901,-0.341309,10.192871,32.226563,11.047363,stair_down
1769345337.9377837,-0.303711,-0.859375,-0.329712,10.498047,29.541023,6.530764,stair_down
1769345337.9595122,-0.314087,-0.874634,-0.323853,11.108402,28.869637,4.821777,stair_down
1769345337.9790568,-0.324097,-0.880615,-0.322632,10.498047,28.991707,2.258301,stair_down
1769345337.9995005,-0.332642,-0.882935,-0.322876,11.352543,30.395515,-1.037598,stair_down
1769345338.017347,-0.322998,-0.887573,-0.329102,12.756351,31.372078,-3.356935,stair_down
1769345338.0362477,-0.297974,-0.895874,-0.332397,13.061527,27.648933,-4.638672,stair_down
1769345338.05934,-0.293213,-0.897339,-0.326904,11.596684,20.080566,-4.699707,stair_down
1769345338.0786598,-0.310303,-0.861328,-0.327148,8.789063,10.620117,-5.004883,stair_down
1769345338.099008,-0.332031,-0.838623,-0.325073,8.789063,8.422852,-5.615236,stair_down
1769345338.1169302,-0.335571,-0.824463,-0.325073,9.887695,7.812502,-6.774904,stair_down
1769345338.1398754,-0.342407,-0.822876,-0.324829,11.596684,7.202150,-8.911133,stair_down
1769345338.156107,-0.356445,-0.836426,-0.325317,12.634281,7.080080,-12.573246,stair_down
1769345338.176472,-0.372192,-0.855103,-0.320801,12.878422,8.361816,-16.845703,stair_down
1769345338.1976027,-0.382568,-0.893066,-0.316040,12.146000,11.169437,-22.033691,stair_down
1769345338.2061846,-0.384399,-0.914429,-0.317383,10.314941,11.474613,-23.498543,stair_down
1769345338.2363718,-0.379395,-0.922119,-0.316284,7.873537,10.192871,-22.460945,stair_down
1769345338.2568576,-0.383057,-0.916260,-0.310547,6.347658,7.202150,-19.592285,stair_down
1769345338.2763598,-0.380249,-0.914307,-0.307129,5.126953,3.967286,-13.916019,stair_down
1769345338.3015015,-0.376221,-0.899292,-0.311523,5.493164,2.502441,-7.385256,stair_down
1769345338.3216233,-0.379761,-0.895020,-0.317017,7.690432,2.197266,0.000000,stair_down
1769345338.3381212,-0.370117,-0.892212,-0.327393,9.460449,2.441406,10.559082,stair_down
1769345338.356395,-0.356079,-0.895508,-0.336792,10.314941,1.159668,15.502934,stair_down
1769345338.3778312,-0.349121,-0.894287,-0.345825,9.399414,-0.549316,18.554688,stair_down
1769345338.3966038,-0.345825,-0.887695,-0.349976,9.216309,-2.319336,19.653320,stair_down
1769345338.4161203,-0.347656,-0.892212,-0.348267,8.789063,-3.417970,19.104004,stair_down
1769345338.43813,-0.353271,-0.889526,-0.350464,7.690432,-2.868653,18.249512,stair_down
1769345338.4581718,-0.352905,-0.885864,-0.354736,7.141115,-0.854492,15.197758,stair_down
1769345338.4794405,-0.349854,-0.890259,-0.353271,6.408693,0.366211,12.756351,stair_down
1769345338.496725,-0.348267,-0.892212,-0.349976,5.432129,1.098633,10.803223,stair_down
1769345338.5205212,-0.349365,-0.896118,-0.345825,4.089355,1.831055,9.704590,stair_down
1769345338.5361125,-0.344727,-0.891846,-0.345581,2.624512,2.197266,8.666992,stair_down
1769345338.5561955,-0.340942,-0.893433,-0.343262,2.502441,2.380371,8.483887,stair_down
1769345338.5785306,-0.335815,-0.897583,-0.339111,0.854492,1.525879,8.178711,stair_down
1769345338.5973737,-0.339844,-0.888550,-0.335938,-0.854492,-0.061035,7.080080,stair_down
1769345338.6178544,-0.341797,-0.893066,-0.332642,-1.403809,0.183106,5.737307,stair_down
1769345338.6361535,-0.335449,-0.893066,-0.329468,-2.807618,0.244141,4.638672,stair_down
1769345338.666737,-0.329834,-0.881470,-0.326538,-3.845216,-0.915528,3.479005,stair_down
1769345338.68817,-0.331177,-0.878906,-0.322998,-3.784181,-2.624512,1.892090,stair_down
1769345338.6988459,-0.339478,-0.878418,-0.321167,-3.906251,-3.234864,0.305176,stair_down
1769345338.716206,-0.344727,-0.877563,-0.320190,-3.723145,-2.746582,-0.915528,stair_down
1769345338.737398,-0.341309,-0.879883,-0.317993,-4.089355,-2.258301,-2.746582,stair_down
1769345338.7579007,-0.338135,-0.877563,-0.316040,-4.089355,-3.601075,-3.784181,stair_down
1769345338.7772236,-0.343140,-0.882690,-0.312866,-3.723145,-4.943848,-4.333496,stair_down
1769345338.7977073,-0.352661,-0.884399,-0.315552,-4.211426,-5.126953,-4.211426,stair_down
1769345338.8163674,-0.354980,-0.877075,-0.321045,-4.211426,-4.638672,-4.455566,stair_down
1769345338.8362398,-0.351196,-0.874023,-0.322510,-3.906251,-4.943848,-5.432129,stair_down
1769345338.8583434,-0.349731,-0.871826,-0.322876,-3.906251,-6.958010,-6.408693,stair_down
1769345338.877155,-0.359741,-0.875244,-0.325195,-3.784181,-7.507326,-6.652834,stair_down
1769345338.8969197,-0.365479,-0.876587,-0.333862,-4.211426,-6.774904,-7.019045,stair_down
1769345338.918742,-0.361938,-0.878174,-0.335327,-3.906251,-6.408693,-7.751467,stair_down
1769345338.938808,-0.363037,-0.883789,-0.333618,-4.150391,-6.652834,-8.544922,stair_down
1769345338.959192,-0.364746,-0.877563,-0.338745,-4.638672,-6.774904,-8.300781,stair_down
1769345338.9765704,-0.368286,-0.870605,-0.341309,-3.967286,-6.530764,-8.056641,stair_down
1769345338.9995017,-0.369141,-0.880249,-0.345337,-3.845216,-5.554201,-7.873537,stair_down
1769345339.0196273,-0.363281,-0.877930,-0.347412,-4.882813,-5.737307,-7.263186,stair_down
1769345339.036217,-0.357300,-0.871216,-0.347534,-5.493164,-7.080080,-6.713869,stair_down
1769345339.0565457,-0.356812,-0.866455,-0.348877,-6.103518,-8.789063,-6.042482,stair_down
1769345339.0791888,-0.359619,-0.861084,-0.347656,-6.896975,-9.826660,-5.371094,stair_down
1769345339.0976784,-0.362549,-0.853760,-0.345459,-7.446291,-10.070801,-4.760742,stair_down
1769345339.1183743,-0.361938,-0.849854,-0.343506,-8.300781,-9.460449,-5.065918,stair_down
1769345339.140293,-0.356323,-0.850220,-0.340332,-9.460449,-9.582520,-5.432129,stair_down
1769345339.1606324,-0.347778,-0.844360,-0.338257,-10.864258,-11.169437,-5.432129,stair_down
1769345339.176668,-0.349365,-0.838013,-0.337646,-11.718754,-13.244633,-5.554201,stair_down
1769345339.1964958,-0.352661,-0.833496,-0.336792,-12.512211,-14.343266,-5.554201,stair_down
1769345339.2198627,-0.355103,-0.824951,-0.334595,-13.061527,-14.526371,-5.737307,stair_down
1769345339.237845,-0.355347,-0.818604,-0.330444,-13.183598,-14.587406,-6.286623,stair_down
1769345339.256555,-0.354248,-0.815063,-0.330811,-12.756351,-14.648441,-7.263186,stair_down
1769345339.2788768,-0.356323,-0.820923,-0.329834,-12.146000,-14.953617,-8.117676,stair_down
1769345339.2996576,-0.358032,-0.828125,-0.330200,-11.596684,-15.319828,-9.033203,stair_down
1769345339.3190424,-0.359619,-0.831421,-0.330688,-11.108402,-16.052246,-10.070801,stair_down
1769345339.3391488,-0.366699,-0.831909,-0.333252,-10.498047,-16.113281,-11.047363,stair_down
1769345339.358006,-0.368530,-0.824951,-0.336792,-10.559082,-15.869144,-11.535648,stair_down
1769345339.4032063,-0.360840,-0.806885,-0.336792,-10.986328,-16.784668,-10.803223,stair_down
1769345339.4032063,-0.347412,-0.767456,-0.330322,-11.291508,-18.859863,-9.826660,stair_down
1769345339.4178162,-0.349243,-0.741821,-0.332031,-11.108402,-20.629883,-9.155273,stair_down
1769345339.4384263,-0.351563,-0.727417,-0.331177,-9.399414,-21.545410,-9.826660,stair_down
1769345339.45957,-0.351807,-0.725220,-0.330811,-8.300781,-22.033691,-11.230473,stair_down
1769345339.4785423,-0.356323,-0.714233,-0.333374,-7.995607,-21.484375,-12.268070,stair_down
1769345339.499418,-0.361572,-0.699219,-0.334961,-6.835939,-19.958496,-13.977055,stair_down
1769345339.5164297,-0.356201,-0.689941,-0.332153,-7.202150,-17.944336,-16.784668,stair_down
1769345339.5378025,-0.347290,-0.672241,-0.333252,-8.972168,-18.615723,-17.700195,stair_down
1769345339.5579486,-0.344360,-0.642700,-0.330566,-10.620117,-20.751953,-17.761230,stair_down
1769345339.5773175,-0.346680,-0.615845,-0.330078,-11.718754,-22.583015,-16.479492,stair_down
1769345339.5978103,-0.359497,-0.593750,-0.325439,-12.268070,-23.376472,-16.845703,stair_down
1769345339.6190405,-0.374756,-0.586548,-0.316772,-10.803223,-21.423340,-18.676758,stair_down
1769345339.639337,-0.386841,-0.633423,-0.299316,-3.417970,-20.019531,-23.681648,stair_down
1769345339.8465104,-0.491821,-1.258301,-0.423340,-14.770512,29.968269,-42.358398,stair_down
1769345339.8465104,-0.376343,-1.025024,-0.444336,-12.207035,18.066406,-24.475105,stair_down
1769345339.8465104,-0.341064,-0.983398,-0.467163,5.920412,-3.845216,-9.033203,stair_down
1769345339.8465104,-0.450684,-1.287476,-0.504883,28.503426,-17.211914,6.591799,stair_down
1769345339.8465104,-0.518433,-1.421753,-0.526489,12.878422,-5.126953,21.972656,stair_down
1769345339.8465104,-0.456299,-1.234863,-0.537720,-10.498047,10.131836,42.419434,stair_down
1769345339.8465104,-0.323120,-0.989380,-0.557007,-14.343266,10.498047,60.913101,stair_down
1769345339.856705,-0.243652,-0.878174,-0.562012,-9.277344,-5.065918,76.171875,stair_down
1769345339.8792121,-0.265259,-0.857910,-0.528198,-5.432129,-19.287109,86.730957,stair_down
1769345339.926574,-0.294556,-0.868286,-0.478027,-4.028320,-22.521980,89.721710,stair_down
1769345339.950214,-0.333984,-0.890625,-0.410522,-7.385256,-11.413578,84.838867,stair_down
1769345339.950214,-0.339844,-0.877563,-0.402100,-10.864258,-0.244141,75.744629,stair_down
1769345339.958603,-0.324463,-0.874634,-0.391235,-11.535648,7.446291,65.612793,stair_down
1769345339.9796417,-0.309448,-0.892456,-0.368652,-14.709476,9.460449,60.546890,stair_down
1769345339.9962401,-0.327759,-0.798462,-0.362549,-13.671879,15.441898,44.860855,stair_down
1769345340.0234227,-0.290039,-0.846069,-0.334229,-7.690432,16.357422,40.954590,stair_down
1769345340.0374522,-0.301880,-0.853271,-0.316650,-7.751467,19.287109,26.367195,stair_down
1769345340.0564334,-0.280518,-0.866333,-0.316772,-6.530764,18.981934,16.967773,stair_down
1769345340.078474,-0.263184,-0.877686,-0.310791,-7.080080,15.502934,9.765625,stair_down
1769345340.0981092,-0.255249,-0.876099,-0.304077,-6.591799,10.742188,6.042482,stair_down
1769345340.1180556,-0.246460,-0.877808,-0.300659,-6.774904,5.187988,5.249023,stair_down
1769345340.1395974,-0.242310,-0.850220,-0.305908,-6.652834,-0.976563,3.479005,stair_down
1769345340.1599114,-0.252441,-0.829224,-0.313110,-3.417970,-4.760742,1.220703,stair_down
1769345340.1766913,-0.270996,-0.800293,-0.336060,1.281738,-6.408693,-6.408693,stair_down
1769345340.196242,-0.284302,-0.792358,-0.360474,5.554201,-4.882813,-12.695316,stair_down
1769345340.2172594,-0.294922,-0.785400,-0.378418,7.141115,-3.051759,-20.202637,stair_down
1769345340.239415,-0.299438,-0.768311,-0.395264,8.422852,-1.220703,-29.357918,stair_down
1769345340.257497,-0.296753,-0.766724,-0.412842,10.437012,-0.793457,-37.170410,stair_down
1769345340.2767322,-0.304199,-0.776611,-0.433472,11.779789,-1.831055,-44.921890,stair_down
1769345340.2989705,-0.322876,-0.797485,-0.443726,12.695316,-3.051759,-52.856461,stair_down
1769345340.319783,-0.370483,-0.837891,-0.449463,12.451176,1.403809,-62.438980,stair_down
1769345340.3378618,-0.378662,-0.856812,-0.456177,10.253906,6.958010,-65.429688,stair_down
1769345340.3601692,-0.374878,-0.855591,-0.458618,7.751467,10.986328,-65.673828,stair_down
1769345340.3779106,-0.360229,-0.853271,-0.455688,5.676271,11.047363,-63.110367,stair_down
1769345340.397579,-0.342285,-0.852295,-0.448364,3.173829,7.629396,-57.434097,stair_down
1769345340.417723,-0.317017,-0.831055,-0.437012,0.305176,1.098633,-49.865738,stair_down
1769345340.4408965,-0.311646,-0.784058,-0.421631,-1.464844,-11.962894,-38.269043,stair_down
1769345340.458792,-0.329224,-0.761353,-0.413574,-3.417970,-17.761230,-31.677254,stair_down
1769345340.4801483,-0.332886,-0.721069,-0.413208,-6.958010,-22.827156,-26.123055,stair_down
1769345340.4970226,-0.348389,-0.661621,-0.412842,-9.094238,-25.207527,-21.362305,stair_down
1769345340.519749,-0.360962,-0.607910,-0.406128,-8.728027,-24.047859,-18.920898,stair_down
1769345340.536261,-0.380249,-0.577393,-0.393311,-5.920412,-19.592285,-18.615723,stair_down
1769345340.5575337,-0.409180,-0.582275,-0.389282,-1.281738,-11.474613,-20.629883,stair_down
1769345340.633451,-0.428589,-0.649658,-0.383423,4.211426,5.920412,-22.705086,stair_down
1769345340.633451,-0.412598,-0.698975,-0.380127,7.019045,14.160160,-21.240234,stair_down
1769345340.633451,-0.402100,-0.764648,-0.383911,10.375977,17.883301,-18.188477,stair_down
1769345340.6661897,-0.390381,-0.834473,-0.383179,8.422852,18.737793,-12.146000,stair_down
1769345340.6684906,-0.358887,-0.850464,-0.383667,2.868653,14.587406,-1.892090,stair_down
1769345340.6797116,-0.325317,-0.833496,-0.378784,-0.854492,5.737307,10.742188,stair_down
1769345340.696541,-0.303833,-0.813110,-0.376587,-1.464844,-11.657719,27.404793,stair_down
1769345340.7184074,-0.323364,-0.837524,-0.362061,3.845216,-20.324707,35.278320,stair_down
1769345340.7366025,-0.362183,-0.958740,-0.375610,18.737793,-21.911621,34.301758,stair_down
1769345340.7595577,-0.439697,-1.203369,-0.416260,27.526863,-13.183598,27.221687,stair_down
1769345340.7781389,-0.476807,-1.385254,-0.439941,12.939457,0.427246,24.658211,stair_down
1769345340.7965662,-0.443481,-1.320435,-0.460205,-6.042482,11.535648,26.184090,stair_down
1769345340.8187234,-0.366333,-1.172852,-0.457764,-11.962894,14.526371,32.043457,stair_down
1769345340.8403153,-0.279663,-1.076294,-0.467163,-9.155273,7.568361,42.358398,stair_down
1769345340.8561704,-0.255127,-1.082520,-0.468872,-8.605957,-2.502441,46.447769,stair_down
1769345340.8807988,-0.271973,-1.075684,-0.451172,-12.390141,-10.375977,50.659195,stair_down
1769345340.8965948,-0.280640,-1.027710,-0.423340,-20.202637,-12.329105,54.687515,stair_down
1769345340.9188328,-0.262939,-0.935669,-0.409912,-22.460945,-14.160160,54.199234,stair_down
1769345340.9364684,-0.254272,-0.900879,-0.387085,-16.113281,-16.296387,51.818863,stair_down
1769345340.9586756,-0.260742,-0.908081,-0.367798,-12.390141,-17.883301,39.978027,stair_down
1769345340.9795454,-0.328369,-0.916382,-0.371094,-7.873537,-14.892582,26.855476,stair_down
1769345341.0008445,-0.366455,-0.920044,-0.367310,-8.117676,-6.408693,12.268070,stair_down
1769345341.019528,-0.362671,-0.887695,-0.354492,-10.559082,1.953125,0.366211,stair_down
1769345341.036787,-0.324707,-0.835938,-0.316650,-11.413578,7.080080,-8.178711,stair_down
1769345341.0566506,-0.284668,-0.792969,-0.284668,-10.131836,5.371094,-13.061527,stair_down
1769345341.0763893,-0.267334,-0.772095,-0.269043,-6.408693,-0.061035,-17.272949,stair_down
1769345341.0999122,-0.286865,-0.774780,-0.274170,-1.220703,-5.432129,-24.902351,stair_down
1769345341.1182935,-0.303223,-0.784302,-0.282959,1.281738,-10.009766,-30.334480,stair_down
1769345341.139844,-0.330200,-0.784058,-0.289185,3.601075,-11.108402,-35.400391,stair_down
1769345341.1595047,-0.352173,-0.786499,-0.288452,7.446291,-8.178711,-39.916992,stair_down
1769345341.17648,-0.377930,-0.810181,-0.289185,11.535648,-1.770020,-43.823242,stair_down
1769345341.2020833,-0.386719,-0.844727,-0.295166,14.099125,5.615236,-47.546402,stair_down
1769345341.2205982,-0.378662,-0.879639,-0.301147,15.197758,10.498047,-49.926773,stair_down
1769345341.237826,-0.368164,-0.927124,-0.304443,15.014652,10.192871,-51.025406,stair_down
1769345341.2574058,-0.365845,-0.945557,-0.308350,13.183598,6.469728,-49.316422,stair_down
1769345341.2772486,-0.368774,-0.944336,-0.319824,11.840824,2.075195,-45.166031,stair_down
1769345341.2992077,-0.374390,-0.938110,-0.336060,11.169437,-2.075195,-38.818359,stair_down
1769345341.3180618,-0.379150,-0.923462,-0.347656,10.192871,-5.676271,-31.127937,stair_down
1769345341.3394396,-0.377808,-0.903564,-0.350342,9.338379,-8.728027,-23.315437,stair_down
1769345341.3575096,-0.378662,-0.889160,-0.352661,9.277344,-11.108402,-13.305668,stair_down
1769345341.3766034,-0.381104,-0.888916,-0.359131,7.995607,-10.803223,-7.995607,stair_down
1769345341.397977,-0.384644,-0.882080,-0.367188,6.103518,-10.437012,-4.211426,stair_down
1769345341.4181783,-0.385864,-0.869995,-0.375977,3.967286,-9.094238,-2.014160,stair_down
1769345341.4365368,-0.390503,-0.853882,-0.381348,2.136230,-6.774904,-1.220703,stair_down
1769345341.4593337,-0.399292,-0.833496,-0.390015,0.671387,-2.563477,-1.037598,stair_down
1769345341.478647,-0.398682,-0.805054,-0.398560,-1.281738,2.868653,-0.854492,stair_down
1769345341.4988532,-0.377930,-0.772705,-0.400269,-3.723145,8.666992,-0.183106,stair_down
1769345341.5163956,-0.359619,-0.761475,-0.402222,-5.859377,8.972168,1.342773,stair_down
1769345341.5497503,-0.341919,-0.754395,-0.390991,-8.422852,6.896975,4.211426,stair_down
1769345341.5575092,-0.324585,-0.752686,-0.370850,-10.559082,2.563477,7.812502,stair_down
1769345341.5802038,-0.320068,-0.762085,-0.354980,-12.207035,-2.014160,11.779789,stair_down
1769345341.5984251,-0.329834,-0.770386,-0.344360,-13.916019,-5.371094,15.319828,stair_down
1769345341.6173718,-0.335938,-0.764893,-0.322632,-16.723633,-7.141115,18.310547,stair_down
1769345341.6364875,-0.331055,-0.721680,-0.300049,-16.601563,-7.995607,19.287109,stair_down
1769345341.6602075,-0.329590,-0.699463,-0.279541,-14.404301,-8.361816,18.676758,stair_down
1769345341.679616,-0.334106,-0.689819,-0.268555,-11.230473,-7.446291,17.150879,stair_down
1769345341.7009823,-0.344482,-0.696411,-0.266968,-6.958010,-5.187988,14.099125,stair_down
1769345341.7186787,-0.365112,-0.725220,-0.268921,-4.455566,-0.549316,9.948730,stair_down
1769345341.807519,-0.379639,-0.739502,-0.274902,-4.272461,5.737307,5.432129,stair_down
1769345341.807519,-0.371704,-0.715576,-0.278564,-3.845216,14.343266,-1.403809,stair_down
1769345341.807519,-0.339600,-0.692627,-0.272827,-2.258301,16.662598,-2.990724,stair_down
1769345341.807519,-0.334839,-0.709106,-0.255981,4.516602,13.793949,-5.615236,stair_down
1769345341.807519,-0.379150,-0.866699,-0.267700,21.179199,11.901859,-15.930180,stair_down
1769345341.8392823,-0.460083,-1.129028,-0.317383,33.142090,20.385742,-28.442390,stair_down
1769345341.85896,-0.530884,-1.352173,-0.388428,27.709969,38.330078,-33.691406,stair_down
1769345341.8776674,-0.511475,-1.314819,-0.436279,4.699707,55.297867,-26.000984,stair_down
1769345341.899201,-0.333740,-1.005127,-0.454346,-0.610352,47.119156,-2.258301,stair_down
1769345341.9765196,-0.265381,-0.953247,-0.466309,5.737307,28.381355,13.427738,stair_down
1769345341.995821,-0.244507,-0.975586,-0.454834,17.639160,10.009766,25.207527,stair_down
1769345341.9965851,-0.341675,-1.149292,-0.446411,30.944832,5.676271,31.433113,stair_down
1769345341.9965851,-0.397095,-1.317871,-0.493896,23.925789,17.028809,37.353516,stair_down
1769345341.9988852,-0.331665,-1.287354,-0.570190,7.995607,25.878914,49.255386,stair_down
1769345342.019524,-0.177002,-1.181152,-0.596313,-10.559082,6.774904,73.181152,stair_down
1769345342.0367076,-0.171387,-1.039307,-0.593384,0.671387,1.953125,81.970215,stair_down
1769345342.0572941,-0.321533,-0.826782,-0.596558,-6.958010,3.723145,41.809082,stair_down
1769345342.078226,-0.143066,-1.059570,-0.521362,1.220703,10.253906,84.533691,stair_down
1769345342.097234,-0.204590,-0.951416,-0.474731,-16.967773,1.586915,82.946777,stair_down
1769345342.1190498,-0.205322,-0.868286,-0.427124,-23.925789,3.295899,66.772461,stair_down
1769345342.1388113,-0.187012,-0.834106,-0.401001,-21.118164,-0.671387,43.334961,stair_down
1769345342.1589348,-0.218872,-0.868164,-0.364868,-22.888191,-7.080080,35.339355,stair_down
1769345342.179041,-0.250854,-0.826538,-0.344360,-23.742683,-5.432129,31.188972,stair_down
1769345342.1999311,-0.260376,-0.803467,-0.340210,-17.761230,-3.356935,24.475105,stair_down
1769345342.218589,-0.280762,-0.827759,-0.336792,-13.183598,1.098633,20.385742,stair_down
1769345342.2362847,-0.282104,-0.827026,-0.337280,-13.122562,5.310059,14.953617,stair_down
1769345342.259649,-0.268311,-0.804688,-0.318604,-10.681152,7.263186,7.568361,stair_down
1769345342.2780342,-0.256958,-0.789429,-0.292236,-5.981447,7.385256,-6.652834,stair_down
1769345342.30563,-0.258179,-0.814697,-0.283447,-2.319336,8.300781,-8.972168,stair_down
1769345342.3324592,-0.239624,-0.827148,-0.286987,-5.187988,5.004883,-11.962894,stair_down
1769345342.3431776,-0.244995,-0.805420,-0.301758,-4.394531,-0.610352,-17.700195,stair_down
1769345342.3470259,-0.258545,-0.797729,-0.320557,-1.647950,-4.943848,-24.414070,stair_down
1769345342.376272,-0.272217,-0.784668,-0.339722,3.051759,-7.690432,-29.846199,stair_down
1769345342.396499,-0.290649,-0.790039,-0.360352,7.690432,-8.605957,-33.203125,stair_down
1769345342.4180794,-0.313354,-0.798096,-0.401611,13.061527,-5.615236,-39.184570,stair_down
1769345342.4380908,-0.319824,-0.811401,-0.420288,15.319828,-3.173829,-44.189453,stair_down
1769345342.459509,-0.326050,-0.819946,-0.437134,16.235352,-0.427246,-49.499527,stair_down
1769345342.4779294,-0.326050,-0.827637,-0.457031,16.601563,1.342773,-52.612320,stair_down
1769345342.4978719,-0.325073,-0.839478,-0.472534,16.418457,2.014160,-54.565445,stair_down
1769345342.5161161,-0.327637,-0.851440,-0.482544,15.380863,0.671387,-55.725113,stair_down
1769345342.5402286,-0.335693,-0.859009,-0.492798,13.366703,-0.427246,-55.114761,stair_down
1769345342.5561762,-0.347656,-0.864014,-0.491577,9.399414,-1.342773,-50.781265,stair_down
1769345342.576877,-0.343872,-0.858398,-0.486084,5.493164,-2.441406,-45.898453,stair_down
1769345342.5975652,-0.329712,-0.849365,-0.479004,2.075195,-5.493164,-39.855957,stair_down
1769345342.6182277,-0.310913,-0.832520,-0.467651,-1.647950,-11.108402,-32.104492,stair_down
1769345342.6393511,-0.302246,-0.801880,-0.457275,-4.516602,-18.493652,-24.414070,stair_down
1769345342.6937315,-0.311646,-0.775757,-0.444214,-6.042482,-25.756844,-17.883301,stair_down
1769345342.7038238,-0.327637,-0.737793,-0.434692,-8.300781,-34.484863,-11.535648,stair_down
1769345342.7063055,-0.355591,-0.714355,-0.429688,-8.789063,-34.912109,-9.887695,stair_down
1769345342.7260656,-0.376953,-0.684448,-0.425903,-9.521484,-30.883797,-9.460449,stair_down
1769345342.736626,-0.392822,-0.654175,-0.413086,-9.216309,-23.986824,-9.826660,stair_down
1769345342.7585037,-0.404053,-0.630737,-0.400146,-7.385256,-15.075687,-10.864258,stair_down
1769345342.777995,-0.408813,-0.634277,-0.392944,-3.479005,-4.882813,-12.023930,stair_down
1769345342.7994418,-0.410278,-0.666626,-0.390503,1.403809,4.150391,-12.512211,stair_down
1769345342.8197992,-0.397705,-0.756348,-0.401855,7.263186,12.634281,-9.887695,stair_down
1769345342.8663979,-0.394775,-0.808716,-0.408325,7.751467,15.808109,-4.211426,stair_down
1769345342.9023974,-0.372559,-0.822266,-0.408569,4.699707,16.662598,4.455566,stair_down
1769345342.9023974,-0.334229,-0.794434,-0.411255,2.441406,12.878422,14.709476,stair_down
1769345342.9023974,-0.312134,-0.768555,-0.416382,3.417970,5.676271,23.925789,stair_down
1769345342.9172413,-0.310791,-0.777832,-0.418945,5.126953,-1.159668,31.799324,stair_down
1769345342.939471,-0.341309,-0.862793,-0.414795,14.831547,-6.225588,34.912109,stair_down
1769345342.9575467,-0.398193,-1.055542,-0.442017,25.268562,-1.342773,27.404793,stair_down
1769345342.979229,-0.444824,-1.280640,-0.451172,18.188477,9.460449,18.981934,stair_down
1769345342.9990504,-0.424438,-1.338013,-0.458008,-0.488281,19.042969,17.944336,stair_down
1769345343.0165899,-0.371704,-1.266479,-0.470459,-12.634281,23.437508,20.263672,stair_down
1769345343.0361934,-0.292969,-1.190918,-0.468506,-18.249512,18.249512,28.076180,stair_down
1769345343.0591094,-0.243286,-1.113770,-0.467896,-22.827156,5.371094,38.208008,stair_down
1769345343.0797708,-0.223267,-1.008423,-0.448120,-25.512703,-15.930180,50.720230,stair_down
1769345343.0982842,-0.242676,-0.959961,-0.412720,-26.977547,-22.216805,57.006851,stair_down
1769345343.1180184,-0.232056,-0.919922,-0.390137,-26.000984,-26.855476,57.861343,stair_down
1769345343.1397114,-0.233398,-0.930420,-0.382690,-19.470215,-31.250008,51.086441,stair_down
1769345343.1594107,-0.276978,-0.981445,-0.388184,-13.305668,-31.677254,38.574219,stair_down
1769345343.179477,-0.340454,-1.019775,-0.393066,-14.587406,-25.878914,26.489265,stair_down
1769345343.1965241,-0.381348,-0.972412,-0.392090,-21.972656,-10.803223,7.080080,stair_down
1769345343.2205248,-0.341431,-0.852295,-0.360474,-22.216805,-3.417970,-4.272461,stair_down
1769345343.2365873,-0.293213,-0.792603,-0.327759,-20.751953,-1.892090,-10.864258,stair_down
1769345343.25645,-0.259155,-0.739990,-0.305908,-17.944336,-6.347658,-14.160160,stair_down
1769345343.2785256,-0.258667,-0.712280,-0.289917,-13.427738,-12.451176,-16.540527,stair_down
1769345343.2982748,-0.279053,-0.705811,-0.291016,-7.385256,-15.991215,-21.728516,stair_down
1769345343.3165739,-0.297607,-0.725098,-0.300415,-2.990724,-19.226074,-27.648933,stair_down
1769345343.3406582,-0.338379,-0.744263,-0.308960,0.854492,-19.104004,-37.780762,stair_down
1769345343.356543,-0.365479,-0.751343,-0.308228,4.211426,-14.221195,-43.457031,stair_down
1769345343.376201,-0.387573,-0.762207,-0.307861,8.422852,-5.187988,-48.461929,stair_down
1769345343.3965645,-0.395874,-0.791016,-0.312012,12.512211,4.272461,-53.894058,stair_down
1769345343.4178512,-0.389648,-0.828491,-0.315552,14.587406,10.925293,-59.204117,stair_down
1769345343.4374156,-0.385864,-0.862183,-0.321777,15.319828,13.610844,-63.476578,stair_down
1769345343.4562907,-0.393555,-0.883667,-0.329712,14.343266,14.343266,-64.636230,stair_down
1769345343.4784088,-0.386475,-0.870117,-0.352905,10.803223,12.268070,-58.044449,stair_down
1769345343.49937,-0.367065,-0.830688,-0.359741,7.690432,7.995607,-48.706070,stair_down
1769345343.5196114,-0.341431,-0.770264,-0.359619,4.760742,0.366211,-37.963867,stair_down
1769345343.84655,-0.358765,-0.688843,-0.335083,-1.708985,-18.005371,-3.845216,stair_down
1769345343.84655,-0.365723,-0.673828,-0.327759,-0.915528,-15.502934,-4.882813,stair_down
1769345343.84655,-0.381226,-0.698608,-0.332642,1.281738,-11.474613,-8.605957,stair_down
1769345343.84655,-0.406616,-0.748047,-0.339478,2.746582,-6.347658,-12.756351,stair_down
1769345343.84655,-0.417236,-0.798950,-0.347534,0.793457,-0.732422,-15.380863,stair_down
1769345343.84655,-0.391479,-0.793579,-0.360474,-4.455566,2.014160,-13.854984,stair_down
1769345343.84655,-0.364624,-0.702148,-0.359009,-7.629396,0.122070,-5.310059,stair_down
1769345343.84655,-0.328125,-0.673584,-0.343018,-5.187988,-6.713869,0.244141,stair_down
1769345343.84655,-0.347656,-0.785522,-0.328857,10.864258,-15.808109,-0.854492,stair_down
1769345343.84655,-0.454102,-1.070801,-0.383301,23.559578,-13.000492,-7.019045,stair_down
1769345343.84655,-0.513794,-1.337402,-0.412354,18.188477,0.549316,-7.202150,stair_down
1769345343.9237647,-0.500854,-1.355713,-0.436401,-4.211426,13.793949,1.647950,stair_down
1769345343.9237647,-0.378906,-1.048828,-0.477661,-8.605957,14.953617,24.047859,stair_down
1769345343.9237647,-0.371704,-0.990601,-0.507568,9.277344,9.887695,33.691406,stair_down
1769345343.9237647,-0.431274,-1.110229,-0.525024,20.690918,12.329105,38.024902,stair_down
1769345343.9237647,-0.468628,-1.214111,-0.512329,20.141602,24.658211,40.832520,stair_down
1769345343.9365194,-0.443604,-1.281738,-0.491577,18.310547,40.710449,45.410172,stair_down
1769345343.9598742,-0.365967,-1.291504,-0.521240,9.582520,52.917496,54.992691,stair_down
1769345343.978896,-0.271118,-1.189209,-0.579346,4.089355,50.476089,68.542480,stair_down
1769345343.9992213,-0.209106,-1.036987,-0.580811,2.868653,27.526863,82.092285,stair_down
1769345344.0210536,-0.214844,-0.961426,-0.528931,-0.305176,13.793949,86.120605,stair_down
1769345344.037163,-0.236572,-0.903564,-0.483398,-2.136230,8.544922,85.327148,stair_down
1769345344.056417,-0.242554,-0.885620,-0.467896,-4.333496,7.812502,80.261230,stair_down
1769345344.0764606,-0.243530,-0.886719,-0.442383,-6.774904,8.117676,73.181152,stair_down
1769345344.0999672,-0.252441,-0.890747,-0.410889,-10.681152,9.216309,66.467285,stair_down
1769345344.1193154,-0.264282,-0.865723,-0.385376,-14.831547,14.221195,59.875504,stair_down
1769345344.1378279,-0.247314,-0.841309,-0.357178,-14.587406,17.944336,49.865738,stair_down
1769345344.1581469,-0.229614,-0.825562,-0.348022,-15.197758,19.165039,44.921890,stair_down
1769345344.1774204,-0.210815,-0.794678,-0.354370,-14.953617,17.395020,40.649414,stair_down
1769345344.1979692,-0.199951,-0.756958,-0.356201,-12.268070,13.671879,34.606934,stair_down
1769345344.220486,-0.197754,-0.726440,-0.346924,-9.399414,9.643555,29.113777,stair_down
1769345344.2371397,-0.193115,-0.676514,-0.332031,-4.516602,3.906251,18.615723,stair_down
1769345344.2622325,-0.204590,-0.645020,-0.314697,-2.685547,2.441406,12.268070,stair_down
1769345344.277792,-0.210205,-0.623779,-0.321167,-1.281738,1.098633,5.187988,stair_down
1769345344.3006866,-0.222168,-0.598999,-0.334229,-0.610352,0.976563,-4.333496,stair_down
1769345344.319424,-0.230835,-0.578735,-0.346680,2.990724,1.647950,-14.831547,stair_down
1769345344.3386712,-0.235474,-0.586182,-0.353027,6.042482,2.502441,-23.681648,stair_down
1769345344.3595917,-0.234985,-0.590576,-0.359497,8.361816,1.708985,-31.433113,stair_down
1769345344.3805547,-0.264893,-0.621826,-0.370239,13.366703,1.159668,-43.273926,stair_down
1769345344.4004326,-0.282715,-0.680542,-0.387573,18.249512,3.051759,-51.147476,stair_down
1769345344.4201639,-0.299072,-0.752563,-0.405518,21.301270,6.042482,-57.434097,stair_down
1769345344.4378977,-0.307495,-0.814331,-0.416992,21.545410,8.911133,-60.852066,stair_down
1769345344.4573324,-0.310059,-0.844116,-0.426636,19.287109,10.192871,-61.645523,stair_down
1769345344.4793003,-0.305664,-0.851563,-0.433350,17.211914,8.605957,-61.279312,stair_down
1769345344.499461,-0.299683,-0.857300,-0.443359,15.563969,4.272461,-60.607925,stair_down
1769345344.5166287,-0.298950,-0.871826,-0.472168,12.695316,-3.662110,-58.288589,stair_down
1769345344.5387042,-0.313232,-0.878906,-0.479004,10.375977,-9.155273,-56.579605,stair_down
1769345344.5584009,-0.333374,-0.916992,-0.463379,14.709476,-13.854984,-58.349625,stair_down
1769345344.576742,-0.380127,-1.075439,-0.484131,22.033691,-14.709476,-65.734863,stair_down
1769345344.5968876,-0.441528,-1.252808,-0.532227,18.554688,-8.605957,-70.312500,stair_down
1769345344.6190472,-0.455933,-1.298828,-0.558838,2.441406,0.854492,-67.443848,stair_down
1769345344.766356,-0.385254,-0.991333,-0.550903,-16.296387,-0.732422,-38.208008,stair_down
1769345344.7682967,-0.356689,-0.932861,-0.516846,-12.084965,-4.821777,-24.169930,stair_down
1769345344.7682967,-0.343140,-0.970093,-0.462158,-7.507326,-6.713869,-12.268070,stair_down
1769345344.7682967,-0.337280,-1.034790,-0.409302,-11.535648,-8.239746,-1.464844,stair_down
1769345344.7682967,-0.328613,-1.060547,-0.400024,-16.540527,-13.671879,6.225588,stair_down
1769345344.7682967,-0.336792,-1.083984,-0.386963,-19.287109,-19.348145,10.620117,stair_down
1769345344.7764926,-0.367676,-1.118896,-0.382935,-21.667480,-23.681648,17.089844,stair_down
1769345344.7981503,-0.383911,-1.086914,-0.381348,-28.259285,-24.047859,23.376472,stair_down
1769345344.8191302,-0.360474,-0.977783,-0.361084,-32.287598,-26.184090,30.517586,stair_down
1769345344.8392758,-0.317139,-0.864868,-0.329956,-31.555183,-30.883797,36.926270,stair_down
1769345344.8594155,-0.285278,-0.766602,-0.293701,-27.465828,-37.597656,42.114258,stair_down
1769345344.8762388,-0.274170,-0.706909,-0.261841,-19.531250,-43.823242,46.325699,stair_down
1769345344.8962862,-0.303223,-0.704590,-0.245361,-7.507326,-49.499527,45.227066,stair_down
1769345344.9169612,-0.335815,-0.725220,-0.247070,-2.746582,-44.250504,42.663574,stair_down
1769345344.9373457,-0.354614,-0.723877,-0.249634,1.464844,-32.897949,38.818359,stair_down
1769345344.958415,-0.373901,-0.721069,-0.259277,6.225588,-20.202637,31.921394,stair_down
1769345344.97628,-0.381226,-0.719116,-0.277222,9.826660,-7.141115,22.644051,stair_down
1769345344.998671,-0.363159,-0.710571,-0.293213,11.718754,2.258301,12.207035,stair_down
1769345345.018966,-0.340820,-0.701782,-0.300781,14.221195,7.080080,2.746582,stair_down
1769345345.0364723,-0.332031,-0.721313,-0.295654,15.747074,12.207035,-5.859377,stair_down
1769345345.0582612,-0.319092,-0.721802,-0.294922,13.427738,11.718754,-7.446291,stair_down
1769345345.0769272,-0.298706,-0.701050,-0.293213,10.498047,9.277344,-7.080080,stair_down
1769345345.0981505,-0.281372,-0.677856,-0.291626,9.826660,5.004883,-6.286623,stair_down
1769345345.1183953,-0.278564,-0.690674,-0.297241,11.413578,0.183106,-5.004883,stair_down
1769345345.140496,-0.288940,-0.737915,-0.312378,12.390141,-5.065918,-3.845216,stair_down
1769345345.1962738,-0.314941,-0.783203,-0.339722,10.986328,-8.239746,-3.784181,stair_down
1769345345.2113466,-0.335083,-0.795288,-0.356079,7.141115,-7.019045,-6.042482,stair_down
1769345345.2153804,-0.337036,-0.784668,-0.354980,5.981447,-6.469728,-9.216309,stair_down
1769345345.2184691,-0.335205,-0.782227,-0.357422,5.249023,-6.591799,-12.878422,stair_down
1769345345.2362957,-0.353638,-0.779175,-0.365845,5.126953,-5.310059,-18.005371,stair_down
1769345345.2577784,-0.369995,-0.773804,-0.372437,4.760742,-1.403809,-22.949226,stair_down
1769345345.2782106,-0.372681,-0.762573,-0.378296,4.150391,2.563477,-27.221687,stair_down
1769345345.2974935,-0.366943,-0.752686,-0.387451,2.319336,5.187988,-30.822762,stair_down
1769345345.3190658,-0.367310,-0.757568,-0.374146,2.075195,3.662110,-32.165527,stair_down
1769345345.3418446,-0.390259,-0.825439,-0.340576,10.375977,1.037598,-39.733887,stair_down
1769345345.4850273,-0.460571,-1.041626,-0.367188,22.949226,4.089355,-51.757828,stair_down
1769345345.485757,-0.533081,-1.293091,-0.406250,20.812988,15.563969,-57.556168,stair_down
1769345345.485757,-0.536133,-1.324585,-0.437866,-1.281738,31.127937,-49.682632,stair_down
1769345345.5261886,-0.472412,-1.092041,-0.448486,-13.000492,36.193848,-31.555183,stair_down
1769345345.5267694,-0.396484,-0.975708,-0.458984,9.704590,23.437508,-12.146000,stair_down
1769345345.5267694,-0.406494,-1.189087,-0.461060,22.949226,15.258793,-5.981447,stair_down
1769345345.5492995,-0.448242,-1.378662,-0.461182,19.104004,13.793949,1.831055,stair_down
1769345345.549982,-0.437744,-1.399170,-0.472046,2.746582,17.822266,15.075687,stair_down
1769345345.5512536,-0.351563,-1.222412,-0.528564,-10.070801,15.930180,38.024902,stair_down
1769345345.5515847,-0.292847,-1.033203,-0.582642,-8.728027,4.760742,60.913101,stair_down
1769345345.5610678,-0.303345,-0.911987,-0.575806,-2.014160,-10.803223,80.139160,stair_down
1769345345.5763316,-0.323975,-0.884277,-0.528687,0.244141,-11.474613,82.763672,stair_down
1769345345.5976644,-0.341187,-0.895386,-0.481323,-0.305176,-5.981447,79.467773,stair_down
1769345345.6200585,-0.331787,-0.905273,-0.450806,-6.225588,1.647950,73.608398,stair_down
1769345345.6386204,-0.317261,-0.889893,-0.436279,-11.291508,7.324221,66.406250,stair_down
1769345345.6604686,-0.317261,-0.879272,-0.424927,-13.671879,12.390141,60.546890,stair_down
1769345345.6834896,-0.306763,-0.870972,-0.403076,-15.869144,16.357422,57.800308,stair_down
1769345345.700277,-0.283081,-0.821899,-0.383545,-17.578125,17.822266,53.161636,stair_down
1769345345.7208831,-0.267700,-0.792236,-0.375000,-15.808109,15.319828,46.508804,stair_down
1769345345.7367253,-0.264404,-0.779541,-0.366455,-12.023930,14.343266,41.503906,stair_down
1769345345.7603571,-0.255737,-0.788086,-0.350952,-9.948730,14.099125,38.269043,stair_down
1769345345.779151,-0.254883,-0.799927,-0.331909,-9.155273,12.756351,35.461426,stair_down
1769345345.7973099,-0.249512,-0.800049,-0.323364,-9.277344,10.925293,29.785164,stair_down
1769345345.8209302,-0.240234,-0.794800,-0.322021,-9.643555,8.300781,22.338875,stair_down
1769345345.8401093,-0.221069,-0.754028,-0.322266,-7.629396,4.760742,17.089844,stair_down
1769345345.8632598,-0.220581,-0.728149,-0.332153,-5.615236,0.305176,10.253906,stair_down
1769345345.8818467,-0.231567,-0.702759,-0.347534,-3.417970,-3.784181,2.563477,stair_down
1769345345.8978887,-0.250610,-0.673828,-0.368774,-1.037598,-5.737307,-5.371094,stair_down
1769345345.9223266,-0.271851,-0.654053,-0.385620,2.807618,-4.333496,-13.061527,stair_down
1769345345.937513,-0.272339,-0.649292,-0.402710,5.859377,-1.708985,-20.507813,stair_down
1769345345.9567316,-0.278809,-0.653809,-0.421143,10.070801,-0.061035,-31.005867,stair_down
1769345345.9804294,-0.287109,-0.665649,-0.430908,11.230473,1.464844,-38.391113,stair_down
1769345346.0021634,-0.294800,-0.681274,-0.440796,11.718754,2.624512,-45.043961,stair_down
1769345346.020681,-0.308594,-0.705322,-0.448975,11.047363,4.028320,-49.926773,stair_down
1769345346.0410972,-0.319702,-0.718262,-0.460083,9.216309,5.798342,-52.429214,stair_down
1769345346.0565865,-0.316528,-0.725098,-0.468506,7.751467,6.469728,-52.490250,stair_down
1769345346.0764337,-0.301636,-0.738892,-0.467041,6.896975,4.699707,-51.208511,stair_down
1769345346.0999055,-0.289551,-0.781128,-0.468018,6.042482,-3.601075,-49.133316,stair_down
1769345346.1205795,-0.298706,-0.810547,-0.473022,3.295899,-10.253906,-47.058121,stair_down
1769345346.1394515,-0.316040,-0.808960,-0.480835,-1.525879,-15.319828,-43.457031,stair_down
1769345346.1597226,-0.323608,-0.771973,-0.484131,-6.164553,-19.042969,-39.428711,stair_down
1769345346.1787522,-0.328247,-0.730713,-0.480103,-9.033203,-22.705086,-36.682129,stair_down
1769345346.2484422,-0.327759,-0.707275,-0.455444,-8.972168,-26.672371,-36.560059,stair_down
1769345346.2564256,-0.385986,-0.868164,-0.450806,7.751467,-32.043457,-48.828140,stair_down
1769345346.2564256,-0.471069,-1.103760,-0.479370,14.709476,-23.559578,-59.936539,stair_down
1769345346.2564256,-0.542480,-1.320313,-0.495728,6.713869,-7.385256,-64.453125,stair_down
1769345346.2787209,-0.519409,-1.322144,-0.494507,-18.798828,5.615236,-57.250992,stair_down
1769345346.300064,-0.439087,-1.095215,-0.462524,-31.921394,4.943848,-41.748047,stair_down
1769345346.3189635,-0.355347,-0.951538,-0.434937,-23.864754,-5.310059,-25.207527,stair_down
1769345346.3397772,-0.296997,-0.953979,-0.409912,-13.488773,-18.005371,-7.324221,stair_down
1769345346.3608243,-0.306152,-1.014771,-0.355713,-6.958010,-33.020020,16.540527,stair_down
1769345346.3764408,-0.357910,-1.094482,-0.348633,-4.882813,-40.100098,23.986824,stair_down
1769345346.3984358,-0.406250,-1.151123,-0.352173,-8.544922,-37.780762,26.733406,stair_down
1769345346.4207585,-0.420898,-1.136475,-0.353394,-12.695316,-32.043457,27.832039,stair_down
1769345346.4401765,-0.425171,-1.088989,-0.355591,-14.831547,-24.902351,29.113777,stair_down
1769345346.4605966,-0.389404,-1.012451,-0.354126,-17.517090,-20.385742,32.043457,stair_down
1769345346.4779713,-0.313843,-0.900269,-0.331299,-15.625004,-25.207527,33.874512,stair_down
1769345346.5006144,-0.291382,-0.829224,-0.307373,-14.282230,-31.372078,34.851074,stair_down
1769345346.5204878,-0.291260,-0.764160,-0.290283,-10.803223,-37.109375,35.705566,stair_down
1769345346.5412095,-0.296997,-0.730957,-0.286377,-5.065918,-40.283203,33.142090,stair_down
1769345346.5596287,-0.313599,-0.732178,-0.299194,0.732422,-40.466309,27.771004,stair_down
1769345346.5853674,-0.336670,-0.735474,-0.314819,5.249023,-35.095215,20.263672,stair_down
1769345346.609809,-0.360474,-0.727539,-0.325195,9.643555,-24.963387,11.901859,stair_down
1769345346.6182537,-0.389038,-0.726318,-0.339966,16.540527,-5.981447,-0.793457,stair_down
1769345346.6406116,-0.375854,-0.735718,-0.347778,19.775391,6.591799,-8.422852,stair_down
1769345346.6601632,-0.353271,-0.758789,-0.353027,21.240234,14.770512,-16.540527,stair_down
1769345346.6777084,-0.349487,-0.786621,-0.347778,20.629883,19.348145,-23.925789,stair_down
1769345346.6986187,-0.336792,-0.809448,-0.345459,18.615723,20.568848,-29.602058,stair_down
1769345346.7181175,-0.325928,-0.828003,-0.349121,15.747074,19.348145,-31.433113,stair_down
1769345346.737285,-0.317505,-0.827393,-0.358276,11.474613,15.808109,-30.578621,stair_down
1769345346.7565646,-0.309204,-0.804199,-0.374634,7.141115,6.896975,-28.991707,stair_down
1769345346.779809,-0.321289,-0.791626,-0.385010,5.371094,1.403809,-28.076180,stair_down
1769345346.7982535,-0.338867,-0.788574,-0.385376,3.723145,-0.915528,-27.038582,stair_down
1769345346.8204339,-0.349854,-0.790649,-0.382935,1.037598,-0.610352,-25.573738,stair_down
1769345346.8395293,-0.348511,-0.775635,-0.382813,-2.197266,0.427246,-23.925789,stair_down
1769345346.8571246,-0.342163,-0.750854,-0.377930,-4.760742,0.549316,-22.460945,stair_down
1769345346.8802664,-0.334106,-0.697510,-0.359375,-7.385256,-1.220703,-20.751953,stair_down
1769345346.896204,-0.341919,-0.673828,-0.355835,-6.103518,-2.929688,-21.911621,stair_down
1769345346.920683,-0.363037,-0.685059,-0.355469,-3.479005,-2.990724,-24.780281,stair_down
1769345346.9408412,-0.389771,-0.709839,-0.353760,-2.929688,-0.183106,-28.564461,stair_down
1769345346.9564347,-0.416626,-0.730225,-0.351074,-3.173829,5.676271,-31.738289,stair_down
1769345346.9803998,-0.429688,-0.740356,-0.345215,-5.310059,13.488773,-32.897949,stair_down
1769345346.9976954,-0.420776,-0.728149,-0.339722,-8.300781,18.981934,-32.592773,stair_down
1769345347.2248769,-0.368286,-0.905396,-0.483032,-8.239746,24.841316,24.597176,stair_down
1769345347.2248769,-0.350342,-0.905640,-0.510132,12.573246,10.803223,42.907715,stair_down
1769345347.2248769,-0.406738,-1.046265,-0.512329,21.545410,5.493164,55.114761,stair_down
1769345347.2248769,-0.435547,-1.160034,-0.496704,20.385742,12.451176,67.321777,stair_down
1769345347.2248769,-0.413086,-1.186035,-0.491577,10.559082,25.573738,81.970215,stair_down
1769345347.2561958,-0.344360,-1.102417,-0.525146,5.004883,33.874512,96.191437,stair_down
1769345347.260154,-0.310791,-1.062134,-0.568726,9.643555,36.254883,102.905304,stair_down
1769345347.2798827,-0.296387,-1.077026,-0.581665,9.643555,35.949707,106.323273,stair_down
1769345347.2980995,-0.289185,-1.061279,-0.543579,5.859377,35.217285,105.163605,stair_down
1769345347.3200607,-0.279541,-1.015869,-0.511597,-1.770020,34.423828,100.402863,stair_down
1769345347.3407378,-0.245728,-0.955444,-0.481567,-7.934572,30.029305,94.177277,stair_down
1769345347.3604581,-0.212280,-0.898438,-0.445557,-12.023930,22.766121,88.562042,stair_down
1769345347.3761647,-0.207031,-0.846191,-0.404541,-13.671879,14.892582,85.571289,stair_down
1769345347.3977983,-0.215942,-0.805054,-0.356079,-13.854984,10.253906,78.430176,stair_down
1769345347.4164667,-0.210938,-0.759888,-0.313354,-10.864258,5.310059,71.411133,stair_down
1769345347.438941,-0.223389,-0.754272,-0.305298,-7.873537,4.455566,64.086914,stair_down
1769345347.4593353,-0.230225,-0.746094,-0.308716,-6.896975,4.333496,57.006851,stair_down
1769345347.4802089,-0.237427,-0.713135,-0.311646,-5.981447,4.089355,50.537125,stair_down
1769345347.499818,-0.231567,-0.663940,-0.298340,-5.676271,3.112794,43.884277,stair_down
1769345347.5202856,-0.205933,-0.593750,-0.274658,-3.723145,-0.427246,37.170410,stair_down
1769345347.5392437,-0.207031,-0.479614,-0.257690,9.643555,-3.051759,16.296387,stair_down
1769345347.5577054,-0.238647,-0.532227,-0.257080,22.460945,3.601075,15.563969,stair_down
1769345347.5803618,-0.236450,-0.562988,-0.278564,17.639160,7.690432,7.202150,stair_down
1769345347.5969331,-0.256348,-0.512695,-0.313232,20.874023,10.253906,-11.474613,stair_down
1769345347.6205754,-0.260742,-0.544189,-0.339722,28.808601,13.244633,-33.691406,stair_down
1769345347.6405215,-0.260864,-0.611084,-0.364014,33.508301,16.296387,-46.264664,stair_down
1769345347.6590347,-0.277100,-0.656250,-0.388794,34.118652,18.615723,-54.748550,stair_down
1769345347.680757,-0.320190,-0.719238,-0.434692,36.010742,24.108894,-72.753906,stair_down
1769345347.7000644,-0.332642,-0.781372,-0.468994,35.156250,29.296883,-84.045410,stair_down
1769345347.7214277,-0.334229,-0.823853,-0.504028,33.630371,33.447266,-89.721710,stair_down
1769345347.7435918,-0.316284,-0.855225,-0.522705,29.541023,33.752441,-88.806183,stair_down
1769345347.760913,-0.272095,-0.858643,-0.509399,26.916512,26.611336,-84.045410,stair_down
1769345347.7768414,-0.252686,-0.956909,-0.509033,39.306641,12.512211,-87.097168,stair_down
1769345347.7966726,-0.378296,-1.399658,-0.562866,46.081558,0.915528,-97.717316,stair_down
1769345347.8202026,-0.460449,-1.574219,-0.591064,16.235352,4.821777,-93.811066,stair_down
1769345347.839253,-0.459839,-1.386719,-0.594482,-13.671879,8.789063,-79.406738,stair_down
1769345347.856152,-0.416626,-1.160522,-0.577148,-21.728516,3.784181,-61.279312,stair_down
1769345347.8814592,-0.355591,-1.034790,-0.551758,-19.897461,-3.051759,-41.809082,stair_down
1769345347.9107397,-0.319580,-1.033325,-0.505127,-10.620117,-11.718754,-27.526863,stair_down
1769345347.9206405,-0.347778,-1.154663,-0.445801,-8.728027,-20.690918,-20.690918,stair_down
1769345347.937702,-0.405151,-1.253174,-0.396484,-25.451668,-25.268562,-12.939457,stair_down
1769345347.9605138,-0.395630,-1.210449,-0.376709,-34.606934,-26.672371,-5.432129,stair_down
1769345347.9783447,-0.395020,-1.138062,-0.360352,-38.391113,-28.198250,1.770020,stair_down
1769345348.0015302,-0.380127,-1.065063,-0.337402,-40.832520,-32.470703,8.789063,stair_down
1769345348.0209165,-0.359497,-0.987305,-0.307373,-40.283203,-40.100098,16.662598,stair_down
1769345348.041031,-0.354736,-0.917725,-0.283325,-36.621094,-46.997086,23.498543,stair_down
1769345348.058383,-0.364746,-0.856812,-0.265381,-26.855476,-48.950211,30.273445,stair_down
1769345348.0786545,-0.380981,-0.784424,-0.247070,-20.202637,-45.410172,32.714844,stair_down
1769345348.1021,-0.386475,-0.744629,-0.228516,-13.977055,-38.940430,33.752441,stair_down
1769345348.1251962,-0.389526,-0.717285,-0.215698,-8.117676,-29.602058,33.874512,stair_down
1769345348.1424897,-0.387451,-0.697021,-0.211182,-2.685547,-18.066406,33.142090,stair_down
1769345348.1583526,-0.378662,-0.684204,-0.213013,3.051759,-6.591799,30.700691,stair_down
1769345348.179714,-0.369385,-0.685547,-0.219482,8.605957,2.563477,25.939949,stair_down
1769345348.2005777,-0.352661,-0.705688,-0.234131,14.648441,10.070801,15.258793,stair_down
1769345348.2165327,-0.348755,-0.719727,-0.244629,17.578125,11.413578,7.751467,stair_down
1769345348.2414339,-0.358032,-0.735596,-0.245361,19.653320,13.000492,1.647950,stair_down
1769345348.2573555,-0.363647,-0.748413,-0.248169,20.996094,16.235352,-2.075195,stair_down
1769345348.2830677,-0.368652,-0.763794,-0.264893,23.315437,19.836426,-4.272461,stair_down
1769345348.2989473,-0.373535,-0.797363,-0.283325,25.695808,22.949226,-6.530764,stair_down
1769345348.320954,-0.376343,-0.835693,-0.303955,26.306160,25.512703,-9.033203,stair_down
1769345348.3392444,-0.375000,-0.893433,-0.340210,25.451668,27.160652,-10.986328,stair_down
1769345348.356145,-0.374878,-0.921997,-0.364014,22.827156,27.038582,-12.207035,stair_down
1769345348.380561,-0.368286,-0.938354,-0.389526,21.667480,25.939949,-13.061527,stair_down
1769345348.4005046,-0.371460,-0.950928,-0.416260,20.507813,25.268562,-12.695316,stair_down
1769345348.4178803,-0.369629,-0.951660,-0.442383,18.371582,24.414070,-11.108402,stair_down
1769345348.4379878,-0.364746,-0.942871,-0.441284,18.127441,21.545410,-10.986328,stair_down
1769345348.4599707,-0.416016,-1.097534,-0.466797,26.306160,20.996094,-21.484375,stair_down
1769345348.478566,-0.445190,-1.150391,-0.505493,15.930180,28.686531,-20.996094,stair_down
1769345348.5016665,-0.435669,-1.040405,-0.523682,6.286623,36.926270,-14.465336,stair_down
1769345348.5464473,-0.403931,-0.924927,-0.526001,5.981447,38.635254,-7.629396,stair_down
1769345348.5962248,-0.386719,-0.875732,-0.526733,6.408693,37.597656,-0.732422,stair_down
1769345348.5962248,-0.385254,-0.832886,-0.521484,2.563477,38.146973,7.019045,stair_down
1769345348.5962248,-0.375366,-0.776367,-0.488770,-2.563477,39.916992,15.197758,stair_down
1769345348.5962248,-0.311890,-0.737793,-0.406860,-6.591799,37.048340,24.353035,stair_down
1769345348.6165662,-0.281494,-0.788452,-0.359741,-5.798342,29.846199,28.747566,stair_down
1769345348.640557,-0.303467,-0.892334,-0.344727,-5.126953,23.498543,34.729004,stair_down
1769345348.6647696,-0.320190,-0.998657,-0.337402,-6.530764,20.812988,40.466309,stair_down
1769345348.679683,-0.327881,-1.066650,-0.333862,-9.948730,20.690918,47.607437,stair_down
1769345348.7391183,-0.328613,-1.072388,-0.333740,-14.343266,19.775391,54.809586,stair_down
1769345348.7485654,-0.309692,-0.983643,-0.347168,-15.563969,10.559082,62.500015,stair_down
1769345348.7485654,-0.302979,-0.914063,-0.343994,-11.230473,2.746582,66.284180,stair_down
1769345348.7592027,-0.304810,-0.856567,-0.319702,-4.455566,-2.258301,67.993164,stair_down
1769345348.7762163,-0.309692,-0.813110,-0.293823,2.929688,-2.990724,67.260742,stair_down
1769345348.798758,-0.336670,-0.787720,-0.270630,6.774904,1.892090,65.795898,stair_down
1769345348.818548,-0.346436,-0.757568,-0.269287,11.230473,11.047363,59.143082,stair_down
1769345348.8394969,-0.346680,-0.755859,-0.270142,14.343266,20.263672,49.438492,stair_down
1769345348.8602142,-0.330566,-0.758667,-0.272583,15.991215,31.738289,33.691406,stair_down
1769345348.8762505,-0.309204,-0.762451,-0.282349,17.089844,34.118652,24.230965,stair_down
1769345348.8962402,-0.310669,-0.766724,-0.302246,19.409180,34.240723,15.136723,stair_down
1769345348.9160903,-0.319214,-0.770020,-0.325928,23.620613,35.217285,6.652834,stair_down
1769345348.941017,-0.334106,-0.778687,-0.349731,28.625496,38.513184,0.122070,stair_down
1769345348.9590333,-0.342407,-0.792847,-0.366455,32.043457,43.823242,-4.882813,stair_down
1769345348.9783838,-0.339355,-0.791870,-0.377075,32.958984,48.156754,-9.521484,stair_down
1769345348.9993925,-0.331787,-0.772827,-0.400757,34.790039,53.039566,-17.700195,stair_down
1769345349.0194726,-0.319702,-0.777954,-0.411499,35.705566,53.771988,-23.681648,stair_down
1769345349.0402217,-0.307861,-0.796387,-0.417969,34.973145,51.757828,-28.503426,stair_down
1769345349.0634537,-0.309326,-0.822266,-0.430542,33.813477,47.973648,-33.630371,stair_down
1769345349.077477,-0.323608,-0.867310,-0.446411,32.165527,44.555679,-39.123535,stair_down
1769345349.0965576,-0.343628,-0.920654,-0.460815,28.076180,42.358398,-42.419434,stair_down
1769345349.1191447,-0.361084,-0.977173,-0.461670,19.470215,40.222168,-42.419434,stair_down
1769345349.139521,-0.366211,-1.021729,-0.459595,18.188477,38.146973,-40.405273,stair_down
1769345349.1609597,-0.372314,-1.094971,-0.475098,12.512211,38.146973,-34.179688,stair_down
1769345349.2163491,-0.340942,-1.060547,-0.477539,0.183106,35.156250,-20.324707,stair_down
1769345349.2431536,-0.295776,-0.984741,-0.463745,-1.708985,24.841316,-9.094238,stair_down
1769345349.2431536,-0.305054,-0.994995,-0.433716,-2.075195,12.268070,-1.098633,stair_down
1769345349.252004,-0.338379,-0.994629,-0.417480,-8.361816,3.845216,5.615236,stair_down
1769345349.258292,-0.387939,-0.948975,-0.419434,-11.779789,1.037598,13.183598,stair_down
1769345349.2792077,-0.396973,-0.894043,-0.419800,-12.573246,5.615236,18.920898,stair_down
1769345349.2978356,-0.400269,-0.818481,-0.416382,-10.375977,12.084965,24.719246,stair_down
1769345349.3239808,-0.407104,-0.752686,-0.403442,-6.225588,19.836426,29.235847,stair_down
1769345349.3862252,-0.411987,-0.701782,-0.375244,-4.211426,29.357918,33.569336,stair_down
1769345349.3862252,-0.424683,-0.659790,-0.341187,-0.793457,41.137695,35.034180,stair_down
1769345349.3862252,-0.479980,-0.750977,-0.318604,11.840824,65.856934,26.672371,stair_down
1769345349.4075143,-0.513672,-0.897949,-0.303955,15.380863,89.416534,19.775391,stair_down
1769345349.4190638,-0.509766,-1.036987,-0.288208,13.305668,110.778839,13.488773,stair_down
1769345349.4404466,-0.464600,-1.121338,-0.269043,4.577637,121.765167,11.413578,stair_down
1769345349.4579859,-0.396362,-1.118408,-0.245850,-4.699707,121.154816,15.686039,stair_down
1769345349.498108,-0.319336,-1.057495,-0.239380,-10.986328,107.666046,26.062019,stair_down
1769345349.5132117,-0.257690,-0.991943,-0.234375,-12.207035,85.144043,37.536621,stair_down
1769345349.5187016,-0.241821,-0.896240,-0.223267,-10.620117,46.203629,54.626480,stair_down
1769345349.537922,-0.272827,-0.837402,-0.213379,-6.469728,26.855476,62.255875,stair_down
1769345349.5965059,-0.309692,-0.809937,-0.201538,0.427246,17.456055,66.589355,stair_down
1769345349.5965059,-0.339966,-0.810669,-0.196777,6.652834,18.066406,68.420410,stair_down
1769345349.6664195,-0.361328,-0.817017,-0.198975,11.474613,24.963387,68.176270,stair_down
1769345349.6664195,-0.368164,-0.823853,-0.201782,15.502934,33.813477,65.368652,stair_down
1769345349.6664195,-0.361938,-0.833496,-0.204834,19.592285,44.372574,56.762711,stair_down
1769345349.6664195,-0.342896,-0.844238,-0.218018,21.667480,47.729507,48.767105,stair_down
1769345349.6764202,-0.333130,-0.851196,-0.237427,23.071297,48.278824,40.588379,stair_down
1769345349.6993117,-0.336914,-0.858887,-0.246338,23.376472,48.522964,33.874512,stair_down
1769345349.718438,-0.334351,-0.856323,-0.248901,22.399910,48.950211,28.869637,stair_down
1769345349.7425995,-0.331909,-0.869507,-0.255127,23.315437,48.339859,24.902351,stair_down
1769345349.7573802,-0.326782,-0.915039,-0.266602,23.681648,46.020523,21.301270,stair_down
1769345349.7805622,-0.305908,-0.985718,-0.278442,22.155769,38.757324,18.676758,stair_down
1769345349.7985227,-0.290649,-1.041016,-0.273315,25.085457,28.930672,16.113281,stair_down
1769345349.8183997,-0.307495,-1.134888,-0.307251,28.808601,19.104004,12.573246,stair_down
1769345349.841019,-0.323730,-1.129150,-0.357666,20.690918,15.014652,16.784668,stair_down
1769345349.8598332,-0.326782,-0.970215,-0.399414,20.080566,12.817387,23.315437,stair_down
1769345349.8814783,-0.348633,-0.865723,-0.435547,27.160652,15.014652,24.902351,stair_down
1769345349.900152,-0.353271,-0.807983,-0.472168,29.663094,22.644051,24.597176,stair_down
1769345349.9210668,-0.345825,-0.752319,-0.478882,33.386230,31.433113,17.395020,stair_down
1769345349.9397416,-0.349365,-0.791260,-0.456055,32.348633,35.217285,9.460449,stair_down
1769345349.957142,-0.329468,-0.829102,-0.434814,23.437508,39.550781,3.845216,stair_down
1769345349.9763799,-0.267944,-0.831909,-0.414307,13.793949,38.574219,3.234864,stair_down
1769345350.0001717,-0.208008,-0.844971,-0.398193,7.995607,27.832039,7.446291,stair_down
1769345350.0206666,-0.197266,-0.882690,-0.394531,6.591799,12.329105,14.953617,stair_down
1769345350.066094,-0.248291,-0.977051,-0.407104,6.225588,-4.882813,25.695808,stair_down
1769345350.08617,-0.285767,-1.020752,-0.419556,5.737307,-6.286623,32.348633,stair_down
1769345350.0879378,-0.296387,-1.037964,-0.432007,5.493164,-2.990724,39.489746,stair_down
1769345350.0962105,-0.285278,-1.021118,-0.445068,4.760742,-0.549316,46.081558,stair_down
1769345350.1194444,-0.258057,-0.963989,-0.451172,3.845216,-1.770020,49.804703,stair_down
1769345350.138187,-0.249878,-0.885742,-0.441162,2.990724,-4.211426,50.109879,stair_down
1769345350.1562035,-0.246094,-0.797241,-0.422729,0.305176,-5.676271,45.959488,stair_down
1769345350.1795697,-0.253418,-0.689819,-0.399536,2.563477,-7.629396,33.630371,stair_down
1769345350.1963933,-0.263550,-0.665771,-0.398926,4.333496,-6.530764,20.019531,stair_down
1769345350.2200983,-0.278564,-0.665771,-0.396851,5.737307,-4.516602,6.408693,stair_down
1769345350.2376559,-0.317261,-0.674316,-0.392822,7.019045,0.366211,-8.911133,stair_down
1769345350.2569299,-0.353394,-0.698120,-0.394531,9.094238,8.850098,-25.451668,stair_down
1769345350.277302,-0.378296,-0.736938,-0.401855,11.474613,19.775391,-40.466309,stair_down
1769345350.2972703,-0.380737,-0.797241,-0.421387,15.014652,36.499023,-51.818863,stair_down
1769345350.3209932,-0.376465,-0.824341,-0.431030,17.089844,44.555679,-53.955093,stair_down
1769345350.3388789,-0.358276,-0.853271,-0.445313,16.418457,47.607437,-55.786148,stair_down
1769345350.3603458,-0.338745,-0.858154,-0.458252,13.977055,45.776382,-56.762711,stair_down
1769345350.3800383,-0.314941,-0.842041,-0.454224,10.131836,39.367676,-56.335464,stair_down
1769345350.4012976,-0.298584,-0.810181,-0.445435,7.568361,29.235847,-54.321304,stair_down
1769345350.4335144,-0.310791,-0.800049,-0.445679,9.216309,19.836426,-51.391617,stair_down
1769345350.4418433,-0.366089,-0.863647,-0.472778,11.596684,13.916019,-48.889175,stair_down
1769345350.4579394,-0.406616,-0.912842,-0.488770,8.605957,13.977055,-47.729507,stair_down
1769345350.4793968,-0.427246,-0.924072,-0.490479,3.295899,17.211914,-45.288101,stair_down
1769345350.4992764,-0.431885,-0.904297,-0.499268,-0.854492,20.141602,-40.283203,stair_down
1769345350.5382578,-0.427979,-0.877319,-0.495850,-2.807618,21.301270,-32.531738,stair_down
1769345350.5475225,-0.421631,-0.896851,-0.492432,4.516602,21.972656,-26.062019,stair_down
1769345350.5616193,-0.437744,-1.035522,-0.508301,8.789063,24.536140,-20.324707,stair_down
1769345350.5803418,-0.434082,-1.104736,-0.478271,-2.624512,26.672371,-0.793457,stair_down
1769345350.6203806,-0.434692,-1.091797,-0.463867,-5.676271,26.123055,9.338379,stair_down
1769345350.6305556,-0.446899,-1.067505,-0.449219,-11.901859,27.343758,20.202637,stair_down
1769345350.6412532,-0.437866,-0.967407,-0.426514,-15.991215,30.883797,33.020020,stair_down
1769345350.6602998,-0.422852,-0.874634,-0.405396,-14.404301,34.973145,45.104996,stair_down
1769345350.7165368,-0.404663,-0.804565,-0.382935,-11.169437,40.100098,58.105484,stair_down
1769345350.7165368,-0.380005,-0.722900,-0.354248,-3.173829,48.156754,75.805664,stair_down
1769345350.7165368,-0.376587,-0.713257,-0.329956,5.310059,53.527847,81.115723,stair_down
1769345350.7362082,-0.383667,-0.781128,-0.309448,13.793949,61.462418,79.162598,stair_down
1769345350.7596338,-0.407227,-0.882813,-0.294434,16.052246,72.631836,73.913574,stair_down
1769345350.7834866,-0.437500,-0.977173,-0.284058,15.014652,85.693359,67.016602,stair_down
1769345350.7977622,-0.447876,-1.064697,-0.276733,9.216309,98.327667,57.922379,stair_down
1769345350.819974,-0.406128,-1.096680,-0.270874,-1.708985,103.271515,51.208511,stair_down
1769345350.8386757,-0.310059,-1.017700,-0.239868,-12.634281,94.909698,48.645035,stair_down
1769345350.856283,-0.250854,-0.979248,-0.227417,-13.549809,75.561523,51.635757,stair_down
1769345350.8810303,-0.211426,-0.950439,-0.225098,-14.648441,50.720230,59.265152,stair_down
1769345350.8998172,-0.207642,-0.898315,-0.215088,-13.122562,26.184090,68.786621,stair_down
1769345350.9163513,-0.239746,-0.863403,-0.191772,-9.033203,8.117676,77.575684,stair_down
1769345350.9393034,-0.271484,-0.841553,-0.178223,-4.516602,-2.075195,83.312988,stair_down
1769345350.9581647,-0.296875,-0.810059,-0.184204,4.699707,-2.563477,86.669922,stair_down
1769345350.9771888,-0.301270,-0.797241,-0.187988,11.352543,1.708985,85.998535,stair_down
1769345350.99953,-0.354248,-0.768066,-0.213013,18.188477,10.620117,81.481934,stair_down
1769345351.019541,-0.246216,-0.813110,-0.223267,24.047859,14.282230,80.261230,stair_down
1769345351.039707,-0.326660,-0.741943,-0.239868,31.188972,19.775391,69.702148,stair_down
1769345351.060411,-0.315308,-0.745117,-0.279663,38.757324,26.611336,54.382339,stair_down
1769345351.0780072,-0.314819,-0.755005,-0.315186,38.146973,26.611336,35.644531,stair_down
1769345351.0981138,-0.335327,-0.737671,-0.334229,38.696289,36.071777,17.578125,stair_down
1769345351.116809,-0.322754,-0.756470,-0.357056,39.855957,42.846680,7.202150,stair_down
1769345351.1403012,-0.301636,-0.799927,-0.377930,38.513184,43.457031,-4.150391,stair_down
1769345351.158463,-0.279663,-0.837524,-0.391479,35.461426,39.733887,-16.235352,stair_down
1769345351.1806166,-0.259644,-0.867676,-0.404297,32.958984,33.081055,-26.245125,stair_down
1769345351.1975217,-0.250000,-0.899780,-0.429565,31.188972,23.925789,-34.667969,stair_down
1769345351.219285,-0.264648,-0.948242,-0.454102,36.193848,8.422852,-49.499527,stair_down
1769345351.2364542,-0.356689,-1.144043,-0.524658,33.020020,6.652834,-53.466812,stair_down
1769345351.2598248,-0.382080,-1.067871,-0.554688,22.094727,11.962894,-56.213394,stair_down
1769345351.27693,-0.380859,-0.978516,-0.559448,21.240234,16.967773,-56.091324,stair_down
1769345351.2985845,-0.361084,-0.945313,-0.561157,22.460945,14.099125,-55.664078,stair_down
1769345351.3187554,-0.364502,-0.972656,-0.559204,20.812988,12.268070,-52.307144,stair_down
1769345351.3379183,-0.366943,-0.964844,-0.547974,8.483887,11.413578,-45.471207,stair_down
1769345351.3606205,-0.355103,-0.809448,-0.495605,-11.413578,8.911133,-35.644531,stair_down
1769345351.377586,-0.320435,-0.740967,-0.451782,-12.634281,3.906251,-31.616219,stair_down
1769345351.396504,-0.288696,-0.796509,-0.419067,-8.666992,-3.051759,-23.864754,stair_down
1769345351.4195485,-0.289917,-0.914551,-0.389404,-10.864258,-10.742188,-11.108402,stair_down
1769345351.4364955,-0.300171,-0.978271,-0.369873,-15.869144,-20.324707,2.197266,stair_down
1769345351.4594085,-0.300049,-1.000854,-0.362915,-17.700195,-27.893074,13.732914,stair_down
1769345351.4787555,-0.297363,-1.002197,-0.378052,-18.371582,-33.203125,24.658211,stair_down
1769345351.499966,-0.297974,-0.930542,-0.394897,-18.127441,-43.884277,38.513184,stair_down
1769345351.5198576,-0.309448,-0.851318,-0.388306,-15.014652,-51.391617,43.579102,stair_down
1769345351.5401216,-0.332031,-0.775635,-0.376343,-10.009766,-53.405777,45.227066,stair_down
1769345351.5612319,-0.357910,-0.716919,-0.357056,-2.502441,-46.752945,43.395996,stair_down
1769345351.576134,-0.376953,-0.697021,-0.344116,5.187988,-33.142090,37.780762,stair_down
1769345351.5971797,-0.377563,-0.693848,-0.349487,10.314941,-17.089844,29.968269,stair_down
1769345351.620642,-0.358398,-0.718994,-0.348999,13.732914,1.037598,15.258793,stair_down
1769345351.6386921,-0.352051,-0.731934,-0.369995,13.305668,8.789063,7.202150,stair_down
1769345351.659103,-0.361694,-0.746948,-0.389282,12.023930,16.174316,0.976563,stair_down
1769345351.680312,-0.349365,-0.749512,-0.407715,11.840824,21.972656,-4.943848,stair_down
1769345351.6962085,-0.335938,-0.767578,-0.432861,14.892582,25.085457,-9.582520,stair_down
1769345351.7223926,-0.328979,-0.810791,-0.456665,17.028809,25.695808,-13.305668,stair_down
1769345351.7406821,-0.320190,-0.838257,-0.469727,15.625004,23.986824,-14.587406,stair_down
1769345351.7568784,-0.306396,-0.809448,-0.476074,11.413578,19.775391,-12.817387,stair_down
1769345351.8163154,-0.295776,-0.772705,-0.479004,9.094238,15.441898,-12.084965,stair_down
1769345351.8163154,-0.305542,-0.746948,-0.488037,10.681152,10.559082,-18.127441,stair_down
1769345351.8163154,-0.343262,-0.798950,-0.498169,14.465336,10.070801,-26.184090,stair_down
1769345351.8396041,-0.372681,-0.856323,-0.508545,12.268070,13.977055,-32.592773,stair_down
1769345351.8608549,-0.388672,-0.862793,-0.512817,8.605957,20.202637,-34.606934,stair_down
1769345351.8806784,-0.378784,-0.844116,-0.490845,11.901859,25.573738,-34.851074,stair_down
1769345351.8966324,-0.405273,-0.987793,-0.508057,20.019531,28.015144,-39.184570,stair_down
1769345351.9184241,-0.421753,-1.126831,-0.515991,15.075687,31.982430,-38.513184,stair_down
1769345351.9366481,-0.412354,-1.163574,-0.497681,5.676271,33.203125,-33.203125,stair_down
1769345351.9584546,-0.399048,-1.158325,-0.476563,-2.136230,28.930672,-27.771004,stair_down
1769345352.0164566,-0.387573,-1.101318,-0.459595,-13.366703,22.399910,-17.272949,stair_down
1769345352.0175223,-0.372559,-0.966064,-0.446289,-20.874023,17.028809,-2.014160,stair_down
1769345352.0175223,-0.339111,-0.779785,-0.426025,-18.432617,9.582520,19.775391,stair_down
1769345352.04015,-0.328735,-0.714966,-0.406372,-12.512211,5.981447,31.799324,stair_down
1769345352.0600896,-0.336548,-0.693237,-0.391724,-7.202150,3.112794,39.306641,stair_down
1769345352.0835478,-0.369141,-0.719482,-0.369995,-1.953125,4.089355,40.100098,stair_down
1769345352.14157,-0.417114,-0.799561,-0.347778,1.770020,13.671879,36.132813,stair_down
1769345352.14157,-0.481201,-0.901611,-0.335327,1.220703,27.404793,31.433113,stair_down
1769345352.1435847,-0.546875,-0.996826,-0.310303,-4.211426,42.297363,28.564461,stair_down
1769345352.160444,-0.579590,-1.070068,-0.270142,-15.625004,67.138672,31.738289,stair_down
1769345352.1792836,-0.508911,-1.072266,-0.269897,-21.301270,63.964859,41.748047,stair_down
1769345352.1981668,-0.461670,-1.053101,-0.273193,-23.742683,42.968750,59.143082,stair_down
1769345352.2176056,-0.454468,-1.022705,-0.254883,-22.277840,18.432617,82.458496,stair_down
1769345352.2381902,-0.453003,-0.993164,-0.220337,-20.812988,-2.624512,107.055695,stair_down
1769345352.2566123,-0.464966,-0.932373,-0.200928,-16.174316,-19.897461,129.394531,stair_down
1769345352.2802546,-0.548950,-0.805786,-0.206909,7.995607,-23.620613,139.770508,stair_down
1769345352.286495,-0.495850,-0.915527,-0.218506,6.347658,-21.484375,161.804199,stair_down
1769345352.3174212,-0.630981,-0.732788,-0.235718,10.803223,-16.052246,147.338867,stair_down
1769345352.3269837,-0.479858,-0.767212,-0.238770,23.132332,-3.723145,156.066895,stair_down
1769345352.3565524,-0.576172,-0.714722,-0.237915,24.597176,4.760742,146.301270,stair_down
1769345352.3762841,-0.562500,-0.645264,-0.240845,32.226563,12.146000,129.516602,stair_down
1769345352.3966005,-0.583252,-0.618164,-0.259521,40.283203,28.869637,110.961945,stair_down
1769345352.4176311,-0.536987,-0.624878,-0.282837,38.330078,39.794922,91.369659,stair_down
1769345352.4402978,-0.516602,-0.570435,-0.316284,37.109375,44.494644,78.063965,stair_down
1769345352.4578288,-0.461182,-0.567261,-0.347412,37.109375,45.593277,65.612793,stair_down
1769345352.4796174,-0.419189,-0.561279,-0.362061,33.386230,41.320801,55.419937,stair_down
1769345352.526418,-0.400757,-0.532837,-0.384033,32.714844,36.071777,43.762207,stair_down
1769345352.5289593,-0.388916,-0.539795,-0.398315,34.423828,31.555183,30.517586,stair_down
1769345352.5380678,-0.374268,-0.559448,-0.413208,33.508301,23.437508,10.009766,stair_down
1769345352.558252,-0.409912,-0.579834,-0.433105,34.423828,21.667480,-5.187988,stair_down
1769345352.5780468,-0.436035,-0.614868,-0.461182,34.729004,23.803719,-18.737793,stair_down
1769345352.5986378,-0.476318,-0.687988,-0.479614,41.503906,17.517090,-34.240723,stair_down
1769345352.6187036,-0.574463,-0.845581,-0.503906,44.067383,11.596684,-47.058121,stair_down
1769345352.6390836,-0.657104,-0.938965,-0.530762,31.860359,9.948730,-53.283707,stair_down
1769345352.659138,-0.732666,-0.922607,-0.552124,18.798828,7.019045,-52.246109,stair_down
1769345352.6793666,-0.813110,-0.876465,-0.563232,10.620117,-4.394531,-43.395996,stair_down
1769345352.699061,-1.003540,-0.892456,-0.528809,4.455566,-10.314941,-24.597176,stair_down
1769345352.719136,-1.134399,-0.840088,-0.519287,-10.498047,-5.310059,6.713869,stair_down
1769345352.739086,-1.229736,-0.704346,-0.539063,-19.348145,-3.417970,44.860855,stair_down
1769345352.7591417,-1.432129,-0.614014,-0.558472,-19.653320,6.774904,87.402344,stair_down
1769345352.7805765,-1.439087,-0.599609,-0.579346,-22.888191,19.104004,128.662109,stair_down
1769345352.7972243,-1.351563,-0.525757,-0.604736,-23.071297,10.314941,196.411194,stair_down
1769345352.8191276,-1.399780,-0.458496,-0.422363,-18.127441,1.281738,221.618713,stair_down
1769345352.838911,-1.394043,-0.326050,-0.335693,-3.356935,4.211426,241.760315,stair_down
1769345352.8611093,-1.388794,-0.301758,-0.302490,28.625496,28.198250,255.615295,stair_down
1769345352.8792148,-1.299683,-0.385376,-0.323364,52.856461,62.683121,264.648438,stair_down
1769345352.9025204,-1.099609,-0.398804,-0.318359,65.185547,83.068848,270.690918,stair_down
1769345352.9268312,-0.992065,-0.342285,-0.297241,80.627441,95.764191,272.460938,stair_down
1769345352.945553,-0.750488,-0.387329,-0.300415,97.717316,98.388702,268.310547,stair_down
1769345352.9679933,-0.608032,-0.324951,-0.348999,97.290070,88.195801,263.366699,stair_down
1769345353.1054547,-0.539429,-0.233032,-0.354370,105.468781,80.505371,243.164124,stair_down
1769345353.1090004,-0.463257,-0.218018,-0.325073,111.694366,84.594727,222.045959,stair_down
1769345353.1090004,-0.437256,-0.158081,-0.329224,119.384796,92.346222,200.073303,stair_down
1769345353.1090004,-0.444946,-0.135742,-0.356934,122.497589,104.675323,181.884827,stair_down
1769345353.1090004,-0.380371,-0.103760,-0.446045,119.934113,99.548370,160.034180,stair_down
1769345353.1090004,-0.344849,-0.041260,-0.459229,113.281281,70.434570,140.075684,stair_down
1769345353.1090004,-0.314819,0.004639,-0.541504,104.309113,48.339859,121.765167,stair_down
1769345353.1208797,-0.293457,-0.047119,-0.629395,107.116730,14.648441,126.464874,stair_down
1769345353.14043,0.042358,-0.081055,-0.705811,92.895538,-21.850586,125.976593,stair_down
1769345353.7931008,-0.507080,0.342651,-0.866577,24.658211,-19.592285,22.155769,stair_down
1769345353.7931008,-0.660767,0.233154,-0.867065,6.469728,-14.892582,41.381836,stair_down
1769345353.7931008,-0.706299,0.281982,-0.842041,-5.371094,6.835939,52.612320,stair_down
1769345353.7931008,-0.585815,0.298218,-0.835205,-7.202150,32.409668,42.175293,stair_down
1769345354.4922588,-1.095947,0.448486,-0.191772,-30.395515,-41.625977,-49.621597,stair_down
1769345354.4922588,-0.935181,0.417969,-0.137695,-12.023930,-35.034180,-34.423828,stair_down
1769345354.4922588,-0.889771,0.418091,-0.119507,-0.915528,-40.893555,-27.832039,stair_down
1769345354.4922588,-0.872681,0.391357,-0.123169,8.178711,-50.109879,-22.338875,stair_down
1769345354.4922588,-0.862183,0.344482,-0.148071,12.817387,-59.204117,-19.104004,stair_down
1769345354.4922588,-0.882568,0.312866,-0.163818,14.709476,-62.255875,-14.038090,stair_down
1769345354.4922588,-0.890015,0.292969,-0.157593,15.625004,-58.471695,-10.498047,stair_down
1769345354.4922588,-0.871338,0.251465,-0.126343,17.944336,-41.870117,-7.385256,stair_down
1769345354.4922588,-0.817993,0.220337,-0.117554,18.005371,-31.799324,-4.333496,stair_down
1769345354.4922588,-0.770874,0.204102,-0.116699,16.113281,-28.686531,-0.244141,stair_down
1769345354.4922588,-0.754883,0.206665,-0.134155,14.160160,-29.479988,2.624512,stair_down
1769345354.4922588,-0.770874,0.215088,-0.146118,12.939457,-28.625496,4.821777,stair_down
1769345354.4922588,-0.781250,0.222168,-0.138428,11.718754,-27.038582,6.042482,stair_down
1769345354.4922588,-0.773315,0.231323,-0.122803,9.399414,-30.822762,6.225588,stair_down
1769345354.4922588,-0.813477,0.238525,-0.101196,3.662110,-45.043961,5.432129,stair_down
1769345354.4922588,-0.913330,0.254395,-0.092407,2.014160,-46.264664,4.028320,stair_down
1769345354.4922588,-0.978394,0.250244,-0.077026,2.258301,-34.545898,6.347658,stair_down
1769345354.4922588,-1.001221,0.235840,-0.088501,-0.549316,-11.901859,4.760742,stair_down
1769345354.4922588,-0.964600,0.252808,-0.116211,-3.173829,6.164553,6.530764,stair_down
1769345354.4922588,-0.918335,0.275635,-0.127319,-2.868653,9.948730,10.864258,stair_down
1769345354.4922588,-0.921631,0.295898,-0.113892,-4.333496,4.638672,12.695316,stair_down
1769345354.4922588,-0.972412,0.322388,-0.018188,-6.408693,-22.949226,8.850098,stair_down
1769345354.4922588,-1.114380,0.309937,0.050903,-10.131836,-39.672852,1.770020,stair_down
1769345354.4922588,-1.329224,0.277832,0.078369,-7.385256,-37.719727,-0.610352,stair_down
1769345354.4922588,-1.464722,0.244751,0.069092,-3.112794,-20.935059,2.624512,stair_down
1769345354.4922588,-1.430054,0.224731,0.038452,0.915528,6.042482,1.098633,stair_down
1769345354.4922588,-1.246094,0.190063,-0.027954,7.263186,17.333984,2.502441,stair_down
1769345354.518917,-1.127686,0.185303,-0.013184,16.906738,33.508301,0.854492,stair_down
1769345354.5381174,-1.058228,0.115723,0.027344,17.944336,35.827637,-8.056641,stair_down
1769345354.5587974,-1.076416,0.049561,0.032104,14.038090,20.507813,-8.178711,stair_down
1769345354.58098,-1.110962,0.051025,-0.000977,8.666992,1.220703,-3.479005,stair_down
1769345354.6104736,-1.171875,0.088135,-0.014648,7.080080,-13.977055,2.929688,stair_down
1769345354.6323028,-1.189453,0.132080,0.002441,6.103518,-9.704590,2.868653,stair_down
1769345354.690055,-1.077026,0.159424,0.003296,5.798342,0.427246,1.892090,stair_down
1769345354.690055,-0.919434,0.196045,-0.028809,6.347658,5.187988,-0.732422,stair_down
1769345354.690055,-0.896729,0.216187,-0.059692,7.446291,5.249023,-6.835939,stair_down
1769345354.7058375,-0.907593,0.148315,-0.038208,10.620117,11.596684,10.742188,stair_down
1769345354.7227373,-0.915039,0.186401,-0.043091,-7.507326,10.192871,-9.216309,stair_down
1769345354.7400184,-0.893066,0.209595,-0.059814,-3.173829,11.352543,-1.647950,stair_down
1769345354.7605603,-0.891479,0.151611,-0.077637,-4.638672,9.277344,-4.882813,stair_down
1769345354.7820868,-0.873291,0.121582,-0.129883,-5.432129,8.178711,-4.577637,stair_down
1769345354.8031561,-0.863037,0.106323,-0.136841,-4.028320,-0.183106,-4.699707,stair_down
1769345354.8229313,-0.871948,0.107178,-0.116821,-5.432129,-10.742188,-5.187988,stair_down
1769345354.8403764,-0.907593,0.140503,-0.091187,-6.652834,-16.052246,-4.699707,stair_down
1769345354.8615024,-0.910278,0.185425,-0.067627,-6.286623,-15.991215,-4.699707,stair_down
1769345354.877208,-0.899170,0.222656,-0.054199,-5.615236,-12.817387,-4.943848,stair_down
1769345354.9003944,-0.877686,0.256714,-0.051025,-4.028320,-9.399414,-4.577637,stair_down
1769345354.9199739,-0.891357,0.278931,-0.070313,-1.892090,-7.995607,-3.906251,stair_down
1769345354.9400563,-0.926147,0.264526,-0.088135,-1.281738,-3.662110,-3.051759,stair_down
1769345354.9589462,-0.931641,0.248413,-0.107178,-1.708985,1.831055,-1.831055,stair_down
1769345354.9799418,-0.929199,0.229248,-0.124512,-0.610352,5.798342,-0.305176,stair_down
1769345355.0114334,-0.932495,0.209229,-0.121582,-1.037598,9.521484,3.723145,stair_down
1769345355.020953,-0.925049,0.201294,-0.131836,-1.464844,11.535648,4.150391,stair_down
1769345355.0435123,-0.902222,0.186890,-0.138794,-4.943848,9.155273,4.638672,stair_down
1769345355.0623953,-0.862061,0.192505,-0.145020,-7.324221,4.943848,4.699707,stair_down
1769345355.0817828,-0.863159,0.209961,-0.141479,-6.530764,2.868653,4.150391,stair_down
1769345355.10372,-0.866577,0.214722,-0.137085,-3.723145,2.319336,3.601075,stair_down
1769345355.1181989,-0.868408,0.213013,-0.129395,-2.441406,1.953125,3.173829,stair_down
1769345355.1379437,-0.887085,0.228027,-0.118652,-1.098633,2.319336,2.868653,stair_down
1769345355.1595316,-0.908081,0.238281,-0.107056,1.586915,6.958010,3.051759,stair_down
1769345355.179339,-0.947144,0.253052,-0.068359,6.958010,16.357422,7.446291,stair_down
1769345355.2029295,-0.970215,0.261108,-0.044189,12.939457,25.634773,13.183598,stair_down
1769345355.2274265,-0.981567,0.250488,-0.043945,17.639160,33.081055,18.798828,stair_down
1769345355.2530496,-0.990112,0.252075,-0.102539,19.104004,41.198730,23.559578,stair_down
1769345355.258251,-0.954834,0.264160,-0.159912,21.789551,47.485367,27.832039,stair_down
1769345355.2828522,-0.880859,0.272217,-0.201416,23.681648,44.372574,32.836914,stair_down
1769345355.3024316,-0.859741,0.298218,-0.254028,22.155769,33.813477,33.020020,stair_down
1769345355.3191488,-0.982910,0.292114,-0.258789,16.296387,9.033203,14.709476,stair_down
1769345355.3405993,-1.156982,0.212280,-0.208740,12.023930,-3.051759,0.488281,stair_down
1769345355.5421913,-1.302368,0.097412,-0.178101,5.249023,-0.976563,-6.103518,stair_down
1769345355.5421913,-1.160034,0.106079,-0.164673,2.258301,10.986328,-1.403809,stair_down
1769345355.5421913,-1.011108,0.163940,-0.143677,-0.244141,10.742188,1.220703,stair_down
1769345355.5421913,-1.000122,0.250366,-0.108643,-3.112794,-5.798342,-0.915528,stair_down
1769345355.5691752,-1.067139,0.244019,-0.083740,-8.850098,-15.136723,-8.117676,stair_down
1769345355.5691752,-1.131714,0.241943,-0.054199,-18.188477,-15.441898,-10.192871,stair_down
1769345355.5691752,-1.161377,0.272827,-0.045288,-26.245125,-10.681152,-10.986328,stair_down
1769345355.5691752,-1.151367,0.285645,-0.039185,-29.174812,-6.896975,-7.934572,stair_down
1769345355.5691752,-1.102173,0.272949,-0.028687,-31.250008,-2.441406,-0.793457,stair_down
1769345355.5691752,-1.008911,0.274658,-0.047363,-34.790039,-3.601075,5.065918,stair_down
1769345355.5835633,-0.885010,0.302856,-0.086548,-30.517586,-10.559082,17.089844,stair_down
1769345355.6028647,-0.832764,0.291992,-0.088379,-27.832039,-18.920898,21.118164,stair_down
1769345355.627386,-0.816650,0.304932,-0.077148,-26.550301,-26.245125,23.559578,stair_down
1769345355.6408505,-0.885132,0.319336,-0.044556,-23.376472,-21.423340,22.521980,stair_down
1769345355.7227514,-0.818726,0.298462,-0.021118,-19.775391,-2.136230,11.474613,stair_down
1769345355.7227514,-0.726196,0.279419,-0.021606,-17.089844,-0.122070,9.521484,stair_down
1769345355.7227514,-0.784058,0.259644,-0.035767,-17.456055,-12.390141,2.624512,stair_down
1769345355.7227514,-0.856079,0.272095,-0.044556,-18.615723,-17.883301,-2.075195,stair_down
1769345355.7404907,-0.924683,0.287109,-0.036743,-19.592285,-21.179199,-6.530764,stair_down
1769345355.7558944,-0.993408,0.321045,-0.015015,-19.897461,-24.353035,-7.141115,stair_down
1769345355.7783873,-1.043091,0.360596,0.001465,-17.517090,-25.512703,-5.615236,stair_down
1769345355.798283,-1.050781,0.373657,0.004150,-14.709476,-20.812988,-3.356935,stair_down
1769345355.8186388,-1.013672,0.389038,-0.012817,-11.230473,-17.211914,-0.976563,stair_down
1769345355.8387043,-0.977539,0.394775,-0.045532,-5.615236,-10.131836,-0.061035,stair_down
1769345355.8594944,-0.948730,0.378418,-0.076660,-3.173829,-5.859377,-1.281738,stair_down
1769345355.880293,-0.957031,0.371094,-0.103149,-0.183106,-3.540040,-2.685547,stair_down
1769345355.897759,-0.979004,0.349365,-0.104736,3.051759,-1.892090,-5.798342,stair_down
1769345355.918682,-0.980225,0.329468,-0.091064,5.004883,-1.770020,-9.033203,stair_down
1769345355.942908,-0.966064,0.306030,-0.061890,1.464844,-0.122070,-10.498047,stair_down
1769345355.9590237,-0.987183,0.328491,-0.058594,2.136230,-3.112794,-12.512211,stair_down
1769345355.9831808,-0.980957,0.297119,-0.069702,3.540040,4.333496,-12.451176,stair_down
1769345355.9983296,-0.964600,0.270386,-0.102051,1.586915,13.427738,-13.122562,stair_down
1769345356.020615,-0.943481,0.237915,-0.132568,-1.159668,27.954109,-14.831547,stair_down
1769345356.0400107,-0.885132,0.205933,-0.151733,-5.920412,41.015625,-19.165039,stair_down
1769345356.0647693,-0.830688,0.168091,-0.172729,-12.817387,43.395996,-24.902351,stair_down
1769345356.0830545,-0.823486,0.143311,-0.193237,-22.949226,40.954590,-31.494148,stair_down
1769345356.0998585,-0.836548,0.140015,-0.199707,-36.560059,38.757324,-42.297363,stair_down
1769345356.1209292,-0.854858,0.129272,-0.182007,-41.931152,45.715347,-47.729507,stair_down
1769345356.138234,-0.833008,0.120850,-0.167114,-47.119156,57.434097,-53.588882,stair_down
1769345356.1603725,-0.753784,0.123657,-0.159180,-51.818863,60.363785,-59.936539,stair_down
1769345356.1807342,-0.745117,0.117310,-0.161621,-54.443375,53.833023,-68.054199,stair_down
1769345356.1984353,-0.745239,0.114380,-0.164063,-57.373062,48.706070,-76.599121,stair_down
1769345356.2160904,-0.785278,0.119507,-0.167114,-56.579605,45.410172,-85.754395,stair_down
1769345356.2385383,-0.868530,0.079346,-0.158081,-51.330582,44.189453,-94.543488,stair_down
1769345356.25665,-0.892578,0.066772,-0.178589,-51.330582,48.217789,-102.050812,stair_down
1769345356.2759526,-0.976929,0.073608,-0.203857,-42.175293,61.950699,-105.834991,stair_down
1769345356.2990642,-0.975708,0.022461,-0.211060,-32.897949,82.458496,-106.384308,stair_down
1769345356.3187416,-0.918213,-0.002930,-0.229004,-27.099617,96.313507,-111.389191,stair_down
1769345356.3389916,-0.851318,-0.041138,-0.265259,-19.409180,90.209991,-115.051300,stair_down
1769345356.3601153,-0.792480,-0.141602,-0.331909,-13.305668,64.758301,-117.553741,stair_down
1769345356.3801866,-0.785645,-0.169556,-0.347290,-9.277344,52.001968,-114.196808,stair_down
1769345356.4059124,-0.790283,-0.203979,-0.349609,-4.577637,38.879395,-111.511261,stair_down
1769345356.4158332,-0.825806,-0.275757,-0.363892,-1.586915,20.019531,-109.741241,stair_down
1769345356.4369884,-0.865967,-0.310059,-0.358643,-5.920412,14.648441,-106.018097,stair_down
1769345356.459822,-0.833984,-0.286133,-0.354004,-7.019045,15.869144,-105.346710,stair_down
1769345356.4784253,-0.794800,-0.287109,-0.341064,-0.366211,16.418457,-96.435577,stair_down
1769345356.49809,-0.819580,-0.334473,-0.338013,-0.244141,15.441898,-96.130402,stair_down
1769345356.5203252,-0.774780,-0.343384,-0.354736,-1.159668,12.268070,-93.750031,stair_down
1769345356.5398364,-0.757202,-0.339966,-0.362305,1.220703,9.521484,-88.439941,stair_down
1769345356.555945,-0.735718,-0.360229,-0.356201,4.577637,5.981447,-84.167480,stair_down
1769345356.5763512,-0.721680,-0.374634,-0.344360,6.713869,3.845216,-79.589844,stair_down
1769345356.5961,-0.704834,-0.383179,-0.334473,8.850098,2.990724,-77.148438,stair_down
1769345356.6187084,-0.687012,-0.400024,-0.328979,12.573246,4.089355,-77.270508,stair_down
1769345356.6370876,-0.665405,-0.464111,-0.328979,16.540527,7.568361,-77.514648,stair_down
1769345356.6597931,-0.657715,-0.486328,-0.344482,17.700195,10.681152,-76.171875,stair_down
1769345356.679598,-0.663940,-0.526611,-0.390259,20.568848,8.300781,-74.584961,stair_down
1769345356.700811,-0.669556,-0.579956,-0.429077,20.568848,4.943848,-72.387695,stair_down
1769345356.7216573,-0.633179,-0.665771,-0.403076,25.268562,-4.333496,-67.382813,stair_down
1769345356.7378366,-0.652954,-0.704346,-0.394043,28.137215,-9.460449,-91.674835,stair_down
1769345356.7569046,-0.648926,-0.977173,-0.406494,33.203125,-19.165039,-88.928253,stair_down
1769345356.7787852,-0.751831,-0.951416,-0.488770,27.038582,-12.268070,-90.332062,stair_down
1769345356.797835,-0.744873,-0.911377,-0.545166,24.414070,-4.394531,-88.562042,stair_down
1769345356.8187342,-0.712769,-0.903687,-0.560791,30.578621,2.136230,-90.576202,stair_down
1769345356.8396552,-0.623169,-0.971191,-0.553589,45.715347,-2.624512,-98.571808,stair_down
1769345356.856072,-0.710449,-1.196655,-0.519897,59.631363,23.315437,-81.542969,stair_down
1769345356.9113734,-0.799805,-1.406738,-0.513184,42.114258,35.339355,-88.317871,stair_down
1769345356.9296823,-0.632202,-1.303223,-0.540161,4.028320,48.339859,-63.842789,stair_down
1769345356.9296823,-0.510132,-1.118164,-0.538086,-8.789063,45.593277,-48.706070,stair_down
1769345356.9461384,-0.376099,-0.994263,-0.538818,-9.277344,26.489265,-27.404793,stair_down
1769345356.9581904,-0.328979,-0.949951,-0.516357,-5.432129,3.967286,-5.981447,stair_down
1769345356.9783127,-0.300293,-0.952393,-0.472290,-4.516602,-15.197758,13.427738,stair_down
1769345356.9980202,-0.308716,-0.926758,-0.433228,-4.699707,-31.005867,24.169930,stair_down
1769345357.0189056,-0.322388,-0.932617,-0.401611,-17.395020,-47.058121,41.381836,stair_down
1769345357.0379827,-0.455566,-0.775879,-0.404053,-17.639160,-35.583496,31.311043,stair_down
1769345357.0561,-0.394531,-0.794800,-0.379883,-11.657719,-26.733406,34.362793,stair_down
1769345357.0775418,-0.417358,-0.762939,-0.360718,-8.544922,-16.662598,39.123535,stair_down
1769345357.1007955,-0.387085,-0.762329,-0.351685,-6.896975,-6.347658,49.072281,stair_down
1769345357.119312,-0.381226,-0.723755,-0.350952,-9.887695,0.549316,43.518066,stair_down
1769345357.143373,-0.275513,-0.769775,-0.349976,-14.160160,-8.911133,43.212891,stair_down
1769345357.1591556,-0.371948,-0.568359,-0.357544,0.976563,14.587406,4.882813,stair_down
1769345357.1877801,-0.333984,-0.785400,-0.324585,7.080080,27.893074,33.264160,stair_down
1769345357.196865,-0.336548,-0.684082,-0.325439,0.183106,26.367195,13.305668,stair_down
1769345357.2167203,-0.303223,-0.686157,-0.337036,5.615236,24.230965,13.488773,stair_down
1769345357.2371302,-0.333496,-0.700317,-0.345093,6.103518,25.878914,8.117676,stair_down
1769345357.2587826,-0.315308,-0.697266,-0.364502,8.605957,25.817879,5.493164,stair_down
1769345357.2785964,-0.326660,-0.699219,-0.378174,15.136723,22.766121,-1.892090,stair_down
1769345357.2978811,-0.340332,-0.734131,-0.389160,15.441898,22.644051,-8.178711,stair_down
1769345357.31886,-0.351685,-0.732788,-0.400391,16.723633,25.878914,-10.925293,stair_down
1769345357.3398054,-0.314087,-0.760864,-0.402344,16.784668,23.010262,-7.690432,stair_down
1769345357.3594906,-0.333862,-0.753174,-0.394043,11.657719,20.690918,-7.385256,stair_down
1769345357.3785129,-0.319092,-0.734741,-0.398438,11.474613,18.066406,-9.948730,stair_down
1769345357.3990178,-0.319824,-0.757080,-0.399902,11.596684,13.427738,-12.451176,stair_down
1769345357.4162068,-0.326416,-0.780151,-0.407837,9.277344,6.774904,-10.925293,stair_down
1769345357.4377785,-0.334473,-0.770752,-0.410400,5.859377,2.990724,-7.995607,stair_down
1769345357.4611318,-0.335449,-0.741333,-0.416138,4.821777,-0.671387,-7.141115,stair_down
1769345357.479628,-0.355347,-0.732544,-0.417114,4.150391,-1.831055,-8.544922,stair_down
1769345357.4993727,-0.358154,-0.725464,-0.410522,2.624512,-1.342773,-8.850098,stair_down
1769345357.5200012,-0.356201,-0.719360,-0.403320,1.342773,-1.708985,-6.713869,stair_down
1769345357.5389247,-0.353882,-0.716431,-0.398193,-0.183106,-3.295899,-4.638672,stair_down
1769345357.5567513,-0.356445,-0.733887,-0.367065,4.943848,-5.004883,-9.582520,stair_down
1769345357.5761077,-0.411377,-0.877563,-0.387085,18.249512,-4.943848,-21.545410,stair_down
1769345357.5996494,-0.499634,-1.074951,-0.416992,25.268562,5.004883,-32.653809,stair_down
1769345357.6191545,-0.548096,-1.248535,-0.439087,23.681648,20.629883,-39.367676,stair_down
1769345357.6372056,-0.547241,-1.317749,-0.457031,8.789063,34.912109,-35.400391,stair_down
1769345357.6603673,-0.476318,-1.217529,-0.454102,-9.277344,40.405273,-20.141602,stair_down
1769345357.6802633,-0.369995,-0.998901,-0.433105,-9.521484,31.738289,-15.991215,stair_down
1769345357.6998615,-0.266846,-1.063232,-0.389038,-3.112794,18.005371,-2.258301,stair_down
1769345357.716278,-0.226440,-1.100952,-0.362183,-6.103518,0.366211,16.662598,stair_down
1769345357.7386665,-0.262451,-1.092896,-0.367310,-9.094238,-14.648441,27.832039,stair_down
1769345357.757657,-0.308838,-1.071289,-0.371826,-14.526371,-24.597176,30.517586,stair_down
1769345357.776707,-0.344482,-1.011230,-0.376343,-18.554688,-30.029305,25.146492,stair_down
1769345357.7979844,-0.387695,-0.963257,-0.381714,-18.310547,-31.250008,16.113281,stair_down
1769345357.8189402,-0.416626,-0.894775,-0.366821,-20.874023,-22.949226,11.535648,stair_down
1769345357.836143,-0.388794,-0.831055,-0.357422,-18.432617,-15.014652,9.765625,stair_down
1769345357.8600798,-0.354126,-0.790894,-0.339478,-14.343266,-10.620117,7.080080,stair_down
1769345357.8802192,-0.331421,-0.763672,-0.312744,-10.559082,-10.131836,4.699707,stair_down
1769345357.9005983,-0.322266,-0.748657,-0.296265,-6.774904,-11.657719,1.770020,stair_down
1769345357.9174829,-0.329956,-0.744019,-0.291992,-3.234864,-14.343266,-2.441406,stair_down
1769345357.940946,-0.370850,-0.748901,-0.304565,3.356935,-12.146000,-7.751467,stair_down
1769345357.9701169,-0.388062,-0.755859,-0.306396,7.019045,-6.408693,-10.681152,stair_down
1769345357.9861498,-0.400635,-0.763672,-0.303833,10.375977,-0.061035,-13.732914,stair_down
1769345358.0033634,-0.395874,-0.782837,-0.300903,12.390141,5.493164,-17.456055,stair_down
1769345358.016132,-0.377686,-0.808960,-0.300049,12.268070,7.080080,-19.653320,stair_down
1769345358.038023,-0.361450,-0.833496,-0.293701,9.826660,2.990724,-19.775391,stair_down
1769345358.055853,-0.346436,-0.840454,-0.286621,4.821777,-5.981447,-17.456055,stair_down
1769345358.0812624,-0.345947,-0.806885,-0.289307,-1.647950,-21.606445,-10.498047,stair_down
1769345358.1090431,-0.357788,-0.769897,-0.300293,-4.394531,-28.930672,-4.821777,stair_down
1769345358.1173403,-0.359619,-0.721802,-0.306763,-6.225588,-33.508301,0.732422,stair_down
1769345358.1380997,-0.362183,-0.678711,-0.301147,-5.554201,-37.841797,4.394531,stair_down
1769345358.163213,-0.378906,-0.663208,-0.304688,-4.516602,-40.405273,5.432129,stair_down
1769345358.1832008,-0.396973,-0.646973,-0.316772,-5.432129,-39.123535,5.615236,stair_down
1769345358.203024,-0.409790,-0.614380,-0.321289,-6.103518,-34.362793,5.249023,stair_down
1769345358.221309,-0.416016,-0.586792,-0.312256,-3.051759,-24.841316,2.563477,stair_down
1769345358.242461,-0.423950,-0.612183,-0.312866,0.122070,-18.493652,-1.464844,stair_down
1769345358.2595775,-0.439453,-0.650757,-0.329346,1.342773,-11.230473,-4.943848,stair_down
1769345358.2793841,-0.440308,-0.682495,-0.344604,0.976563,-4.211426,-7.324221,stair_down
1769345358.2985501,-0.433838,-0.704346,-0.357178,0.366211,0.244141,-8.422852,stair_down
1769345358.3178911,-0.430176,-0.710693,-0.360718,-0.854492,3.967286,-7.873537,stair_down
1769345358.3390675,-0.412720,-0.721558,-0.364014,1.281738,6.835939,-3.662110,stair_down
1769345358.3604217,-0.394409,-0.798462,-0.342896,12.084965,2.502441,-5.737307,stair_down
1769345358.3810883,-0.450439,-1.038574,-0.369385,27.832039,0.366211,-15.258793,stair_down
1769345358.4005456,-0.520020,-1.288696,-0.407104,22.338875,8.178711,-23.620613,stair_down
1769345358.42781,-0.626099,-1.282349,-0.458130,0.671387,32.165527,-29.479988,stair_down
1769345358.4423537,-0.458130,-1.119873,-0.478271,-11.718754,38.269043,-12.084965,stair_down
1769345358.4583414,-0.415039,-0.968262,-0.440308,-4.821777,32.409668,0.305176,stair_down
1769345358.4788501,-0.409912,-1.239746,-0.388794,31.982430,24.658211,-10.437012,stair_down
1769345358.4987967,-0.461548,-1.561768,-0.407471,27.465828,26.428230,-11.779789,stair_down
1769345358.5160203,-0.485840,-1.501221,-0.452148,-6.958010,40.832520,2.136230,stair_down
1769345358.5394652,-0.359985,-1.168579,-0.484131,-23.071297,44.006348,27.404793,stair_down
1769345358.5560937,-0.254761,-0.945679,-0.480591,-17.822266,28.625496,42.724609,stair_down
1769345358.575858,-0.151489,-0.928833,-0.445435,-11.840824,5.371094,61.218277,stair_down
1769345358.6014245,-0.260864,-0.846069,-0.364380,-16.845703,-20.141602,45.288101,stair_down
1769345358.6169906,-0.286377,-0.817383,-0.361206,-4.333496,-21.179199,19.348145,stair_down
1769345358.6361594,-0.363159,-0.998169,-0.336670,-8.422852,-17.883301,30.273445,stair_down
1769345358.6582954,-0.298706,-0.870483,-0.339233,-30.090340,-1.953125,25.390633,stair_down
1769345358.6786041,-0.274414,-0.707886,-0.316895,-19.653320,-3.234864,7.812502,stair_down
1769345358.700345,-0.258057,-0.758789,-0.310059,-9.155273,-11.047363,2.136230,stair_down
1769345358.7220562,-0.286865,-0.766846,-0.311646,-10.192871,-16.845703,2.807618,stair_down
1769345358.7408571,-0.391968,-0.672607,-0.336670,1.831055,-5.981447,-13.305668,stair_down
1769345358.759414,-0.381714,-0.774780,-0.355225,12.939457,2.502441,-16.967773,stair_down
1769345358.7811356,-0.376221,-0.822388,-0.364258,10.131836,10.925293,-17.883301,stair_down
1769345358.7995005,-0.344482,-0.806519,-0.367432,11.474613,12.634281,-14.648441,stair_down
1769345358.8194966,-0.354980,-0.808472,-0.354736,11.779789,10.925293,-11.230473,stair_down
1769345358.8458557,-0.358765,-0.761353,-0.365479,12.390141,11.962894,-14.404301,stair_down
1769345358.8561995,-0.354614,-0.757935,-0.392822,10.742188,2.441406,-16.540527,stair_down
1769345358.880961,-0.435669,-0.694214,-0.443848,7.080080,2.136230,-18.249512,stair_down
1769345358.8960824,-0.456421,-0.644653,-0.431641,9.887695,11.596684,-23.315437,stair_down
1769345358.9159684,-0.478394,-0.672607,-0.411377,13.610844,20.935059,-23.376472,stair_down
1769345358.9489224,-0.528442,-0.711182,-0.412231,13.366703,33.142090,-24.780281,stair_down
1769345358.9585452,-0.487671,-0.742432,-0.413818,10.375977,44.982925,-22.399910,stair_down
1769345358.9779058,-0.427368,-0.738525,-0.413452,5.004883,48.034683,-16.540527,stair_down
1769345358.9994397,-0.358887,-0.659302,-0.404541,-0.427246,35.400391,-2.807618,stair_down
1769345359.0200658,-0.380005,-0.628052,-0.386719,4.638672,25.329597,7.995607,stair_down
1769345359.0400681,-0.387817,-0.682617,-0.391602,12.268070,20.751953,22.644051,stair_down
1769345359.060302,-0.411255,-0.720093,-0.384766,9.033203,12.756351,29.174812,stair_down
1769345359.0759213,-0.420288,-0.707642,-0.376587,9.155273,12.695316,33.447266,stair_down
1769345359.1030278,-0.421631,-0.706421,-0.363525,9.155273,13.732914,34.240723,stair_down
1769345359.117095,-0.414185,-0.726074,-0.362061,11.535648,16.479492,34.118652,stair_down
1769345359.1360588,-0.386475,-0.785889,-0.374146,10.437012,13.000492,41.931152,stair_down
1769345359.1592991,-0.382446,-0.763428,-0.375122,6.835939,11.840824,46.386734,stair_down
1769345359.1803286,-0.353638,-0.752930,-0.364990,11.596684,10.986328,46.691910,stair_down
1769345359.199728,-0.351074,-0.875488,-0.355469,25.573738,9.338379,41.015625,stair_down
1769345359.2185125,-0.419678,-1.104492,-0.371460,35.583496,19.165039,29.113777,stair_down
1769345359.2408104,-0.439331,-1.337036,-0.379028,31.738289,31.677254,25.146492,stair_down
1769345359.2561316,-0.395874,-1.355713,-0.397339,3.051759,37.536621,30.639656,stair_down
1769345359.279691,-0.336182,-1.233276,-0.415649,-3.173829,35.705566,31.311043,stair_down
1769345359.302312,-0.242310,-1.163696,-0.406006,-8.422852,28.503426,28.198250,stair_down
1769345359.3195472,-0.189087,-1.061768,-0.364502,-13.488773,13.244633,28.259285,stair_down
1769345359.339061,-0.159912,-0.974854,-0.321045,-9.826660,-8.117676,30.029305,stair_down
1769345359.3601916,-0.238403,-0.986084,-0.292725,-4.333496,-21.972656,24.230965,stair_down
1769345359.3794682,-0.322754,-1.036011,-0.307373,-1.647950,-17.944336,15.930180,stair_down
1769345359.4004848,-0.348145,-1.077393,-0.323242,-8.850098,-10.437012,6.469728,stair_down
1769345359.417274,-0.377808,-0.988159,-0.322388,-24.963387,-10.559082,-9.582520,stair_down
1769345359.4360576,-0.361816,-0.829468,-0.329834,-27.709969,-14.221195,-41.503906,stair_down
1769345359.4574208,-0.315552,-0.848999,-0.303833,-17.272949,-21.667480,-41.503906,stair_down
1769345359.4783144,-0.281860,-0.859741,-0.301392,-14.526371,-34.667969,-30.761726,stair_down
1769345359.4991121,-0.344238,-0.812378,-0.286621,-14.404301,-37.780762,-21.362305,stair_down
1769345359.5200863,-0.382568,-0.755249,-0.274292,-7.995607,-37.048340,-23.498543,stair_down
1769345359.5405097,-0.418213,-0.759766,-0.271729,-4.394531,-32.592773,-30.822762,stair_down
1769345359.5606155,-0.444336,-0.771118,-0.276123,-2.380371,-23.864754,-36.560059,stair_down
1769345359.5787807,-0.449463,-0.780273,-0.278442,-1.159668,-13.732914,-38.818359,stair_down
1769345359.596289,-0.443359,-0.779785,-0.275391,0.732422,-4.516602,-39.428711,stair_down
1769345359.6175022,-0.431030,-0.786499,-0.278687,4.089355,1.892090,-40.771484,stair_down
1769345359.6379328,-0.420410,-0.813599,-0.284668,7.446291,4.882813,-43.029785,stair_down
1769345359.659541,-0.411499,-0.874878,-0.281494,7.385256,4.882813,-45.959488,stair_down
1769345359.6825645,-0.397461,-0.887329,-0.278564,4.516602,1.464844,-46.569839,stair_down
1769345359.695993,-0.387207,-0.885132,-0.282715,2.807618,-4.272461,-45.654312,stair_down
1769345359.7160556,-0.377808,-0.885742,-0.299683,2.441406,-11.596684,-43.090820,stair_down
1769345359.7402391,-0.372314,-0.888184,-0.310303,1.159668,-20.324707,-39.001465,stair_down
1769345359.757119,-0.377808,-0.873901,-0.321899,0.122070,-29.174812,-34.545898,stair_down
1769345359.7775362,-0.398193,-0.862793,-0.339478,0.488281,-35.522461,-30.700691,stair_down
1769345359.798433,-0.430664,-0.848145,-0.364380,-1.098633,-34.851074,-23.437508,stair_down
1769345359.8190181,-0.428955,-0.825806,-0.370605,-3.479005,-31.677254,-18.554688,stair_down
1769345359.8392456,-0.411865,-0.798706,-0.375366,-5.981447,-29.174812,-14.648441,stair_down
1769345359.9029596,-0.395142,-0.767822,-0.379883,-9.155273,-28.320320,-10.620117,stair_down
1769345359.9029596,-0.377563,-0.739624,-0.379517,-11.413578,-28.930672,-7.568361,stair_down
1769345359.9029596,-0.368408,-0.720459,-0.373169,-13.732914,-31.005867,-5.371094,stair_down
1769345359.919828,-0.388428,-0.689575,-0.364014,-16.662598,-30.639656,-3.112794,stair_down
1769345359.9431765,-0.397095,-0.680420,-0.360596,-17.150879,-27.282722,-3.112794,stair_down
1769345359.9614902,-0.403687,-0.678955,-0.357300,-16.967773,-22.705086,-3.967286,stair_down
1769345359.980217,-0.410645,-0.681519,-0.353394,-16.967773,-17.333984,-5.249023,stair_down
1769345360.018981,-0.414429,-0.683594,-0.348022,-16.174316,-12.146000,-6.835939,stair_down
1769345360.018981,-0.414673,-0.696899,-0.336670,-15.441898,-7.995607,-8.239746,stair_down
1769345360.038927,-0.409302,-0.702271,-0.331787,-15.502934,-4.699707,-8.666992,stair_down
1769345360.060167,-0.399780,-0.696167,-0.317139,-14.526371,-2.197266,-7.568361,stair_down
1769345360.0797675,-0.389282,-0.711060,-0.287231,-11.413578,-3.356935,-6.469728,stair_down
1769345360.100464,-0.437988,-0.837646,-0.274170,5.554201,-4.028320,-14.404301,stair_down
1769345360.1196153,-0.507568,-1.109985,-0.300293,16.784668,4.272461,-26.550301,stair_down
1769345360.1893253,-0.556763,-1.338623,-0.354126,14.953617,19.714355,-30.395515,stair_down
1769345360.1893253,-0.546509,-1.381348,-0.404053,-6.347658,33.630371,-20.996094,stair_down
1769345360.1893253,-0.376465,-1.093872,-0.445923,-14.892582,26.977547,4.089355,stair_down
1769345360.203368,-0.317749,-1.025269,-0.476685,-8.972168,9.155273,19.348145,stair_down
1769345360.2201426,-0.293213,-0.984253,-0.484863,-3.234864,-7.995607,31.677254,stair_down
1769345360.2380574,-0.322144,-1.036987,-0.457031,8.422852,-18.127441,40.649414,stair_down
1769345360.25769,-0.374268,-1.153198,-0.424072,6.103518,-16.235352,48.889175,stair_down
1769345360.277069,-0.368042,-1.145630,-0.438965,-5.615236,-7.263186,59.509293,stair_down
1769345360.2972608,-0.330078,-1.073364,-0.474731,-7.202150,-0.915528,66.833496,stair_down
1769345360.319547,-0.319336,-1.037354,-0.513428,-3.234864,4.028320,73.364258,stair_down
1769345360.340069,-0.322144,-0.999756,-0.516724,-3.601075,8.972168,76.477051,stair_down
1769345360.3586557,-0.313721,-0.945679,-0.506104,-4.699707,15.380863,75.988770,stair_down
1769345360.3763576,-0.284668,-0.898438,-0.485596,-5.920412,19.897461,72.021484,stair_down
1769345360.4009523,-0.249146,-0.870483,-0.468262,-6.652834,19.409180,64.880371,stair_down
1769345360.422513,-0.230469,-0.863770,-0.442383,-8.300781,15.258793,57.006851,stair_down
1769345360.4402049,-0.235718,-0.843750,-0.408081,-12.512211,10.925293,44.067383,stair_down
1769345360.4568233,-0.238770,-0.776245,-0.368408,-12.023930,11.352543,36.437988,stair_down
1769345360.4770184,-0.233643,-0.789429,-0.355347,-10.742188,10.864258,31.311043,stair_down
1769345360.499136,-0.232544,-0.789795,-0.353638,-10.253906,10.009766,24.230965,stair_down
1769345360.5194566,-0.235107,-0.797363,-0.353271,-7.080080,8.483887,16.296387,stair_down
1769345360.5426962,-0.244995,-0.819946,-0.343994,-5.126953,5.432129,8.239746,stair_down
1769345360.559957,-0.256836,-0.824829,-0.334229,-5.493164,2.441406,0.305176,stair_down
1769345360.5759907,-0.264893,-0.807861,-0.318970,-2.075195,0.183106,-12.146000,stair_down
1769345360.6006851,-0.270996,-0.804443,-0.316772,1.403809,-0.183106,-19.836426,stair_down
1769345360.6201012,-0.279785,-0.806519,-0.323242,3.479005,-0.549316,-25.634773,stair_down
1769345360.6401286,-0.287842,-0.785034,-0.343140,6.896975,-0.610352,-32.043457,stair_down
1769345360.6620789,-0.297729,-0.780518,-0.360107,10.803223,-0.183106,-37.353516,stair_down
1769345360.676069,-0.302734,-0.779541,-0.379395,14.587406,0.793457,-42.480469,stair_down
1769345360.6991282,-0.306030,-0.792603,-0.396118,17.395020,1.831055,-46.325699,stair_down
1769345360.7210996,-0.314087,-0.802002,-0.424438,19.836426,3.173829,-53.527847,stair_down
1769345360.7405446,-0.317749,-0.820679,-0.439697,22.216805,2.746582,-58.044449,stair_down
1769345360.7586854,-0.327026,-0.846802,-0.453125,23.376472,2.502441,-61.645523,stair_down
1769345360.7779822,-0.337524,-0.872437,-0.469116,22.338875,2.685547,-62.744156,stair_down
1769345360.7994187,-0.345459,-0.874756,-0.481934,19.592285,2.197266,-62.377945,stair_down
1769345360.8200169,-0.351440,-0.865845,-0.490601,17.211914,1.403809,-60.852066,stair_down
1769345360.839833,-0.355957,-0.867065,-0.486938,13.854984,-0.549316,-56.213394,stair_down
1769345360.8633175,-0.352905,-0.871826,-0.477417,9.826660,-2.502441,-50.964371,stair_down
1769345360.8879702,-0.347656,-0.861328,-0.463013,4.943848,-5.432129,-44.738785,stair_down
1769345360.8983796,-0.336426,-0.840820,-0.453125,1.159668,-9.460449,-38.024902,stair_down
1769345360.9260533,-0.335571,-0.821655,-0.447876,-1.708985,-14.282230,-31.311043,stair_down
1769345361.0059133,-0.358032,-0.766357,-0.457764,-6.896975,-21.789551,-19.104004,stair_down
1769345361.0460865,-0.375854,-0.727051,-0.451782,-6.958010,-23.010262,-12.939457,stair_down
1769345361.0460865,-0.384155,-0.700195,-0.449829,-6.958010,-21.179199,-9.338379,stair_down
1769345361.0460865,-0.393433,-0.680542,-0.442627,-5.676271,-17.395020,-6.469728,stair_down
1769345361.0510375,-0.388428,-0.671021,-0.430298,-5.065918,-13.183598,-3.845216,stair_down
1769345361.0560138,-0.384033,-0.662354,-0.419434,-4.638672,-9.765625,-0.305176,stair_down
1769345361.0759203,-0.381348,-0.650269,-0.406006,-4.028320,-6.530764,4.028320,stair_down
1769345361.0984771,-0.376587,-0.646851,-0.378052,0.305176,-2.685547,11.108402,stair_down
1769345361.1158466,-0.384521,-0.674927,-0.368774,3.601075,0.671387,14.831547,stair_down
1769345361.1387637,-0.391724,-0.712646,-0.374390,6.286623,5.920412,18.432617,stair_down
1769345361.1640344,-0.383179,-0.747192,-0.387329,6.408693,11.047363,23.132332,stair_down
1769345361.1804004,-0.357788,-0.759644,-0.393677,5.004883,12.878422,28.991707,stair_down
1769345361.2002845,-0.337036,-0.770020,-0.372681,5.615236,10.925293,34.362793,stair_down
1769345361.2199485,-0.347168,-0.855713,-0.369629,16.113281,7.995607,33.386230,stair_down
1769345361.2404883,-0.425781,-1.225220,-0.405762,25.207527,16.601563,22.277840,stair_down
1769345361.2597337,-0.438354,-1.432129,-0.415039,8.178711,25.817879,22.949226,stair_down
1769345361.279768,-0.394897,-1.411865,-0.420532,-17.333984,30.700691,30.517586,stair_down
1769345361.2988734,-0.296021,-1.269165,-0.436890,-25.085457,23.437508,41.870117,stair_down
1769345361.3201482,-0.244385,-1.220581,-0.451904,-21.606445,10.559082,51.757828,stair_down
1769345361.3399763,-0.210815,-1.216797,-0.438843,-25.085457,-2.929688,64.819336,stair_down
1769345361.359793,-0.184326,-1.132080,-0.412598,-31.982430,-17.883301,73.791504,stair_down
1769345361.3804667,-0.186646,-1.013306,-0.372681,-35.522461,-38.085938,76.171875,stair_down
1769345361.3973384,-0.204346,-0.988159,-0.358154,-33.691406,-46.813980,66.955566,stair_down
1769345361.42,-0.241577,-0.968018,-0.347900,-34.484863,-51.696793,53.649918,stair_down
1769345361.4366007,-0.285767,-0.907959,-0.340210,-35.339355,-51.940933,39.306641,stair_down
1769345361.4614382,-0.328247,-0.830811,-0.335327,-35.217285,-47.729507,23.193367,stair_down
1769345361.4782403,-0.353638,-0.749390,-0.328979,-34.057617,-40.100098,6.835939,stair_down
1769345361.5005412,-0.336304,-0.638184,-0.306885,-24.658211,-26.367195,-17.150879,stair_down
1769345361.5202715,-0.329102,-0.614502,-0.290771,-15.502934,-21.179199,-30.639656,stair_down
1769345361.5393329,-0.345337,-0.605591,-0.296631,-4.211426,-14.221195,-45.166031,stair_down
1769345361.559253,-0.367432,-0.638550,-0.296509,7.629396,-6.347658,-60.485855,stair_down
1769345361.580661,-0.391724,-0.710571,-0.300415,16.418457,3.112794,-73.425293,stair_down
1769345361.598041,-0.403076,-0.776733,-0.300049,17.211914,10.864258,-84.106445,stair_down
1769345361.6208045,-0.405640,-0.807983,-0.305664,18.737793,14.648441,-92.346222,stair_down
1769345361.6405034,-0.417358,-0.875488,-0.304443,21.423340,18.371582,-97.290070,stair_down
1769345361.6589603,-0.411133,-0.904785,-0.309082,21.911621,19.042969,-95.642120,stair_down
1769345361.6781173,-0.415283,-0.924438,-0.322021,23.193367,18.066406,-92.041046,stair_down
1769345361.6997302,-0.418213,-0.940918,-0.341064,24.597176,16.540527,-86.791992,stair_down
1769345361.7219594,-0.420654,-0.950562,-0.354614,25.146492,14.160160,-78.918457,stair_down
1769345361.7376623,-0.419189,-0.949097,-0.371704,24.536140,10.742188,-69.824219,stair_down
1769345361.756729,-0.414307,-0.916504,-0.401733,20.202637,3.540040,-55.358902,stair_down
1769345361.7801738,-0.415527,-0.890381,-0.412964,17.700195,-2.807618,-48.034683,stair_down
1769345361.8031218,-0.419312,-0.900635,-0.416992,15.747074,-9.033203,-43.395996,stair_down
1769345361.8162243,-0.433472,-0.934937,-0.405518,10.437012,-14.221195,-39.062500,stair_down
1769345361.8413794,-0.463745,-0.940918,-0.391724,2.746582,-15.014652,-33.264160,stair_down
1769345361.860121,-0.485474,-0.928345,-0.382935,-0.732422,-11.291508,-27.282722,stair_down
1769345361.9244938,-0.519409,-0.983398,-0.393799,5.615236,-4.821777,-24.414070,stair_down
1769345361.9373987,-0.552124,-1.115723,-0.419922,-2.136230,11.535648,-13.916019,stair_down
1769345361.9394112,-0.531738,-1.039429,-0.438599,-5.249023,20.446777,-1.647950,stair_down
1769345361.9470272,-0.520386,-0.994019,-0.459839,-1.647950,27.343758,10.009766,stair_down
1769345361.9599855,-0.509033,-0.980835,-0.471436,1.037598,34.667969,21.911621,stair_down
1769345361.9795256,-0.481445,-0.991211,-0.469360,1.403809,39.733887,32.470703,stair_down
1769345362.0120003,-0.455811,-0.991943,-0.444824,-3.723145,42.175293,44.128418,stair_down
1769345362.0197155,-0.400757,-0.960693,-0.410645,-10.864258,42.175293,63.232437,stair_down
1769345362.0401175,-0.302856,-0.884521,-0.388916,-20.690918,31.738289,76.965332,stair_down
1769345362.0675492,-0.266602,-0.836182,-0.378540,-22.827156,18.676758,90.026886,stair_down
1769345362.0787764,-0.263062,-0.872681,-0.347046,-18.737793,4.699707,98.938019,stair_down
1769345362.0975053,-0.257080,-1.001221,-0.278320,-19.531250,-7.141115,106.628448,stair_down
1769345362.1175294,-0.226196,-1.085815,-0.200439,-29.113777,-18.554688,119.567902,stair_down
1769345362.1395886,-0.191162,-1.062012,-0.146240,-34.973145,-30.822762,135.009766,stair_down
1769345362.1599464,-0.198730,-1.053589,-0.158325,-24.902351,-47.058121,145.263672,stair_down
1769345362.1805203,-0.252563,-1.052124,-0.204712,-18.859863,-50.659195,143.371582,stair_down
1769345362.205982,-0.317749,-0.987671,-0.247681,-10.986328,-46.813980,133.972168,stair_down
1769345362.2197535,-0.373779,-0.916992,-0.276367,-2.380371,-35.644531,124.633820,stair_down
1769345362.2416885,-0.408569,-0.828979,-0.311035,5.432129,-19.042969,109.313995,stair_down
1769345362.2694948,-0.418457,-0.727295,-0.329590,16.418457,3.662110,89.416534,stair_down
1769345362.2791529,-0.374634,-0.659546,-0.337402,33.020020,26.123055,69.641113,stair_down
1769345362.2982173,-0.347778,-0.630859,-0.349487,49.987808,59.692398,43.457031,stair_down
1769345362.3204195,-0.326416,-0.639404,-0.351196,54.870621,73.669434,23.193367,stair_down
1769345362.3374467,-0.300049,-0.662231,-0.348267,56.396500,79.040527,1.831055,stair_down
1769345362.3600352,-0.283813,-0.712280,-0.350464,55.908218,79.040527,-14.465336,stair_down
1769345362.3792315,-0.276123,-0.756348,-0.365723,54.016129,76.599121,-27.832039,stair_down
1769345362.3960018,-0.291992,-0.766846,-0.382202,51.879898,74.584961,-44.555679,stair_down
1769345362.4197621,-0.276367,-0.836670,-0.418457,52.185074,71.838379,-62.316910,stair_down
1769345362.4360497,-0.285767,-0.868286,-0.445679,49.682632,68.847656,-63.476578,stair_down
1769345362.4601588,-0.294922,-0.848022,-0.454224,47.058121,64.331055,-72.326660,stair_down
1769345362.4791696,-0.290527,-0.884888,-0.455200,45.104996,63.171402,-76.416016,stair_down
1769345362.497705,-0.273071,-0.900391,-0.453979,38.818359,56.884781,-73.852539,stair_down
1769345362.5293834,-0.276855,-0.879517,-0.446045,33.508301,50.109879,-70.800781,stair_down
1769345362.5396738,-0.274414,-0.872314,-0.443481,27.526863,38.452148,-67.626953,stair_down
1769345362.5601473,-0.287109,-0.867798,-0.442139,23.132332,30.456551,-65.490723,stair_down
1769345362.580759,-0.314697,-0.863525,-0.449707,20.141602,25.207527,-63.293472,stair_down
1769345362.6014116,-0.338867,-0.868164,-0.459229,17.761230,22.216805,-60.791031,stair_down
1769345362.6210787,-0.365845,-0.881836,-0.469727,16.967773,22.094727,-59.082047,stair_down
1769345362.641271,-0.384766,-0.912598,-0.482788,15.930180,23.132332,-57.678238,stair_down
1769345362.659713,-0.394287,-0.943604,-0.493530,12.329105,24.292000,-54.565445,stair_down
1769345362.6806371,-0.382080,-0.944824,-0.494385,4.150391,20.141602,-44.433609,stair_down
1769345362.7209244,-0.380737,-0.924805,-0.487427,-0.732422,15.197758,-35.888672,stair_down
1769345362.743007,-0.375977,-0.895874,-0.476318,-3.845216,10.864258,-25.573738,stair_down
1769345362.7460344,-0.383911,-0.903564,-0.464111,1.037598,8.117676,-16.601563,stair_down
1769345362.7598865,-0.408447,-1.021606,-0.473755,3.234864,9.521484,-10.803223,stair_down
1769345362.8361442,-0.412109,-1.056885,-0.462158,-8.605957,10.375977,0.366211,stair_down
1769345362.8432627,-0.383301,-0.956177,-0.429810,-13.122562,5.920412,14.282230,stair_down
1769345362.8432627,-0.404175,-0.984131,-0.424561,-13.244633,2.990724,19.592285,stair_down
1769345362.846806,-0.416504,-0.979004,-0.418335,-19.104004,6.164553,28.686531,stair_down
1769345362.861337,-0.395142,-0.905151,-0.396851,-23.742683,9.948730,39.367676,stair_down
1769345362.880565,-0.370483,-0.828735,-0.371948,-22.460945,11.962894,50.231949,stair_down
1769345362.9682302,-0.349976,-0.793335,-0.353638,-16.967773,14.160160,59.631363,stair_down
1769345362.9730322,-0.332275,-0.802124,-0.338257,-11.718754,15.014652,68.054199,stair_down
1769345362.9730322,-0.327515,-0.817993,-0.306030,-7.141115,15.258793,77.880859,stair_down
1769345362.9730322,-0.341309,-0.824707,-0.282104,-4.028320,18.554688,81.298828,stair_down
1769345362.9814055,-0.357422,-0.827759,-0.268677,0.793457,25.268562,81.298828,stair_down
1769345362.997906,-0.371704,-0.839233,-0.266235,6.774904,35.217285,79.772949,stair_down
1769345363.018966,-0.381470,-0.865479,-0.264160,11.840824,46.447769,77.880859,stair_down
1769345363.0416539,-0.387207,-0.897949,-0.257935,16.418457,56.945816,73.303223,stair_down
1769345363.0614862,-0.399902,-0.935181,-0.243652,21.179199,73.425293,60.546890,stair_down
1769345363.0804596,-0.419800,-1.007813,-0.216797,28.747566,83.557129,49.743668,stair_down
1769345363.1024168,-0.433472,-1.058228,-0.233032,31.188972,92.529327,39.733887,stair_down
1769345363.1166387,-0.395630,-1.061646,-0.260132,28.564461,98.938019,35.400391,stair_down
1769345363.1387956,-0.323975,-1.007690,-0.258179,25.939949,93.444855,38.818359,stair_down
1769345363.1587126,-0.253174,-0.955566,-0.234863,24.169930,76.110840,45.288101,stair_down
1769345363.1802697,-0.198486,-0.903076,-0.214600,21.728516,50.964371,51.696793,stair_down
1769345363.186171,-0.219482,-0.825317,-0.217407,23.681648,20.385742,57.678238,stair_down
1769345363.2210255,-0.272095,-0.814331,-0.224609,26.062019,12.146000,58.166519,stair_down
1769345363.239737,-0.314697,-0.810791,-0.242188,27.343758,12.695316,56.335464,stair_down
1769345363.2610307,-0.335449,-0.790039,-0.262817,29.052742,20.507813,49.194351,stair_down
1769345363.2805245,-0.310669,-0.816040,-0.267090,31.799324,25.878914,48.095718,stair_down
1769345363.2971342,-0.315674,-0.805054,-0.276123,32.165527,29.479988,39.428711,stair_down
1769345363.3209774,-0.300415,-0.816650,-0.287720,35.034180,30.334480,31.738289,stair_down
1769345363.3398602,-0.310059,-0.834106,-0.316650,33.630371,31.433113,17.944336,stair_down
1769345363.3593447,-0.311768,-0.840820,-0.326416,32.043457,32.775879,9.094238,stair_down
1769345363.3810391,-0.305786,-0.841431,-0.338623,28.381355,33.386230,0.427246,stair_down
1769345363.4004662,-0.294800,-0.821289,-0.357788,25.207527,31.066902,-6.896975,stair_down
1769345363.420941,-0.284180,-0.819702,-0.369629,24.047859,26.794441,-11.596684,stair_down
1769345363.4425101,-0.281494,-0.835815,-0.381836,22.644051,20.935059,-17.272949,stair_down
1769345363.4634457,-0.306152,-0.870239,-0.401855,18.188477,14.038090,-26.428230,stair_down
1769345363.4810483,-0.323486,-0.877686,-0.407104,14.770512,12.023930,-33.203125,stair_down
1769345363.498688,-0.339478,-0.896606,-0.397339,14.160160,12.268070,-39.245605,stair_down
1769345363.52008,-0.380615,-0.973633,-0.404907,18.859863,16.174316,-48.461929,stair_down
1769345363.5403686,-0.419678,-1.072632,-0.429321,14.648441,25.207527,-56.640640,stair_down
1769345363.5595632,-0.409180,-1.065430,-0.427612,6.774904,33.447266,-57.189957,stair_down
1769345363.5762737,-0.392334,-1.012207,-0.444580,5.920412,37.658691,-56.945816,stair_down
1769345363.6010387,-0.353638,-0.979614,-0.468506,6.103518,33.996582,-47.973648,stair_down
1769345363.6159708,-0.333618,-0.957275,-0.470581,6.835939,28.320320,-40.283203,stair_down
1769345363.6388397,-0.317627,-0.950928,-0.454224,4.882813,20.324707,-33.508301,stair_down
1769345363.6599813,-0.319458,-0.918945,-0.422485,-0.122070,11.535648,-27.526863,stair_down
1769345363.6810656,-0.317627,-0.867676,-0.405640,-5.493164,4.760742,-22.033691,stair_down
1769345363.699175,-0.299561,-0.808960,-0.396362,-10.314941,-2.868653,-14.221195,stair_down
1769345363.7162998,-0.285645,-0.719238,-0.370117,-13.122562,-17.333984,-1.525879,stair_down
1769345363.7400618,-0.307983,-0.720215,-0.336304,-12.512211,-25.573738,4.089355,stair_down
1769345363.7565491,-0.350464,-0.747070,-0.308960,-10.498047,-28.137215,6.896975,stair_down
1769345363.7764635,-0.388550,-0.803467,-0.288086,-7.934572,-22.888191,9.094238,stair_down
1769345363.7974446,-0.413696,-0.889893,-0.276611,-3.967286,-12.512211,11.291508,stair_down
1769345363.8188071,-0.409302,-1.000122,-0.280640,-2.624512,-2.868653,13.977055,stair_down
1769345363.8400638,-0.379150,-1.069824,-0.291748,-6.225588,0.549316,20.446777,stair_down
1769345363.8594675,-0.317505,-1.035889,-0.312622,-9.277344,-4.638672,36.743164,stair_down
1769345363.881066,-0.294434,-0.990479,-0.322754,-4.882813,-13.305668,48.767105,stair_down
1769345363.8963013,-0.300781,-0.962769,-0.321289,-0.122070,-18.981934,59.509293,stair_down
1769345363.9214237,-0.325317,-0.936279,-0.311157,2.197266,-17.456055,66.833496,stair_down
1769345363.9360247,-0.337769,-0.897583,-0.302002,2.380371,-10.620117,70.007324,stair_down
1769345363.9585454,-0.326416,-0.853394,-0.313721,2.136230,-1.342773,68.908691,stair_down
1769345363.977988,-0.302002,-0.827759,-0.323486,2.563477,6.408693,65.124512,stair_down
1769345364.0014925,-0.274902,-0.809814,-0.360107,3.479005,9.338379,55.419937,stair_down
1769345364.023342,-0.283203,-0.796753,-0.392578,6.652834,8.605957,46.813980,stair_down
1769345364.0403337,-0.312622,-0.794922,-0.419556,13.000492,11.718754,38.513184,stair_down
1769345364.059498,-0.298340,-0.821411,-0.422485,19.592285,19.104004,32.226563,stair_down
1769345364.0763013,-0.292480,-0.823120,-0.431396,24.047859,20.996094,26.062019,stair_down
1769345364.0964508,-0.294922,-0.843628,-0.421753,26.306160,21.423340,19.470215,stair_down
1769345364.1207495,-0.299805,-0.824707,-0.426392,29.846199,27.587898,6.896975,stair_down
1769345364.1376717,-0.286133,-0.830811,-0.438110,31.921394,33.447266,0.427246,stair_down
1769345364.1578598,-0.273804,-0.810669,-0.442627,32.287598,33.996582,-5.676271,stair_down
1769345364.1812832,-0.277588,-0.788696,-0.440796,32.714844,31.188972,-13.061527,stair_down
1769345364.1995804,-0.298096,-0.777466,-0.433960,32.897949,29.235847,-21.728516,stair_down
1769345364.233236,-0.324341,-0.771118,-0.431152,32.226563,31.494148,-30.517586,stair_down
1769345364.2423346,-0.335205,-0.767700,-0.430420,31.982430,35.827637,-39.123535,stair_down
1769345364.2608147,-0.349121,-0.807007,-0.428101,34.484863,43.334961,-52.673355,stair_down
1769345364.2813249,-0.364868,-0.863647,-0.428467,34.484863,48.522964,-59.448257,stair_down
1769345364.2991095,-0.373413,-0.920898,-0.432251,31.738289,53.649918,-61.035172,stair_down
1769345364.3188233,-0.371216,-0.953003,-0.438110,25.634773,58.349625,-57.312027,stair_down
1769345364.3392076,-0.360840,-0.947021,-0.403809,19.897461,59.204117,-50.598160,stair_down
1769345364.3593307,-0.239380,-0.972534,-0.474731,23.620613,43.212891,-44.128418,stair_down
1769345364.3816032,-0.235229,-1.053223,-0.453003,10.742188,27.832039,-22.827156,stair_down
1769345364.4007487,-0.470215,-0.972900,-0.434082,1.220703,41.259766,-7.873537,stair_down
1769345364.4166753,-0.254639,-0.956909,-0.408936,5.554201,33.081055,-8.544922,stair_down
1769345364.4414499,-0.392578,-0.986938,-0.396362,-4.272461,27.038582,-4.028320,stair_down
1769345364.4572246,-0.362183,-0.896240,-0.371216,-10.864258,29.541023,5.065918,stair_down
1769345364.4781005,-0.332886,-0.870972,-0.330933,-10.131836,25.146492,12.084965,stair_down
1769345364.499151,-0.345825,-0.877686,-0.294434,-10.681152,12.268070,13.610844,stair_down
1769345364.5192351,-0.472046,-0.869263,-0.259766,-8.605957,6.774904,16.784668,stair_down
1769345364.5414531,-0.517090,-0.849609,-0.212524,-4.699707,20.141602,22.094727,stair_down
1769345364.5612643,-0.525391,-0.855713,-0.163818,0.793457,39.306641,29.479988,stair_down
1769345364.5819147,-0.487671,-0.875000,-0.143311,4.272461,57.617203,38.024902,stair_down
1769345364.5974226,-0.423584,-0.856689,-0.145752,6.286623,66.528320,47.546402,stair_down
1769345364.621919,-0.374146,-0.831421,-0.151489,10.803223,65.673828,57.495132,stair_down
1769345364.6375291,-0.343140,-0.839722,-0.159546,16.845703,58.959976,68.542480,stair_down
1769345364.6614716,-0.318115,-0.919189,-0.174316,19.348145,43.640137,72.692871,stair_down
1769345364.679504,-0.325073,-0.959229,-0.174194,22.033691,35.156250,70.617676,stair_down
1769345364.6987324,-0.320068,-1.041382,-0.158447,23.437508,28.991707,68.725586,stair_down
1769345364.7192023,-0.294556,-1.115479,-0.160278,18.005371,24.108894,74.340820,stair_down
1769345364.7415617,-0.307129,-1.085571,-0.180176,17.456055,19.714355,76.721191,stair_down
1769345364.760832,-0.216553,-1.103516,-0.199829,13.732914,17.883301,80.322266,stair_down
1769345364.7772906,-0.245972,-1.000854,-0.224487,16.235352,17.883301,70.251465,stair_down
1769345364.7972093,-0.203247,-0.973877,-0.252686,15.808109,9.338379,63.659683,stair_down
1769345364.823176,-0.246826,-0.898193,-0.260986,15.380863,3.234864,59.387222,stair_down
1769345364.8431907,-0.255859,-0.839233,-0.266357,18.554688,3.417970,52.551285,stair_down
1769345364.8601995,-0.270996,-0.808960,-0.266724,20.385742,7.751467,42.358398,stair_down
1769345364.880093,-0.278076,-0.786011,-0.267944,22.033691,12.512211,30.212410,stair_down
1769345364.8962824,-0.287476,-0.789307,-0.269409,23.193367,13.305668,15.136723,stair_down
1769345364.921547,-0.307983,-0.835571,-0.268921,20.874023,4.333496,-6.652834,stair_down
1769345364.9381285,-0.344971,-0.848999,-0.270386,17.944336,0.244141,-17.150879,stair_down
1769345364.9621797,-0.389038,-0.875122,-0.268921,17.395020,0.610352,-24.292000,stair_down
1769345364.9764392,-0.428345,-0.914551,-0.269775,15.075687,3.540040,-28.137215,stair_down
1769345364.9975631,-0.434204,-0.935181,-0.271362,11.718754,7.690432,-28.259285,stair_down
1769345365.0203052,-0.416382,-0.933228,-0.267578,6.835939,9.643555,-24.780281,stair_down
1769345365.0397024,-0.363037,-0.887817,-0.260010,-3.234864,-1.525879,-19.958496,stair_down
1769345365.059646,-0.354614,-0.852905,-0.256836,-5.554201,-13.549809,-18.188477,stair_down
1769345365.0802221,-0.368164,-0.847412,-0.252319,-8.056641,-24.169930,-16.967773,stair_down
1769345365.0962725,-0.395142,-0.840942,-0.255127,-11.108402,-31.921394,-15.930180,stair_down
1769345365.1218672,-0.437256,-0.836182,-0.260010,-15.075687,-35.583496,-15.747074,stair_down
1769345365.1371365,-0.457397,-0.817139,-0.264038,-18.920898,-34.423828,-17.089844,stair_down
1769345365.1583562,-0.453491,-0.792480,-0.262939,-21.423340,-31.433113,-17.456055,stair_down
1769345365.1785116,-0.430908,-0.754517,-0.258301,-23.010262,-30.700691,-16.479492,stair_down
1769345365.1964514,-0.422729,-0.727783,-0.257202,-24.658211,-33.752441,-15.014652,stair_down
1769345365.216335,-0.410767,-0.693481,-0.261719,-25.817879,-37.475586,-13.793949,stair_down
1769345365.2409372,-0.366455,-0.672119,-0.266968,-25.878914,-48.095718,-14.221195,stair_down
1769345365.2606003,-0.397949,-0.670044,-0.259644,-24.963387,-61.950699,-12.939457,stair_down
1769345365.2760537,-0.476196,-0.679077,-0.244019,-25.329597,-61.035172,-10.986328,stair_down
1769345365.3013425,-0.486938,-0.674561,-0.241943,-22.949226,-50.476089,-13.793949,stair_down
1769345365.3167586,-0.452637,-0.702881,-0.229858,-21.606445,-48.461929,-15.319828,stair_down
1769345365.3400307,-0.442383,-0.720093,-0.222412,-21.850586,-48.767105,-16.357422,stair_down
1769345365.3596456,-0.439331,-0.725586,-0.233765,-22.460945,-51.208511,-17.395020,stair_down
1769345365.3805468,-0.454346,-0.728638,-0.255615,-22.766121,-52.612320,-17.456055,stair_down
1769345365.4014583,-0.469360,-0.717407,-0.272095,-23.681648,-51.574722,-18.432617,stair_down
1769345365.420378,-0.484985,-0.696899,-0.274658,-23.315437,-48.461929,-21.301270,stair_down
1769345365.436424,-0.474121,-0.703491,-0.259644,-18.432617,-46.325699,-26.794441,stair_down
1769345365.4573665,-0.499023,-0.796143,-0.251831,-8.483887,-46.508804,-32.958984,stair_down
1769345365.479008,-0.577881,-0.946533,-0.260010,-2.136230,-37.170410,-41.381836,stair_down
1769345365.5013394,-0.644287,-1.079346,-0.299561,0.183106,-15.441898,-48.645035,stair_down
1769345365.5225458,-0.685425,-1.131348,-0.374390,-4.272461,9.704590,-51.574722,stair_down
1769345365.5397856,-0.671631,-1.081543,-0.404785,-7.263186,34.118652,-47.058121,stair_down
1769345365.5593698,-0.594360,-1.027466,-0.384033,-3.601075,49.133316,-41.198730,stair_down
1769345365.581281,-0.527344,-1.033813,-0.357910,2.929688,59.814468,-28.442390,stair_down
1769345365.596308,-0.495117,-1.063721,-0.360474,7.751467,61.645523,-22.094727,stair_down
1769345365.6199596,-0.454956,-1.153809,-0.354370,12.390141,61.889664,-14.343266,stair_down
1769345365.639258,-0.420532,-1.213501,-0.366211,5.371094,62.744156,-0.366211,stair_down
1769345365.6606965,-0.289795,-1.153198,-0.396606,-5.615236,44.677750,15.808109,stair_down
1769345365.6807787,-0.256348,-1.051514,-0.412354,-11.413578,15.747074,30.700691,stair_down
1769345365.6995456,-0.159546,-1.062744,-0.392334,-37.170410,-42.419434,33.203125,stair_down
1769345365.7205276,-0.444824,-0.747925,-0.401978,-13.977055,-33.569336,16.540527,stair_down
1769345365.7420802,-0.290161,-0.951904,-0.342773,-0.305176,-24.108894,47.302261,stair_down
1769345365.756149,-0.381958,-0.944824,-0.316284,-17.456055,-19.287109,67.077637,stair_down
1769345365.7763913,-0.394165,-0.801758,-0.324829,-21.545410,-6.408693,54.443375,stair_down
1769345365.7983496,-0.356567,-0.778931,-0.322266,-12.573246,1.892090,28.747566,stair_down
1769345365.8179333,-0.330933,-0.844238,-0.321777,-8.544922,8.361816,20.812988,stair_down
1769345365.8400707,-0.324707,-0.775024,-0.357422,-5.920412,13.183598,18.249512,stair_down
1769345365.8581026,-0.340210,-0.770386,-0.378174,3.601075,19.104004,17.944336,stair_down
1769345365.8764186,-0.334839,-0.776489,-0.381348,7.934572,25.695808,19.042969,stair_down
1769345365.8963528,-0.304077,-0.762085,-0.376709,8.728027,30.212410,20.324707,stair_down
1769345365.9163506,-0.284180,-0.725830,-0.365967,8.239746,29.174812,17.517090,stair_down
1769345366.0433888,-0.270752,-0.700195,-0.351685,8.605957,26.794441,13.427738,stair_down
1769345366.0462227,-0.285400,-0.675171,-0.361206,8.056641,18.432617,0.671387,stair_down
1769345366.0462227,-0.310669,-0.670166,-0.367920,6.774904,17.822266,-3.540040,stair_down
1769345366.0462227,-0.321533,-0.660400,-0.371094,6.774904,19.042969,-8.056641,stair_down
1769345366.0462227,-0.329346,-0.665894,-0.370728,6.713869,20.324707,-11.596684,stair_down
1769345366.0564802,-0.325073,-0.674438,-0.374268,6.530764,18.798828,-13.610844,stair_down
1769345366.086193,-0.325317,-0.691406,-0.375977,6.286623,15.197758,-12.939457,stair_down
1769345366.191319,-0.324707,-0.719604,-0.353394,5.065918,1.647950,-3.234864,stair_down
1769345366.191319,-0.328491,-0.717896,-0.352905,4.943848,-3.540040,2.563477,stair_down
1769345366.191319,-0.338989,-0.714722,-0.353516,5.310059,-8.850098,6.469728,stair_down
1769345366.191319,-0.362549,-0.712402,-0.364014,6.164553,-12.512211,7.568361,stair_down
1769345366.201533,-0.393799,-0.712524,-0.374268,7.080080,-13.854984,7.446291,stair_down
1769345366.2210538,-0.420288,-0.733765,-0.372070,13.671879,-12.023930,3.784181,stair_down
1769345366.3365052,-0.529541,-1.002319,-0.415527,31.677254,0.976563,-15.625004,stair_down
1769345366.3432262,-0.683350,-1.372681,-0.471558,21.179199,49.804703,-30.944832,stair_down
1769345366.3432262,-0.656372,-1.335083,-0.486694,4.943848,78.552246,-21.057129,stair_down
1769345366.3432262,-0.536865,-1.200928,-0.469849,-5.004883,93.444855,3.784181,stair_down
1769345366.3432262,-0.391602,-1.051758,-0.445190,0.366211,96.313507,16.479492,stair_down
1769345366.38618,-0.184448,-1.008667,-0.380615,3.112794,61.889664,33.935547,stair_down
1769345366.3883712,-0.186646,-1.044067,-0.340942,4.943848,36.193848,45.166031,stair_down
1769345366.5333345,-0.329712,-1.068359,-0.343628,-8.544922,-0.061035,32.592773,stair_down
1769345366.5333345,-0.386353,-1.059570,-0.351074,-12.451176,-7.141115,21.972656,stair_down
1769345366.536365,-0.430664,-1.024048,-0.344360,-18.249512,-7.812502,15.319828,stair_down
1769345366.536365,-0.423096,-0.959717,-0.330200,-22.338875,-8.178711,10.314941,stair_down
1769345366.536365,-0.372803,-0.860596,-0.290894,-22.766121,-11.596684,8.117676,stair_down
1769345366.536365,-0.348267,-0.807495,-0.261230,-19.775391,-14.587406,9.094238,stair_down
1769345366.5430975,-0.322754,-0.775757,-0.237549,-15.625004,-20.202637,10.009766,stair_down
1769345366.6768374,-0.324829,-0.731445,-0.227417,-9.826660,-35.827637,11.230473,stair_down
1769345366.6768374,-0.341553,-0.707764,-0.233643,-6.530764,-42.175293,10.009766,stair_down
1769345366.6768374,-0.361084,-0.689819,-0.240845,-0.244141,-47.790543,5.859377,stair_down
1769345366.6768374,-0.393311,-0.685791,-0.243164,3.845216,-48.156754,1.281738,stair_down
1769345366.6768374,-0.442261,-0.689819,-0.246704,7.873537,-43.518066,-5.432129,stair_down
1769345366.6768374,-0.489136,-0.714478,-0.243774,12.207035,-33.813477,-13.549809,stair_down
1769345366.8780923,-0.536377,-0.789429,-0.252686,16.235352,-6.591799,-24.780281,stair_down
1769345366.8780923,-0.526123,-0.812012,-0.269287,17.639160,0.244141,-25.817879,stair_down
1769345366.8780923,-0.526611,-0.837280,-0.296875,20.446777,3.173829,-22.888191,stair_down
1769345366.8780923,-0.539185,-0.850464,-0.313232,21.606445,6.103518,-18.920898,stair_down
1769345366.8780923,-0.543823,-0.855957,-0.332275,22.216805,10.437012,-14.404301,stair_down
1769345366.8780923,-0.536499,-0.860718,-0.343018,22.338875,14.404301,-10.253906,stair_down
1769345366.8780923,-0.521729,-0.871216,-0.351929,21.301270,17.639160,-5.859377,stair_down
1769345366.8780923,-0.494629,-0.879150,-0.354736,17.395020,18.127441,-2.197266,stair_down
1769345366.8780923,-0.485596,-0.861084,-0.359131,10.986328,16.784668,-2.319336,stair_down
1769345366.9261103,-0.480469,-0.850220,-0.372070,8.544922,17.395020,-5.493164,stair_down
1769345366.926513,-0.481567,-0.845947,-0.387817,6.286623,20.385742,-6.408693,stair_down
1769345366.9430702,-0.481445,-0.840698,-0.405396,5.004883,25.634773,-5.249023,stair_down
1769345366.9574618,-0.462402,-0.860352,-0.396240,6.469728,29.602058,-5.371094,stair_down
1769345366.9777174,-0.456543,-0.962158,-0.387695,12.451176,31.005867,-11.596684,stair_down
1769345367.0001519,-0.479492,-1.096069,-0.389648,10.009766,35.766602,-17.150879,stair_down
1769345367.0189404,-0.452759,-1.096069,-0.401733,-4.638672,44.677750,-12.512211,stair_down
1769345367.0399196,-0.403198,-1.013794,-0.422974,-8.178711,44.860855,-6.408693,stair_down
1769345367.0602455,-0.350830,-0.928101,-0.430420,-11.352543,39.733887,2.319336,stair_down
1769345367.0800087,-0.303711,-0.827393,-0.426880,-16.418457,29.418953,11.047363,stair_down
1769345367.1018217,-0.270752,-0.728882,-0.402100,-20.324707,14.892582,17.700195,stair_down
1769345367.1208358,-0.266602,-0.679321,-0.357788,-21.240234,2.197266,19.409180,stair_down
1769345367.1368237,-0.277588,-0.689941,-0.307007,-21.423340,-5.737307,17.700195,stair_down
1769345367.1591597,-0.288208,-0.789063,-0.259033,-20.690918,-11.352543,13.671879,stair_down
1769345367.1783478,-0.311035,-0.881714,-0.253052,-17.700195,-11.535648,9.338379,stair_down
1769345367.1995401,-0.339722,-0.982788,-0.263428,-15.686039,-9.887695,5.126953,stair_down
1769345367.2187572,-0.343750,-1.037842,-0.283325,-17.272949,-10.253906,4.455566,stair_down
1769345367.2414937,-0.337646,-1.016846,-0.302124,-18.005371,-15.197758,7.080080,stair_down
1769345367.2590377,-0.325439,-0.958374,-0.308105,-14.770512,-23.193367,10.314941,stair_down
1769345367.277229,-0.326294,-0.855713,-0.326172,-4.150391,-28.686531,15.930180,stair_down
1769345367.2964146,-0.333984,-0.812500,-0.320557,3.234864,-27.832039,21.240234,stair_down
1769345367.3182743,-0.362793,-0.776367,-0.318359,8.666992,-19.042969,21.179199,stair_down
1769345367.338932,-0.359863,-0.763794,-0.319702,12.268070,-8.850098,16.906738,stair_down
1769345367.362693,-0.343018,-0.760132,-0.324219,12.146000,-0.976563,8.544922,stair_down
1769345367.3816984,-0.325317,-0.742920,-0.333130,10.986328,2.685547,-0.854492,stair_down
1769345367.4032307,-0.333496,-0.722778,-0.344727,11.474613,4.455566,-9.948730,stair_down
1769345367.4162369,-0.375610,-0.717773,-0.385986,18.920898,12.390141,-24.292000,stair_down
1769345367.437862,-0.394897,-0.754761,-0.409546,25.817879,22.399910,-33.264160,stair_down
1769345367.4587364,-0.409302,-0.802734,-0.421875,29.418953,32.653809,-41.259766,stair_down
1769345367.4777994,-0.420044,-0.826294,-0.435303,30.334480,42.907715,-46.569839,stair_down
1769345367.4976914,-0.418701,-0.829224,-0.449829,29.846199,52.124039,-49.255386,stair_down
1769345367.5215538,-0.399292,-0.823975,-0.451172,27.771004,57.495132,-49.011246,stair_down
1769345367.5394306,-0.340942,-0.793823,-0.446777,22.827156,52.795425,-47.851578,stair_down
1769345367.5611305,-0.338867,-0.809814,-0.451904,24.414070,47.729507,-43.395996,stair_down
1769345367.580936,-0.319092,-0.874146,-0.445923,24.292000,39.062500,-40.588379,stair_down
1769345367.6007063,-0.378784,-0.929443,-0.439087,17.517090,34.606934,-36.315918,stair_down
1769345367.6174605,-0.374512,-0.953857,-0.443237,11.596684,32.958984,-28.991707,stair_down
1769345367.6749008,-0.413940,-0.966064,-0.431519,3.662110,33.020020,-21.362305,stair_down
1769345367.6749008,-0.391479,-0.943970,-0.428833,-2.685547,31.799324,-12.573246,stair_down
1769345367.6764474,-0.362671,-0.964478,-0.420654,5.065918,24.780281,-1.770020,stair_down
1769345367.6979382,-0.388306,-1.108643,-0.448608,4.394531,21.606445,5.004883,stair_down
1769345367.7369561,-0.383423,-1.096680,-0.430664,-7.995607,18.981934,18.920898,stair_down
1769345367.740952,-0.387207,-1.002441,-0.414185,-7.446291,15.075687,25.939949,stair_down
1769345367.7979429,-0.431274,-1.009766,-0.397949,-5.676271,17.456055,28.442390,stair_down
1769345367.815996,-0.455078,-0.983521,-0.383423,-10.192871,28.320320,32.531738,stair_down
1769345367.815996,-0.450928,-0.921509,-0.366577,-9.826660,41.931152,36.804199,stair_down
1769345367.821411,-0.422729,-0.892578,-0.333008,-4.211426,60.791031,44.189453,stair_down
1769345367.9061406,-0.389404,-0.889160,-0.314453,-1.098633,69.396973,51.208511,stair_down
1769345367.9061406,-0.365845,-0.877686,-0.299683,1.892090,74.340820,58.288589,stair_down
1769345367.9061406,-0.353760,-0.865479,-0.286011,3.784181,78.247070,64.697266,stair_down
1769345367.9061406,-0.337524,-0.848511,-0.288574,5.554201,81.237793,68.481445,stair_down
1769345367.9281683,-0.311768,-0.844727,-0.277466,6.164553,81.176758,70.495605,stair_down
1769345367.942387,-0.280029,-0.822266,-0.234253,4.089355,73.669434,72.082520,stair_down
1769345367.9625938,-0.282959,-0.823730,-0.219482,6.164553,67.321777,68.908691,stair_down
1769345367.977559,-0.318726,-0.862671,-0.212524,9.582520,66.223145,61.096207,stair_down
1769345367.9984317,-0.366577,-0.922485,-0.202148,12.573246,72.631836,49.865738,stair_down
1769345368.0214362,-0.403198,-0.985352,-0.198242,12.817387,83.740234,38.513184,stair_down
1769345368.0415497,-0.393311,-1.022095,-0.201904,9.033203,93.261749,28.747566,stair_down
1769345368.0609415,-0.349731,-1.011108,-0.210327,5.371094,94.177277,22.888191,stair_down
1769345368.0820873,-0.282104,-0.970215,-0.196899,3.845216,81.176758,22.949226,stair_down
1769345368.1018095,-0.235840,-0.929321,-0.185791,2.929688,61.950699,27.893074,stair_down
1769345368.1229367,-0.226318,-0.877197,-0.175171,3.723145,40.405273,34.545898,stair_down
1769345368.1588202,-0.252075,-0.838501,-0.162354,8.544922,25.390633,39.916992,stair_down
1769345368.171995,-0.284180,-0.840576,-0.152832,13.122562,18.676758,43.640137,stair_down
1769345368.181281,-0.306396,-0.844238,-0.150635,15.991215,16.479492,46.569839,stair_down
1769345368.2006903,-0.303345,-0.829468,-0.155762,22.338875,16.723633,46.447769,stair_down
1769345368.2213197,-0.310669,-0.839478,-0.170166,28.747566,17.639160,43.273926,stair_down
1769345368.2395277,-0.335083,-0.854126,-0.191406,33.508301,19.226074,37.963867,stair_down
1769345368.2603378,-0.363647,-0.865479,-0.215576,37.231445,20.935059,30.761726,stair_down
1769345368.2760382,-0.385498,-0.878174,-0.232910,39.123535,23.864754,22.888191,stair_down
1769345368.2989578,-0.387695,-0.878906,-0.253174,39.306641,28.259285,16.845703,stair_down
1769345368.3185647,-0.385620,-0.872803,-0.280518,39.611816,30.273445,13.793949,stair_down
1769345368.3383727,-0.377075,-0.874634,-0.303345,38.940430,28.564461,11.535648,stair_down
1769345368.3624525,-0.372314,-0.871216,-0.323120,37.841797,26.733406,11.474613,stair_down
1769345368.3799164,-0.384277,-0.863892,-0.354858,38.208008,26.672371,11.596684,stair_down
1769345368.399108,-0.395996,-0.881470,-0.383667,38.391113,28.564461,11.779789,stair_down
1769345368.4213102,-0.405029,-0.897461,-0.409668,36.010742,31.250008,10.803223,stair_down
1769345368.4407644,-0.402588,-0.896851,-0.433716,32.104492,33.142090,8.728027,stair_down
1769345368.4616446,-0.394043,-0.890747,-0.454102,28.198250,34.729004,6.530764,stair_down
1769345368.4775085,-0.360596,-0.872192,-0.456909,20.874023,32.226563,5.981447,stair_down
1769345368.4977994,-0.346191,-0.857910,-0.453369,15.502934,26.611336,4.089355,stair_down
1769345368.5204444,-0.351196,-0.847900,-0.455322,11.962894,21.606445,1.281738,stair_down
1769345368.5380638,-0.356323,-0.863770,-0.426636,10.192871,18.066406,-1.464844,stair_down
1769345368.5602605,-0.395508,-0.948242,-0.412109,11.169437,17.395020,-7.995607,stair_down
1769345368.5812876,-0.409546,-1.010986,-0.401733,0.793457,20.446777,-11.291508,stair_down
1769345368.5992997,-0.390015,-0.928711,-0.400146,-5.859377,22.644051,-11.657719,stair_down
1769345368.6198351,-0.376465,-0.907837,-0.401489,-5.798342,20.874023,-10.314941,stair_down
1769345368.6386611,-0.375732,-0.893799,-0.391113,-4.089355,18.127441,-9.216309,stair_down
1769345368.6582305,-0.390503,-0.923950,-0.372559,-1.708985,17.578125,-9.155273,stair_down
1769345368.6771438,-0.401611,-0.943115,-0.349731,-5.065918,20.202637,-8.605957,stair_down
1769345368.7003598,-0.382080,-0.915039,-0.344238,-8.239746,22.766121,-6.896975,stair_down
1769345368.720001,-0.343384,-0.883789,-0.341431,-10.192871,20.385742,-4.516602,stair_down
1769345368.7394118,-0.288574,-0.839844,-0.327637,-13.366703,4.943848,2.380371,stair_down
1769345368.7616544,-0.296997,-0.805908,-0.314087,-13.366703,-7.263186,6.103518,stair_down
1769345368.7811935,-0.317749,-0.794678,-0.298950,-13.183598,-16.906738,7.873537,stair_down
1769345368.7960484,-0.325806,-0.789063,-0.290649,-12.634281,-25.939949,9.216309,stair_down
1769345368.8215914,-0.335327,-0.791870,-0.281128,-11.779789,-35.644531,10.986328,stair_down
1769345368.84098,-0.356567,-0.803345,-0.270874,-9.277344,-43.395996,14.221195,stair_down
1769345368.8591013,-0.416016,-0.853516,-0.258911,-3.356935,-46.569839,21.301270,stair_down
1769345368.879582,-0.451660,-0.901855,-0.257690,1.098633,-39.855957,26.550301,stair_down
1769345368.9017594,-0.473511,-0.951050,-0.270020,5.004883,-29.052742,32.104492,stair_down
1769345368.916029,-0.474121,-0.976440,-0.284424,7.324221,-17.456055,38.024902,stair_down
1769345368.94066,-0.447021,-0.973755,-0.305908,10.375977,-8.605957,43.640137,stair_down
1769345368.9592078,-0.424194,-0.960938,-0.332153,14.709476,-3.967286,47.912613,stair_down
1769345368.9810536,-0.423218,-0.946045,-0.353638,18.005371,0.610352,52.001968,stair_down
1769345368.999904,-0.413452,-0.885742,-0.387085,19.226074,9.338379,53.833023,stair_down
1769345369.0188758,-0.405273,-0.834351,-0.398804,20.568848,16.540527,52.856461,stair_down
1769345369.037912,-0.391479,-0.802979,-0.406860,21.545410,22.766121,49.072281,stair_down
1769345369.0587258,-0.372314,-0.786743,-0.414917,20.874023,27.160652,43.884277,stair_down
1769345369.0831645,-0.347778,-0.781860,-0.407227,18.188477,28.503426,37.536621,stair_down
1769345369.1004722,-0.326782,-0.779419,-0.403564,14.587406,27.160652,29.785164,stair_down
1769345369.1214333,-0.315674,-0.785767,-0.415039,9.643555,23.803719,15.502934,stair_down
1769345369.1435897,-0.313843,-0.807129,-0.415527,6.469728,21.362305,6.469728,stair_down
1769345369.1635737,-0.323486,-0.819580,-0.410645,2.868653,19.714355,-0.854492,stair_down
1769345369.1796427,-0.331909,-0.810669,-0.413818,-0.366211,20.629883,-9.582520,stair_down
1769345369.1991632,-0.318848,-0.796387,-0.408447,1.281738,21.850586,-17.578125,stair_down
1769345369.2185297,-0.311646,-0.803711,-0.397461,3.784181,21.911621,-22.583015,stair_down
1769345369.2401927,-0.302734,-0.803223,-0.391968,3.784181,21.667480,-25.573738,stair_down
1769345369.2611787,-0.297363,-0.776611,-0.386597,4.577637,17.028809,-33.447266,stair_down
1769345369.282373,-0.304688,-0.774536,-0.383667,5.187988,13.916019,-41.076660,stair_down
1769345369.302228,-0.315430,-0.785156,-0.383179,5.859377,12.451176,-47.973648,stair_down
1769345369.3173654,-0.327637,-0.800293,-0.383301,5.310059,12.207035,-53.466812,stair_down
1769345369.3379571,-0.331421,-0.814819,-0.380371,4.943848,11.718754,-58.227554,stair_down
1769345369.3592737,-0.332764,-0.834351,-0.380249,5.187988,10.192871,-61.889664,stair_down
1769345369.3803072,-0.339355,-0.852661,-0.387085,5.798342,7.934572,-63.903824,stair_down
1769345369.400234,-0.356445,-0.873779,-0.396606,7.385256,5.126953,-63.232437,stair_down
1769345369.4199831,-0.371948,-0.885742,-0.403198,8.728027,3.845216,-61.584488,stair_down
1769345369.4407961,-0.388184,-0.897949,-0.411865,9.277344,3.601075,-58.959976,stair_down
1769345369.4615064,-0.404297,-0.906006,-0.419678,9.399414,4.943848,-55.358902,stair_down
1769345369.4779654,-0.410889,-0.911499,-0.427368,9.643555,7.446291,-50.415054,stair_down
1769345369.4991548,-0.407959,-0.918457,-0.429077,9.460449,9.277344,-44.006348,stair_down
1769345369.5180883,-0.392456,-0.909790,-0.418823,8.483887,8.911133,-31.311043,stair_down
1769345369.541341,-0.402710,-0.959595,-0.427246,14.770512,7.446291,-26.916512,stair_down
1769345369.5598779,-0.421143,-1.042114,-0.442139,10.253906,8.850098,-20.812988,stair_down
1769345369.5795398,-0.411987,-1.000610,-0.435913,4.333496,10.070801,-11.169437,stair_down
1769345369.6015236,-0.397095,-0.983398,-0.441040,6.286623,9.033203,-6.286623,stair_down
1769345369.6163218,-0.393188,-1.020142,-0.433594,2.502441,6.652834,-0.427246,stair_down
1769345369.6387086,-0.372803,-0.981323,-0.425537,-6.469728,4.333496,7.141115,stair_down
1769345369.6580756,-0.373901,-0.899048,-0.429077,-5.737307,-0.488281,14.404301,stair_down
1769345369.6786854,-0.368774,-0.919678,-0.412964,-3.723145,0.366211,21.179199,stair_down
1769345369.6964207,-0.358032,-0.922363,-0.397339,-5.798342,2.502441,30.212410,stair_down
1769345369.719548,-0.351074,-0.891602,-0.394287,-6.591799,4.455566,37.475586,stair_down
1769345369.7404387,-0.344482,-0.869141,-0.394409,-6.530764,7.202150,43.701172,stair_down
1769345369.7610233,-0.337646,-0.865234,-0.393311,-6.286623,9.704590,48.095718,stair_down
1769345369.775999,-0.332642,-0.854736,-0.373169,-6.958010,15.625004,53.588882,stair_down
1769345369.80166,-0.317505,-0.838501,-0.348877,-7.019045,20.202637,57.861343,stair_down
1769345369.8176832,-0.313477,-0.825439,-0.326294,-6.958010,24.414070,59.387222,stair_down
1769345369.8378034,-0.322388,-0.817749,-0.309814,-14.953617,26.794441,48.584000,stair_down
1769345369.8581522,-0.281372,-0.862305,-0.285156,-3.540040,33.081055,55.419937,stair_down
1769345369.880831,-0.284912,-0.893677,-0.269897,-8.056641,31.311043,50.231949,stair_down
1769345369.900067,-0.282471,-0.894165,-0.256104,-9.277344,30.883797,46.447769,stair_down
1769345369.9197423,-0.288086,-0.915405,-0.231201,-7.019045,27.526863,36.132813,stair_down
1769345369.9418478,-0.296997,-0.918579,-0.214355,-6.713869,26.184090,30.029305,stair_down
1769345369.962103,-0.308105,-0.910889,-0.205811,-3.662110,26.367195,23.925789,stair_down
1769345369.976824,-0.318481,-0.919067,-0.195557,0.122070,28.076180,19.042969,stair_down
1769345370.0006394,-0.313232,-0.918335,-0.186646,2.014160,29.663094,14.587406,stair_down
1769345370.0199542,-0.306519,-0.902588,-0.182373,5.310059,29.541023,11.291508,stair_down
1769345370.038707,-0.290771,-0.888916,-0.183228,8.972168,27.526863,9.155273,stair_down
1769345370.061177,-0.267822,-0.869629,-0.185303,14.221195,20.446777,9.704590,stair_down
1769345370.080783,-0.255127,-0.868530,-0.182129,16.784668,12.817387,9.460449,stair_down
1769345370.1010575,-0.263062,-0.876099,-0.187134,18.798828,5.249023,7.507326,stair_down
1769345370.120362,-0.279541,-0.885132,-0.206421,20.019531,1.037598,4.821777,stair_down
1769345370.136604,-0.291138,-0.886353,-0.233643,21.240234,-0.366211,1.159668,stair_down
1769345370.1577191,-0.297241,-0.885132,-0.258545,22.888191,-1.098633,-3.784181,stair_down
1769345370.1781082,-0.328125,-0.890259,-0.287842,25.268562,1.647950,-11.413578,stair_down
1769345370.1992707,-0.339111,-0.898560,-0.303955,26.672371,5.615236,-16.174316,stair_down
1769345370.2190547,-0.348877,-0.907104,-0.314697,26.794441,10.437012,-20.019531,stair_down
1769345370.2432373,-0.351563,-0.909058,-0.328613,26.489265,15.625004,-23.193367,stair_down
1769345370.2606483,-0.345337,-0.915649,-0.341675,25.756844,19.409180,-25.634773,stair_down
1769345370.2761898,-0.327759,-0.918579,-0.346313,23.742683,19.958496,-26.733406,stair_down
1769345370.2967694,-0.301392,-0.915894,-0.341309,21.667480,15.808109,-26.306160,stair_down
1769345370.3177168,-0.304810,-0.911011,-0.333252,20.202637,6.835939,-24.536140,stair_down
1769345370.3378384,-0.342041,-0.911255,-0.332642,19.165039,6.713869,-23.803719,stair_down
1769345370.3587916,-0.359863,-0.909546,-0.344482,17.456055,10.192871,-24.108894,stair_down
1769345370.3813884,-0.365723,-0.912598,-0.350220,15.441898,14.038090,-25.329597,stair_down
1769345370.4006119,-0.346802,-0.908447,-0.350586,11.779789,15.197758,-27.038582,stair_down
1769345370.4210317,-0.328125,-0.901489,-0.354004,8.789063,11.779789,-27.832039,stair_down
1769345370.436374,-0.335205,-0.903687,-0.348755,3.662110,3.601075,-27.954109,stair_down
1769345370.4561868,-0.340332,-0.905273,-0.342041,-1.464844,-1.281738,-26.611336,stair_down
1769345370.4782307,-0.353638,-0.890259,-0.338501,-6.042482,-4.821777,-26.733406,stair_down
1769345370.498415,-0.360962,-0.879150,-0.331665,-8.239746,-6.286623,-26.794441,stair_down
1769345370.566226,-0.359741,-0.884033,-0.320801,-9.216309,-7.812502,-25.390633,stair_down
1769345370.566226,-0.362061,-0.910522,-0.299927,-8.789063,-10.070801,-23.132332,stair_down
1769345370.566226,-0.377808,-0.977783,-0.287109,-6.286623,-12.329105,-22.766121,stair_down
1769345370.582387,-0.398926,-1.046509,-0.292847,-12.329105,-11.169437,-18.859863,stair_down
1769345370.600492,-0.369385,-0.977173,-0.296509,-17.028809,-13.000492,-11.474613,stair_down
1769345370.6223547,-0.342041,-0.896729,-0.298462,-15.502934,-19.958496,-3.356935,stair_down
1769345370.6388707,-0.319824,-0.854004,-0.306030,-12.146000,-28.381355,4.943848,stair_down
1769345370.6572614,-0.341309,-0.831421,-0.315430,-7.873537,-33.996582,12.329105,stair_down
1769345370.6785052,-0.382935,-0.840088,-0.317383,-5.004883,-32.409668,16.845703,stair_down
1769345370.6986487,-0.401123,-0.854004,-0.316040,-4.943848,-19.592285,22.766121,stair_down
1769345370.721024,-0.370239,-0.870361,-0.326294,-4.455566,-11.474613,26.855476,stair_down
1769345370.7401247,-0.334595,-0.906128,-0.338867,-3.112794,-7.751467,31.433113,stair_down
1769345370.7618332,-0.306030,-0.952148,-0.341675,-5.004883,-9.521484,36.376953,stair_down
1769345370.783189,-0.284302,-0.972412,-0.352783,-7.812502,-15.075687,41.015625,stair_down
1769345370.796338,-0.276245,-0.984375,-0.355591,-10.192871,-22.338875,44.738785,stair_down
1769345370.8204484,-0.274170,-0.985474,-0.354614,-12.634281,-28.747566,48.461929,stair_down
1769345370.83654,-0.272461,-0.956055,-0.355103,-15.747074,-34.667969,54.077164,stair_down
1769345370.8587568,-0.272949,-0.934448,-0.346680,-16.906738,-35.339355,58.288589,stair_down
1769345370.8808184,-0.272705,-0.901123,-0.339355,-19.104004,-34.790039,58.471695,stair_down
1769345370.8999748,-0.277344,-0.858887,-0.339966,-15.625004,-32.653809,56.091324,stair_down
1769345370.9229136,-0.288330,-0.850098,-0.339844,-10.314941,-26.855476,53.405777,stair_down
1769345370.9422474,-0.306641,-0.839355,-0.341797,-5.065918,-17.028809,50.231949,stair_down
1769345370.9573905,-0.307129,-0.853760,-0.347534,-0.183106,-5.554201,46.508804,stair_down
1769345370.9834933,-0.306519,-0.821289,-0.370728,-2.868653,3.601075,28.259285,stair_down
1769345370.997236,-0.308105,-0.803467,-0.392090,4.455566,11.474613,11.718754,stair_down
1769345371.0198882,-0.289551,-0.845093,-0.407104,7.446291,15.991215,-1.403809,stair_down
1769345371.037653,-0.293823,-0.868408,-0.424072,8.972168,19.897461,-8.239746,stair_down
1769345371.0595615,-0.271729,-0.867432,-0.444824,8.728027,21.728516,-13.793949,stair_down
1769345371.0798326,-0.225586,-0.856079,-0.472046,8.728027,15.258793,-19.775391,stair_down
1769345371.101185,-0.267090,-0.869507,-0.453735,10.131836,0.610352,-23.132332,stair_down
1769345371.1208892,-0.326416,-0.858765,-0.442261,5.065918,6.042482,-26.794441,stair_down
1769345371.1417449,-0.343506,-0.840210,-0.432617,4.516602,15.258793,-31.494148,stair_down
1769345371.158645,-0.311523,-0.848999,-0.429443,4.638672,21.911621,-36.926270,stair_down
1769345371.1780612,-0.270752,-0.867554,-0.433105,4.516602,20.141602,-40.588379,stair_down
1769345371.2015462,-0.269287,-0.892944,-0.429077,2.502441,14.099125,-41.809082,stair_down
1769345371.2202935,-0.273193,-0.900024,-0.417969,-1.281738,6.713869,-42.968750,stair_down
1769345371.243185,-0.295532,-0.890137,-0.399292,-5.249023,-3.112794,-44.738785,stair_down
1769345371.2613342,-0.335938,-0.871094,-0.388062,-6.958010,-5.676271,-51.940933,stair_down
1769345371.2833128,-0.293457,-0.907227,-0.381714,-9.277344,-11.962894,-48.156754,stair_down
1769345371.306534,-0.300537,-0.919678,-0.374146,-11.474613,-15.930180,-32.165527,stair_down
1769345371.3221574,-0.393921,-0.824219,-0.377563,-10.314941,-6.652834,-37.048340,stair_down
1769345371.3375933,-0.335449,-0.830566,-0.379395,-4.150391,-8.239746,-44.006348,stair_down
1769345371.3583035,-0.362793,-0.868042,-0.364746,-7.202150,-7.690432,-38.024902,stair_down
1769345371.3790746,-0.351440,-0.849487,-0.368530,-4.150391,-4.882813,-31.616219,stair_down
1769345371.3991773,-0.344604,-0.866333,-0.369141,-4.089355,-6.652834,-27.771004,stair_down
1769345371.4205759,-0.347534,-0.857910,-0.372314,-3.845216,-9.643555,-25.207527,stair_down
1769345371.4362345,-0.356201,-0.853027,-0.371460,-2.990724,-11.291508,-23.254402,stair_down
1769345371.4567323,-0.356201,-0.852905,-0.372070,-2.258301,-11.962894,-19.714355,stair_down
1769345371.476342,-0.361328,-0.855713,-0.371216,-2.197266,-13.122562,-15.686039,stair_down
1769345371.4973931,-0.363525,-0.859253,-0.378662,-2.807618,-13.000492,-9.338379,stair_down
1769345371.5215137,-0.344360,-0.852173,-0.387085,-3.784181,-14.465336,-3.723145,stair_down
1769345371.5383708,-0.326660,-0.833374,-0.390137,-4.882813,-18.432617,2.807618,stair_down
1769345371.5601285,-0.321411,-0.805054,-0.395508,-4.577637,-22.521980,8.911133,stair_down
1769345371.5803084,-0.327148,-0.782715,-0.396606,-3.845216,-24.597176,13.916019,stair_down
1769345371.5961068,-0.337646,-0.764893,-0.398560,-3.234864,-23.925789,17.578125,stair_down
1769345371.6207948,-0.343750,-0.755005,-0.404907,-1.892090,-20.507813,19.348145,stair_down
1769345371.6387594,-0.345093,-0.768921,-0.420532,0.000000,-13.305668,18.615723,stair_down
1769345371.6574116,-0.337158,-0.778442,-0.433472,-1.281738,-8.972168,17.700195,stair_down
1769345371.681776,-0.320557,-0.760620,-0.438477,-3.845216,-6.530764,17.883301,stair_down
1769345371.7031326,-0.304077,-0.736450,-0.436646,-4.333496,-6.591799,18.005371,stair_down
1769345371.7195835,-0.300415,-0.731689,-0.434204,-4.150391,-7.507326,18.554688,stair_down
1769345371.7413058,-0.296997,-0.740723,-0.427368,-4.272461,-8.178711,20.141602,stair_down
1769345371.7597961,-0.294067,-0.755493,-0.418335,-5.371094,-9.582520,21.850586,stair_down
1769345371.7791827,-0.295044,-0.761963,-0.421387,-5.676271,-10.131836,22.644051,stair_down
1769345371.801409,-0.298340,-0.775024,-0.419678,-5.004883,-10.009766,22.460945,stair_down
1769345371.8205645,-0.291748,-0.787109,-0.410156,-5.920412,-8.911133,23.193367,stair_down
1769345371.841318,-0.279419,-0.782349,-0.403809,-7.385256,-8.789063,25.146492,stair_down
1769345371.8612497,-0.274292,-0.772461,-0.404541,-8.239746,-8.178711,25.390633,stair_down
1769345371.880215,-0.251465,-0.770874,-0.405762,-9.948730,-12.329105,25.451668,stair_down
1769345371.901015,-0.245728,-0.740234,-0.387451,-10.498047,-19.592285,22.338875,stair_down
1769345371.9212008,-0.284180,-0.805542,-0.385010,-2.380371,-20.507813,11.596684,stair_down
1769345371.9414313,-0.343628,-0.919922,-0.397827,0.915528,-14.831547,-2.319336,stair_down
1769345371.9561753,-0.389160,-1.029541,-0.415283,0.244141,-3.234864,-15.319828,stair_down
1769345371.9772408,-0.375732,-1.071167,-0.443359,-7.629396,6.286623,-23.925789,stair_down
1769345371.9978178,-0.339966,-1.023438,-0.453003,-12.451176,9.094238,-25.695808,stair_down
1769345372.0215054,-0.300781,-0.980103,-0.446777,-13.183598,3.906251,-23.925789,stair_down
1769345372.0396686,-0.279053,-0.973022,-0.416504,-13.732914,-2.746582,-20.324707,stair_down
1769345372.0612068,-0.288208,-0.988037,-0.389893,-12.451176,-7.324221,-17.150879,stair_down
1769345372.076158,-0.317871,-1.032715,-0.374023,-14.892582,-7.934572,-14.831547,stair_down
1769345372.0973861,-0.317261,-1.049561,-0.354370,-16.845703,-9.887695,-14.465336,stair_down
1769345372.1181056,-0.327148,-1.107178,-0.354736,-11.047363,-12.878422,-19.775391,stair_down
1769345372.137695,-0.360840,-1.202515,-0.364990,-9.826660,-13.183598,-24.719246,stair_down
1769345372.1597023,-0.372437,-1.203003,-0.375244,-16.540527,-11.840824,-27.038582,stair_down
1769345372.1780322,-0.335815,-1.108643,-0.365967,-20.690918,-16.845703,-26.245125,stair_down
1769345372.1998193,-0.309692,-0.980957,-0.337036,-25.756844,-25.878914,-21.789551,stair_down
1769345372.2197285,-0.278687,-0.820923,-0.315430,-25.695808,-36.804199,-16.601563,stair_down
1769345372.2388835,-0.280640,-0.736206,-0.301270,-18.249512,-45.593277,-14.221195,stair_down
1769345372.2598145,-0.308228,-0.711182,-0.307983,-10.925293,-48.156754,-14.099125,stair_down
1769345372.2811873,-0.340698,-0.705811,-0.314575,-6.042482,-44.433609,-18.066406,stair_down
1769345372.296309,-0.380127,-0.694336,-0.313477,-2.319336,-36.926270,-23.132332,stair_down
1769345372.3206484,-0.408203,-0.709473,-0.317383,1.953125,-24.841316,-27.465828,stair_down
1769345372.337827,-0.422974,-0.743774,-0.318970,6.164553,-9.765625,-31.677254,stair_down
1769345372.3580756,-0.402954,-0.792847,-0.318848,8.789063,1.403809,-35.827637,stair_down
1769345372.3799458,-0.375854,-0.850098,-0.321411,9.826660,5.249023,-39.123535,stair_down
1769345372.3970108,-0.359131,-0.903687,-0.314453,6.713869,3.173829,-40.161133,stair_down
1769345372.4197843,-0.340576,-0.926025,-0.298706,0.305176,-9.033203,-36.376953,stair_down
1769345372.4410763,-0.340698,-0.925171,-0.291016,-2.319336,-19.958496,-30.883797,stair_down
1769345372.4598417,-0.354004,-0.916016,-0.293945,-3.112794,-29.113777,-24.353035,stair_down
1769345372.4777136,-0.389282,-0.902100,-0.312012,-1.586915,-31.982430,-18.737793,stair_down
1769345372.49685,-0.414795,-0.890381,-0.328247,1.159668,-28.503426,-13.610844,stair_down
1769345372.5206778,-0.422729,-0.877197,-0.340820,3.234864,-21.850586,-7.995607,stair_down
1769345372.5392575,-0.416382,-0.849121,-0.357178,4.089355,-13.854984,-2.319336,stair_down
1769345372.565041,-0.378418,-0.807251,-0.393921,3.845216,-5.798342,4.272461,stair_down
1769345372.5800383,-0.352417,-0.776245,-0.406372,2.075195,-5.493164,7.446291,stair_down
1769345372.5996814,-0.329834,-0.745361,-0.402710,-1.770020,-7.873537,10.375977,stair_down
1769345372.6180131,-0.304199,-0.695801,-0.382324,-7.080080,-13.305668,13.977055,stair_down
1769345372.637003,-0.297241,-0.649780,-0.362915,-9.155273,-19.104004,16.967773,stair_down
1769345372.6582217,-0.308105,-0.639893,-0.350220,-9.460449,-21.606445,18.554688,stair_down
1769345372.681842,-0.317871,-0.639038,-0.330688,-12.939457,-21.362305,20.935059,stair_down
1769345372.7051332,-0.314087,-0.623535,-0.310303,-13.854984,-20.629883,20.874023,stair_down
1769345372.7818573,-0.316528,-0.620605,-0.295654,-12.146000,-19.958496,18.127441,stair_down
1769345372.7818573,-0.329102,-0.652344,-0.287354,-8.972168,-17.395020,15.258793,stair_down
1769345372.7818573,-0.342529,-0.704346,-0.283569,-8.056641,-13.427738,11.718754,stair_down
1769345372.7818573,-0.361206,-0.744385,-0.284912,-10.253906,-10.498047,5.126953,stair_down
1769345372.8004816,-0.370728,-0.749878,-0.272705,-11.596684,-6.469728,-1.953125,stair_down
1769345372.820283,-0.381470,-0.858765,-0.221191,8.178711,-3.479005,-21.179199,stair_down
1769345372.8409424,-0.441406,-1.113037,-0.237671,20.629883,3.479005,-36.926270,stair_down
1769345372.8582945,-0.504028,-1.311890,-0.314575,17.211914,17.639160,-43.151855,stair_down
1769345372.8791373,-0.520752,-1.276611,-0.411377,2.380371,32.531738,-35.827637,stair_down
1769345372.9003012,-0.449219,-1.075806,-0.461060,0.610352,39.367676,-23.193367,stair_down
1769345372.9196928,-0.397949,-0.999634,-0.496094,17.395020,33.325195,-14.953617,stair_down
1769345372.927272,-0.443848,-1.194824,-0.544800,40.527344,31.005867,-8.911133,stair_down
1769345372.9980874,-0.488647,-1.351074,-0.557983,38.452148,41.809082,0.732422,stair_down
1769345373.0048313,-0.449097,-1.354614,-0.561279,18.798828,57.189957,19.470215,stair_down
1769345373.0048313,-0.328369,-1.158691,-0.610962,4.882813,63.781754,42.419434,stair_down
1769345373.019332,-0.205322,-1.018921,-0.657837,7.568361,55.847183,60.729996,stair_down
1769345373.0387304,-0.120972,-1.011597,-0.633789,8.789063,31.250008,71.472168,stair_down
1769345373.062329,-0.124634,-1.003784,-0.558716,0.671387,2.685547,77.697754,stair_down
1769345373.0825229,-0.189575,-0.898682,-0.452393,-13.671879,-20.935059,77.941895,stair_down
1769345373.10154,-0.247314,-0.838745,-0.408569,-17.700195,-23.010262,74.584961,stair_down
1769345373.1217194,-0.293091,-0.818359,-0.384521,-16.906738,-16.479492,70.190430,stair_down
1769345373.1431587,-0.328247,-0.831055,-0.358887,-15.441898,-5.126953,65.490723,stair_down
1769345373.1646266,-0.343140,-0.843628,-0.341431,-15.563969,8.056641,60.241714,stair_down
1769345373.1780636,-0.337891,-0.846802,-0.328125,-15.625004,18.005371,52.185074,stair_down
1769345373.202004,-0.321777,-0.836792,-0.317261,-15.319828,23.742683,40.954590,stair_down
1769345373.2207308,-0.284180,-0.830200,-0.312256,-9.521484,25.268562,24.780281,stair_down
1769345373.2398708,-0.268677,-0.846924,-0.310303,-3.234864,22.583015,15.930180,stair_down
1769345373.2600913,-0.270020,-0.899902,-0.293823,1.159668,20.812988,14.770512,stair_down
1769345373.2830198,-0.269043,-0.924072,-0.281128,-1.159668,17.761230,12.573246,stair_down
1769345373.3014388,-0.271851,-0.907349,-0.279419,-2.380371,15.808109,8.605957,stair_down
1769345373.3201065,-0.259644,-0.888916,-0.285400,-2.319336,15.136723,4.699707,stair_down
1769345373.3419354,-0.231323,-0.867188,-0.308716,0.244141,10.314941,2.746582,stair_down
1769345373.3608706,-0.227905,-0.856079,-0.322510,1.525879,4.150391,0.854492,stair_down
1769345373.379048,-0.243408,-0.840210,-0.350220,3.601075,-1.098633,-3.173829,stair_down
1769345373.3966305,-0.269531,-0.830933,-0.379639,6.042482,-2.014160,-9.216309,stair_down
1769345373.4193513,-0.278687,-0.820068,-0.407349,7.995607,-0.671387,-15.930180,stair_down
1769345373.4405046,-0.284546,-0.809326,-0.431274,9.521484,0.366211,-22.399910,stair_down
1769345373.4563828,-0.293945,-0.797729,-0.451416,10.375977,0.854492,-28.930672,stair_down
1769345373.480961,-0.311157,-0.788574,-0.461182,12.023930,2.319336,-39.794922,stair_down
1769345373.5016255,-0.328125,-0.798218,-0.466431,12.390141,6.591799,-46.325699,stair_down
1769345373.517316,-0.331909,-0.812744,-0.482056,12.573246,11.962894,-52.063004,stair_down
1769345373.5461965,-0.332153,-0.842285,-0.497192,12.329105,15.563969,-56.701675,stair_down
1769345373.5634303,-0.330688,-0.875977,-0.505737,10.131836,16.540527,-59.692398,stair_down
1769345373.581555,-0.328369,-0.903076,-0.498047,6.286623,14.587406,-60.363785,stair_down
1769345373.6023371,-0.317383,-0.913696,-0.481323,-0.915528,8.239746,-56.884781,stair_down
1769345373.616244,-0.309082,-0.909424,-0.473633,-4.882813,1.892090,-51.513687,stair_down
1769345373.6413238,-0.304321,-0.902710,-0.467651,-7.751467,-5.554201,-44.616714,stair_down
1769345373.662865,-0.306641,-0.891602,-0.457275,-10.009766,-13.305668,-36.865234,stair_down
1769345373.680494,-0.324951,-0.879517,-0.437744,-11.779789,-19.409180,-29.357918,stair_down
1769345373.6965888,-0.334839,-0.864502,-0.426392,-13.244633,-24.169930,-23.132332,stair_down
1769345373.720721,-0.348633,-0.854248,-0.414673,-13.488773,-26.794441,-18.554688,stair_down
1769345373.7400799,-0.355469,-0.841553,-0.400879,-14.160160,-27.648933,-14.282230,stair_down
1769345373.7613714,-0.362915,-0.826660,-0.391602,-13.549809,-27.343758,-12.023930,stair_down
1769345373.7777932,-0.371338,-0.813354,-0.385864,-12.329105,-25.756844,-10.192871,stair_down
1769345373.8064713,-0.380127,-0.808228,-0.382813,-10.131836,-23.254402,-8.972168,stair_down
1769345373.819988,-0.384399,-0.808594,-0.379028,-8.361816,-20.080566,-7.812502,stair_down
1769345373.8403597,-0.385132,-0.806763,-0.376831,-6.347658,-16.784668,-6.408693,stair_down
1769345373.8654914,-0.384277,-0.807373,-0.380981,-4.089355,-13.183598,-3.112794,stair_down
1769345373.8804922,-0.376343,-0.816162,-0.382080,-0.244141,-12.329105,-0.427246,stair_down
1769345373.8975265,-0.378784,-0.826660,-0.387329,1.403809,-11.047363,2.990724,stair_down
1769345373.9233205,-0.377441,-0.826050,-0.397705,3.173829,-9.155273,6.774904,stair_down
1769345373.9433756,-0.375000,-0.829102,-0.405396,6.042482,-7.202150,9.582520,stair_down
1769345373.9613876,-0.370361,-0.844727,-0.413940,7.873537,-5.187988,12.146000,stair_down
1769345373.9762037,-0.361938,-0.851318,-0.426147,8.850098,-3.662110,14.648441,stair_down
1769345374.006239,-0.350830,-0.854858,-0.438354,9.826660,-2.014160,18.005371,stair_down
1769345374.0205488,-0.346924,-0.849487,-0.443359,10.070801,-1.281738,19.714355,stair_down
1769345374.0385141,-0.346802,-0.848755,-0.450195,10.925293,0.305176,20.874023,stair_down
1769345374.060636,-0.343140,-0.849243,-0.456177,11.230473,2.807618,21.545410,stair_down
1769345374.0803876,-0.334229,-0.849243,-0.459351,11.108402,5.065918,21.728516,stair_down
1769345374.0985253,-0.324585,-0.852417,-0.458374,10.253906,6.042482,20.935059,stair_down
1769345374.1218135,-0.316040,-0.854614,-0.456299,9.033203,5.920412,19.653320,stair_down
1769345374.1362066,-0.310059,-0.850098,-0.451050,6.591799,5.004883,17.700195,stair_down
1769345374.1573496,-0.307983,-0.843750,-0.447632,5.371094,4.394531,16.357422,stair_down
1769345374.1778657,-0.309204,-0.838257,-0.442871,4.516602,4.089355,14.831547,stair_down
1769345374.1997807,-0.308838,-0.833496,-0.439697,4.455566,4.760742,13.366703,stair_down
1769345374.2164938,-0.307251,-0.831787,-0.434692,3.967286,5.432129,11.474613,stair_down
1769345374.2423403,-0.301880,-0.832031,-0.427979,2.319336,5.493164,9.704590,stair_down
1769345374.261029,-0.298584,-0.812500,-0.418579,1.098633,4.272461,5.310059,stair_down
1769345374.2810507,-0.302124,-0.812500,-0.413452,1.342773,3.906251,3.601075,stair_down
1769345374.301438,-0.305054,-0.813110,-0.409912,1.342773,3.967286,2.563477,stair_down
1769345374.3167717,-0.310059,-0.815308,-0.407471,1.586915,3.906251,0.549316,stair_down
1769345374.3374324,-0.311890,-0.815308,-0.405151,1.770020,3.967286,-1.831055,stair_down
1769345374.3572836,-0.315674,-0.812866,-0.405518,2.197266,3.723145,-3.784181,stair_down
1769345374.3815024,-0.317139,-0.810059,-0.406372,2.624512,3.540040,-4.943848,stair_down
1769345374.3997514,-0.316772,-0.794922,-0.410889,2.807618,2.502441,-5.310059,stair_down
1769345374.4195285,-0.317383,-0.786499,-0.408813,3.356935,1.342773,-5.371094,stair_down
1769345374.4426184,-0.320068,-0.779907,-0.407227,3.356935,0.244141,-5.187988,stair_down
1769345374.4561338,-0.323120,-0.765991,-0.409424,3.234864,-0.305176,-4.882813,stair_down
1769345374.4794374,-0.324097,-0.753418,-0.408447,3.906251,-0.671387,-4.821777,stair_down
1769345374.5166128,-0.327637,-0.749023,-0.405151,4.516602,-0.732422,-5.126953,stair_down
1769345374.5321605,-0.333862,-0.741821,-0.406372,4.760742,0.366211,-5.554201,stair_down
1769345374.540638,-0.332275,-0.726685,-0.408936,4.943848,1.403809,-5.493164,stair_down
1769345374.5598307,-0.326050,-0.715698,-0.402832,5.249023,1.281738,-5.310059,stair_down
1769345374.5805275,-0.327515,-0.713257,-0.396606,6.286623,0.610352,-5.432129,stair_down
1769345374.601174,-0.333618,-0.729370,-0.398438,7.690432,0.549316,-5.920412,stair_down
1769345374.622556,-0.339478,-0.750488,-0.399048,8.178711,1.464844,-5.676271,stair_down
1769345374.641439,-0.335571,-0.763428,-0.399658,7.934572,2.197266,-4.821777,stair_down
1769345374.6602643,-0.324707,-0.765137,-0.396851,6.774904,0.976563,-2.563477,stair_down
1769345374.678861,-0.314453,-0.758301,-0.398438,5.798342,-1.037598,-0.671387,stair_down
1769345374.7014182,-0.311035,-0.757568,-0.406250,5.493164,-3.845216,0.793457,stair_down
1769345374.7202265,-0.313721,-0.774292,-0.406006,6.774904,-6.469728,0.671387,stair_down
1769345374.7416797,-0.344727,-0.856934,-0.414307,13.366703,-7.446291,-4.638672,stair_down
1769345374.7617366,-0.378174,-1.010742,-0.432617,17.150879,-4.394531,-12.939457,stair_down
1769345374.778379,-0.398926,-1.142456,-0.435913,14.465336,2.075195,-16.662598,stair_down
1769345374.8016746,-0.404053,-1.186401,-0.462036,5.737307,10.986328,-14.526371,stair_down
1769345374.8220248,-0.387207,-1.160278,-0.476929,4.150391,16.906738,-8.728027,stair_down
1769345374.8406346,-0.363525,-1.115845,-0.473877,0.061035,21.667480,1.220703,stair_down
1769345374.8579085,-0.302246,-1.027222,-0.460327,-5.004883,20.080566,11.291508,stair_down
1769345374.8801906,-0.241089,-0.961182,-0.427490,-8.666992,10.253906,18.249512,stair_down
1769345374.8990676,-0.228516,-0.947144,-0.397339,-11.047363,-3.173829,19.287109,stair_down
1769345374.9205267,-0.259521,-1.001709,-0.370239,-15.686039,-17.089844,13.610844,stair_down
1769345374.9401739,-0.304688,-1.070801,-0.358154,-16.723633,-19.470215,10.620117,stair_down
1769345374.9610121,-0.347046,-1.122314,-0.360718,-20.507813,-16.784668,4.577637,stair_down
1769345374.979337,-0.363281,-1.128540,-0.350952,-24.963387,-10.498047,-0.427246,stair_down
1769345375.0033243,-0.345215,-1.077759,-0.342651,-28.686531,-6.896975,-2.258301,stair_down
1769345375.0208495,-0.300537,-1.006958,-0.323730,-30.334480,-9.338379,-0.610352,stair_down
1769345375.0394924,-0.266357,-0.924561,-0.293701,-31.433113,-16.479492,3.479005,stair_down
1769345375.059852,-0.248291,-0.786743,-0.250854,-28.869637,-29.418953,9.948730,stair_down
1769345375.080946,-0.247314,-0.728394,-0.236328,-22.949226,-35.827637,11.474613,stair_down
1769345375.1007419,-0.275024,-0.711548,-0.238281,-15.991215,-39.672852,10.437012,stair_down
1769345375.12108,-0.302246,-0.711182,-0.251343,-10.009766,-38.696289,5.249023,stair_down
1769345375.137404,-0.331909,-0.718262,-0.252808,-5.432129,-33.630371,-1.647950,stair_down
1769345375.158734,-0.372925,-0.718628,-0.252930,-1.098633,-24.963387,-9.948730,stair_down
1769345375.178426,-0.422852,-0.759521,-0.261353,6.530764,-3.723145,-24.963387,stair_down
1769345375.1982336,-0.420776,-0.799561,-0.265503,8.178711,11.901859,-34.423828,stair_down
1769345375.2212903,-0.388306,-0.822876,-0.266846,7.934572,21.484375,-40.649414,stair_down
1769345375.2396927,-0.368896,-0.839722,-0.266724,6.713869,23.376472,-43.151855,stair_down
1769345375.258006,-0.349731,-0.843140,-0.267090,3.112794,18.798828,-42.358398,stair_down
1769345375.2813807,-0.321655,-0.815186,-0.262451,-1.770020,10.498047,-37.414551,stair_down
1769345375.2997377,-0.296997,-0.757568,-0.257202,-5.920412,-0.549316,-29.174812,stair_down
1769345375.3177643,-0.286743,-0.663818,-0.250977,-6.164553,-17.150879,-14.587406,stair_down
1769345375.3432722,-0.306152,-0.650635,-0.256226,-1.708985,-22.766121,-6.591799,stair_down
1769345375.3584332,-0.330444,-0.683228,-0.279175,1.281738,-24.292000,-0.854492,stair_down
1769345375.3790514,-0.344360,-0.714233,-0.291992,0.061035,-22.705086,2.624512,stair_down
1769345375.3987236,-0.347290,-0.709717,-0.290771,-2.014160,-18.981934,4.638672,stair_down
1769345375.420953,-0.347046,-0.702271,-0.289673,-2.136230,-15.502934,4.028320,stair_down
1769345375.4418263,-0.343750,-0.715942,-0.290649,-0.488281,-12.084965,-1.831055,stair_down
1769345375.4612436,-0.352905,-0.768311,-0.322388,3.051759,-7.324221,-7.629396,stair_down
1769345375.5565002,-0.362061,-0.821899,-0.347046,3.234864,-6.225588,-12.817387,stair_down
1769345375.5588038,-0.359741,-0.840820,-0.347534,1.037598,-7.263186,-15.991215,stair_down
1769345375.5588038,-0.382690,-0.892334,-0.328491,10.803223,-9.338379,-24.169930,stair_down
1769345375.5962276,-0.461060,-1.067017,-0.360474,20.446777,-2.929688,-36.987305,stair_down
1769345375.5975306,-0.513794,-1.211914,-0.425049,19.592285,12.146000,-43.212891,stair_down
1769345375.5975306,-0.522583,-1.126831,-0.517944,4.699707,40.466309,-30.029305,stair_down
1769345375.5998404,-0.437256,-0.977295,-0.535889,8.911133,44.433609,-16.235352,stair_down
1769345375.620248,-0.415649,-1.022827,-0.531860,27.404793,39.855957,-9.399414,stair_down
1769345375.636262,-0.446655,-1.271118,-0.531006,40.405273,42.114258,-4.638672,stair_down
1769345375.6590335,-0.502075,-1.476929,-0.549194,29.479988,59.692398,5.798342,stair_down
1769345375.6803966,-0.430786,-1.421631,-0.603149,6.958010,81.665039,27.221687,stair_down
1769345375.7007608,-0.265137,-1.240967,-0.681885,-1.464844,87.097168,55.969254,stair_down
1769345375.7186391,-0.012329,-1.152344,-0.683716,-6.835939,43.151855,84.350586,stair_down
1769345375.7396612,0.016602,-1.038818,-0.601196,-15.869144,-4.272461,96.130402,stair_down
1769345375.760386,-0.071167,-0.934204,-0.508545,-23.559578,-36.743164,99.182159,stair_down
1769345375.7815862,-0.184326,-0.838745,-0.436890,-33.691406,-51.147476,92.773468,stair_down
1769345375.7965388,-0.285156,-0.747681,-0.412720,-36.132813,-47.546402,82.824707,stair_down
1769345375.8181145,-0.353516,-0.722534,-0.394653,-32.287598,-29.602058,69.641113,stair_down
1769345375.8371863,-0.378906,-0.752808,-0.357666,-25.695808,7.263186,54.870621,stair_down
1769345375.860784,-0.353149,-0.764282,-0.344116,-24.414070,29.296883,49.804703,stair_down
1769345375.878353,-0.297729,-0.756592,-0.342041,-22.766121,40.039063,42.724609,stair_down
1769345375.9003534,-0.260742,-0.736694,-0.346558,-15.747074,41.503906,29.296883,stair_down
1769345375.920491,-0.233521,-0.779907,-0.342285,-6.286623,38.024902,23.010262,stair_down
1769345375.941106,-0.214355,-0.823608,-0.330200,-3.723145,30.212410,24.536140,stair_down
1769345375.9608333,-0.221924,-0.815552,-0.313354,-2.746582,20.874023,23.132332,stair_down
1769345375.9779124,-0.241577,-0.810181,-0.287842,-1.953125,14.282230,14.587406,stair_down
1769345375.9966106,-0.223022,-0.797119,-0.284424,-2.075195,11.657719,11.291508,stair_down
1769345376.0209057,-0.209473,-0.794922,-0.291748,-0.061035,7.507326,9.826660,stair_down
1769345376.0386655,-0.203857,-0.801758,-0.310425,0.976563,1.586915,8.728027,stair_down
1769345376.0582147,-0.197266,-0.796021,-0.337891,3.173829,-6.652834,5.310059,stair_down
1769345376.0813403,-0.214844,-0.805786,-0.367432,7.751467,-13.732914,-0.305176,stair_down
1769345376.1007311,-0.239380,-0.830566,-0.430054,10.803223,-18.310547,-11.718754,stair_down
1769345376.122145,-0.258911,-0.825317,-0.461304,13.916019,-19.104004,-19.775391,stair_down
1769345376.1426082,-0.271851,-0.825806,-0.485474,15.686039,-19.287109,-26.184090,stair_down
1769345376.1564832,-0.274536,-0.818481,-0.498291,15.869144,-19.165039,-30.029305,stair_down
1769345376.1797385,-0.275757,-0.802612,-0.504150,15.136723,-19.287109,-33.874512,stair_down
1769345376.1981473,-0.275635,-0.791504,-0.506226,14.831547,-19.165039,-38.146973,stair_down
1769345376.2194443,-0.274780,-0.789429,-0.501953,13.732914,-18.493652,-42.297363,stair_down
1769345376.2416215,-0.277588,-0.796509,-0.481934,12.878422,-18.005371,-49.316422,stair_down
1769345376.2597938,-0.291992,-0.816895,-0.469238,9.704590,-17.944336,-54.687515,stair_down
1769345376.2813668,-0.305908,-0.822266,-0.469604,5.126953,-19.226074,-60.791031,stair_down
1769345376.3008878,-0.320068,-0.819336,-0.460205,1.403809,-20.935059,-66.223145,stair_down
1769345376.3162348,-0.336182,-0.809082,-0.443848,-1.159668,-21.911621,-70.007324,stair_down
1769345376.341473,-0.353638,-0.794922,-0.436035,-2.258301,-22.338875,-72.204590,stair_down
1769345376.3571317,-0.367188,-0.786987,-0.436523,-2.685547,-22.644051,-73.303223,stair_down
1769345376.3867207,-0.385498,-0.763550,-0.424072,-2.868653,-20.996094,-70.495605,stair_down
1769345376.401354,-0.398193,-0.736450,-0.418335,-2.319336,-18.127441,-66.528320,stair_down
1769345376.4214501,-0.386597,-0.733032,-0.393921,-0.854492,-16.296387,-55.053726,stair_down
1769345376.4410236,-0.398560,-0.699463,-0.389160,1.647950,-12.634281,-47.119156,stair_down
1769345376.4614096,-0.400635,-0.692749,-0.379639,4.882813,-10.314941,-40.527344,stair_down
1769345376.483694,-0.410278,-0.701294,-0.366455,6.103518,-6.896975,-33.264160,stair_down
1769345376.5011754,-0.421875,-0.711060,-0.364258,6.835939,-1.098633,-23.803719,stair_down
1769345376.5212157,-0.426514,-0.719238,-0.364624,7.507326,3.234864,-17.578125,stair_down
1769345376.541145,-0.419800,-0.725952,-0.362671,7.995607,6.652834,-11.657719,stair_down
1769345376.5799036,-0.416138,-0.734741,-0.359375,9.094238,8.666992,-5.981447,stair_down
1769345376.6732569,-0.429199,-0.769897,-0.353516,13.671879,10.559082,-2.441406,stair_down
1769345376.6732569,-0.463623,-0.899414,-0.379395,24.719246,15.075687,-5.737307,stair_down
1769345376.6732569,-0.504395,-1.133057,-0.403198,28.747566,24.169930,-10.314941,stair_down
1769345376.6752768,-0.523560,-1.318481,-0.420776,6.591799,42.480469,0.671387,stair_down
1769345376.6752768,-0.458252,-1.243286,-0.440063,-5.310059,48.400894,17.272949,stair_down
1769345376.6762893,-0.373535,-1.165039,-0.459106,-5.676271,44.250504,35.461426,stair_down
1769345376.7012753,-0.307861,-1.178101,-0.464233,-2.685547,34.606934,53.344742,stair_down
1769345376.7199373,-0.254028,-1.198120,-0.440308,-6.286623,20.141602,71.533203,stair_down
1769345376.7403822,-0.245605,-1.215576,-0.408569,-4.150391,4.516602,86.059570,stair_down
1769345376.7616215,-0.288696,-1.325684,-0.380493,-7.995607,-2.502441,97.106964,stair_down
1769345376.780579,-0.287964,-1.298828,-0.362671,-16.357422,-1.892090,104.675323,stair_down
1769345376.801231,-0.308716,-1.128418,-0.384888,-20.385742,0.732422,98.388702,stair_down
1769345376.823332,-0.279419,-1.063843,-0.366455,-18.432617,-0.549316,98.510773,stair_down
1769345376.8406029,-0.275146,-0.960449,-0.343018,-22.277840,-2.929688,95.642120,stair_down
1769345376.860975,-0.255005,-0.834106,-0.322144,-19.592285,-6.225588,87.219238,stair_down
1769345376.879929,-0.248657,-0.769287,-0.307251,-14.892582,-8.911133,77.697754,stair_down
1769345376.8995974,-0.257813,-0.703735,-0.285034,-10.253906,-10.803223,60.607925,stair_down
1769345376.9219475,-0.266846,-0.670898,-0.269165,-7.507326,-9.155273,47.668472,stair_down
1769345376.9402475,-0.273804,-0.647827,-0.253784,-3.051759,-5.371094,34.484863,stair_down
1769345376.957501,-0.288818,-0.652344,-0.245728,1.831055,1.342773,22.644051,stair_down
1769345376.98119,-0.295898,-0.669189,-0.241455,6.408693,9.521484,10.559082,stair_down
1769345377.00203,-0.302979,-0.689941,-0.236694,11.230473,17.272949,-2.624512,stair_down
1769345377.0174155,-0.303223,-0.716553,-0.231934,16.479492,23.864754,-14.892582,stair_down
1769345377.0389109,-0.308960,-0.736084,-0.227661,22.766121,31.372078,-29.846199,stair_down
1769345377.0596387,-0.316895,-0.737549,-0.229980,27.404793,35.034180,-38.024902,stair_down
1769345377.0792115,-0.328003,-0.746094,-0.229492,31.677254,38.513184,-46.203629,stair_down
1769345377.09975,-0.347168,-0.756592,-0.232422,35.217285,43.884277,-52.856461,stair_down
1769345377.1195135,-0.365479,-0.764648,-0.242920,37.475586,50.720230,-58.593765,stair_down
1769345377.1387148,-0.369873,-0.765503,-0.261841,38.574219,57.250992,-61.096207,stair_down
1769345377.1586473,-0.343262,-0.770508,-0.287842,39.733887,60.791031,-60.668961,stair_down
1769345377.180511,-0.310425,-0.774658,-0.319946,37.414551,57.067886,-57.373062,stair_down
1769345377.2005105,-0.266724,-0.755249,-0.335205,33.874512,45.959488,-51.940933,stair_down
1769345377.2220075,-0.239258,-0.727051,-0.342773,31.494148,28.808601,-46.752945,stair_down
1769345377.638881,-0.462036,-1.533081,-0.476196,5.249023,-3.662110,-62.133804,stair_down
1769345377.6408935,-0.352417,-1.259033,-0.519531,-39.672852,-9.704590,-30.700691,stair_down
1769345377.6408935,-0.281860,-1.102539,-0.544678,-30.090340,-34.667969,-12.084965,stair_down
1769345377.6408935,-0.319946,-1.142822,-0.562988,-16.967773,-53.283707,7.751467,stair_down
1769345377.6408935,-0.399414,-1.290161,-0.572510,-8.728027,-49.072281,27.099617,stair_down
1769345377.6408935,-0.421143,-1.366943,-0.539795,-20.812988,-31.555183,52.124039,stair_down
1769345377.6408935,-0.365601,-1.234375,-0.500366,-35.949707,-16.174316,79.406738,stair_down
1769345377.6429043,-0.285889,-1.104736,-0.464600,-37.902832,-10.925293,98.510773,stair_down
1769345377.6429043,-0.236938,-1.116943,-0.413086,-35.583496,-13.793949,111.267120,stair_down
1769345377.6429043,-0.245361,-1.119995,-0.398193,-37.963867,-13.061527,116.821320,stair_down
1769345377.6429043,-0.256104,-1.073853,-0.398193,-41.320801,-11.291508,121.093781,stair_down
1769345377.6429043,-0.263428,-0.983643,-0.401001,-41.259766,-10.681152,119.506866,stair_down
1769345377.6429043,-0.271118,-0.924683,-0.393555,-40.710449,-10.192871,115.356476,stair_down
1769345377.6663675,-0.258911,-0.854004,-0.382324,-38.574219,-12.634281,104.003937,stair_down
1769345377.6763837,-0.259766,-0.815674,-0.354492,-35.339355,-11.718754,93.200714,stair_down
1769345377.700532,-0.244507,-0.746582,-0.318604,-31.738289,-8.911133,85.327148,stair_down
1769345377.7197268,-0.244873,-0.713257,-0.303955,-25.878914,-4.760742,75.683594,stair_down
1769345377.7409065,-0.234131,-0.703491,-0.297119,-19.042969,0.671387,65.063477,stair_down
1769345377.7605104,-0.220337,-0.714111,-0.312866,-12.512211,4.089355,54.992691,stair_down
1769345377.783404,-0.213135,-0.721069,-0.332886,-8.666992,5.798342,44.555679,stair_down
1769345377.7984536,-0.215820,-0.713867,-0.344604,-5.493164,7.690432,33.569336,stair_down
1769345377.8164365,-0.200317,-0.680786,-0.347534,-2.075195,9.948730,14.038090,stair_down
1769345377.836677,-0.184204,-0.665161,-0.359497,0.366211,9.033203,3.601075,stair_down
1769345377.859616,-0.168579,-0.644653,-0.380981,1.342773,4.577637,-7.751467,stair_down
1769345377.8783743,-0.168335,-0.628174,-0.398193,4.211426,-2.502441,-19.775391,stair_down
1769345377.9001873,-0.177612,-0.638794,-0.414185,6.591799,-9.765625,-31.616219,stair_down
1769345377.920126,-0.200073,-0.647339,-0.435669,7.507326,-15.625004,-43.884277,stair_down
1769345377.94104,-0.222656,-0.656250,-0.438599,8.361816,-18.920898,-54.931656,stair_down
1769345377.960638,-0.243164,-0.682251,-0.430054,10.925293,-20.019531,-69.824219,stair_down
1769345377.9765067,-0.258545,-0.723633,-0.434326,11.962894,-19.165039,-79.467773,stair_down
1769345377.9979908,-0.273560,-0.753174,-0.439575,10.192871,-18.249512,-88.501007,stair_down
1769345378.0182576,-0.279785,-0.761353,-0.442505,8.422852,-18.981934,-96.191437,stair_down
1769345378.0409703,-0.289063,-0.773071,-0.437378,8.666992,-21.911621,-102.172882,stair_down
1769345378.0589812,-0.304565,-0.806519,-0.438232,10.437012,-24.963387,-105.651886,stair_down
1769345378.0763118,-0.333130,-0.850220,-0.450806,7.202150,-27.038582,-104.370148,stair_down
1769345378.1015499,-0.338623,-0.829102,-0.454468,2.990724,-28.625496,-100.463898,stair_down
1769345378.121322,-0.338867,-0.797119,-0.447021,1.342773,-32.409668,-97.412140,stair_down
1769345378.1415076,-0.343018,-0.808838,-0.427856,6.774904,-37.841797,-97.229034,stair_down
1769345378.226455,-0.394775,-0.947021,-0.435547,18.554688,-39.062500,-102.722198,stair_down
1769345378.226455,-0.484497,-1.189209,-0.470703,25.146492,-33.264160,-109.680206,stair_down
1769345378.226455,-0.571045,-1.403198,-0.495483,12.939457,-18.188477,-111.084015,stair_down
1769345378.226455,-0.542603,-1.246460,-0.525024,-21.301270,1.525879,-91.918976,stair_down
1769345378.241582,-0.473145,-1.046387,-0.531616,-23.376472,-1.342773,-72.692871,stair_down
1769345378.2637098,-0.400146,-0.950073,-0.524170,-19.470215,-10.070801,-49.804703,stair_down
1769345378.2810493,-0.337524,-0.920654,-0.483032,-11.718754,-26.611336,-26.855476,stair_down
1769345378.3004498,-0.334595,-1.062744,-0.422119,2.075195,-47.485367,-11.291508,stair_down
1769345378.5562978,-0.654663,-1.005005,-0.353882,-29.113777,-79.711914,105.896027,stair_down
1769345378.5562978,-0.689331,-0.925659,-0.345459,-27.221687,-66.406250,118.042023,stair_down
1769345378.5562978,-0.679077,-0.814087,-0.342163,-23.803719,-49.621597,124.877960,stair_down
1769345378.5562978,-0.652466,-0.724121,-0.356567,-15.136723,-30.883797,127.136261,stair_down
1769345378.5562978,-0.600220,-0.672974,-0.352417,-2.197266,-3.845216,124.084503,stair_down
1769345378.5562978,-0.582153,-0.635132,-0.344116,7.690432,9.094238,114.624054,stair_down
1769345378.5562978,-0.486084,-0.677734,-0.295044,5.249023,23.315437,116.882355,stair_down
1769345378.5562978,-0.524658,-0.621338,-0.275757,1.525879,34.912109,108.032257,stair_down
1769345378.5610151,-0.456055,-0.626709,-0.270752,5.554201,40.771484,99.365265,stair_down
1769345378.5811744,-0.428711,-0.643188,-0.273315,3.967286,43.945313,92.285187,stair_down
1769345378.600741,-0.445313,-0.644287,-0.291504,4.760742,44.128418,86.059570,stair_down
1769345378.623247,-0.576050,-0.695435,-0.303345,5.065918,48.584000,80.078125,stair_down
1769345378.6427217,-0.635864,-0.681396,-0.337524,6.591799,67.443848,66.711426,stair_down
1769345378.6618054,-0.614258,-0.737549,-0.335449,3.479005,75.683594,57.678238,stair_down
1769345378.6832473,-0.624146,-0.718628,-0.332153,-3.479005,80.505371,54.626480,stair_down
1769345378.7014349,-0.594604,-0.687744,-0.352783,-4.699707,82.092285,52.551285,stair_down
1769345378.7166953,-0.523071,-0.658447,-0.344971,-11.413578,73.974609,56.884781,stair_down
1769345378.739225,-0.411133,-0.537231,-0.405640,-17.028809,42.480469,64.636230,stair_down
1769345378.7618098,-0.364136,-0.492554,-0.439941,-17.578125,13.610844,74.340820,stair_down
1769345378.7812784,-0.388184,-0.409790,-0.472412,-17.150879,-21.301270,86.059570,stair_down
1769345378.801005,-0.533325,-0.333130,-0.492310,-11.901859,-46.875015,93.994171,stair_down
1769345378.8213842,-0.698975,-0.299683,-0.498413,-7.873537,-48.889175,95.397980,stair_down
1769345378.8410296,-0.780396,-0.284668,-0.496948,-8.361816,-30.395515,94.055206,stair_down
1769345378.85692,-0.778320,-0.261841,-0.485107,-10.742188,-6.896975,93.566925,stair_down
1769345378.8807633,-0.657104,-0.212769,-0.429077,-12.512211,4.394531,92.224152,stair_down
1769345378.9018505,-0.710083,-0.243042,-0.402222,-3.601075,-15.869144,85.083008,stair_down
1769345378.9211698,-0.891724,-0.371094,-0.417969,4.333496,-37.658691,73.120117,stair_down
1769345378.9414527,-1.065674,-0.462036,-0.448730,1.342773,-46.447769,70.495605,stair_down
1769345378.9617357,-1.112915,-0.435791,-0.478882,-2.075195,-50.415054,72.875977,stair_down
1769345378.9766686,-1.037598,-0.360718,-0.484863,1.098633,-58.105484,77.819824,stair_down
1769345378.997663,-1.048706,-0.232910,-0.465942,15.930180,-80.078125,84.838867,stair_down
1769345379.0208945,-1.299805,-0.256470,-0.488403,37.963867,-76.782227,72.631836,stair_down
1769345379.039225,-1.438965,-0.416504,-0.521973,55.542007,-46.997086,62.988297,stair_down
1769345379.059327,-1.325806,-0.496338,-0.545044,53.833023,-10.192871,70.068359,stair_down
1769345379.0819068,-1.093262,-0.385742,-0.541748,47.058121,-0.061035,80.932617,stair_down
1769345379.1025035,-0.928101,-0.210938,-0.508423,57.312027,-13.793949,79.650879,stair_down
1769345379.1216807,-0.886353,-0.209839,-0.483154,69.763184,-25.573738,81.787109,stair_down
1769345379.1410677,-0.908325,-0.244385,-0.491943,70.556641,-19.226074,76.354980,stair_down
1769345379.160173,-0.842407,-0.216064,-0.467041,68.725586,-15.686039,68.115234,stair_down
1769345379.180272,-0.753540,-0.206055,-0.425781,66.589355,-21.667480,63.476578,stair_down
1769345379.2032826,-0.721680,-0.170410,-0.408813,68.420410,-28.869637,65.124512,stair_down
1769345379.2680008,-0.788208,-0.150757,-0.420776,65.368652,-27.526863,58.410660,stair_down
1769345379.4764156,-0.818115,-0.135498,-0.399536,58.105484,12.146000,44.189453,stair_down
1769345379.4764156,-0.731201,-0.123291,-0.370850,47.912613,11.840824,37.719727,stair_down
1769345379.4764156,-0.731934,-0.124146,-0.354492,41.015625,7.324221,31.066902,stair_down
1769345379.4764156,-0.717407,-0.123169,-0.343628,33.691406,0.427246,24.597176,stair_down
1769345379.4764156,-0.722168,-0.117188,-0.337280,28.015144,-8.361816,19.958496,stair_down
1769345379.4764156,-0.722778,-0.124878,-0.337646,22.766121,-20.812988,17.089844,stair_down
1769345379.4764156,-0.741455,-0.108398,-0.333740,15.441898,-32.043457,15.197758,stair_down
1769345379.4764156,-0.789673,-0.036133,-0.320313,6.835939,-43.151855,10.681152,stair_down
1769345379.4764156,-0.869995,0.021362,-0.305908,4.699707,-42.236328,7.080080,stair_down
1769345379.4764156,-0.974609,0.062012,-0.301270,6.469728,-29.724129,3.906251,stair_down
1769345379.4764156,-1.006104,0.072998,-0.300293,9.338379,-14.221195,1.525879,stair_down
1769345379.4764156,-1.000366,0.072754,-0.312134,9.948730,-4.516602,-0.610352,stair_down
1769345379.4979246,-0.984497,0.074829,-0.330078,11.108402,-3.906251,0.122070,stair_down
1769345379.520951,-0.968994,0.078125,-0.345459,12.634281,-8.300781,1.464844,stair_down
1769345379.5388288,-0.961304,0.064819,-0.334961,16.784668,-13.977055,7.934572,stair_down
1769345379.5588977,-0.927368,0.058350,-0.317017,15.563969,-16.967773,9.460449,stair_down
1769345379.582722,-0.879028,0.074707,-0.301392,16.296387,-18.371582,13.488773,stair_down
1769345379.6009316,-0.853638,0.093262,-0.294800,20.446777,-19.165039,17.211914,stair_down
1769345379.6229234,-0.826294,0.087524,-0.283936,23.559578,-20.935059,19.592285,stair_down
1769345379.6432242,-0.820557,0.084351,-0.272095,24.230965,-22.521980,20.202637,stair_down
1769345379.6572022,-0.838379,0.081421,-0.285034,25.268562,-23.254402,18.737793,stair_down
1769345379.8875637,-0.854614,0.078369,-0.287476,22.644051,-18.188477,18.676758,stair_down
1769345379.8875637,-0.863037,0.082642,-0.279663,27.099617,-14.038090,19.653320,stair_down
1769345379.8875637,-0.899780,0.038208,-0.271118,22.521980,-10.559082,23.071297,stair_down
1769345379.8875637,-0.849731,0.064087,-0.300781,17.333984,-7.751467,21.118164,stair_down
1769345379.8875637,-0.801392,0.066650,-0.316528,14.831547,-16.296387,25.451668,stair_down
1769345379.8875637,-0.787354,0.080811,-0.305542,10.559082,-24.719246,26.306160,stair_down
1769345379.8875637,-0.826416,0.130615,-0.272461,7.019045,-35.034180,23.498543,stair_down
1769345379.8875637,-0.933105,0.152710,-0.210938,9.033203,-41.320801,17.456055,stair_down
1769345379.8926883,-1.098022,0.120361,-0.137329,7.507326,-41.809082,8.422852,stair_down
1769345379.896517,-1.272339,0.087891,-0.101440,1.525879,-29.113777,-1.342773,stair_down
1769345379.9563835,-1.450317,0.050537,-0.126587,-7.385256,17.089844,-13.488773,stair_down
1769345379.9689977,-1.299072,0.044922,-0.134033,-9.277344,36.804199,-6.286623,stair_down
1769345379.9689977,-1.154053,0.091797,-0.153564,-9.765625,35.156250,-6.408693,stair_down
1769345379.9855201,-1.030151,0.097046,-0.157593,-11.474613,23.803719,-5.737307,stair_down
1769345380.000115,-1.016846,0.130615,-0.139893,-15.075687,11.596684,-9.582520,stair_down
1769345380.0183196,-1.070435,0.145630,-0.094604,-18.005371,7.995607,-13.000492,stair_down
1769345380.0433996,-1.091309,0.155396,-0.040161,-20.446777,0.854492,-11.230473,stair_down
1769345380.2963574,-1.229858,0.206177,-0.006104,-28.015144,-9.826660,-0.366211,stair_down
1769345380.2963574,-1.134155,0.222168,-0.028564,-27.343758,0.244141,0.122070,stair_down
1769345380.301425,-1.005981,0.211182,-0.062256,-26.123055,6.347658,2.075195,stair_down
1769345380.3023763,-0.892944,0.205322,-0.091309,-22.888191,8.972168,3.845216,stair_down
1769345380.3023763,-0.816895,0.199341,-0.114868,-23.193367,6.042482,3.295899,stair_down
1769345380.3023763,-0.767578,0.212769,-0.131592,-20.385742,0.244141,2.685547,stair_down
1769345380.3032527,-0.756470,0.221802,-0.132690,-15.930180,-13.549809,1.770020,stair_down
1769345380.3032527,-0.784912,0.241699,-0.130859,-13.305668,-24.108894,0.671387,stair_down
1769345380.3032527,-0.846680,0.244873,-0.125366,-10.437012,-29.724129,-1.098633,stair_down
1769345380.3032527,-0.917969,0.233276,-0.104980,-9.582520,-30.761726,-2.380371,stair_down
1769345380.3032527,-0.989868,0.247803,-0.085205,-8.544922,-27.648933,-2.624512,stair_down
1769345380.3032527,-1.070801,0.251099,-0.063599,-5.065918,-17.883301,0.183106,stair_down
1769345380.3223653,-1.063965,0.259521,-0.059326,-2.136230,-0.244141,1.953125,stair_down
1769345380.3419282,-1.009033,0.256836,-0.075684,-1.281738,6.713869,2.441406,stair_down
1769345380.3608046,-0.963501,0.244995,-0.104614,-0.427246,12.817387,3.356935,stair_down
1769345380.3791695,-0.908569,0.232910,-0.130005,1.098633,14.587406,3.051759,stair_down
1769345380.4034398,-0.879272,0.218628,-0.142578,0.793457,13.732914,4.272461,stair_down
1769345380.421199,-0.847534,0.221802,-0.150879,1.342773,10.314941,4.089355,stair_down
1769345380.4412162,-0.813965,0.205933,-0.144775,-0.915528,9.277344,6.408693,stair_down
1769345380.4622073,-0.767578,0.242798,-0.145508,3.906251,4.028320,5.981447,stair_down
1769345380.4812307,-0.750610,0.242065,-0.141235,4.028320,4.333496,3.295899,stair_down
1769345380.5021915,-0.726074,0.259644,-0.145386,5.249023,8.544922,2.746582,stair_down
1769345380.5171223,-0.700439,0.269531,-0.148682,8.361816,5.371094,2.014160,stair_down
1769345380.5380108,-0.690674,0.269287,-0.138672,9.887695,3.967286,1.281738,stair_down
1769345380.5586152,-0.689331,0.275269,-0.139893,11.657719,1.708985,1.892090,stair_down
1769345380.5817783,-0.716919,0.280273,-0.146851,15.319828,-7.690432,5.371094,stair_down
1769345380.6004615,-0.797974,0.268677,-0.155029,15.319828,-11.840824,6.591799,stair_down
1769345380.623296,-0.875000,0.259155,-0.167114,13.305668,-11.169437,11.108402,stair_down
1769345380.6414528,-0.943604,0.259766,-0.137451,8.605957,-7.629396,15.136723,stair_down
1769345380.6617277,-1.041504,0.311523,-0.102783,6.408693,-2.258301,15.441898,stair_down
1769345380.6802409,-1.138794,0.298218,-0.094482,11.108402,-9.033203,11.108402,stair_down
1769345380.6984768,-1.309814,0.219238,-0.110107,9.277344,-18.188477,9.826660,stair_down
1769345380.7197814,-1.430542,0.147339,-0.200073,10.620117,-8.422852,15.563969,stair_down
1769345380.7419114,-1.421753,0.096558,-0.115356,8.544922,7.690432,11.779789,stair_down
1769345380.7590442,-1.356445,0.129395,-0.075439,11.230473,28.686531,1.831055,stair_down
1769345380.782469,-1.294189,0.073120,-0.092407,20.874023,31.555183,-7.263186,stair_down
1769345380.8762677,-1.229736,-0.025146,-0.161133,22.521980,22.033691,-5.004883,stair_down
1769345380.8762677,-1.125488,-0.011353,-0.209473,14.099125,1.037598,-10.375977,stair_down
1769345380.8762677,-1.138062,0.143677,-0.121094,10.803223,-26.306160,-5.065918,stair_down
1769345380.8762677,-1.082397,0.237549,-0.055786,15.258793,-30.517586,-3.662110,stair_down
1769345380.8925874,-1.034302,0.289795,-0.051147,20.874023,-26.855476,-2.197266,stair_down
1769345380.8991468,-0.977173,0.306641,-0.098877,28.259285,-17.150879,-3.540040,stair_down
1769345380.9218216,-0.909790,0.272827,-0.165527,33.142090,-8.483887,-3.845216,stair_down
1769345380.9408104,-0.870483,0.204834,-0.190430,29.968269,-6.103518,-4.028320,stair_down
1769345380.961432,-0.881104,0.173706,-0.125732,28.564461,-7.934572,7.080080,stair_down
1769345380.981691,-0.976685,0.141602,-0.081177,13.183598,0.549316,-5.004883,stair_down
1769345381.1066074,-0.923218,0.084717,-0.129272,20.568848,19.348145,-8.117676,stair_down
1769345381.1066074,-0.827637,0.075317,-0.155518,20.874023,19.836426,-9.643555,stair_down
1769345381.1066074,-0.785034,0.084351,-0.216797,23.437508,4.516602,-6.164553,stair_down
1769345381.3232691,-0.813721,0.078491,-0.252075,24.841316,-13.977055,-6.103518,stair_down
1769345381.3232691,-0.900879,0.083618,-0.257080,20.324707,-24.902351,-6.225588,stair_down
1769345381.3232691,-0.932617,0.120605,-0.250854,18.554688,-21.850586,-4.211426,stair_down
1769345381.3232691,-0.948242,0.164917,-0.223022,18.371582,-20.141602,-3.356935,stair_down
1769345381.3232691,-1.006958,0.198608,-0.179321,20.629883,-18.310547,-2.929688,stair_down
1769345381.3232691,-1.056763,0.203003,-0.131714,22.827156,-11.230473,-1.464844,stair_down
1769345381.3232691,-1.077759,0.203491,-0.099976,22.155769,-4.455566,-0.976563,stair_down
1769345381.3232691,-1.145752,0.223389,-0.077026,23.620613,0.183106,-1.342773,stair_down
1769345381.3710494,-1.294434,0.165649,-0.035400,30.029305,7.263186,-3.540040,stair_down
1769345381.3710494,-1.257690,0.109863,-0.038330,21.606445,15.747074,-10.559082,stair_down
1769345381.3710494,-1.157471,0.133057,-0.071899,23.132332,21.850586,-5.859377,stair_down
1769345381.3710494,-1.065430,0.130737,-0.118164,31.066902,21.606445,-0.793457,stair_down
1769345381.3854058,-0.948853,0.099487,-0.153076,36.987305,19.531250,10.253906,stair_down
1769345381.3858778,-0.847656,0.099121,-0.162476,28.930672,14.221195,8.422852,stair_down
1769345381.38621,-0.817261,0.148682,-0.151733,23.864754,-6.958010,8.117676,stair_down
1769345381.3884783,-0.901245,0.168579,-0.139160,22.399910,-12.023930,2.319336,stair_down
1769345381.4026356,-0.957520,0.164673,-0.119995,24.597176,-6.652834,1.953125,stair_down
