timestamp,ax,ay,az,gx,gy,gz,activity
1771603788.4076731,0.327515,-0.739380,-0.583618,17.028810,-4.577638,4.516602,walking_abha_new
1771603788.4309275,0.308350,-0.666626,-0.558594,5.004884,20.568840,-9.216310,walking_abha_new
1771603788.439207,0.337036,-0.608276,-0.541138,-3.295898,41.687000,-15.624996,walking_abha_new
1771603788.4656687,0.440430,-0.545410,-0.514160,-9.765626,43.701160,-13.610836,walking_abha_new
1771603788.4941852,0.483398,-0.528687,-0.485474,-6.774902,26.672360,-14.709470,walking_abha_new
1771603788.5080483,0.470825,-0.569580,-0.458008,-3.417968,11.108396,-11.901852,walking_abha_new
1771603788.5500782,0.461304,-0.631104,-0.437622,-3.417968,6.652830,-4.821778,walking_abha_new
1771603788.5500782,0.481812,-0.683716,-0.423584,-4.821778,6.835936,3.173828,walking_abha_new
1771603788.5582056,0.495239,-0.689697,-0.416504,-3.845214,6.835936,7.019042,walking_abha_new
1771603788.6160548,0.512085,-0.672486,-0.412720,-3.112792,6.164550,7.873534,walking_abha_new
1771603788.6160548,0.554444,-0.708008,-0.417969,-1.098633,1.281738,7.080076,walking_abha_new
1771603788.6331856,0.580811,-0.792236,-0.415527,-0.366211,-4.211426,4.394532,walking_abha_new
1771603788.653424,0.580078,-0.882812,-0.384522,-1.770019,-4.699708,1.159668,walking_abha_new
1771603788.6726177,0.558594,-0.898071,-0.347778,-1.464844,7.324218,-4.028321,walking_abha_new
1771603788.69159,0.594849,-1.034790,-0.345581,-1.098633,20.507810,-0.244141,walking_abha_new
1771603788.7104921,0.616455,-1.150024,-0.379639,-3.845214,32.287600,2.563476,walking_abha_new
1771603788.7303145,0.583862,-1.038452,-0.407837,-7.507323,39.611820,-8.422854,walking_abha_new
1771603788.755061,0.508301,-0.829956,-0.361816,-10.620116,43.579090,-23.498530,walking_abha_new
1771603788.7709358,0.462891,-0.738770,-0.298706,-8.483890,45.593250,-40.100100,walking_abha_new
1771603788.7930565,0.499024,-0.877075,-0.270386,-4.638672,52.062980,-45.959460,walking_abha_new
1771603788.8140512,0.602539,-0.918335,-0.280762,-6.591796,43.395980,-46.020500,walking_abha_new
1771603788.8335586,0.647583,-0.926270,-0.276978,-5.126952,23.315424,-47.668440,walking_abha_new
1771603788.8515146,0.577637,-0.948120,-0.254150,-8.300784,7.141112,-40.954580,walking_abha_new
1771603788.8734999,0.506958,-0.874146,-0.289795,-9.765626,13.305660,-42.114250,walking_abha_new
1771603788.897151,0.471314,-0.761353,-0.332398,-10.314940,21.972650,-46.325680,walking_abha_new
1771603788.9133174,0.451294,-0.653076,-0.362427,-8.972170,28.747552,-51.147450,walking_abha_new
1771603788.9315655,0.450684,-0.578247,-0.356812,-4.821778,28.198240,-61.584460,walking_abha_new
1771603788.9596183,0.453125,-0.563599,-0.331177,-0.671386,22.888180,-68.054200,walking_abha_new
1771603788.974567,0.450806,-0.583984,-0.303223,-5.859374,23.742670,-65.429700,walking_abha_new
1771603788.992129,0.466675,-0.581543,-0.267822,-11.535644,18.859868,-64.514160,walking_abha_new
1771603789.0123422,0.445923,-0.617310,-0.249268,-7.629394,6.713866,-64.758300,walking_abha_new
1771603789.0312963,0.385986,-0.688721,-0.224365,-7.995604,5.126952,-57.189930,walking_abha_new
1771603789.0522127,0.352783,-0.708740,-0.213745,-14.343260,0.854492,-48.828120,walking_abha_new
1771603789.0705345,0.351685,-0.736938,-0.212402,-15.319820,5.126952,-37.780760,walking_abha_new
1771603789.0854623,0.362549,-0.815186,-0.194214,-16.113284,12.268064,-22.583000,walking_abha_new
1771603789.1122572,0.393311,-0.884644,-0.157105,-19.104010,20.141600,-3.356933,walking_abha_new
1771603789.1336012,0.380859,-0.885742,-0.110474,-20.935052,29.052730,16.967780,walking_abha_new
1771603789.1530266,0.392822,-0.913208,-0.082275,-20.019532,37.231450,38.208020,walking_abha_new
1771603789.1722095,0.479736,-1.070923,-0.062622,-14.953610,37.963880,61.706540,walking_abha_new
1771603789.1889493,0.561646,-1.185913,-0.052002,-10.437010,35.888680,81.909160,walking_abha_new
1771603789.217922,0.527344,-1.062378,-0.067627,-9.277344,40.283200,100.219700,walking_abha_new
1771603789.2325733,0.496826,-0.779175,-0.098999,-4.638672,50.842280,122.741680,walking_abha_new
1771603789.2511969,0.516113,-0.709595,-0.183472,5.432128,45.654280,125.854480,walking_abha_new
1771603789.272282,0.577881,-0.796753,-0.240234,19.531250,23.132320,117.004380,walking_abha_new
1771603789.2927427,0.629150,-0.934204,-0.238281,30.029290,-2.563476,113.220200,walking_abha_new
1771603789.3066335,0.604492,-0.948242,-0.264282,35.461430,-18.066410,105.590800,walking_abha_new
1771603789.3273911,0.653320,-0.940064,-0.304566,37.292480,-33.813480,105.529760,walking_abha_new
1771603789.3534615,0.569702,-0.862061,-0.368530,39.184580,-48.339840,94.299300,walking_abha_new
1771603789.3724635,0.447510,-0.791260,-0.405274,37.414560,-49.255360,76.232920,walking_abha_new
1771603789.3920808,0.332153,-0.724976,-0.422119,27.770990,-30.212400,68.176280,walking_abha_new
1771603789.4129019,0.264648,-0.653442,-0.387085,12.329100,22.583000,52.185050,walking_abha_new
1771603789.434862,0.332275,-0.686524,-0.331787,-0.122070,50.354000,49.804680,walking_abha_new
1771603789.480893,0.421509,-0.701904,-0.292236,-8.422854,60.546860,45.410140,walking_abha_new
1771603789.480893,0.518066,-0.729370,-0.291992,-12.207030,59.326160,40.832510,walking_abha_new
1771603789.4912028,0.590210,-0.764160,-0.294190,-13.488768,53.100580,39.978040,walking_abha_new
1771603789.5145655,0.635132,-0.789062,-0.298096,-13.488768,45.104970,42.175280,walking_abha_new
1771603789.5354946,0.685547,-0.780884,-0.309937,-12.451170,32.714850,43.518060,walking_abha_new
1771603789.5559123,0.694336,-0.733643,-0.325073,-9.521484,17.456060,40.710440,walking_abha_new
1771603789.5769985,0.665161,-0.737305,-0.325317,-5.737304,4.821778,35.522460,walking_abha_new
1771603789.5939028,0.665039,-0.797486,-0.313232,-3.356933,-3.051757,27.404780,walking_abha_new
1771603789.618605,0.703613,-0.921875,-0.283936,-3.417968,-7.812498,15.502928,walking_abha_new
1771603789.6347702,0.718018,-1.026368,-0.274780,-3.051757,-8.117676,4.089356,walking_abha_new
1771603789.6605246,0.747681,-1.220337,-0.281250,-2.014160,-6.225584,-4.150392,walking_abha_new
1771603789.6703012,0.744263,-1.364258,-0.293823,-7.019042,2.868652,-9.216310,walking_abha_new
1771603789.6886742,0.676148,-1.203858,-0.296631,-15.930172,19.165040,-20.507810,walking_abha_new
1771603789.709877,0.570190,-0.907715,-0.242065,-19.104010,34.240730,-39.001470,walking_abha_new
1771603789.7325046,0.527100,-0.743164,-0.203980,-14.038084,41.992180,-63.354480,walking_abha_new
1771603789.7524548,0.564820,-0.794190,-0.194946,-3.845214,38.024910,-84.655740,walking_abha_new
1771603789.7725916,0.624878,-0.888916,-0.195313,1.464844,19.531250,-95.153800,walking_abha_new
1771603789.7864478,0.679321,-1.012207,-0.168335,9.155274,-30.273430,-99.731440,walking_abha_new
1771603789.813439,0.620728,-1.056641,-0.156372,8.544924,-51.513660,-96.923800,walking_abha_new
1771603789.8270712,0.518921,-1.009400,-0.164063,4.211426,-56.823720,-100.036600,walking_abha_new
1771603789.8481762,0.411133,-0.902832,-0.163940,-2.441407,-54.016100,-100.341780,walking_abha_new
1771603789.8715963,0.322388,-0.784912,-0.178101,-2.807617,-44.372550,-100.219700,walking_abha_new
1771603789.8931596,0.315308,-0.696900,-0.213501,-0.366211,-21.118160,-99.060040,walking_abha_new
1771603789.9106293,0.364014,-0.642456,-0.228760,-8.117676,-2.502442,-98.510720,walking_abha_new
1771603789.9383597,0.365479,-0.628906,-0.200806,-8.422854,-2.746581,-96.252420,walking_abha_new
1771603789.959594,0.376221,-0.654541,-0.163086,-10.681150,-9.643556,-90.576160,walking_abha_new
1771603789.983211,0.399048,-0.691772,-0.146606,-11.352536,-18.981940,-85.449200,walking_abha_new
1771603789.993259,0.347656,-0.776612,-0.145142,-14.526364,-23.132320,-74.340840,walking_abha_new
1771603790.0105753,0.314331,-0.819946,-0.151245,-19.653320,-14.404296,-62.805160,walking_abha_new
1771603790.0291836,0.306885,-0.855713,-0.163452,-22.888180,-0.671386,-52.551260,walking_abha_new
1771603790.0520105,0.317749,-0.917480,-0.159912,-25.207516,15.319820,-40.893540,walking_abha_new
1771603790.0713603,0.330200,-0.936279,-0.132446,-28.320310,31.127924,-26.916500,walking_abha_new
1771603790.0932953,0.334351,-0.909546,-0.104004,-25.634760,43.212880,-14.221190,walking_abha_new
1771603790.1120396,0.385010,-0.976074,-0.108643,-19.409180,47.729480,-0.122070,walking_abha_new
1771603790.1290357,0.491943,-1.145386,-0.102173,-11.352536,41.809080,17.944340,walking_abha_new
1771603790.1529636,0.555054,-1.239868,-0.058350,-4.028321,31.921380,39.001470,walking_abha_new
1771603790.1672628,0.457275,-0.886475,-0.105469,-3.173828,31.372068,69.702160,walking_abha_new
1771603790.1930451,0.384033,-0.671387,-0.207397,6.652830,22.705070,84.899880,walking_abha_new
1771603790.2111766,0.416382,-0.623047,-0.281616,17.639160,15.380856,88.134760,walking_abha_new
1771603790.2301102,0.461548,-0.770752,-0.297485,29.602044,-6.591796,84.777800,walking_abha_new
1771603790.2517173,0.473633,-0.904785,-0.291016,30.517570,-22.216790,78.552260,walking_abha_new
1771603790.2716885,0.477905,-0.946533,-0.287109,28.320310,-27.648920,80.017100,walking_abha_new
1771603790.2993326,0.484253,-0.938599,-0.304321,26.062010,-31.005852,81.665020,walking_abha_new
1771603790.3266706,0.430664,-0.882202,-0.340820,22.644040,-28.259270,80.810540,walking_abha_new
1771603790.334146,0.356445,-0.792969,-0.388794,15.563964,-14.526364,80.444320,walking_abha_new
1771603790.3479786,0.313477,-0.688232,-0.418579,6.774902,6.469726,77.636740,walking_abha_new
1771603790.3701875,0.379517,-0.632202,-0.413940,-2.990722,29.235832,73.120140,walking_abha_new
1771603790.396051,0.447632,-0.650391,-0.370483,-8.239746,32.958990,73.242200,walking_abha_new
1771603790.4107041,0.505371,-0.727417,-0.336548,-14.099120,35.217290,75.927740,walking_abha_new
1771603790.4312499,0.576172,-0.778442,-0.333374,-20.202630,35.583500,77.453620,walking_abha_new
1771603790.4528878,0.636108,-0.801270,-0.323486,-20.751950,27.770990,76.538100,walking_abha_new
1771603790.4731433,0.674683,-0.821289,-0.306152,-19.470220,19.165040,74.035660,walking_abha_new
1771603790.4954834,0.689331,-0.806396,-0.301880,-18.554690,13.000484,71.533200,walking_abha_new
1771603790.5085325,0.678101,-0.763794,-0.311279,-16.113284,8.483890,66.467300,walking_abha_new
1771603790.5289347,0.681519,-0.783570,-0.319336,-13.671872,5.737304,58.593740,walking_abha_new
1771603790.5510967,0.705811,-0.869385,-0.305176,-11.718748,2.624511,44.189440,walking_abha_new
1771603790.570672,0.713867,-0.928711,-0.266968,-9.948730,2.502442,32.165540,walking_abha_new
1771603790.591184,0.755615,-1.095704,-0.250122,-6.530760,4.638672,19.226080,walking_abha_new
1771603790.613032,0.802979,-1.322144,-0.263428,-7.507323,9.399414,15.075680,walking_abha_new
1771603790.6327617,0.777100,-1.314820,-0.296631,-13.977050,19.104010,5.249022,walking_abha_new
1771603790.6535916,0.668213,-1.026612,-0.275879,-18.432620,30.334470,-13.366696,walking_abha_new
1771603790.6677368,0.587524,-0.776612,-0.226929,-16.723632,33.081060,-34.545900,walking_abha_new
1771603790.689514,0.557373,-0.721680,-0.205566,-6.469726,30.090330,-56.823720,walking_abha_new
1771603790.712274,0.586182,-0.799438,-0.198853,3.845214,22.216790,-78.063980,walking_abha_new
1771603790.7362401,0.637451,-0.864746,-0.199707,9.826660,1.464844,-91.918940,walking_abha_new
1771603790.752008,0.634888,-0.942139,-0.176514,13.732908,-34.912120,-95.092760,walking_abha_new
1771603790.7720115,0.559082,-0.927490,-0.187256,11.413570,-46.936020,-95.642060,walking_abha_new
1771603790.7927587,0.463745,-0.858765,-0.191284,8.483890,-47.363270,-98.449700,walking_abha_new
1771603790.8138373,0.373291,-0.768921,-0.202759,4.211426,-40.405260,-98.876940,walking_abha_new
1771603790.8280349,0.328369,-0.697144,-0.216797,3.601074,-34.362800,-99.609360,walking_abha_new
1771603790.8486638,0.364258,-0.678467,-0.231689,2.380371,-11.108396,-98.571760,walking_abha_new
1771603790.874684,0.378418,-0.680908,-0.221314,2.563476,-10.314940,-94.055160,walking_abha_new
1771603790.9200451,0.406982,-0.690186,-0.199219,-5.126952,-8.605960,-87.158180,walking_abha_new
1771603790.9200451,0.416748,-0.708618,-0.173706,-7.019042,-16.540530,-79.956060,walking_abha_new
1771603790.9441104,0.351440,-0.746826,-0.179688,-9.338380,-20.019532,-70.922860,walking_abha_new
1771603790.9523485,0.352051,-0.824341,-0.198853,-14.648436,-14.404296,-61.279280,walking_abha_new
1771603790.973293,0.322632,-0.835938,-0.209839,-18.859868,-5.432128,-52.551260,walking_abha_new
1771603790.9879127,0.297730,-0.878540,-0.202026,-21.118160,9.155274,-44.799800,walking_abha_new
1771603791.0080414,0.300903,-0.947632,-0.185181,-24.353020,27.587884,-33.935560,walking_abha_new
1771603791.0303805,0.321899,-0.960083,-0.163208,-25.634760,42.785640,-23.132320,walking_abha_new
1771603791.0500321,0.325928,-0.939820,-0.169922,-23.620600,50.659170,-12.695310,walking_abha_new
1771603791.0726423,0.376221,-1.017334,-0.159668,-18.310550,49.255360,3.173828,walking_abha_new
1771603791.09326,0.450195,-1.164185,-0.108643,-9.460450,41.625960,24.108880,walking_abha_new
1771603791.1114514,0.504272,-1.191650,-0.101929,-4.150392,36.987310,46.874990,walking_abha_new
1771603791.1321735,0.466064,-0.813110,-0.235840,0.488281,29.479976,78.491220,walking_abha_new
1771603791.1536937,0.471680,-0.673096,-0.296753,9.765626,24.963376,92.407200,walking_abha_new
1771603791.1718543,0.465332,-0.686279,-0.331421,18.859868,-11.352536,90.515120,walking_abha_new
1771603791.1903024,0.495728,-0.841675,-0.312134,26.428220,-36.621100,80.505360,walking_abha_new
1771603791.216184,0.419800,-0.913818,-0.294312,28.442380,-46.936020,77.758800,walking_abha_new
1771603791.2316544,0.421387,-0.934448,-0.274658,26.245110,-42.724600,73.120140,walking_abha_new
1771603791.250205,0.414551,-0.898926,-0.280396,23.193352,-36.376960,70.800800,walking_abha_new
1771603791.2649953,0.330322,-0.825440,-0.305054,17.883300,-22.521970,65.673840,walking_abha_new
1771603791.2923079,0.270020,-0.732300,-0.342774,8.483890,-3.051757,63.476560,walking_abha_new
1771603791.3147967,0.310425,-0.629028,-0.319214,0.793457,22.216790,55.175770,walking_abha_new
1771603791.333485,0.351929,-0.617676,-0.282715,-3.540038,30.212400,55.175770,walking_abha_new
1771603791.3480263,0.398682,-0.656494,-0.284790,-7.019042,32.104500,55.908200,walking_abha_new
1771603791.3693528,0.465454,-0.703613,-0.297852,-9.948730,29.907220,57.983390,walking_abha_new
1771603791.3898034,0.531738,-0.759033,-0.310669,-12.268064,25.268550,61.035140,walking_abha_new
1771603791.4127479,0.570435,-0.799561,-0.304932,-13.488768,23.132320,63.903800,walking_abha_new
1771603791.4317994,0.603394,-0.820801,-0.293823,-14.160152,23.376460,66.711440,walking_abha_new
1771603791.452346,0.639771,-0.792358,-0.305420,-13.854978,21.423332,67.321800,walking_abha_new
1771603791.4662657,0.672363,-0.774780,-0.324585,-9.460450,14.648436,62.561020,walking_abha_new
1771603791.4943912,0.715210,-0.853516,-0.342774,-5.004884,6.286620,56.884760,walking_abha_new
1771603791.5077846,0.757446,-0.983276,-0.351685,-4.394532,-3.540038,48.706040,walking_abha_new
1771603791.52896,0.762940,-1.069458,-0.318848,-3.295898,-5.432128,38.757330,walking_abha_new
1771603791.5516534,0.785278,-1.236938,-0.304566,-0.732422,-1.892090,23.925780,walking_abha_new
1771603791.5705216,0.799072,-1.353150,-0.328980,-6.774902,5.920409,20.874020,walking_abha_new
1771603791.5909715,0.741944,-1.227173,-0.361938,-12.878416,15.502928,6.103514,walking_abha_new
1771603791.6130154,0.631348,-0.960205,-0.328980,-18.005376,25.939940,-15.441892,walking_abha_new
1771603791.6329725,0.543945,-0.721680,-0.266724,-15.686032,30.395500,-41.320790,walking_abha_new
1771603791.6531782,0.522583,-0.735840,-0.209351,-5.798338,30.273430,-67.077640,walking_abha_new
1771603791.6679614,0.541504,-0.843018,-0.184082,0.976562,26.733390,-88.378900,walking_abha_new
1771603791.6935332,0.612915,-0.912354,-0.168579,2.563476,-3.601074,-94.299300,walking_abha_new
1771603791.7105627,0.601196,-0.909546,-0.150024,2.380371,-22.460930,-94.543440,walking_abha_new
1771603791.730055,0.553589,-0.869385,-0.133057,-0.122070,-28.625480,-92.956520,walking_abha_new
1771603791.7448173,0.456055,-0.784058,-0.149292,-5.126952,-29.663080,-90.698220,walking_abha_new
1771603791.7716608,0.382202,-0.698853,-0.183472,-4.516602,-34.362800,-90.209940,walking_abha_new
1771603791.793025,0.395142,-0.656372,-0.182373,3.356933,-30.517570,-91.064440,walking_abha_new
1771603791.8139646,0.390015,-0.644409,-0.167114,-1.098633,-23.742670,-93.505840,walking_abha_new
1771603791.830695,0.349732,-0.664185,-0.139648,-2.624511,-20.324700,-91.247540,walking_abha_new
1771603791.8544068,0.387940,-0.688354,-0.114868,-7.629394,-19.958500,-81.726060,walking_abha_new
1771603791.8661559,0.407715,-0.715210,-0.106079,-9.216310,-25.512690,-73.120140,walking_abha_new
1771603791.8931375,0.377441,-0.818237,-0.112915,-13.061520,-22.094720,-61.767570,walking_abha_new
1771603791.9239502,0.371338,-0.868042,-0.125732,-18.676760,-13.427732,-51.025380,walking_abha_new
1771603791.9255931,0.358643,-0.884644,-0.140625,-21.911620,-1.647949,-43.518060,walking_abha_new
1771603791.9512858,0.341187,-0.912598,-0.144775,-23.559568,14.648436,-36.621100,walking_abha_new
1771603791.972872,0.347290,-0.941040,-0.137573,-24.841304,32.226570,-28.198240,walking_abha_new
1771603791.989958,0.363159,-0.929810,-0.126465,-21.301268,42.480460,-19.958500,walking_abha_new
1771603792.0283697,0.373535,-0.951294,-0.140015,-13.366696,42.602530,-10.803220,walking_abha_new
1771603792.0410519,0.453369,-1.087891,-0.135864,-3.540038,32.775880,3.723144,walking_abha_new
1771603792.0490344,0.536133,-1.207886,-0.113525,5.310058,18.371584,21.240230,walking_abha_new
1771603792.0990765,0.509766,-1.080566,-0.142700,8.789064,7.324218,50.354000,walking_abha_new
1771603792.0990765,0.383179,-0.719604,-0.231323,15.319820,-0.244141,68.115240,walking_abha_new
1771603792.1079493,0.394287,-0.680420,-0.279175,24.536130,-7.446288,73.730480,walking_abha_new
1771603792.1333594,0.419922,-0.803833,-0.303467,31.799310,-24.169920,71.838400,walking_abha_new
1771603792.1473198,0.406616,-0.901856,-0.274536,29.724120,-32.470710,66.162120,walking_abha_new
1771603792.1684692,0.367798,-0.914673,-0.240479,27.526850,-27.282710,65.429700,walking_abha_new
1771603792.1890345,0.362549,-0.903320,-0.238770,24.536130,-16.967780,64.880380,walking_abha_new
1771603792.2091978,0.366211,-0.848633,-0.295288,21.301268,-9.033204,63.537590,walking_abha_new
1771603792.2353978,0.365112,-0.763306,-0.355469,16.601568,-4.272462,62.805160,walking_abha_new
1771603792.2507007,0.367554,-0.653809,-0.374146,12.878416,-1.770019,61.340320,walking_abha_new
1771603792.271819,0.413940,-0.635864,-0.335571,8.911134,1.831054,62.011710,walking_abha_new
1771603792.2928185,0.458008,-0.637573,-0.323975,5.981444,-2.746581,64.025900,walking_abha_new
1771603792.3127484,0.481812,-0.672486,-0.326660,3.112792,-6.530760,66.223160,walking_abha_new
1771603792.3283007,0.503662,-0.721802,-0.335083,-0.976562,-3.112792,65.551760,walking_abha_new
1771603792.3528528,0.558228,-0.775757,-0.332031,-3.601074,0.976562,62.927240,walking_abha_new
1771603792.36974,0.627442,-0.817749,-0.327026,-3.601074,-1.403808,58.776840,walking_abha_new
1771603792.3896916,0.683716,-0.828125,-0.326416,-2.868652,-8.056642,53.710930,walking_abha_new
1771603792.410616,0.702148,-0.797241,-0.322510,-1.464844,-16.784670,48.950180,walking_abha_new
1771603792.4324358,0.706909,-0.812500,-0.318848,1.525878,-23.254390,41.931140,walking_abha_new
1771603792.4459975,0.726318,-0.870484,-0.321899,5.371092,-28.930660,26.733390,walking_abha_new
1771603792.4733183,0.741821,-0.958740,-0.300537,7.141112,-30.029290,17.517090,walking_abha_new
1771603792.493192,0.735962,-0.955566,-0.278809,7.507323,-27.038570,11.596676,walking_abha_new
1771603792.5126624,0.777100,-1.022950,-0.286499,11.230468,-30.334470,7.019042,walking_abha_new
1771603792.5329313,0.805786,-1.139160,-0.327759,13.244628,-35.888680,-5.065916,walking_abha_new
1771603792.5494232,0.745484,-1.074829,-0.328613,9.033204,-38.146980,-18.859868,walking_abha_new
1771603792.572393,0.652710,-0.893677,-0.270874,4.699708,-37.292480,-37.170420,walking_abha_new
1771603792.594598,0.610718,-0.842774,-0.194580,4.272462,-34.606940,-53.527820,walking_abha_new
1771603792.613257,0.571045,-0.890015,-0.168457,1.403808,-31.982420,-62.561020,walking_abha_new
1771603792.6328838,0.606445,-0.946411,-0.160156,0.549316,-37.597660,-72.326660,walking_abha_new
1771603792.6529539,0.597412,-1.037964,-0.132813,2.441407,-56.884760,-89.599600,walking_abha_new
1771603792.6730537,0.543823,-1.057373,-0.116089,-1.037598,-57.678220,-94.848600,walking_abha_new
1771603792.6884756,0.463257,-0.968994,-0.127930,-5.004884,-40.832510,-98.388660,walking_abha_new
1771603792.7085273,0.398071,-0.852539,-0.145020,-9.033204,-28.503410,-102.111800,walking_abha_new
1771603792.7303522,0.359375,-0.753174,-0.154541,-9.704590,-9.948730,-102.111800,walking_abha_new
1771603792.7511935,0.373657,-0.673462,-0.150879,-8.789064,-0.671386,-105.285640,walking_abha_new
1771603792.7736895,0.395020,-0.642334,-0.168091,-6.530760,-2.990722,-106.445300,walking_abha_new
1771603792.79269,0.378662,-0.637818,-0.151001,-2.868652,-7.385252,-107.788080,walking_abha_new
1771603792.8155007,0.380127,-0.666382,-0.124756,-0.976562,-15.136716,-104.064920,walking_abha_new
1771603792.8351386,0.407593,-0.719604,-0.111572,-1.220704,-31.860350,-92.285140,walking_abha_new
1771603792.861425,0.381470,-0.831177,-0.120972,-5.798338,-36.376960,-81.298800,walking_abha_new
1771603792.8723946,0.322022,-0.874756,-0.130249,-13.122556,-31.249992,-69.335940,walking_abha_new
1771603792.893089,0.268555,-0.905029,-0.139526,-18.493652,-14.221190,-58.654780,walking_abha_new
1771603792.913232,0.259766,-0.973145,-0.150635,-23.498530,7.995604,-44.921860,walking_abha_new
1771603792.9317477,0.288208,-1.014160,-0.141724,-27.770990,28.991692,-29.296870,walking_abha_new
1771603792.9550674,0.296021,-0.955811,-0.128540,-25.817870,42.297360,-16.052250,walking_abha_new
1771603792.9749298,0.316895,-0.997314,-0.111572,-18.066410,45.593250,-0.610352,walking_abha_new
1771603792.992115,0.378296,-1.149536,-0.080688,-8.361816,41.320790,18.188480,walking_abha_new
1771603793.0114763,0.446899,-1.245362,-0.058105,0.915527,35.278320,38.452160,walking_abha_new
1771603793.0308056,0.465454,-0.943482,-0.158203,11.718748,20.996090,68.359400,walking_abha_new
1771603793.056788,0.452393,-0.744873,-0.257080,22.399900,8.911134,83.679180,walking_abha_new
1771603793.0640323,0.413940,-0.720581,-0.304199,33.569340,-23.132320,86.181620,walking_abha_new
1771603793.0940754,0.408325,-0.811035,-0.273926,39.184580,-43.457020,81.542960,walking_abha_new
1771603793.1119046,0.328125,-0.845581,-0.238647,42.419420,-43.640120,76.660160,walking_abha_new
1771603793.1329372,0.319702,-0.884888,-0.213623,39.367680,-29.418940,78.308120,walking_abha_new
1771603793.153072,0.371094,-0.886230,-0.237183,35.339360,-17.272950,78.796400,walking_abha_new
1771603793.1689494,0.391846,-0.872803,-0.272095,31.860350,-10.620116,79.101560,walking_abha_new
1771603793.1884599,0.358643,-0.832031,-0.288818,24.414060,0.732422,82.702620,walking_abha_new
1771603793.212856,0.363281,-0.746216,-0.302002,16.357424,23.498530,83.251940,walking_abha_new
1771603793.2296205,0.508301,-0.690308,-0.325684,16.601568,22.888180,82.458480,walking_abha_new
1771603793.2517993,0.590454,-0.690308,-0.342285,20.629880,4.394532,80.078140,walking_abha_new
1771603793.272359,0.607544,-0.700195,-0.348755,24.536130,-17.639160,77.941900,walking_abha_new
1771603793.2928174,0.584106,-0.711548,-0.363770,25.329584,-27.709956,71.899440,walking_abha_new
1771603793.3126955,0.605713,-0.739990,-0.378906,23.620600,-29.296870,66.162120,walking_abha_new
1771603793.3282187,0.622070,-0.748657,-0.380737,20.568840,-30.029290,60.974110,walking_abha_new
1771603793.3532107,0.620972,-0.749024,-0.374390,17.700200,-30.700680,53.955070,walking_abha_new
1771603793.3689644,0.616211,-0.742554,-0.359131,14.831540,-30.151360,46.264640,walking_abha_new
1771603793.393451,0.622803,-0.780396,-0.353272,12.695310,-27.587884,36.987310,walking_abha_new
1771603793.4173856,0.693360,-0.905396,-0.359741,9.399414,-24.841304,21.423332,walking_abha_new
1771603793.434062,0.721070,-0.981568,-0.347534,7.873534,-25.634760,10.986324,walking_abha_new
1771603793.4523776,0.746338,-1.127686,-0.324829,8.728030,-26.916500,3.845214,walking_abha_new
1771603793.4725027,0.787842,-1.351440,-0.334595,5.920409,-23.559568,-0.671386,walking_abha_new
1771603793.491449,0.758301,-1.390503,-0.366455,-2.380371,-12.939450,-13.549804,walking_abha_new
1771603793.5130432,0.687378,-1.173462,-0.341309,-10.681150,-0.061035,-31.677240,walking_abha_new
1771603793.5310726,0.567017,-0.892944,-0.257813,-16.052250,10.803220,-49.560540,walking_abha_new
1771603793.5496473,0.458008,-0.736938,-0.202026,-15.319820,22.766110,-70.556640,walking_abha_new
1771603793.5735614,0.516480,-0.759888,-0.190918,-9.338380,22.644040,-91.125460,walking_abha_new
1771603793.5904355,0.602173,-0.857910,-0.198730,-2.563476,-9.338380,-113.159160,walking_abha_new
1771603793.613539,0.593628,-0.997314,-0.161743,1.159668,-29.541010,-119.995100,walking_abha_new
1771603793.6332457,0.568482,-1.056763,-0.130371,-3.173828,-38.024910,-118.041960,walking_abha_new
1771603793.652905,0.510498,-1.017212,-0.137451,-11.840818,-36.071780,-115.112300,walking_abha_new
1771603793.6672616,0.426758,-0.906982,-0.156982,-16.723632,-27.221676,-109.374980,walking_abha_new
1771603793.6942394,0.363281,-0.800537,-0.184570,-16.052250,-16.052250,-106.262200,walking_abha_new
1771603793.7088947,0.375122,-0.713745,-0.176025,-18.676760,-3.295898,-109.374980,walking_abha_new
1771603793.7570336,0.376953,-0.678589,-0.178833,-16.296390,-2.380371,-110.046360,walking_abha_new
1771603793.7600658,0.374268,-0.677490,-0.160889,-14.038084,-0.732422,-109.374980,walking_abha_new
1771603793.775733,0.359009,-0.697510,-0.132324,-13.122556,-2.441407,-105.041500,walking_abha_new
1771603793.8127236,0.353882,-0.786499,-0.117432,-15.624996,-8.544924,-81.420880,walking_abha_new
1771603793.833442,0.324341,-0.813477,-0.138672,-19.714360,-1.342773,-69.152840,walking_abha_new
1771603793.8476229,0.307861,-0.847168,-0.151855,-23.132320,12.695310,-56.884760,walking_abha_new
1771603793.8753128,0.311646,-0.901856,-0.151123,-27.160640,28.869624,-41.625960,walking_abha_new
1771603793.8898797,0.334595,-0.897095,-0.127441,-29.724120,42.297360,-25.451652,walking_abha_new
1771603793.9146357,0.344482,-0.858765,-0.121582,-26.855464,49.987780,-11.108396,walking_abha_new
1771603793.9316702,0.401856,-0.882690,-0.152100,-24.414060,49.255360,4.638672,walking_abha_new
1771603793.9519265,0.494141,-1.018555,-0.129028,-22.094720,39.794920,23.498530,walking_abha_new
1771603793.9729059,0.515503,-1.129028,-0.085571,-15.258788,23.986810,57.067860,walking_abha_new
1771603793.9932508,0.442139,-0.922974,-0.086548,-11.718748,29.357908,80.322260,walking_abha_new
1771603794.0090485,0.423462,-0.791138,-0.178223,-5.310058,33.447270,98.754860,walking_abha_new
1771603794.0285766,0.500854,-0.765137,-0.278076,3.845214,37.658700,104.309060,walking_abha_new
1771603794.0493832,0.521484,-0.785645,-0.318848,13.061520,17.395020,104.064920,walking_abha_new
1771603794.0727367,0.541504,-0.838989,-0.294434,18.432620,-0.732422,101.928700,walking_abha_new
1771603794.0903852,0.530029,-0.852173,-0.291016,22.216790,-13.061520,100.402800,walking_abha_new
1771603794.105755,0.578125,-0.856568,-0.305786,26.062010,-28.137200,96.374500,walking_abha_new
1771603794.1322749,0.579224,-0.834351,-0.310669,27.770990,-45.593250,94.909660,walking_abha_new
1771603794.1535816,0.449951,-0.780274,-0.314575,24.597160,-50.048820,91.430660,walking_abha_new
1771603794.1744173,0.282715,-0.689087,-0.291260,11.596676,-17.150880,83.740220,walking_abha_new
1771603794.191013,0.328858,-0.681885,-0.281128,3.295898,14.038084,77.270520,walking_abha_new
1771603794.2094166,0.453125,-0.686768,-0.289307,-2.258301,27.648920,74.035660,walking_abha_new
1771603794.230406,0.550781,-0.709717,-0.309326,-5.432128,26.672360,72.509780,walking_abha_new
1771603794.2528796,0.613770,-0.737183,-0.321777,-7.324218,19.531250,73.425300,walking_abha_new
1771603794.272554,0.671997,-0.766724,-0.335083,-6.469726,11.108396,71.899440,walking_abha_new
1771603794.2930005,0.708862,-0.792358,-0.340088,-5.798338,3.295898,72.692880,walking_abha_new
1771603794.3065858,0.722534,-0.773560,-0.342163,-5.493162,-3.356933,71.533200,walking_abha_new
1771603794.3276837,0.727539,-0.781860,-0.332764,-4.638672,-9.216310,68.176280,walking_abha_new
1771603794.3543487,0.748902,-0.824707,-0.332886,-3.479003,-30.822750,54.199210,walking_abha_new
1771603794.3689296,0.755615,-0.913818,-0.306885,-2.624511,-16.296390,42.907700,walking_abha_new
1771603794.3932061,0.761719,-0.994019,-0.280396,-3.662109,-11.352536,31.555170,walking_abha_new
1771603794.411031,0.829102,-1.166748,-0.277466,-0.610352,-11.779784,19.958500,walking_abha_new
1771603794.4323995,0.835327,-1.335816,-0.304443,-3.417968,-10.009768,9.948730,walking_abha_new
1771603794.4537404,0.747070,-1.200928,-0.326416,-10.803220,0.122070,-10.131832,walking_abha_new
1771603794.4733515,0.646729,-0.911987,-0.273926,-13.916012,6.286620,-33.081060,walking_abha_new
1771603794.493205,0.591675,-0.799316,-0.205566,-6.591796,5.615234,-59.936520,walking_abha_new
1771603794.5158365,0.561646,-0.900757,-0.170654,0.244141,10.314940,-82.519500,walking_abha_new
1771603794.533174,0.615112,-0.975464,-0.175415,1.037598,5.004884,-95.458960,walking_abha_new
1771603794.5497432,0.657349,-1.001343,-0.145508,5.371092,-28.869624,-101.440400,walking_abha_new
1771603794.5725498,0.596924,-1.005249,-0.139771,7.446288,-42.236320,-106.750480,walking_abha_new
1771603794.5917563,0.511353,-0.957398,-0.170044,2.929687,-43.823240,-109.802240,walking_abha_new
1771603794.6130228,0.426025,-0.839844,-0.193604,1.525878,-41.992180,-114.013640,walking_abha_new
1771603794.632978,0.369141,-0.729492,-0.192627,3.662109,-30.761716,-115.600560,walking_abha_new
1771603794.65289,0.340332,-0.657959,-0.182129,-0.488281,-17.639160,-117.004380,walking_abha_new
1771603794.6688287,0.339111,-0.623413,-0.190796,-1.770019,-9.460450,-116.821280,walking_abha_new
1771603794.6944604,0.355957,-0.635376,-0.158936,-4.028321,-7.080076,-110.900860,walking_abha_new
1771603794.7127757,0.371826,-0.660522,-0.124878,-6.225584,-10.864256,-101.745600,walking_abha_new
1771603794.7302277,0.388672,-0.714234,-0.112671,-7.812498,-16.479492,-87.280260,walking_abha_new
1771603794.7640615,0.381958,-0.820312,-0.128174,-12.390136,-18.798830,-75.561540,walking_abha_new
1771603794.7727177,0.359009,-0.844238,-0.138062,-17.700200,-11.901852,-62.438960,walking_abha_new
1771603794.7938213,0.316895,-0.846314,-0.149170,-21.850580,0.976562,-49.499500,walking_abha_new
1771603794.8074389,0.323486,-0.877442,-0.164429,-23.437492,17.150880,-38.696300,walking_abha_new
1771603794.83348,0.374268,-0.922608,-0.159302,-23.620600,27.648920,-27.526850,walking_abha_new
1771603794.8482404,0.391602,-0.901245,-0.139038,-20.202630,30.761716,-16.845708,walking_abha_new
1771603794.87387,0.414673,-0.927246,-0.132690,-14.221190,29.174800,-4.455568,walking_abha_new
1771603794.8898513,0.498291,-1.069092,-0.104736,-6.896972,22.827140,14.038084,walking_abha_new
1771603794.9122343,0.572144,-1.178467,-0.095215,-3.845214,17.700200,34.606940,walking_abha_new
1771603794.9316685,0.484985,-0.931396,-0.147339,4.272462,8.422854,63.232410,walking_abha_new
1771603794.9525328,0.391235,-0.722046,-0.207031,5.065916,13.000484,76.538100,walking_abha_new
1771603794.983208,0.383179,-0.649414,-0.255249,9.277344,18.188480,79.406740,walking_abha_new
1771603794.9951618,0.442749,-0.752686,-0.256714,17.822270,22.827140,76.599140,walking_abha_new
1771603795.0136364,0.455078,-0.852173,-0.232910,21.362300,11.047360,67.993180,walking_abha_new
1771603795.0294883,0.500610,-0.895630,-0.232666,23.132320,2.380371,64.575200,walking_abha_new
1771603795.051516,0.558594,-0.886597,-0.259766,28.015130,-14.038084,60.852040,walking_abha_new
1771603795.0714386,0.560303,-0.850708,-0.293701,31.982420,-33.081060,60.668940,walking_abha_new
1771603795.0918999,0.467774,-0.768188,-0.329102,31.372068,-41.687000,63.171380,walking_abha_new
1771603795.112592,0.407593,-0.681152,-0.354736,26.672360,-37.414560,67.199720,walking_abha_new
1771603795.1319923,0.379272,-0.598389,-0.333496,23.498530,-23.620600,60.485830,walking_abha_new
1771603795.14693,0.392700,-0.639648,-0.293457,21.606440,-15.624996,56.579580,walking_abha_new
1771603795.1722188,0.450562,-0.683838,-0.277954,17.211920,-12.939450,58.349600,walking_abha_new
1771603795.1888454,0.491821,-0.697876,-0.303711,13.732908,-14.526364,59.997550,walking_abha_new
1771603795.2109325,0.517822,-0.719238,-0.331177,12.634276,-14.953610,59.265120,walking_abha_new
1771603795.2308502,0.542480,-0.767212,-0.331299,9.765626,-10.131832,61.828600,walking_abha_new
1771603795.2522025,0.594116,-0.791138,-0.332764,6.774902,-6.958006,62.683100,walking_abha_new
1771603795.272386,0.630982,-0.776978,-0.336670,5.981444,-10.131832,61.462400,walking_abha_new
1771603795.2862482,0.651978,-0.769898,-0.345337,6.408690,-15.624996,57.800280,walking_abha_new
1771603795.313111,0.690918,-0.860596,-0.364258,7.690428,-22.888180,46.752920,walking_abha_new
1771603795.333471,0.712158,-0.954346,-0.360596,6.286620,-24.475090,40.161120,walking_abha_new
1771603795.3529525,0.716797,-1.001954,-0.338745,4.699708,-23.864740,32.714850,walking_abha_new
1771603795.3705356,0.750854,-1.119385,-0.325440,6.164550,-23.925780,25.085448,walking_abha_new
1771603795.3932116,0.787110,-1.296020,-0.341431,4.272462,-22.644040,20.385740,walking_abha_new
1771603795.4104924,0.772583,-1.288818,-0.375732,-2.258301,-16.601568,8.056642,walking_abha_new
1771603795.4332125,0.687500,-1.049072,-0.348267,-8.300784,-8.422854,-11.779784,walking_abha_new
1771603795.454516,0.591309,-0.800049,-0.281372,-10.070800,-6.164550,-33.630380,walking_abha_new
1771603795.472786,0.525513,-0.765869,-0.232178,-4.028321,-6.103514,-57.189930,walking_abha_new
1771603795.4912183,0.530640,-0.857422,-0.211670,-2.197266,-6.530760,-75.805680,walking_abha_new
1771603795.5140915,0.573120,-0.954102,-0.190552,-3.723144,-20.080560,-88.745100,walking_abha_new
1771603795.5314353,0.554810,-0.996826,-0.159546,-7.324218,-26.733390,-90.881340,walking_abha_new
1771603795.5515938,0.509278,-0.967774,-0.142578,-11.047360,-22.338860,-94.848600,walking_abha_new
1771603795.5704792,0.455688,-0.875000,-0.146851,-14.953610,-13.244628,-95.947260,walking_abha_new
1771603795.5925257,0.398926,-0.768921,-0.178345,-16.601568,-7.202148,-95.642060,walking_abha_new
1771603795.6127684,0.389282,-0.693482,-0.197266,-13.549804,-7.141112,-96.191400,walking_abha_new
1771603795.633296,0.404297,-0.658081,-0.188477,-11.718748,-6.469726,-95.336900,walking_abha_new
1771603795.6481109,0.372925,-0.641358,-0.173340,-11.291500,-6.225584,-95.214820,walking_abha_new
1771603795.6739125,0.354004,-0.664551,-0.145508,-11.352536,-5.493162,-91.369600,walking_abha_new
1771603795.6922379,0.396729,-0.724854,-0.116943,-11.962890,-14.465330,-82.275360,walking_abha_new
1771603795.7408357,0.370972,-0.776734,-0.106323,-12.390136,-19.104010,-73.974620,walking_abha_new
1771603795.7408357,0.332153,-0.817993,-0.120239,-16.174320,-13.366696,-63.476560,walking_abha_new
1771603795.7478967,0.309082,-0.825073,-0.146606,-20.385740,-2.014160,-53.894040,walking_abha_new
1771603795.7718167,0.294190,-0.843872,-0.160034,-22.338860,12.084960,-44.738760,walking_abha_new
1771603795.7926588,0.317261,-0.893433,-0.162842,-23.498530,25.451652,-33.020020,walking_abha_new
1771603795.8111243,0.365601,-0.916016,-0.144775,-22.277830,32.592780,-21.057124,walking_abha_new
1771603795.83335,0.371582,-0.913818,-0.136230,-18.432620,33.691410,-9.521484,walking_abha_new
1771603795.8473327,0.411743,-0.984741,-0.124756,-12.817380,30.273430,5.859374,walking_abha_new
1771603795.869578,0.501953,-1.161133,-0.091309,-6.042480,23.193352,24.597160,walking_abha_new
1771603795.8915663,0.511108,-1.145142,-0.108398,4.150392,12.573240,53.894040,walking_abha_new
1771603795.9112713,0.446655,-0.869141,-0.188477,7.324218,13.916012,70.434580,walking_abha_new
1771603795.9335794,0.389771,-0.681274,-0.260132,11.047360,18.249516,79.834000,walking_abha_new
1771603795.9520745,0.410889,-0.676148,-0.289795,19.592290,17.822270,83.068840,walking_abha_new
1771603795.9698403,0.460083,-0.781250,-0.275269,25.878900,2.197266,75.195320,walking_abha_new
1771603795.9927979,0.489990,-0.854126,-0.267578,31.433100,-10.375976,69.030760,walking_abha_new
1771603796.0117762,0.495850,-0.881226,-0.277588,33.447270,-20.812980,66.772460,walking_abha_new
1771603796.0289516,0.548462,-0.870362,-0.315308,33.508300,-33.508300,64.453140,walking_abha_new
1771603796.0533295,0.493652,-0.812134,-0.356934,34.301760,-44.372550,58.044420,walking_abha_new
1771603796.0704427,0.350830,-0.705078,-0.360108,23.498530,-32.104500,61.096180,walking_abha_new
1771603796.092523,0.315308,-0.649048,-0.343750,15.319820,-8.972170,60.546860,walking_abha_new
1771603796.1123416,0.374878,-0.641724,-0.325195,9.338380,7.324218,55.725090,walking_abha_new
1771603796.133344,0.445190,-0.660767,-0.305542,7.446288,9.216310,49.011220,walking_abha_new
1771603796.1529622,0.474976,-0.689453,-0.297363,4.150392,6.530760,45.471180,walking_abha_new
1771603796.1690392,0.485474,-0.709473,-0.301880,0.427246,7.080076,46.203600,walking_abha_new
1771603796.1894405,0.502930,-0.731323,-0.317139,-3.234863,12.817380,47.851560,walking_abha_new
1771603796.2106662,0.546875,-0.750244,-0.323364,-5.249022,16.967780,47.302240,walking_abha_new
1771603796.2301767,0.589356,-0.752686,-0.320679,-6.042480,15.624996,46.508780,walking_abha_new
1771603796.2525947,0.614014,-0.742310,-0.316650,-5.981444,10.620116,46.630850,walking_abha_new
1771603796.2721403,0.660767,-0.846436,-0.321167,-3.356933,1.098633,42.541500,walking_abha_new
1771603796.2936375,0.684937,-0.938965,-0.325928,-3.173828,-1.342773,38.635260,walking_abha_new
1771603796.3143885,0.680054,-1.000977,-0.312622,-4.272462,0.488281,32.958990,walking_abha_new
1771603796.335853,0.692017,-1.097412,-0.283081,-3.112792,5.126952,27.770990,walking_abha_new
1771603796.3538094,0.743530,-1.299561,-0.290772,-2.441407,8.605960,25.634760,walking_abha_new
1771603796.374075,0.736816,-1.336914,-0.330811,-6.042480,15.075680,15.197750,walking_abha_new
1771603796.3900945,0.665650,-1.128784,-0.321777,-9.948730,24.597160,-1.892090,walking_abha_new
1771603796.411934,0.574951,-0.843140,-0.245850,-12.878416,29.541010,-19.531250,walking_abha_new
1771603796.460981,0.509888,-0.680054,-0.199829,-4.394532,26.245110,-40.222160,walking_abha_new
1771603796.460981,0.548828,-0.834106,-0.199707,9.643556,13.671872,-66.833500,walking_abha_new
1771603796.4704678,0.585571,-0.879761,-0.203125,12.512204,-6.408690,-73.364260,walking_abha_new
1771603796.492977,0.588135,-0.905762,-0.187988,12.145992,-28.076170,-69.580100,walking_abha_new
1771603796.5145853,0.550781,-0.903687,-0.176514,10.131832,-40.527340,-66.650400,walking_abha_new
1771603796.5289614,0.470337,-0.858643,-0.182129,7.385252,-40.832510,-66.833500,walking_abha_new
1771603796.5509155,0.378418,-0.768433,-0.189087,3.662109,-36.987310,-65.124520,walking_abha_new
1771603796.5723352,0.327881,-0.689453,-0.211670,-0.061035,-33.935560,-65.185560,walking_abha_new
1771603796.5914636,0.344238,-0.647949,-0.217407,-0.549316,-32.104500,-66.589360,walking_abha_new
1771603796.6129143,0.350586,-0.637940,-0.205444,-0.549316,-26.977532,-66.284200,walking_abha_new
1771603796.6332867,0.332398,-0.654175,-0.174683,-9.582520,-17.578130,-65.246600,walking_abha_new
1771603796.6759033,0.342896,-0.748657,-0.131958,-16.662600,-17.761230,-54.321280,walking_abha_new
1771603796.7138958,0.322876,-0.856323,-0.157593,-24.108880,1.708984,-41.320790,walking_abha_new
1771603796.7337935,0.324585,-0.895752,-0.160889,-27.465816,17.883300,-34.179700,walking_abha_new
1771603796.7527347,0.369019,-0.967652,-0.167480,-29.052730,31.555170,-26.672360,walking_abha_new
1771603796.7729342,0.396729,-1.020630,-0.155640,-29.296870,39.917000,-17.272950,walking_abha_new
1771603796.7931955,0.393921,-1.016236,-0.140137,-26.245110,43.457020,-8.666994,walking_abha_new
1771603796.8135834,0.415527,-1.023194,-0.167847,-22.644040,40.588370,1.464844,walking_abha_new
1771603796.8275385,0.479614,-1.198975,-0.153076,-15.991210,30.029290,21.789548,walking_abha_new
1771603796.850063,0.464966,-1.192627,-0.116699,-11.657712,22.216790,37.963880,walking_abha_new
1771603796.8731935,0.420776,-0.984375,-0.139038,-9.765626,28.564450,52.978500,walking_abha_new
1771603796.890644,0.393799,-0.793945,-0.198975,-3.784179,46.691880,64.697280,walking_abha_new
1771603796.9125066,0.405029,-0.683228,-0.261597,2.075196,25.878900,61.523430,walking_abha_new
1771603796.9324312,0.436646,-0.705200,-0.274658,13.916012,5.126952,52.612300,walking_abha_new
1771603796.9535356,0.381226,-0.782104,-0.257080,21.423332,-8.239746,47.485340,walking_abha_new
1771603796.973623,0.385498,-0.837036,-0.252319,23.010250,-9.460450,44.311520,walking_abha_new
1771603796.993169,0.453125,-0.862061,-0.250977,24.841304,-14.404296,41.809080,walking_abha_new
1771603797.0082378,0.422852,-0.835327,-0.263916,25.329584,-23.803708,41.748040,walking_abha_new
1771603797.0298488,0.346436,-0.739014,-0.296509,18.981940,-22.705070,41.442860,walking_abha_new
1771603797.0499046,0.289429,-0.673706,-0.294556,13.977050,-6.469726,39.428720,walking_abha_new
1771603797.072619,0.318848,-0.661987,-0.270752,6.835936,12.695310,41.259760,walking_abha_new
1771603797.0916288,0.418457,-0.669068,-0.243652,2.929687,18.737796,43.212880,walking_abha_new
1771603797.1131597,0.482056,-0.680786,-0.245239,2.136231,12.939450,43.823240,walking_abha_new
1771603797.1327348,0.528687,-0.688110,-0.259644,5.065916,3.234863,41.259760,walking_abha_new
1771603797.1531289,0.532593,-0.726074,-0.278809,5.615234,0.061035,44.555660,walking_abha_new
1771603797.1681967,0.566895,-0.757568,-0.294800,3.662109,1.220704,48.156730,walking_abha_new
1771603797.1906564,0.614380,-0.769898,-0.306030,3.479003,-1.647949,46.813960,walking_abha_new
1771603797.209755,0.632446,-0.741821,-0.306519,2.624511,-8.605960,40.649400,walking_abha_new
1771603797.2323177,0.637695,-0.750610,-0.302856,3.417968,-13.427732,34.912120,walking_abha_new
1771603797.2510486,0.645508,-0.824829,-0.296997,4.211426,-16.296390,28.808590,walking_abha_new
1771603797.271689,0.662110,-0.914795,-0.300171,4.089356,-18.066410,22.827140,walking_abha_new
1771603797.2923508,0.678101,-1.018921,-0.291870,5.859374,-15.930172,13.000484,walking_abha_new
1771603797.3126516,0.711304,-1.239258,-0.291382,5.676268,-10.192870,11.413570,walking_abha_new
1771603797.3275206,0.734009,-1.389770,-0.310181,0.366211,1.342773,8.117676,walking_abha_new
1771603797.352249,0.666382,-1.212158,-0.324097,-7.019042,17.272950,-3.295898,walking_abha_new
1771603797.3688908,0.595337,-0.898926,-0.274780,-11.474608,24.658200,-15.930172,walking_abha_new
1771603797.3934693,0.553101,-0.720093,-0.225830,-3.356933,20.935052,-38.085940,walking_abha_new
1771603797.410435,0.577148,-0.874756,-0.200195,4.028321,13.183590,-58.776840,walking_abha_new
1771603797.4319074,0.642334,-0.915405,-0.210815,8.178714,-13.610836,-66.528340,walking_abha_new
1771603797.4521332,0.612915,-0.978516,-0.192627,12.329100,-44.128410,-71.472180,walking_abha_new
1771603797.473069,0.519165,-1.016724,-0.177490,11.291500,-55.419910,-73.303240,walking_abha_new
1771603797.4875083,0.432373,-0.960571,-0.185425,7.690428,-50.720200,-78.125000,walking_abha_new
1771603797.508075,0.361084,-0.852173,-0.202026,4.882814,-40.649400,-78.979500,walking_abha_new
1771603797.5310347,0.300415,-0.747803,-0.225464,0.732422,-32.653820,-78.308120,walking_abha_new
1771603797.5509934,0.294312,-0.669922,-0.226563,-0.854492,-30.944820,-76.721200,walking_abha_new
1771603797.570531,0.325806,-0.617676,-0.222412,1.403808,-24.780270,-71.838400,walking_abha_new
1771603797.593688,0.312134,-0.621704,-0.175659,-7.568358,-21.728510,-66.406260,walking_abha_new
1771603797.6119845,0.316162,-0.660278,-0.143311,-10.314940,-25.512690,-61.645500,walking_abha_new
1771603797.6326911,0.315552,-0.712402,-0.145874,-12.023924,-27.770990,-55.603020,walking_abha_new
1771603797.6762161,0.311524,-0.782471,-0.151245,-15.869140,-23.864740,-47.424300,walking_abha_new
1771603797.6843126,0.289551,-0.823486,-0.156128,-21.301268,-12.084960,-38.024910,walking_abha_new
1771603797.6843126,0.284668,-0.844971,-0.160400,-25.939940,4.699708,-28.869624,walking_abha_new
1771603797.7102494,0.308350,-0.895630,-0.165649,-27.465816,20.751950,-20.690910,walking_abha_new
1771603797.7300806,0.343506,-0.961670,-0.144043,-27.893060,31.372068,-10.742184,walking_abha_new
1771603797.7515106,0.356690,-0.974121,-0.106934,-25.207516,37.841800,-1.342773,walking_abha_new
1771603797.7718632,0.379395,-1.000732,-0.103638,-19.287110,39.184580,8.178714,walking_abha_new
1771603797.7923336,0.451172,-1.278931,-0.068970,-8.056642,29.724120,29.113768,walking_abha_new
1771603797.8133848,0.468140,-1.385986,-0.031128,-2.319336,26.428220,45.959460,walking_abha_new
1771603797.8335025,0.429688,-1.136353,-0.074829,-1.647949,30.456540,62.988270,walking_abha_new
1771603797.848893,0.378052,-0.784302,-0.176880,-0.122070,32.836920,77.697760,walking_abha_new
1771603797.869508,0.353272,-0.613281,-0.232788,8.605960,30.822750,83.190900,walking_abha_new
1771603797.8868322,0.343384,-0.708862,-0.239502,24.353020,13.732908,73.730480,walking_abha_new
1771603797.9110756,0.379150,-0.885254,-0.236084,29.235832,-1.403808,61.828600,walking_abha_new
1771603797.9597287,0.423584,-0.936768,-0.248047,30.639640,-9.338380,58.898920,walking_abha_new
1771603797.9597287,0.467774,-0.946411,-0.244263,29.968260,-18.310550,61.950680,walking_abha_new
1771603797.9735267,0.368042,-0.868042,-0.264893,26.245110,-22.033690,59.509270,walking_abha_new
1771603797.9895518,0.298828,-0.762573,-0.292480,19.836430,-7.873534,55.786120,walking_abha_new
1771603798.0114932,0.295044,-0.677368,-0.306030,14.526364,12.756344,50.415030,walking_abha_new
1771603798.030141,0.372192,-0.652954,-0.301025,10.986324,22.583000,46.997060,walking_abha_new
1771603798.0508585,0.449829,-0.656006,-0.287964,10.681150,14.221190,44.250480,walking_abha_new
1771603798.0753016,0.462646,-0.677002,-0.288330,10.314940,4.028321,41.320790,walking_abha_new
1771603798.091579,0.469238,-0.708862,-0.295898,8.483890,3.662109,39.062500,walking_abha_new
1771603798.1115766,0.506714,-0.764160,-0.305908,5.615234,7.751464,42.236320,walking_abha_new
1771603798.1332695,0.564453,-0.793579,-0.316772,2.868652,9.094240,45.104970,walking_abha_new
1771603798.1481485,0.613037,-0.796997,-0.328247,1.953124,6.225584,43.640120,walking_abha_new
1771603798.1736014,0.639648,-0.784546,-0.347900,0.671386,-1.647949,38.818360,walking_abha_new
1771603798.2030025,0.651612,-0.798462,-0.352783,0.061035,-6.652830,34.545900,walking_abha_new
1771603798.2094502,0.665039,-0.872437,-0.348022,-0.610352,-10.925290,28.137200,walking_abha_new
1771603798.231136,0.665772,-0.960816,-0.334595,-2.197266,-13.366696,21.057124,walking_abha_new
1771603798.2510698,0.655518,-1.052002,-0.308106,-2.807617,-10.070800,11.291500,walking_abha_new
1771603798.285619,0.673096,-1.201416,-0.301758,-4.455568,-1.220704,7.507323,walking_abha_new
1771603798.2917042,0.703247,-1.301392,-0.329834,-10.070800,11.413570,3.356933,walking_abha_new
1771603798.3143854,0.676880,-1.194336,-0.358154,-16.540530,22.827140,-9.277344,walking_abha_new
1771603798.327183,0.618530,-0.956787,-0.314575,-20.141600,27.404780,-25.573724,walking_abha_new
1771603798.350044,0.514160,-0.739746,-0.227783,-12.573240,24.902340,-56.579580,walking_abha_new
1771603798.3718364,0.550781,-0.835938,-0.206055,-8.728030,20.507810,-68.725600,walking_abha_new
1771603798.3912206,0.624634,-0.895874,-0.213501,-6.652830,0.061035,-75.195320,walking_abha_new
1771603798.4104848,0.620117,-0.948486,-0.199097,-2.136231,-28.564450,-80.932600,walking_abha_new
1771603798.4334366,0.569580,-1.004394,-0.181274,-1.586914,-45.471180,-84.899880,walking_abha_new
1771603798.4515383,0.507202,-1.002076,-0.192993,-4.333496,-45.349110,-90.637200,walking_abha_new
1771603798.470812,0.442017,-0.935425,-0.203613,-10.070800,-36.499030,-88.500960,walking_abha_new
1771603798.4934828,0.355103,-0.829468,-0.203003,-18.676760,-28.076170,-83.435040,walking_abha_new
1771603798.5096636,0.328003,-0.732544,-0.218384,-17.639160,-22.583000,-83.129860,walking_abha_new
1771603798.528996,0.372681,-0.655029,-0.218628,-18.676760,-3.601074,-85.571260,walking_abha_new
1771603798.553535,0.352173,-0.634033,-0.192017,-19.348150,-2.014160,-87.951640,walking_abha_new
1771603798.570532,0.358154,-0.654053,-0.156494,-22.094720,-7.995604,-83.618160,walking_abha_new
1771603798.5906901,0.348633,-0.688354,-0.132202,-22.583000,-14.709470,-78.674340,walking_abha_new
1771603798.6121519,0.326172,-0.748657,-0.125488,-23.254390,-14.160152,-71.655300,walking_abha_new
1771603798.6370041,0.301880,-0.800781,-0.137207,-25.695796,-5.676268,-62.255850,walking_abha_new
1771603798.7905467,0.298828,-0.835083,-0.141968,-27.465816,7.263182,-53.222640,walking_abha_new
1771603798.7905467,0.310303,-0.880493,-0.151245,-28.381340,21.484370,-42.114250,walking_abha_new
1771603798.7905467,0.346436,-0.916992,-0.147095,-29.174800,32.104500,-28.625480,walking_abha_new
1771603798.7905467,0.358276,-0.901734,-0.125732,-26.184080,37.231450,-15.563964,walking_abha_new
1771603798.7905467,0.393921,-0.971192,-0.124634,-15.747068,34.484870,5.676268,walking_abha_new
1771603798.7905467,0.452515,-1.159424,-0.091187,-6.896972,25.268550,26.672360,walking_abha_new
1771603798.807272,0.510742,-1.278809,-0.046997,0.976562,18.249516,48.522940,walking_abha_new
1771603798.807272,0.519776,-1.121826,-0.072754,3.662109,18.188480,69.396980,walking_abha_new
1771603798.8137407,0.467774,-0.822632,-0.166504,5.126952,19.042970,86.242660,walking_abha_new
1771603798.8342927,0.414063,-0.679932,-0.280029,13.183590,11.230468,93.505840,walking_abha_new
1771603798.8480792,0.421387,-0.711304,-0.296631,24.475090,6.103514,87.219220,walking_abha_new
1771603798.8733194,0.405274,-0.810425,-0.292114,33.264160,-9.216310,74.096700,walking_abha_new
1771603798.8936627,0.385254,-0.858887,-0.291870,32.348640,-10.803220,64.636240,walking_abha_new
1771603798.91109,0.453003,-0.854126,-0.296509,32.226570,-13.366696,57.495110,walking_abha_new
1771603798.9250906,0.431763,-0.799438,-0.328980,28.076170,-28.442380,53.405750,walking_abha_new
1771603798.9520383,0.323853,-0.729980,-0.337891,21.362300,-21.179192,49.621580,walking_abha_new
1771603798.9711895,0.284424,-0.673828,-0.332275,12.817380,0.183105,51.147450,walking_abha_new
1771603798.9956236,0.363159,-0.657471,-0.333252,3.723144,18.371584,57.739250,walking_abha_new
1771603799.0135958,0.463989,-0.645996,-0.336304,1.525878,18.676760,59.997550,walking_abha_new
1771603799.028863,0.513550,-0.668091,-0.336792,3.112792,7.751464,58.105460,walking_abha_new
1771603799.0486896,0.522095,-0.713867,-0.332764,1.586914,2.075196,60.607900,walking_abha_new
1771603799.0737224,0.532837,-0.764526,-0.344482,-1.403808,5.310058,63.781730,walking_abha_new
1771603799.0913615,0.592774,-0.798584,-0.348511,-3.540038,9.521484,63.903800,walking_abha_new
1771603799.1124585,0.638428,-0.795166,-0.340210,-3.417968,2.807617,57.739250,walking_abha_new
1771603799.1327226,0.643555,-0.779297,-0.335571,-2.258301,-4.272462,51.269520,walking_abha_new
1771603799.1547787,0.658325,-0.833008,-0.336914,-1.037598,-8.850100,44.860830,walking_abha_new
1771603799.1741953,0.668823,-0.905518,-0.337769,-2.197266,-8.483890,37.841800,walking_abha_new
1771603799.1929998,0.685425,-0.970093,-0.329468,-2.807617,-7.446288,30.090330,walking_abha_new
1771603799.2126067,0.694580,-1.060181,-0.313110,0.183105,-4.272462,16.113284,walking_abha_new
1771603799.2338696,0.746338,-1.270020,-0.314697,1.770019,-0.366211,7.995604,walking_abha_new
1771603799.2534134,0.765381,-1.363770,-0.339844,-5.126952,7.629394,4.272462,walking_abha_new
1771603799.273655,0.680298,-1.145630,-0.347168,-11.596676,16.418460,-8.911134,walking_abha_new
1771603799.292473,0.583984,-0.871460,-0.278442,-15.014646,21.911620,-28.137200,walking_abha_new
1771603799.3135612,0.516846,-0.798950,-0.208008,-4.455568,24.108880,-61.706540,walking_abha_new
1771603799.3340917,0.572388,-0.896729,-0.200562,-2.319336,18.249516,-73.059100,walking_abha_new
1771603799.3513024,0.606201,-0.928467,-0.207886,1.464844,-0.427246,-82.397440,walking_abha_new
1771603799.3700724,0.605713,-0.970947,-0.193481,4.516602,-20.629880,-88.073700,walking_abha_new
1771603799.389973,0.570435,-0.957276,-0.186279,1.525878,-32.470710,-85.571260,walking_abha_new
1771603799.4124038,0.470581,-0.857056,-0.203247,-1.770019,-32.409680,-84.777800,walking_abha_new
1771603799.4313176,0.366699,-0.747192,-0.199219,-6.164550,-25.756830,-83.801260,walking_abha_new
1771603799.4519637,0.304688,-0.643066,-0.216553,-10.131832,-29.174800,-84.533660,walking_abha_new
1771603799.4733865,0.355103,-0.589600,-0.210693,-4.089356,-17.456060,-83.740220,walking_abha_new
1771603799.4931831,0.338135,-0.588013,-0.194702,-8.605960,-17.456060,-82.031240,walking_abha_new
1771603799.5089357,0.335693,-0.620484,-0.149170,-11.779784,-19.348150,-75.439460,walking_abha_new
1771603799.5289462,0.350586,-0.651245,-0.122559,-13.488768,-23.254390,-66.894540,walking_abha_new
1771603799.5502396,0.350952,-0.713379,-0.121338,-12.878416,-25.695796,-59.265120,walking_abha_new
1771603799.5705075,0.349609,-0.815552,-0.138794,-15.441892,-21.911620,-48.278800,walking_abha_new
1771603799.591726,0.342041,-0.880249,-0.148926,-21.118160,-12.695310,-35.339360,walking_abha_new
1771603799.612099,0.312744,-0.890381,-0.155884,-25.207516,4.089356,-26.489250,walking_abha_new
1771603799.626739,0.323608,-0.927002,-0.167847,-27.709956,23.132320,-16.479492,walking_abha_new
1771603799.6530313,0.373413,-0.965942,-0.161011,-29.357908,36.010750,-5.981444,walking_abha_new
1771603799.669635,0.389282,-0.934814,-0.130493,-25.573724,40.771480,1.403808,walking_abha_new
1771603799.6884713,0.433716,-0.957031,-0.145020,-16.662600,36.560060,15.258788,walking_abha_new
1771603799.7108507,0.490112,-1.102173,-0.161743,-10.620116,21.911620,29.113768,walking_abha_new
1771603799.7308044,0.479980,-1.162110,-0.121948,-6.713866,12.329100,43.395980,walking_abha_new
1771603799.7507634,0.377930,-1.038940,-0.090210,-4.577638,19.470220,57.312000,walking_abha_new
1771603799.7718253,0.318237,-0.884522,-0.134522,-1.953124,34.301760,70.678720,walking_abha_new
1771603799.7925317,0.386841,-0.837524,-0.258423,5.126952,43.212880,74.707040,walking_abha_new
1771603799.8136725,0.453369,-0.807129,-0.300049,19.958500,37.353520,69.519040,walking_abha_new
1771603799.8334222,0.426148,-0.819580,-0.286377,28.381340,8.605960,60.974110,walking_abha_new
1771603799.8485153,0.466553,-0.853882,-0.290283,34.851080,-9.277344,59.570300,walking_abha_new
1771603799.8691428,0.539307,-0.854248,-0.337280,41.748040,-47.485340,64.392100,walking_abha_new
1771603799.8920913,0.452148,-0.803467,-0.340454,41.198720,-67.504900,60.913080,walking_abha_new
1771603799.911054,0.296509,-0.715942,-0.308228,32.470710,-62.499990,61.767570,walking_abha_new
1771603799.9318843,0.185181,-0.647949,-0.283691,22.827140,-29.357908,57.556140,walking_abha_new
1771603799.9522126,0.232666,-0.665039,-0.270630,12.451170,9.216310,53.894040,walking_abha_new
1771603799.9724956,0.359253,-0.682984,-0.271240,7.812498,24.475090,47.668440,walking_abha_new
1771603799.9939396,0.457398,-0.703125,-0.285889,6.958006,20.690910,43.884270,walking_abha_new
1771603800.0148923,0.537476,-0.728638,-0.306152,5.676268,12.573240,44.433580,walking_abha_new
1771603800.03379,0.575073,-0.747437,-0.323853,6.164550,3.906249,45.410140,walking_abha_new
1771603800.0518348,0.581299,-0.780884,-0.330200,4.821778,0.488281,50.292960,walking_abha_new
1771603800.0703945,0.632568,-0.773682,-0.342163,3.540038,-2.929687,50.415030,walking_abha_new
1771603800.2247488,0.690308,-0.828003,-0.343750,2.929687,-14.221190,42.968740,walking_abha_new
1771603800.2247488,0.701782,-0.904297,-0.333618,2.563476,-19.287110,36.743170,walking_abha_new
1771603800.2247488,0.700318,-0.997803,-0.321899,1.159668,-18.798830,28.503410,walking_abha_new
1771603800.2247488,0.723877,-1.161377,-0.316772,1.770019,-15.014646,22.155760,walking_abha_new
1771603800.2247488,0.761963,-1.406982,-0.335571,-0.732422,-6.286620,17.272950,walking_abha_new
1771603800.2247488,0.725830,-1.371094,-0.369873,-12.084960,12.145992,4.150392,walking_abha_new
1771603800.2345428,0.618286,-1.030030,-0.320190,-19.042970,28.869624,-16.784670,walking_abha_new
1771603800.2517207,0.521240,-0.784546,-0.216064,-11.962890,36.132820,-53.771960,walking_abha_new
1771603800.2715676,0.538452,-0.885620,-0.214355,-5.798338,35.888680,-74.768080,walking_abha_new
1771603800.2929022,0.613648,-0.935913,-0.221802,-0.671386,18.676760,-89.904760,walking_abha_new
1771603800.3135843,0.611206,-0.976440,-0.203735,4.455568,-10.009768,-95.031720,walking_abha_new
1771603800.333421,0.560791,-0.988770,-0.189941,3.662109,-31.127924,-92.895500,walking_abha_new
1771603800.3495424,0.495483,-0.925659,-0.197022,2.380371,-37.719730,-93.811020,walking_abha_new
1771603800.3693633,0.403564,-0.845459,-0.202881,-2.258301,-33.325200,-89.477520,walking_abha_new
1771603800.3957024,0.315552,-0.723755,-0.211670,-10.192870,-30.151360,-85.327140,walking_abha_new
1771603800.4109852,0.299561,-0.620728,-0.220703,-7.873534,-31.677240,-85.815400,walking_abha_new
1771603800.425092,0.328125,-0.570557,-0.207764,-2.319336,-27.465816,-85.266100,walking_abha_new
1771603800.452334,0.337402,-0.606079,-0.171265,-8.483890,-32.165540,-78.430200,walking_abha_new
1771603800.4731789,0.331055,-0.657837,-0.141113,-11.413570,-38.757330,-69.946300,walking_abha_new
1771603800.4938433,0.304688,-0.707398,-0.125122,-14.526364,-39.855960,-62.561020,walking_abha_new
1771603800.5149837,0.284302,-0.774170,-0.121948,-17.578130,-32.653820,-56.213370,walking_abha_new
1771603800.5288925,0.280884,-0.849487,-0.134522,-22.521970,-18.310550,-48.095700,walking_abha_new
1771603800.549095,0.271851,-0.896362,-0.148926,-28.869624,-0.305176,-38.574220,walking_abha_new
1771603800.5718791,0.299316,-0.956055,-0.163086,-31.433100,17.822270,-31.860350,walking_abha_new
1771603800.5918226,0.340698,-1.030274,-0.145264,-32.958990,31.738280,-23.132320,walking_abha_new
1771603800.6121385,0.344238,-0.988892,-0.109131,-28.442380,43.518060,-8.117676,walking_abha_new
1771603800.63481,0.387451,-1.009766,-0.125855,-21.362300,43.395980,3.723144,walking_abha_new
1771603800.654052,0.475586,-1.154175,-0.131226,-13.183590,32.958990,18.615724,walking_abha_new
1771603800.6738284,0.505371,-1.238404,-0.096680,-6.408690,21.301268,34.301760,walking_abha_new
1771603800.6890466,0.440186,-1.094116,-0.077271,-1.281738,18.249516,51.635740,walking_abha_new
1771603800.7092447,0.353149,-0.841064,-0.136719,3.417968,22.338860,67.321800,walking_abha_new
1771603800.7310283,0.344849,-0.725342,-0.239502,6.835936,29.418940,75.988780,walking_abha_new
1771603800.7509055,0.389526,-0.736816,-0.269775,18.432620,20.385740,74.218760,walking_abha_new
1771603800.7744105,0.393188,-0.798584,-0.261963,27.221676,16.723632,68.908700,walking_abha_new
1771603800.7930703,0.354004,-0.841064,-0.252564,29.663080,9.094240,64.636240,walking_abha_new
1771603800.8136845,0.496826,-0.865234,-0.290039,28.442380,-0.671386,69.274900,walking_abha_new
1771603800.8342395,0.490234,-0.808594,-0.326538,28.442380,-16.906740,71.044940,walking_abha_new
1771603800.8687391,0.423584,-0.739502,-0.346924,26.611320,-26.306150,67.443860,walking_abha_new
1771603800.8687391,0.348267,-0.673218,-0.349854,19.897460,-20.568840,68.969740,walking_abha_new
1771603800.8957067,0.336182,-0.633789,-0.329468,13.122556,-4.577638,70.129400,walking_abha_new
1771603800.9140017,0.385742,-0.653809,-0.306274,8.239746,7.812498,68.725600,walking_abha_new
1771603800.931801,0.445679,-0.687134,-0.296265,5.859374,10.009768,61.645500,walking_abha_new
1771603800.9542446,0.482666,-0.723633,-0.302979,3.906249,9.094240,56.274400,walking_abha_new
1771603800.9793298,0.521362,-0.764771,-0.325440,1.037598,12.329100,54.321280,walking_abha_new
1771603800.9878829,0.610718,-0.830444,-0.343018,-2.990722,15.380856,54.199210,walking_abha_new
1771603801.009471,0.661621,-0.831177,-0.343628,-2.075196,9.094240,48.278800,walking_abha_new
1771603801.0530293,0.662720,-0.797608,-0.336304,0.122070,0.000000,41.503900,walking_abha_new
1771603801.0530293,0.662354,-0.817993,-0.326050,1.953124,-6.591796,36.499030,walking_abha_new
1771603801.072727,0.681152,-0.891236,-0.332031,3.784179,-10.070800,28.015130,walking_abha_new
1771603801.0931268,0.698364,-0.979004,-0.333496,4.699708,-12.390136,20.568840,walking_abha_new
1771603801.1128328,0.754639,-1.189820,-0.317383,7.263182,-15.563964,13.610836,walking_abha_new
1771603801.134499,0.837402,-1.509156,-0.317749,5.798338,-16.784670,9.277344,walking_abha_new
1771603801.1545854,0.822266,-1.562866,-0.343872,-2.075196,-10.131832,4.089356,walking_abha_new
1771603801.1749022,0.678955,-1.249756,-0.323608,-12.268064,6.103514,-6.408690,walking_abha_new
1771603801.1945078,0.471069,-0.744019,-0.248413,-17.333990,26.306150,-43.151840,walking_abha_new
1771603801.2121334,0.416138,-0.697876,-0.241455,-4.577638,30.090330,-75.073240,walking_abha_new
1771603801.232886,0.481934,-0.824097,-0.232910,4.394532,18.920900,-98.022440,walking_abha_new
1771603801.2564473,0.538818,-0.883057,-0.227905,10.375976,-7.690428,-110.229480,walking_abha_new
1771603801.271509,0.512818,-0.900024,-0.210815,11.779784,-32.104500,-112.915020,walking_abha_new
1771603801.2925923,0.463013,-0.875488,-0.195313,8.483890,-39.917000,-114.379860,walking_abha_new
1771603801.320482,0.405762,-0.818360,-0.197876,1.953124,-32.836920,-109.313960,walking_abha_new
1771603801.3334458,0.324097,-0.728638,-0.196411,-9.216310,-27.709956,-98.083480,walking_abha_new
1771603801.3496037,0.295288,-0.629272,-0.204590,-4.028321,-33.447270,-91.857900,walking_abha_new
1771603801.3694665,0.344727,-0.566650,-0.202026,-4.516602,-24.047850,-89.172340,walking_abha_new
1771603801.3934882,0.336914,-0.592774,-0.171631,-4.455568,-23.803708,-84.411600,walking_abha_new
1771603801.4109335,0.379028,-0.628906,-0.137451,-7.812498,-27.343748,-72.753920,walking_abha_new
1771603801.4324439,0.377319,-0.665772,-0.117920,-10.375976,-33.020020,-59.265120,walking_abha_new
1771603801.454314,0.357178,-0.721558,-0.114624,-13.977050,-33.142100,-46.813960,walking_abha_new
1771603801.472105,0.353272,-0.781128,-0.121460,-18.615724,-25.146480,-35.583500,walking_abha_new
1771603801.4936926,0.339478,-0.812988,-0.136353,-23.681636,-10.375976,-26.184080,walking_abha_new
1771603801.5241728,0.331665,-0.833740,-0.140747,-27.282710,8.117676,-18.798830,walking_abha_new
1771603801.528279,0.358765,-0.874634,-0.147583,-29.235832,27.282710,-9.643556,walking_abha_new
1771603801.5889194,0.422852,-0.924683,-0.160278,-29.418940,38.574220,-0.244141,walking_abha_new
1771603801.5889194,0.441406,-0.940796,-0.137939,-21.972650,38.574220,11.230468,walking_abha_new
1771603801.5943534,0.456299,-0.961914,-0.145508,-17.761230,35.278320,21.118160,walking_abha_new
1771603801.6166854,0.484985,-1.052612,-0.165649,-13.977050,26.123040,36.743170,walking_abha_new
1771603801.6326604,0.519654,-1.204590,-0.143188,-8.239746,14.160152,54.687490,walking_abha_new
1771603801.6474373,0.487549,-1.144654,-0.102783,-5.676268,14.709470,71.044940,walking_abha_new
1771603801.669429,0.400269,-0.947632,-0.113159,-2.075196,26.611320,84.167460,walking_abha_new
1771603801.6945093,0.401489,-0.850342,-0.182129,0.549316,42.602530,95.520000,walking_abha_new
1771603801.7127166,0.468140,-0.789551,-0.274170,11.718748,40.954580,87.463360,walking_abha_new
1771603801.7334495,0.498291,-0.792358,-0.293457,25.024410,15.075680,77.392600,walking_abha_new
1771603801.7509058,0.470703,-0.871094,-0.284424,32.897960,-7.202148,71.594240,walking_abha_new
1771603801.7740264,0.559448,-0.857056,-0.307861,35.217290,-20.568840,68.908700,walking_abha_new
1771603801.7935865,0.548096,-0.780029,-0.324585,39.123540,-43.518060,63.293440,walking_abha_new
1771603801.8134723,0.458740,-0.722046,-0.322998,37.353520,-60.607900,60.180660,walking_abha_new
1771603801.833409,0.342407,-0.659790,-0.334595,32.409680,-58.349600,51.818840,walking_abha_new
1771603801.8491454,0.264282,-0.646606,-0.326416,23.742670,-36.010750,46.020500,walking_abha_new
1771603801.8722277,0.265625,-0.647949,-0.300781,12.817380,-6.042480,43.457020,walking_abha_new
1771603801.8946276,0.355591,-0.668213,-0.285400,3.906249,13.977050,40.527340,walking_abha_new
1771603801.9143782,0.442993,-0.677368,-0.292847,-1.220704,19.531250,38.146980,walking_abha_new
1771603801.9318454,0.522949,-0.695312,-0.303101,1.037598,17.211920,32.653820,walking_abha_new
1771603801.952708,0.591553,-0.759155,-0.328369,-2.868652,12.084960,42.480460,walking_abha_new
1771603801.9730446,0.624878,-0.752075,-0.335816,-0.793457,3.173828,39.367680,walking_abha_new
1771603801.994121,0.629150,-0.769531,-0.327271,1.464844,-6.286620,34.667980,walking_abha_new
1771603802.1174092,0.645142,-0.893433,-0.297730,1.159668,-14.404296,26.733390,walking_abha_new
1771603802.1174092,0.662354,-0.971680,-0.303833,-0.305176,-14.221190,20.996090,walking_abha_new
1771603802.1174092,0.665650,-1.065186,-0.293213,1.098633,-10.192870,12.145992,walking_abha_new
1771603802.1174092,0.736694,-1.289917,-0.306885,2.563476,-7.629394,9.155274,walking_abha_new
1771603802.1174092,0.772461,-1.446778,-0.358032,-2.258301,-1.892090,3.967285,walking_abha_new
1771603802.1332343,0.612305,-1.015381,-0.312988,-12.695310,11.291500,-20.141600,walking_abha_new
1771603802.1534295,0.561157,-0.832642,-0.233765,-10.803220,13.732908,-42.907700,walking_abha_new
1771603802.1679053,0.557251,-0.906982,-0.217163,-5.371092,14.099120,-64.331060,walking_abha_new
1771603802.1892796,0.625244,-0.942383,-0.214600,-2.807617,1.281738,-79.345700,walking_abha_new
1771603802.2092297,0.641236,-0.956909,-0.199097,3.112792,-24.536130,-92.407200,walking_abha_new
1771603802.233043,0.586548,-1.005249,-0.183960,5.554198,-47.180160,-96.923800,walking_abha_new
1771603802.2521114,0.489624,-1.002076,-0.197388,2.136231,-53.771960,-102.355940,walking_abha_new
1771603802.2718542,0.400635,-0.917969,-0.187744,-4.211426,-48.156730,-113.647440,walking_abha_new
1771603802.2937045,0.302856,-0.838257,-0.169556,-9.704590,-29.541010,-116.088840,walking_abha_new
1771603802.3132021,0.283569,-0.737305,-0.175537,-14.709470,0.854492,-112.060520,walking_abha_new
1771603802.3333817,0.336426,-0.611694,-0.175415,-15.624996,15.380856,-112.487760,walking_abha_new
1771603802.349227,0.346802,-0.587402,-0.161255,-13.977050,7.751464,-108.154280,walking_abha_new
1771603802.37503,0.343872,-0.581543,-0.138916,-13.732908,-0.305176,-100.769020,walking_abha_new
1771603802.396799,0.349732,-0.599610,-0.119385,-12.390136,-8.422854,-92.102040,walking_abha_new
1771603802.4450033,0.363159,-0.659790,-0.109131,-12.451170,-16.296390,-78.857440,walking_abha_new
1771603802.4450033,0.348511,-0.722412,-0.120605,-14.709470,-19.653320,-63.293440,walking_abha_new
1771603802.4450033,0.342407,-0.789307,-0.132202,-17.639160,-16.906740,-48.156730,walking_abha_new
1771603802.4732087,0.341064,-0.856201,-0.145386,-20.690910,-8.117676,-33.264160,walking_abha_new
1771603802.4943335,0.368286,-0.924561,-0.150879,-23.742670,4.150392,-17.089850,walking_abha_new
1771603802.5130708,0.366333,-0.919922,-0.127808,-24.902340,21.118160,5.187988,walking_abha_new
1771603802.5305123,0.401611,-0.938477,-0.120239,-20.568840,28.259270,16.662600,walking_abha_new
1771603802.5543466,0.467896,-1.075440,-0.129639,-16.784670,29.357908,31.921380,walking_abha_new
1771603802.571567,0.508789,-1.251709,-0.095459,-11.657712,24.780270,53.588860,walking_abha_new
1771603802.5920005,0.484863,-1.182496,-0.063232,-7.263182,26.672360,74.279800,walking_abha_new
1771603802.612634,0.440064,-0.921631,-0.101318,-3.479003,35.705570,92.407200,walking_abha_new
1771603802.6331282,0.424927,-0.748291,-0.197388,2.014160,39.062500,104.736300,walking_abha_new
1771603802.6536102,0.483643,-0.736328,-0.277222,14.099120,36.499030,105.957000,walking_abha_new
1771603802.6736832,0.493652,-0.808106,-0.300537,26.245110,8.972170,96.130360,walking_abha_new
1771603802.6923604,0.515869,-0.886108,-0.277588,34.179700,-15.014646,87.036100,walking_abha_new
1771603802.7157438,0.564209,-0.944580,-0.257446,38.208020,-36.621100,89.965800,walking_abha_new
1771603802.7361822,0.539795,-0.889893,-0.294312,39.428720,-49.255360,85.266100,walking_abha_new
1771603802.7525678,0.471314,-0.811768,-0.349609,37.048340,-57.495110,76.843260,walking_abha_new
1771603802.7717648,0.333984,-0.708984,-0.370728,31.982420,-48.156730,69.763200,walking_abha_new
1771603802.793809,0.268555,-0.652222,-0.364502,23.620600,-21.423332,66.406260,walking_abha_new
1771603802.8133068,0.324097,-0.629517,-0.358643,14.404296,4.577638,64.086940,walking_abha_new
1771603802.8314788,0.429077,-0.625122,-0.337769,9.887696,11.962890,59.448240,walking_abha_new
1771603802.854087,0.484619,-0.658081,-0.331787,6.530760,6.958006,56.579580,walking_abha_new
1771603802.8730235,0.540650,-0.674805,-0.346069,6.042480,-1.586914,47.668440,walking_abha_new
1771603802.8958786,0.541992,-0.756226,-0.355225,0.549316,0.061035,51.879880,walking_abha_new
1771603802.912381,0.586060,-0.778687,-0.361450,-3.173828,4.028321,51.147450,walking_abha_new
1771603802.9325137,0.615234,-0.784546,-0.351440,-4.028321,2.990722,45.776360,walking_abha_new
1771603802.9524953,0.636963,-0.823608,-0.335816,-3.234863,-1.586914,38.940440,walking_abha_new
1771603802.975099,0.668945,-0.894898,-0.329224,-3.662109,-5.737304,32.836920,walking_abha_new
1771603803.0142822,0.680054,-0.976440,-0.326660,-4.760742,-6.896972,28.503410,walking_abha_new
1771603803.0185013,0.685059,-1.068482,-0.307739,-4.028321,-2.502442,18.920900,walking_abha_new
1771603803.0715516,0.738159,-1.250488,-0.307617,-3.112792,0.732422,14.770504,walking_abha_new
1771603803.076809,0.766724,-1.379394,-0.356567,-6.958006,4.821778,8.789064,walking_abha_new
1771603803.078788,0.691650,-1.189209,-0.373291,-13.549804,14.282224,-9.216310,walking_abha_new
1771603803.0927215,0.566895,-0.833740,-0.236572,-15.197750,21.728510,-42.053220,walking_abha_new
1771603803.1133525,0.526978,-0.861328,-0.195435,-9.094240,24.291990,-63.110340,walking_abha_new
1771603803.132384,0.599610,-0.928467,-0.199951,-4.699708,17.272950,-81.604000,walking_abha_new
1771603803.147269,0.639038,-0.958984,-0.199463,0.000000,-4.394532,-92.285140,walking_abha_new
1771603803.1743836,0.602051,-0.968872,-0.173096,3.295898,-27.770990,-97.412100,walking_abha_new
1771603803.1888316,0.527710,-0.958252,-0.172730,3.173828,-39.245610,-98.388660,walking_abha_new
1771603803.2104502,0.440186,-0.888428,-0.204834,0.793457,-38.696300,-104.492160,walking_abha_new
1771603803.229809,0.350098,-0.802368,-0.208984,-4.211426,-35.339360,-111.450180,walking_abha_new
1771603803.2536309,0.286743,-0.718262,-0.199707,-5.249022,-30.761716,-111.877420,walking_abha_new
1771603803.271605,0.298706,-0.626099,-0.188355,-7.568358,-12.634276,-107.543920,walking_abha_new
1771603803.2926223,0.301392,-0.627564,-0.191528,-9.033204,-13.427732,-102.905240,walking_abha_new
1771603803.3129227,0.309570,-0.671753,-0.170044,-12.329100,-16.357424,-92.468240,walking_abha_new
1771603803.3366354,0.327271,-0.728028,-0.141235,-16.174320,-17.883300,-80.017100,walking_abha_new
1771603803.3500974,0.322388,-0.784058,-0.126953,-19.592290,-16.113284,-67.260740,walking_abha_new
1771603803.391916,0.288818,-0.824707,-0.147583,-23.010250,-9.521484,-55.480940,walking_abha_new
1771603803.391916,0.286255,-0.866455,-0.163696,-25.756830,0.305176,-43.762200,walking_abha_new
1771603803.4133134,0.302856,-0.911133,-0.183228,-25.939940,10.131832,-34.606940,walking_abha_new
1771603803.4343047,0.338867,-0.967896,-0.186646,-24.353020,16.479492,-25.817870,walking_abha_new
1771603803.4533498,0.350952,-0.982300,-0.151733,-21.179192,17.883300,-13.366696,walking_abha_new
1771603803.472757,0.369629,-1.028442,-0.159424,-14.526364,15.502928,5.432128,walking_abha_new
1771603803.4915025,0.435303,-1.244385,-0.148438,-6.958006,9.399414,21.972650,walking_abha_new
1771603803.5143297,0.464966,-1.369629,-0.082275,-1.525878,4.089356,39.978040,walking_abha_new
1771603803.5347614,0.406250,-1.164429,-0.092773,-3.112792,16.967780,58.715810,walking_abha_new
1771603803.5506573,0.327271,-0.882446,-0.165283,-2.075196,33.447270,75.622560,walking_abha_new
1771603803.5711567,0.338257,-0.755127,-0.256592,0.793457,45.349110,81.848140,walking_abha_new
1771603803.597761,0.407837,-0.757446,-0.291626,12.207030,41.259760,77.209480,walking_abha_new
1771603803.613835,0.391968,-0.809937,-0.295044,24.597160,29.052730,67.688000,walking_abha_new
1771603803.6326926,0.438355,-0.856690,-0.276367,28.503410,14.099120,62.011710,walking_abha_new
1771603803.6532333,0.549194,-0.807373,-0.296021,36.193860,-22.644040,67.260740,walking_abha_new
1771603803.6694863,0.486450,-0.755860,-0.328980,38.757330,-46.264640,65.490740,walking_abha_new
1771603803.689215,0.389038,-0.690796,-0.343140,34.301760,-51.574700,65.795900,walking_abha_new
1771603803.7106013,0.302979,-0.612305,-0.346314,27.770990,-37.597660,64.453140,walking_abha_new
1771603803.729288,0.298950,-0.597778,-0.326050,21.911620,-14.709470,62.438960,walking_abha_new
1771603803.7534692,0.369873,-0.633667,-0.319214,15.441892,1.037598,61.218250,walking_abha_new
1771603803.772319,0.438477,-0.660645,-0.306396,10.498044,3.601074,59.936520,walking_abha_new
1771603803.7944815,0.484009,-0.686524,-0.305420,8.056642,3.112792,55.053700,walking_abha_new
1771603803.8131707,0.509155,-0.743774,-0.313965,4.028321,9.033204,57.556140,walking_abha_new
1771603803.833986,0.565308,-0.779785,-0.338379,-0.915527,16.174320,61.523430,walking_abha_new
1771603803.8550723,0.638916,-0.795532,-0.364624,-2.563476,14.770504,60.485830,walking_abha_new
1771603803.8688233,0.649048,-0.795166,-0.363281,-1.037598,9.094240,54.687490,walking_abha_new
1771603803.895736,0.669556,-0.837891,-0.366089,0.549316,2.685546,47.485340,walking_abha_new
1771603803.927421,0.683716,-0.895386,-0.376587,0.427246,-1.525878,39.428720,walking_abha_new
1771603803.944442,0.684814,-0.962891,-0.371460,-0.427246,-2.624511,30.456540,walking_abha_new
1771603803.9599206,0.694824,-1.083008,-0.354980,0.671386,-0.610352,21.179192,walking_abha_new
1771603803.9730628,0.745728,-1.309692,-0.361328,-1.281738,2.380371,17.395020,walking_abha_new
1771603803.9942935,0.764282,-1.382080,-0.392944,-8.300784,9.338380,8.605960,walking_abha_new
1771603804.0139754,0.679932,-1.147095,-0.373779,-14.587400,17.333990,-10.314940,walking_abha_new
1771603804.0293465,0.559570,-0.821045,-0.251343,-12.939450,19.592290,-42.541500,walking_abha_new
1771603804.0507374,0.523438,-0.864380,-0.217285,-7.446288,20.812980,-62.438960,walking_abha_new
1771603804.0705712,0.584473,-0.917969,-0.223755,-2.746581,11.718748,-78.613300,walking_abha_new
1771603804.0949023,0.618530,-0.948975,-0.217651,2.136231,-12.329100,-86.853000,walking_abha_new
1771603804.1129656,0.581299,-0.962891,-0.198730,5.554198,-36.682140,-91.064440,walking_abha_new
1771603804.126688,0.498901,-0.936768,-0.201172,4.028321,-47.119130,-92.834460,walking_abha_new
1771603804.1534345,0.388916,-0.864502,-0.203980,-0.244141,-43.640120,-97.595200,walking_abha_new
1771603804.1744142,0.291138,-0.768066,-0.190430,-6.347656,-33.691410,-98.022440,walking_abha_new
1771603804.194575,0.265137,-0.686524,-0.199951,-8.056642,-20.446770,-94.543440,walking_abha_new
1771603804.2114415,0.295410,-0.608765,-0.213501,-7.873534,-11.657712,-92.773420,walking_abha_new
1771603804.2314355,0.315796,-0.619751,-0.188965,-9.277344,-13.122556,-88.500960,walking_abha_new
1771603804.254758,0.320313,-0.651734,-0.153320,-12.817380,-19.531250,-79.711940,walking_abha_new
1771603804.2715821,0.315186,-0.681030,-0.125732,-14.831540,-25.756830,-70.312500,walking_abha_new
1771603804.293446,0.284668,-0.735108,-0.119141,-16.601568,-24.353020,-60.546860,walking_abha_new
1771603804.3136833,0.271484,-0.802612,-0.133545,-19.470220,-15.319820,-50.537100,walking_abha_new
1771603804.3436027,0.280396,-0.856323,-0.151489,-21.606440,-3.845214,-41.687000,walking_abha_new
1771603804.4142752,0.317505,-0.978882,-0.174194,-24.353020,21.972650,-20.263670,walking_abha_new
1771603804.4142752,0.345947,-0.976562,-0.155396,-24.414060,28.808590,-8.422854,walking_abha_new
1771603804.4142752,0.376343,-1.020874,-0.130737,-13.916012,27.893060,10.253904,walking_abha_new
1771603804.4341333,0.495239,-1.244263,-0.117310,-7.873534,23.559568,27.404780,walking_abha_new
1771603804.4528637,0.593628,-1.428101,-0.085205,4.211426,10.009768,46.691880,walking_abha_new
1771603804.4723067,0.546509,-1.238404,-0.080200,7.019042,7.446288,65.063500,walking_abha_new
1771603804.4885485,0.433228,-0.869141,-0.172485,12.329100,11.169430,80.444320,walking_abha_new
1771603804.5140529,0.413452,-0.711304,-0.308350,17.395020,12.878416,85.144020,walking_abha_new
1771603804.5282757,0.472778,-0.791748,-0.365967,29.724120,8.911134,78.735360,walking_abha_new
1771603804.5512204,0.478272,-0.896729,-0.341797,32.714850,-18.188480,64.270040,walking_abha_new
1771603804.5706832,0.463867,-0.922241,-0.314453,34.912120,-26.489250,57.922360,walking_abha_new
1771603804.5913174,0.474732,-0.921875,-0.303467,32.287600,-26.672360,58.837880,walking_abha_new
1771603804.6138275,0.435425,-0.801758,-0.351440,24.475090,-30.273430,54.687490,walking_abha_new
1771603804.6329255,0.358032,-0.716187,-0.387085,19.042970,-28.198240,48.278800,walking_abha_new
1771603804.6528533,0.301636,-0.651856,-0.401367,13.732908,-12.817380,40.954580,walking_abha_new
1771603804.6736054,0.307495,-0.618896,-0.394898,4.638672,8.422854,41.015620,walking_abha_new
1771603804.694588,0.379395,-0.575440,-0.375732,-0.061035,17.395020,38.574220,walking_abha_new
1771603804.7101014,0.432007,-0.599243,-0.357666,-1.098633,13.732908,36.743170,walking_abha_new
1771603804.7346365,0.435303,-0.642334,-0.341064,-3.906249,9.277344,35.766600,walking_abha_new
1771603804.75097,0.439331,-0.679566,-0.338257,-6.713866,10.314940,36.193860,walking_abha_new
1771603804.773594,0.460327,-0.720825,-0.331299,-8.483890,15.014646,37.353520,walking_abha_new
1771603804.7955647,0.546143,-0.759766,-0.337158,-5.615234,13.977050,32.409680,walking_abha_new
1771603804.813629,0.594116,-0.796875,-0.338623,-3.662109,3.173828,33.020020,walking_abha_new
1771603804.834267,0.604004,-0.847900,-0.330933,0.366211,-12.023924,33.935560,walking_abha_new
1771603804.8543518,0.587769,-0.948364,-0.345703,3.234863,-20.202630,31.860350,walking_abha_new
1771603804.873893,0.549805,-1.024902,-0.360230,2.868652,-16.906740,26.794430,walking_abha_new
1771603804.890562,0.518066,-1.073608,-0.360596,2.624511,-5.676268,21.179192,walking_abha_new
1771603804.9106438,0.564820,-1.255494,-0.352295,0.610352,6.774902,17.578130,walking_abha_new
1771603804.9514492,0.600464,-1.371338,-0.329712,-5.432128,19.470220,12.939450,walking_abha_new
1771603804.9514492,0.582276,-1.250854,-0.307007,-11.962890,28.015130,6.774902,walking_abha_new
1771603804.9805186,0.517822,-1.006958,-0.256836,-14.221190,34.912120,-0.915527,walking_abha_new
1771603804.9940357,0.416748,-0.723877,-0.254517,-15.197750,39.733900,-13.916012,walking_abha_new
1771603805.0093596,0.462891,-0.724487,-0.271729,-7.568358,26.000970,-33.813480,walking_abha_new
1771603805.0364141,0.510132,-0.809326,-0.238647,-3.479003,9.399414,-52.734360,walking_abha_new
1771603805.0539412,0.544556,-0.854614,-0.197144,-4.638672,-9.033204,-57.739250,walking_abha_new
1771603805.071004,0.524658,-0.892578,-0.169922,-7.263182,-23.620600,-54.382320,walking_abha_new
1771603805.104893,0.449829,-0.876099,-0.175903,-9.887696,-27.221676,-56.640620,walking_abha_new
1771603805.113365,0.402344,-0.812988,-0.173584,-11.657712,-24.597160,-63.964840,walking_abha_new
1771603805.1393363,0.387817,-0.776489,-0.196045,-12.145992,-25.268550,-67.688000,walking_abha_new
1771603805.15345,0.422485,-0.739380,-0.203857,-8.361816,-18.432620,-67.077640,walking_abha_new
1771603805.1736834,0.402588,-0.658570,-0.193726,-8.972170,-13.122556,-69.824240,walking_abha_new
1771603805.1910207,0.392334,-0.619507,-0.159546,-10.253904,-11.108396,-66.650400,walking_abha_new
1771603805.2105,0.390747,-0.580933,-0.129150,-12.268064,-11.657712,-58.959950,walking_abha_new
1771603805.2313778,0.383667,-0.570801,-0.118286,-14.221190,-16.723632,-48.583980,walking_abha_new
1771603805.2512295,0.359619,-0.567749,-0.123169,-15.319820,-21.606440,-40.649400,walking_abha_new
1771603805.2714565,0.320190,-0.579102,-0.136963,-15.563964,-20.019532,-37.292480,walking_abha_new
1771603805.2932014,0.287476,-0.603272,-0.153198,-16.479492,-10.925290,-35.217290,walking_abha_new
1771603805.31303,0.277710,-0.641113,-0.159302,-17.822270,2.380371,-32.348640,walking_abha_new
1771603805.333688,0.313599,-0.718506,-0.162354,-19.775390,14.892576,-27.221676,walking_abha_new
1771603805.3548908,0.341919,-0.829224,-0.199097,-25.024410,22.521970,-20.507810,walking_abha_new
1771603805.369359,0.323242,-0.906982,-0.179199,-31.738280,24.353020,-10.314940,walking_abha_new
1771603805.396589,0.292969,-0.898926,-0.143188,-33.020020,33.508300,-3.051757,walking_abha_new
1771603805.4103863,0.345947,-1.073730,-0.145142,-26.855464,40.527340,10.437010,walking_abha_new
1771603805.43311,0.522827,-1.509278,-0.062988,-13.061520,39.489750,29.724120,walking_abha_new
1771603805.4519563,0.633911,-1.690918,-0.038452,-4.089356,44.921860,44.616690,walking_abha_new
1771603805.4732497,0.538818,-1.249512,-0.148193,-4.455568,54.504380,64.270040,walking_abha_new
1771603805.4868615,0.477661,-0.802246,-0.335083,6.347656,53.649900,82.397440,walking_abha_new
1771603805.5139148,0.530274,-0.711670,-0.447754,35.156260,33.813480,81.604000,walking_abha_new
1771603805.5307095,0.540894,-0.821167,-0.428345,58.227530,-30.517570,69.335940,walking_abha_new
1771603805.5504868,0.531860,-0.926270,-0.395630,71.899440,-80.627420,55.969230,walking_abha_new
1771603805.5709114,0.509400,-0.870362,-0.305786,68.969740,-94.360340,50.415030,walking_abha_new
1771603805.5933309,0.344482,-0.806030,-0.199829,62.133780,-91.979960,45.104970,walking_abha_new
1771603805.6111147,0.142944,-0.758057,-0.194092,46.569820,-59.326160,42.846670,walking_abha_new
1771603805.6257393,0.115845,-0.731323,-0.256104,28.930660,-8.911134,42.358390,walking_abha_new
1771603805.6539812,0.292358,-0.676270,-0.329224,17.089850,26.428220,36.376960,walking_abha_new
1771603805.6677914,0.482178,-0.609863,-0.350708,19.470220,24.475090,24.658200,walking_abha_new
1771603805.6951349,0.511353,-0.611084,-0.329956,22.644040,7.263182,23.132320,walking_abha_new
1771603805.7099009,0.501221,-0.606812,-0.343262,20.690910,-2.319336,26.062010,walking_abha_new
1771603805.751793,0.531372,-0.571778,-0.397949,15.380856,-9.155274,29.785150,walking_abha_new
1771603805.7750697,0.571900,-0.601929,-0.372681,13.610836,-15.869140,29.541010,walking_abha_new
1771603805.8942866,0.658447,-0.775024,-0.359741,10.864256,-44.250480,26.489250,walking_abha_new
1771603805.8942866,0.669922,-0.919922,-0.371094,5.981444,-53.955070,24.230950,walking_abha_new
1771603805.8942866,0.627442,-1.058594,-0.360352,-0.183105,-50.598140,17.517090,walking_abha_new
1771603805.8963985,0.559692,-1.122192,-0.335327,-6.042480,-30.822750,12.329100,walking_abha_new
1771603805.8963985,0.597656,-1.324341,-0.392578,-8.483890,-11.840818,6.896972,walking_abha_new
1771603805.910963,0.651123,-1.518066,-0.472290,-14.953610,8.850100,-8.850100,walking_abha_new
1771603805.9314182,0.535400,-1.055054,-0.312988,-25.268550,33.996590,-39.245610,walking_abha_new
1771603805.953206,0.500000,-0.918945,-0.187256,-22.155760,40.710440,-54.870600,walking_abha_new
1771603805.9863312,0.490234,-0.953247,-0.178955,-17.272950,52.917470,-63.964840,walking_abha_new
1771603805.9939537,0.583252,-0.962769,-0.214111,-15.808104,35.156260,-70.190440,walking_abha_new
1771603806.013105,0.632568,-0.995850,-0.194580,-7.995604,-3.723144,-72.387700,walking_abha_new
1771603806.0310643,0.551514,-1.008057,-0.158447,-5.859374,-29.357908,-73.181160,walking_abha_new
1771603806.050054,0.429932,-0.917358,-0.142090,-7.507323,-31.372068,-78.430200,walking_abha_new
1771603806.070561,0.352173,-0.807862,-0.158325,-7.873534,-23.437492,-81.176740,walking_abha_new
1771603806.0916688,0.299194,-0.717041,-0.181519,-8.483890,-15.075680,-78.613300,walking_abha_new
1771603806.1158009,0.273682,-0.625732,-0.202759,-9.887696,-19.348150,-76.477060,walking_abha_new
1771603806.1364186,0.301758,-0.581543,-0.180908,-2.014160,-24.108880,-74.340840,walking_abha_new
1771603806.153718,0.263062,-0.595459,-0.141846,-10.131832,-17.150880,-70.861840,walking_abha_new
1771603806.175794,0.245361,-0.625366,-0.100220,-12.695310,-12.084960,-64.331060,walking_abha_new
1771603806.195041,0.270874,-0.673584,-0.092041,-16.174320,-8.422854,-55.908200,walking_abha_new
1771603806.2151978,0.289673,-0.718994,-0.112061,-17.700200,-8.544924,-47.912590,walking_abha_new
1771603806.2335565,0.281738,-0.781860,-0.130371,-18.981940,-4.516602,-39.123540,walking_abha_new
1771603806.250751,0.282227,-0.871338,-0.147949,-20.446770,4.760742,-29.174800,walking_abha_new
1771603806.272034,0.328858,-0.983765,-0.166748,-20.996090,16.174320,-19.348150,walking_abha_new
1771603806.292467,0.361938,-1.040162,-0.154419,-22.155760,25.939940,-6.530760,walking_abha_new
1771603806.3162112,0.368042,-0.997559,-0.132324,-16.296390,31.738280,14.343260,walking_abha_new
1771603806.3338535,0.479126,-1.222046,-0.134644,-10.498044,30.212400,27.282710,walking_abha_new
1771603806.3542497,0.569214,-1.476196,-0.085938,6.042480,13.488768,43.884270,walking_abha_new
1771603806.369614,0.570801,-1.400391,-0.065674,10.437010,13.793944,59.020980,walking_abha_new
1771603806.3937886,0.474243,-0.953736,-0.177124,12.939450,18.798830,77.331540,walking_abha_new
1771603806.412886,0.420166,-0.673950,-0.322388,16.174320,18.920900,87.280260,walking_abha_new
1771603806.431566,0.446289,-0.658814,-0.361450,27.343748,12.878416,81.542960,walking_abha_new
1771603806.4532142,0.391480,-0.770996,-0.336670,37.597660,-4.394532,62.194820,walking_abha_new
1771603806.4732003,0.335205,-0.844849,-0.294190,37.353520,-4.577638,49.255360,walking_abha_new
1771603806.4934742,0.407349,-0.868286,-0.285278,32.470710,2.929687,47.302240,walking_abha_new
1771603806.5082674,0.418945,-0.836426,-0.317627,24.353020,3.173828,42.602530,walking_abha_new
1771603806.5329762,0.355469,-0.740601,-0.343628,16.418460,6.469726,37.353520,walking_abha_new
1771603806.5490785,0.330688,-0.652222,-0.351563,10.803220,16.296390,34.118660,walking_abha_new
1771603806.5735674,0.367188,-0.593750,-0.362183,4.577638,24.414060,36.254890,walking_abha_new
1771603806.5940807,0.449829,-0.555298,-0.369629,4.882814,18.432620,34.423840,walking_abha_new
1771603806.612626,0.492676,-0.590210,-0.370361,5.554198,4.028321,31.555170,walking_abha_new
1771603806.6326184,0.484619,-0.654785,-0.357300,3.906249,-4.272462,30.212400,walking_abha_new
1771603806.652801,0.467041,-0.722290,-0.350586,-1.037598,0.183105,31.982420,walking_abha_new
1771603806.6744702,0.519654,-0.771240,-0.341187,-5.432128,7.995604,32.470710,walking_abha_new
1771603806.6907847,0.592285,-0.799683,-0.323120,-9.216310,9.338380,30.578610,walking_abha_new
1771603806.709525,0.617676,-0.758057,-0.317383,-8.544924,1.159668,28.991692,walking_abha_new
1771603806.734044,0.620239,-0.774902,-0.309448,-6.164550,-7.934570,28.991692,walking_abha_new
1771603806.752911,0.624634,-0.841064,-0.307739,-4.638672,-10.253904,25.329584,walking_abha_new
1771603806.779936,0.651245,-0.910278,-0.299683,-2.136231,-12.329100,20.019532,walking_abha_new
1771603806.7928302,0.698364,-1.066162,-0.275757,2.563476,-17.333990,16.784670,walking_abha_new
1771603806.8132305,0.778687,-1.377076,-0.282105,4.821778,-22.705070,19.287110,walking_abha_new
1771603806.834066,0.784180,-1.536744,-0.321045,1.586914,-18.127448,15.502928,walking_abha_new
1771603806.8488104,0.680786,-1.274170,-0.340210,-8.850100,-0.671386,4.333496,walking_abha_new
1771603806.8714154,0.537476,-0.890869,-0.266480,-15.258788,18.005376,-10.253904,walking_abha_new
1771603806.8897634,0.440918,-0.697144,-0.211304,-4.699708,28.686520,-48.034660,walking_abha_new
1771603806.9174972,0.498413,-0.818848,-0.212402,5.371092,24.780270,-69.885260,walking_abha_new
1771603806.9334574,0.593628,-0.882446,-0.209473,9.155274,3.479003,-80.871560,walking_abha_new
1771603806.9522855,0.608032,-0.932373,-0.187378,10.864256,-25.329584,-80.871560,walking_abha_new
1771603806.9747422,0.530640,-0.944702,-0.176147,8.361816,-41.992180,-77.880860,walking_abha_new
1771603806.993684,0.424805,-0.877686,-0.188355,1.770019,-40.222160,-76.660160,walking_abha_new
1771603807.013971,0.295898,-0.763306,-0.194214,-7.751464,-28.808590,-72.937020,walking_abha_new
1771603807.0347705,0.213013,-0.657959,-0.214722,-10.986324,-14.831540,-69.213880,walking_abha_new
1771603807.0469856,0.286133,-0.577881,-0.233643,-9.277344,7.019042,-67.260740,walking_abha_new
1771603807.083164,0.328247,-0.548096,-0.213867,-12.390136,10.864256,-65.917980,walking_abha_new
1771603807.091732,0.329102,-0.569702,-0.171509,-13.916012,1.403808,-59.448240,walking_abha_new
1771603807.1128552,0.342407,-0.593262,-0.138184,-13.793944,-9.521484,-52.917470,walking_abha_new
1771603807.1618176,0.342407,-0.657959,-0.135620,-12.145992,-17.395020,-46.020500,walking_abha_new
1771603807.1618176,0.331177,-0.743042,-0.156006,-11.962890,-17.272950,-40.954580,walking_abha_new
1771603807.173686,0.321045,-0.837280,-0.172974,-14.953610,-11.535644,-32.348640,walking_abha_new
1771603807.1951518,0.327026,-0.916260,-0.185547,-19.836430,-1.037598,-22.644040,walking_abha_new
1771603807.2100022,0.349243,-0.998902,-0.186646,-24.353020,14.770504,-11.169430,walking_abha_new
1771603807.230161,0.355591,-1.040650,-0.166382,-30.090330,35.156260,2.197266,walking_abha_new
1771603807.2518198,0.377441,-1.015870,-0.144165,-30.212400,48.522940,14.099120,walking_abha_new
1771603807.271449,0.499756,-1.115234,-0.158691,-25.207516,50.354000,31.555170,walking_abha_new
1771603807.2985668,0.559082,-1.331177,-0.148804,-15.319820,34.301760,45.959460,walking_abha_new
1771603807.313304,0.532104,-1.368896,-0.051270,-8.850100,29.907220,57.678220,walking_abha_new
1771603807.3338187,0.432739,-1.090698,-0.053955,-7.263182,43.090810,71.899440,walking_abha_new
1771603807.3549757,0.403687,-0.793823,-0.176147,-1.159668,59.570300,82.031240,walking_abha_new
1771603807.392636,0.468628,-0.650024,-0.303833,9.826660,22.766110,75.927740,walking_abha_new
1771603807.392636,0.494751,-0.729736,-0.308350,25.939940,-22.094720,67.382820,walking_abha_new
1771603807.4058554,0.364014,-0.833740,-0.262817,34.118660,-44.494620,56.579580,walking_abha_new
1771603807.4311407,0.336670,-0.902222,-0.238892,31.860350,-37.536620,53.466780,walking_abha_new
1771603807.4545834,0.423950,-0.889648,-0.251221,26.916500,-29.052730,51.757800,walking_abha_new
1771603807.4730382,0.302979,-0.794922,-0.272949,20.690910,-24.841304,48.950180,walking_abha_new
1771603807.4947464,0.222534,-0.731934,-0.268677,11.535644,-4.943848,46.569820,walking_abha_new
1771603807.508416,0.242188,-0.686279,-0.256104,1.037598,22.216790,49.316400,walking_abha_new
1771603807.5315707,0.354736,-0.641968,-0.255371,-4.943848,35.644540,51.208480,walking_abha_new
1771603807.5542364,0.480957,-0.637695,-0.266480,-2.624511,27.343748,47.424300,walking_abha_new
1771603807.5713003,0.555908,-0.677124,-0.275879,0.183105,7.202148,46.569820,walking_abha_new
1771603807.5912564,0.552002,-0.718872,-0.296387,1.892090,-7.263182,48.034660,walking_abha_new
1771603807.6123261,0.562378,-0.773316,-0.315552,-0.122070,-10.375976,51.574700,walking_abha_new
1771603807.6336832,0.597168,-0.790894,-0.321289,-3.173828,-7.934570,53.283680,walking_abha_new
1771603807.6559615,0.620117,-0.753418,-0.317993,-5.676268,-6.347656,48.950180,walking_abha_new
1771603807.6681736,0.639160,-0.764404,-0.325073,-5.432128,-10.131832,44.616690,walking_abha_new
1771603807.6935675,0.661011,-0.824341,-0.336060,-5.493162,-13.488768,38.024910,walking_abha_new
1771603807.7131433,0.667969,-0.890503,-0.336060,-7.385252,-13.671872,30.456540,walking_abha_new
1771603807.7333865,0.665161,-0.977661,-0.312012,-7.995604,-8.117676,19.531250,walking_abha_new
1771603807.7530456,0.701172,-1.209473,-0.295166,-7.202148,0.000000,11.169430,walking_abha_new
1771603807.7727036,0.764771,-1.445068,-0.311401,-11.108396,11.779784,4.516602,walking_abha_new
1771603807.79257,0.731934,-1.354492,-0.331909,-19.287110,27.770990,-9.948730,walking_abha_new
1771603807.8136806,0.641113,-1.010620,-0.271240,-22.827140,37.963880,-29.235832,walking_abha_new
1771603807.8333442,0.549438,-0.789795,-0.192261,-9.826660,37.780760,-65.551760,walking_abha_new
1771603807.8541691,0.571778,-0.865967,-0.185791,-0.183105,26.733390,-86.303700,walking_abha_new
1771603807.8689377,0.631104,-0.938110,-0.192261,6.652830,1.342773,-100.036600,walking_abha_new
1771603807.8917346,0.649048,-0.984253,-0.189453,10.742184,-30.639640,-106.323220,walking_abha_new
1771603807.9108539,0.596436,-0.993530,-0.182373,10.925290,-49.987780,-108.703600,walking_abha_new
1771603807.9306903,0.489990,-0.931641,-0.181763,6.164550,-54.504380,-109.802240,walking_abha_new
1771603807.9472866,0.363525,-0.812012,-0.189941,2.319336,-47.424300,-111.999500,walking_abha_new
1771603807.9724884,0.259033,-0.711548,-0.202026,-3.906249,-39.672860,-114.257800,walking_abha_new
1771603807.9942782,0.263794,-0.642822,-0.224976,-2.868652,-25.634760,-114.990220,walking_abha_new
1771603808.0138853,0.292236,-0.636719,-0.220215,-1.403808,-18.859868,-111.267080,walking_abha_new
1771603808.0324218,0.305664,-0.679688,-0.145874,-15.686032,-12.145992,-96.130360,walking_abha_new
1771603808.0506032,0.311401,-0.673462,-0.100342,-20.629880,-12.084960,-83.007800,walking_abha_new
1771603808.073617,0.334961,-0.715698,-0.096436,-22.705070,-11.169430,-69.152840,walking_abha_new
1771603808.0914273,0.352417,-0.771362,-0.119263,-23.986810,-11.840818,-55.419910,walking_abha_new
1771603808.1424832,0.332764,-0.819946,-0.146118,-23.376460,-10.620116,-45.837400,walking_abha_new
1771603808.1424832,0.304443,-0.853272,-0.158569,-22.338860,-1.953124,-37.841800,walking_abha_new
1771603808.1597483,0.307617,-0.908081,-0.172607,-21.850580,12.634276,-27.099608,walking_abha_new
1771603808.175835,0.348877,-0.953491,-0.165405,-21.423332,23.864740,-15.258788,walking_abha_new
1771603808.1884737,0.379761,-0.949707,-0.142090,-17.578130,27.160640,-3.417968,walking_abha_new
1771603808.2091873,0.419312,-0.980591,-0.139282,-8.300784,20.935052,18.371584,walking_abha_new
1771603808.230773,0.556274,-1.226807,-0.117432,-2.136231,10.742184,36.193860,walking_abha_new
1771603808.254132,0.552490,-1.236450,-0.088501,2.136231,6.347656,55.114740,walking_abha_new
1771603808.2736964,0.473633,-1.000977,-0.103760,5.249022,11.901852,73.242200,walking_abha_new
1771603808.2921114,0.432495,-0.812500,-0.180298,6.835936,24.353020,85.388160,walking_abha_new
1771603808.31417,0.440430,-0.733276,-0.271606,13.488768,27.465816,86.547840,walking_abha_new
1771603808.3340528,0.482544,-0.751343,-0.301392,24.047850,27.404780,78.430200,walking_abha_new
1771603808.3559914,0.474365,-0.812866,-0.306274,32.775880,7.324218,66.040040,walking_abha_new
1771603808.3702734,0.505493,-0.857422,-0.311035,33.691410,-1.159668,60.913080,walking_abha_new
1771603808.3897786,0.592774,-0.820312,-0.336548,37.475590,-16.296390,57.250960,walking_abha_new
1771603808.4157593,0.546509,-0.735840,-0.383179,39.001470,-47.912590,57.067860,walking_abha_new
1771603808.4319396,0.441406,-0.636597,-0.405274,35.827640,-53.894040,48.400870,walking_abha_new
1771603808.4544032,0.357056,-0.612915,-0.370850,27.648920,-43.762200,53.466780,walking_abha_new
1771603808.473494,0.310791,-0.604858,-0.333252,17.211920,-21.301268,58.715810,walking_abha_new
1771603808.4936428,0.364746,-0.629272,-0.331543,9.155274,-2.990722,57.434080,walking_abha_new
1771603808.5143802,0.442749,-0.637940,-0.350098,4.089356,3.662109,53.405750,walking_abha_new
1771603808.5288348,0.503052,-0.665772,-0.350586,1.220704,3.784179,49.499500,walking_abha_new
1771603808.5555596,0.534790,-0.712891,-0.340576,-1.953124,2.502442,52.124020,walking_abha_new
1771603808.5723052,0.567749,-0.761108,-0.346680,-4.211426,2.258301,54.077140,walking_abha_new
1771603808.5918746,0.597046,-0.777954,-0.351440,-6.835936,2.197266,51.086420,walking_abha_new
1771603808.6129692,0.606812,-0.740234,-0.343750,-6.591796,-1.220704,47.180160,walking_abha_new
1771603808.6326954,0.618408,-0.802734,-0.319702,-4.577638,-5.981444,41.564930,walking_abha_new
1771603808.654178,0.632690,-0.902466,-0.305542,-2.990722,-7.385252,33.691410,walking_abha_new
1771603808.674445,0.657837,-1.017334,-0.297241,-2.197266,-5.920409,25.756830,walking_abha_new
1771603808.6883898,0.644898,-1.070068,-0.274414,-2.746581,3.112792,19.897460,walking_abha_new
1771603808.7136846,0.674927,-1.159058,-0.281738,-2.868652,10.498044,20.629880,walking_abha_new
1771603808.7299442,0.727661,-1.297242,-0.330688,-2.868652,15.258788,12.329100,walking_abha_new
1771603808.7506218,0.683594,-1.185791,-0.349243,-5.981444,21.423332,-4.455568,walking_abha_new
1771603808.7721558,0.600830,-0.920044,-0.285889,-8.483890,24.169920,-19.958500,walking_abha_new
1771603808.7927096,0.546509,-0.822388,-0.204224,2.014160,16.174320,-46.752920,walking_abha_new
1771603808.8133116,0.571045,-0.907471,-0.193237,5.065916,10.314940,-58.410640,walking_abha_new
1771603808.8333645,0.629883,-0.903931,-0.199585,7.629394,-10.375976,-65.246600,walking_abha_new
1771603808.853017,0.587524,-0.913940,-0.183350,12.329100,-35.034180,-71.716320,walking_abha_new
1771603808.8687134,0.508423,-0.924927,-0.185425,12.084960,-43.334950,-74.523940,walking_abha_new
1771603808.894395,0.440552,-0.871948,-0.200439,9.399414,-40.710440,-81.787100,walking_abha_new
1771603808.9251711,0.359253,-0.778564,-0.187744,5.615234,-33.752440,-85.449200,walking_abha_new
1771603808.9345386,0.279663,-0.697510,-0.192139,2.441407,-23.376460,-85.266100,walking_abha_new
1771603808.9522579,0.294067,-0.629761,-0.213989,2.624511,-13.671872,-87.036100,walking_abha_new
1771603808.9732049,0.331299,-0.602905,-0.222656,2.502442,-9.399414,-87.097160,walking_abha_new
1771603808.9939892,0.314331,-0.619995,-0.186890,-1.098633,-15.930172,-79.040540,walking_abha_new
1771603809.0139925,0.322388,-0.637940,-0.159424,-4.760742,-23.559568,-68.115240,walking_abha_new
1771603809.0336597,0.319824,-0.700073,-0.151489,-5.859374,-28.442380,-58.288560,walking_abha_new
1771603809.0494366,0.303223,-0.813599,-0.169434,-10.375976,-25.085448,-46.264640,walking_abha_new
1771603809.071332,0.320679,-0.889160,-0.176392,-16.967780,-18.066410,-32.470710,walking_abha_new
1771603809.0912905,0.298096,-0.916748,-0.185669,-22.521970,-6.774902,-19.165040,walking_abha_new
1771603809.1132238,0.318482,-0.954346,-0.204468,-26.367180,9.277344,-6.652830,walking_abha_new
1771603809.131946,0.357544,-0.988892,-0.204590,-29.663080,23.742670,6.347656,walking_abha_new
1771603809.1537688,0.367066,-0.956909,-0.155884,-29.968260,33.874520,15.686032,walking_abha_new
1771603809.1736033,0.418457,-1.056396,-0.136963,-18.615724,36.376960,31.860350,walking_abha_new
1771603809.1944077,0.548340,-1.312622,-0.125610,-8.544924,35.339360,45.104970,walking_abha_new
1771603809.2119403,0.545288,-1.367554,-0.096069,-5.737304,20.996090,59.936520,walking_abha_new
1771603809.2331817,0.471924,-1.101807,-0.101196,-4.455568,26.000970,76.416040,walking_abha_new
1771603809.2510448,0.389771,-0.819580,-0.188965,-3.845214,36.071780,90.820300,walking_abha_new
1771603809.273235,0.422974,-0.669922,-0.320068,6.469726,28.930660,87.646460,walking_abha_new
1771603809.2927625,0.492676,-0.714478,-0.364136,20.996090,-1.953124,77.026380,walking_abha_new
1771603809.3132162,0.436401,-0.788940,-0.354004,31.249992,-29.785150,62.805160,walking_abha_new
1771603809.3376133,0.407349,-0.855469,-0.296265,32.409680,-39.428720,54.565420,walking_abha_new
1771603809.3480487,0.396240,-0.865723,-0.239014,27.160640,-37.902840,48.522940,walking_abha_new
1771603809.3749366,0.265137,-0.808838,-0.244019,19.287110,-24.230950,44.250480,walking_abha_new
1771603809.391435,0.220215,-0.741821,-0.284546,10.192870,0.732422,38.208020,walking_abha_new
1771603809.4116285,0.259155,-0.695190,-0.317871,2.319336,22.827140,34.423840,walking_abha_new
1771603809.4315057,0.337036,-0.651367,-0.302490,-2.624511,33.386240,32.409680,walking_abha_new
1771603809.4542205,0.385132,-0.634888,-0.275269,-2.685546,32.409680,28.930660,walking_abha_new
1771603809.4731107,0.422608,-0.645264,-0.271484,-2.685546,27.404780,25.634760,walking_abha_new
1771603809.4940717,0.470215,-0.675659,-0.285400,-3.112792,21.667476,28.137200,walking_abha_new
1771603809.5138562,0.488770,-0.703369,-0.305908,-4.272462,16.784670,32.897960,walking_abha_new
1771603809.5416508,0.504883,-0.734131,-0.309082,-6.225584,15.869140,36.682140,walking_abha_new
1771603809.5557318,0.545166,-0.728516,-0.288330,-7.751464,15.258788,34.057620,walking_abha_new
1771603809.5721378,0.574341,-0.755615,-0.276367,-7.507323,11.352536,31.127924,walking_abha_new
1771603809.591006,0.607666,-0.821411,-0.282593,-6.774902,6.652830,28.320310,walking_abha_new
1771603809.6117582,0.631836,-0.915405,-0.290161,-5.615234,3.601074,25.573724,walking_abha_new
1771603809.6337662,0.672241,-1.058472,-0.280029,-2.197266,2.624511,21.057124,walking_abha_new
1771603809.6672914,0.771240,-1.385742,-0.293091,2.441407,0.366211,19.836430,walking_abha_new
1771603809.6738386,0.833740,-1.633667,-0.332398,-2.746581,5.737304,23.315424,walking_abha_new
1771603809.6912618,0.714112,-1.310547,-0.342651,-11.047360,18.371584,15.380856,walking_abha_new
1771603809.734552,0.569702,-0.917480,-0.248535,-13.000484,28.137200,-1.892090,walking_abha_new
1771603809.7350836,0.480103,-0.745117,-0.221680,3.356933,23.315424,-41.748040,walking_abha_new
1771603809.7516627,0.500854,-0.820190,-0.227417,12.023924,8.789064,-67.321800,walking_abha_new
1771603809.7785337,0.529053,-0.861328,-0.197632,16.296390,-15.075680,-78.491220,walking_abha_new
1771603809.7927375,0.504883,-0.940674,-0.169800,14.770504,-36.438000,-75.561540,walking_abha_new
1771603809.8131192,0.419556,-0.955688,-0.163208,9.033204,-41.564930,-72.998060,walking_abha_new
1771603809.8333433,0.306763,-0.867798,-0.173584,2.258301,-29.846190,-74.340840,walking_abha_new
1771603809.862218,0.237671,-0.742554,-0.177124,-6.835936,-12.634276,-71.167000,walking_abha_new
1771603809.8689697,0.222778,-0.628784,-0.189331,-8.239746,-1.525878,-69.335940,walking_abha_new
1771603809.890678,0.260376,-0.583130,-0.183960,-5.310058,1.220704,-68.786640,walking_abha_new
1771603809.9104826,0.271851,-0.607178,-0.170898,-5.371092,-0.915527,-63.598620,walking_abha_new
1771603809.9343796,0.323853,-0.671021,-0.126343,-6.958006,-17.028810,-51.940910,walking_abha_new
1771603809.954579,0.348022,-0.724732,-0.100708,-14.343260,-24.414060,-39.855960,walking_abha_new
1771603809.9739904,0.304199,-0.773194,-0.119019,-14.648436,-27.954100,-32.653820,walking_abha_new
1771603809.9873538,0.292725,-0.860108,-0.145142,-15.747068,-19.714360,-29.724120,walking_abha_new
1771603810.0137875,0.307129,-0.938965,-0.157715,-18.859868,-5.554198,-26.123040,walking_abha_new
1771603810.0324705,0.314087,-1.004394,-0.160156,-23.010250,13.671872,-21.484370,walking_abha_new
1771603810.0541587,0.356567,-1.056519,-0.152710,-26.062010,30.761716,-16.479492,walking_abha_new
1771603810.0738122,0.366455,-1.014648,-0.128418,-27.038570,40.283200,-8.239746,walking_abha_new
1771603810.0920029,0.396729,-1.009034,-0.130249,-20.141600,42.724600,-1.708984,walking_abha_new
1771603810.1140423,0.516968,-1.233643,-0.128174,-9.094240,34.301760,11.901852,walking_abha_new
1771603810.1336303,0.550415,-1.487061,-0.003296,6.591796,24.230950,26.794430,walking_abha_new
1771603810.154907,0.414063,-1.165162,-0.048584,4.821778,28.503410,41.564930,walking_abha_new
1771603810.173909,0.349487,-0.763428,-0.225586,4.760742,34.057620,56.762680,walking_abha_new
1771603810.1890383,0.376465,-0.559814,-0.297485,20.019532,30.273430,56.213370,walking_abha_new
1771603810.21343,0.354858,-0.671387,-0.285278,34.484870,-0.610352,47.241200,walking_abha_new
1771603810.2333004,0.341187,-0.812744,-0.241699,34.790040,-8.056642,38.940440,walking_abha_new
1771603810.2529051,0.364868,-0.860840,-0.219971,31.127924,-4.455568,40.405260,walking_abha_new
1771603810.271419,0.432983,-0.863892,-0.218384,27.404780,-7.019042,40.588370,walking_abha_new
1771603810.2930338,0.447632,-0.810547,-0.250855,24.902340,-16.784670,36.926280,walking_abha_new
1771603810.3152628,0.382202,-0.704468,-0.338501,22.705070,-21.118160,28.198240,walking_abha_new
1771603810.327661,0.366455,-0.657349,-0.364136,18.615724,-13.977050,25.512690,walking_abha_new
1771603810.3491845,0.410400,-0.608154,-0.337891,13.366696,-9.460450,27.893060,walking_abha_new
1771603810.3724678,0.429321,-0.588867,-0.338501,9.399414,-10.375976,27.648920,walking_abha_new
1771603810.3894482,0.469238,-0.623902,-0.297119,10.620116,-11.230468,23.010250,walking_abha_new
1771603810.4124403,0.439941,-0.677979,-0.307251,4.455568,-8.666994,24.353020,walking_abha_new
1771603810.4337847,0.463501,-0.705811,-0.285034,-3.723144,4.638672,25.817870,walking_abha_new
1771603810.452309,0.531494,-0.708984,-0.264648,-8.300784,11.352536,26.794430,walking_abha_new
1771603810.4744148,0.571778,-0.712280,-0.250977,-9.338380,10.070800,23.559568,walking_abha_new
1771603810.4933765,0.607422,-0.724365,-0.237915,-9.582520,-2.990722,22.705070,walking_abha_new
1771603810.5135567,0.650879,-0.826294,-0.248413,-8.605960,-8.178714,21.667476,walking_abha_new
1771603810.52863,0.656616,-0.920776,-0.249634,-9.826660,-7.141112,19.287110,walking_abha_new
1771603810.5501294,0.663818,-1.042847,-0.230713,-10.681150,-1.831054,14.709470,walking_abha_new
1771603810.5711684,0.737793,-1.279419,-0.201294,-7.141112,5.371092,10.742184,walking_abha_new
1771603810.591129,0.801880,-1.565796,-0.204102,-10.314940,17.822270,14.343260,walking_abha_new
1771603810.6137185,0.771729,-1.481446,-0.238281,-19.775390,34.301760,9.704590,walking_abha_new
1771603810.6340058,0.663574,-1.088746,-0.225952,-24.780270,48.278800,-4.089356,walking_abha_new
1771603810.653891,0.498413,-0.712036,-0.183105,-24.169920,52.062980,-24.780270,walking_abha_new
1771603810.6751611,0.464478,-0.626587,-0.186646,-3.173828,54.870600,-54.077140,walking_abha_new
1771603810.6899676,0.616821,-0.826660,-0.190308,18.188480,53.222640,-85.571260,walking_abha_new
1771603810.7124279,0.601685,-0.869263,-0.151245,20.874020,15.624996,-92.468240,walking_abha_new
1771603810.7300603,0.576538,-0.901612,-0.118408,16.845708,-2.685546,-88.623040,walking_abha_new
1771603810.7508564,0.486572,-0.878906,-0.107788,8.544924,-4.699708,-84.045400,walking_abha_new
1771603810.7846243,0.410522,-0.803223,-0.122070,3.601074,10.498044,-81.970200,walking_abha_new
1771603810.7923899,0.380859,-0.686768,-0.137207,-0.488281,19.897460,-75.866700,walking_abha_new
1771603810.8602667,0.457275,-0.538452,-0.128662,3.234863,21.667476,-73.669440,walking_abha_new
1771603810.8602667,0.458984,-0.549316,-0.118896,4.638672,10.314940,-70.983900,walking_abha_new
1771603810.8857203,0.453858,-0.562378,-0.086792,3.051757,-6.835936,-62.377920,walking_abha_new
1771603810.8903215,0.434692,-0.597168,-0.057129,1.342773,-15.991210,-57.617180,walking_abha_new
1771603810.9115853,0.429932,-0.668823,-0.048828,1.831054,-19.470220,-54.321280,walking_abha_new
1771603810.9325533,0.415405,-0.753296,-0.056519,-0.732422,-16.296390,-48.156730,walking_abha_new
1771603810.9521084,0.423828,-0.817383,-0.077759,-4.211426,-10.253904,-41.381820,walking_abha_new
1771603810.9729931,0.460205,-0.890991,-0.094238,-6.713866,-2.319336,-32.958990,walking_abha_new
1771603810.9878635,0.494263,-0.957520,-0.090210,-11.901852,4.943848,-19.531250,walking_abha_new
1771603811.0145288,0.500000,-0.972412,-0.065674,-16.784670,7.141112,-5.249022,walking_abha_new
1771603811.0345783,0.483032,-0.964844,-0.062256,-15.502928,5.249022,3.662109,walking_abha_new
1771603811.0501318,0.501587,-1.023804,-0.083374,-10.681150,1.281738,13.488768,walking_abha_new
1771603811.0728776,0.568848,-1.296997,-0.019775,-4.699708,-10.253904,38.146980,walking_abha_new
1771603811.0960314,0.536499,-1.218994,0.027222,-9.033204,-7.995604,59.448240,walking_abha_new
1771603811.111521,0.417603,-0.906372,-0.034912,-12.817380,4.333496,81.542960,walking_abha_new
1771603811.1324563,0.425781,-0.727417,-0.170288,-3.173828,12.451170,91.979960,walking_abha_new
1771603811.1536098,0.487549,-0.728516,-0.259888,10.070800,-7.385252,90.515120,walking_abha_new
1771603811.1735406,0.496948,-0.814575,-0.233154,21.118160,-25.085448,81.787100,walking_abha_new
1771603811.1906233,0.433350,-0.866821,-0.206543,25.024410,-28.747552,73.242200,walking_abha_new
1771603811.2101367,0.463501,-0.878418,-0.210205,23.803708,-21.789548,72.082540,walking_abha_new
1771603811.2306654,0.521729,-0.821778,-0.226074,23.559568,-25.695796,71.044940,walking_abha_new
1771603811.2508118,0.451660,-0.733276,-0.249756,24.658200,-34.057620,60.180660,walking_abha_new
1771603811.2740107,0.316650,-0.671387,-0.262940,20.935052,-20.324700,56.274400,walking_abha_new
1771603811.2914379,0.368408,-0.666382,-0.244019,14.404296,-2.075196,56.457510,walking_abha_new
1771603811.307432,0.454712,-0.641602,-0.220581,11.047360,1.708984,55.969230,walking_abha_new
1771603811.3333137,0.506836,-0.632080,-0.208252,11.474608,-7.995604,51.574700,walking_abha_new
1771603811.3540936,0.514038,-0.661499,-0.201416,12.756344,-18.005376,49.255360,walking_abha_new
1771603811.3725772,0.494385,-0.712524,-0.217651,11.169430,-15.197750,49.560540,walking_abha_new
1771603811.3897996,0.544312,-0.764282,-0.238037,6.713866,-2.685546,50.292960,walking_abha_new
1771603811.4112809,0.637695,-0.776245,-0.249390,2.380371,3.234863,51.452620,walking_abha_new
1771603811.4324126,0.702026,-0.756348,-0.245361,0.122070,-1.342773,50.842280,walking_abha_new
1771603811.452254,0.757935,-0.800415,-0.253052,-1.647949,-16.235352,49.499500,walking_abha_new
1771603811.4729846,0.762695,-0.866455,-0.261719,-3.112792,-18.981940,44.799800,walking_abha_new
1771603811.4931083,0.780274,-0.952148,-0.265747,-5.004884,-16.601568,34.606940,walking_abha_new
1771603811.5139685,0.802368,-1.071412,-0.244019,-4.150392,-11.474608,22.216790,walking_abha_new
1771603811.5286634,0.877197,-1.359375,-0.247314,-1.892090,-7.507323,16.845708,walking_abha_new
1771603811.5494926,0.899414,-1.526246,-0.253296,-11.108396,3.845214,5.737304,walking_abha_new
1771603811.5720034,0.778931,-1.245606,-0.231689,-20.996090,17.883300,-11.535644,walking_abha_new
1771603811.5909958,0.658203,-0.927490,-0.183472,-20.080560,23.498530,-34.057620,walking_abha_new
1771603811.6058226,0.613892,-0.804810,-0.179932,-6.530760,21.789548,-60.974110,walking_abha_new
1771603811.6323822,0.623413,-0.823975,-0.181519,2.990722,13.122556,-89.599600,walking_abha_new
1771603811.6543133,0.655640,-0.899048,-0.153442,13.183590,-27.648920,-98.327620,walking_abha_new
1771603811.674363,0.595947,-0.994385,-0.111938,11.657712,-46.325680,-101.379380,walking_abha_new
1771603811.68837,0.498413,-1.030152,-0.081055,7.385252,-46.874990,-106.933560,walking_abha_new
1771603811.7126234,0.392334,-0.968628,-0.071655,0.732422,-35.522460,-110.595680,walking_abha_new
1771603811.730036,0.298950,-0.828980,-0.096436,-5.920409,-21.850580,-107.360820,walking_abha_new
1771603811.7529416,0.283569,-0.704346,-0.123169,-5.798338,-12.939450,-106.018040,walking_abha_new
1771603811.7729814,0.302246,-0.631714,-0.141235,-0.610352,-2.136231,-106.201160,walking_abha_new
1771603811.7921422,0.323975,-0.602661,-0.140747,-5.554198,1.953124,-102.050760,walking_abha_new
1771603811.8133826,0.310181,-0.612549,-0.117188,-5.249022,-4.943848,-95.642060,walking_abha_new
1771603811.8332179,0.323486,-0.664185,-0.057617,-10.253904,-14.160152,-83.190900,walking_abha_new
1771603811.8524568,0.311890,-0.720093,-0.042725,-10.314940,-19.409180,-74.218760,walking_abha_new
1771603811.8748486,0.315064,-0.807739,-0.064209,-9.887696,-20.751950,-64.209000,walking_abha_new
1771603811.8921034,0.327515,-0.897705,-0.084473,-10.192870,-16.357424,-54.931630,walking_abha_new
1771603811.9115076,0.317261,-0.967285,-0.088745,-12.817380,-5.126952,-45.532220,walking_abha_new
1771603811.9312272,0.321167,-0.995484,-0.104614,-16.540530,10.742184,-32.104500,walking_abha_new
1771603811.9541745,0.330444,-0.979736,-0.109253,-20.812980,25.146480,-16.418460,walking_abha_new
1771603811.9731274,0.339722,-0.925293,-0.096558,-19.226080,31.799310,-1.953124,walking_abha_new
1771603811.98684,0.402100,-1.053223,-0.063232,-8.422854,31.677240,12.451170,walking_abha_new
1771603812.0135627,0.549316,-1.327515,-0.036743,1.831054,24.291990,46.508780,walking_abha_new
1771603812.0278397,0.589722,-1.296265,-0.022949,-3.234863,11.352536,65.551760,walking_abha_new
1771603812.080382,0.451660,-0.870484,-0.112549,-8.178714,14.221190,86.975080,walking_abha_new
1771603812.080382,0.404907,-0.625977,-0.253174,2.502442,10.437010,98.266580,walking_abha_new
1771603812.080382,0.470947,-0.662354,-0.293945,18.005376,7.934570,94.177240,walking_abha_new
1771603812.1141086,0.460571,-0.805420,-0.270264,26.733390,-9.521484,83.496060,walking_abha_new
1771603812.1341228,0.461426,-0.849243,-0.253906,32.714850,-12.573240,69.335940,walking_abha_new
1771603812.1535249,0.531860,-0.864624,-0.260620,33.752440,-14.282224,64.880380,walking_abha_new
1771603812.173732,0.550415,-0.830933,-0.280762,31.372068,-19.714360,61.218250,walking_abha_new
1771603812.1938953,0.485596,-0.752442,-0.297485,30.761716,-23.010250,51.574700,walking_abha_new
1771603812.210252,0.437744,-0.674561,-0.310059,21.972650,-11.291500,52.429190,walking_abha_new
1771603812.2297544,0.470947,-0.612793,-0.313477,15.136716,-5.920409,56.884760,walking_abha_new
1771603812.2523394,0.496826,-0.578858,-0.293823,12.145992,-8.300784,55.541980,walking_abha_new
1771603812.2717943,0.505493,-0.591309,-0.261108,10.070800,-13.488768,52.429190,walking_abha_new
1771603812.2928648,0.500854,-0.612671,-0.250000,7.202148,-14.709470,48.583980,walking_abha_new
1771603812.3135688,0.531006,-0.646851,-0.247803,5.737304,-10.864256,46.508780,walking_abha_new
1771603812.3340654,0.582398,-0.696900,-0.246216,3.967285,-6.896972,46.997060,walking_abha_new
1771603812.3541741,0.634155,-0.728272,-0.233765,0.732422,-7.446288,49.072260,walking_abha_new
1771603812.3688362,0.659058,-0.718872,-0.220093,-1.647949,-13.549804,51.086420,walking_abha_new
1771603812.3895519,0.687378,-0.740356,-0.227295,-1.831054,-21.789548,51.269520,walking_abha_new
1771603812.4107237,0.739014,-0.879395,-0.255859,-2.319336,-31.005852,45.410140,walking_abha_new
1771603812.4332328,0.751221,-0.984131,-0.258301,-2.319336,-31.555170,37.231450,walking_abha_new
1771603812.453643,0.751953,-1.158326,-0.251099,-2.136231,-21.789548,29.296870,walking_abha_new
1771603812.4738414,0.808594,-1.454224,-0.275146,-4.394532,-8.300784,24.719230,walking_abha_new
1771603812.4929204,0.833008,-1.643799,-0.292847,-9.704590,9.887696,9.704590,walking_abha_new
1771603812.5142634,0.716187,-1.384156,-0.269043,-19.165040,35.217290,-12.329100,walking_abha_new
1771603812.5346217,0.555542,-0.927734,-0.209106,-25.329584,53.771960,-30.456540,walking_abha_new
1771603812.55022,0.501587,-0.627320,-0.208374,-14.709470,55.847160,-55.358880,walking_abha_new
1771603812.5716398,0.560303,-0.671997,-0.230713,6.225584,44.311520,-82.397440,walking_abha_new
1771603812.590973,0.641968,-0.858398,-0.227661,18.737796,-8.239746,-101.074200,walking_abha_new
1771603812.6161125,0.640259,-0.916016,-0.177612,17.883300,-41.320790,-97.229000,walking_abha_new
1771603812.6326587,0.532593,-0.941772,-0.119995,11.291500,-56.518540,-89.233380,walking_abha_new
1771603812.6540859,0.400513,-0.872070,-0.118652,3.540038,-52.612300,-84.106440,walking_abha_new
1771603812.6739388,0.329590,-0.752808,-0.148926,-3.479003,-47.058100,-79.406740,walking_abha_new
1771603812.691679,0.313110,-0.642944,-0.183838,-3.112792,-46.264640,-76.110840,walking_abha_new
1771603812.7191057,0.334473,-0.582520,-0.191650,-0.671386,-44.128410,-72.631840,walking_abha_new
1771603812.7367806,0.320801,-0.578980,-0.170410,-1.770019,-46.386710,-66.833500,walking_abha_new
1771603812.753771,0.332031,-0.600098,-0.152588,-5.371092,-46.264640,-63.171380,walking_abha_new
1771603812.7719667,0.336914,-0.636353,-0.111084,-8.605960,-48.767080,-57.495110,walking_abha_new
1771603812.7926636,0.288696,-0.691284,-0.087280,-13.122556,-47.912590,-46.508780,walking_abha_new
1771603812.8131926,0.274658,-0.759278,-0.099365,-13.366696,-36.193860,-41.381820,walking_abha_new
1771603812.8630202,0.279541,-0.829102,-0.113159,-16.540530,-16.479492,-33.752440,walking_abha_new
1771603812.8798022,0.280151,-0.870972,-0.117065,-20.751950,3.601074,-24.597160,walking_abha_new
1771603812.8886297,0.319458,-0.922363,-0.112183,-22.705070,21.545408,-16.357424,walking_abha_new
1771603812.9042215,0.358032,-0.972168,-0.098389,-23.498530,34.484870,-6.347656,walking_abha_new
1771603812.9183962,0.394043,-0.988281,-0.095947,-21.362300,41.687000,3.417968,walking_abha_new
1771603812.9317355,0.473267,-1.022705,-0.129272,-15.686032,41.320790,13.061520,walking_abha_new
1771603812.9525297,0.574097,-1.167847,-0.147827,-7.995604,28.381340,28.320310,walking_abha_new
1771603812.9736552,0.648316,-1.336670,-0.084229,-3.173828,10.864256,55.541980,walking_abha_new
1771603812.9879365,0.525269,-1.095215,-0.105225,-3.601074,12.634276,73.608400,walking_abha_new
1771603813.0108607,0.432373,-0.806885,-0.143311,-3.051757,26.550290,83.129860,walking_abha_new
1771603813.0305681,0.418823,-0.643311,-0.235962,0.732422,42.968740,84.533660,walking_abha_new
1771603813.0519524,0.435791,-0.637818,-0.300537,14.038084,36.499030,67.810060,walking_abha_new
1771603813.07338,0.477295,-0.748535,-0.278320,21.057124,22.094720,49.377430,walking_abha_new
1771603813.0916069,0.496704,-0.824341,-0.249146,23.803708,13.244628,42.114250,walking_abha_new
1771603813.1127348,0.543213,-0.844360,-0.248291,24.597160,2.563476,41.687000,walking_abha_new
1771603813.1328583,0.544678,-0.813477,-0.276245,26.977532,-11.230468,35.949720,walking_abha_new
1771603813.1474392,0.459839,-0.752686,-0.302734,26.489250,-18.249516,30.334470,walking_abha_new
1771603813.172409,0.352417,-0.641846,-0.329956,18.188480,-4.455568,28.564450,walking_abha_new
1771603813.1943932,0.393188,-0.591309,-0.322998,12.939450,7.629394,28.564450,walking_abha_new
1771603813.2139518,0.456909,-0.577637,-0.296387,10.559080,7.751464,28.442380,walking_abha_new
1771603813.230802,0.506836,-0.598267,-0.273682,10.131832,-0.305176,26.916500,walking_abha_new
1771603813.2508047,0.523682,-0.628052,-0.267090,8.422854,-8.789064,28.076170,walking_abha_new
1771603813.2725902,0.513428,-0.665528,-0.277954,6.164550,-9.704590,29.663080,walking_abha_new
1771603813.2928255,0.537720,-0.726318,-0.288452,1.892090,-3.234863,31.921380,walking_abha_new
1771603813.3093512,0.588135,-0.761475,-0.285522,-2.746581,1.708984,33.081060,walking_abha_new
1771603813.3341262,0.630737,-0.758545,-0.274902,-5.493162,-0.976562,33.569340,walking_abha_new
1771603813.3541725,0.653320,-0.795776,-0.277710,-6.286620,-10.009768,33.203130,walking_abha_new
1771603813.3747644,0.652344,-0.876831,-0.276611,-5.187988,-11.169430,26.672360,walking_abha_new
1771603813.389661,0.662598,-0.987671,-0.279053,-4.333496,-9.887696,19.287110,walking_abha_new
1771603813.4107401,0.677368,-1.111450,-0.266846,-2.197266,-5.615234,9.460450,walking_abha_new
1771603813.4309561,0.695679,-1.345459,-0.253906,-0.488281,2.258301,8.361816,walking_abha_new
1771603813.4472687,0.721436,-1.518433,-0.257813,-5.310058,14.831540,5.676268,walking_abha_new
1771603813.473719,0.650757,-1.281006,-0.262940,-11.962890,26.489250,-7.263182,walking_abha_new
1771603813.4950287,0.540161,-0.882080,-0.192505,-13.793944,29.113768,-17.761230,walking_abha_new
1771603813.5142813,0.454834,-0.687012,-0.144897,-7.629394,23.437492,-31.555170,walking_abha_new
1771603813.5317016,0.443482,-0.742920,-0.141846,7.446288,17.578130,-54.321280,walking_abha_new
1771603813.5529525,0.469360,-0.914917,-0.126465,11.230468,-3.112792,-63.903800,walking_abha_new
1771603813.570114,0.494873,-0.973145,-0.106445,9.460450,-19.226080,-58.288560,walking_abha_new
1771603813.5933654,0.489136,-0.969360,-0.108276,6.530760,-28.198240,-52.856440,walking_abha_new
1771603813.611882,0.383423,-0.868408,-0.115112,3.723144,-28.564450,-49.377430,walking_abha_new
1771603813.6334105,0.278320,-0.737793,-0.121338,-0.305176,-23.437492,-45.776360,walking_abha_new
1771603813.6534784,0.264404,-0.617554,-0.158447,0.061035,-17.639160,-44.250480,walking_abha_new
1771603813.6735418,0.328858,-0.539429,-0.169800,4.699708,-16.296390,-44.616690,walking_abha_new
1771603813.68922,0.343872,-0.555908,-0.163696,6.469726,-22.155760,-42.175280,walking_abha_new
1771603813.7092512,0.320679,-0.588379,-0.143555,6.713866,-31.616208,-39.001470,walking_abha_new
1771603813.7307463,0.313721,-0.630737,-0.107788,-1.708984,-32.958990,-30.578610,walking_abha_new
1771603813.7508721,0.286133,-0.696167,-0.115723,-4.516602,-25.756830,-26.367180,walking_abha_new
1771603813.7757783,0.335327,-0.779907,-0.131348,-9.033204,-15.930172,-20.874020,walking_abha_new
1771603813.7960675,0.352661,-0.843628,-0.143921,-11.169430,-7.019042,-16.418460,walking_abha_new
1771603813.8174484,0.358765,-0.931763,-0.152100,-12.084960,6.469726,-13.488768,walking_abha_new
1771603813.8341875,0.409790,-1.045654,-0.150635,-15.136716,20.446770,-6.164550,walking_abha_new
1771603813.8548288,0.431030,-1.110352,-0.114624,-18.371584,29.907220,3.356933,walking_abha_new
1771603813.8696494,0.399658,-1.069580,-0.096313,-17.944340,34.179700,11.169430,walking_abha_new
1771603813.8906686,0.428711,-1.061158,-0.125000,-15.014646,34.179700,16.845708,walking_abha_new
1771603813.9106345,0.475708,-1.258423,-0.140137,-4.577638,19.104010,26.611320,walking_abha_new
1771603813.9330244,0.477173,-1.417480,0.015381,-1.342773,14.526364,45.776360,walking_abha_new
1771603813.9523556,0.368652,-1.076294,-0.019165,-5.554198,32.287600,62.255850,walking_abha_new
1771603813.9729345,0.404175,-0.763184,-0.148315,-1.770019,44.067380,74.768080,walking_abha_new
1771603813.9924808,0.466187,-0.639648,-0.265381,14.282224,23.437492,76.232920,walking_abha_new
1771603814.014777,0.443848,-0.725220,-0.278076,27.954100,-16.296390,61.950680,walking_abha_new
1771603814.02905,0.392212,-0.857178,-0.256592,36.804200,-30.212400,41.320790,walking_abha_new
1771603814.0562403,0.397827,-0.950440,-0.231323,33.935560,-20.751950,35.339360,walking_abha_new
1771603814.0726628,0.456909,-0.915650,-0.237305,26.245110,-14.404296,34.973150,walking_abha_new
1771603814.0913546,0.405151,-0.799683,-0.268799,20.996090,-14.282224,30.212400,walking_abha_new
1771603814.1116621,0.294434,-0.662842,-0.294800,11.230468,5.554198,21.057124,walking_abha_new
1771603814.1263723,0.307861,-0.599365,-0.297852,2.441407,23.010250,20.141600,walking_abha_new
1771603814.1534245,0.385620,-0.566406,-0.272461,-1.098633,29.602044,18.310550,walking_abha_new
1771603814.1742318,0.434326,-0.592652,-0.233887,-4.272462,24.780270,18.798830,walking_abha_new
1771603814.195409,0.465332,-0.626221,-0.215332,-7.324218,16.906740,18.005376,walking_abha_new
1771603814.2097046,0.493652,-0.671143,-0.210571,-8.422854,11.840818,17.822270,walking_abha_new
1771603814.234039,0.518188,-0.725830,-0.218384,-8.605960,12.329100,17.272950,walking_abha_new
1771603814.2508461,0.576294,-0.783203,-0.236450,-9.704590,14.038084,16.601568,walking_abha_new
1771603814.2735977,0.622314,-0.807129,-0.241821,-10.131832,10.253904,15.319820,walking_abha_new
1771603814.293075,0.631226,-0.805908,-0.236938,-9.582520,1.770019,14.038084,walking_abha_new
1771603814.3147702,0.646729,-0.863770,-0.240479,-7.995604,-3.417968,9.216310,walking_abha_new
1771603814.3306081,0.665894,-0.930298,-0.245728,-7.751464,-4.394532,3.479003,walking_abha_new
1771603814.3562102,0.684326,-1.027710,-0.240234,-6.896972,-6.103514,-4.028321,walking_abha_new
1771603814.3695729,0.710571,-1.207520,-0.237061,-4.150392,-6.713866,-9.338380,walking_abha_new
1771603814.3895936,0.721192,-1.442505,-0.230957,-5.493162,4.394532,-9.155274,walking_abha_new
1771603814.414165,0.666382,-1.387940,-0.238159,-14.282224,20.874020,-16.479492,walking_abha_new
1771603814.431424,0.582398,-1.041870,-0.211182,-19.287110,31.188960,-26.245110,walking_abha_new
1771603814.4518917,0.504150,-0.739380,-0.156494,-15.014646,31.860350,-40.527340,walking_abha_new
1771603814.4729056,0.483398,-0.688721,-0.152466,2.624511,24.230950,-61.584460,walking_abha_new
1771603814.4936392,0.576416,-0.897095,-0.148315,12.756344,-3.601074,-72.998060,walking_abha_new
1771603814.5144367,0.579468,-0.943726,-0.122681,13.000484,-32.104500,-69.274900,walking_abha_new
1771603814.5346365,0.542603,-0.987549,-0.081665,9.887696,-48.767080,-61.584460,walking_abha_new
1771603814.551573,0.437256,-0.954346,-0.078613,4.272462,-48.767080,-56.457510,walking_abha_new
1771603814.574864,0.326538,-0.847046,-0.092896,-1.770019,-38.635260,-53.405750,walking_abha_new
1771603814.5911417,0.294190,-0.723022,-0.123169,-2.441407,-24.597160,-51.452620,walking_abha_new
1771603814.612271,0.354248,-0.618286,-0.142822,-0.610352,-16.784670,-50.109860,walking_abha_new
1771603814.6323981,0.360230,-0.562622,-0.148804,7.873534,-26.794430,-49.011220,walking_abha_new
1771603814.6554909,0.345947,-0.569214,-0.130127,3.479003,-26.367180,-47.668440,walking_abha_new
1771603814.674058,0.330811,-0.595093,-0.104126,3.112792,-32.104500,-44.311520,walking_abha_new
1771603814.6959703,0.328735,-0.660400,-0.076172,-1.403808,-32.287600,-36.376960,walking_abha_new
1771603814.7152607,0.317993,-0.725708,-0.090210,-3.662109,-25.573724,-31.982420,walking_abha_new
1771603814.731702,0.322754,-0.792603,-0.109375,-7.568358,-14.892576,-26.672360,walking_abha_new
1771603814.796454,0.338013,-0.849243,-0.111450,-11.718748,-2.746581,-20.935052,walking_abha_new
1771603814.796454,0.356812,-0.921997,-0.105713,-14.770504,12.145992,-14.221190,walking_abha_new
1771603814.796454,0.394653,-1.002808,-0.094360,-17.883300,24.841304,-4.577638,walking_abha_new
1771603814.8139663,0.422119,-1.016968,-0.065796,-18.554690,28.625480,3.356933,walking_abha_new
1771603814.8310564,0.432495,-1.017090,-0.058960,-12.084960,25.390620,10.192870,walking_abha_new
1771603814.8548903,0.458130,-1.072266,-0.087036,-5.554198,18.615724,20.263670,walking_abha_new
1771603814.8708708,0.522339,-1.307618,-0.041748,2.502442,0.915527,41.503900,walking_abha_new
1771603814.8899817,0.470825,-1.215210,-0.018066,2.868652,0.183105,56.030260,walking_abha_new
1771603814.9103508,0.389771,-0.947998,-0.059937,3.662109,9.033204,71.655300,walking_abha_new
1771603814.930943,0.404419,-0.778564,-0.148560,11.962890,18.859868,78.186040,walking_abha_new
1771603814.9537675,0.440552,-0.746704,-0.225952,22.094720,0.793457,75.012220,walking_abha_new
1771603814.9731555,0.428223,-0.781982,-0.247559,30.456540,-19.287110,61.340320,walking_abha_new
1771603814.9930935,0.393066,-0.865479,-0.237549,36.132820,-21.301268,48.034660,walking_abha_new
1771603815.0093272,0.411987,-0.910156,-0.243774,32.409680,-10.986324,44.250480,walking_abha_new
1771603815.0346193,0.474487,-0.872192,-0.275269,27.954100,-9.399414,41.442860,walking_abha_new
1771603815.0509686,0.431763,-0.792358,-0.298462,25.085448,-14.648436,35.339360,walking_abha_new
1771603815.0701272,0.312622,-0.691528,-0.311035,15.014646,-1.708984,30.273430,walking_abha_new
1771603815.0939465,0.327393,-0.650146,-0.304810,6.652830,18.432620,30.700680,walking_abha_new
1771603815.1118648,0.394409,-0.634033,-0.274170,1.403808,28.015130,29.418940,walking_abha_new
1771603815.1326494,0.469727,-0.641358,-0.256836,0.854492,21.667476,25.024410,walking_abha_new
1771603815.1529768,0.494141,-0.673462,-0.252808,0.915527,9.460450,22.155760,walking_abha_new
1771603815.1748073,0.490845,-0.697510,-0.252441,0.671386,3.051757,20.812980,walking_abha_new
1771603815.1950715,0.491333,-0.725342,-0.247681,-1.098633,5.798338,21.606440,walking_abha_new
1771603815.2152848,0.551270,-0.759400,-0.243774,-2.075196,7.568358,21.057124,walking_abha_new
1771603815.2336075,0.621582,-0.778564,-0.241699,-1.220704,-0.305176,19.470220,walking_abha_new
1771603815.250416,0.654541,-0.794800,-0.230957,1.342773,-19.470220,19.714360,walking_abha_new
1771603815.2714167,0.655029,-0.858154,-0.230469,2.868652,-25.329584,17.395020,walking_abha_new
1771603815.300613,0.679810,-0.956909,-0.233765,2.990722,-26.245110,12.451170,walking_abha_new
1771603815.3133426,0.686768,-1.049194,-0.221680,1.892090,-24.597160,6.103514,walking_abha_new
1771603815.3332112,0.686035,-1.118530,-0.199585,1.586914,-19.226080,1.342773,walking_abha_new
1771603815.347599,0.711426,-1.269410,-0.205078,0.732422,-8.239746,3.723144,walking_abha_new
1771603815.3724833,0.721680,-1.313843,-0.232300,-3.845214,4.943848,-1.586914,walking_abha_new
1771603815.3893547,0.701782,-1.165650,-0.236084,-5.737304,10.803220,-15.747068,walking_abha_new
1771603815.4102225,0.627442,-0.925049,-0.193115,-7.995604,10.681150,-29.479976,walking_abha_new
1771603815.4311676,0.545288,-0.702271,-0.163086,-3.295898,5.004884,-48.156730,walking_abha_new
1771603815.4524174,0.548828,-0.781982,-0.124878,12.023924,-7.080076,-74.218760,walking_abha_new
1771603815.4737558,0.583008,-0.861206,-0.135376,14.526364,-23.925780,-78.674340,walking_abha_new
1771603815.4932337,0.584717,-0.937134,-0.123901,14.587400,-45.471180,-75.561540,walking_abha_new
1771603815.5142586,0.556885,-0.989990,-0.096191,12.207030,-56.091300,-74.035660,walking_abha_new
1771603815.5280547,0.482178,-0.981690,-0.082764,7.202148,-50.354000,-71.960460,walking_abha_new
1771603815.550282,0.400635,-0.886963,-0.090576,0.366211,-38.635260,-67.504900,walking_abha_new
1771603815.5701327,0.364746,-0.761108,-0.117676,-1.831054,-31.372068,-63.232410,walking_abha_new
1771603815.5933828,0.397339,-0.673340,-0.132446,-0.366211,-24.108880,-62.438960,walking_abha_new
1771603815.617817,0.400024,-0.607544,-0.137695,3.479003,-28.625480,-64.697280,walking_abha_new
1771603815.634803,0.356445,-0.607544,-0.112427,4.150392,-28.442380,-65.856940,walking_abha_new
1771603815.6557436,0.363892,-0.642822,-0.086060,1.953124,-32.775880,-63.537590,walking_abha_new
1771603815.6766052,0.350342,-0.694214,-0.071777,-1.098633,-35.766600,-57.128900,walking_abha_new
1771603815.695185,0.329346,-0.752930,-0.075073,-5.371092,-29.968260,-50.415030,walking_abha_new
1771603815.7112448,0.324463,-0.796875,-0.083008,-10.437010,-16.723632,-43.762200,walking_abha_new
1771603815.7338347,0.320190,-0.819702,-0.091675,-15.014646,-1.281738,-37.475590,walking_abha_new
1771603815.7503574,0.341309,-0.877686,-0.102051,-16.967780,15.014646,-29.968260,walking_abha_new
1771603815.773349,0.397461,-0.971192,-0.104736,-18.432620,27.709956,-20.080560,walking_abha_new
1771603815.7915218,0.438477,-1.000244,-0.091919,-18.798830,31.799310,-10.192870,walking_abha_new
1771603815.8137476,0.457275,-0.992310,-0.097778,-16.601568,29.724120,0.061035,walking_abha_new
1771603815.8342297,0.559570,-1.156860,-0.091919,-9.033204,18.798830,20.385740,walking_abha_new
1771603815.8549607,0.585083,-1.245362,-0.073120,-8.911134,13.854978,36.560060,walking_abha_new
1771603815.8905864,0.496704,-1.075806,-0.077393,-7.629394,13.366696,53.466780,walking_abha_new
1771603815.8924341,0.429810,-0.830688,-0.117676,-5.737304,23.376460,65.246600,walking_abha_new
1771603815.910225,0.433106,-0.690064,-0.212402,-0.427246,34.057620,69.458020,walking_abha_new
1771603815.9320836,0.469360,-0.679810,-0.269409,10.620116,30.090330,63.415520,walking_abha_new
1771603815.9528382,0.485718,-0.745362,-0.249023,20.263670,10.070800,45.471180,walking_abha_new
1771603815.986086,0.480469,-0.845459,-0.225220,21.728510,3.784179,38.269050,walking_abha_new
1771603815.9983337,0.501099,-0.856934,-0.241577,19.165040,3.356933,38.940440,walking_abha_new
1771603816.0137637,0.514526,-0.763916,-0.302246,17.395020,-2.319336,36.376960,walking_abha_new
1771603816.029836,0.492188,-0.681641,-0.327637,16.174320,-8.422854,34.118660,walking_abha_new
1771603816.04959,0.473267,-0.620239,-0.317505,13.916012,-10.314940,33.935560,walking_abha_new
1771603816.071329,0.471802,-0.592163,-0.289917,9.399414,-9.521484,38.146980,walking_abha_new
1771603816.09513,0.511475,-0.579712,-0.266724,7.507323,-14.099120,37.719730,walking_abha_new
1771603816.113114,0.528198,-0.601074,-0.244751,6.896972,-22.216790,34.790040,walking_abha_new
1771603816.1331358,0.504272,-0.638672,-0.239380,4.699708,-22.766110,33.935560,walking_abha_new
1771603816.1474614,0.505737,-0.680176,-0.250977,0.915527,-13.061520,34.301760,walking_abha_new
1771603816.1735232,0.563110,-0.731812,-0.259888,-1.953124,-2.807617,33.752440,walking_abha_new
1771603816.194365,0.626099,-0.767578,-0.258911,-4.577638,0.305176,34.484870,walking_abha_new
1771603816.209751,0.670044,-0.735718,-0.253052,-7.385252,-6.591796,38.024910,walking_abha_new
1771603816.230794,0.666748,-0.750610,-0.252808,-6.408690,-13.366696,39.245610,walking_abha_new
1771603816.2529082,0.675293,-0.833130,-0.261963,-4.333496,-14.892576,34.301760,walking_abha_new
1771603816.2737582,0.698853,-0.914551,-0.273438,-3.234863,-13.977050,26.977532,walking_abha_new
1771603816.2936196,0.709106,-0.984986,-0.257690,-1.953124,-9.826660,17.944340,walking_abha_new
1771603816.3129842,0.715698,-1.087402,-0.240356,-0.915527,-3.356933,17.272950,walking_abha_new
1771603816.3276815,0.771362,-1.276490,-0.259644,1.281738,-1.464844,13.427732,walking_abha_new
1771603816.3530765,0.779297,-1.336304,-0.282837,1.403808,1.892090,-6.835936,walking_abha_new
1771603816.3686147,0.661011,-1.074952,-0.255859,-4.089356,7.324218,-19.165040,walking_abha_new
1771603816.3936481,0.533447,-0.737305,-0.169556,-4.455568,17.028810,-35.766600,walking_abha_new
1771603816.4112062,0.553223,-0.761230,-0.158691,5.187988,14.587400,-57.495110,walking_abha_new
1771603816.4307985,0.605469,-0.860108,-0.146973,10.498044,2.685546,-70.129400,walking_abha_new
1771603816.4541512,0.599121,-0.925171,-0.121460,8.789064,-14.831540,-64.331060,walking_abha_new
1771603816.4732044,0.593384,-0.928467,-0.106689,5.737304,-28.259270,-59.509270,walking_abha_new
1771603816.4936218,0.547119,-0.895630,-0.095703,3.540038,-32.897960,-56.701650,walking_abha_new
1771603816.513938,0.436768,-0.804810,-0.087891,-0.183105,-29.846190,-54.870600,walking_abha_new
1771603816.5362542,0.367188,-0.702026,-0.106934,-2.746581,-26.611320,-54.504380,walking_abha_new
1771603816.554567,0.401611,-0.616455,-0.128784,0.915527,-17.150880,-57.250960,walking_abha_new
1771603816.605135,0.396240,-0.579590,-0.139282,9.033204,-22.399900,-59.631340,walking_abha_new
1771603816.605135,0.386597,-0.579102,-0.116821,3.051757,-21.667476,-58.654780,walking_abha_new
1771603816.619032,0.380005,-0.596924,-0.095459,1.098633,-28.442380,-52.673330,walking_abha_new
1771603816.6686547,0.365112,-0.630249,-0.085205,1.953124,-31.249992,-51.696770,walking_abha_new
1771603816.6706595,0.348145,-0.712646,-0.089844,1.098633,-25.695796,-49.560540,walking_abha_new
1771603816.6764667,0.347290,-0.779663,-0.099854,-4.211426,-15.441892,-44.494620,walking_abha_new
1771603816.690043,0.346680,-0.809692,-0.102295,-9.887696,-3.295898,-36.743170,walking_abha_new
1771603816.713425,0.367798,-0.857666,-0.099121,-13.977050,11.718748,-27.954100,walking_abha_new
1771603816.730628,0.432983,-0.948975,-0.094360,-17.028810,23.742670,-17.028810,walking_abha_new
1771603816.7561312,0.491577,-1.014282,-0.079102,-19.470220,27.709956,-4.577638,walking_abha_new
1771603816.7717035,0.539307,-1.023560,-0.080322,-17.456060,22.155760,14.648436,walking_abha_new
1771603816.7930176,0.610840,-1.160278,-0.070679,-10.620116,14.038084,28.076170,walking_abha_new
1771603816.8147643,0.669312,-1.295044,-0.058838,-4.821778,5.371092,43.090810,walking_abha_new
1771603816.8340366,0.619873,-1.152832,-0.079224,-4.333496,4.028321,57.983390,walking_abha_new
1771603816.8477647,0.524902,-0.850952,-0.125122,-3.417968,13.183590,68.725600,walking_abha_new
1771603816.8748002,0.499878,-0.641236,-0.202881,0.915527,25.451652,69.030760,walking_abha_new
1771603816.8901293,0.526612,-0.578003,-0.262573,11.352536,9.338380,60.180660,walking_abha_new
1771603816.910433,0.520386,-0.639648,-0.244385,26.306150,-7.385252,36.987310,walking_abha_new
1771603816.9309454,0.484985,-0.765503,-0.208008,33.020020,-15.075680,19.531250,walking_abha_new
1771603816.955199,0.511475,-0.821655,-0.213379,31.616208,-17.761230,14.343260,walking_abha_new
1771603816.9728994,0.496094,-0.780029,-0.249878,27.587884,-25.512690,10.375976,walking_abha_new
1771603816.9938464,0.405274,-0.706177,-0.259033,21.789548,-21.850580,10.681150,walking_abha_new
1771603817.0142846,0.350098,-0.651245,-0.256226,14.648436,-8.666994,13.549804,walking_abha_new
1771603817.032443,0.374024,-0.613159,-0.243042,9.155274,2.746581,17.883300,walking_abha_new
1771603817.051143,0.435181,-0.593384,-0.231323,8.422854,4.150392,19.714360,walking_abha_new
1771603817.0698335,0.509400,-0.616333,-0.221191,10.009768,-6.835936,20.751950,walking_abha_new
1771603817.0934298,0.534912,-0.648316,-0.208862,12.084960,-22.033690,21.667476,walking_abha_new
1771603817.111458,0.507202,-0.686768,-0.210449,11.718748,-27.709956,24.047850,walking_abha_new
1771603817.131672,0.514404,-0.727539,-0.221680,7.324218,-21.667476,27.526850,walking_abha_new
1771603817.1531851,0.606690,-0.749512,-0.225830,1.953124,-13.244628,31.005852,walking_abha_new
1771603817.17339,0.636353,-0.736328,-0.228516,0.549316,-14.282224,31.555170,walking_abha_new
1771603817.190443,0.667480,-0.756226,-0.232910,0.854492,-17.883300,30.822750,walking_abha_new
1771603817.2157774,0.702271,-0.820923,-0.238159,3.479003,-21.484370,25.390620,walking_abha_new
1771603817.2293491,0.730835,-0.919434,-0.230835,6.286620,-23.864740,19.104010,walking_abha_new
1771603817.2575982,0.725464,-0.980835,-0.204590,7.873534,-22.399900,13.183590,walking_abha_new
1771603817.2738245,0.755371,-1.065186,-0.189819,14.587400,-20.324700,10.559080,walking_abha_new
1771603817.2940621,0.825318,-1.270142,-0.216675,15.502928,-21.728510,14.648436,walking_abha_new
1771603817.3135977,0.802124,-1.234620,-0.242554,13.488768,-26.245110,3.845214,walking_abha_new
1771603817.3338468,0.679810,-0.993042,-0.200562,9.826660,-28.869624,-6.042480,walking_abha_new
1771603817.3540266,0.573608,-0.797363,-0.118774,11.962890,-28.869624,-28.015130,walking_abha_new
1771603817.3688202,0.566040,-0.839112,-0.109619,20.690910,-29.479976,-49.560540,walking_abha_new
1771603817.3935487,0.606445,-0.921875,-0.113770,19.714360,-38.452160,-54.382320,walking_abha_new
1771603817.4104626,0.586670,-0.952759,-0.113647,18.493652,-52.917470,-54.199210,walking_abha_new
1771603817.4338834,0.521973,-0.953736,-0.095093,14.404296,-53.039540,-53.222640,walking_abha_new
1771603817.4539497,0.425415,-0.879028,-0.084473,7.141112,-38.574220,-50.109860,walking_abha_new
1771603817.4731157,0.346436,-0.768188,-0.091309,0.061035,-25.817870,-49.499500,walking_abha_new
1771603817.488105,0.350830,-0.659058,-0.116211,0.610352,-21.118160,-51.208480,walking_abha_new
1771603817.5077841,0.392334,-0.594116,-0.125366,5.554198,-19.226080,-54.626460,walking_abha_new
1771603817.530419,0.338257,-0.583496,-0.120483,6.347656,-30.273430,-56.030260,walking_abha_new
1771603817.5534043,0.312866,-0.618286,-0.107544,5.065916,-33.569340,-54.992660,walking_abha_new
1771603817.563497,0.304932,-0.656616,-0.080078,1.708984,-29.479976,-53.527820,walking_abha_new
1771603817.591571,0.307617,-0.700073,-0.080811,-0.854492,-22.766110,-49.682610,walking_abha_new
1771603817.6118085,0.324951,-0.763184,-0.108032,-4.272462,-15.624996,-43.640120,walking_abha_new
1771603817.639172,0.349243,-0.829346,-0.124512,-7.873534,-6.713866,-37.780760,walking_abha_new
1771603817.6536205,0.361816,-0.898316,-0.122681,-11.779784,4.699708,-32.226570,walking_abha_new
1771603817.6880722,0.393066,-1.002930,-0.120361,-15.136716,18.676760,-24.902340,walking_abha_new
1771603817.6934943,0.442139,-1.080322,-0.101196,-19.104010,30.212400,-14.770504,walking_abha_new
1771603817.7163844,0.467896,-1.038330,-0.093872,-20.385740,32.836920,-2.807617,walking_abha_new
1771603817.7364566,0.561035,-1.143311,-0.118286,-10.375976,21.972650,12.084960,walking_abha_new
1771603817.7506611,0.629639,-1.341553,-0.103516,-0.549316,6.591796,24.536130,walking_abha_new
1771603817.771467,0.605591,-1.293091,-0.085449,-0.061035,3.662109,39.611820,walking_abha_new
1771603817.7922626,0.490967,-0.957154,-0.135986,-0.061035,9.887696,52.551260,walking_abha_new
1771603817.8134112,0.449463,-0.665650,-0.235596,2.136231,18.493652,57.983390,walking_abha_new
1771603817.835104,0.435913,-0.510498,-0.302734,13.549804,22.460930,52.490220,walking_abha_new
1771603817.8499148,0.409546,-0.610474,-0.265381,25.634760,-3.051757,32.104500,walking_abha_new
1771603817.874858,0.375977,-0.787110,-0.222290,31.555170,-8.544924,12.084960,walking_abha_new
1771603817.8915977,0.361450,-0.864868,-0.224609,28.320310,-0.122070,5.371092,walking_abha_new
1771603817.9109116,0.478882,-0.830200,-0.258179,21.545408,-1.770019,8.972170,walking_abha_new
1771603817.9309618,0.420654,-0.748902,-0.268188,18.371584,-7.995604,12.817380,walking_abha_new
1771603817.9539752,0.337402,-0.681641,-0.279419,11.169430,-2.319336,21.301268,walking_abha_new
1771603817.9727666,0.368530,-0.614990,-0.293335,5.371092,6.408690,27.770990,walking_abha_new
1771603817.994568,0.439697,-0.587524,-0.280884,5.249022,4.943848,28.747552,walking_abha_new
1771603818.0087168,0.484375,-0.622559,-0.259888,6.225584,-4.089356,29.785150,walking_abha_new
1771603818.0297978,0.491089,-0.663452,-0.255005,4.089356,-11.108396,31.616208,walking_abha_new
1771603818.053306,0.492188,-0.704224,-0.256104,0.061035,-10.192870,32.714850,walking_abha_new
1771603818.0699685,0.497192,-0.725220,-0.258789,-4.699708,-2.197266,33.874520,walking_abha_new
1771603818.090944,0.539551,-0.746338,-0.272095,-9.155274,8.361816,33.386240,walking_abha_new
1771603818.1117196,0.605469,-0.700806,-0.275269,-12.817380,10.742184,29.968260,walking_abha_new
1771603818.1333456,0.629883,-0.694824,-0.272827,-11.840818,4.760742,28.503410,walking_abha_new
1771603818.1536727,0.658936,-0.769287,-0.281372,-7.019042,-2.563476,22.827140,walking_abha_new
1771603818.173446,0.710205,-0.896362,-0.281372,-3.051757,-8.178714,14.404296,walking_abha_new
1771603818.1899357,0.720703,-0.994507,-0.264771,-1.770019,-11.474608,11.535644,walking_abha_new
1771603818.2091956,0.729858,-1.060425,-0.245850,-0.244141,-12.390136,13.183590,walking_abha_new
1771603818.2320588,0.794312,-1.249024,-0.254272,3.356933,-11.169430,18.310550,walking_abha_new
1771603818.2508838,0.767456,-1.350830,-0.274170,-0.671386,-4.089356,16.662600,walking_abha_new
1771603818.2739809,0.716064,-1.153931,-0.281616,-6.347656,5.004884,5.126952,walking_abha_new
1771603818.2921507,0.555542,-0.704346,-0.208740,-8.056642,18.432620,-14.038084,walking_abha_new
1771603818.313619,0.568970,-0.675781,-0.191162,2.319336,15.197750,-32.897960,walking_abha_new
1771603818.333789,0.644776,-0.750854,-0.183838,14.160152,-5.371092,-55.236800,walking_abha_new
1771603818.3492084,0.650391,-0.861206,-0.174194,18.310550,-29.418940,-62.561020,walking_abha_new
1771603818.3698988,0.634888,-0.913574,-0.148804,15.136716,-49.682610,-54.992660,walking_abha_new
1771603818.3894067,0.541870,-0.917969,-0.135864,10.681150,-50.964340,-48.278800,walking_abha_new
1771603818.4124048,0.476563,-0.885742,-0.143555,4.272462,-40.405260,-46.691880,walking_abha_new
1771603818.4309719,0.414063,-0.772705,-0.164673,-0.183105,-32.836920,-47.851560,walking_abha_new
1771603818.452798,0.386475,-0.675415,-0.180786,0.671386,-29.296870,-50.292960,walking_abha_new
1771603818.4742765,0.403076,-0.602783,-0.199951,1.953124,-23.559568,-54.687490,walking_abha_new
1771603818.493583,0.358643,-0.573975,-0.182129,1.953124,-19.470220,-62.133780,walking_abha_new
1771603818.5137432,0.353882,-0.604980,-0.144165,-1.586914,-17.150880,-60.241690,walking_abha_new
1771603818.5292027,0.379150,-0.627808,-0.124146,-4.516602,-21.301268,-53.588860,walking_abha_new
1771603818.555462,0.372803,-0.673462,-0.124512,-4.699708,-25.207516,-49.377430,walking_abha_new
1771603818.5745199,0.361450,-0.741821,-0.133545,-7.263182,-23.010250,-44.311520,walking_abha_new
1771603818.590705,0.351685,-0.773316,-0.137085,-11.474608,-16.723632,-37.597660,walking_abha_new
1771603818.6160548,0.344482,-0.799805,-0.141357,-12.939450,-4.211426,-32.958990,walking_abha_new
1771603818.633339,0.363525,-0.875732,-0.143188,-15.991210,13.610836,-23.864740,walking_abha_new
1771603818.6532154,0.406494,-0.934082,-0.143921,-20.751950,28.564450,-13.488768,walking_abha_new
1771603818.6741803,0.470093,-0.940552,-0.112427,-20.874020,34.667980,1.342773,walking_abha_new
1771603818.6943026,0.552002,-1.116944,-0.094116,-12.084960,29.296870,14.160152,walking_abha_new
1771603818.7096093,0.642944,-1.356934,-0.074829,-5.615234,17.883300,33.447270,walking_abha_new
1771603818.7321148,0.667969,-1.338746,-0.088989,-3.540038,12.329100,49.865720,walking_abha_new
1771603818.7505982,0.540161,-0.967285,-0.178833,-5.065916,16.967780,61.889640,walking_abha_new
1771603818.7745535,0.427979,-0.663086,-0.276123,-6.958006,31.860350,68.725600,walking_abha_new
1771603818.7949808,0.401001,-0.582886,-0.339478,7.629394,31.860350,58.654780,walking_abha_new
1771603818.8146005,0.474609,-0.772949,-0.317749,16.662600,13.671872,42.053220,walking_abha_new
1771603818.8338702,0.450684,-0.870484,-0.273804,16.906740,9.643556,30.822750,walking_abha_new
1771603818.8543282,0.531494,-0.882080,-0.264893,11.291500,5.065916,28.564450,walking_abha_new
1771603818.8700645,0.490356,-0.797363,-0.312012,11.047360,-4.943848,21.850580,walking_abha_new
1771603818.8899727,0.407959,-0.739990,-0.351318,8.056642,-8.850100,10.131832,walking_abha_new
1771603818.9114301,0.363281,-0.670654,-0.359253,3.417968,-2.319336,11.169430,walking_abha_new
1771603818.93084,0.375977,-0.584595,-0.341309,-0.183105,6.530760,14.587400,walking_abha_new
1771603818.9555926,0.451294,-0.535645,-0.330444,1.159668,10.131832,16.784670,walking_abha_new
1771603818.9732342,0.497925,-0.571289,-0.300781,5.065916,-1.525878,17.822270,walking_abha_new
1771603818.9933302,0.515015,-0.631104,-0.279907,5.676268,-14.221190,20.812980,walking_abha_new
1771603819.0135953,0.474121,-0.687988,-0.280274,4.333496,-15.808104,24.414060,walking_abha_new
1771603819.0344758,0.481934,-0.754395,-0.292969,-3.662109,3.417968,35.095220,walking_abha_new
1771603819.0649428,0.545410,-0.729736,-0.291748,-10.009768,12.756344,38.391120,walking_abha_new
1771603819.0773075,0.593628,-0.675537,-0.295776,-12.268064,12.390136,41.076650,walking_abha_new
1771603819.0891747,0.617188,-0.646851,-0.303467,-9.887696,6.774902,40.039070,walking_abha_new
1771603819.1120112,0.657715,-0.706299,-0.310669,-6.713866,-2.136231,38.452160,walking_abha_new
1771603819.1334863,0.684814,-0.790283,-0.317017,-3.234863,-11.169430,31.555170,walking_abha_new
1771603819.1537097,0.679199,-0.878906,-0.293457,-1.708984,-14.770504,25.329584,walking_abha_new
1771603819.1676424,0.679444,-0.972412,-0.272583,-0.976562,-11.657712,23.010250,walking_abha_new
1771603819.1953738,0.751953,-1.166870,-0.270508,0.610352,-7.202148,23.376460,walking_abha_new
1771603819.2150848,0.780274,-1.295654,-0.271729,-2.075196,-4.882814,23.681636,walking_abha_new
1771603819.229396,0.682007,-1.090942,-0.268311,-5.676268,0.671386,4.577638,walking_abha_new
1771603819.2518673,0.592896,-0.816650,-0.226929,-6.042480,5.920409,-14.282224,walking_abha_new
1771603819.2713065,0.541870,-0.682862,-0.185303,0.976562,6.286620,-28.503410,walking_abha_new
1771603819.2939513,0.616821,-0.777222,-0.174438,7.446288,-3.784179,-38.085940,walking_abha_new
1771603819.3129876,0.678223,-0.862427,-0.179810,12.878416,-27.526850,-47.729480,walking_abha_new
1771603819.3339581,0.660400,-0.950928,-0.146851,13.793944,-51.757800,-46.691880,walking_abha_new
1771603819.354616,0.607544,-0.977539,-0.110107,8.972170,-60.852040,-41.137680,walking_abha_new
1771603819.3747246,0.508911,-0.938721,-0.105835,6.042480,-56.213370,-44.738760,walking_abha_new
1771603819.3910685,0.439453,-0.857300,-0.111694,-0.427246,-50.231920,-48.156730,walking_abha_new
1771603819.4105177,0.442017,-0.724854,-0.148926,8.605960,-43.823240,-56.396480,walking_abha_new
1771603819.4341142,0.401978,-0.669922,-0.163452,6.408690,-33.996590,-68.420420,walking_abha_new
1771603819.4522865,0.362427,-0.666870,-0.151367,6.469726,-27.343748,-72.753920,walking_abha_new
1771603819.477707,0.351196,-0.664429,-0.135864,4.089356,-21.789548,-70.800800,walking_abha_new
1771603819.493643,0.388916,-0.683228,-0.112915,3.112792,-22.155760,-66.406260,walking_abha_new
1771603819.5147283,0.394775,-0.720581,-0.106812,2.136231,-27.465816,-60.119620,walking_abha_new
1771603819.5345159,0.370361,-0.762329,-0.105591,-1.403808,-27.587884,-51.208480,walking_abha_new
1771603819.5551798,0.341064,-0.766236,-0.107788,-5.371092,-20.019532,-43.395980,walking_abha_new
1771603819.5770068,0.330933,-0.745850,-0.116455,-8.422854,-8.911134,-37.902840,walking_abha_new
1771603819.591149,0.350708,-0.760132,-0.115112,-10.498044,3.295898,-29.907220,walking_abha_new
1771603819.612377,0.427490,-0.814209,-0.098511,-11.596676,10.253904,-17.028810,walking_abha_new
1771603819.6326528,0.448730,-0.825928,-0.092041,-11.657712,7.995604,-9.399414,walking_abha_new
1771603819.6533613,0.440674,-0.807739,-0.097412,-11.901852,6.347656,-0.366211,walking_abha_new
1771603819.674007,0.476929,-0.838745,-0.104004,-9.765626,5.615234,10.742184,walking_abha_new
1771603819.6885395,0.553589,-0.995850,-0.101074,-4.943848,2.868652,25.085448,walking_abha_new
1771603819.7151122,0.611694,-1.201172,-0.087891,-0.732422,0.610352,41.137680,walking_abha_new
1771603819.7297094,0.590698,-1.214600,-0.092163,-3.784179,14.343260,57.678220,walking_abha_new
1771603819.7533574,0.526734,-0.935425,-0.133667,-4.333496,24.108880,64.086940,walking_abha_new
1771603819.774592,0.530640,-0.708618,-0.211548,-1.342773,29.968260,62.927240,walking_abha_new
1771603819.7919083,0.555542,-0.688110,-0.283569,19.287110,14.831540,45.288080,walking_abha_new
1771603819.8145258,0.617188,-0.798096,-0.287109,27.770990,1.586914,30.700680,walking_abha_new
1771603819.8338964,0.632446,-0.837891,-0.266113,31.738280,-13.671872,24.108880,walking_abha_new
1771603819.854329,0.635010,-0.836304,-0.280884,35.888680,-30.273430,16.479492,walking_abha_new
1771603819.8747277,0.602661,-0.803589,-0.348267,41.137680,-48.706040,5.737304,walking_abha_new
1771603819.8889048,0.492920,-0.781616,-0.373779,39.001470,-75.866700,-0.427246,walking_abha_new
1771603819.9143739,0.377564,-0.779175,-0.337402,32.348640,-68.420420,-6.164550,walking_abha_new
1771603819.931313,0.279541,-0.757080,-0.313477,20.385740,-35.217290,-1.831054,walking_abha_new
1771603819.9535646,0.332764,-0.716309,-0.310547,7.507323,0.366211,8.056642,walking_abha_new
1771603819.9727938,0.463013,-0.676148,-0.305298,5.432128,12.756344,9.948730,walking_abha_new
1771603819.9950955,0.619385,-0.667236,-0.263184,8.117676,-8.239746,12.878416,walking_abha_new
1771603820.0147877,0.652954,-0.677612,-0.249634,10.131832,-34.912120,18.798830,walking_abha_new
1771603820.0345185,0.649414,-0.693482,-0.243530,12.756344,-58.715810,23.559568,walking_abha_new
1771603820.056117,0.616577,-0.708740,-0.244019,14.587400,-72.753920,25.085448,walking_abha_new
1771603820.0715885,0.597900,-0.698242,-0.246094,14.038084,-77.758800,22.766110,walking_abha_new
1771603820.0911117,0.582642,-0.699341,-0.229980,12.145992,-76.049820,20.996090,walking_abha_new
1771603820.1192074,0.582642,-0.734375,-0.224121,8.544924,-69.580100,18.310550,walking_abha_new
1771603820.1326241,0.597046,-0.784180,-0.230469,6.103514,-61.340320,13.610836,walking_abha_new
1771603820.153255,0.609131,-0.826294,-0.220703,4.150392,-51.696770,7.324218,walking_abha_new
1771603820.1741757,0.621338,-0.889893,-0.188355,1.953124,-32.836920,1.220704,walking_abha_new
1771603820.188387,0.622681,-0.873291,-0.184570,2.319336,-21.911620,-2.075196,walking_abha_new
1771603820.2097003,0.672241,-0.981201,-0.195313,10.253904,-20.507810,-7.385252,walking_abha_new
1771603820.2314985,0.730835,-1.156372,-0.221558,16.845708,-23.864740,-18.676760,walking_abha_new
1771603820.2565587,0.766480,-1.190552,-0.225464,19.226080,-30.944820,-30.090330,walking_abha_new
1771603820.2724626,0.716675,-1.019776,-0.198975,19.897460,-43.151840,-36.926280,walking_abha_new
1771603820.3067605,0.606323,-0.813232,-0.152588,25.207516,-46.081540,-48.645010,walking_abha_new
1771603820.333616,0.541260,-0.790161,-0.106567,25.817870,-43.945300,-46.813960,walking_abha_new
1771603820.333616,0.581787,-0.820068,-0.107666,32.226570,-51.513660,-55.297840,walking_abha_new
1771603820.3547647,0.618042,-0.907471,-0.123169,37.719730,-67.871100,-61.584460,walking_abha_new
1771603820.3751342,0.592285,-0.948242,-0.096069,37.292480,-94.787580,-61.035140,walking_abha_new
1771603820.3953981,0.535156,-0.922608,-0.056152,36.132820,-101.440400,-60.058580,walking_abha_new
1771603820.4118938,0.436157,-0.880982,-0.050171,31.982420,-97.106900,-57.250960,walking_abha_new
1771603820.4307086,0.368164,-0.800415,-0.076904,26.245110,-90.270980,-57.067860,walking_abha_new
1771603820.451392,0.380982,-0.735230,-0.110474,24.658200,-91.491680,-59.448240,walking_abha_new
1771603820.473372,0.397705,-0.701904,-0.110230,27.404780,-81.665020,-63.415520,walking_abha_new
1771603820.493957,0.333984,-0.705078,-0.082764,22.949216,-73.791520,-65.429700,walking_abha_new
1771603820.5151455,0.303955,-0.731568,-0.081299,18.371584,-61.950680,-64.880380,walking_abha_new
1771603820.535156,0.364258,-0.786865,-0.068726,14.404296,-55.236800,-64.697280,walking_abha_new
1771603820.5498042,0.378174,-0.888672,-0.069214,9.826660,-51.757800,-61.401360,walking_abha_new
1771603820.5766828,0.340332,-0.897461,-0.079346,5.737304,-43.151840,-59.082020,walking_abha_new
1771603820.6047263,0.299316,-0.845703,-0.084229,0.915527,-26.550290,-55.908200,walking_abha_new
1771603820.6182756,0.310791,-0.839722,-0.093506,-1.281738,-7.324218,-51.208480,walking_abha_new
1771603820.6327937,0.355469,-0.895752,-0.112427,-2.075196,6.835936,-45.593250,walking_abha_new
1771603820.6545053,0.407227,-0.942505,-0.124390,-1.831054,12.207030,-40.832510,walking_abha_new
1771603820.6736546,0.405518,-0.940430,-0.162964,-1.281738,12.451170,-35.644540,walking_abha_new
1771603820.6947045,0.387207,-0.897095,-0.215576,-1.770019,12.145992,-30.334470,walking_abha_new
1771603820.715402,0.394165,-0.929199,-0.234863,0.244141,9.521484,-23.071284,walking_abha_new
1771603820.7333736,0.416992,-1.080933,-0.204102,3.784179,11.413570,-15.808104,walking_abha_new
1771603820.7513855,0.405762,-1.159058,-0.231689,6.896972,30.273430,-0.976562,walking_abha_new
1771603820.773486,0.386353,-0.942139,-0.316528,8.117676,43.395980,10.009768,walking_abha_new
1771603820.791269,0.410645,-0.721436,-0.372192,16.052250,49.682610,18.615724,walking_abha_new
1771603820.8197718,0.444458,-0.634400,-0.403076,26.428220,27.770990,23.376460,walking_abha_new
1771603820.8334546,0.479736,-0.649048,-0.418457,31.738280,0.854492,23.803708,walking_abha_new
1771603820.8546453,0.477295,-0.694458,-0.399292,37.902840,-21.057124,20.446770,walking_abha_new
1771603820.8758004,0.465698,-0.767334,-0.372437,41.137680,-36.987310,17.028810,walking_abha_new
1771603820.89129,0.442871,-0.828003,-0.362061,38.940440,-45.593250,16.601568,walking_abha_new
1771603820.9150267,0.415039,-0.836304,-0.368042,34.240730,-47.668440,18.188480,walking_abha_new
1771603820.9343624,0.333374,-0.781860,-0.367676,21.606440,-26.306150,27.893060,walking_abha_new
1771603820.9515967,0.362183,-0.732788,-0.370728,12.329100,-1.831054,35.766600,walking_abha_new
1771603820.9666693,0.487183,-0.677734,-0.353760,9.399414,7.934570,43.090810,walking_abha_new
1771603820.994661,0.582031,-0.645996,-0.343018,11.840818,-3.784179,45.349110,walking_abha_new
1771603821.007939,0.640137,-0.664307,-0.329346,15.624996,-25.695796,45.104970,walking_abha_new
1771603821.0345135,0.653320,-0.687378,-0.313477,18.432620,-47.119130,44.982900,walking_abha_new
1771603821.055354,0.636719,-0.726318,-0.314453,19.226080,-57.189930,44.128410,walking_abha_new
1771603821.0745616,0.638916,-0.734131,-0.323242,16.662600,-57.250960,42.663560,walking_abha_new
1771603821.0909667,0.644531,-0.705933,-0.323486,14.343260,-54.809560,40.222160,walking_abha_new
1771603821.111886,0.638794,-0.667603,-0.322754,11.657712,-50.537100,36.010750,walking_abha_new
1771603821.139786,0.656616,-0.685547,-0.324829,9.643556,-43.151840,27.160640,walking_abha_new
1771603821.1535287,0.685669,-0.772705,-0.318848,8.850100,-39.184580,18.432620,walking_abha_new
1771603821.1741326,0.695435,-0.839600,-0.299438,7.019042,-32.104500,8.911134,walking_abha_new
1771603821.1976736,0.687622,-0.863770,-0.277588,2.014160,-22.094720,5.004884,walking_abha_new
1771603821.2160797,0.707154,-0.878784,-0.256348,4.272462,-18.554690,-4.699708,walking_abha_new
1771603821.233653,0.762573,-1.087524,-0.264771,10.864256,-21.484370,-12.268064,walking_abha_new
1771603821.250774,0.794556,-1.312500,-0.294922,11.413570,-22.949216,-19.714360,walking_abha_new
1771603821.2724211,0.777710,-1.245606,-0.305176,8.239746,-25.939940,-33.996590,walking_abha_new
1771603821.2928226,0.629883,-0.907715,-0.244385,7.385252,-29.357908,-44.677720,walking_abha_new
1771603821.3130097,0.522583,-0.712769,-0.175781,12.268064,-27.709956,-55.175770,walking_abha_new
1771603821.341906,0.540039,-0.828613,-0.181885,18.981940,-28.686520,-64.453140,walking_abha_new
1771603821.3591492,0.579956,-0.924194,-0.180542,21.789548,-41.870110,-70.190440,walking_abha_new
1771603821.3955379,0.559082,-0.925781,-0.114868,22.644040,-77.331540,-62.622060,walking_abha_new
1771603821.4199376,0.484741,-0.901978,-0.105713,22.277830,-83.557100,-58.715810,walking_abha_new
1771603821.4334855,0.403687,-0.843018,-0.122559,21.179192,-83.801260,-58.654780,walking_abha_new
1771603821.4519598,0.392334,-0.788696,-0.148926,20.263670,-83.374000,-58.959950,walking_abha_new
1771603821.473312,0.383179,-0.766846,-0.144531,20.935052,-88.562000,-59.509270,walking_abha_new
1771603821.4937158,0.383911,-0.789795,-0.122314,19.836430,-80.444320,-58.654780,walking_abha_new
1771603821.5143135,0.346314,-0.830566,-0.083740,14.038084,-80.871560,-53.527820,walking_abha_new
1771603821.5345397,0.317261,-0.877686,-0.078491,9.704590,-73.974620,-51.818840,walking_abha_new
1771603821.5561988,0.269531,-0.920898,-0.101440,4.516602,-58.471670,-50.476060,walking_abha_new
1771603821.5762055,0.254150,-0.923950,-0.118286,-1.403808,-38.085940,-50.415030,walking_abha_new
1771603821.6040242,0.244751,-0.877442,-0.136353,-5.737304,-19.287110,-48.767080,walking_abha_new
1771603821.6192966,0.279297,-0.877808,-0.151489,-7.507323,-6.591796,-45.471180,walking_abha_new
1771603821.6332107,0.302490,-0.896484,-0.145874,-7.568358,-1.098633,-42.480460,walking_abha_new
1771603821.6733344,0.287842,-0.901612,-0.152466,-6.713866,1.770019,-38.391120,walking_abha_new
1771603821.6733344,0.287598,-0.926758,-0.167358,-3.601074,5.065916,-32.592780,walking_abha_new
1771603821.6950488,0.382446,-1.191772,-0.160767,9.826660,9.460450,-19.287110,walking_abha_new
1771603821.7085867,0.482910,-1.291748,-0.199951,16.296390,7.385252,-9.826660,walking_abha_new
1771603821.7307167,0.440552,-0.916382,-0.329102,16.967780,9.521484,3.601074,walking_abha_new
1771603821.7731662,0.357910,-0.507568,-0.406250,17.395020,2.624511,18.798830,walking_abha_new
1771603821.7756975,0.399414,-0.410400,-0.417358,26.000970,-9.033204,24.108880,walking_abha_new
1771603821.7902777,0.428467,-0.623779,-0.373169,36.376960,-24.902340,14.526364,walking_abha_new
1771603821.8124483,0.419067,-0.796753,-0.348145,41.015620,-36.071780,1.037598,walking_abha_new
1771603821.833642,0.438110,-0.865112,-0.363403,40.649400,-40.039070,-6.591796,walking_abha_new
1771603821.8481631,0.421875,-0.875977,-0.408936,38.940440,-43.212880,-11.413570,walking_abha_new
1771603821.8752317,0.388550,-0.886719,-0.443848,37.170420,-38.879400,-15.441892,walking_abha_new
1771603821.8914518,0.325562,-0.798462,-0.466187,26.611320,-4.394532,-5.371092,walking_abha_new
1771603821.9100685,0.398071,-0.694092,-0.468018,19.958500,14.892576,5.737304,walking_abha_new
1771603821.9384012,0.522339,-0.606445,-0.460083,22.460930,8.911134,13.610836,walking_abha_new
1771603821.9554532,0.589356,-0.604126,-0.445557,28.625480,-18.005376,14.587400,walking_abha_new
1771603821.972931,0.561402,-0.641480,-0.415283,32.714850,-45.410140,12.695310,walking_abha_new
1771603821.9931269,0.479614,-0.676636,-0.403198,30.334470,-53.466780,10.131832,walking_abha_new
1771603822.0168264,0.444946,-0.706299,-0.387451,24.047850,-42.907700,10.437010,walking_abha_new
1771603822.039214,0.462646,-0.708252,-0.375977,17.028810,-26.611320,12.573240,walking_abha_new
1771603822.0562534,0.523682,-0.678955,-0.370117,13.122556,-17.089850,11.657712,walking_abha_new
1771603822.07654,0.565186,-0.605225,-0.347046,13.427732,-19.226080,10.131832,walking_abha_new
1771603822.0906143,0.587402,-0.604736,-0.341675,16.296390,-26.794430,7.873534,walking_abha_new
1771603822.1131248,0.605469,-0.656616,-0.338379,19.165040,-33.752440,5.065916,walking_abha_new
1771603822.1351018,0.634766,-0.730957,-0.323975,20.385740,-40.161120,3.112792,walking_abha_new
1771603822.1810472,0.625366,-0.783814,-0.302124,19.836430,-43.518060,3.173828,walking_abha_new
1771603822.1810472,0.576416,-0.779297,-0.278442,18.005376,-38.085940,2.319336,walking_abha_new
1771603822.1952188,0.560059,-0.753662,-0.247925,18.310550,-27.770990,-0.732422,walking_abha_new
1771603822.211574,0.606445,-0.885986,-0.246826,24.597160,-24.353020,-0.427246,walking_abha_new
1771603822.2303178,0.677002,-1.102784,-0.271729,29.418940,-25.268550,-2.380371,walking_abha_new
1771603822.2504768,0.742188,-1.183960,-0.288086,31.433100,-31.188960,-9.216310,walking_abha_new
1771603822.2716463,0.617310,-0.841675,-0.205933,34.423840,-41.564930,-16.418460,walking_abha_new
1771603822.2942183,0.538330,-0.716919,-0.161743,37.780760,-44.128410,-17.150880,walking_abha_new
1771603822.313278,0.558960,-0.764771,-0.168701,46.447740,-54.199210,-23.071284,walking_abha_new
1771603822.3339963,0.618896,-0.892578,-0.182129,51.574700,-69.946300,-27.343748,walking_abha_new
1771603822.348238,0.618042,-0.962402,-0.170288,52.124020,-90.270980,-24.353020,walking_abha_new
1771603822.3747013,0.572510,-0.982910,-0.135620,51.208480,-102.416960,-19.897460,walking_abha_new
1771603822.3955822,0.472778,-0.952881,-0.140015,48.461900,-97.900360,-21.118160,walking_abha_new
1771603822.424167,0.399902,-0.874634,-0.167236,44.616690,-89.355460,-23.742670,walking_abha_new
1771603822.4315894,0.392090,-0.797363,-0.199341,39.978040,-86.242660,-27.587884,walking_abha_new
1771603822.4530609,0.335205,-0.769043,-0.197510,35.949720,-85.693340,-37.963880,walking_abha_new
1771603822.47301,0.286255,-0.759644,-0.172974,28.137200,-73.120140,-39.917000,walking_abha_new
1771603822.49413,0.259155,-0.748047,-0.152100,21.911620,-61.462400,-42.419420,walking_abha_new
1771603822.5170355,0.299927,-0.797730,-0.139893,17.639160,-54.687490,-45.043940,walking_abha_new
1771603822.5295434,0.277588,-0.854004,-0.128418,13.793944,-49.926750,-45.898430,walking_abha_new
1771603822.5491178,0.247559,-0.891602,-0.130493,8.483890,-38.635260,-44.677720,walking_abha_new
1771603822.5700438,0.250000,-0.898804,-0.153320,2.258301,-22.644040,-41.503900,walking_abha_new
1771603822.5909853,0.300781,-0.914429,-0.169800,-1.953124,-8.789064,-38.391120,walking_abha_new
1771603822.613667,0.346436,-0.986206,-0.147461,-4.089356,-1.586914,-33.874520,walking_abha_new
1771603822.6326778,0.341797,-1.037842,-0.128906,-5.187988,0.854492,-29.724120,walking_abha_new
1771603822.6535766,0.356201,-0.964722,-0.189819,-3.540038,10.620116,-20.812980,walking_abha_new
1771603822.6733348,0.370728,-0.945068,-0.210327,-3.356933,-2.197266,-16.540530,walking_abha_new
1771603822.6941419,0.360230,-1.086670,-0.162231,-0.305176,-6.652830,-11.169430,walking_abha_new
1771603822.708761,0.287109,-1.171143,-0.137939,-2.624511,9.094240,-8.300784,walking_abha_new
1771603822.729382,0.279663,-1.037354,-0.169678,-3.845214,34.301760,-4.577638,walking_abha_new
1771603822.7537053,0.360108,-0.840210,-0.229858,3.479003,39.245610,4.211426,walking_abha_new
1771603822.7724028,0.430176,-0.725098,-0.277588,18.066410,19.531250,6.713866,walking_abha_new
1771603822.7917504,0.411865,-0.748047,-0.272217,31.188960,-6.286620,6.103514,walking_abha_new
1771603822.813743,0.355957,-0.798340,-0.261597,37.048340,-23.498530,5.676268,walking_abha_new
1771603822.8333862,0.360718,-0.905396,-0.276856,42.480460,-27.709956,-1.098633,walking_abha_new
1771603822.8542588,0.410400,-0.944946,-0.297241,42.907700,-32.531740,-1.464844,walking_abha_new
1771603822.875534,0.394898,-0.889282,-0.318482,40.954580,-39.123540,1.586914,walking_abha_new
1771603822.8913374,0.333984,-0.788696,-0.340820,36.804200,-37.353520,5.249022,walking_abha_new
1771603822.9167902,0.290527,-0.711670,-0.360840,29.663080,-23.315424,11.108396,walking_abha_new
1771603822.9357374,0.310181,-0.656128,-0.351440,23.193352,-7.568358,15.991210,walking_abha_new
1771603822.9562345,0.378052,-0.632446,-0.323242,20.996090,-1.953124,14.404296,walking_abha_new
1771603822.9727066,0.455688,-0.666504,-0.301636,20.690910,-8.361816,15.380856,walking_abha_new
1771603822.993124,0.499634,-0.712402,-0.308716,19.165040,-20.263670,17.639160,walking_abha_new
1771603823.0135207,0.489990,-0.753662,-0.322998,16.662600,-24.597160,20.141600,walking_abha_new
1771603823.0351756,0.533936,-0.777344,-0.328613,11.718748,-20.263670,19.897460,walking_abha_new
1771603823.0489264,0.566895,-0.762695,-0.328247,10.803220,-21.179192,17.333990,walking_abha_new
1771603823.073793,0.578980,-0.724243,-0.328003,10.437010,-25.085448,14.648436,walking_abha_new
1771603823.0918736,0.579346,-0.688477,-0.318726,11.413570,-29.663080,11.596676,walking_abha_new
1771603823.1123438,0.586670,-0.726685,-0.306519,14.099120,-32.592780,5.554198,walking_abha_new
1771603823.13392,0.628052,-0.810303,-0.298340,16.235352,-36.438000,-0.427246,walking_abha_new
1771603823.1530519,0.655396,-0.881470,-0.293091,18.066410,-40.466300,-4.882814,walking_abha_new
1771603823.1733186,0.639038,-0.948242,-0.275513,20.385740,-40.710440,-9.460450,walking_abha_new
1771603823.1946683,0.676148,-1.109375,-0.274048,21.667476,-37.841800,-8.483890,walking_abha_new
1771603823.2094514,0.717652,-1.273316,-0.307739,15.319820,-31.311030,-10.803220,walking_abha_new
1771603823.2297308,0.661377,-1.113282,-0.291016,11.230468,-29.724120,-21.972650,walking_abha_new
1771603823.2648332,0.596070,-0.914795,-0.222290,8.605960,-29.846190,-30.944820,walking_abha_new
1771603823.2729125,0.572022,-0.844971,-0.189453,13.916012,-30.395500,-45.288080,walking_abha_new
1771603823.292154,0.614746,-0.935791,-0.192383,18.981940,-36.743170,-52.185050,walking_abha_new
1771603823.3127246,0.672608,-0.972412,-0.208374,22.949216,-57.067860,-61.218250,walking_abha_new
1771603823.3347678,0.607300,-0.973999,-0.185791,25.329584,-74.340840,-65.124520,walking_abha_new
1771603823.3538969,0.494263,-0.936402,-0.163330,19.897460,-71.716320,-62.377920,walking_abha_new
1771603823.3675811,0.414063,-0.828613,-0.162354,12.878416,-54.382320,-61.950680,walking_abha_new
1771603823.3928182,0.380737,-0.714722,-0.183472,7.995604,-38.696300,-65.124520,walking_abha_new
1771603823.4099703,0.440674,-0.602661,-0.201050,7.812498,-36.682140,-69.641120,walking_abha_new
1771603823.4339106,0.432739,-0.596924,-0.194824,12.329100,-48.400870,-71.289060,walking_abha_new
1771603823.451953,0.417114,-0.627808,-0.159546,5.126952,-48.278800,-71.228040,walking_abha_new
1771603823.4723942,0.388794,-0.664307,-0.140869,2.929687,-50.415030,-66.955580,walking_abha_new
1771603823.4936118,0.391724,-0.713013,-0.129639,-0.122070,-47.424300,-62.927240,walking_abha_new
1771603823.51395,0.389648,-0.780762,-0.132568,-2.319336,-43.762200,-58.532700,walking_abha_new
1771603823.534297,0.358032,-0.851196,-0.140625,-8.117676,-33.447270,-53.527820,walking_abha_new
1771603823.5526428,0.333496,-0.875977,-0.142700,-16.052250,-16.601568,-47.424300,walking_abha_new
1771603823.5745013,0.319214,-0.888550,-0.145752,-22.766110,5.187988,-40.344230,walking_abha_new
1771603823.593919,0.398804,-0.955811,-0.138062,-32.470710,32.226570,-27.160640,walking_abha_new
1771603823.6113763,0.413818,-0.989868,-0.138184,-27.465816,31.677240,-19.470220,walking_abha_new
1771603823.634338,0.402344,-0.955811,-0.119873,-23.864740,30.029290,-12.756344,walking_abha_new
1771603823.6531854,0.397461,-0.932984,-0.139160,-17.639160,27.832030,-2.075196,walking_abha_new
1771603823.6676304,0.456421,-1.046875,-0.154419,-9.216310,22.583000,9.277344,walking_abha_new
1771603823.6945443,0.499390,-1.138184,-0.135986,-0.366211,18.615724,21.240230,walking_abha_new
1771603823.7151895,0.425293,-1.039185,-0.129395,4.150392,13.366696,33.691410,walking_abha_new
1771603823.7322426,0.341675,-0.788452,-0.182251,8.178714,18.798830,46.386710,walking_abha_new
1771603823.7496827,0.313599,-0.644409,-0.244263,14.831540,22.705070,53.222640,walking_abha_new
1771603823.7706714,0.367066,-0.669312,-0.279297,23.864740,18.127448,52.490220,walking_abha_new
1771603823.7913373,0.379761,-0.808106,-0.283691,32.897960,4.699708,44.921860,walking_abha_new
1771603823.8128777,0.404175,-0.887940,-0.300049,34.057620,2.807617,45.349110,walking_abha_new
1771603823.8349705,0.481812,-0.919800,-0.336914,33.081060,-1.098633,48.095700,walking_abha_new
1771603823.8545978,0.496948,-0.870972,-0.387695,30.700680,-12.939450,51.269520,walking_abha_new
1771603823.8747659,0.416992,-0.785767,-0.403564,27.832030,-20.019532,54.016100,walking_abha_new
1771603823.8903558,0.331665,-0.737671,-0.406860,20.446770,-8.789064,56.213370,walking_abha_new
1771603823.9101179,0.321289,-0.695068,-0.404419,10.559080,14.038084,56.091300,walking_abha_new
1771603823.9323735,0.384644,-0.679688,-0.392456,3.417968,29.052730,53.283680,walking_abha_new
1771603823.9581475,0.448242,-0.700440,-0.363281,-1.586914,29.724120,50.537100,walking_abha_new
1771603823.972292,0.491943,-0.740234,-0.369629,-7.873534,27.282710,46.264640,walking_abha_new
1771603823.9935088,0.513550,-0.763550,-0.385254,-12.573240,30.090330,47.241200,walking_abha_new
1771603824.0136364,0.540528,-0.756958,-0.378052,-16.296390,32.165540,47.607410,walking_abha_new
1771603824.0350058,0.554688,-0.737427,-0.351807,-18.249516,31.738280,43.762200,walking_abha_new
1771603824.049586,0.547119,-0.691772,-0.330200,-20.080560,31.677240,38.085940,walking_abha_new
1771603824.0698473,0.558716,-0.665283,-0.325195,-20.751950,29.724120,31.616208,walking_abha_new
1771603824.090903,0.587646,-0.706177,-0.327148,-21.301268,26.794430,25.451652,walking_abha_new
1771603824.1119304,0.595459,-0.771484,-0.322632,-21.850580,25.146480,18.432620,walking_abha_new
1771603824.1347768,0.592896,-0.844360,-0.288452,-22.399900,28.259270,11.352536,walking_abha_new
1771603824.1534758,0.648804,-1.035034,-0.258057,-20.263670,31.921380,9.216310,walking_abha_new
1771603824.1736095,0.805298,-1.451172,-0.271484,-21.179192,31.677240,5.187988,walking_abha_new
1771603824.196992,0.717896,-1.255738,-0.232056,-27.038570,36.071780,2.807617,walking_abha_new
1771603824.2150686,0.577515,-0.869385,-0.158691,-27.282710,45.776360,-1.403808,walking_abha_new
1771603824.235624,0.552979,-0.772217,-0.168579,-19.042970,52.246080,-13.854978,walking_abha_new
1771603824.2525241,0.615845,-0.886353,-0.209351,-5.249022,44.250480,-37.841800,walking_abha_new
1771603824.2741067,0.706299,-0.965454,-0.187134,6.164550,21.301268,-59.936520,walking_abha_new
1771603824.292154,0.718018,-0.993408,-0.130249,12.695310,-4.089356,-64.453140,walking_abha_new
1771603824.315472,0.631348,-0.948242,-0.110718,16.479492,-19.714360,-65.368660,walking_abha_new
1771603824.3337564,0.545166,-0.863770,-0.128052,18.127448,-22.949216,-63.781730,walking_abha_new
1771603824.354726,0.472900,-0.645752,-0.166382,17.822270,-20.324700,-65.246600,walking_abha_new
1771603824.3752906,0.466919,-0.555664,-0.174438,18.432620,-27.832030,-63.903800,walking_abha_new
1771603824.389173,0.485474,-0.528198,-0.156616,20.019532,-29.357908,-59.997550,walking_abha_new
1771603824.4161856,0.497070,-0.529663,-0.157105,20.874020,-37.536620,-56.396480,walking_abha_new
1771603824.4311311,0.494263,-0.583496,-0.143921,20.385740,-42.602530,-54.382320,walking_abha_new
1771603824.4530613,0.521240,-0.657837,-0.150635,19.165040,-48.706040,-51.757800,walking_abha_new
1771603824.4748943,0.512573,-0.729248,-0.182007,15.930172,-57.250960,-47.546380,walking_abha_new
1771603824.4934304,0.481812,-0.768066,-0.200195,12.023924,-61.035140,-46.020500,walking_abha_new
1771603824.5140135,0.404907,-0.787476,-0.202515,6.713866,-53.161610,-44.921860,walking_abha_new
1771603824.5349836,0.352783,-0.822266,-0.196411,0.854492,-31.311030,-44.372550,walking_abha_new
1771603824.5500178,0.401611,-0.906372,-0.179932,-8.850100,4.333496,-38.330080,walking_abha_new
1771603824.5696995,0.463745,-0.936646,-0.163940,-10.070800,13.854978,-31.433100,walking_abha_new
1771603824.5916114,0.482666,-0.922974,-0.163086,-8.850100,14.770504,-23.498530,walking_abha_new
1771603824.6114278,0.480469,-0.870484,-0.207764,-9.887696,13.122556,-12.756344,walking_abha_new
1771603824.6355586,0.479126,-0.812622,-0.249634,-10.559080,10.742184,-2.929687,walking_abha_new
1771603824.6530323,0.474121,-0.848267,-0.235230,-10.925290,3.540038,9.155274,walking_abha_new
1771603824.6749823,0.491333,-0.954468,-0.196899,-13.122556,4.150392,19.897460,walking_abha_new
1771603824.6967082,0.463501,-0.976929,-0.170288,-14.038084,11.596676,26.428220,walking_abha_new
1771603824.7110271,0.438110,-0.934937,-0.161987,-13.977050,23.437492,34.606940,walking_abha_new
1771603824.7343597,0.405151,-0.789673,-0.186401,-7.019042,43.151840,46.142570,walking_abha_new
1771603824.7500887,0.408081,-0.743652,-0.255737,0.976562,52.307120,48.339840,walking_abha_new
1771603824.7732632,0.458374,-0.712891,-0.303711,7.385252,46.325680,50.415030,walking_abha_new
1771603824.7931974,0.511963,-0.733276,-0.320435,20.629880,29.357908,47.790520,walking_abha_new
1771603824.8129728,0.556396,-0.818115,-0.346436,32.104500,4.577638,44.799800,walking_abha_new
1771603824.8335307,0.601440,-0.842041,-0.393066,36.438000,-27.099608,43.273920,walking_abha_new
1771603824.8536618,0.546021,-0.789917,-0.375122,35.827640,-53.710930,42.480460,walking_abha_new
1771603824.8698192,0.422608,-0.724976,-0.335449,28.808590,-57.373040,44.677720,walking_abha_new
1771603824.8929749,0.328613,-0.699585,-0.345215,18.066410,-34.790040,49.926750,walking_abha_new
1771603824.9161615,0.367554,-0.709229,-0.374756,4.455568,-0.915527,52.124020,walking_abha_new
1771603824.9319053,0.552002,-0.674927,-0.362305,0.122070,13.854978,46.020500,walking_abha_new
1771603824.951898,0.578736,-0.734741,-0.342896,0.976562,6.958006,44.555660,walking_abha_new
1771603824.9725838,0.605835,-0.717285,-0.360230,-0.244141,2.319336,41.381820,walking_abha_new
1771603824.9931104,0.622070,-0.678223,-0.366333,0.427246,-3.051757,40.649400,walking_abha_new
1771603825.014032,0.666748,-0.669068,-0.353516,0.427246,-11.657712,39.062500,walking_abha_new
1771603825.027438,0.675781,-0.637695,-0.347290,2.746581,-24.414060,32.348640,walking_abha_new
1771603825.049349,0.639038,-0.613526,-0.339356,3.723144,-33.752440,24.353020,walking_abha_new
1771603825.0699117,0.601562,-0.648926,-0.323364,1.342773,-33.569340,17.333990,walking_abha_new
1771603825.0930672,0.601562,-0.748657,-0.320190,-2.929687,-24.047850,9.460450,walking_abha_new
1771603825.1115637,0.587158,-0.949829,-0.267090,-9.277344,4.516602,-4.089356,walking_abha_new
1771603825.1321757,0.580444,-0.910522,-0.266602,-15.991210,28.442380,-11.779784,walking_abha_new
1771603825.1527333,0.620484,-0.853760,-0.276489,-11.840818,39.489750,-13.732908,walking_abha_new
1771603825.1758802,0.711548,-1.030152,-0.279053,-5.676268,37.963880,-11.962890,walking_abha_new
1771603825.2166002,0.744995,-1.098755,-0.278076,-4.211426,29.235832,-15.258788,walking_abha_new
1771603825.2166002,0.733887,-0.981079,-0.251221,-3.234863,13.854978,-22.644040,walking_abha_new
1771603825.2345157,0.642822,-0.832154,-0.200928,0.000000,3.234863,-25.573724,walking_abha_new
1771603825.249954,0.626465,-0.839600,-0.198486,2.990722,-2.441407,-30.944820,walking_abha_new
1771603825.2710366,0.689331,-0.889160,-0.222900,8.544924,-18.798830,-39.184580,walking_abha_new
1771603825.3193152,0.647461,-0.932984,-0.205322,15.686032,-37.597660,-48.217760,walking_abha_new
1771603825.3193152,0.514404,-1.031616,-0.169556,14.038084,-27.160640,-49.560540,walking_abha_new
1771603825.3294528,0.493286,-0.911255,-0.224731,10.803220,-11.962890,-52.185050,walking_abha_new
1771603825.354519,0.478027,-0.704712,-0.291138,13.000484,-13.305660,-55.603020,walking_abha_new
1771603825.3754644,0.431152,-0.578980,-0.319824,11.779784,-32.226570,-56.762680,walking_abha_new
1771603825.388762,0.376099,-0.581909,-0.324219,15.930172,-54.626460,-57.312000,walking_abha_new
1771603825.410428,0.365845,-0.656860,-0.307373,15.502928,-55.480940,-56.152340,walking_abha_new
1771603825.4310625,0.314331,-0.699097,-0.246704,5.432128,-45.166000,-54.077140,walking_abha_new
1771603825.453473,0.298218,-0.727295,-0.208862,-4.028321,-30.029290,-47.851560,walking_abha_new
1771603825.471815,0.287720,-0.718384,-0.221314,-12.817380,-16.113284,-41.564930,walking_abha_new
1771603825.4861057,0.300781,-0.771851,-0.242432,-20.019532,-0.183105,-34.301760,walking_abha_new
1771603825.5142195,0.307983,-0.815918,-0.256104,-24.536130,11.413570,-30.944820,walking_abha_new
1771603825.5285556,0.319946,-0.811402,-0.246826,-27.770990,21.545408,-27.893060,walking_abha_new
1771603825.5560582,0.357910,-0.820679,-0.203125,-27.160640,26.184080,-22.033690,walking_abha_new
1771603825.5760448,0.395874,-0.883789,-0.190186,-29.296870,31.555170,-12.390136,walking_abha_new
1771603825.5987513,0.427368,-0.924194,-0.187012,-22.399900,22.277830,-2.746581,walking_abha_new
1771603825.6182692,0.454102,-0.912476,-0.205322,-17.578130,16.418460,6.103514,walking_abha_new
1771603825.6326537,0.447876,-0.924438,-0.206055,-15.747068,1.342773,16.540530,walking_abha_new
1771603825.6536484,0.473877,-1.055054,-0.174805,-11.596676,-0.671386,30.883784,walking_abha_new
1771603825.6748416,0.487793,-1.177368,-0.136841,-10.131832,7.141112,45.043940,walking_abha_new
1771603825.694473,0.515869,-1.009278,-0.166992,-8.728030,26.000970,63.476560,walking_abha_new
1771603825.708903,0.482788,-0.756836,-0.224121,-5.676268,34.667980,72.326660,walking_abha_new
1771603825.7334569,0.482178,-0.619141,-0.286987,-1.892090,36.682140,76.904300,walking_abha_new
1771603825.7503934,0.507935,-0.619019,-0.311890,6.530760,31.372068,70.983900,walking_abha_new
1771603825.7727463,0.526734,-0.692749,-0.320557,15.808104,20.507810,56.518540,walking_abha_new
1771603825.7933238,0.561157,-0.774048,-0.325806,22.644040,9.277344,41.931140,walking_abha_new
1771603825.8125637,0.582031,-0.821900,-0.343262,25.329584,-6.530760,31.372068,walking_abha_new
1771603825.8349454,0.501831,-0.812866,-0.370117,24.475090,-21.972650,24.841304,walking_abha_new
1771603825.8608506,0.398560,-0.747314,-0.395020,18.127448,-19.958500,20.385740,walking_abha_new
1771603825.8692462,0.291748,-0.642456,-0.416626,1.953124,14.770504,24.353020,walking_abha_new
1771603825.889478,0.328125,-0.598999,-0.409912,-7.080076,36.315920,28.076170,walking_abha_new
1771603825.9114482,0.398438,-0.608398,-0.397461,-11.291500,41.931140,26.611320,walking_abha_new
1771603825.9309132,0.461060,-0.669556,-0.385376,-13.549804,39.917000,26.184080,walking_abha_new
1771603825.9518547,0.489868,-0.729858,-0.392822,-18.432620,39.428720,30.273430,walking_abha_new
1771603825.9742692,0.508423,-0.743286,-0.400146,-22.216790,40.649400,32.714850,walking_abha_new
1771603825.9935112,0.537842,-0.734497,-0.394531,-23.864740,41.687000,32.775880,walking_abha_new
1771603826.0153155,0.580200,-0.714722,-0.385376,-23.986810,38.513190,31.921380,walking_abha_new
1771603826.0351372,0.619873,-0.672363,-0.380005,-22.216790,28.137200,30.578610,walking_abha_new
1771603826.053871,0.643921,-0.687256,-0.372437,-18.920900,15.502928,30.578610,walking_abha_new
1771603826.0759728,0.669922,-0.818726,-0.375488,-16.906740,7.202148,26.062010,walking_abha_new
1771603826.0946276,0.657715,-0.880615,-0.353394,-17.211920,10.559080,22.338860,walking_abha_new
1771603826.1115441,0.656616,-0.935303,-0.331543,-19.470220,20.141600,18.554690,walking_abha_new
1771603826.1324363,0.727417,-1.036499,-0.314331,-18.432620,25.878900,18.127448,walking_abha_new
1771603826.1534715,0.749268,-1.144288,-0.304443,-18.493652,29.907220,21.911620,walking_abha_new
1771603826.1738703,0.734131,-1.086060,-0.303833,-18.371584,33.264160,11.535644,walking_abha_new
1771603826.1883776,0.678223,-0.923584,-0.272827,-18.066410,38.818360,-0.793457,walking_abha_new
1771603826.2262642,0.592407,-0.745484,-0.228149,-17.822270,46.997060,-10.986324,walking_abha_new
1771603826.231958,0.641358,-0.723389,-0.220215,-13.000484,42.907700,-19.470220,walking_abha_new
1771603826.2525382,0.708374,-0.789062,-0.227051,-0.305176,8.239746,-37.963880,walking_abha_new
1771603826.2785356,0.686768,-0.819092,-0.195435,5.249022,-19.714360,-42.907700,walking_abha_new
1771603826.3029668,0.614746,-0.867798,-0.187744,8.850100,-33.508300,-45.043940,walking_abha_new
1771603826.313251,0.553223,-0.882446,-0.209961,6.164550,-31.860350,-43.884270,walking_abha_new
1771603826.3342068,0.500000,-0.787476,-0.238647,4.638672,-24.780270,-46.386710,walking_abha_new
1771603826.3556828,0.454346,-0.697144,-0.258423,4.821778,-17.944340,-51.086420,walking_abha_new
1771603826.3726377,0.427368,-0.638550,-0.276245,3.662109,-13.183590,-54.138180,walking_abha_new
1771603826.3953497,0.429566,-0.615479,-0.279907,0.549316,-18.493652,-55.053700,walking_abha_new
1771603826.4103115,0.425049,-0.619263,-0.246216,1.098633,-21.850580,-54.931630,walking_abha_new
1771603826.4308681,0.378784,-0.631226,-0.209229,-1.892090,-22.155760,-52.062980,walking_abha_new
1771603826.4517906,0.367798,-0.671021,-0.212280,-5.859374,-18.493652,-47.058100,walking_abha_new
1771603826.47215,0.369629,-0.718628,-0.223022,-6.774902,-17.822270,-44.494620,walking_abha_new
1771603826.4871113,0.367920,-0.767456,-0.218140,-8.361816,-16.174320,-40.405260,walking_abha_new
1771603826.514097,0.354004,-0.806519,-0.205566,-10.314940,-11.474608,-36.193860,walking_abha_new
1771603826.542012,0.357300,-0.858276,-0.186768,-11.840818,-3.295898,-32.409680,walking_abha_new
1771603826.5626817,0.374268,-0.888306,-0.172485,-13.427732,5.004884,-24.536130,walking_abha_new
1771603826.5760612,0.389038,-0.875610,-0.167236,-13.916012,9.643556,-14.099120,walking_abha_new
1771603826.5978546,0.433716,-0.890869,-0.197754,-11.169430,8.239746,-4.882814,walking_abha_new
1771603826.6187243,0.478394,-0.940308,-0.238892,-10.070800,3.234863,5.310058,walking_abha_new
1771603826.6416793,0.525757,-1.092408,-0.169434,-9.765626,2.563476,22.949216,walking_abha_new
1771603826.6541207,0.484741,-1.208130,-0.125366,-10.070800,14.587400,33.569340,walking_abha_new
1771603826.698347,0.458252,-0.873291,-0.228638,-4.455568,57.312000,40.344230,walking_abha_new
1771603826.710593,0.455688,-0.682984,-0.307983,3.479003,53.344720,43.823240,walking_abha_new
1771603826.730299,0.472168,-0.576782,-0.329590,16.906740,35.766600,38.696300,walking_abha_new
1771603826.7504048,0.496338,-0.608521,-0.318604,30.883784,11.596676,32.043460,walking_abha_new
1771603826.7744665,0.537110,-0.713379,-0.317993,45.959460,-15.258788,24.536130,walking_abha_new
1771603826.7926972,0.605347,-0.789917,-0.320313,54.626460,-52.062980,24.902340,walking_abha_new
1771603826.813559,0.577393,-0.788818,-0.353516,59.265120,-90.026840,27.954100,walking_abha_new
1771603826.8336122,0.274902,-0.743042,-0.371338,48.950180,-100.402800,27.404780,walking_abha_new
1771603826.8559787,0.100586,-0.713013,-0.334717,33.630380,-58.288560,28.747552,walking_abha_new
1771603826.8755016,0.107666,-0.706543,-0.332031,14.831540,3.234863,34.667980,walking_abha_new
1771603826.8973756,0.263672,-0.671143,-0.343994,3.662109,44.738760,33.935560,walking_abha_new
1771603826.9116366,0.417480,-0.679077,-0.329834,0.976562,53.710930,36.315920,walking_abha_new
1771603826.93097,0.529907,-0.689820,-0.329590,-2.258301,40.466300,48.522940,walking_abha_new
1771603826.9550054,0.584595,-0.702271,-0.355469,1.403808,15.136716,50.903310,walking_abha_new
1771603826.9725983,0.622070,-0.753662,-0.365723,5.798338,-9.643556,52.001940,walking_abha_new
1771603826.9935694,0.623779,-0.774536,-0.369629,7.812498,-27.099608,54.565420,walking_abha_new
1771603827.0141354,0.594849,-0.729980,-0.357422,6.103514,-34.912120,54.382320,walking_abha_new
1771603827.0354185,0.596314,-0.729858,-0.348999,3.173828,-32.226570,55.480940,walking_abha_new
1771603827.0514004,0.624024,-0.796387,-0.355225,0.488281,-27.648920,53.283680,walking_abha_new
1771603827.0756423,0.650635,-0.879272,-0.353882,-2.197266,-19.714360,44.677720,walking_abha_new
1771603827.1020918,0.683350,-0.990112,-0.325684,-3.540038,-9.094240,33.508300,walking_abha_new
1771603827.1444104,0.852661,-1.443482,-0.318970,-5.432128,4.455568,26.977532,walking_abha_new
1771603827.156052,0.807129,-1.355469,-0.321167,-12.023924,13.488768,16.052250,walking_abha_new
1771603827.1752133,0.640503,-0.997192,-0.257324,-16.052250,26.245110,-1.464844,walking_abha_new
1771603827.194998,0.498291,-0.740356,-0.203003,-16.052250,42.907700,-23.925780,walking_abha_new
1771603827.2160463,0.600342,-0.788696,-0.218872,-3.234863,42.907700,-59.753410,walking_abha_new
1771603827.2300422,0.653809,-0.850342,-0.230957,5.737304,16.296390,-76.721200,walking_abha_new
1771603827.2565823,0.628662,-0.892944,-0.199829,10.803220,-17.333990,-83.557100,walking_abha_new
1771603827.2722325,0.566650,-0.921631,-0.159302,11.779784,-35.949720,-81.298800,walking_abha_new
1771603827.298317,0.468994,-0.898560,-0.165161,7.751464,-34.667980,-76.049820,walking_abha_new
1771603827.3150184,0.382080,-0.787110,-0.194824,5.187988,-26.123040,-74.462900,walking_abha_new
1771603827.334636,0.356934,-0.685181,-0.218628,5.737304,-19.897460,-75.439460,walking_abha_new
1771603827.3545506,0.377441,-0.640259,-0.228638,4.089356,-24.841304,-74.890140,walking_abha_new
1771603827.3755739,0.393555,-0.644287,-0.225708,5.798338,-33.691410,-73.364260,walking_abha_new
1771603827.390752,0.349976,-0.684937,-0.187744,4.028321,-49.987780,-71.716320,walking_abha_new
1771603827.415318,0.293091,-0.737061,-0.173218,-1.953124,-43.884270,-66.589360,walking_abha_new
1771603827.4331143,0.270508,-0.797119,-0.165772,-10.253904,-29.968260,-60.424800,walking_abha_new
1771603827.4559555,0.270874,-0.843262,-0.169434,-18.310550,-14.221190,-51.757800,walking_abha_new
1771603827.4767146,0.263428,-0.870362,-0.178833,-25.329584,3.967285,-42.358390,walking_abha_new
1771603827.66577,0.283691,-0.875366,-0.188355,-30.883784,23.010250,-34.118660,walking_abha_new
1771603827.6683223,0.328980,-0.881226,-0.173340,-32.043460,33.203130,-27.587884,walking_abha_new
1771603827.6683223,0.357422,-0.906982,-0.158447,-30.090330,35.034180,-21.118160,walking_abha_new
1771603827.6683223,0.353394,-0.915650,-0.151367,-26.184080,33.386240,-14.709470,walking_abha_new
1771603827.6683223,0.353027,-0.923096,-0.158325,-20.996090,30.700680,-6.774902,walking_abha_new
1771603827.6683223,0.463989,-1.080322,-0.156372,-11.779784,18.737796,12.268064,walking_abha_new
1771603827.6683223,0.526856,-1.228028,-0.096558,-4.516602,8.911134,27.282710,walking_abha_new
1771603827.6683223,0.475098,-1.172852,-0.072022,-0.122070,9.338380,43.884270,walking_abha_new
1771603827.6683223,0.432983,-0.872192,-0.142944,3.906249,15.930172,55.541980,walking_abha_new
1771603827.6695657,0.404541,-0.659058,-0.238892,12.878416,13.732908,61.828600,walking_abha_new
1771603827.6940465,0.395142,-0.648316,-0.263550,25.451652,2.380371,58.288560,walking_abha_new
1771603827.7120888,0.402222,-0.789917,-0.244751,35.583500,-7.995604,46.142570,walking_abha_new
1771603827.7293634,0.394775,-0.875244,-0.251587,39.672860,-4.455568,34.545900,walking_abha_new
1771603827.7536883,0.443482,-0.916992,-0.259522,41.381820,10.498044,32.775880,walking_abha_new
1771603827.7739382,0.503662,-0.860230,-0.296997,37.902840,-8.483890,36.132820,walking_abha_new
1771603827.7918437,0.448364,-0.777222,-0.335205,38.024910,-19.470220,36.865240,walking_abha_new
1771603827.8198318,0.389526,-0.702881,-0.360474,34.179700,-18.981940,35.949720,walking_abha_new
1771603827.839749,0.355103,-0.641358,-0.358154,29.418940,-10.864256,34.606940,walking_abha_new
1771603827.8612902,0.339478,-0.627564,-0.339478,24.169920,-0.671386,34.973150,walking_abha_new
1771603827.8745468,0.404541,-0.670776,-0.319458,17.639160,6.713866,35.339360,walking_abha_new
1771603827.891329,0.435913,-0.696045,-0.312012,9.277344,9.948730,41.931140,walking_abha_new
1771603827.9141874,0.440186,-0.701538,-0.321777,3.295898,15.991210,42.785640,walking_abha_new
1771603827.9358451,0.514526,-0.723633,-0.329712,1.770019,19.897460,40.466300,walking_abha_new
1771603827.9516451,0.568848,-0.758057,-0.344360,-0.976562,18.005376,44.067380,walking_abha_new
1771603827.97547,0.659790,-0.732910,-0.348389,0.610352,-2.441407,40.893540,walking_abha_new
1771603827.9934433,0.624512,-0.720825,-0.334839,0.793457,-10.925290,41.320790,walking_abha_new
1771603828.0145917,0.602783,-0.767944,-0.344727,-2.380371,-3.234863,38.818360,walking_abha_new
1771603828.0367758,0.656128,-0.857666,-0.359741,-6.530760,10.131832,30.212400,walking_abha_new
1771603828.0493877,0.712036,-0.960571,-0.336426,-11.108396,21.362300,24.108880,walking_abha_new
1771603828.076044,0.740234,-1.026978,-0.299316,-16.296390,31.372068,16.845708,walking_abha_new
1771603828.0907433,0.806030,-1.147339,-0.279053,-16.662600,36.010750,13.549804,walking_abha_new
1771603828.1139758,0.853150,-1.273804,-0.288452,-18.676760,35.522460,6.591796,walking_abha_new
1771603828.1322694,0.861450,-1.250977,-0.285522,-20.446770,28.137200,-6.958006,walking_abha_new
1771603828.1600301,0.646729,-0.882324,-0.193970,-20.874020,24.902340,-29.296870,walking_abha_new
1771603828.1806676,0.526367,-0.747437,-0.152466,-17.333990,37.231450,-46.813960,walking_abha_new
1771603828.1966417,0.606079,-0.793213,-0.152832,-8.728030,37.475590,-63.232410,walking_abha_new
1771603828.2090187,0.663330,-0.875244,-0.166870,-1.525878,22.277830,-78.247080,walking_abha_new
1771603828.2298276,0.699585,-0.926880,-0.165894,2.868652,-4.455568,-84.838860,walking_abha_new
1771603828.2635143,0.649170,-0.949219,-0.127808,5.371092,-23.010250,-84.533660,walking_abha_new
1771603828.2722921,0.543213,-0.935791,-0.109009,2.502442,-22.888180,-81.359840,walking_abha_new
1771603828.2923234,0.449585,-0.828980,-0.119141,-3.234863,-17.944340,-81.054660,walking_abha_new
1771603828.3145547,0.407837,-0.710694,-0.138550,-1.464844,-5.737304,-83.251940,walking_abha_new
1771603828.335496,0.416260,-0.648926,-0.167603,0.610352,-6.835936,-85.632300,walking_abha_new
1771603828.350801,0.432739,-0.631104,-0.186035,2.807617,-7.568358,-89.233380,walking_abha_new
1771603828.3746011,0.380249,-0.632324,-0.151733,3.662109,-10.498044,-90.881340,walking_abha_new
1771603828.3955648,0.385254,-0.637329,-0.107666,-3.906249,-1.892090,-88.012680,walking_abha_new
1771603828.4312885,0.392700,-0.661133,-0.096680,-6.225584,0.366211,-82.763660,walking_abha_new
1771603828.4380922,0.404297,-0.694946,-0.104126,-9.033204,1.159668,-75.073240,walking_abha_new
1771603828.4530156,0.417358,-0.725952,-0.118530,-12.023924,0.366211,-65.368660,walking_abha_new
1771603828.4732723,0.416504,-0.726318,-0.122192,-14.587400,-0.854492,-55.419910,walking_abha_new
1771603828.4945698,0.414551,-0.726196,-0.124512,-14.465330,-0.061035,-45.471180,walking_abha_new
1771603828.517782,0.426148,-0.770874,-0.128174,-14.099120,2.197266,-32.775880,walking_abha_new
1771603828.539936,0.484253,-0.850952,-0.126953,-14.221190,0.915527,-9.948730,walking_abha_new
1771603828.555392,0.491211,-0.878174,-0.125977,-14.526364,-1.037598,6.042480,walking_abha_new
1771603828.571766,0.490234,-0.882568,-0.129272,-15.808104,0.732422,23.254390,walking_abha_new
1771603828.5905378,0.518555,-0.975586,-0.114258,-10.131832,-3.295898,42.785640,walking_abha_new
1771603828.6421478,0.560547,-1.110596,-0.089966,-6.774902,-2.990722,64.147960,walking_abha_new
1771603828.6421478,0.557373,-1.094604,-0.095459,-6.530760,4.821778,85.571260,walking_abha_new
1771603828.6538568,0.499268,-0.896240,-0.132935,-6.469726,16.357424,102.172840,walking_abha_new
1771603828.6740258,0.472900,-0.716064,-0.182007,-2.380371,24.291990,111.938460,walking_abha_new
1771603828.6812818,0.488403,-0.650146,-0.222656,7.385252,22.827140,113.159160,walking_abha_new
1771603828.7183418,0.543579,-0.729126,-0.246338,23.437492,5.859374,103.027320,walking_abha_new
1771603828.7334213,0.614136,-0.907837,-0.251709,44.250480,-20.690910,82.031240,walking_abha_new
1771603828.7513552,0.685303,-0.940186,-0.274902,48.278800,-44.189440,78.125000,walking_abha_new
1771603828.771518,0.674072,-0.888062,-0.322144,50.964340,-70.800800,70.068360,walking_abha_new
1771603828.7946029,0.502075,-0.799316,-0.326782,51.513660,-80.810540,55.236800,walking_abha_new
1771603828.8131576,0.345581,-0.744263,-0.330322,44.250480,-59.448240,36.743170,walking_abha_new
1771603828.8281815,0.300903,-0.719360,-0.296753,29.724120,-24.047850,39.184580,walking_abha_new
1771603828.8549705,0.287109,-0.649902,-0.287720,17.944340,9.582520,29.907220,walking_abha_new
1771603828.8755927,0.351440,-0.654663,-0.270386,9.887696,32.470710,19.958500,walking_abha_new
1771603828.8900146,0.415405,-0.660156,-0.255615,0.732422,46.874990,18.615724,walking_abha_new
1771603828.9117062,0.523438,-0.655884,-0.260376,-5.981444,47.973620,20.690910,walking_abha_new
1771603828.9313385,0.606323,-0.690186,-0.270508,-6.774902,37.841800,31.188960,walking_abha_new
1771603828.95259,0.641602,-0.704834,-0.292236,-7.019042,27.160640,38.208020,walking_abha_new
1771603828.9734864,0.674072,-0.699463,-0.301758,-6.958006,13.183590,47.546380,walking_abha_new
1771603828.9933126,0.666870,-0.699707,-0.299561,-4.821778,-0.793457,57.861320,walking_abha_new
1771603829.0147908,0.703003,-0.778198,-0.310913,-4.211426,-9.887696,64.819340,walking_abha_new
1771603829.0343418,0.758545,-0.883545,-0.341919,-3.479003,-17.761230,63.049300,walking_abha_new
1771603829.0579126,0.771606,-1.026978,-0.344605,-3.845214,-22.033690,54.748520,walking_abha_new
1771603829.0768447,0.758423,-1.135864,-0.304321,-8.544924,-16.845708,46.447740,walking_abha_new
1771603829.137869,0.688232,-1.088990,-0.328369,-20.751950,38.330080,-23.742670,walking_abha_new
1771603829.1530397,0.591675,-0.834839,-0.264893,-22.277830,48.339840,-47.485340,walking_abha_new
1771603829.1768165,0.538086,-0.715576,-0.195801,-20.202630,56.091300,-65.063500,walking_abha_new
1771603829.1946895,0.604858,-0.768921,-0.182251,-15.075680,50.354000,-78.552260,walking_abha_new
1771603829.2148764,0.667725,-0.864502,-0.195679,-9.643556,26.916500,-91.247540,walking_abha_new
1771603829.2316859,0.713867,-0.961182,-0.171753,-5.737304,-6.469726,-97.839340,walking_abha_new
1771603829.251733,0.703613,-1.041016,-0.128906,-5.981444,-31.555170,-96.679660,walking_abha_new
1771603829.2708063,0.605591,-1.040650,-0.119141,-11.291500,-36.560060,-90.576160,walking_abha_new
1771603829.2941139,0.442993,-0.856445,-0.145752,-19.958500,-28.625480,-85.449200,walking_abha_new
1771603829.3135624,0.373169,-0.748779,-0.173340,-19.409180,-18.188480,-87.402320,walking_abha_new
1771603829.333654,0.385376,-0.666626,-0.189331,-17.883300,2.685546,-90.270980,walking_abha_new
1771603829.3865018,0.422363,-0.625732,-0.143799,-11.779784,10.498044,-100.952120,walking_abha_new
1771603829.3865018,0.415527,-0.651001,-0.111450,-10.925290,5.798338,-101.379380,walking_abha_new
1771603829.4371145,0.410522,-0.725342,-0.083740,-13.610836,-3.906249,-91.125460,walking_abha_new
1771603829.4542706,0.388062,-0.747437,-0.095337,-17.944340,-0.427246,-80.505360,walking_abha_new
1771603829.472049,0.370972,-0.741333,-0.110230,-21.850580,7.629394,-68.969740,walking_abha_new
1771603829.4941852,0.409302,-0.785400,-0.118896,-24.291990,18.554690,-47.424300,walking_abha_new
1771603829.5139542,0.456177,-0.811890,-0.114868,-25.329584,19.836430,-29.907220,walking_abha_new
1771603829.5286875,0.471191,-0.811524,-0.100830,-23.925780,16.662600,-13.488768,walking_abha_new
1771603829.5491006,0.469727,-0.830322,-0.088989,-21.179192,13.488768,4.211426,walking_abha_new
1771603829.5719264,0.507690,-0.935059,-0.068359,-15.502928,9.765626,24.963376,walking_abha_new
1771603829.5907426,0.567749,-1.078980,-0.049683,-10.986324,6.347656,47.973620,walking_abha_new
1771603829.6111877,0.583984,-1.094849,-0.079346,-5.310058,4.333496,71.350100,walking_abha_new
1771603829.6339164,0.529785,-0.899170,-0.123413,-3.906249,7.507323,89.355460,walking_abha_new
1771603829.6528971,0.448120,-0.695190,-0.178589,-0.427246,11.535644,101.379380,walking_abha_new
1771603829.6744225,0.425659,-0.650269,-0.236328,13.488768,9.887696,100.708000,walking_abha_new
1771603829.6944242,0.501099,-0.795654,-0.234985,25.573724,0.549316,87.951640,walking_abha_new
1771603829.7170084,0.520020,-0.935059,-0.211182,35.217290,-0.488281,75.744640,walking_abha_new
1771603829.73959,0.525757,-0.983154,-0.214722,35.766600,-15.136716,74.157740,walking_abha_new
1771603829.7504208,0.559692,-0.926392,-0.260376,36.804200,-25.573724,74.951180,walking_abha_new
1771603829.7723224,0.489624,-0.852661,-0.299072,37.963880,-36.499030,71.167000,walking_abha_new
1771603829.7917428,0.393677,-0.769043,-0.315674,35.400400,-32.165540,68.237320,walking_abha_new
1771603829.8439538,0.370117,-0.666992,-0.302612,25.024410,-5.493162,60.058580,walking_abha_new
1771603829.8527122,0.429566,-0.703858,-0.279175,20.385740,-1.953124,59.265120,walking_abha_new
1771603829.8695734,0.432617,-0.749146,-0.260864,8.178714,5.920409,63.598620,walking_abha_new
1771603829.8953938,0.443848,-0.764282,-0.262085,0.488281,16.784670,64.636240,walking_abha_new
1771603829.9141583,0.520996,-0.781250,-0.272827,-4.516602,23.498530,65.673840,walking_abha_new
1771603829.9308891,0.605591,-0.793823,-0.287842,-6.896972,23.498530,67.749040,walking_abha_new
1771603829.9538126,0.670654,-0.775757,-0.308106,-9.033204,16.479492,71.044940,walking_abha_new
1771603829.974265,0.697022,-0.717041,-0.319946,-8.422854,5.798338,72.204600,walking_abha_new
1771603829.9932308,0.698242,-0.716309,-0.327515,-5.676268,-1.464844,65.734860,walking_abha_new
1771603830.013909,0.756836,-0.832642,-0.331299,-6.042480,-8.056642,64.697280,walking_abha_new
1771603830.0284164,0.794678,-0.948120,-0.329834,-8.972170,-17.517090,65.429700,walking_abha_new
1771603830.056744,0.759400,-1.055542,-0.271851,-10.742184,-15.380856,39.550780,walking_abha_new
1771603830.0700986,0.750122,-1.132935,-0.252197,-14.465330,-1.464844,33.569340,walking_abha_new
1771603830.0912106,0.754150,-1.217652,-0.294190,-17.883300,15.686032,21.362300,walking_abha_new
1771603830.164068,0.770630,-1.171020,-0.333008,-20.507810,28.869624,-3.601074,walking_abha_new
1771603830.164068,0.734497,-0.996460,-0.301880,-18.981940,36.865240,-28.137200,walking_abha_new
1771603830.164068,0.652710,-0.820312,-0.224121,-19.714360,44.738760,-45.776360,walking_abha_new
1771603830.164068,0.634766,-0.722290,-0.192017,-14.831540,42.663560,-63.781730,walking_abha_new
1771603830.194283,0.676148,-0.748047,-0.184448,-4.882814,25.329584,-84.777800,walking_abha_new
1771603830.2155638,0.702515,-0.833862,-0.174927,3.234863,-2.563476,-98.876940,walking_abha_new
1771603830.22938,0.711548,-0.930908,-0.152710,7.446288,-30.151360,-103.637680,walking_abha_new
1771603830.2549036,0.684204,-1.015381,-0.143311,4.882814,-54.077140,-98.999000,walking_abha_new
1771603830.272135,0.585938,-0.973267,-0.140503,0.061035,-53.283680,-97.106900,walking_abha_new
1771603830.2926714,0.478272,-0.869995,-0.152466,-3.601074,-45.593250,-96.069320,walking_abha_new
1771603830.3128593,0.430176,-0.784668,-0.190552,-6.164550,-35.949720,-98.266580,walking_abha_new
1771603830.3342373,0.429443,-0.722534,-0.203857,-4.882814,-32.775880,-105.468720,walking_abha_new
1771603830.3544104,0.418701,-0.711182,-0.195068,-3.234863,-20.385740,-110.839820,walking_abha_new
1771603830.3746898,0.405396,-0.722534,-0.142944,-7.934570,-9.765626,-113.342280,walking_abha_new
1771603830.393445,0.404785,-0.739014,-0.118774,-9.399414,-6.469726,-112.365700,walking_abha_new
1771603830.4166062,0.409546,-0.774048,-0.111450,-10.131832,-7.690428,-108.215300,walking_abha_new
1771603830.4447553,0.385864,-0.808594,-0.139526,-13.183590,-12.268064,-94.238260,walking_abha_new
1771603830.4525926,0.341431,-0.795776,-0.159302,-15.808104,-10.192870,-83.740220,walking_abha_new
1771603830.4725597,0.308472,-0.824219,-0.172607,-19.226080,-1.708984,-70.129400,walking_abha_new
1771603830.4938078,0.304932,-0.872803,-0.165283,-24.475090,9.399414,-52.246080,walking_abha_new
1771603830.5142374,0.308716,-0.864746,-0.140259,-27.038570,18.249516,-35.522460,walking_abha_new
1771603830.5360477,0.316040,-0.873779,-0.157349,-26.611320,23.925780,-20.019532,walking_abha_new
1771603830.5495014,0.362183,-0.935425,-0.198364,-29.968260,25.695796,-3.845214,walking_abha_new
1771603830.5696743,0.375855,-1.056396,-0.124878,-31.860350,27.404780,13.183590,walking_abha_new
1771603830.5947845,0.349609,-1.173340,-0.022705,-31.188960,36.071780,33.081060,walking_abha_new
1771603830.611356,0.349121,-1.125610,-0.001953,-29.174800,57.312000,55.908200,walking_abha_new
1771603830.6321573,0.448120,-0.828858,-0.149902,-17.272950,65.673840,80.932600,walking_abha_new
1771603830.6528285,0.506592,-0.734131,-0.257568,-5.737304,49.133290,90.270980,walking_abha_new
1771603830.673836,0.486572,-0.717652,-0.273682,13.183590,19.226080,91.613760,walking_abha_new
1771603830.6948605,0.446899,-0.760132,-0.267456,28.442380,2.136231,87.768540,walking_abha_new
1771603830.7097447,0.467041,-0.833374,-0.284790,36.438000,-15.808104,85.388160,walking_abha_new
1771603830.7295818,0.527222,-0.882935,-0.279663,38.696300,-26.977532,85.571260,walking_abha_new
1771603830.7513154,0.542847,-0.870850,-0.257446,43.090810,-42.785640,84.167460,walking_abha_new
1771603830.7713742,0.462036,-0.830688,-0.273804,44.433580,-50.354000,83.129860,walking_abha_new
1771603830.7946417,0.363037,-0.794556,-0.326172,35.827640,-38.574220,83.618160,walking_abha_new
1771603830.8127413,0.346924,-0.724610,-0.307617,20.446770,-2.990722,82.763660,walking_abha_new
1771603830.8363352,0.376099,-0.712891,-0.280884,15.930172,16.967780,72.387700,walking_abha_new
1771603830.8543155,0.470459,-0.748779,-0.286743,10.437010,24.963376,73.059100,walking_abha_new
1771603830.8747556,0.543945,-0.747070,-0.321045,6.225584,26.916500,73.120140,walking_abha_new
1771603830.8936388,0.607910,-0.767212,-0.333374,3.540038,22.644040,73.791520,walking_abha_new
1771603830.910197,0.640747,-0.782715,-0.331177,2.807617,14.099120,75.622560,walking_abha_new
1771603830.9302466,0.661377,-0.790283,-0.339356,2.197266,5.249022,74.768080,walking_abha_new
1771603830.9522417,0.652466,-0.768311,-0.356445,-0.183105,1.647949,72.509780,walking_abha_new
1771603831.0351274,0.649048,-0.744141,-0.361328,-2.990722,2.990722,67.871100,walking_abha_new
1771603831.0371366,0.677246,-0.788330,-0.367798,-6.713866,6.408690,66.711440,walking_abha_new
1771603831.0371366,0.791748,-0.906982,-0.380249,-11.230468,2.685546,63.110340,walking_abha_new
1771603831.0413282,0.770264,-0.964112,-0.359741,-16.723632,5.554198,60.424800,walking_abha_new
1771603831.0569072,0.791138,-1.052612,-0.327637,-17.883300,12.878416,50.781240,walking_abha_new
1771603831.0715082,0.836426,-1.183106,-0.333374,-20.935052,18.676760,43.212880,walking_abha_new
1771603831.0943213,0.857178,-1.190308,-0.350952,-23.864740,22.216790,21.728510,walking_abha_new
1771603831.1125762,0.802002,-1.012085,-0.325317,-23.803708,23.132320,-3.051757,walking_abha_new
1771603831.132661,0.661743,-0.835938,-0.239746,-23.437492,33.081060,-28.503410,walking_abha_new
1771603831.1531959,0.627808,-0.800781,-0.204468,-21.362300,40.039070,-51.086420,walking_abha_new
1771603831.1737823,0.712524,-0.867432,-0.202393,-14.404296,30.700680,-75.256360,walking_abha_new
1771603831.1959186,0.733887,-1.003174,-0.170410,-5.920409,-2.441407,-100.708000,walking_abha_new
1771603831.209407,0.708374,-1.079590,-0.134522,-4.394532,-18.859868,-107.055640,walking_abha_new
1771603831.2294993,0.646484,-1.077881,-0.132813,-4.394532,-22.277830,-111.633280,walking_abha_new
1771603831.2541835,0.569702,-0.983398,-0.168213,-5.187988,-16.967780,-116.516100,walking_abha_new
1771603831.2711656,0.493652,-0.862549,-0.197998,-6.286620,-14.526364,-119.689920,walking_abha_new
1771603831.294205,0.435791,-0.768066,-0.218750,-2.685546,-11.230468,-123.352040,walking_abha_new
1771603831.312903,0.441406,-0.708374,-0.215942,1.220704,-13.916012,-127.319320,walking_abha_new
1771603831.3344824,0.415283,-0.682007,-0.208862,2.746581,-17.944340,-128.845240,walking_abha_new
1771603831.3546827,0.360352,-0.692627,-0.168457,0.488281,-18.859868,-128.051800,walking_abha_new
1771603831.374683,0.350220,-0.722412,-0.131592,-4.638672,-16.723632,-122.375480,walking_abha_new
1771603831.3910992,0.323120,-0.777954,-0.133057,-13.244628,-11.535644,-107.238760,walking_abha_new
1771603831.4151282,0.307495,-0.813110,-0.152954,-20.690910,-3.723144,-93.749980,walking_abha_new
1771603831.432856,0.307983,-0.818970,-0.168213,-26.855464,6.347656,-80.810540,walking_abha_new
1771603831.4518657,0.305908,-0.832642,-0.173340,-30.029290,18.005376,-69.152840,walking_abha_new
1771603831.4746652,0.315552,-0.866821,-0.175171,-31.677240,28.747552,-55.175770,walking_abha_new
1771603831.492535,0.352905,-0.894531,-0.168457,-30.212400,32.653820,-41.564930,walking_abha_new
1771603831.5139785,0.364258,-0.876953,-0.165894,-25.451652,29.052730,-28.686520,walking_abha_new
1771603831.5343308,0.388306,-0.847778,-0.185791,-21.179192,20.935052,-13.549804,walking_abha_new
1771603831.5510077,0.447510,-0.904175,-0.187012,-18.066410,10.375976,4.333496,walking_abha_new
1771603831.5735705,0.427490,-1.132202,-0.111206,-10.986324,-1.708984,34.057620,walking_abha_new
1771603831.5940332,0.385986,-1.100830,-0.087769,-12.451170,11.596676,57.250960,walking_abha_new
1771603831.6146543,0.388916,-0.890747,-0.149048,-12.145992,27.282710,77.758800,walking_abha_new
1771603831.6322038,0.427124,-0.747070,-0.238159,-7.568358,30.395500,93.017560,walking_abha_new
1771603831.6526408,0.468140,-0.686157,-0.280518,1.831054,23.132320,100.097640,walking_abha_new
1771603831.6733265,0.490723,-0.721192,-0.287720,15.258788,18.920900,100.708000,walking_abha_new
1771603831.6879501,0.500122,-0.808594,-0.315186,24.353020,1.892090,98.510720,walking_abha_new
1771603831.7096295,0.616944,-0.865479,-0.357666,26.489250,-15.197750,99.060040,walking_abha_new
1771603831.7337682,0.686524,-0.869263,-0.375488,30.761716,-43.884270,99.731440,walking_abha_new
1771603831.7506363,0.565796,-0.833496,-0.346436,31.005852,-62.377920,98.205560,walking_abha_new
1771603831.774871,0.289063,-0.770264,-0.300049,14.770504,-29.418940,99.914540,walking_abha_new
1771603831.7922697,0.269165,-0.735718,-0.291626,-1.403808,16.479492,100.646960,walking_abha_new
1771603831.814579,0.412720,-0.723267,-0.276856,-11.230468,45.349110,94.482400,walking_abha_new
1771603831.8540246,0.538574,-0.736938,-0.270996,-12.878416,47.912590,86.914040,walking_abha_new
1771603831.8548543,0.617432,-0.762940,-0.271118,-14.404296,38.269050,84.045400,walking_abha_new
1771603831.8750358,0.651612,-0.759155,-0.295166,-14.099120,25.024410,79.223640,walking_abha_new
1771603831.8896527,0.682129,-0.778320,-0.318970,-13.000484,16.418460,76.843260,walking_abha_new
1771603831.9455764,0.690308,-0.765991,-0.333984,-14.953610,12.756344,79.895040,walking_abha_new
1771603831.950864,0.681763,-0.725830,-0.329102,-15.563964,11.535644,77.697760,walking_abha_new
1771603831.953994,0.686402,-0.694946,-0.299438,-17.272950,11.718748,67.504900,walking_abha_new
1771603831.9730392,0.727539,-0.759033,-0.287232,-16.662600,9.216310,58.166500,walking_abha_new
1771603831.9955676,0.773194,-0.871460,-0.274902,-17.822270,8.300784,47.912590,walking_abha_new
1771603832.0144594,0.785522,-0.960327,-0.247681,-19.897460,9.887696,41.381820,walking_abha_new
1771603832.029026,0.794190,-1.064698,-0.238525,-18.066410,15.014646,22.277830,walking_abha_new
1771603832.0516226,0.877320,-1.250977,-0.264404,-13.366696,16.418460,6.347656,walking_abha_new
1771603832.0708742,0.787110,-1.264282,-0.279907,-15.075680,28.747552,-7.690428,walking_abha_new
1771603832.0905309,0.719727,-1.041138,-0.268188,-14.648436,43.151840,-34.423840,walking_abha_new
1771603832.1383615,0.626587,-0.845093,-0.201904,-13.061520,57.922360,-52.307120,walking_abha_new
1771603832.1479576,0.663208,-0.771362,-0.183105,-5.004884,57.189930,-70.922860,walking_abha_new
1771603832.1519475,0.744019,-0.882080,-0.194702,15.686032,18.310550,-102.722160,walking_abha_new
1771603832.173711,0.732178,-0.948120,-0.184814,26.428220,-13.122556,-115.600560,walking_abha_new
1771603832.1955066,0.729736,-0.985718,-0.187622,32.714850,-38.757330,-119.750960,walking_abha_new
1771603832.2153413,0.677734,-0.987549,-0.216797,35.827640,-56.213370,-120.422340,walking_abha_new
1771603832.2349586,0.601074,-0.934204,-0.235962,35.705570,-65.368660,-119.384760,walking_abha_new
1771603832.2515507,0.505860,-0.836548,-0.249146,34.545900,-67.565940,-118.164040,walking_abha_new
1771603832.2710452,0.431396,-0.756592,-0.263916,29.968260,-66.467300,-117.126440,walking_abha_new
1771603832.2953324,0.397095,-0.688232,-0.280396,26.000970,-65.429700,-117.431620,walking_abha_new
1771603832.3125765,0.402588,-0.644776,-0.260986,22.460930,-54.016100,-118.041960,walking_abha_new
1771603832.33422,0.371094,-0.661865,-0.220459,13.854978,-47.485340,-114.257800,walking_abha_new
1771603832.3542795,0.372437,-0.689087,-0.197876,5.432128,-40.954580,-107.543920,walking_abha_new
1771603832.3741047,0.369385,-0.721436,-0.190918,-3.540038,-33.630380,-97.595200,walking_abha_new
1771603832.3957596,0.347534,-0.739258,-0.191040,-13.732908,-24.353020,-85.021960,walking_abha_new
1771603832.411583,0.330078,-0.732422,-0.183105,-22.888180,-11.779784,-72.204600,walking_abha_new
1771603832.431781,0.330444,-0.739868,-0.174805,-29.296870,2.990722,-59.631340,walking_abha_new
1771603832.45533,0.368042,-0.775391,-0.154785,-33.264160,15.258788,-45.349110,walking_abha_new
1771603832.4811115,0.408203,-0.810913,-0.139282,-34.118660,22.094720,-29.724120,walking_abha_new
1771603832.4959104,0.427124,-0.820557,-0.145630,-32.775880,24.780270,-15.075680,walking_abha_new
1771603832.5144665,0.442505,-0.827026,-0.157105,-29.785150,26.855464,-0.122070,walking_abha_new
1771603832.5351264,0.514771,-0.951660,-0.126465,-18.371584,23.620600,30.395500,walking_abha_new
1771603832.550695,0.561524,-1.018555,-0.135620,-10.620116,19.409180,52.551260,walking_abha_new
1771603832.5748298,0.550537,-0.929199,-0.186035,-5.126952,17.089850,72.876000,walking_abha_new
1771603832.590653,0.484009,-0.744995,-0.233643,-1.403808,18.249516,87.890600,walking_abha_new
1771603832.6113362,0.447510,-0.622681,-0.273071,3.540038,20.446770,96.435540,walking_abha_new
1771603832.631961,0.462036,-0.630982,-0.286377,11.169430,20.690910,97.473140,walking_abha_new
1771603832.6552613,0.485596,-0.738526,-0.283936,20.019532,15.502928,91.857900,walking_abha_new
1771603832.6738985,0.525391,-0.857788,-0.278442,27.954100,16.784670,83.557100,walking_abha_new
1771603832.6884058,0.555786,-0.930420,-0.302979,30.517570,1.525878,78.857440,walking_abha_new
1771603832.7156186,0.584595,-0.919190,-0.369507,28.137200,-16.906740,72.631840,walking_abha_new
1771603832.729571,0.475586,-0.825928,-0.407593,26.916500,-16.723632,66.467300,walking_abha_new
1771603832.7540321,0.390259,-0.721192,-0.434082,20.141600,0.000000,65.551760,walking_abha_new
1771603832.773141,0.393066,-0.635864,-0.456421,13.793944,21.667476,60.913080,walking_abha_new
1771603832.7946558,0.479858,-0.598389,-0.447144,7.324218,30.700680,65.063500,walking_abha_new
1771603832.815264,0.537110,-0.569946,-0.424072,1.892090,26.855464,69.335940,walking_abha_new
1771603832.8274753,0.578247,-0.612305,-0.399170,-1.464844,18.554690,67.626960,walking_abha_new
1771603832.8484435,0.588989,-0.694946,-0.372314,-7.995604,15.197750,69.519040,walking_abha_new
1771603832.877124,0.622803,-0.728516,-0.371094,-14.221190,14.343260,71.044940,walking_abha_new
1771603832.8955276,0.664917,-0.717285,-0.370728,-16.357424,13.122556,70.007340,walking_abha_new
1771603832.9327202,0.676636,-0.671265,-0.379395,-15.930172,10.620116,63.720700,walking_abha_new
1771603832.9327202,0.708496,-0.697754,-0.380493,-12.878416,7.202148,55.358880,walking_abha_new
1771603833.0339212,0.800537,-0.889893,-0.353516,-10.498044,-6.591796,48.339840,walking_abha_new
1771603833.0339212,0.773804,-0.932984,-0.309448,-8.361816,-5.187988,34.179700,walking_abha_new
1771603833.0339212,0.743286,-0.937622,-0.250732,-5.981444,10.803220,20.019532,walking_abha_new
1771603833.0339212,0.740234,-1.006592,-0.247803,-7.019042,35.339360,17.456060,walking_abha_new
1771603833.051684,0.783814,-1.125122,-0.268433,-8.789064,56.884760,0.427246,walking_abha_new
1771603833.1055422,0.783814,-0.853150,-0.173706,-10.559080,76.904300,-45.043940,walking_abha_new
1771603833.1138678,0.826538,-0.665405,-0.163452,-1.892090,55.725090,-58.654780,walking_abha_new
1771603833.1352537,0.807129,-0.707520,-0.141602,16.784670,22.216790,-78.002940,walking_abha_new
1771603833.1616888,0.785645,-0.869995,-0.124878,25.939940,-7.812498,-94.604460,walking_abha_new
1771603833.1756973,0.762573,-0.970703,-0.102051,29.418940,-35.034180,-102.539040,walking_abha_new
1771603833.1953173,0.714844,-1.048218,-0.100708,28.381340,-49.499500,-103.515600,walking_abha_new
1771603833.2089078,0.657593,-1.064087,-0.121094,24.291990,-52.185050,-103.149400,walking_abha_new
1771603833.2324564,0.585083,-0.959473,-0.172363,16.662600,-49.682610,-103.637680,walking_abha_new
1771603833.250383,0.507690,-0.817993,-0.196533,16.357424,-44.067380,-104.919400,walking_abha_new
1771603833.2715974,0.445313,-0.732422,-0.215088,17.395020,-47.241200,-105.895980,walking_abha_new
1771603833.2918441,0.413086,-0.661743,-0.216675,21.179192,-38.208020,-105.895980,walking_abha_new
1771603833.3126395,0.381348,-0.642700,-0.199707,15.441892,-27.038570,-105.895980,walking_abha_new
1771603833.3349392,0.348022,-0.634033,-0.168457,12.207030,-22.155760,-100.952120,walking_abha_new
1771603833.353931,0.347778,-0.622314,-0.144287,7.019042,-19.592290,-92.407200,walking_abha_new
1771603833.374672,0.349365,-0.635254,-0.149414,3.723144,-19.348150,-83.496060,walking_abha_new
1771603833.3905108,0.340088,-0.688110,-0.178345,-3.601074,-14.038084,-73.242200,walking_abha_new
1771603833.4112525,0.338013,-0.729126,-0.198120,-4.333496,-16.479492,-61.218250,walking_abha_new
1771603833.432989,0.328858,-0.744019,-0.197876,-9.582520,-14.953610,-45.959460,walking_abha_new
1771603833.4515684,0.320557,-0.783447,-0.180908,-13.916012,-8.361816,-29.235832,walking_abha_new
1771603833.472202,0.357300,-0.873413,-0.139282,-18.493652,4.272462,-6.347656,walking_abha_new
1771603833.4930894,0.385620,-0.888184,-0.115356,-17.395020,7.507323,10.070800,walking_abha_new
1771603833.5144367,0.426025,-0.947632,-0.107178,-14.648436,6.469726,31.311030,walking_abha_new
1771603833.5349567,0.509400,-1.101440,-0.090332,-9.704590,1.892090,56.579580,walking_abha_new
1771603833.5488892,0.559204,-1.194458,-0.077637,-5.737304,0.061035,83.679180,walking_abha_new
1771603833.5711045,0.550293,-1.115723,-0.099854,-3.967285,5.310058,109.069800,walking_abha_new
1771603833.5903118,0.493530,-0.868896,-0.156738,-2.441407,13.061520,128.601100,walking_abha_new
1771603833.6126776,0.466553,-0.706299,-0.213257,4.333496,12.939450,139.282240,walking_abha_new
1771603833.6323047,0.509033,-0.715942,-0.259644,16.357424,1.892090,137.817400,walking_abha_new
1771603833.6537414,0.571045,-0.837280,-0.282471,27.526850,-18.798830,126.220680,walking_abha_new
1771603833.6736252,0.527954,-0.914062,-0.267456,35.949720,-37.658700,108.276360,walking_abha_new
1771603833.688389,0.505371,-0.907349,-0.257324,34.729010,-40.344230,98.083480,walking_abha_new
1771603833.713971,0.471436,-0.869629,-0.275269,32.592780,-36.438000,87.219220,walking_abha_new
1771603833.7288847,0.364258,-0.829956,-0.287842,27.709956,-21.545408,76.416040,walking_abha_new
1771603833.7512293,0.300049,-0.785889,-0.306274,17.272950,5.981444,69.763200,walking_abha_new
1771603833.7709203,0.354492,-0.732788,-0.312012,6.835936,33.020020,65.673840,walking_abha_new
1771603833.7938936,0.450195,-0.692993,-0.295654,1.281738,44.494620,62.072740,walking_abha_new
1771603833.8126981,0.515625,-0.693360,-0.297363,-0.366211,39.855960,58.776840,walking_abha_new
1771603833.8271842,0.596192,-0.711182,-0.305664,-0.427246,26.916500,55.725090,walking_abha_new
1771603833.8489704,0.600464,-0.731934,-0.324219,-3.234863,14.465330,59.875480,walking_abha_new
1771603833.8745897,0.606690,-0.777710,-0.316406,-6.530760,15.441892,62.927240,walking_abha_new
1771603833.9130814,0.626465,-0.789795,-0.307739,-11.413570,20.324700,61.218250,walking_abha_new
1771603833.9161763,0.642700,-0.753662,-0.293579,-15.014646,22.644040,55.786120,walking_abha_new
1771603833.938353,0.664917,-0.751099,-0.282837,-16.418460,19.958500,50.109860,walking_abha_new
1771603833.9588995,0.697510,-0.809937,-0.287964,-16.479492,15.991210,43.334950,walking_abha_new
1771603833.9732027,0.699951,-0.885742,-0.280396,-16.662600,18.310550,32.348640,walking_abha_new
1771603833.993477,0.695679,-0.958984,-0.252197,-20.263670,26.733390,24.230950,walking_abha_new
1771603834.0143504,0.705322,-1.013916,-0.227783,-17.822270,34.790040,6.958006,walking_abha_new
1771603834.0345767,0.764648,-1.219727,-0.248047,-13.244628,36.071780,-0.915527,walking_abha_new
1771603834.0490656,0.734131,-1.253662,-0.290649,-16.113284,49.560540,-27.709956,walking_abha_new
1771603834.0707796,0.638794,-0.989868,-0.226685,-15.686032,55.969230,-45.593250,walking_abha_new
1771603834.0926173,0.563965,-0.839478,-0.159546,-10.375976,60.852040,-59.265120,walking_abha_new
1771603834.117601,0.604248,-0.843750,-0.165894,-0.732422,58.166500,-77.758800,walking_abha_new
1771603834.1343262,0.686890,-0.916626,-0.178955,7.202148,30.395500,-83.801260,walking_abha_new
1771603834.1541831,0.706177,-0.983765,-0.164307,14.282224,-10.681150,-83.190900,walking_abha_new
1771603834.1757066,0.671021,-1.033448,-0.141357,20.141600,-41.198720,-87.158180,walking_abha_new
1771603834.194983,0.568604,-1.013672,-0.142578,23.193352,-55.419910,-92.285140,walking_abha_new
1771603834.2087286,0.444214,-0.916626,-0.175293,22.644040,-57.434080,-93.994120,walking_abha_new
1771603834.2345097,0.335449,-0.748535,-0.227905,23.437492,-53.100580,-95.092760,walking_abha_new
1771603834.250175,0.300171,-0.668457,-0.228149,22.033690,-56.335440,-96.557600,walking_abha_new
1771603834.272658,0.317261,-0.648194,-0.186157,18.432620,-49.865720,-96.374500,walking_abha_new
1771603834.294028,0.307251,-0.640991,-0.146729,15.563964,-42.480460,-95.947260,walking_abha_new
1771603834.3130488,0.326294,-0.673950,-0.119385,14.221190,-35.644540,-93.078600,walking_abha_new
1771603834.3274996,0.375855,-0.755127,-0.118164,15.136716,-38.330080,-89.050260,walking_abha_new
1771603834.3543744,0.389160,-0.854858,-0.134766,14.099120,-48.217760,-83.496060,walking_abha_new
1771603834.3754919,0.337036,-0.924194,-0.156250,6.408690,-51.025380,-74.401860,walking_abha_new
1771603834.3954787,0.230225,-0.916016,-0.155029,-6.530760,-36.010750,-63.659660,walking_abha_new
1771603834.4103975,0.166626,-0.918213,-0.122070,-19.042970,-1.403808,-52.307120,walking_abha_new
1771603834.4341729,0.245483,-0.959351,-0.091797,-35.766600,51.391590,-28.198240,walking_abha_new
1771603834.452068,0.312988,-0.944214,-0.086670,-39.428720,66.650400,-9.582520,walking_abha_new
1771603834.4724429,0.392212,-0.971070,-0.090454,-37.475590,67.443860,7.873534,walking_abha_new
1771603834.4950924,0.494629,-1.119141,-0.063965,-31.433100,59.753410,26.794430,walking_abha_new
1771603834.5138228,0.570801,-1.259644,-0.013672,-25.817870,45.959460,47.180160,walking_abha_new
1771603834.5349588,0.550904,-1.170532,-0.014160,-22.766110,32.836920,69.213880,walking_abha_new
1771603834.5623977,0.477661,-0.887085,-0.083618,-16.296390,23.620600,87.768540,walking_abha_new
1771603834.5696669,0.439087,-0.675171,-0.202393,-4.577638,14.770504,99.304180,walking_abha_new
1771603834.5920599,0.479370,-0.663452,-0.277954,13.671872,3.845214,95.458960,walking_abha_new
1771603834.612019,0.451294,-0.841064,-0.249268,34.545900,-31.555170,72.204600,walking_abha_new
1771603834.632205,0.431396,-0.860596,-0.206543,38.391120,-42.297360,63.720700,walking_abha_new
1771603834.6534216,0.460938,-0.890625,-0.206787,41.442860,-42.663560,59.020980,walking_abha_new
1771603834.6745615,0.461182,-0.888672,-0.260864,39.306640,-44.555660,52.856440,walking_abha_new
1771603834.6951973,0.370606,-0.818482,-0.282471,33.386240,-39.611820,47.424300,walking_abha_new
1771603834.7147236,0.278442,-0.730957,-0.272095,25.268550,-15.319820,39.978040,walking_abha_new
1771603834.729978,0.306763,-0.710571,-0.259888,14.709470,14.221190,48.034660,walking_abha_new
1771603834.7525468,0.395020,-0.677979,-0.287354,6.347656,31.616208,49.255360,walking_abha_new
1771603834.7733412,0.538452,-0.695190,-0.305542,7.080076,26.672360,42.602530,walking_abha_new
1771603834.7935448,0.581909,-0.722290,-0.311524,6.347656,11.840818,41.320790,walking_abha_new
1771603834.81476,0.572876,-0.742920,-0.331299,-0.549316,3.662109,49.438460,walking_abha_new
1771603834.835816,0.631714,-0.739258,-0.340210,-2.502442,2.319336,49.011220,walking_abha_new
1771603834.8548868,0.654053,-0.747192,-0.355103,-4.455568,3.723144,47.119130,walking_abha_new
1771603834.8747382,0.665772,-0.708984,-0.372681,-9.216310,2.502442,45.532220,walking_abha_new
1771603834.9675786,0.643188,-0.726074,-0.350586,-13.916012,-4.272462,38.085940,walking_abha_new
1771603834.9675786,0.671509,-0.827759,-0.340942,-16.357424,-1.464844,26.184080,walking_abha_new
1771603834.9675786,0.680420,-0.937622,-0.307983,-20.141600,6.103514,16.235352,walking_abha_new
1771603834.9757848,0.679688,-1.022583,-0.267334,-22.399900,17.517090,4.821778,walking_abha_new
1771603834.9935882,0.790161,-1.320435,-0.265869,-22.460930,29.968260,2.929687,walking_abha_new
1771603835.0150568,0.791870,-1.355713,-0.312988,-26.916500,36.743170,-11.596676,walking_abha_new
1771603835.0353167,0.661865,-1.059082,-0.292236,-26.123040,47.790520,-32.958990,walking_abha_new
1771603835.0508554,0.541504,-0.833496,-0.191895,-28.747552,63.110340,-43.090810,walking_abha_new
1771603835.0810254,0.559937,-0.733643,-0.167603,-21.057124,65.246600,-56.945790,walking_abha_new
1771603835.0923345,0.640747,-0.785034,-0.193604,-5.981444,50.476060,-78.796400,walking_abha_new
1771603835.1299126,0.719238,-0.893188,-0.214722,3.967285,18.432620,-92.224100,walking_abha_new
1771603835.132,0.736450,-0.980957,-0.197510,8.178714,-18.188480,-94.299300,walking_abha_new
1771603835.1536088,0.678711,-1.017090,-0.170166,7.751464,-38.452160,-88.867160,walking_abha_new
1771603835.175012,0.571167,-0.956299,-0.171631,2.441407,-40.039070,-82.153300,walking_abha_new
1771603835.1923316,0.415894,-0.741333,-0.222778,-3.051757,-24.108880,-78.735360,walking_abha_new
1771603835.2141967,0.390991,-0.634033,-0.249268,-3.845214,-14.770504,-79.956060,walking_abha_new
1771603835.2356005,0.402710,-0.571289,-0.255615,-3.417968,-16.784670,-80.505360,walking_abha_new
1771603835.2522967,0.433716,-0.552734,-0.228149,-2.014160,-14.343260,-82.397440,walking_abha_new
1771603835.2726662,0.389648,-0.560181,-0.182495,-1.647949,-17.761230,-85.083000,walking_abha_new
1771603835.2925487,0.378784,-0.599365,-0.148804,-2.380371,-19.592290,-85.266100,walking_abha_new
1771603835.3170722,0.384522,-0.664551,-0.156250,-3.356933,-22.766110,-82.031240,walking_abha_new
1771603835.3538518,0.359009,-0.736450,-0.171265,-7.751464,-20.263670,-75.866700,walking_abha_new
1771603835.355424,0.338989,-0.785522,-0.176025,-15.563964,-10.314940,-65.490740,walking_abha_new
1771603835.3637106,0.344238,-0.792236,-0.164429,-25.207516,11.413570,-46.997060,walking_abha_new
1771603835.3934546,0.380615,-0.846802,-0.154907,-26.916500,21.179192,-32.714850,walking_abha_new
1771603835.4121163,0.420776,-0.900269,-0.147827,-25.817870,23.498530,-18.737796,walking_abha_new
1771603835.437143,0.434204,-0.907104,-0.143433,-22.949216,21.423332,-5.432128,walking_abha_new
1771603835.4536197,0.439087,-0.891846,-0.140381,-19.287110,17.883300,11.108396,walking_abha_new
1771603835.4731798,0.480347,-1.000610,-0.115845,-11.108396,11.840818,31.616208,walking_abha_new
1771603835.4929175,0.535889,-1.141724,-0.114014,-4.394532,3.662109,54.504380,walking_abha_new
1771603835.5146675,0.553589,-1.105713,-0.158447,-1.892090,-0.061035,76.049820,walking_abha_new
1771603835.5353634,0.467651,-0.880127,-0.231567,-3.234863,2.502442,91.613760,walking_abha_new
1771603835.5515697,0.365112,-0.657349,-0.274292,-2.990722,8.056642,101.501440,walking_abha_new
1771603835.5703654,0.353638,-0.655884,-0.313599,9.948730,16.113284,96.984840,walking_abha_new
1771603835.5942497,0.374024,-0.773804,-0.332398,17.456060,17.456060,82.580560,walking_abha_new
1771603835.6118057,0.428467,-0.852173,-0.345215,21.850580,24.291990,73.547360,walking_abha_new
1771603835.6321616,0.508057,-0.905396,-0.337646,18.310550,12.817380,72.753920,walking_abha_new
1771603835.6555572,0.527344,-0.899902,-0.347290,13.366696,2.807617,73.730480,walking_abha_new
1771603835.6742241,0.441895,-0.808228,-0.368042,6.896972,2.624511,75.439460,walking_abha_new
1771603835.6891382,0.415405,-0.729004,-0.377686,-1.953124,17.333990,78.674340,walking_abha_new
1771603835.7093103,0.477539,-0.687134,-0.384522,-10.192870,29.846190,81.542960,walking_abha_new
1771603835.729741,0.526734,-0.666870,-0.365845,-12.695310,30.517570,75.378440,walking_abha_new
1771603835.7548883,0.564209,-0.698730,-0.307373,-17.944340,22.949216,76.904300,walking_abha_new
1771603835.7717052,0.591187,-0.712524,-0.316040,-20.874020,22.705070,72.876000,walking_abha_new
1771603835.7924223,0.624268,-0.733765,-0.327271,-22.399900,24.414060,65.856940,walking_abha_new
1771603835.812742,0.652222,-0.725952,-0.328735,-23.315424,24.963376,57.556140,walking_abha_new
1771603835.83379,0.669922,-0.712158,-0.317627,-23.193352,24.291990,49.499500,walking_abha_new
1771603835.8587463,0.674805,-0.685547,-0.303101,-24.780270,24.902340,43.884270,walking_abha_new
1771603835.8756826,0.679444,-0.658570,-0.291992,-25.695796,25.695796,37.963880,walking_abha_new
1771603835.9317303,0.707276,-0.708374,-0.278564,-24.353020,26.855464,27.709956,walking_abha_new
1771603835.9317303,0.750854,-0.826782,-0.254883,-22.521970,27.587884,17.395020,walking_abha_new
1771603835.9317303,0.755737,-0.899414,-0.225220,-21.667476,29.541010,10.498044,walking_abha_new
1771603835.9497476,0.812622,-1.062134,-0.215698,-12.878416,33.508300,-7.019042,walking_abha_new
1771603835.9735544,0.889160,-1.280762,-0.241943,-6.896972,29.357908,-7.568358,walking_abha_new
1771603835.9938867,0.866699,-1.319214,-0.269775,-4.821778,29.357908,-17.517090,walking_abha_new
1771603836.0413039,0.752442,-1.086426,-0.277832,-5.920409,36.804200,-29.968260,walking_abha_new
1771603836.0413039,0.630860,-0.770996,-0.222534,-7.812498,45.227040,-38.391120,walking_abha_new
1771603836.0498252,0.638184,-0.619263,-0.191650,0.671386,40.954580,-53.527820,walking_abha_new
1771603836.0714867,0.692017,-0.710327,-0.189331,16.723632,21.850580,-73.120140,walking_abha_new
1771603836.090297,0.747437,-0.842652,-0.199341,25.817870,-6.164550,-85.754380,walking_abha_new
1771603836.114176,0.750366,-0.952637,-0.190552,32.226570,-38.940440,-89.111300,walking_abha_new
1771603836.1331177,0.678589,-1.062256,-0.214722,31.555170,-59.997550,-89.172340,walking_abha_new
1771603836.1535516,0.594727,-0.930420,-0.245728,26.672360,-56.213370,-85.754380,walking_abha_new
1771603836.173991,0.492798,-0.789917,-0.269653,23.803708,-50.048820,-86.120600,walking_abha_new
1771603836.1945896,0.436401,-0.673096,-0.288452,20.812980,-47.119130,-88.928200,walking_abha_new
1771603836.2148812,0.409302,-0.606934,-0.302490,20.202630,-45.593250,-94.238260,walking_abha_new
1771603836.2304533,0.390137,-0.583252,-0.292603,16.601568,-30.944820,-97.045880,walking_abha_new
1771603836.2523522,0.337891,-0.582031,-0.248535,11.474608,-24.658200,-96.679660,walking_abha_new
1771603836.2773724,0.330688,-0.595703,-0.201538,6.103514,-20.751950,-92.346160,walking_abha_new
1771603836.3097591,0.331055,-0.634033,-0.183960,0.244141,-17.700200,-83.435040,walking_abha_new
1771603836.315092,0.330200,-0.678589,-0.208130,-7.507323,-14.770504,-71.350100,walking_abha_new
1771603836.3334618,0.326538,-0.718872,-0.212769,-14.892576,-7.690428,-57.373040,walking_abha_new
1771603836.3537107,0.310669,-0.754517,-0.195679,-20.507810,1.159668,-42.907700,walking_abha_new
1771603836.3749373,0.320679,-0.805176,-0.179810,-23.803708,10.742184,-26.123040,walking_abha_new
1771603836.3966248,0.357300,-0.872437,-0.150269,-23.132320,17.272950,-9.826660,walking_abha_new
1771603836.4102468,0.395874,-0.923584,-0.133423,-21.972650,20.141600,7.385252,walking_abha_new
1771603836.433554,0.473877,-0.960083,-0.140381,-20.874020,16.418460,26.184080,walking_abha_new
1771603836.4539156,0.552979,-1.069580,-0.111450,-15.563964,8.544924,46.997060,walking_abha_new
1771603836.4723482,0.552734,-1.216919,-0.064453,-10.925290,-7.934570,68.542500,walking_abha_new
1771603836.494829,0.517212,-1.182618,-0.049316,-9.155274,-5.310058,87.768540,walking_abha_new
1771603836.5151923,0.438721,-0.814209,-0.171265,-5.126952,12.451170,105.285640,walking_abha_new
1771603836.5341506,0.427856,-0.706665,-0.254395,2.197266,16.540530,107.971160,walking_abha_new
1771603836.5549304,0.459595,-0.721802,-0.306519,16.296390,10.070800,99.731440,walking_abha_new
1771603836.5717847,0.479736,-0.797241,-0.330688,28.137200,-0.305176,85.876460,walking_abha_new
1771603836.5904057,0.512329,-0.844116,-0.361572,35.034180,-7.324218,74.890140,walking_abha_new
1771603836.6130526,0.598267,-0.849854,-0.384033,39.367680,-18.066410,70.983900,walking_abha_new
1771603836.6339533,0.567749,-0.815674,-0.379395,38.452160,-41.076650,64.453140,walking_abha_new
1771603836.6530118,0.411499,-0.753052,-0.356445,32.897960,-43.151840,59.753410,walking_abha_new
1771603836.6937459,0.281616,-0.687134,-0.333496,19.958500,-18.005376,61.523430,walking_abha_new
1771603836.7084649,0.287109,-0.644776,-0.329956,5.615234,16.296390,62.011710,walking_abha_new
1771603836.7153285,0.450317,-0.636475,-0.313477,-4.821778,32.897960,55.725090,walking_abha_new
1771603836.7357016,0.508545,-0.680908,-0.300903,-6.225584,28.503410,50.048820,walking_abha_new
1771603836.7547545,0.566650,-0.738648,-0.301025,-9.521484,25.451652,49.377430,walking_abha_new
1771603836.7744055,0.605103,-0.769043,-0.311401,-14.648436,24.475090,57.373040,walking_abha_new
1771603836.792331,0.666260,-0.768188,-0.320435,-15.747068,21.667476,57.006820,walking_abha_new
1771603836.8131073,0.717529,-0.769165,-0.330688,-13.732908,14.160152,53.588860,walking_abha_new
1771603836.8566601,0.707398,-0.730713,-0.338013,-12.756344,7.263182,49.682610,walking_abha_new
1771603836.8566601,0.709229,-0.708374,-0.320923,-11.718748,0.854492,45.288080,walking_abha_new
1771603836.8738437,0.738159,-0.762085,-0.306030,-9.521484,-6.713866,38.574220,walking_abha_new
1771603836.8904767,0.741333,-0.899292,-0.270508,-8.483890,-6.530760,24.230950,walking_abha_new
1771603836.9146395,0.718750,-0.917847,-0.244385,-11.901852,0.183105,18.432620,walking_abha_new
1771603836.9347079,0.785767,-1.068970,-0.239746,-6.347656,2.258301,3.906249,walking_abha_new
1771603836.950947,0.860718,-1.339356,-0.260254,-3.417968,3.479003,-2.868652,walking_abha_new
1771603836.972954,0.810791,-1.326904,-0.303589,-7.873534,13.854978,-18.066410,walking_abha_new
1771603836.9964457,0.684692,-1.011963,-0.276367,-9.704590,28.259270,-39.062500,walking_abha_new
1771603837.0077405,0.557984,-0.785034,-0.183350,-9.033204,45.410140,-53.833000,walking_abha_new
1771603837.0351532,0.612061,-0.764038,-0.160034,-0.976562,44.372550,-67.138680,walking_abha_new
1771603837.054092,0.720825,-0.849732,-0.176880,13.854978,19.104010,-86.547840,walking_abha_new
1771603837.0762303,0.735718,-0.958618,-0.166626,25.024410,-17.700200,-99.121060,walking_abha_new
1771603837.0966341,0.712646,-1.033448,-0.133301,29.357908,-58.715810,-98.999000,walking_abha_new
1771603837.1111507,0.632568,-1.008179,-0.144897,26.916500,-67.932140,-97.534160,walking_abha_new
1771603837.1342895,0.493896,-0.887818,-0.166870,23.071284,-63.537590,-96.008280,walking_abha_new
1771603837.1522424,0.368896,-0.733887,-0.196533,17.578130,-57.983390,-96.008280,walking_abha_new
1771603837.177276,0.330444,-0.631714,-0.220581,17.333990,-53.283680,-98.205560,walking_abha_new
1771603837.1945016,0.321777,-0.608887,-0.224121,15.624996,-31.738280,-101.562480,walking_abha_new
1771603837.2153995,0.281128,-0.616577,-0.199707,13.549804,-25.756830,-101.257300,walking_abha_new
1771603837.230581,0.297730,-0.630860,-0.155151,4.760742,-11.657712,-99.243160,walking_abha_new
1771603837.2563791,0.323364,-0.701050,-0.131836,-1.098633,-8.178714,-88.317860,walking_abha_new
1771603837.274536,0.338623,-0.763794,-0.151123,-5.615234,-8.422854,-80.688460,walking_abha_new
1771603837.296913,0.309814,-0.825195,-0.174927,-11.718748,-4.028321,-72.448740,walking_abha_new
1771603837.3188388,0.280762,-0.865112,-0.201294,-14.038084,-0.061035,-61.279280,walking_abha_new
1771603837.3359876,0.304199,-0.923950,-0.206421,-18.249516,11.474608,-48.828120,walking_abha_new
1771603837.3543973,0.325684,-0.979858,-0.191406,-21.423332,22.155760,-34.118660,walking_abha_new
1771603837.375985,0.338867,-0.953980,-0.164673,-22.155760,28.198240,-17.639160,walking_abha_new
1771603837.3956714,0.361572,-0.958618,-0.158814,-17.395020,26.977532,0.000000,walking_abha_new
1771603837.4104855,0.461060,-1.125000,-0.140625,-10.498044,19.897460,20.812980,walking_abha_new
1771603837.4315178,0.565918,-1.301514,-0.093750,-1.525878,5.920409,43.518060,walking_abha_new
1771603837.4519737,0.533692,-1.042358,-0.113647,1.770019,-1.098633,78.430200,walking_abha_new
1771603837.47487,0.425171,-0.716553,-0.222534,2.990722,1.464844,96.557600,walking_abha_new
1771603837.49306,0.386841,-0.566895,-0.281372,9.155274,1.403808,104.248040,walking_abha_new
1771603837.5160804,0.433594,-0.693848,-0.282349,23.498530,-6.835936,100.280740,walking_abha_new
1771603837.535477,0.487915,-0.861938,-0.283814,32.897960,-14.953610,90.332000,walking_abha_new
1771603837.5549746,0.530884,-0.919678,-0.301025,38.085940,-10.009768,86.364740,walking_abha_new
1771603837.5759714,0.574951,-0.911621,-0.311401,35.827640,-25.634760,84.228500,walking_abha_new
1771603837.5968337,0.563477,-0.872070,-0.309937,33.630380,-39.001470,81.237760,walking_abha_new
1771603837.6117303,0.401489,-0.791260,-0.312622,30.517570,-35.644540,74.218760,walking_abha_new
1771603837.63274,0.305298,-0.681519,-0.318726,16.479492,1.342773,71.044940,walking_abha_new
1771603837.6541486,0.407837,-0.630371,-0.316772,9.521484,14.587400,67.138680,walking_abha_new
1771603837.674148,0.486450,-0.636230,-0.292847,9.155274,9.033204,59.997550,walking_abha_new
1771603837.6944954,0.487305,-0.679444,-0.276001,6.408690,0.122070,53.222640,walking_abha_new
1771603837.709376,0.485230,-0.722534,-0.266724,3.295898,2.563476,47.424300,walking_abha_new
1771603837.7307613,0.470581,-0.773804,-0.264038,-5.676268,16.845708,57.434080,walking_abha_new
1771603837.7563677,0.531128,-0.754517,-0.279541,-11.535644,30.273430,54.321280,walking_abha_new
1771603837.7731164,0.599854,-0.744385,-0.287476,-11.840818,31.860350,48.339840,walking_abha_new
1771603837.8458908,0.619873,-0.728028,-0.287720,-13.000484,30.273430,47.058100,walking_abha_new
1771603837.8458908,0.643311,-0.716431,-0.283691,-13.366696,26.672360,46.020500,walking_abha_new
1771603837.8458908,0.703491,-0.799194,-0.285767,-10.314940,17.517090,35.522460,walking_abha_new
1771603837.8458908,0.741577,-0.904175,-0.281860,-9.460450,8.850100,34.240730,walking_abha_new
1771603837.87532,0.729736,-0.995606,-0.269043,-8.666994,5.737304,26.855464,walking_abha_new
1771603837.89625,0.741821,-1.178467,-0.251221,-7.690428,10.131832,19.653320,walking_abha_new
1771603837.9181418,0.777344,-1.371460,-0.267944,-10.437010,19.958500,16.113284,walking_abha_new
1771603837.935866,0.761108,-1.323608,-0.304077,-14.343260,34.301760,-0.549316,walking_abha_new
1771603837.959202,0.669922,-1.101562,-0.284912,-17.883300,51.452620,-15.869140,walking_abha_new
1771603837.9737625,0.575684,-0.811524,-0.217529,-22.644040,64.392100,-31.738280,walking_abha_new
1771603837.9932477,0.569458,-0.661133,-0.182495,-11.901852,59.509270,-52.795400,walking_abha_new
1771603838.014426,0.666748,-0.822144,-0.190796,7.873534,29.296870,-83.007800,walking_abha_new
1771603838.0372713,0.692627,-0.897461,-0.191772,15.808104,-4.943848,-92.041000,walking_abha_new
1771603838.06275,0.698975,-0.965454,-0.168823,19.165040,-35.339360,-92.651360,walking_abha_new
1771603838.076421,0.632935,-0.976685,-0.156494,17.333990,-51.147450,-85.144020,walking_abha_new
1771603838.0962656,0.505860,-0.915283,-0.166626,12.023924,-49.560540,-78.918460,walking_abha_new
1771603838.1119998,0.403564,-0.799316,-0.192749,8.422854,-40.527340,-76.355000,walking_abha_new
1771603838.1326807,0.380005,-0.703003,-0.228272,6.713866,-35.034180,-76.171900,walking_abha_new
1771603838.1534963,0.367432,-0.655396,-0.237061,6.225584,-36.010750,-78.796400,walking_abha_new
1771603838.1760414,0.350708,-0.653076,-0.212280,2.929687,-29.479976,-80.261240,walking_abha_new
1771603838.1951656,0.318115,-0.660278,-0.180542,-0.915527,-21.057124,-79.772960,walking_abha_new
1771603838.2318637,0.327637,-0.738526,-0.138550,-7.202148,-11.413570,-76.599140,walking_abha_new
1771603838.2351842,0.348267,-0.791260,-0.155273,-11.901852,-9.643556,-70.800800,walking_abha_new
1771603838.2508063,0.343750,-0.849976,-0.173828,-18.066410,-6.958006,-60.974110,walking_abha_new
1771603838.2732985,0.308838,-0.886230,-0.181519,-24.780270,-1.403808,-51.452620,walking_abha_new
1771603838.2933066,0.292969,-0.911499,-0.185181,-30.151360,9.399414,-42.297360,walking_abha_new
1771603838.3131773,0.306030,-0.960449,-0.176147,-32.958990,21.118160,-33.325200,walking_abha_new
1771603838.3343909,0.322388,-0.991821,-0.147583,-34.118660,27.648920,-22.094720,walking_abha_new
1771603838.3542469,0.330811,-0.962524,-0.124023,-34.179700,29.785150,-9.216310,walking_abha_new
1771603838.3744314,0.357056,-0.957520,-0.134277,-31.677240,26.489250,4.272462,walking_abha_new
1771603838.3934367,0.469727,-1.207886,-0.076782,-25.329584,13.488768,28.076170,walking_abha_new
1771603838.4168239,0.476318,-1.161866,-0.036377,-24.780270,11.291500,47.485340,walking_abha_new
1771603838.4351814,0.384522,-0.915772,-0.047241,-23.681636,16.296390,69.091800,walking_abha_new
1771603838.4520373,0.355469,-0.750854,-0.094849,-18.371584,27.587884,87.036100,walking_abha_new
1771603838.4725895,0.422852,-0.737549,-0.161621,-5.615234,33.813480,93.017560,walking_abha_new
1771603838.4948516,0.514160,-0.794312,-0.220215,9.216310,22.888180,89.111300,walking_abha_new
1771603838.513911,0.533325,-0.852051,-0.260742,23.315424,6.286620,86.914040,walking_abha_new
1771603838.535715,0.610352,-0.894531,-0.264771,28.503410,-11.291500,86.059560,walking_abha_new
1771603838.555973,0.663086,-0.846802,-0.268066,34.606940,-31.921380,84.533660,walking_abha_new
1771603838.575813,0.599854,-0.759644,-0.280274,42.358390,-52.612300,79.528820,walking_abha_new
1771603838.6035347,0.405518,-0.640869,-0.313477,44.067380,-54.199210,69.152840,walking_abha_new
1771603838.6120298,0.352295,-0.618408,-0.313232,38.757330,-39.184580,69.030760,walking_abha_new
1771603838.6322336,0.354126,-0.598877,-0.312012,32.531740,-21.606440,60.913080,walking_abha_new
1771603838.6547477,0.370239,-0.610962,-0.285156,27.465816,-7.751464,52.490220,walking_abha_new
1771603838.6740403,0.423340,-0.646484,-0.270508,21.057124,2.075196,47.546380,walking_abha_new
1771603838.6964297,0.477417,-0.669678,-0.297119,15.319820,5.187988,44.372550,walking_abha_new
1771603838.7152839,0.541748,-0.669800,-0.333618,14.648436,-1.892090,39.428720,walking_abha_new
1771603838.7372162,0.566650,-0.689453,-0.355225,15.686032,-9.094240,38.940440,walking_abha_new
1771603838.7513394,0.586182,-0.711182,-0.382446,14.404296,-12.390136,39.550780,walking_abha_new
1771603838.7708406,0.651612,-0.722290,-0.395020,12.817380,-23.132320,33.996590,walking_abha_new
1771603838.7925286,0.651856,-0.802002,-0.389771,10.253904,-28.015130,29.357908,walking_abha_new
1771603838.8176134,0.655518,-0.885010,-0.380737,7.324218,-29.296870,19.104010,walking_abha_new
1771603838.8354182,0.647827,-0.974854,-0.374878,2.929687,-26.550290,9.460450,walking_abha_new
1771603838.8549533,0.588257,-1.017700,-0.355957,-4.211426,-12.695310,0.976562,walking_abha_new
1771603838.8776586,0.541992,-0.999634,-0.341553,-11.901852,12.817380,-10.131832,walking_abha_new
1771603838.8964863,0.508911,-0.981079,-0.320923,-21.728510,45.898430,-13.305660,walking_abha_new
1771603838.9391608,0.583130,-0.995362,-0.297608,-24.719230,65.795900,-21.057124,walking_abha_new
1771603838.9391608,0.736206,-1.235718,-0.290772,-23.559568,64.209000,-26.062010,walking_abha_new
1771603838.955783,0.843262,-1.405152,-0.277588,-25.695796,53.283680,-35.522460,walking_abha_new
1771603838.973585,0.690064,-1.116822,-0.176147,-31.066890,50.292960,-47.363270,walking_abha_new
1771603838.9934697,0.569580,-0.916992,-0.118530,-30.944820,54.260240,-50.109860,walking_abha_new
1771603839.0142975,0.572632,-0.856812,-0.153198,-19.836430,47.363270,-65.246600,walking_abha_new
1771603839.0353472,0.625122,-0.950806,-0.176758,-1.953124,23.010250,-86.914040,walking_abha_new
1771603839.0557227,0.682373,-1.071289,-0.168335,10.437010,-10.681150,-98.632800,walking_abha_new
1771603839.076034,0.665894,-1.120972,-0.146118,19.470220,-42.968740,-107.299800,walking_abha_new
1771603839.0909936,0.537964,-1.056519,-0.138550,19.775390,-52.551260,-112.243640,walking_abha_new
1771603839.1124387,0.415039,-0.920410,-0.134399,13.488768,-39.550780,-113.586400,walking_abha_new
1771603839.1320329,0.322754,-0.754761,-0.166138,10.742184,-15.258788,-113.037100,walking_abha_new
1771603839.1739788,0.400391,-0.604004,-0.201904,12.390136,0.610352,-110.046360,walking_abha_new
1771603839.17608,0.438843,-0.571900,-0.191650,14.465330,-6.286620,-106.079080,walking_abha_new
1771603839.1986108,0.386719,-0.551880,-0.141968,16.418460,-19.042970,-100.341780,walking_abha_new
1771603839.215769,0.375855,-0.532837,-0.087646,8.544924,-16.418460,-91.857900,walking_abha_new
1771603839.2364378,0.370728,-0.550049,-0.073853,3.967285,-16.357424,-82.153300,walking_abha_new
1771603839.2534642,0.362549,-0.584839,-0.094482,-3.479003,-12.695310,-70.922860,walking_abha_new
1771603839.2853632,0.344605,-0.618042,-0.116699,-3.051757,-16.784670,-58.593740,walking_abha_new
1771603839.2935762,0.359863,-0.636719,-0.146973,-5.493162,-13.244628,-47.729480,walking_abha_new
1771603839.3128476,0.356445,-0.641113,-0.159912,-9.399414,-4.333496,-35.034180,walking_abha_new
1771603839.3342743,0.372070,-0.626343,-0.140259,-15.869140,3.845214,-17.639160,walking_abha_new
1771603839.3544753,0.414551,-0.672363,-0.099731,-19.714360,4.821778,5.554198,walking_abha_new
1771603839.375461,0.454346,-0.768066,-0.084229,-18.920900,3.479003,18.188480,walking_abha_new
1771603839.3952613,0.482422,-0.857300,-0.083130,-19.165040,2.197266,34.057620,walking_abha_new
1771603839.4095097,0.498901,-0.901489,-0.097290,-18.188480,-3.417968,52.246080,walking_abha_new
1771603839.4333894,0.529663,-0.995362,-0.115723,-15.991210,-6.713866,72.448740,walking_abha_new
1771603839.474601,0.559937,-1.208252,-0.094238,-12.817380,-6.530760,93.566880,walking_abha_new
1771603839.474601,0.547486,-1.283326,-0.068481,-13.061520,5.371092,113.708480,walking_abha_new
1771603839.4835289,0.521240,-1.078736,-0.098755,-14.587400,24.780270,127.807600,walking_abha_new
1771603839.5397353,0.517090,-0.864380,-0.169800,-8.972170,34.851080,137.207080,walking_abha_new
1771603839.5397353,0.590332,-0.775024,-0.261719,14.221190,18.554690,124.267560,walking_abha_new
1771603839.5504398,0.548706,-0.825562,-0.299194,33.752440,-6.408690,103.637680,walking_abha_new
1771603839.599032,0.479736,-0.916016,-0.346314,42.663560,-27.893060,85.083000,walking_abha_new
1771603839.599032,0.497681,-0.979858,-0.339111,40.100100,-28.137200,73.059100,walking_abha_new
1771603839.6161895,0.462891,-0.954712,-0.319702,33.569340,-23.254390,69.274900,walking_abha_new
1771603839.6332743,0.348877,-0.866089,-0.334839,21.179192,0.549316,66.040040,walking_abha_new
1771603839.6787016,0.259399,-0.747559,-0.354248,4.821778,39.062500,63.049300,walking_abha_new
1771603839.6787016,0.329956,-0.663818,-0.335816,-9.948730,74.218760,57.556140,walking_abha_new
1771603839.698467,0.440796,-0.608398,-0.300171,-17.333990,81.359840,59.631340,walking_abha_new
1771603839.7453318,0.499146,-0.606201,-0.281006,-16.601568,72.631840,50.476060,walking_abha_new
1771603839.7453318,0.613404,-0.713745,-0.250488,-19.287110,52.124020,47.241200,walking_abha_new
1771603839.7553036,0.651245,-0.740356,-0.247559,-19.775390,34.667980,44.433580,walking_abha_new
1771603839.805845,0.696045,-0.758179,-0.247070,-16.906740,18.615724,38.024910,walking_abha_new
1771603839.805845,0.683472,-0.769409,-0.251221,-16.174320,12.756344,37.963880,walking_abha_new
1771603839.813873,0.677124,-0.743286,-0.268677,-16.296390,10.803220,35.400400,walking_abha_new
1771603839.8372676,0.688843,-0.733276,-0.272461,-14.160152,6.713866,30.395500,walking_abha_new
1771603839.8687274,0.707642,-0.782715,-0.259399,-10.803220,3.723144,21.362300,walking_abha_new
1771603839.8795116,0.746948,-0.857300,-0.240967,-8.728030,3.845214,10.620116,walking_abha_new
1771603839.8953502,0.780396,-0.966919,-0.223389,-10.559080,1.037598,17.578130,walking_abha_new
1771603839.9145572,0.849121,-1.085205,-0.245117,-3.295898,-11.291500,0.427246,walking_abha_new
1771603839.9369118,0.884400,-1.450684,-0.250000,-2.563476,-14.221190,-1.647949,walking_abha_new
1771603839.9553607,0.814942,-1.364136,-0.272217,-12.573240,3.601074,-11.962890,walking_abha_new
1771603839.9886408,0.668579,-1.004394,-0.219360,-18.493652,30.212400,-31.188960,walking_abha_new
1771603839.9950924,0.546509,-0.747192,-0.164551,-18.737796,48.522940,-47.912590,walking_abha_new
1771603840.0146334,0.627320,-0.724976,-0.171509,-5.432128,46.081540,-73.242200,walking_abha_new
1771603840.035011,0.705078,-0.853516,-0.190308,10.314940,20.874020,-96.984840,walking_abha_new
1771603840.0571017,0.712402,-0.944092,-0.175415,19.042970,-14.709470,-106.018040,walking_abha_new
1771603840.0714374,0.678711,-0.991211,-0.141846,22.338860,-44.738760,-104.858380,walking_abha_new
1771603840.0944023,0.572144,-0.983643,-0.132446,22.338860,-56.701650,-101.806620,walking_abha_new
1771603840.1141434,0.432739,-0.842041,-0.183960,15.930172,-52.490220,-93.811020,walking_abha_new
1771603840.1350665,0.375244,-0.710083,-0.217285,15.319820,-46.813960,-89.721660,walking_abha_new
1771603840.1529927,0.352417,-0.610352,-0.215454,13.732908,-54.382320,-86.669900,walking_abha_new
1771603840.1734953,0.341064,-0.579224,-0.188477,10.742184,-46.569820,-83.801260,walking_abha_new
1771603840.1940875,0.296997,-0.561035,-0.176880,6.652830,-39.367680,-79.284680,walking_abha_new
1771603840.2155025,0.285156,-0.591064,-0.139526,3.417968,-33.813480,-76.965340,walking_abha_new
1771603840.2340615,0.286987,-0.648438,-0.108521,-3.356933,-29.602044,-70.190440,walking_abha_new
1771603840.2563288,0.282227,-0.701660,-0.115845,-10.009768,-22.521970,-62.316880,walking_abha_new
1771603840.2731278,0.283447,-0.780152,-0.127686,-15.441892,-11.108396,-56.274400,walking_abha_new
1771603840.2956967,0.336670,-0.842041,-0.133911,-24.047850,7.019042,-42.114250,walking_abha_new
1771603840.313587,0.329102,-0.902832,-0.130981,-27.099608,16.540530,-30.944820,walking_abha_new
1771603840.3339896,0.366455,-0.961426,-0.122803,-27.282710,22.644040,-19.531250,walking_abha_new
1771603840.354718,0.369873,-0.968628,-0.098022,-24.597160,23.315424,-7.019042,walking_abha_new
1771603840.3750262,0.380127,-0.960816,-0.113647,-19.531250,20.019532,6.469726,walking_abha_new
1771603840.3953242,0.451660,-1.059570,-0.138794,-12.817380,11.169430,22.094720,walking_abha_new
1771603840.4161892,0.540405,-1.266480,-0.097900,-4.516602,-1.342773,38.696300,walking_abha_new
1771603840.4346404,0.533936,-1.340942,-0.051147,0.549316,-5.371092,56.640620,walking_abha_new
1771603840.4527683,0.463623,-1.076172,-0.101196,0.122070,4.394532,75.134300,walking_abha_new
1771603840.4754934,0.436035,-0.770264,-0.207642,3.662109,12.084960,88.867160,walking_abha_new
1771603840.4933872,0.458252,-0.617920,-0.273682,19.104010,4.516602,91.430660,walking_abha_new
1771603840.5133524,0.467407,-0.708008,-0.282959,30.700680,-6.713866,80.993640,walking_abha_new
1771603840.535012,0.475098,-0.787110,-0.296753,38.391120,-13.305660,68.420420,walking_abha_new
1771603840.5550117,0.549683,-0.845215,-0.306519,45.166000,-9.887696,60.241690,walking_abha_new
1771603840.5750508,0.604370,-0.874512,-0.312622,44.555660,-34.301760,55.419910,walking_abha_new
1771603840.5906937,0.530152,-0.821778,-0.322998,41.625960,-48.767080,50.781240,walking_abha_new
1771603840.6111877,0.382080,-0.730103,-0.325684,35.217290,-39.978040,48.156730,walking_abha_new
1771603840.632357,0.325928,-0.647827,-0.311646,24.658200,-12.145992,47.668440,walking_abha_new
1771603840.6552749,0.398682,-0.588013,-0.293335,18.493652,5.798338,43.701160,walking_abha_new
1771603840.6755037,0.468994,-0.575440,-0.286133,21.850580,-2.990722,29.968260,walking_abha_new
1771603840.6955357,0.523316,-0.657104,-0.270508,21.484370,-12.023924,25.207516,walking_abha_new
1771603840.714209,0.500366,-0.684814,-0.270264,16.296390,-13.916012,31.188960,walking_abha_new
1771603840.7357044,0.495850,-0.695557,-0.273193,11.108396,-6.896972,33.264160,walking_abha_new
1771603840.7562711,0.557495,-0.714966,-0.283447,8.850100,-1.708984,30.273430,walking_abha_new
1771603840.7712233,0.618286,-0.746216,-0.290161,7.446288,-4.150392,31.005852,walking_abha_new
1771603840.7924035,0.642700,-0.747070,-0.295044,5.859374,-10.070800,33.020020,walking_abha_new
1771603840.8164897,0.667847,-0.779419,-0.305054,5.004884,-14.892576,32.165540,walking_abha_new
1771603840.8344011,0.718140,-0.867066,-0.317139,4.455568,-20.324700,31.677240,walking_abha_new
1771603840.8543549,0.731079,-0.968018,-0.324341,3.540038,-23.864740,29.479976,walking_abha_new
1771603840.8940752,0.746216,-1.126709,-0.303955,1.098633,-20.874020,21.118160,walking_abha_new
1771603840.8974478,0.781738,-1.318360,-0.305908,0.244141,-15.441892,16.418460,walking_abha_new
1771603840.9170952,0.746094,-1.421387,-0.324951,-6.347656,0.000000,9.704590,walking_abha_new
1771603840.9344506,0.711670,-1.248780,-0.325806,-12.207030,15.930172,-9.399414,walking_abha_new
1771603840.9518595,0.565918,-0.938110,-0.247681,-16.052250,34.790040,-27.343748,walking_abha_new
1771603840.9744759,0.479126,-0.729370,-0.181397,-15.136716,50.048820,-42.114250,walking_abha_new
1771603840.9937477,0.572388,-0.730347,-0.179443,-4.943848,40.954580,-57.189930,walking_abha_new
1771603841.0138967,0.628540,-0.806641,-0.207153,8.605960,9.399414,-74.768080,walking_abha_new
1771603841.0427256,0.635620,-0.887451,-0.198120,15.563964,-29.724120,-82.092260,walking_abha_new
1771603841.055848,0.602173,-0.946411,-0.133667,16.723632,-70.312500,-77.636740,walking_abha_new
1771603841.0757809,0.466919,-0.937622,-0.118408,13.427732,-75.622560,-72.448740,walking_abha_new
1771603841.0993226,0.310059,-0.816406,-0.141968,8.605960,-67.321800,-67.626960,walking_abha_new
1771603841.1119595,0.249634,-0.687500,-0.184937,2.136231,-57.250960,-65.063500,walking_abha_new
1771603841.1323106,0.234619,-0.611084,-0.196655,-0.793457,-41.687000,-63.415520,walking_abha_new
1771603841.1558433,0.216797,-0.607788,-0.180298,-6.103514,-28.442380,-61.096180,walking_abha_new
1771603841.1835034,0.249146,-0.619507,-0.154907,-10.620116,-14.404296,-56.457510,walking_abha_new
1771603841.1918285,0.272949,-0.650635,-0.109619,-13.488768,-8.666994,-53.344720,walking_abha_new
1771603841.2154644,0.304810,-0.700562,-0.079956,-17.456060,-8.666994,-45.776360,walking_abha_new
1771603841.2298725,0.317505,-0.743896,-0.092041,-18.249516,-11.474608,-38.330080,walking_abha_new
1771603841.2570617,0.292114,-0.856201,-0.132202,-21.179192,-2.258301,-29.602044,walking_abha_new
1771603841.271034,0.293579,-0.892456,-0.137451,-26.306150,13.000484,-20.812980,walking_abha_new
1771603841.292256,0.324707,-0.931396,-0.136841,-28.503410,28.869624,-11.535644,walking_abha_new
1771603841.3145518,0.379517,-0.981934,-0.135498,-28.869624,37.414560,-0.976562,walking_abha_new
1771603841.3336418,0.393188,-0.970093,-0.123535,-26.306150,36.560060,8.544924,walking_abha_new
1771603841.3560598,0.412598,-1.006104,-0.124634,-19.287110,30.029290,17.395020,walking_abha_new
1771603841.376712,0.499634,-1.246704,-0.107544,-8.605960,17.456060,28.625480,walking_abha_new
1771603841.3966873,0.584229,-1.526368,-0.038574,1.525878,5.920409,40.771480,walking_abha_new
1771603841.4132512,0.533447,-1.429688,-0.022339,3.295898,7.690428,54.870600,walking_abha_new
1771603841.4312656,0.399780,-0.756226,-0.237061,6.286620,10.559080,82.275360,walking_abha_new
1771603841.45387,0.402100,-0.539062,-0.314209,18.615724,-1.647949,85.632300,walking_abha_new
1771603841.5060165,0.431396,-0.652954,-0.298584,36.499030,-21.423332,72.387700,walking_abha_new
1771603841.5060165,0.395996,-0.819458,-0.283936,43.701160,-31.494136,56.457510,walking_abha_new
1771603841.5176308,0.353882,-0.853272,-0.292847,45.654280,-34.667980,42.541500,walking_abha_new
1771603841.5351326,0.381104,-0.871338,-0.283936,43.212880,-28.503410,37.048340,walking_abha_new
1771603841.5560505,0.329102,-0.840820,-0.290649,34.484870,-23.986810,31.555170,walking_abha_new
1771603841.57277,0.254150,-0.777954,-0.302856,24.414060,-5.004884,25.329584,walking_abha_new
1771603841.5911458,0.214844,-0.686524,-0.310669,13.183590,19.958500,23.071284,walking_abha_new
1771603841.6111786,0.295776,-0.606934,-0.309204,6.164550,34.362800,22.399900,walking_abha_new
1771603841.6325133,0.423218,-0.595581,-0.305908,6.774902,25.573724,15.319820,walking_abha_new
1771603841.6550345,0.449097,-0.666504,-0.287720,3.662109,13.366696,22.521970,walking_abha_new
1771603841.674092,0.432129,-0.686157,-0.280884,0.000000,11.535644,25.146480,walking_abha_new
1771603841.6965628,0.472900,-0.744751,-0.283936,-1.586914,12.756344,25.573724,walking_abha_new
1771603841.7155688,0.535400,-0.785645,-0.295288,-3.601074,12.329100,25.817870,walking_abha_new
1771603841.7354443,0.592041,-0.783936,-0.307983,-3.417968,6.530760,23.864740,walking_abha_new
1771603841.7514634,0.608521,-0.765381,-0.324219,-2.380371,-1.281738,22.949216,walking_abha_new
1771603841.7753692,0.636719,-0.759644,-0.340210,-1.281738,-8.972170,21.972650,walking_abha_new
1771603841.7922447,0.669190,-0.819458,-0.356934,0.610352,-16.540530,17.456060,walking_abha_new
1771603841.8126683,0.689697,-0.938965,-0.354004,0.244141,-23.254390,5.981444,walking_abha_new
1771603841.8351948,0.642578,-1.041016,-0.322144,-5.004884,-14.709470,6.530760,walking_abha_new
1771603841.8544297,0.620606,-1.164429,-0.305176,-10.803220,3.784179,5.615234,walking_abha_new
1771603841.874989,0.698242,-1.317749,-0.315796,-15.747068,18.493652,-0.427246,walking_abha_new
1771603841.8952708,0.727661,-1.304688,-0.341431,-20.812980,27.038570,-11.352536,walking_abha_new
1771603841.9158368,0.650146,-1.063477,-0.319214,-24.230950,32.836920,-18.493652,walking_abha_new
1771603841.930767,0.505737,-0.809570,-0.223755,-26.611320,46.691880,-29.602044,walking_abha_new
1771603841.955446,0.511475,-0.713013,-0.177734,-22.033690,50.842280,-39.184580,walking_abha_new
1771603841.9743094,0.599487,-0.805786,-0.191040,-10.314940,34.240730,-56.884760,walking_abha_new
1771603841.9928875,0.672363,-0.945312,-0.207520,-3.234863,4.516602,-71.167000,walking_abha_new
1771603842.0140603,0.635010,-1.033814,-0.153809,-1.647949,-33.630380,-73.913600,walking_abha_new
1771603842.0347862,0.519287,-0.979858,-0.135010,-4.882814,-36.071780,-71.472180,walking_abha_new
1771603842.055775,0.401001,-0.867188,-0.146362,-9.704590,-28.198240,-70.861840,walking_abha_new
1771603842.075837,0.315430,-0.731323,-0.174561,-9.643556,-9.704590,-72.570800,walking_abha_new
1771603842.090079,0.304932,-0.641113,-0.203247,-11.291500,-1.098633,-73.608400,walking_abha_new
1771603842.1116414,0.360352,-0.581665,-0.204712,-10.681150,11.840818,-73.120140,walking_abha_new
1771603842.135766,0.345337,-0.546143,-0.182373,-9.399414,9.216310,-74.035660,walking_abha_new
1771603842.1539655,0.316650,-0.538574,-0.139160,-8.178714,4.028321,-74.218760,walking_abha_new
1771603842.1755085,0.344360,-0.579224,-0.103882,-8.239746,-1.953124,-69.946300,walking_abha_new
1771603842.2504332,0.343994,-0.772827,-0.114624,-15.441892,-8.972170,-51.696770,walking_abha_new
1771603842.2504332,0.326660,-0.803345,-0.110840,-22.216790,-0.854492,-39.001470,walking_abha_new
1771603842.2544527,0.314941,-0.809570,-0.112305,-27.709956,15.563964,-25.085448,walking_abha_new
1771603842.2982452,0.417114,-0.888794,-0.100708,-30.212400,39.184580,3.662109,walking_abha_new
1771603842.3353777,0.508545,-0.987915,-0.113281,-24.230950,30.395500,31.921380,walking_abha_new
1771603842.35427,0.562500,-1.161744,-0.092529,-18.981940,19.958500,49.499500,walking_abha_new
1771603842.3753595,0.581299,-1.304078,-0.045776,-14.953610,15.136716,68.237320,walking_abha_new
1771603842.3929083,0.568604,-1.026490,-0.123169,-10.620116,20.751950,95.153800,walking_abha_new
1771603842.4162767,0.542236,-0.768188,-0.231812,-2.258301,17.578130,107.177720,walking_abha_new
1771603842.4322696,0.516480,-0.608765,-0.289429,9.460450,5.371092,106.811500,walking_abha_new
1771603842.4522505,0.513184,-0.635376,-0.296997,28.808590,-7.934570,91.125460,walking_abha_new
1771603842.4724505,0.444824,-0.795776,-0.297974,41.992180,-33.630380,68.969740,walking_abha_new
1771603842.4954076,0.475220,-0.943848,-0.280396,43.212880,-39.001470,54.199210,walking_abha_new
1771603842.5145102,0.515503,-0.980957,-0.268066,40.405260,-39.611820,50.292960,walking_abha_new
1771603842.5343282,0.458008,-0.910889,-0.281250,34.667980,-34.790040,46.142570,walking_abha_new
1771603842.5558364,0.356934,-0.800781,-0.307373,24.963376,-19.531250,44.372550,walking_abha_new
1771603842.5698698,0.310059,-0.669434,-0.302246,7.873534,17.517090,46.447740,walking_abha_new
1771603842.597263,0.364868,-0.625244,-0.288574,1.342773,31.494136,43.884270,walking_abha_new
1771603842.6176043,0.427124,-0.636963,-0.269653,-1.281738,34.851080,39.245610,walking_abha_new
1771603842.639149,0.467529,-0.675293,-0.240967,-5.676268,37.902840,37.536620,walking_abha_new
1771603842.6619024,0.513428,-0.701782,-0.228638,-10.986324,40.527340,41.809080,walking_abha_new
1771603842.6704712,0.540405,-0.693604,-0.223267,-17.639160,43.701160,49.865720,walking_abha_new
1771603842.6952767,0.627930,-0.683716,-0.228149,-16.235352,38.513190,45.532220,walking_abha_new
1771603842.709437,0.684326,-0.710449,-0.240845,-12.756344,24.169920,40.832510,walking_abha_new
1771603842.7299023,0.681519,-0.701050,-0.242432,-10.009768,10.498044,37.109380,walking_abha_new
1771603842.7564566,0.706787,-0.710694,-0.242554,-6.958006,-3.417968,35.156260,walking_abha_new
1771603842.7720122,0.740601,-0.803711,-0.270386,-0.793457,-20.996090,19.592290,walking_abha_new
1771603842.7918353,0.736450,-0.945068,-0.257202,-0.488281,-25.207516,15.075680,walking_abha_new
1771603842.8140073,0.686524,-1.019654,-0.227173,-5.615234,-18.493652,5.432128,walking_abha_new
1771603842.8339515,0.653320,-1.045654,-0.209473,-5.737304,-6.530760,-7.629394,walking_abha_new
1771603842.8615768,0.655274,-1.208374,-0.235352,-6.042480,9.460450,-8.422854,walking_abha_new
1771603842.878777,0.751099,-1.346924,-0.291138,-8.239746,24.719230,-21.789548,walking_abha_new
1771603842.9270446,0.613526,-0.947632,-0.166748,-7.324218,27.587884,-49.438460,walking_abha_new
1771603842.9270446,0.540894,-0.866333,-0.120361,-7.995604,37.170420,-51.879880,walking_abha_new
1771603842.9540715,0.673706,-0.833862,-0.188721,4.699708,10.009768,-70.556640,walking_abha_new
1771603842.9757104,0.643188,-0.872437,-0.179321,13.061520,-22.949216,-81.542960,walking_abha_new
1771603842.9945416,0.618164,-0.925415,-0.138062,12.573240,-39.306640,-79.650900,walking_abha_new
1771603843.0150762,0.596314,-0.941162,-0.109131,10.314940,-45.043940,-74.340840,walking_abha_new
1771603843.0276616,0.492310,-0.888794,-0.105835,5.981444,-44.494620,-72.204600,walking_abha_new
1771603843.055567,0.395630,-0.779785,-0.136841,6.042480,-36.315920,-75.378440,walking_abha_new
1771603843.076362,0.357300,-0.689087,-0.169312,7.263182,-30.700680,-80.322260,walking_abha_new
1771603843.0965974,0.336304,-0.647339,-0.188232,6.591796,-36.315920,-85.327140,walking_abha_new
1771603843.1118596,0.328491,-0.653931,-0.162964,5.920409,-27.221676,-87.951640,walking_abha_new
1771603843.1318552,0.286865,-0.660767,-0.117798,3.662109,-19.287110,-87.524400,walking_abha_new
1771603843.155367,0.303223,-0.692017,-0.093262,2.380371,-15.075680,-78.796400,walking_abha_new
1771603843.1739187,0.369873,-0.741944,-0.105469,3.662109,-21.423332,-68.115240,walking_abha_new
1771603843.1980526,0.390137,-0.796387,-0.127564,2.868652,-33.447270,-55.786120,walking_abha_new
1771603843.2829516,0.289917,-0.886597,-0.128296,-3.234863,-31.555170,-30.517570,walking_abha_new
1771603843.2829516,0.271973,-0.948730,-0.100220,-9.338380,-10.070800,-16.296390,walking_abha_new
1771603843.2858062,0.296387,-0.966919,-0.094604,-16.052250,13.610836,-1.281738,walking_abha_new
1771603843.292222,0.365967,-0.925781,-0.124878,-17.272950,25.146480,12.023924,walking_abha_new
1771603843.312769,0.464478,-0.961914,-0.147583,-12.634276,20.935052,24.230950,walking_abha_new
1771603843.335395,0.571289,-1.278686,-0.096191,-2.624511,-0.976562,45.898430,walking_abha_new
1771603843.3555086,0.515259,-1.285522,-0.059204,-0.122070,-1.586914,59.387200,walking_abha_new
1771603843.3753083,0.431763,-1.037842,-0.079712,0.244141,12.023924,71.228040,walking_abha_new
1771603843.395339,0.410278,-0.829956,-0.164551,5.126952,22.949216,81.970200,walking_abha_new
1771603843.4162412,0.448242,-0.767456,-0.243530,14.892576,22.521970,83.740220,walking_abha_new
1771603843.4370973,0.477783,-0.777954,-0.273438,26.000970,11.535644,77.209480,walking_abha_new
1771603843.4513116,0.481934,-0.791260,-0.286865,37.048340,4.455568,68.176280,walking_abha_new
1771603843.4721067,0.520386,-0.842041,-0.317627,46.752920,-11.779784,57.250960,walking_abha_new
1771603843.4933078,0.595703,-0.888794,-0.347656,46.691880,-35.827640,51.757800,walking_abha_new
1771603843.5142963,0.531860,-0.826294,-0.344116,47.058100,-57.861320,47.180160,walking_abha_new
1771603843.534559,0.265625,-0.719360,-0.329468,36.621100,-42.907700,39.794920,walking_abha_new
1771603843.5550134,0.207275,-0.668335,-0.343750,23.010250,-8.239746,38.757330,walking_abha_new
1771603843.5765839,0.252686,-0.627442,-0.327515,12.634276,21.240230,30.944820,walking_abha_new
1771603843.5974936,0.363892,-0.651001,-0.283203,6.835936,33.508300,29.785150,walking_abha_new
1771603843.6164336,0.414551,-0.674316,-0.267944,-3.112792,36.254890,38.085940,walking_abha_new
1771603843.6338599,0.501953,-0.692993,-0.272095,-4.455568,28.625480,37.658700,walking_abha_new
1771603843.6528199,0.559814,-0.730591,-0.278320,-4.150392,15.197750,40.344230,walking_abha_new
1771603843.675562,0.602051,-0.744385,-0.293213,-2.136231,0.366211,41.870110,walking_abha_new
1771603843.6960964,0.626221,-0.745850,-0.304932,0.488281,-13.183590,42.663560,walking_abha_new
1771603843.7161312,0.633301,-0.693360,-0.307739,4.699708,-25.817870,39.855960,walking_abha_new
1771603843.7363973,0.662842,-0.767822,-0.323608,7.934570,-34.606940,35.461430,walking_abha_new
1771603843.7563787,0.704834,-0.872559,-0.336426,9.582520,-44.067380,26.306150,walking_abha_new
1771603843.7753108,0.684326,-0.976196,-0.325562,8.911134,-47.912590,17.272950,walking_abha_new
1771603843.8143117,0.604126,-1.066528,-0.292603,1.281738,-31.249992,13.549804,walking_abha_new
1771603843.8188596,0.596802,-1.205078,-0.299561,-5.920409,-1.892090,10.314940,walking_abha_new
1771603843.8369377,0.691895,-1.366944,-0.329590,-15.686032,26.245110,3.356933,walking_abha_new
1771603843.8549454,0.735718,-1.270752,-0.340576,-23.071284,38.208020,-8.117676,walking_abha_new
1771603843.8751245,0.609863,-0.970703,-0.277832,-25.512690,44.250480,-19.042970,walking_abha_new
1771603843.8957322,0.467163,-0.761108,-0.196167,-24.841304,61.218250,-33.142100,walking_abha_new
1771603843.9169052,0.614990,-0.784546,-0.223267,-15.624996,49.438460,-52.307120,walking_abha_new
1771603843.9355483,0.668335,-0.864868,-0.236084,-5.737304,10.375976,-65.673840,walking_abha_new
1771603843.9512336,0.693604,-0.960938,-0.199219,-0.915527,-26.306150,-71.960460,walking_abha_new
1771603843.9726818,0.656738,-1.032349,-0.144775,-0.854492,-46.447740,-67.871100,walking_abha_new
1771603843.9930367,0.518066,-1.000366,-0.139160,-3.662109,-48.645010,-63.537590,walking_abha_new
1771603844.0087113,0.385010,-0.877564,-0.169434,-4.211426,-37.414560,-64.575200,walking_abha_new
1771603844.0354996,0.347412,-0.755005,-0.210815,-4.516602,-26.000970,-67.810060,walking_abha_new
1771603844.0549145,0.333984,-0.653198,-0.223999,-6.103514,-26.855464,-68.786640,walking_abha_new
1771603844.07163,0.277466,-0.608765,-0.213989,-8.728030,-31.311030,-65.551760,walking_abha_new
1771603844.0933948,0.271362,-0.583130,-0.170654,-14.953610,-17.944340,-58.715810,walking_abha_new
1771603844.112417,0.250488,-0.597778,-0.141235,-15.197750,-13.549804,-58.166500,walking_abha_new
1771603844.13391,0.280518,-0.670532,-0.120117,-18.737796,-10.986324,-54.809560,walking_abha_new
1771603844.153065,0.280029,-0.746948,-0.121094,-22.460930,-7.385252,-47.302240,walking_abha_new
1771603844.1755083,0.262451,-0.799927,-0.126953,-28.564450,1.342773,-38.635260,walking_abha_new
1771603844.194897,0.268799,-0.820801,-0.122437,-32.775880,14.770504,-31.311030,walking_abha_new
1771603844.2146752,0.303345,-0.876953,-0.112915,-33.142100,28.442380,-26.428220,walking_abha_new
1771603844.2368267,0.352539,-0.970947,-0.093750,-31.799310,37.048340,-18.676760,walking_abha_new
1771603844.256363,0.362671,-1.013794,-0.082520,-29.602044,39.855960,-8.178714,walking_abha_new
1771603844.271276,0.362305,-1.001099,-0.093872,-23.254390,40.039070,1.708984,walking_abha_new
1771603844.2944448,0.493774,-1.210450,-0.114868,-8.117676,29.602044,18.737796,walking_abha_new
1771603844.3153865,0.532349,-1.373413,-0.050781,-0.122070,19.104010,32.897960,walking_abha_new
1771603844.335815,0.455322,-1.210328,-0.043945,1.647949,20.263670,50.537100,walking_abha_new
1771603844.3542962,0.396240,-0.857666,-0.130981,4.394532,24.841304,66.528340,walking_abha_new
1771603844.3685987,0.378906,-0.611206,-0.203491,12.329100,21.240230,75.500500,walking_abha_new
1771603844.3959928,0.380982,-0.612671,-0.208740,29.174800,8.483890,72.814940,walking_abha_new
1771603844.4159868,0.389771,-0.813599,-0.196045,41.381820,-1.586914,61.401360,walking_abha_new
1771603844.4347305,0.428833,-0.945190,-0.214966,46.447740,-5.187988,51.269520,walking_abha_new
1771603844.4542797,0.513184,-1.004883,-0.258545,50.354000,-0.366211,47.607410,walking_abha_new
1771603844.4752028,0.541138,-0.946655,-0.308106,44.616690,-23.254390,48.767080,walking_abha_new
1771603844.4933162,0.427124,-0.794800,-0.348877,43.090810,-23.681636,44.860830,walking_abha_new
1771603844.5161083,0.372803,-0.708496,-0.373535,39.123540,-9.399414,42.175280,walking_abha_new
1771603844.5346568,0.359497,-0.640259,-0.385010,27.526850,7.934570,49.621580,walking_abha_new
1771603844.555971,0.437378,-0.592774,-0.358032,23.010250,10.070800,41.503900,walking_abha_new
1771603844.5966685,0.463745,-0.616089,-0.299805,18.737796,1.525878,37.414560,walking_abha_new
1771603844.6027412,0.465576,-0.656982,-0.278564,11.901852,-3.479003,37.292480,walking_abha_new
1771603844.6115458,0.497437,-0.694214,-0.294922,5.493162,-3.479003,35.339360,walking_abha_new
1771603844.6327195,0.554810,-0.724487,-0.308594,2.258301,-4.577638,33.264160,walking_abha_new
1771603844.653383,0.595581,-0.744385,-0.324097,-0.305176,-8.056642,33.081060,walking_abha_new
1771603844.67569,0.618774,-0.745484,-0.340454,-3.051757,-12.634276,31.249992,walking_abha_new
1771603844.6950405,0.620239,-0.733276,-0.336060,-4.699708,-13.183590,30.578610,walking_abha_new
1771603844.7172515,0.638062,-0.779663,-0.336060,-4.943848,-12.145992,23.193352,walking_abha_new
1771603844.7312322,0.706299,-0.906616,-0.333618,-5.981444,-11.718748,15.075680,walking_abha_new
1771603844.7506337,0.723389,-1.033081,-0.310059,-12.878416,-10.742184,17.639160,walking_abha_new
1771603844.7723355,0.708252,-1.093018,-0.274048,-18.371584,-6.103514,16.845708,walking_abha_new
1771603844.7919984,0.690308,-1.186524,-0.261230,-17.883300,4.333496,4.333496,walking_abha_new
1771603844.8150253,0.780274,-1.354004,-0.288696,-19.226080,13.610836,-3.417968,walking_abha_new
1771603844.837453,0.737305,-1.283326,-0.316528,-23.559568,25.634760,-12.512204,walking_abha_new
1771603844.857159,0.584229,-0.903320,-0.221802,-30.456540,45.104970,-29.785150,walking_abha_new
1771603844.875814,0.530152,-0.697388,-0.172119,-24.597160,45.043940,-47.912590,walking_abha_new
1771603844.8951757,0.557495,-0.729248,-0.163330,-12.023924,34.179700,-69.152840,walking_abha_new
1771603844.9170818,0.629517,-0.832642,-0.176880,-3.173828,8.728030,-83.312960,walking_abha_new
1771603844.9357376,0.654419,-0.928345,-0.178101,1.586914,-26.428220,-86.303700,walking_abha_new
1771603844.9526002,0.642334,-1.008057,-0.136230,1.953124,-51.269520,-82.458480,walking_abha_new
1771603844.9721656,0.528564,-1.002808,-0.102905,-3.356933,-55.114740,-74.523940,walking_abha_new
1771603844.9954073,0.369873,-0.870484,-0.105591,-9.765626,-41.625960,-67.321800,walking_abha_new
1771603845.0139167,0.303101,-0.730347,-0.142700,-11.779784,-21.423332,-65.307640,walking_abha_new
1771603845.0356405,0.314087,-0.629150,-0.194824,-12.084960,-7.385252,-65.124520,walking_abha_new
1771603845.0556483,0.375000,-0.569702,-0.200195,-9.033204,-3.356933,-66.284200,walking_abha_new
1771603845.075734,0.345093,-0.566162,-0.167603,-8.056642,-9.704590,-67.382820,walking_abha_new
1771603845.0910406,0.317139,-0.600342,-0.123413,-9.277344,-13.244628,-66.406260,walking_abha_new
1771603845.1112013,0.334106,-0.654541,-0.098022,-12.512204,-14.404296,-61.462400,walking_abha_new
1771603845.1353016,0.329468,-0.728394,-0.107788,-14.953610,-12.634276,-57.861320,walking_abha_new
1771603845.1529653,0.314575,-0.816772,-0.120972,-19.958500,-5.554198,-49.255360,walking_abha_new
1771603845.1814022,0.310913,-0.869873,-0.139893,-26.550290,6.347656,-38.818360,walking_abha_new
1771603845.1948009,0.321777,-0.916748,-0.142944,-30.334470,22.094720,-28.808590,walking_abha_new
1771603845.2169375,0.350586,-0.986572,-0.128052,-32.409680,36.743170,-17.578130,walking_abha_new
1771603845.2355247,0.376343,-0.977295,-0.097656,-27.770990,44.555660,-1.281738,walking_abha_new
1771603845.2574968,0.404297,-1.010498,-0.113647,-18.859868,39.428720,10.864256,walking_abha_new
1771603845.2714052,0.504761,-1.207642,-0.124512,-8.972170,26.000970,27.160640,walking_abha_new
1771603845.2920594,0.583496,-1.362183,-0.074585,-0.061035,12.390136,45.654280,walking_abha_new
1771603845.3144593,0.546875,-1.194092,-0.083740,2.136231,7.019042,66.894540,walking_abha_new
1771603845.3339064,0.448486,-0.801514,-0.189087,4.577638,5.432128,87.097160,walking_abha_new
1771603845.3543143,0.382813,-0.551026,-0.266846,9.399414,1.464844,97.167960,walking_abha_new
1771603845.3757308,0.372559,-0.561768,-0.268677,23.620600,-6.713866,91.613760,walking_abha_new
1771603845.3896835,0.395264,-0.765259,-0.255982,32.714850,-14.892576,78.308120,walking_abha_new
1771603845.4098542,0.420776,-0.877075,-0.261719,34.851080,-12.939450,66.589360,walking_abha_new
1771603845.431173,0.491943,-0.971680,-0.294922,32.043460,-6.103514,61.645500,walking_abha_new
1771603845.451624,0.483154,-0.934326,-0.313965,23.132320,-9.277344,59.082020,walking_abha_new
1771603845.4742265,0.392212,-0.794556,-0.334351,18.554690,-1.464844,53.039540,walking_abha_new
1771603845.4931636,0.322632,-0.686524,-0.344849,11.413570,16.906740,52.124020,walking_abha_new
1771603845.5077958,0.384399,-0.612549,-0.355591,4.455568,28.625480,51.330560,walking_abha_new
1771603845.5349784,0.456909,-0.574097,-0.337524,3.967285,22.644040,42.785640,walking_abha_new
1771603845.5515213,0.449585,-0.634522,-0.296387,3.051757,15.624996,35.949720,walking_abha_new
1771603845.5700965,0.447144,-0.730103,-0.274902,-5.554198,18.188480,41.992180,walking_abha_new
1771603845.5904934,0.477051,-0.752564,-0.279541,-12.573240,24.841304,43.579090,walking_abha_new
1771603845.6151948,0.601929,-0.792358,-0.276733,-12.329100,20.080560,36.499030,walking_abha_new
1771603845.632066,0.644776,-0.793823,-0.288086,-12.268064,11.840818,37.292480,walking_abha_new
1771603845.6547897,0.655396,-0.736816,-0.301758,-10.437010,3.295898,34.179700,walking_abha_new
1771603845.6737175,0.653809,-0.740601,-0.296997,-7.202148,-1.403808,27.832030,walking_abha_new
1771603845.7430418,0.687988,-0.820557,-0.290039,-6.469726,-3.051757,23.864740,walking_abha_new
1771603845.7430418,0.724243,-0.887695,-0.283814,-6.896972,-7.019042,18.005376,walking_abha_new
1771603845.7430418,0.743774,-0.965576,-0.267456,-4.638672,-11.169430,6.652830,walking_abha_new
1771603845.7571898,0.716553,-1.055786,-0.236816,-5.432128,-7.019042,6.286620,walking_abha_new
1771603845.771486,0.744263,-1.208374,-0.256714,-6.652830,3.295898,5.065916,walking_abha_new
1771603845.7916799,0.802368,-1.336914,-0.289429,-8.544924,11.901852,-6.103514,walking_abha_new
1771603845.8124192,0.659180,-1.070801,-0.274536,-15.808104,28.747552,-21.301268,walking_abha_new
1771603845.8357358,0.592529,-0.786255,-0.205322,-19.958500,39.306640,-32.958990,walking_abha_new
1771603845.860602,0.574097,-0.669190,-0.175293,-9.826660,35.888680,-51.879880,walking_abha_new
1771603845.8758025,0.648926,-0.744141,-0.182007,2.075196,18.432620,-69.519040,walking_abha_new
1771603845.8957021,0.707276,-0.832886,-0.203613,10.375976,-13.183590,-81.115700,walking_abha_new
1771603845.9110737,0.682129,-0.927856,-0.180298,15.197750,-44.006340,-84.106440,walking_abha_new
1771603845.9327774,0.627686,-1.001831,-0.160278,13.122556,-55.786120,-80.627420,walking_abha_new
1771603845.95179,0.551636,-0.971924,-0.162842,6.652830,-51.635740,-77.026380,walking_abha_new
1771603845.9747512,0.443970,-0.846192,-0.189209,1.953124,-38.757330,-76.538100,walking_abha_new
1771603845.992311,0.369507,-0.675781,-0.229614,-2.136231,-22.644040,-80.383280,walking_abha_new
1771603846.0159333,0.344605,-0.604004,-0.233765,-3.906249,-21.850580,-82.885720,walking_abha_new
1771603846.0347018,0.333618,-0.591187,-0.210449,-6.408690,-8.972170,-83.312960,walking_abha_new
1771603846.0495214,0.317749,-0.588501,-0.181641,-10.070800,-3.112792,-79.406740,walking_abha_new
1771603846.076084,0.340942,-0.637085,-0.136963,-11.840818,-2.990722,-74.768080,walking_abha_new
1771603846.0973241,0.374756,-0.723267,-0.124756,-15.441892,-6.713866,-65.917980,walking_abha_new
1771603846.1152554,0.389771,-0.807495,-0.139282,-16.967780,-11.047360,-58.227530,walking_abha_new
1771603846.1330416,0.367310,-0.886597,-0.149902,-19.592290,-10.131832,-50.170890,walking_abha_new
1771603846.1529086,0.339478,-0.926758,-0.164551,-24.047850,-0.183105,-40.405260,walking_abha_new
1771603846.176095,0.347412,-0.964234,-0.172974,-27.587884,16.662600,-30.151360,walking_abha_new
1771603846.1945453,0.415161,-0.965332,-0.139038,-30.334470,34.545900,-14.343260,walking_abha_new
1771603846.2152338,0.452026,-0.909668,-0.125488,-28.137200,36.132820,-4.455568,walking_abha_new
1771603846.2354903,0.477661,-0.901245,-0.121094,-22.949216,31.555170,7.019042,walking_abha_new
1771603846.2502546,0.536377,-1.041138,-0.113770,-15.624996,23.559568,20.812980,walking_abha_new
1771603846.2750938,0.571411,-1.160278,-0.095825,-10.253904,18.066410,36.193860,walking_abha_new
1771603846.29367,0.493652,-0.997681,-0.086182,-8.605960,21.179192,50.598140,walking_abha_new
1771603846.312843,0.415161,-0.730591,-0.139893,-5.432128,27.221676,61.401360,walking_abha_new
1771603846.3369741,0.363281,-0.590332,-0.223267,3.479003,31.188960,63.293440,walking_abha_new
1771603846.3543577,0.386475,-0.639648,-0.253174,18.920900,26.367180,54.626460,walking_abha_new
1771603846.3752124,0.461060,-0.783447,-0.262329,33.813480,9.216310,43.701160,walking_abha_new
1771603846.3961217,0.549927,-0.838623,-0.276123,40.039070,-3.112792,46.264640,walking_abha_new
1771603846.4159222,0.644165,-0.848877,-0.298462,45.837400,-19.226080,55.114740,walking_abha_new
1771603846.4324682,0.586182,-0.799805,-0.320801,42.968740,-48.522940,59.570300,walking_abha_new
1771603846.4647353,0.464966,-0.719482,-0.309692,36.987310,-53.588860,65.673840,walking_abha_new
1771603846.4732664,0.367920,-0.654663,-0.312866,26.672360,-36.499030,70.556640,walking_abha_new
1771603846.494329,0.327515,-0.610474,-0.294067,17.150880,-13.549804,68.298340,walking_abha_new
1771603846.5166705,0.374390,-0.627320,-0.231201,10.437010,5.249022,59.997550,walking_abha_new
1771603846.5384102,0.419434,-0.661255,-0.215088,-0.915527,11.962890,65.856940,walking_abha_new
1771603846.5564685,0.539429,-0.662964,-0.253052,-9.338380,20.385740,60.119620,walking_abha_new
1771603846.5771933,0.645020,-0.695068,-0.297730,-15.319820,31.066890,54.748520,walking_abha_new
1771603846.5992138,0.650513,-0.706055,-0.315308,-16.906740,38.879400,53.649900,walking_abha_new
1771603846.614418,0.725830,-0.717041,-0.325928,-16.296390,35.400400,53.283680,walking_abha_new
1771603846.639891,0.768433,-0.686890,-0.329346,-13.122556,21.545408,49.804680,walking_abha_new
1771603846.660512,0.803833,-0.699097,-0.312866,-8.789064,4.516602,44.494620,walking_abha_new
1771603846.7172117,0.826172,-0.778442,-0.297363,-4.211426,-9.460450,34.179700,walking_abha_new
1771603846.7172117,0.845093,-0.907837,-0.277222,-2.746581,-16.967780,26.428220,walking_abha_new
1771603846.7172117,0.788330,-0.974610,-0.255982,-9.094240,-13.244628,26.000970,walking_abha_new
1771603846.7423568,0.795410,-1.104126,-0.255615,-6.286620,-0.915527,8.239746,walking_abha_new
1771603846.7520118,0.869141,-1.425782,-0.231201,-7.507323,15.258788,-10.437010,walking_abha_new
1771603846.7771447,0.771851,-1.295654,-0.197998,-13.122556,30.700680,-19.775390,walking_abha_new
1771603846.7985625,0.618042,-0.976685,-0.150879,-21.362300,53.039540,-32.531740,walking_abha_new
1771603846.8175807,0.576904,-0.683838,-0.132813,-19.653320,67.077640,-54.321280,walking_abha_new
1771603846.834372,0.635864,-0.653564,-0.165772,-1.464844,62.499990,-83.740220,walking_abha_new
1771603846.8540711,0.712036,-0.803101,-0.191040,16.296390,42.663560,-104.309060,walking_abha_new
1771603846.8818333,0.743774,-0.888794,-0.192505,26.794430,2.624511,-108.154280,walking_abha_new
1771603846.8956423,0.726562,-0.937012,-0.162476,31.677240,-41.931140,-103.454560,walking_abha_new
1771603846.9172175,0.631958,-0.953247,-0.134033,32.348640,-68.298340,-94.787580,walking_abha_new
1771603846.931503,0.499268,-0.870484,-0.141235,29.663080,-72.082540,-86.914040,walking_abha_new
1771603846.951046,0.386719,-0.695068,-0.199707,25.268550,-64.086940,-78.979500,walking_abha_new
1771603846.971971,0.345093,-0.614868,-0.202393,19.714360,-62.744130,-73.974620,walking_abha_new
1771603846.9952662,0.324951,-0.574219,-0.179565,13.183590,-44.311520,-67.749040,walking_abha_new
1771603847.015095,0.305786,-0.540283,-0.175171,8.483890,-33.020020,-62.438960,walking_abha_new
1771603847.0347886,0.316895,-0.560791,-0.139404,6.713866,-28.137200,-59.875480,walking_abha_new
1771603847.0558438,0.343506,-0.626343,-0.124756,0.732422,-25.817870,-53.649900,walking_abha_new
1771603847.0755706,0.351807,-0.688232,-0.136719,-5.065916,-21.179192,-45.288080,walking_abha_new
1771603847.0958686,0.342651,-0.744629,-0.138062,-12.084960,-17.578130,-37.170420,walking_abha_new
1771603847.1151066,0.343994,-0.773682,-0.126587,-17.333990,-4.150392,-33.020020,walking_abha_new
1771603847.18625,0.497192,-0.923462,-0.128784,-25.024410,19.226080,-8.117676,walking_abha_new
1771603847.18625,0.528931,-0.975098,-0.118774,-23.986810,14.160152,3.784179,walking_abha_new
1771603847.1993139,0.502808,-0.983643,-0.115234,-21.728510,10.314940,14.709470,walking_abha_new
1771603847.216026,0.513062,-1.031494,-0.115845,-18.066410,7.629394,27.954100,walking_abha_new
1771603847.2360125,0.586792,-1.211670,-0.103760,-11.169430,1.953124,44.189440,walking_abha_new
1771603847.2542605,0.591187,-1.321534,-0.070068,-4.394532,-0.854492,61.950680,walking_abha_new
1771603847.2709723,0.505737,-1.127564,-0.069336,-2.929687,7.507323,78.796400,walking_abha_new
1771603847.292695,0.418091,-0.796631,-0.155029,-0.854492,16.418460,93.444800,walking_abha_new
1771603847.3148446,0.422730,-0.616699,-0.253662,7.507323,18.615724,99.365220,walking_abha_new
1771603847.3362155,0.508911,-0.723145,-0.302246,27.832030,-3.234863,84.472640,walking_abha_new
1771603847.3541536,0.489502,-0.811035,-0.299805,37.353520,-18.371584,68.115240,walking_abha_new
1771603847.3790917,0.527710,-0.874268,-0.296021,41.442860,-18.615724,62.316880,walking_abha_new
1771603847.3931875,0.543701,-0.863892,-0.301514,38.208020,-36.987310,57.006820,walking_abha_new
1771603847.4168434,0.473022,-0.809204,-0.311279,36.499030,-40.649400,45.532220,walking_abha_new
1771603847.432894,0.348511,-0.749024,-0.312378,30.822750,-24.475090,39.245610,walking_abha_new
1771603847.4514482,0.302734,-0.684448,-0.328980,18.798830,4.638672,38.757330,walking_abha_new
1771603847.4734592,0.388428,-0.622803,-0.338989,11.291500,21.484370,34.545900,walking_abha_new
1771603847.492869,0.455566,-0.608154,-0.311157,9.399414,21.911620,26.855464,walking_abha_new
1771603847.5160291,0.475464,-0.650024,-0.290161,0.427246,16.052250,34.912120,walking_abha_new
1771603847.534719,0.504883,-0.653564,-0.315552,-3.112792,13.122556,33.264160,walking_abha_new
1771603847.5554557,0.542480,-0.678101,-0.313355,-4.821778,12.512204,30.822750,walking_abha_new
1771603847.5699174,0.564697,-0.712402,-0.302734,-7.446288,14.160152,32.775880,walking_abha_new
1771603847.597481,0.611938,-0.703858,-0.297730,-9.643556,11.291500,30.517570,walking_abha_new
1771603847.613807,0.630615,-0.683594,-0.286377,-8.483890,2.868652,29.907220,walking_abha_new
1771603847.6577036,0.693726,-0.804444,-0.313843,-6.530760,-5.310058,20.568840,walking_abha_new
1771603847.6747289,0.704346,-0.905640,-0.305176,-6.225584,-8.728030,17.761230,walking_abha_new
1771603847.7267885,0.679444,-1.000610,-0.275024,-10.070800,-1.342773,16.296390,walking_abha_new
1771603847.7267885,0.703736,-1.200318,-0.263184,-12.939450,17.028810,11.169430,walking_abha_new
1771603847.739354,0.768799,-1.332032,-0.276001,-14.953610,24.475090,8.117676,walking_abha_new
1771603847.7499502,0.735840,-1.164795,-0.264771,-16.479492,27.526850,-3.173828,walking_abha_new
1771603847.7710123,0.609741,-0.902222,-0.189209,-16.296390,35.705570,-14.587400,walking_abha_new
1771603847.791475,0.541626,-0.738648,-0.147461,-13.610836,42.236320,-25.695796,walking_abha_new
1771603847.8136275,0.625977,-0.762818,-0.179565,-2.685546,28.198240,-41.015620,walking_abha_new
1771603847.834357,0.708130,-0.864502,-0.194946,7.873534,-4.882814,-56.335440,walking_abha_new
1771603847.854,0.702881,-0.938354,-0.170288,13.122556,-41.076650,-62.438960,walking_abha_new
1771603847.8768091,0.624146,-1.007568,-0.138672,13.488768,-58.959950,-62.194820,walking_abha_new
1771603847.8959856,0.495361,-0.989258,-0.141480,7.934570,-51.940910,-65.002440,walking_abha_new
1771603847.9172616,0.419434,-0.874146,-0.176392,6.713866,-37.597660,-68.481460,walking_abha_new
1771603847.9323187,0.385132,-0.764160,-0.219360,6.408690,-25.634760,-74.646000,walking_abha_new
1771603847.954218,0.369385,-0.668823,-0.237915,7.873534,-19.897460,-78.125000,walking_abha_new
1771603847.9729083,0.332886,-0.624756,-0.233765,4.821778,-27.465816,-78.979500,walking_abha_new
1771603847.9931257,0.334839,-0.576782,-0.209839,1.647949,-19.470220,-77.148440,walking_abha_new
1771603848.0166452,0.326050,-0.568726,-0.174683,0.671386,-16.052250,-77.880860,walking_abha_new
1771603848.0348337,0.325440,-0.609253,-0.145386,-1.281738,-15.136716,-77.331540,walking_abha_new
1771603848.055845,0.333374,-0.658936,-0.156372,-3.540038,-15.869140,-71.411140,walking_abha_new
1771603848.0798805,0.363648,-0.733521,-0.182129,-5.737304,-16.479492,-63.659660,walking_abha_new
1771603848.0954177,0.378906,-0.816040,-0.190796,-13.671872,-11.230468,-49.560540,walking_abha_new
1771603848.1113915,0.369507,-0.849610,-0.165772,-18.737796,-0.427246,-38.574220,walking_abha_new
1771603848.132967,0.395752,-0.906860,-0.153687,-22.460930,11.535644,-25.939940,walking_abha_new
1771603848.1590965,0.442383,-0.940796,-0.146606,-23.803708,17.883300,-12.023924,walking_abha_new
1771603848.1867447,0.459595,-0.937622,-0.148804,-21.545408,17.150880,2.685546,walking_abha_new
1771603848.195471,0.486206,-0.944458,-0.155640,-16.784670,11.901852,18.371584,walking_abha_new
1771603848.2146778,0.562378,-1.082032,-0.159790,-8.728030,0.061035,36.010750,walking_abha_new
1771603848.2366626,0.574097,-1.183472,-0.145142,-2.929687,-11.840818,53.710930,walking_abha_new
1771603848.249894,0.444092,-1.064698,-0.143555,0.000000,-12.817380,72.265640,walking_abha_new
1771603848.272095,0.284180,-0.734986,-0.200684,1.647949,3.112792,96.984840,walking_abha_new
1771603848.29189,0.341064,-0.699707,-0.242310,10.864256,7.324218,99.792460,walking_abha_new
1771603848.3155909,0.409180,-0.818970,-0.244141,21.972650,4.638672,88.012680,walking_abha_new
1771603848.3334165,0.316406,-0.892212,-0.221802,29.724120,-11.413570,75.988780,walking_abha_new
1771603848.3551576,0.343384,-0.952759,-0.228638,32.470710,-12.023924,69.641120,walking_abha_new
1771603848.3757322,0.436768,-0.990967,-0.265503,34.545900,-15.319820,66.040040,walking_abha_new
1771603848.3920124,0.417847,-0.930908,-0.300659,34.973150,-23.803708,60.913080,walking_abha_new
1771603848.4161685,0.353272,-0.818115,-0.309814,33.935560,-24.169920,60.302720,walking_abha_new
1771603848.436871,0.310791,-0.745606,-0.310669,29.663080,-13.244628,62.316880,walking_abha_new
1771603848.456311,0.302246,-0.698853,-0.309692,25.512690,1.281738,61.462400,walking_abha_new
1771603848.4725394,0.391602,-0.711548,-0.271118,19.104010,14.038084,56.579580,walking_abha_new
1771603848.494396,0.431885,-0.717041,-0.265381,14.282224,12.939450,60.058580,walking_abha_new
1771603848.5139983,0.437988,-0.723022,-0.272705,9.155274,15.319820,59.875480,walking_abha_new
1771603848.5418816,0.469971,-0.733643,-0.282593,4.516602,19.714360,55.847160,walking_abha_new
1771603848.5555012,0.530762,-0.748291,-0.301025,2.197266,22.949216,51.208480,walking_abha_new
1771603848.5764065,0.574341,-0.757568,-0.317871,-0.915527,23.620600,49.743640,walking_abha_new
1771603848.5920303,0.609619,-0.729492,-0.330933,-2.746581,19.836430,46.630850,walking_abha_new
1771603848.6324046,0.647461,-0.718506,-0.348755,-1.892090,10.864256,40.893540,walking_abha_new
1771603848.6324046,0.684082,-0.773316,-0.368530,0.305176,-0.427246,31.372068,walking_abha_new
1771603848.659114,0.728516,-0.916748,-0.364380,1.892090,-15.136716,10.681150,walking_abha_new
1771603848.6749067,0.695190,-1.032471,-0.321045,-1.281738,-14.709470,6.225584,walking_abha_new
1771603848.7051606,0.683106,-1.141114,-0.317871,-3.723144,-6.896972,-0.122070,walking_abha_new
1771603848.7223287,0.749268,-1.369996,-0.352417,-7.263182,5.676268,-3.662109,walking_abha_new
1771603848.7361705,0.734741,-1.390137,-0.366333,-16.479492,22.521970,-14.160152,walking_abha_new
1771603848.7639313,0.661133,-1.166016,-0.317139,-20.690910,39.489750,-31.433100,walking_abha_new
1771603848.774315,0.579102,-0.899780,-0.231201,-24.658200,50.720200,-40.710440,walking_abha_new
1771603848.7918875,0.563477,-0.769531,-0.233276,-15.930172,46.569820,-58.349600,walking_abha_new
1771603848.8160708,0.619019,-0.826538,-0.259888,-6.042480,28.259270,-79.650900,walking_abha_new
1771603848.8339977,0.679321,-0.888428,-0.256348,0.854492,-6.652830,-92.956520,walking_abha_new
1771603848.854328,0.646851,-0.997803,-0.194336,5.493162,-55.725090,-100.524880,walking_abha_new
1771603848.8751218,0.514282,-1.032227,-0.173950,2.136231,-65.246600,-101.684560,walking_abha_new
1771603848.8904164,0.391724,-0.974732,-0.184326,-3.784179,-60.791000,-103.393540,walking_abha_new
1771603848.9159243,0.303711,-0.865845,-0.216675,-5.371092,-44.250480,-106.384260,walking_abha_new
1771603848.930923,0.261230,-0.774536,-0.228394,-8.483890,-32.653820,-110.351540,walking_abha_new
1771603848.9587572,0.218506,-0.727295,-0.209351,-13.000484,-16.601568,-109.130840,walking_abha_new
1771603848.9727771,0.240845,-0.696655,-0.203369,-16.418460,-0.854492,-102.050760,walking_abha_new
1771603848.9932075,0.282471,-0.674438,-0.155884,-22.644040,14.099120,-99.731440,walking_abha_new
1771603849.015295,0.276001,-0.671631,-0.119995,-25.268550,17.944340,-92.956520,walking_abha_new
1771603849.034909,0.269043,-0.655518,-0.114136,-26.916500,15.991210,-76.232920,walking_abha_new
1771603849.0550659,0.297608,-0.703369,-0.135254,-26.123040,13.000484,-65.124520,walking_abha_new
1771603849.0709596,0.325562,-0.782471,-0.157471,-29.357908,15.624996,-51.452620,walking_abha_new
1771603849.0903866,0.336670,-0.876343,-0.159668,-25.512690,13.122556,-37.231450,walking_abha_new
1771603849.1185877,0.346191,-0.939209,-0.156250,-26.855464,17.822270,-20.019532,walking_abha_new
1771603849.131389,0.346436,-0.953613,-0.135864,-26.428220,20.324700,-1.525878,walking_abha_new
1771603849.1537662,0.368408,-0.938110,-0.114502,-22.277830,20.629880,16.113284,walking_abha_new
1771603849.1736493,0.430664,-1.048218,-0.118530,-14.465330,14.282224,33.203130,walking_abha_new
1771603849.194588,0.522949,-1.288940,-0.085083,-4.943848,4.577638,53.222640,walking_abha_new
1771603849.2353203,0.535400,-1.358887,-0.045044,1.159668,0.610352,74.646000,walking_abha_new
1771603849.2353203,0.431519,-0.893677,-0.152588,4.821778,10.070800,104.980440,walking_abha_new
1771603849.2557476,0.407715,-0.665161,-0.268433,10.864256,10.437010,116.149880,walking_abha_new
1771603849.2704701,0.455078,-0.679688,-0.317993,25.024410,-3.906249,110.595680,walking_abha_new
1771603849.2920585,0.475464,-0.835205,-0.306763,37.048340,-18.249516,96.801740,walking_abha_new
1771603849.3129356,0.416870,-0.916870,-0.308350,40.649400,-32.226570,87.341300,walking_abha_new
1771603849.333876,0.469482,-0.953247,-0.313110,40.222160,-30.456540,82.641580,walking_abha_new
1771603849.354624,0.465332,-0.929932,-0.330322,36.376960,-33.325200,77.819840,walking_abha_new
1771603849.380268,0.350952,-0.848633,-0.343018,30.761716,-25.451652,71.289060,walking_abha_new
1771603849.3910787,0.237671,-0.753418,-0.342774,20.996090,-1.525878,69.396980,walking_abha_new
1771603849.416024,0.308228,-0.674927,-0.335205,4.821778,39.367680,66.894540,walking_abha_new
1771603849.4342089,0.395020,-0.632568,-0.329224,-0.854492,43.884270,66.345240,walking_abha_new
1771603849.4543655,0.458862,-0.645142,-0.305786,-3.295898,37.048340,60.119620,walking_abha_new
1771603849.4958196,0.487305,-0.688599,-0.285400,-7.263182,28.564450,57.739250,walking_abha_new
1771603849.4958196,0.515015,-0.737671,-0.285156,-9.155274,23.803708,54.138180,walking_abha_new
1771603849.5132656,0.573242,-0.787476,-0.294312,-10.375976,20.324700,50.415030,walking_abha_new
1771603849.5361967,0.609741,-0.814820,-0.302124,-9.887696,17.578130,46.691880,walking_abha_new
1771603849.5676792,0.609497,-0.818848,-0.309326,-11.047360,17.456060,43.151840,walking_abha_new
1771603849.5676792,0.622070,-0.798950,-0.310059,-12.451170,17.333990,39.611820,walking_abha_new
1771603849.5913525,0.645020,-0.817383,-0.305542,-12.634276,17.089850,33.447270,walking_abha_new
1771603849.6113074,0.673096,-0.896729,-0.283569,-11.962890,20.751950,19.165040,walking_abha_new
1771603849.6389422,0.693726,-0.955078,-0.271240,-13.122556,22.155760,12.695310,walking_abha_new
1771603849.6599214,0.725342,-1.086304,-0.255737,-9.765626,20.324700,8.056642,walking_abha_new
1771603849.6751966,0.767334,-1.291138,-0.275879,-9.399414,22.338860,2.868652,walking_abha_new
1771603849.6945865,0.753540,-1.256226,-0.300293,-13.488768,28.320310,-10.437010,walking_abha_new
1771603849.7155876,0.587769,-0.985962,-0.249756,-16.845708,42.480460,-25.939940,walking_abha_new
1771603849.7370062,0.585449,-0.822754,-0.171021,-17.028810,51.513660,-36.071780,walking_abha_new
1771603849.7547095,0.617188,-0.813843,-0.181519,-7.873534,43.579090,-51.269520,walking_abha_new
1771603849.777219,0.686768,-0.881104,-0.202393,1.037598,19.897460,-67.993180,walking_abha_new
1771603849.79221,0.707031,-1.007568,-0.164673,11.108396,-33.386240,-79.589840,walking_abha_new
1771603849.8146396,0.635864,-1.050904,-0.152710,13.610836,-52.734360,-82.824700,walking_abha_new
1771603849.8336096,0.551270,-1.006470,-0.173828,9.460450,-59.753410,-87.341300,walking_abha_new
1771603849.8570716,0.425903,-0.891602,-0.207886,9.338380,-50.231920,-92.102040,walking_abha_new
1771603849.8750005,0.329712,-0.777466,-0.242432,7.446288,-34.790040,-97.167960,walking_abha_new
1771603849.889473,0.299438,-0.681274,-0.254761,4.638672,-25.573724,-99.731440,walking_abha_new
1771603849.9168258,0.303223,-0.623657,-0.235596,1.098633,-21.911620,-101.501440,walking_abha_new
1771603849.9333746,0.279541,-0.612305,-0.198120,-1.098633,-18.615724,-99.548320,walking_abha_new
1771603849.9511259,0.263916,-0.631470,-0.173950,-4.211426,-14.343260,-97.290020,walking_abha_new
1771603849.9748228,0.302124,-0.683228,-0.158814,-7.507323,-13.000484,-93.505840,walking_abha_new
1771603849.9931903,0.296509,-0.781006,-0.149292,-13.549804,-14.160152,-78.247080,walking_abha_new
1771603850.0165231,0.291016,-0.838623,-0.154907,-18.737796,-8.850100,-65.063500,walking_abha_new
1771603850.0353837,0.291382,-0.874512,-0.170898,-22.644040,-0.183105,-51.452620,walking_abha_new
1771603850.0879633,0.344482,-0.943970,-0.175415,-24.597160,10.498044,-37.109380,walking_abha_new
1771603850.0879633,0.383667,-1.003052,-0.159790,-24.047850,12.695310,-21.179192,walking_abha_new
1771603850.0879633,0.373169,-0.980835,-0.143677,-21.728510,11.230468,-5.493162,walking_abha_new
1771603850.1024454,0.401733,-0.986084,-0.156860,-17.822270,7.507323,9.033204,walking_abha_new
1771603850.1388266,0.465332,-1.156128,-0.130981,-10.437010,6.408690,23.925780,walking_abha_new
1771603850.1549768,0.496094,-1.337402,-0.067993,-5.187988,-3.356933,38.940440,walking_abha_new
1771603850.1746018,0.440796,-1.071167,-0.085693,-4.089356,11.718748,62.561020,walking_abha_new
1771603850.1972616,0.391480,-0.806885,-0.172974,-0.366211,22.705070,73.730480,walking_abha_new
1771603850.2157748,0.404785,-0.711060,-0.262817,6.835936,27.160640,73.120140,walking_abha_new
1771603850.2353613,0.412720,-0.762085,-0.298340,18.859868,18.432620,62.499990,walking_abha_new
1771603850.2540357,0.407349,-0.822510,-0.319580,25.939940,11.047360,50.048820,walking_abha_new
1771603850.271641,0.461548,-0.834106,-0.336426,28.259270,8.239746,43.701160,walking_abha_new
1771603850.2991614,0.515381,-0.805298,-0.334351,31.738280,0.488281,41.870110,walking_abha_new
1771603850.3129735,0.472656,-0.744141,-0.327148,28.564450,-18.432620,40.039070,walking_abha_new
1771603850.327503,0.367920,-0.667603,-0.328491,21.667476,-21.728510,41.198720,walking_abha_new
1771603850.355264,0.282349,-0.595215,-0.330811,10.498044,-7.873534,46.020500,walking_abha_new
1771603850.3754365,0.305054,-0.576538,-0.308106,-3.845214,25.573724,49.316400,walking_abha_new
1771603850.3951612,0.407715,-0.620117,-0.290283,-8.056642,33.142100,46.691880,walking_abha_new
1771603850.4115696,0.491699,-0.668823,-0.277222,-8.239746,30.395500,41.564930,walking_abha_new
1771603850.430754,0.546143,-0.742676,-0.268311,-10.253904,25.573724,48.889150,walking_abha_new
1771603850.4577055,0.568237,-0.767334,-0.284058,-13.793944,23.315424,56.518540,walking_abha_new
1771603850.4722302,0.614014,-0.758057,-0.296265,-13.183590,20.385740,55.847160,walking_abha_new
1771603850.4934356,0.648071,-0.744629,-0.301880,-11.169430,13.305660,55.175770,walking_abha_new
1771603850.5708206,0.668701,-0.771729,-0.297241,-5.859374,-2.319336,51.208480,walking_abha_new
1771603850.5758727,0.716431,-0.885376,-0.270020,-5.249022,-6.042480,43.151840,walking_abha_new
1771603850.5768814,0.723755,-0.968506,-0.242920,-7.324218,-3.479003,41.809080,walking_abha_new
1771603850.5915208,0.725708,-1.088868,-0.222290,-6.164550,2.319336,34.790040,walking_abha_new
1771603850.6136737,0.823730,-1.348144,-0.240356,-1.464844,3.234863,22.583000,walking_abha_new
1771603850.6369605,0.826416,-1.435669,-0.279053,-2.014160,9.033204,12.817380,walking_abha_new
1771603850.6536384,0.704712,-1.114136,-0.285522,-5.798338,23.986810,-1.525878,walking_abha_new
1771603850.6736054,0.588135,-0.792236,-0.205933,-6.896972,36.071780,-13.916012,walking_abha_new
1771603850.7266245,0.568115,-0.699097,-0.179688,2.563476,35.644540,-31.616208,walking_abha_new
1771603850.7266245,0.654419,-0.785156,-0.196045,15.624996,17.700200,-54.626460,walking_abha_new
1771603850.7414432,0.708740,-0.861572,-0.216431,23.620600,-14.770504,-68.725600,walking_abha_new
1771603850.7507956,0.682739,-0.905884,-0.206665,26.245110,-61.706540,-69.396980,walking_abha_new
1771603850.7723594,0.595337,-0.904663,-0.199951,21.911620,-71.960460,-68.481460,walking_abha_new
1771603850.7933064,0.464722,-0.831055,-0.207397,16.235352,-65.856940,-67.321800,walking_abha_new
1771603850.8149362,0.338135,-0.713867,-0.240479,12.573240,-50.292960,-68.542500,walking_abha_new
1771603850.8344762,0.334229,-0.622192,-0.277100,7.629394,-37.353520,-69.458020,walking_abha_new
1771603850.8543308,0.341431,-0.567627,-0.288452,4.516602,-32.104500,-70.800800,walking_abha_new
1771603850.8750474,0.310913,-0.532349,-0.256836,0.366211,-43.273920,-73.303240,walking_abha_new
1771603850.8948863,0.286865,-0.541992,-0.196289,-3.173828,-36.865240,-72.021500,walking_abha_new
1771603850.9133472,0.290161,-0.591797,-0.159302,-7.568358,-31.311030,-67.932140,walking_abha_new
1771603850.9354389,0.353882,-0.749512,-0.183105,-13.854978,-25.634760,-60.729970,walking_abha_new
1771603850.955636,0.359985,-0.861572,-0.186401,-20.507810,-20.141600,-48.767080,walking_abha_new
1771603850.9726515,0.324707,-0.925049,-0.172974,-30.090330,-12.817380,-35.339360,walking_abha_new
1771603850.9951975,0.322876,-0.984375,-0.156494,-38.330080,6.835936,-23.559568,walking_abha_new
1771603851.0152247,0.351074,-1.052612,-0.135620,-43.151840,28.137200,-12.451170,walking_abha_new
1771603851.03498,0.367920,-1.063599,-0.094971,-41.931140,41.503900,-4.699708,walking_abha_new
1771603851.0512865,0.351318,-1.026612,-0.082642,-34.240730,46.569820,0.549316,walking_abha_new
1771603851.0757158,0.360474,-1.084595,-0.131958,-26.550290,42.480460,7.690428,walking_abha_new
1771603851.092188,0.405518,-1.289795,-0.082520,-13.793944,30.944820,18.249516,walking_abha_new
1771603851.1128523,0.429932,-1.381714,0.008423,-4.211426,25.878900,28.869624,walking_abha_new
1771603851.1351657,0.376099,-0.931519,-0.102417,-2.563476,29.296870,59.265120,walking_abha_new
1771603851.1558661,0.316040,-0.716553,-0.206543,4.699708,23.925780,76.477060,walking_abha_new
1771603851.174866,0.268799,-0.703980,-0.232666,18.249516,13.732908,76.538100,walking_abha_new
1771603851.1962273,0.265625,-0.805298,-0.251953,29.296870,9.277344,70.739760,walking_abha_new
1771603851.2165465,0.318115,-0.879272,-0.295898,34.179700,11.596676,66.528340,walking_abha_new
1771603851.2364907,0.456055,-0.913086,-0.320679,39.306640,6.713866,67.199720,walking_abha_new
1771603851.2512505,0.539185,-0.912110,-0.326050,41.015620,-17.395020,68.908700,walking_abha_new
1771603851.2712488,0.495606,-0.830933,-0.326416,42.297360,-36.071780,69.885260,walking_abha_new
1771603851.2916508,0.393677,-0.727905,-0.337158,38.330080,-38.513190,72.570800,walking_abha_new
1771603851.3170958,0.359497,-0.613770,-0.356690,28.747552,-22.827140,72.448740,walking_abha_new
1771603851.334372,0.388794,-0.595825,-0.339478,24.291990,-15.319820,66.833500,walking_abha_new
1771603851.3545763,0.390991,-0.623779,-0.316040,18.676760,-8.789064,59.753410,walking_abha_new
1771603851.3820114,0.448730,-0.686402,-0.312866,12.390136,0.244141,49.743640,walking_abha_new
1771603851.395934,0.529419,-0.763428,-0.325440,4.638672,6.469726,53.222640,walking_abha_new
1771603851.4160802,0.592774,-0.785522,-0.355835,0.793457,8.178714,50.109860,walking_abha_new
1771603851.4438236,0.639893,-0.812500,-0.374268,0.427246,5.554198,39.794920,walking_abha_new
1771603851.6289554,0.632812,-0.794068,-0.367920,-1.220704,3.173828,28.747552,walking_abha_new
1771603851.6289554,0.612427,-0.768555,-0.349121,-2.929687,4.760742,18.859868,walking_abha_new
1771603851.6289554,0.621338,-0.814209,-0.338623,-5.737304,8.666994,7.995604,walking_abha_new
1771603851.6289554,0.666382,-0.946778,-0.326050,-11.535644,7.812498,-2.929687,walking_abha_new
1771603851.6289554,0.666626,-1.009522,-0.323975,-13.305660,9.338380,-20.935052,walking_abha_new
1771603851.6289554,0.637085,-1.108398,-0.276978,-13.122556,16.174320,-28.686520,walking_abha_new
1771603851.6289554,0.625732,-1.289551,-0.261597,-18.066410,30.517570,-18.859868,walking_abha_new
1771603851.6289554,0.722412,-1.290528,-0.297485,-23.559568,46.325680,-29.541010,walking_abha_new
1771603851.7246513,0.703736,-1.085328,-0.311401,-22.766110,54.321280,-43.884270,walking_abha_new
1771603851.7246513,0.602661,-0.862427,-0.252441,-24.536130,59.265120,-48.950180,walking_abha_new
1771603851.7246513,0.538818,-0.755005,-0.213013,-20.263670,60.058580,-55.480940,walking_abha_new
1771603851.7246513,0.591064,-0.787964,-0.238037,-14.099120,49.133290,-63.293440,walking_abha_new
1771603851.7246513,0.599610,-0.873291,-0.230713,-6.408690,7.080076,-68.420420,walking_abha_new
1771603851.7246513,0.606079,-0.954468,-0.187866,-3.784179,-18.188480,-65.673840,walking_abha_new
1771603851.7246513,0.578247,-1.018921,-0.174194,-3.051757,-28.930660,-60.974110,walking_abha_new
1771603851.7574334,0.486328,-0.968140,-0.188965,-5.187988,-28.808590,-58.227530,walking_abha_new
1771603851.7637982,0.392090,-0.813354,-0.213379,-3.234863,-29.541010,-55.969230,walking_abha_new
1771603851.7928119,0.354370,-0.684814,-0.240845,-0.427246,-33.142100,-57.434080,walking_abha_new
1771603851.8126876,0.337524,-0.611572,-0.260986,0.000000,-38.452160,-60.974110,walking_abha_new
1771603851.8272283,0.323486,-0.588867,-0.239502,0.854492,-44.372550,-62.438960,walking_abha_new
1771603851.854677,0.258911,-0.602905,-0.188355,-2.380371,-46.997060,-62.377920,walking_abha_new
1771603851.875101,0.229492,-0.629028,-0.150024,-9.521484,-38.024910,-60.058580,walking_abha_new
1771603851.8952758,0.222046,-0.710205,-0.131592,-20.690910,-16.052250,-56.701650,walking_abha_new
1771603851.9170272,0.227051,-0.777710,-0.138428,-26.672360,-1.647949,-53.100580,walking_abha_new
1771603851.930628,0.247314,-0.837280,-0.129761,-31.494136,13.000484,-49.011220,walking_abha_new
1771603851.953862,0.255982,-0.862305,-0.119263,-32.409680,25.573724,-46.447740,walking_abha_new
1771603851.9723485,0.284424,-0.916260,-0.111206,-30.029290,33.630380,-40.161120,walking_abha_new
1771603851.99542,0.333862,-0.969482,-0.093994,-25.146480,40.771480,-28.015130,walking_abha_new
1771603852.0134966,0.339600,-0.980835,-0.079712,-17.578130,37.963880,-13.427732,walking_abha_new
1771603852.034901,0.385498,-1.046631,-0.093628,-9.338380,29.846190,5.432128,walking_abha_new
1771603852.0512843,0.516724,-1.267822,-0.089355,0.122070,14.526364,28.564450,walking_abha_new
1771603852.0749445,0.630860,-1.397705,-0.007813,10.314940,-4.333496,67.016600,walking_abha_new
1771603852.097116,0.537842,-1.022461,-0.054199,13.916012,-6.286620,90.576160,walking_abha_new
1771603852.117183,0.452393,-0.708130,-0.163818,20.446770,-7.568358,105.468720,walking_abha_new
1771603852.1322038,0.434326,-0.568237,-0.264893,33.447270,-14.404296,100.036600,walking_abha_new
1771603852.154002,0.425659,-0.666504,-0.287842,48.400870,-33.630380,81.726060,walking_abha_new
1771603852.1737704,0.391358,-0.814820,-0.292847,56.701650,-38.452160,55.175770,walking_abha_new
1771603852.1984906,0.432373,-0.908203,-0.320068,54.504380,-20.385740,44.311520,walking_abha_new
1771603852.2150817,0.465088,-0.913940,-0.366089,49.194320,-16.540530,42.114250,walking_abha_new
1771603852.2353675,0.463745,-0.870972,-0.386353,43.273920,-13.610836,34.484870,walking_abha_new
1771603852.2504952,0.394165,-0.760864,-0.411865,38.146980,-7.263182,29.663080,walking_abha_new
1771603852.2720535,0.398438,-0.615601,-0.465454,25.024410,4.455568,34.362800,walking_abha_new
1771603852.2922616,0.429932,-0.565674,-0.457764,20.507810,3.173828,33.325200,walking_abha_new
1771603852.3129864,0.457764,-0.613526,-0.421875,17.150880,-4.516602,32.897960,walking_abha_new
1771603852.3347435,0.459717,-0.665161,-0.414673,8.483890,-10.375976,37.963880,walking_abha_new
1771603852.3546689,0.467774,-0.684082,-0.412476,0.976562,-11.535644,40.832510,walking_abha_new
1771603852.3813636,0.509522,-0.708130,-0.401245,-6.225584,-7.934570,43.762200,walking_abha_new
1771603852.3954778,0.574219,-0.730103,-0.382446,-12.634276,-3.784179,46.813960,walking_abha_new
1771603852.4096029,0.633179,-0.745239,-0.373291,-13.671872,-5.859374,46.264640,walking_abha_new
1771603852.491664,0.654785,-0.780640,-0.374878,-14.343260,-9.887696,39.611820,walking_abha_new
1771603852.4936757,0.674561,-0.882568,-0.347656,-15.380856,-10.559080,26.916500,walking_abha_new
1771603852.4936757,0.667114,-0.975708,-0.306885,-20.141600,-3.784179,25.695796,walking_abha_new
1771603852.4997406,0.683716,-1.010742,-0.285767,-19.775390,4.577638,6.774902,walking_abha_new
1771603852.5757196,0.703247,-1.140259,-0.260010,-16.723632,11.047360,-6.286620,walking_abha_new
1771603852.5757196,0.795166,-1.413208,-0.281982,-14.038084,13.305660,-11.840818,walking_abha_new
1771603852.5799794,0.796387,-1.442871,-0.314209,-18.127448,18.066410,-21.179192,walking_abha_new
1771603852.5799794,0.638794,-1.058838,-0.274414,-21.972650,26.550290,-31.738280,walking_abha_new
1771603852.5910408,0.500366,-0.794312,-0.163818,-23.132320,41.748040,-43.090810,walking_abha_new
1771603852.614659,0.500488,-0.792358,-0.147827,-16.296390,53.344720,-59.143060,walking_abha_new
1771603852.632159,0.623047,-0.913696,-0.172730,-7.568358,40.283200,-75.134300,walking_abha_new
1771603852.654894,0.635620,-0.993286,-0.168701,2.136231,-5.920409,-85.571260,walking_abha_new
1771603852.6742835,0.587036,-0.996216,-0.141968,4.150392,-27.587884,-83.557100,walking_abha_new
1771603852.696622,0.489868,-0.939575,-0.142822,3.356933,-31.372068,-80.932600,walking_abha_new
1771603852.715053,0.384155,-0.812866,-0.159302,0.793457,-23.620600,-79.040540,walking_abha_new
1771603852.7321098,0.302856,-0.665894,-0.198120,-1.708984,-16.052250,-77.636740,walking_abha_new
1771603852.7498975,0.305908,-0.556641,-0.232056,-0.305176,-13.977050,-76.843260,walking_abha_new
1771603852.7713463,0.302612,-0.518433,-0.234497,1.220704,-27.648920,-77.026380,walking_abha_new
1771603852.7917016,0.266113,-0.535767,-0.214355,0.732422,-26.184080,-76.782240,walking_abha_new
1771603852.8193183,0.213379,-0.575073,-0.181030,-2.380371,-22.888180,-75.134300,walking_abha_new
1771603852.8875806,0.244751,-0.688965,-0.148071,-9.033204,-7.507323,-69.458020,walking_abha_new
1771603852.8875806,0.266358,-0.755493,-0.156250,-14.404296,1.892090,-61.645500,walking_abha_new
1771603852.8875806,0.268433,-0.777832,-0.166626,-19.653320,8.972170,-49.865720,walking_abha_new
1771603852.8875806,0.276611,-0.780152,-0.177856,-21.545408,14.160152,-37.353520,walking_abha_new
1771603852.9159434,0.331909,-0.837158,-0.191040,-21.362300,19.531250,-24.414060,walking_abha_new
1771603852.931192,0.400879,-0.926026,-0.177490,-20.324700,20.019532,-9.521484,walking_abha_new
1771603852.9513834,0.424194,-0.951294,-0.157471,-18.310550,15.747068,7.385252,walking_abha_new
1771603852.9740632,0.419067,-0.926636,-0.174805,-14.892576,10.620116,24.719230,walking_abha_new
1771603852.9928098,0.479858,-0.933350,-0.193604,-11.962890,5.493162,42.236320,walking_abha_new
1771603853.016312,0.553955,-1.074341,-0.177734,-6.530760,-0.549316,59.326160,walking_abha_new
1771603853.0346444,0.542114,-1.247925,-0.136108,-3.967285,-5.004884,80.566400,walking_abha_new
1771603853.055943,0.509888,-1.080444,-0.154541,-4.943848,12.817380,91.735820,walking_abha_new
1771603853.07634,0.473633,-0.855835,-0.229126,-3.967285,29.602044,99.243160,walking_abha_new
1771603853.0916705,0.479492,-0.733643,-0.320068,0.183105,35.705570,99.243160,walking_abha_new
1771603853.1114907,0.511963,-0.728272,-0.367310,9.338380,26.611320,86.547840,walking_abha_new
1771603853.141893,0.489746,-0.782227,-0.368286,18.554690,16.296390,69.702160,walking_abha_new
1771603853.1549726,0.503540,-0.840698,-0.366943,22.827140,11.962890,57.861320,walking_abha_new
1771603853.1735468,0.555664,-0.871094,-0.369141,19.470220,1.525878,51.513660,walking_abha_new
1771603853.1958418,0.515991,-0.840332,-0.351318,15.197750,-6.713866,48.278800,walking_abha_new
1771603853.215416,0.325806,-0.712769,-0.309326,0.671386,10.009768,47.607410,walking_abha_new
1771603853.2354803,0.315674,-0.637451,-0.310669,-10.864256,35.705570,47.790520,walking_abha_new
1771603853.2519906,0.420288,-0.603516,-0.298950,-14.160152,48.767080,44.799800,walking_abha_new
1771603853.271073,0.474732,-0.611816,-0.276978,-11.901852,44.311520,39.733900,walking_abha_new
1771603853.2929547,0.535156,-0.650146,-0.249023,-10.864256,36.438000,33.874520,walking_abha_new
1771603853.3355956,0.551636,-0.704834,-0.235352,-14.526364,27.893060,47.058100,walking_abha_new
1771603853.3355956,0.577271,-0.692993,-0.260376,-15.930172,20.629880,46.203600,walking_abha_new
1771603853.3539863,0.654419,-0.715576,-0.278687,-11.779784,5.371092,40.649400,walking_abha_new
1771603853.469146,0.664917,-0.753418,-0.290527,-6.652830,-9.826660,26.611320,walking_abha_new
1771603853.469146,0.721314,-0.864136,-0.297730,-5.432128,-14.160152,20.324700,walking_abha_new
1771603853.469146,0.710205,-0.929444,-0.289307,-5.554198,-14.221190,15.747068,walking_abha_new
1771603853.469146,0.674072,-0.958618,-0.273682,-3.234863,-6.652830,5.310058,walking_abha_new
1771603853.4931445,0.756714,-1.171020,-0.292969,-0.183105,-1.586914,3.601074,walking_abha_new
1771603853.5151038,0.800904,-1.370606,-0.320435,-0.244141,5.676268,0.244141,walking_abha_new
1771603853.5431542,0.769409,-1.221924,-0.333618,-1.220704,8.239746,-17.333990,walking_abha_new
1771603853.5517197,0.611450,-0.918457,-0.250000,-0.976562,15.014646,-29.113768,walking_abha_new
1771603853.5763648,0.515015,-0.720581,-0.187378,-2.075196,28.747552,-40.039070,walking_abha_new
1771603853.5966282,0.638306,-0.751465,-0.219482,15.441892,4.943848,-61.096180,walking_abha_new
1771603853.6479762,0.685547,-0.870972,-0.233032,24.108880,-31.005852,-72.143560,walking_abha_new
1771603853.6479762,0.701538,-0.947632,-0.206543,26.672360,-66.162120,-73.181160,walking_abha_new
1771603853.6549506,0.638184,-0.980347,-0.179077,25.817870,-85.021960,-70.129400,walking_abha_new
1771603853.6736064,0.502686,-0.959595,-0.176880,21.179192,-86.242660,-70.251480,walking_abha_new
1771603853.6946294,0.366211,-0.852417,-0.204712,16.967780,-74.707040,-72.387700,walking_abha_new
1771603853.7145765,0.313599,-0.752686,-0.241699,11.108396,-61.767570,-76.293960,walking_abha_new
1771603853.7310727,0.289795,-0.692871,-0.259888,8.972170,-46.020500,-78.186040,walking_abha_new
1771603853.7559183,0.302246,-0.678589,-0.248291,3.906249,-30.883784,-77.392600,walking_abha_new
1771603853.7709699,0.316040,-0.673096,-0.216309,-0.488281,-23.437492,-75.378440,walking_abha_new
1771603853.7935557,0.328247,-0.705078,-0.166138,-6.469726,-18.371584,-72.082540,walking_abha_new
1771603853.813829,0.326416,-0.742676,-0.167603,-11.230468,-15.991210,-66.528340,walking_abha_new
1771603853.8338,0.298340,-0.791504,-0.182739,-15.808104,-9.765626,-60.241690,walking_abha_new
1771603853.8558326,0.266480,-0.813843,-0.190552,-20.263670,0.000000,-53.771960,walking_abha_new
1771603853.8750472,0.265625,-0.817627,-0.184692,-23.864740,13.000484,-45.776360,walking_abha_new
1771603853.89718,0.327271,-0.853760,-0.185303,-24.536130,23.315424,-36.315920,walking_abha_new
1771603853.916869,0.384399,-0.916748,-0.176025,-23.376460,24.963376,-26.428220,walking_abha_new
1771603853.9689412,0.368530,-0.918701,-0.151611,-19.836430,21.057124,-16.601568,walking_abha_new
1771603853.971509,0.337524,-0.914917,-0.149780,-14.404296,17.333990,-3.479003,walking_abha_new
1771603853.971509,0.499146,-1.159912,-0.154541,-2.441407,7.934570,21.972650,walking_abha_new
1771603853.99512,0.566895,-1.346924,-0.123535,5.004884,-2.197266,39.855960,walking_abha_new
1771603854.014258,0.480591,-1.205322,-0.122192,8.300784,-2.258301,60.119620,walking_abha_new
1771603854.034986,0.399780,-0.905640,-0.199829,12.695310,4.577638,78.552260,walking_abha_new
1771603854.0555518,0.366577,-0.714112,-0.297363,16.662600,8.911134,88.562000,walking_abha_new
1771603854.0708258,0.384888,-0.656494,-0.326782,23.986810,4.394532,85.510240,walking_abha_new
1771603854.0956664,0.387695,-0.728760,-0.315552,33.142100,4.211426,74.523940,walking_abha_new
1771603854.1108806,0.346680,-0.814209,-0.303711,35.766600,-7.873534,63.110340,walking_abha_new
1771603854.1328173,0.410034,-0.879272,-0.300781,33.630380,-5.798338,58.410640,walking_abha_new
1771603854.15279,0.431763,-0.881348,-0.302612,28.686520,-9.887696,56.030260,walking_abha_new
1771603854.1728673,0.333374,-0.805298,-0.306763,19.104010,-1.708984,52.124020,walking_abha_new
1771603854.1960988,0.300781,-0.740723,-0.322144,9.765626,17.272950,54.321280,walking_abha_new
1771603854.215188,0.364868,-0.665650,-0.331909,3.662109,31.921380,50.903310,walking_abha_new
1771603854.2295408,0.464478,-0.651245,-0.314209,3.784179,28.198240,53.649900,walking_abha_new
1771603854.267367,0.509033,-0.680176,-0.309082,4.455568,14.953610,54.077140,walking_abha_new
1771603854.2757864,0.536377,-0.701172,-0.313232,5.737304,1.037598,48.400870,walking_abha_new
1771603854.2994447,0.530396,-0.722046,-0.309814,6.591796,-6.225584,46.081540,walking_abha_new
1771603854.3133926,0.542480,-0.738404,-0.316284,5.432128,-6.103514,44.006340,walking_abha_new
1771603854.3341756,0.584595,-0.728760,-0.323853,6.164550,-7.446288,36.560060,walking_abha_new
1771603854.3554068,0.603516,-0.713135,-0.314697,6.286620,-12.695310,31.433100,walking_abha_new
1771603854.413794,0.629761,-0.726685,-0.317139,5.676268,-17.211920,28.991692,walking_abha_new
1771603854.413794,0.650513,-0.789551,-0.325806,4.821778,-21.362300,23.193352,walking_abha_new
1771603854.413794,0.659790,-0.864868,-0.314453,4.150392,-21.667476,12.512204,walking_abha_new
1771603854.43334,0.662598,-0.983643,-0.287598,1.892090,-16.906740,12.390136,walking_abha_new
1771603854.4507196,0.670654,-1.093018,-0.274048,-1.281738,-5.920409,10.803220,walking_abha_new
1771603854.472319,0.776245,-1.317261,-0.286133,-2.441407,1.525878,9.887696,walking_abha_new
1771603854.493855,0.797119,-1.408570,-0.320190,-6.042480,9.216310,2.563476,walking_abha_new
1771603854.5139077,0.717163,-1.185913,-0.322022,-9.948730,21.850580,-10.314940,walking_abha_new
1771603854.5354328,0.588379,-0.871094,-0.245972,-16.418460,35.827640,-24.536130,walking_abha_new
1771603854.5701194,0.563721,-0.687500,-0.210938,-2.685546,25.573724,-55.419910,walking_abha_new
1771603854.5701194,0.632690,-0.817383,-0.222534,9.521484,6.286620,-82.092260,walking_abha_new
1771603854.596975,0.704102,-0.934814,-0.221069,15.441892,-22.521970,-96.618640,walking_abha_new
1771603854.611097,0.715698,-1.009278,-0.190186,16.174320,-52.307120,-98.999000,walking_abha_new
1771603854.6350224,0.638062,-1.013062,-0.165527,13.488768,-66.223160,-97.045880,walking_abha_new
1771603854.652757,0.517090,-0.956177,-0.168335,6.164550,-62.316880,-94.848600,walking_abha_new
1771603854.6734111,0.412232,-0.842285,-0.181519,-0.793457,-52.368160,-95.764140,walking_abha_new
1771603854.696342,0.367554,-0.743164,-0.206177,-1.831054,-39.123540,-98.388660,walking_abha_new
1771603854.715314,0.380982,-0.676636,-0.213135,-1.831054,-27.709956,-102.905240,walking_abha_new
1771603854.7294896,0.398438,-0.642456,-0.172241,2.807617,-24.658200,-107.727040,walking_abha_new
1771603854.7501802,0.409302,-0.657471,-0.131226,-0.061035,-20.690910,-110.046360,walking_abha_new
1771603854.7709124,0.426270,-0.682739,-0.100830,0.244141,-28.259270,-106.994600,walking_abha_new
1771603854.7940397,0.438843,-0.717285,-0.103149,-2.136231,-35.156260,-104.003900,walking_abha_new
1771603854.812608,0.393799,-0.771118,-0.109619,1.220704,-45.043940,-96.374500,walking_abha_new
1771603854.8351748,0.366455,-0.808960,-0.125610,-5.432128,-40.283200,-84.838860,walking_abha_new
1771603854.8542573,0.346069,-0.849365,-0.125855,-10.864256,-28.442380,-69.885260,walking_abha_new
1771603854.8743885,0.343994,-0.904175,-0.120117,-17.333990,-9.094240,-51.147450,walking_abha_new
1771603854.8961556,0.355713,-0.925293,-0.115967,-23.254390,13.000484,-30.761716,walking_abha_new
1771603854.9099262,0.373535,-0.903076,-0.102417,-26.184080,30.517570,-11.230468,walking_abha_new
1771603854.932265,0.431763,-0.901489,-0.093872,-21.423332,38.574220,18.676760,walking_abha_new
1771603854.9515228,0.478516,-1.018555,-0.070068,-13.366696,33.691410,39.428720,walking_abha_new
1771603854.985413,0.475098,-1.058838,-0.058716,-6.713866,31.372068,60.852040,walking_abha_new
1771603854.9925296,0.446899,-0.943970,-0.092285,-1.831054,32.348640,81.481900,walking_abha_new
1771603855.0132604,0.428589,-0.775635,-0.166992,3.845214,29.357908,96.801740,walking_abha_new
1771603855.0349276,0.432129,-0.695312,-0.217651,14.709470,18.859868,103.393540,walking_abha_new
1771603855.054793,0.443604,-0.740601,-0.232910,27.465816,3.723144,98.083480,walking_abha_new
1771603855.0762148,0.430054,-0.834351,-0.221680,37.292480,-12.329100,90.270980,walking_abha_new
1771603855.0904,0.400635,-0.911865,-0.210327,45.166000,-19.531250,82.946760,walking_abha_new
1771603855.1150417,0.543457,-0.974732,-0.269531,49.438460,-14.404296,83.496060,walking_abha_new
1771603855.1352096,0.553711,-0.920654,-0.335083,49.133290,-36.071780,84.411600,walking_abha_new
1771603855.1527226,0.473389,-0.826660,-0.339111,44.433580,-45.227040,84.533660,walking_abha_new
1771603855.1754763,0.332520,-0.739868,-0.325073,37.475590,-32.775880,83.984360,walking_abha_new
1771603855.1943974,0.268799,-0.694214,-0.308472,28.442380,-5.676268,80.139160,walking_abha_new
1771603855.2145085,0.339966,-0.708618,-0.297974,21.240230,18.554690,69.885260,walking_abha_new
1771603855.229854,0.477173,-0.744751,-0.288330,14.892576,24.169920,67.138680,walking_abha_new
1771603855.2503476,0.522949,-0.751587,-0.309082,8.666994,22.338860,67.749040,walking_abha_new
1771603855.2731571,0.563477,-0.764282,-0.329468,4.821778,17.211920,67.321800,walking_abha_new
1771603855.2909882,0.585327,-0.768799,-0.351929,3.173828,14.465330,63.964840,walking_abha_new
1771603855.3136892,0.629517,-0.786011,-0.391846,0.549316,17.639160,58.044420,walking_abha_new
1771603855.33455,0.659668,-0.752197,-0.403687,-0.793457,14.892576,52.917470,walking_abha_new
1771603855.35442,0.671387,-0.739136,-0.409546,-0.854492,6.530760,46.936020,walking_abha_new
1771603855.3723066,0.708618,-0.778809,-0.420410,-1.220704,-0.732422,31.372068,walking_abha_new
1771603855.3959713,0.752808,-0.899658,-0.406616,-4.028321,-10.009768,31.982420,walking_abha_new
1771603855.4181702,0.720215,-0.943115,-0.381470,-11.657712,-12.939450,25.512690,walking_abha_new
1771603855.4377763,0.695435,-1.043824,-0.332031,-12.756344,-8.422854,11.596676,walking_abha_new
1771603855.4533143,0.742188,-1.280640,-0.330078,-17.150880,1.647949,8.300784,walking_abha_new
1771603855.4725115,0.788818,-1.261108,-0.381348,-25.817870,12.756344,-13.488768,walking_abha_new
1771603855.494889,0.603028,-1.025269,-0.292725,-30.578610,31.677240,-32.409680,walking_abha_new
1771603855.5137384,0.509278,-0.838013,-0.201294,-37.231450,53.833000,-45.654280,walking_abha_new
1771603855.5375013,0.552490,-0.802734,-0.205322,-31.616208,57.312000,-64.392100,walking_abha_new
1771603855.555838,0.625977,-0.883057,-0.218872,-21.362300,47.119130,-88.439920,walking_abha_new
1771603855.57598,0.702271,-0.979736,-0.209595,-15.136716,23.925780,-102.050760,walking_abha_new
1771603855.5914962,0.731323,-1.041016,-0.184082,-11.352536,-6.286620,-106.567360,walking_abha_new
1771603855.6107156,0.689453,-1.056274,-0.158325,-8.666994,-31.860350,-106.628400,walking_abha_new
1771603855.6344006,0.558594,-1.034058,-0.165039,-10.192870,-42.663560,-106.628400,walking_abha_new
1771603855.6569211,0.421631,-0.933960,-0.192383,-16.052250,-41.748040,-108.276360,walking_abha_new
1771603855.6799982,0.316162,-0.771118,-0.220459,-18.005376,-27.343748,-111.877420,walking_abha_new
1771603855.6960537,0.289063,-0.710694,-0.239380,-19.653320,-6.469726,-111.145000,walking_abha_new
1771603855.7152398,0.297119,-0.680420,-0.200806,-22.827140,5.615234,-112.854000,walking_abha_new
1771603855.7354684,0.277344,-0.679932,-0.170288,-22.521970,11.657712,-113.647440,walking_abha_new
1771603855.7532575,0.278442,-0.703858,-0.139404,-23.010250,14.831540,-110.168440,walking_abha_new
1771603855.7771485,0.307251,-0.725708,-0.140869,-22.521970,14.099120,-104.248040,walking_abha_new
1771603855.7927485,0.304932,-0.750977,-0.152710,-22.766110,10.742184,-93.994120,walking_abha_new
1771603855.8161373,0.309570,-0.756958,-0.158325,-26.428220,13.000484,-80.688460,walking_abha_new
1771603855.836182,0.284302,-0.758179,-0.161987,-22.705070,13.488768,-66.223160,walking_abha_new
1771603855.8561604,0.324951,-0.809692,-0.155518,-22.094720,24.108880,-38.757330,walking_abha_new
1771603855.8748767,0.365479,-0.817871,-0.144043,-19.409180,24.047850,-18.432620,walking_abha_new
1771603855.8967423,0.397705,-0.798340,-0.144287,-13.854978,17.395020,0.976562,walking_abha_new
1771603855.9167566,0.449219,-0.831909,-0.143433,-6.835936,7.934570,22.460930,walking_abha_new
1771603855.9352548,0.542969,-0.996460,-0.138062,1.831054,-5.310058,47.363270,walking_abha_new
1771603855.9555364,0.619263,-1.150269,-0.151001,6.042480,-11.718748,73.791520,walking_abha_new
1771603855.9763103,0.564820,-1.029297,-0.181274,3.906249,-6.042480,99.304180,walking_abha_new
1771603855.9960375,0.496704,-0.807617,-0.190918,-0.366211,2.441407,118.591300,walking_abha_new
1771603856.013925,0.465332,-0.682495,-0.204834,0.000000,15.869140,128.784200,walking_abha_new
1771603856.0357122,0.443359,-0.708130,-0.238525,7.263182,24.414060,125.366200,walking_abha_new
1771603856.0554464,0.567505,-0.864258,-0.274292,20.935052,19.042970,103.210440,walking_abha_new
1771603856.076444,0.666626,-0.916748,-0.290161,31.677240,0.976562,89.355460,walking_abha_new
1771603856.0948596,0.720459,-0.889160,-0.344971,41.564930,-29.235832,76.965340,walking_abha_new
1771603856.111929,0.597290,-0.818482,-0.368774,46.325680,-57.006820,66.162120,walking_abha_new
1771603856.1322393,0.409058,-0.738159,-0.333496,44.189440,-59.265120,57.800280,walking_abha_new
1771603856.15463,0.276489,-0.680664,-0.310547,37.658700,-37.170420,51.086420,walking_abha_new
1771603856.173745,0.277832,-0.658814,-0.318726,29.235832,-7.568358,45.104970,walking_abha_new
1771603856.195515,0.341309,-0.642456,-0.316284,24.597160,10.498044,41.564930,walking_abha_new
1771603856.2179625,0.426025,-0.667114,-0.309204,20.141600,15.563964,40.283200,walking_abha_new
1771603856.2361321,0.482910,-0.683594,-0.304321,10.864256,8.972170,54.809560,walking_abha_new
1771603856.2571323,0.494751,-0.710449,-0.299805,9.582520,2.990722,55.114740,walking_abha_new
1771603856.270832,0.508423,-0.765015,-0.301270,7.202148,5.187988,57.556140,walking_abha_new
1771603856.2934673,0.562622,-0.789673,-0.328613,3.112792,11.047360,59.082020,walking_abha_new
1771603856.3120522,0.640503,-0.787964,-0.352905,1.647949,7.202148,58.471670,walking_abha_new
1771603856.33963,0.668457,-0.827271,-0.365723,2.441407,-2.014160,56.274400,walking_abha_new
1771603856.3540764,0.724365,-0.908936,-0.380982,1.831054,-10.375976,50.170890,walking_abha_new
1771603856.3747225,0.732300,-0.976440,-0.388184,-2.014160,-15.075680,49.438460,walking_abha_new
1771603856.4238465,0.733154,-1.218872,-0.381958,-2.990722,-6.164550,29.052730,walking_abha_new
1771603856.450652,0.826294,-1.446778,-0.433594,-11.596676,9.277344,13.549804,walking_abha_new
1771603856.4515,0.775635,-1.247803,-0.411865,-15.747068,15.991210,-5.126952,walking_abha_new
1771603856.4733682,0.593384,-0.929810,-0.312378,-22.399900,32.104500,-21.850580,walking_abha_new
1771603856.493,0.542969,-0.734253,-0.276245,-23.193352,39.001470,-39.672860,walking_abha_new
1771603856.52077,0.587280,-0.732788,-0.285034,-13.549804,28.747552,-64.514160,walking_abha_new
1771603856.5357072,0.633179,-0.819824,-0.290527,-6.408690,9.216310,-85.571260,walking_abha_new
1771603856.5559487,0.656982,-0.896240,-0.263794,-4.577638,-15.624996,-93.505840,walking_abha_new
1771603856.5758572,0.647949,-0.943726,-0.223145,-5.126952,-37.475590,-93.688960,walking_abha_new
1771603856.5965497,0.569336,-0.936035,-0.202759,-8.056642,-46.752920,-91.430660,walking_abha_new
1771603856.6158683,0.398438,-0.793579,-0.210083,-15.441892,-38.696300,-87.097160,walking_abha_new
1771603856.6340687,0.332398,-0.690796,-0.220825,-20.935052,-30.090330,-86.242660,walking_abha_new
1771603856.653478,0.317993,-0.626221,-0.236084,-22.094720,-21.911620,-87.097160,walking_abha_new
1771603856.6734056,0.336914,-0.601562,-0.207642,-21.301268,-11.779784,-88.317860,walking_abha_new
1771603856.6941957,0.329346,-0.620117,-0.179321,-22.277830,-7.507323,-86.181620,walking_abha_new
1771603856.7147336,0.341675,-0.662354,-0.149292,-24.047850,-5.981444,-81.848140,walking_abha_new
1771603856.7363884,0.366089,-0.708252,-0.131470,-25.817870,-9.521484,-75.073240,walking_abha_new
1771603856.7569053,0.353882,-0.757202,-0.127808,-28.015130,-11.657712,-65.734860,walking_abha_new
1771603856.7711458,0.316528,-0.805176,-0.135742,-30.578610,-9.460450,-54.931630,walking_abha_new
1771603856.7931466,0.290283,-0.840820,-0.143311,-33.935560,3.784179,-43.640120,walking_abha_new
1771603856.812462,0.328247,-0.946289,-0.130737,-36.804200,22.888180,-26.489250,walking_abha_new
1771603856.8348284,0.349609,-0.984741,-0.097290,-36.132820,31.799310,-15.014646,walking_abha_new
1771603856.854304,0.320679,-0.952271,-0.085083,-31.555170,37.170420,-2.807617,walking_abha_new
1771603856.87488,0.352539,-0.966919,-0.101074,-24.475090,41.564930,10.314940,walking_abha_new
1771603856.8950202,0.452148,-1.105713,-0.109375,-14.648436,36.254890,24.658200,walking_abha_new
1771603856.915963,0.510376,-1.218018,-0.085938,-5.371092,25.146480,38.269050,walking_abha_new
1771603856.930446,0.459717,-1.093262,-0.088013,1.281738,18.432620,53.405750,walking_abha_new
1771603856.951267,0.366089,-0.832398,-0.164429,9.460450,16.357424,67.321800,walking_abha_new
1771603856.9725716,0.343628,-0.690674,-0.262085,19.042970,14.465330,74.829100,walking_abha_new
1771603856.9947782,0.403687,-0.750366,-0.305176,37.048340,-3.906249,67.626960,walking_abha_new
1771603857.0162618,0.383423,-0.818726,-0.302002,44.128410,-17.150880,61.645500,walking_abha_new
1771603857.0364594,0.378662,-0.858032,-0.301392,48.889150,-12.268064,59.631340,walking_abha_new
1771603857.058205,0.423950,-0.890259,-0.316772,48.828120,-20.629880,63.720700,walking_abha_new
1771603857.083227,0.443482,-0.868530,-0.324097,47.790520,-28.930660,65.856940,walking_abha_new
1771603857.0964608,0.372803,-0.805542,-0.350830,44.494620,-30.029290,68.603540,walking_abha_new
1771603857.1136408,0.346314,-0.726074,-0.402466,35.156260,-16.784670,73.425300,walking_abha_new
1771603857.1319497,0.377319,-0.667847,-0.404175,27.404780,-3.112792,76.232920,walking_abha_new
1771603857.1551158,0.419434,-0.671875,-0.381348,22.827140,3.540038,72.204600,walking_abha_new
1771603857.1736362,0.505493,-0.732178,-0.344360,18.615724,3.479003,68.908700,walking_abha_new
1771603857.1883252,0.517212,-0.734009,-0.365723,7.995604,2.136231,75.317400,walking_abha_new
1771603857.214896,0.576660,-0.727539,-0.388794,6.652830,2.685546,62.805160,walking_abha_new
1771603857.2361097,0.584839,-0.750488,-0.403076,2.685546,4.943848,61.706540,walking_abha_new
1771603857.2499003,0.613404,-0.726318,-0.413086,-0.793457,5.798338,50.842280,walking_abha_new
1771603857.2742674,0.630860,-0.709839,-0.399658,-1.647949,3.356933,37.902840,walking_abha_new
1771603857.2916534,0.634400,-0.729492,-0.380859,-3.356933,0.427246,28.564450,walking_abha_new
1771603857.3159096,0.697144,-0.811157,-0.386597,-3.173828,-5.187988,14.099120,walking_abha_new
1771603857.3355298,0.736572,-0.918457,-0.386963,-3.845214,-13.671872,4.394532,walking_abha_new
1771603857.3623621,0.689453,-1.003174,-0.364502,-9.277344,-12.023924,-1.647949,walking_abha_new
1771603857.376076,0.781128,-1.282104,-0.338013,-9.033204,-4.272462,-8.361816,walking_abha_new
1771603857.395911,0.852295,-1.508423,-0.393433,-11.047360,-2.075196,-10.986324,walking_abha_new
1771603857.416619,0.823853,-1.382690,-0.413086,-12.329100,-3.784179,-24.291990,walking_abha_new
1771603857.4366684,0.570190,-1.014282,-0.319580,-17.517090,11.718748,-35.766600,walking_abha_new
1771603857.4531007,0.483398,-0.698120,-0.247681,-23.132320,25.756830,-46.936020,walking_abha_new
1771603857.472605,0.512085,-0.640991,-0.266480,-8.789064,18.432620,-69.702160,walking_abha_new
1771603857.4957058,0.578491,-0.787110,-0.277100,3.295898,-0.915527,-93.200660,walking_abha_new
1771603857.513834,0.625122,-0.900879,-0.260376,5.859374,-30.944820,-99.304180,walking_abha_new
1771603857.5358455,0.639526,-0.981201,-0.207642,3.479003,-58.959950,-94.543440,walking_abha_new
1771603857.5557396,0.557495,-1.029297,-0.163208,-1.342773,-69.396980,-87.890600,walking_abha_new
1771603857.5729773,0.331665,-0.918579,-0.160156,-14.770504,-49.072260,-79.834000,walking_abha_new
1771603857.596392,0.277710,-0.787354,-0.186890,-21.362300,-25.695796,-77.575700,walking_abha_new
1771603857.6117718,0.271606,-0.682617,-0.224609,-22.888180,-15.869140,-78.247080,walking_abha_new
1771603857.6345308,0.275391,-0.621460,-0.214478,-22.583000,5.187988,-79.711940,walking_abha_new
1771603857.6527653,0.238403,-0.598389,-0.176025,-21.301268,12.939450,-79.162600,walking_abha_new
1771603857.6736977,0.246826,-0.600586,-0.141602,-22.949216,19.714360,-77.941900,walking_abha_new
1771603857.6942601,0.283569,-0.620484,-0.121948,-22.644040,16.357424,-73.669440,walking_abha_new
1771603857.717046,0.266480,-0.658570,-0.119019,-21.423332,7.202148,-66.345240,walking_abha_new
1771603857.7362509,0.257813,-0.700928,-0.115234,-19.348150,-0.366211,-60.607900,walking_abha_new
1771603857.7521825,0.246704,-0.808594,-0.122192,-20.446770,5.004884,-44.860830,walking_abha_new
1771603857.7764363,0.278931,-0.942139,-0.119751,-23.193352,17.944340,-29.357908,walking_abha_new
1771603857.7948263,0.344971,-1.078614,-0.099243,-26.977532,32.409680,-12.695310,walking_abha_new
1771603857.8127525,0.333252,-1.055298,-0.091675,-27.893060,42.419420,2.929687,walking_abha_new
1771603857.836021,0.398193,-1.025146,-0.117188,-21.423332,47.607410,17.639160,walking_abha_new
1771603857.8538954,0.526978,-1.190186,-0.124756,-8.361816,41.259760,33.935560,walking_abha_new
1771603857.876826,0.590698,-1.322754,-0.145630,2.807617,27.893060,50.109860,walking_abha_new
1771603857.895962,0.590576,-1.171997,-0.194336,8.361816,18.310550,68.908700,walking_abha_new
1771603857.9119487,0.533203,-0.855713,-0.269898,12.329100,11.535644,85.388160,walking_abha_new
1771603857.9334743,0.488525,-0.604248,-0.338013,13.854978,5.371092,92.956520,walking_abha_new
1771603857.9512672,0.461914,-0.625732,-0.308228,29.846190,-9.033204,82.336400,walking_abha_new
1771603857.9785793,0.431519,-0.781494,-0.287109,35.705570,-10.253904,65.490740,walking_abha_new
1771603857.9951859,0.442505,-0.852905,-0.303833,39.123540,1.342773,55.603020,walking_abha_new
1771603858.0140424,0.499634,-0.898438,-0.336426,40.283200,-9.643556,47.668440,walking_abha_new
1771603858.0347574,0.510620,-0.913452,-0.364868,36.254890,-17.456060,39.489750,walking_abha_new
1771603858.0621645,0.435791,-0.836914,-0.372314,30.578610,-13.366696,35.217290,walking_abha_new
1771603858.0786011,0.357666,-0.718384,-0.369507,21.179192,2.929687,38.696300,walking_abha_new
1771603858.09699,0.380737,-0.619263,-0.373779,14.221190,18.615724,39.062500,walking_abha_new
1771603858.1132,0.447144,-0.576660,-0.370361,11.901852,19.653320,37.231450,walking_abha_new
1771603858.1319482,0.491943,-0.617554,-0.336304,9.460450,7.568358,33.752440,walking_abha_new
1771603858.156767,0.504761,-0.660522,-0.312256,5.554198,-0.854492,35.705570,walking_abha_new
1771603858.1736786,0.510864,-0.699829,-0.301270,2.502442,-3.051757,36.499030,walking_abha_new
1771603858.1944983,0.549805,-0.748413,-0.298828,0.610352,-0.305176,37.414560,walking_abha_new
1771603858.215957,0.592163,-0.773316,-0.307251,-2.563476,1.831054,43.090810,walking_abha_new
1771603858.2361233,0.627442,-0.726562,-0.322510,-3.356933,-1.342773,46.936020,walking_abha_new
1771603858.2609732,0.617310,-0.727905,-0.312744,-1.403808,-3.967285,48.034660,walking_abha_new
1771603858.2722793,0.648560,-0.785767,-0.310181,-0.305176,-5.493162,45.898430,walking_abha_new
1771603858.2951477,0.708252,-0.866211,-0.319214,2.014160,-10.559080,39.733900,walking_abha_new
1771603858.320132,0.729126,-0.967163,-0.310547,3.662109,-13.427732,33.691410,walking_abha_new
1771603858.3407013,0.716797,-1.055664,-0.276978,0.305176,-8.483890,33.325200,walking_abha_new
1771603858.3554966,0.769287,-1.208008,-0.297608,4.272462,-9.521484,20.446770,walking_abha_new
1771603858.3754945,0.749390,-1.277100,-0.342163,2.807617,-6.652830,5.859374,walking_abha_new
1771603858.3964543,0.680298,-1.090088,-0.332275,-1.892090,3.845214,-8.666994,walking_abha_new
1771603858.41187,0.564942,-0.838867,-0.253784,-7.751464,17.028810,-21.789548,walking_abha_new
1771603858.4381542,0.557984,-0.730469,-0.209839,-4.211426,19.104010,-40.161120,walking_abha_new
1771603858.452982,0.617310,-0.828980,-0.212036,5.554198,7.385252,-63.720700,walking_abha_new
1771603858.4727676,0.679566,-0.937378,-0.221314,9.338380,-14.587400,-78.430200,walking_abha_new
1771603858.4971313,0.696411,-1.005127,-0.206909,9.521484,-42.053220,-80.566400,walking_abha_new
1771603858.5137088,0.601562,-1.039185,-0.194336,3.112792,-58.349600,-77.270520,walking_abha_new
1771603858.534941,0.487915,-0.965820,-0.208130,-7.507323,-49.011220,-77.392600,walking_abha_new
1771603858.5548093,0.353516,-0.833008,-0.203369,-17.822270,-32.592780,-80.993640,walking_abha_new
1771603858.5762472,0.280762,-0.720459,-0.202393,-23.315424,-4.699708,-85.144020,walking_abha_new
1771603858.5964518,0.289185,-0.619141,-0.215454,-27.404780,23.193352,-88.623040,walking_abha_new
1771603858.6108458,0.341553,-0.546997,-0.218018,-25.207516,36.254890,-93.017560,walking_abha_new
1771603858.638891,0.366455,-0.540894,-0.194092,-21.301268,34.484870,-97.045880,walking_abha_new
1771603858.654422,0.383545,-0.582154,-0.163452,-17.761230,21.301268,-96.862760,walking_abha_new
1771603858.6777961,0.395142,-0.634766,-0.134766,-17.028810,6.469726,-91.125460,walking_abha_new
1771603858.7014549,0.410278,-0.708740,-0.128784,-15.624996,-7.751464,-81.237760,walking_abha_new
1771603858.7153974,0.380493,-0.792114,-0.133545,-18.798830,-21.301268,-59.570300,walking_abha_new
1771603858.7372882,0.347046,-0.845947,-0.135864,-21.179192,-16.540530,-44.860830,walking_abha_new
1771603858.7560873,0.336914,-0.918091,-0.134277,-23.437492,-3.356933,-28.381340,walking_abha_new
1771603858.7770495,0.368896,-0.956665,-0.125122,-25.817870,10.437010,-10.986324,walking_abha_new
1771603858.7985988,0.397583,-0.936768,-0.112305,-24.536130,17.944340,4.394532,walking_abha_new
1771603858.8123858,0.423828,-0.945923,-0.098145,-18.920900,19.348150,19.104010,walking_abha_new
1771603858.8363702,0.490845,-1.096070,-0.088745,-9.399414,13.793944,36.254890,walking_abha_new
1771603858.8542151,0.555786,-1.244996,-0.085571,-1.525878,5.859374,54.077140,walking_abha_new
1771603858.876398,0.545776,-1.165039,-0.088623,2.319336,3.479003,72.448740,walking_abha_new
1771603858.8962967,0.404785,-0.800049,-0.166382,7.446288,6.958006,97.229000,walking_abha_new
1771603858.917251,0.391480,-0.703369,-0.219238,12.939450,12.512204,101.684560,walking_abha_new
1771603858.9375277,0.425659,-0.750488,-0.249634,22.460930,10.986324,92.895500,walking_abha_new
1771603858.9537938,0.417114,-0.839356,-0.264771,31.311030,3.845214,79.101560,walking_abha_new
1771603858.9783378,0.466919,-0.900146,-0.293457,37.597660,2.380371,68.542500,walking_abha_new
1771603858.9955785,0.537598,-0.900635,-0.335327,41.503900,-11.535644,63.415520,walking_abha_new
1771603859.0144308,0.536255,-0.843018,-0.339356,41.564930,-31.677240,57.006820,walking_abha_new
1771603859.0349832,0.422241,-0.761841,-0.338745,38.696300,-40.710440,53.955070,walking_abha_new
1771603859.0562654,0.298096,-0.681641,-0.329590,30.700680,-28.686520,52.978500,walking_abha_new
1771603859.0757604,0.268799,-0.640869,-0.323730,22.216790,-5.371092,51.513660,walking_abha_new
1771603859.093767,0.392456,-0.669312,-0.329102,12.634276,16.845708,43.334950,walking_abha_new
1771603859.1155279,0.447144,-0.691406,-0.313477,5.187988,17.700200,47.607410,walking_abha_new
1771603859.1336267,0.476074,-0.699097,-0.306030,0.366211,15.441892,48.217760,walking_abha_new
1771603859.1529968,0.522827,-0.727661,-0.315552,-2.319336,13.732908,49.499500,walking_abha_new
1771603859.1753135,0.578613,-0.762207,-0.329956,-4.089356,13.732908,51.330560,walking_abha_new
1771603859.1958418,0.636963,-0.760620,-0.350708,-4.943848,10.070800,49.987780,walking_abha_new
1771603859.2152395,0.645630,-0.728638,-0.352417,-4.089356,4.333496,46.081540,walking_abha_new
1771603859.2299845,0.650391,-0.743164,-0.332642,-3.967285,0.549316,43.640120,walking_abha_new
1771603859.257032,0.705688,-0.829590,-0.332275,-4.333496,-5.798338,39.428720,walking_abha_new
1771603859.2710376,0.739258,-0.988648,-0.331665,-3.967285,-18.981940,28.625480,walking_abha_new
1771603859.2963464,0.702637,-1.066650,-0.296387,-5.065916,-14.587400,15.014646,walking_abha_new
1771603859.3129323,0.699585,-1.186280,-0.279053,-6.958006,-3.601074,8.789064,walking_abha_new
1771603859.3356528,0.746948,-1.347412,-0.311279,-9.521484,7.263182,1.037598,walking_abha_new
1771603859.3602612,0.742676,-1.336670,-0.348389,-12.145992,17.639160,-17.639160,walking_abha_new
1771603859.3774533,0.640869,-1.074463,-0.316650,-14.648436,32.592780,-36.438000,walking_abha_new
1771603859.3956554,0.550049,-0.809326,-0.223389,-17.456060,46.569820,-48.339840,walking_abha_new
1771603859.431202,0.539185,-0.701050,-0.189575,-9.338380,45.471180,-63.659660,walking_abha_new
1771603859.4467711,0.587891,-0.766846,-0.194458,3.356933,32.470710,-84.899880,walking_abha_new
1771603859.4518602,0.635132,-0.847290,-0.198730,9.521484,10.131832,-97.778300,walking_abha_new
1771603859.4726417,0.661011,-0.902100,-0.155884,11.962890,-28.442380,-98.388660,walking_abha_new
1771603859.4936826,0.616455,-0.917480,-0.139160,10.864256,-43.701160,-92.529280,walking_abha_new
1771603859.5142376,0.510620,-0.881470,-0.152832,6.469726,-47.363270,-87.768540,walking_abha_new
1771603859.537924,0.415527,-0.772339,-0.172852,3.234863,-44.433580,-84.838860,walking_abha_new
1771603859.5556946,0.355469,-0.675293,-0.188110,1.403808,-44.555660,-83.862300,walking_abha_new
1771603859.5761156,0.344849,-0.631958,-0.189209,1.403808,-31.921380,-83.923320,walking_abha_new
1771603859.5944636,0.325562,-0.637451,-0.198242,-1.647949,-22.277830,-83.007800,walking_abha_new
1771603859.612164,0.317017,-0.650635,-0.161011,-6.408690,-13.916012,-83.190900,walking_abha_new
1771603859.6322842,0.328125,-0.668091,-0.111816,-11.230468,-8.728030,-78.613300,walking_abha_new
1771603859.6529596,0.338745,-0.713745,-0.105591,-15.075680,-5.676268,-68.298340,walking_abha_new
1771603859.694024,0.334961,-0.793335,-0.143188,-16.723632,0.732422,-54.992660,walking_abha_new
1771603859.7151685,0.336792,-0.829346,-0.147339,-17.639160,7.812498,-44.860830,walking_abha_new
1771603859.7358935,0.368896,-0.897705,-0.155273,-19.104010,17.028810,-30.151360,walking_abha_new
1771603859.7543626,0.424316,-0.958984,-0.152954,-19.958500,22.399900,-14.160152,walking_abha_new
1771603859.7767732,0.446045,-0.970703,-0.133667,-16.967780,20.812980,1.892090,walking_abha_new
1771603859.7945755,0.477905,-1.049438,-0.105591,-9.887696,13.793944,21.179192,walking_abha_new
1771603859.8187165,0.565186,-1.227539,-0.079956,-0.549316,4.089356,44.067380,walking_abha_new
1771603859.8366044,0.623657,-1.299683,-0.081909,6.652830,-4.211426,67.260740,walking_abha_new
1771603859.8601732,0.497070,-0.916992,-0.184204,10.559080,-7.568358,99.121060,walking_abha_new
1771603859.8758712,0.414429,-0.673950,-0.248535,13.122556,-5.249022,110.290500,walking_abha_new
1771603859.8957684,0.406982,-0.608765,-0.282593,22.338860,-4.638672,106.384260,walking_abha_new
1771603859.9157481,0.434326,-0.720947,-0.289429,32.897960,-12.084960,91.430660,walking_abha_new
1771603859.9335449,0.442749,-0.845215,-0.286743,40.954580,-21.667476,75.134300,walking_abha_new
1771603859.954507,0.482544,-0.926514,-0.291138,44.555660,-20.874020,65.917980,walking_abha_new
1771603859.9784808,0.487305,-0.948975,-0.305054,42.114250,-34.057620,59.692380,walking_abha_new
1771603859.992836,0.415405,-0.898316,-0.321411,31.433100,-33.569340,54.992660,walking_abha_new
1771603860.017,0.290649,-0.792236,-0.322266,19.714360,-12.451170,54.748520,walking_abha_new
1771603860.0367675,0.278320,-0.622559,-0.341675,1.220704,34.729010,56.152340,walking_abha_new
1771603860.0552225,0.396240,-0.563965,-0.351074,-1.831054,43.640120,50.537100,walking_abha_new
1771603860.0763826,0.472534,-0.582886,-0.338501,-0.305176,33.508300,45.654280,walking_abha_new
1771603860.0946949,0.514038,-0.617066,-0.321167,-2.014160,19.165040,42.297360,walking_abha_new
1771603860.1110518,0.536011,-0.647339,-0.316162,-4.272462,5.432128,44.616690,walking_abha_new
1771603860.1332102,0.540650,-0.677734,-0.308960,-6.469726,-0.915527,47.546380,walking_abha_new
1771603860.1588218,0.558960,-0.720093,-0.298828,-7.385252,0.793457,47.851560,walking_abha_new
1771603860.1752899,0.604126,-0.746582,-0.303345,-10.192870,3.601074,48.767080,walking_abha_new
1771603860.1935623,0.642700,-0.754883,-0.302734,-10.925290,1.098633,48.522940,walking_abha_new
1771603860.2921584,0.693237,-0.954468,-0.290405,-9.521484,-1.159668,33.081060,walking_abha_new
1771603860.2921584,0.700318,-1.037720,-0.270874,-11.718748,7.324218,28.747552,walking_abha_new
1771603860.2957687,0.696289,-1.096436,-0.255127,-10.681150,18.493652,15.563964,walking_abha_new
1771603860.3040667,0.784790,-1.286133,-0.278809,-6.469726,18.554690,9.887696,walking_abha_new
1771603860.3115592,0.785400,-1.327759,-0.339478,-7.019042,21.057124,-8.056642,walking_abha_new
1771603860.3337288,0.682007,-1.048706,-0.309937,-9.704590,25.756830,-27.282710,walking_abha_new
1771603860.3480494,0.578736,-0.824341,-0.200928,-7.690428,31.188960,-44.372550,walking_abha_new
1771603860.3751936,0.547730,-0.833008,-0.172485,-2.746581,36.499030,-61.828600,walking_abha_new
1771603860.3954587,0.644898,-0.899048,-0.178833,3.540038,23.681636,-77.514660,walking_abha_new
1771603860.4103513,0.670776,-0.995728,-0.159058,9.704590,-20.935052,-83.312960,walking_abha_new
1771603860.4318242,0.628906,-1.002686,-0.143677,10.192870,-41.076650,-83.251940,walking_abha_new
1771603860.4517543,0.539673,-0.943237,-0.148682,6.408690,-45.715320,-84.167460,walking_abha_new
1771603860.4719946,0.431763,-0.834106,-0.153564,3.112792,-38.696300,-85.510240,walking_abha_new
1771603860.494865,0.333618,-0.717407,-0.173340,2.563476,-23.071284,-87.646460,walking_abha_new
1771603860.5155997,0.329346,-0.638184,-0.197388,1.953124,-15.319820,-91.247540,walking_abha_new
1771603860.5372987,0.366211,-0.591431,-0.206665,2.624511,-9.216310,-93.261700,walking_abha_new
1771603860.5557334,0.351929,-0.592163,-0.197144,1.892090,-13.427732,-93.688960,walking_abha_new
1771603860.5756643,0.344238,-0.617676,-0.165039,-0.732422,-17.517090,-92.773420,walking_abha_new
1771603860.5963573,0.336426,-0.669068,-0.128540,-3.906249,-17.639160,-88.867160,walking_abha_new
1771603860.6123495,0.330444,-0.780396,-0.130005,-12.268064,-8.361816,-75.439460,walking_abha_new
1771603860.6393712,0.327148,-0.817505,-0.151733,-18.920900,-1.342773,-63.354480,walking_abha_new
1771603860.66301,0.327148,-0.843628,-0.168701,-22.888180,5.249022,-51.757800,walking_abha_new
1771603860.6739445,0.344849,-0.904663,-0.180054,-25.390620,14.282224,-40.039070,walking_abha_new
1771603860.695591,0.378296,-0.979004,-0.174072,-27.160640,22.033690,-26.977532,walking_abha_new
1771603860.7154245,0.378784,-0.999146,-0.145142,-26.306150,24.536130,-11.840818,walking_abha_new
1771603860.7361805,0.382202,-1.018799,-0.138916,-24.047850,22.949216,3.112792,walking_abha_new
1771603860.7568426,0.420532,-1.129761,-0.151855,-21.179192,16.784670,19.409180,walking_abha_new
1771603860.7710502,0.439575,-1.310547,-0.076782,-15.869140,10.437010,38.513190,walking_abha_new
1771603860.7956178,0.401001,-1.213135,-0.014160,-10.742184,30.883784,71.655300,walking_abha_new
1771603860.8120525,0.416138,-0.957031,-0.133545,-4.943848,40.710440,91.735820,walking_abha_new
1771603860.8330395,0.478149,-0.767944,-0.272949,5.371092,31.249992,103.149400,walking_abha_new
1771603860.8563042,0.523438,-0.688721,-0.325562,22.949216,2.380371,103.515600,walking_abha_new
1771603860.8750894,0.461792,-0.762085,-0.329834,41.198720,-32.836920,93.566880,walking_abha_new
1771603860.8958867,0.480225,-0.895996,-0.305908,48.889150,-52.124020,83.801260,walking_abha_new
1771603860.9160683,0.543335,-0.931885,-0.299561,48.339840,-67.138680,81.726060,walking_abha_new
1771603860.9375618,0.491821,-0.893677,-0.281616,46.142570,-76.049820,79.040540,walking_abha_new
1771603860.951426,0.300293,-0.803833,-0.263306,36.560060,-63.110340,75.317400,walking_abha_new
1771603860.975485,0.145630,-0.720337,-0.266113,20.690910,-22.155760,75.012220,walking_abha_new
1771603860.9949672,0.242554,-0.663574,-0.297852,-0.732422,46.203600,70.129400,walking_abha_new
1771603861.013532,0.423706,-0.626831,-0.303467,-2.136231,57.800280,59.997550,walking_abha_new
1771603861.0346694,0.552734,-0.665650,-0.301025,-1.342773,45.593250,56.274400,walking_abha_new
1771603861.0554273,0.613770,-0.680176,-0.319702,-2.807617,23.498530,57.434080,walking_abha_new
1771603861.0761743,0.624268,-0.689087,-0.331543,-0.610352,3.662109,56.274400,walking_abha_new
1771603861.097173,0.614258,-0.726685,-0.336548,-1.037598,-2.868652,58.898920,walking_abha_new
1771603861.11743,0.636230,-0.717041,-0.338989,-2.563476,-2.502442,56.457510,walking_abha_new
1771603861.132071,0.650635,-0.685791,-0.333618,-1.525878,-6.103514,49.377430,walking_abha_new
1771603861.1982775,0.685425,-0.734375,-0.320068,0.122070,-14.953610,42.053220,walking_abha_new
1771603861.1982775,0.715576,-0.831543,-0.320801,-0.061035,-23.559568,26.428220,walking_abha_new
1771603861.1982775,0.718750,-0.937256,-0.300903,-3.417968,-19.409180,20.141600,walking_abha_new
1771603861.2125309,0.740234,-1.061768,-0.278564,-4.821778,-12.634276,9.887696,walking_abha_new
1771603861.2354012,0.863526,-1.346680,-0.296997,-2.014160,-14.770504,3.723144,walking_abha_new
1771603861.256114,0.823486,-1.400146,-0.338989,-8.361816,-7.324218,-8.972170,walking_abha_new
1771603861.277643,0.662720,-1.081788,-0.290894,-14.404296,8.666994,-30.395500,walking_abha_new
1771603861.2961993,0.522095,-0.901978,-0.187622,-19.653320,28.625480,-50.537100,walking_abha_new
1771603861.3123007,0.578736,-0.932129,-0.179199,-15.808104,33.935560,-70.739760,walking_abha_new
1771603861.347471,0.644043,-0.998657,-0.219849,-9.216310,23.559568,-93.627900,walking_abha_new
1771603861.3588228,0.667603,-1.072510,-0.214355,-4.821778,0.305176,-107.849100,walking_abha_new
1771603861.3741524,0.635620,-1.170532,-0.139526,-5.798338,-25.024410,-111.999500,walking_abha_new
1771603861.395675,0.530884,-1.130982,-0.134522,-9.399414,-28.137200,-113.159160,walking_abha_new
1771603861.4159145,0.409424,-0.987915,-0.170410,-11.474608,-19.836430,-115.295400,walking_abha_new
1771603861.4374099,0.306763,-0.823608,-0.212402,-11.657712,-13.488768,-117.187480,walking_abha_new
1771603861.458371,0.278442,-0.697632,-0.235718,-10.375976,0.244141,-117.370600,walking_abha_new
1771603861.4744842,0.281494,-0.637695,-0.236084,-9.460450,-2.319336,-115.173320,walking_abha_new
1771603861.495632,0.274902,-0.630737,-0.197754,-8.117676,-9.399414,-112.670880,walking_abha_new
1771603861.5146947,0.242920,-0.631104,-0.166016,-9.277344,-10.314940,-107.788080,walking_abha_new
1771603861.5440118,0.249634,-0.661743,-0.138550,-9.704590,-9.582520,-99.060040,walking_abha_new
1771603861.5624228,0.283203,-0.729248,-0.146240,-14.160152,-10.681150,-81.298800,walking_abha_new
1771603861.5763886,0.251221,-0.769287,-0.146973,-20.568840,-6.713866,-67.504900,walking_abha_new
1771603861.597088,0.225464,-0.793457,-0.158936,-21.484370,0.427246,-54.077140,walking_abha_new
1771603861.6109543,0.269165,-0.864014,-0.154663,-23.437492,14.770504,-38.940440,walking_abha_new
1771603861.6320593,0.341064,-0.942505,-0.145020,-23.864740,24.658200,-20.812980,walking_abha_new
1771603861.6530406,0.373779,-0.935059,-0.130371,-20.446770,26.062010,-1.403808,walking_abha_new
1771603861.674986,0.397461,-0.916748,-0.145020,-14.404296,19.042970,17.578130,walking_abha_new
1771603861.6945639,0.452759,-1.045410,-0.138672,-6.896972,2.563476,36.193860,walking_abha_new
1771603861.7151854,0.509644,-1.250732,-0.082397,0.793457,-9.338380,54.870600,walking_abha_new
1771603861.7355633,0.485474,-1.265381,-0.035278,3.906249,-5.310058,73.608400,walking_abha_new
1771603861.7566593,0.403687,-0.839844,-0.140747,8.789064,14.038084,99.792460,walking_abha_new
1771603861.7707446,0.449097,-0.730957,-0.252197,16.906740,15.197750,106.140120,walking_abha_new
1771603861.7959251,0.499756,-0.764526,-0.312500,30.273430,0.366211,100.585920,walking_abha_new
1771603861.813327,0.481934,-0.828613,-0.319824,39.611820,-17.578130,91.247540,walking_abha_new
1771603861.8334062,0.477539,-0.871582,-0.327393,44.311520,-24.902340,84.594700,walking_abha_new
1771603861.8570068,0.556030,-0.909790,-0.349732,45.959460,-29.785150,81.176740,walking_abha_new
1771603861.8748744,0.570068,-0.903931,-0.370606,43.579090,-43.212880,76.782240,walking_abha_new
1771603861.8978362,0.447998,-0.832154,-0.365723,37.658700,-45.349110,73.181160,walking_abha_new
1771603861.9164083,0.303223,-0.733398,-0.362671,25.695796,-23.986810,72.204600,walking_abha_new
1771603861.9371848,0.285645,-0.622681,-0.398193,6.042480,26.611320,67.260740,walking_abha_new
1771603861.9574268,0.415772,-0.614502,-0.383301,0.549316,40.039070,55.786120,walking_abha_new
1771603861.9719672,0.465698,-0.647827,-0.357422,-3.967285,38.574220,57.250960,walking_abha_new
1771603861.9927945,0.505737,-0.665405,-0.364746,-9.155274,36.438000,54.443350,walking_abha_new
1771603862.0135517,0.556641,-0.692505,-0.378784,-11.779784,32.165540,50.537100,walking_abha_new
1771603862.0344284,0.611572,-0.728150,-0.375122,-13.305660,28.320310,49.011220,walking_abha_new
1771603862.0546606,0.650757,-0.744751,-0.365112,-15.197750,23.681636,49.865720,walking_abha_new
1771603862.0774522,0.672241,-0.742432,-0.354736,-15.075680,16.601568,43.762200,walking_abha_new
1771603862.098992,0.686035,-0.752442,-0.334595,-13.916012,7.568358,36.193860,walking_abha_new
1771603862.1110458,0.684326,-0.799805,-0.321655,-13.061520,3.051757,27.648920,walking_abha_new
1771603862.1337867,0.715820,-0.932129,-0.299683,-14.038084,5.554198,16.174320,walking_abha_new
1771603862.1526816,0.705566,-0.993896,-0.278809,-14.770504,11.169430,6.835936,walking_abha_new
1771603862.1765378,0.729248,-1.128296,-0.264282,-10.986324,16.540530,-6.835936,walking_abha_new
1771603862.1942103,0.821045,-1.372314,-0.291626,-7.934570,17.883300,-12.695310,walking_abha_new
1771603862.2167618,0.822754,-1.410644,-0.313721,-9.460450,22.277830,-21.301268,walking_abha_new
1771603862.236023,0.670288,-1.138794,-0.290894,-11.962890,35.278320,-33.996590,walking_abha_new
1771603862.2579753,0.573975,-0.800537,-0.219971,-16.296390,45.166000,-42.785640,walking_abha_new
1771603862.2776966,0.550904,-0.628540,-0.200195,-7.080076,40.771480,-57.006820,walking_abha_new
1771603862.3042967,0.581177,-0.709961,-0.204224,6.652830,27.587884,-77.575700,walking_abha_new
1771603862.313121,0.683472,-0.864380,-0.206177,18.249516,-14.282224,-94.665500,walking_abha_new
1771603862.3353875,0.699829,-0.937378,-0.177979,22.399900,-49.560540,-94.665500,walking_abha_new
1771603862.3550916,0.630249,-0.968994,-0.172852,23.071284,-69.885260,-92.041000,walking_abha_new
1771603862.3750389,0.516846,-0.912110,-0.183472,17.822270,-72.631840,-87.829560,walking_abha_new
1771603862.3979537,0.402222,-0.788208,-0.203369,12.329100,-67.993180,-85.754380,walking_abha_new
1771603862.41687,0.339233,-0.685669,-0.225098,10.986324,-58.105460,-85.021960,walking_abha_new
1771603862.4304254,0.303589,-0.615723,-0.232056,9.521484,-48.706040,-87.707500,walking_abha_new
1771603862.4522293,0.290649,-0.585449,-0.228272,6.469726,-30.700680,-86.791960,walking_abha_new
1771603862.502648,0.296265,-0.586670,-0.205444,3.417968,-19.104010,-86.181620,walking_abha_new
1771603862.502648,0.338623,-0.622681,-0.172607,0.305176,-16.723632,-82.946760,walking_abha_new
1771603862.5162287,0.369019,-0.693604,-0.152710,-5.798338,-20.019532,-69.335940,walking_abha_new
1771603862.5346186,0.359375,-0.732422,-0.163086,-10.253904,-20.446770,-59.814440,walking_abha_new
1771603862.5564108,0.325806,-0.771118,-0.173584,-15.319820,-10.986324,-50.048820,walking_abha_new
1771603862.5769691,0.321899,-0.816040,-0.168823,-21.545408,5.737304,-36.315920,walking_abha_new
1771603862.6126697,0.360840,-0.885864,-0.168945,-25.695796,22.766110,-20.446770,walking_abha_new
1771603862.6126697,0.408325,-0.944214,-0.161011,-28.259270,35.583500,-4.882814,walking_abha_new
1771603862.6334002,0.426758,-0.944336,-0.136475,-25.085448,39.550780,8.850100,walking_abha_new
1771603862.6556675,0.452026,-0.940918,-0.142334,-19.775390,36.499030,21.240230,walking_abha_new
1771603862.6759393,0.475220,-1.022950,-0.167603,-12.145992,24.841304,35.278320,walking_abha_new
1771603862.6949906,0.499512,-1.243896,-0.110107,-1.831054,8.789064,58.532700,walking_abha_new
1771603862.7152712,0.447510,-1.067749,-0.130249,-1.525878,13.488768,74.035660,walking_abha_new
1771603862.7378726,0.396851,-0.825806,-0.165161,2.197266,18.188480,88.439920,walking_abha_new
1771603862.756612,0.400757,-0.740112,-0.193359,11.169430,18.798830,95.947260,walking_abha_new
1771603862.770986,0.428223,-0.797241,-0.223145,26.062010,9.399414,87.585440,walking_abha_new
1771603862.7925668,0.397217,-0.881836,-0.237427,40.954580,-0.854492,71.960460,walking_abha_new
1771603862.812338,0.455933,-0.969116,-0.245483,49.987780,7.873534,64.575200,walking_abha_new
1771603862.8332777,0.580811,-0.976807,-0.300049,51.330560,-4.089356,70.251480,walking_abha_new
1771603862.8556507,0.612427,-0.880249,-0.337402,49.743640,-30.273430,70.556640,walking_abha_new
1771603862.8741682,0.483643,-0.780274,-0.303833,48.339840,-42.663560,65.246600,walking_abha_new
1771603862.8960462,0.300293,-0.649780,-0.251099,31.127924,-12.084960,70.495620,walking_abha_new
1771603862.9159489,0.357056,-0.616944,-0.270508,23.376460,12.573240,67.321800,walking_abha_new
1771603862.9306874,0.485718,-0.634278,-0.294312,18.188480,17.944340,63.537590,walking_abha_new
1771603862.9575484,0.552612,-0.647827,-0.305664,13.854978,9.216310,63.781730,walking_abha_new
1771603862.9722593,0.563110,-0.677124,-0.309326,10.437010,0.549316,61.950680,walking_abha_new
1771603862.9932137,0.568237,-0.710694,-0.328613,7.019042,-2.380371,61.462400,walking_abha_new
1771603863.0155096,0.607422,-0.728882,-0.364014,3.479003,-0.549316,61.523430,walking_abha_new
1771603863.0410953,0.670166,-0.716431,-0.407837,3.234863,-6.469726,51.208480,walking_abha_new
1771603863.0563953,0.680298,-0.727783,-0.422119,3.295898,-15.991210,43.640120,walking_abha_new
1771603863.078374,0.653809,-0.785645,-0.414307,-3.540038,-21.362300,36.987310,walking_abha_new
1771603863.175435,0.682739,-1.046387,-0.371948,-12.512204,-12.695310,15.014646,walking_abha_new
1771603863.175435,0.655762,-1.134644,-0.341797,-22.949216,4.394532,8.056642,walking_abha_new
1771603863.175435,0.705933,-1.252076,-0.333496,-22.277830,17.089850,-6.652830,walking_abha_new
1771603863.175435,0.727417,-1.392334,-0.351318,-26.794430,31.494136,-11.718748,walking_abha_new
1771603863.1964836,0.654175,-1.212402,-0.362061,-32.714850,49.560540,-27.587884,walking_abha_new
1771603863.2152212,0.591919,-0.910889,-0.296875,-32.836920,57.189930,-47.180160,walking_abha_new
1771603863.2359986,0.469727,-0.784180,-0.211792,-28.198240,72.082540,-65.063500,walking_abha_new
1771603863.256757,0.556030,-0.847656,-0.201172,-25.756830,75.134300,-74.768080,walking_abha_new
1771603863.273828,0.692139,-0.926026,-0.211792,-13.732908,26.062010,-88.745100,walking_abha_new
1771603863.2910495,0.676636,-0.996948,-0.167603,-8.239746,-12.329100,-92.102040,walking_abha_new
1771603863.3123932,0.629150,-1.032837,-0.132202,-8.056642,-35.400400,-84.655740,walking_abha_new
1771603863.335202,0.527832,-0.985596,-0.140991,-10.192870,-43.151840,-79.162600,walking_abha_new
1771603863.3538027,0.407105,-0.869385,-0.158203,-14.526364,-41.748040,-76.599140,walking_abha_new
1771603863.3756256,0.308594,-0.731445,-0.179810,-14.709470,-27.038570,-76.416040,walking_abha_new
1771603863.3957305,0.261841,-0.635132,-0.194702,-17.272950,-17.333990,-78.857440,walking_abha_new
1771603863.4163039,0.291870,-0.597656,-0.195190,-19.226080,8.117676,-79.528820,walking_abha_new
1771603863.430735,0.295776,-0.573853,-0.175049,-16.479492,9.521484,-82.031240,walking_abha_new
1771603863.453188,0.310425,-0.603150,-0.109619,-18.493652,8.178714,-81.848140,walking_abha_new
1771603863.4739041,0.334473,-0.664551,-0.107300,-15.686032,0.366211,-79.467800,walking_abha_new
1771603863.4957912,0.319946,-0.734253,-0.112915,-15.014646,-6.164550,-74.523940,walking_abha_new
1771603863.513805,0.309937,-0.791260,-0.127686,-18.066410,-5.981444,-62.377920,walking_abha_new
1771603863.53581,0.307129,-0.852295,-0.146362,-19.775390,0.122070,-49.133290,walking_abha_new
1771603863.5557346,0.332520,-0.934204,-0.146362,-20.080560,7.934570,-35.217290,walking_abha_new
1771603863.577717,0.359131,-0.971924,-0.122681,-21.484370,17.211920,-18.127448,walking_abha_new
1771603863.5942914,0.343750,-0.920898,-0.104980,-17.944340,20.690910,-1.525878,walking_abha_new
1771603863.6166873,0.395874,-0.932251,-0.133057,-9.094240,16.845708,13.183590,walking_abha_new
1771603863.6328135,0.507935,-1.120972,-0.139893,2.197266,3.967285,29.846190,walking_abha_new
1771603863.652087,0.548218,-1.290162,-0.084473,15.563964,-16.601568,57.312000,walking_abha_new
1771603863.673554,0.433350,-1.028809,-0.109131,15.502928,-10.620116,77.148440,walking_abha_new
1771603863.6938436,0.349854,-0.773438,-0.175537,19.165040,-0.793457,91.979960,walking_abha_new
1771603863.715738,0.372925,-0.729370,-0.255493,27.038570,3.967285,94.970680,walking_abha_new
1771603863.736306,0.433228,-0.835449,-0.274170,35.217290,-1.586914,87.768540,walking_abha_new
1771603863.7567396,0.401856,-0.878174,-0.277344,41.809080,-8.850100,78.125000,walking_abha_new
1771603863.778064,0.422852,-0.916138,-0.287598,45.288080,-4.089356,74.157740,walking_abha_new
1771603863.7914166,0.477173,-0.927124,-0.337524,45.288080,-7.263182,74.890140,walking_abha_new
1771603863.8128078,0.479858,-0.872681,-0.370361,40.771480,-18.554690,73.425300,walking_abha_new
1771603863.8353739,0.363281,-0.739624,-0.377197,32.592780,-16.784670,76.477060,walking_abha_new
1771603863.854362,0.351440,-0.679932,-0.385986,23.803708,1.525878,77.270520,walking_abha_new
1771603863.8749154,0.422363,-0.664917,-0.387085,14.038084,13.732908,81.237760,walking_abha_new
1771603863.895927,0.493042,-0.662110,-0.360962,9.033204,10.437010,79.589840,walking_abha_new
1771603863.916345,0.525879,-0.691528,-0.342041,5.554198,2.502442,75.012220,walking_abha_new
1771603863.9344053,0.542969,-0.746460,-0.348389,0.000000,0.305176,74.035660,walking_abha_new
1771603863.951026,0.572022,-0.766846,-0.367554,-5.126952,4.638672,67.199720,walking_abha_new
1771603863.9741383,0.624390,-0.805420,-0.370606,-5.981444,8.239746,57.434080,walking_abha_new
1771603863.9933805,0.633789,-0.820557,-0.363281,-9.033204,11.657712,51.330560,walking_abha_new
1771603864.0178623,0.636841,-0.763794,-0.351807,-10.559080,10.803220,42.846670,walking_abha_new
1771603864.037068,0.649780,-0.792847,-0.332764,-9.338380,5.310058,26.428220,walking_abha_new
1771603864.0552678,0.675659,-0.841919,-0.325440,-9.277344,5.432128,9.826660,walking_abha_new
1771603864.0771172,0.674194,-0.944336,-0.293457,-11.901852,7.446288,7.080076,walking_abha_new
1771603864.0906007,0.686157,-1.044678,-0.264771,-14.404296,14.221190,0.732422,walking_abha_new
1771603864.1112401,0.766846,-1.220459,-0.261597,-12.023924,15.136716,-8.728030,walking_abha_new
1771603864.1348453,0.785156,-1.374146,-0.295898,-14.221190,18.188480,-10.559080,walking_abha_new
1771603864.1525576,0.685791,-1.152100,-0.317383,-18.249516,29.479976,-25.085448,walking_abha_new
1771603864.1742315,0.527466,-0.877686,-0.233521,-25.268550,48.767080,-39.550780,walking_abha_new
1771603864.1961079,0.546997,-0.802246,-0.172852,-23.559568,54.016100,-51.147450,walking_abha_new
1771603864.2150743,0.596070,-0.981201,-0.154907,-17.578130,54.748520,-76.965340,walking_abha_new
1771603864.236362,0.631714,-0.984497,-0.125855,-15.930172,48.522940,-83.496060,walking_abha_new
1771603864.253939,0.661621,-0.966553,-0.114746,-11.413570,33.630380,-86.242660,walking_abha_new
1771603864.2707222,0.658203,-0.939087,-0.155151,-3.662109,9.826660,-91.125460,walking_abha_new
1771603864.2919364,0.604004,-0.882202,-0.219971,9.521484,-12.451170,-99.182100,walking_abha_new
1771603864.3126016,0.479858,-0.785889,-0.251465,19.470220,-35.095220,-106.994600,walking_abha_new
1771603864.3393142,0.332886,-0.681885,-0.247314,23.193352,-51.574700,-112.243640,walking_abha_new
1771603864.3558578,0.250855,-0.633301,-0.207764,19.348150,-50.781240,-110.412580,walking_abha_new
1771603864.374748,0.250122,-0.613037,-0.191528,15.136716,-38.757330,-107.666000,walking_abha_new
1771603864.3963609,0.269043,-0.645874,-0.171143,14.160152,-35.278320,-105.163560,walking_abha_new
1771603864.4169767,0.316772,-0.701660,-0.171875,6.469726,-36.193860,-91.857900,walking_abha_new
1771603864.4316497,0.303345,-0.785034,-0.174072,1.281738,-36.193860,-81.298800,walking_abha_new
1771603864.4879992,0.264771,-0.845825,-0.166260,-7.812498,-31.249992,-67.443860,walking_abha_new
1771603864.5006428,0.232300,-0.854980,-0.155518,-17.517090,-16.235352,-51.940910,walking_abha_new
1771603864.5006428,0.231812,-0.867310,-0.159790,-22.644040,4.699708,-38.146980,walking_abha_new
1771603864.5147893,0.293945,-0.923218,-0.153198,-25.207516,21.606440,-24.719230,walking_abha_new
1771603864.5346527,0.341553,-0.934570,-0.118286,-23.986810,29.846190,-9.460450,walking_abha_new
1771603864.5563078,0.338623,-0.934937,-0.091187,-16.723632,24.597160,7.446288,walking_abha_new
1771603864.5764997,0.403931,-1.074952,-0.098633,-9.033204,17.211920,27.893060,walking_abha_new
1771603864.596201,0.560669,-1.458130,-0.030396,3.723144,2.319336,60.791000,walking_abha_new
1771603864.6145823,0.541016,-1.402710,0.005615,6.774902,0.183105,82.946760,walking_abha_new
1771603864.631798,0.436768,-0.953003,-0.102051,10.131832,5.187988,104.248040,walking_abha_new
1771603864.6544998,0.376099,-0.649658,-0.247559,20.812980,0.549316,115.722640,walking_abha_new
1771603864.6760206,0.412232,-0.633667,-0.320313,37.780760,-19.653320,107.177720,walking_abha_new
1771603864.6953046,0.416016,-0.794068,-0.301392,51.696770,-46.386710,89.965800,walking_abha_new
1771603864.7150743,0.347290,-0.877197,-0.262207,58.410640,-55.114740,75.317400,walking_abha_new
1771603864.7351584,0.392578,-0.930420,-0.239624,56.335440,-47.180160,75.195320,walking_abha_new
1771603864.7567308,0.426636,-0.928589,-0.257202,50.292960,-41.137680,75.927740,walking_abha_new
1771603864.77715,0.346924,-0.875610,-0.278442,42.419420,-32.836920,70.190440,walking_abha_new
1771603864.7916896,0.273560,-0.754639,-0.316284,27.343748,2.136231,66.345240,walking_abha_new
1771603864.8122296,0.348755,-0.664307,-0.357056,17.761230,22.277830,65.856940,walking_abha_new
1771603864.8340905,0.486328,-0.619995,-0.364258,17.700200,21.606440,53.405750,walking_abha_new
1771603864.8539991,0.552612,-0.682617,-0.335571,16.174320,6.530760,61.279280,walking_abha_new
1771603864.8683298,0.514526,-0.701660,-0.340698,11.657712,0.183105,61.523430,walking_abha_new
1771603864.8957407,0.510132,-0.731079,-0.359009,6.164550,5.310058,56.213370,walking_abha_new
1771603864.9193265,0.584595,-0.763184,-0.364746,1.831054,12.451170,51.635740,walking_abha_new
1771603864.9321547,0.625244,-0.772339,-0.355103,-2.136231,14.465330,47.302240,walking_abha_new
1771603864.9523647,0.646606,-0.746582,-0.340698,-4.028321,10.009768,38.635260,walking_abha_new
1771603864.9719703,0.663330,-0.752320,-0.340088,-3.845214,-1.831054,25.390620,walking_abha_new
1771603865.0159457,0.677612,-0.839112,-0.351685,-4.272462,-2.746581,13.183590,walking_abha_new
1771603865.0159457,0.718994,-0.944336,-0.339111,-6.652830,-5.615234,7.629394,walking_abha_new
1771603865.0428343,0.696411,-1.048340,-0.313355,-10.498044,-4.516602,-0.854492,walking_abha_new
1771603865.1305442,0.803955,-1.413208,-0.296021,-10.559080,4.943848,-21.850580,walking_abha_new
1771603865.1305442,0.763550,-1.391602,-0.336670,-14.709470,12.451170,-27.648920,walking_abha_new
1771603865.1305442,0.663940,-1.162232,-0.321655,-16.418460,23.986810,-47.851560,walking_abha_new
1771603865.1305442,0.598389,-0.910889,-0.239258,-20.141600,31.005852,-58.410640,walking_abha_new
1771603865.1529346,0.533325,-0.753174,-0.197144,-13.549804,28.869624,-74.218760,walking_abha_new
1771603865.175985,0.593750,-0.831909,-0.200317,-0.915527,12.268064,-98.571760,walking_abha_new
1771603865.1942372,0.645142,-0.901734,-0.201172,2.868652,-14.343260,-104.858380,walking_abha_new
1771603865.2226818,0.650635,-0.956665,-0.175537,4.333496,-43.090810,-105.041500,walking_abha_new
1771603865.23596,0.588867,-0.989258,-0.158081,0.610352,-60.424800,-102.539040,walking_abha_new
1771603865.2512755,0.495606,-0.956299,-0.154541,-4.455568,-57.983390,-99.792460,walking_abha_new
1771603865.2739978,0.372925,-0.839966,-0.154907,-9.704590,-45.959460,-97.351060,walking_abha_new
1771603865.2924297,0.310425,-0.734375,-0.167603,-13.549804,-31.738280,-98.876940,walking_abha_new
1771603865.3142302,0.311035,-0.651978,-0.201782,-15.624996,-11.474608,-99.914540,walking_abha_new
1771603865.3360827,0.311646,-0.624024,-0.205933,-13.122556,-4.089356,-102.416960,walking_abha_new
1771603865.3551533,0.302368,-0.641113,-0.156372,-20.996090,4.455568,-99.182100,walking_abha_new
1771603865.37463,0.289429,-0.669434,-0.119263,-24.536130,7.812498,-91.796860,walking_abha_new
1771603865.3976,0.320435,-0.730713,-0.098389,-28.747552,10.742184,-82.153300,walking_abha_new
1771603865.4162498,0.341431,-0.792114,-0.096191,-35.888680,15.014646,-68.481460,walking_abha_new
1771603865.4357347,0.333130,-0.822754,-0.131470,-34.545900,11.779784,-54.199210,walking_abha_new
1771603865.4515083,0.329102,-0.847412,-0.156128,-34.179700,14.831540,-42.480460,walking_abha_new
1771603865.4719448,0.334961,-0.901367,-0.171631,-33.508300,24.230950,-28.991692,walking_abha_new
1771603865.4966395,0.357910,-0.938110,-0.172119,-32.775880,31.433100,-12.023924,walking_abha_new
1771603865.51338,0.375488,-0.913086,-0.147461,-29.418940,35.278320,5.493162,walking_abha_new
1771603865.5350318,0.389282,-0.998779,-0.130981,-23.254390,22.949216,23.681636,walking_abha_new
1771603865.5858963,0.503540,-1.332032,-0.050537,-9.033204,8.850100,57.250960,walking_abha_new
1771603865.5858963,0.529419,-1.352051,-0.021851,-2.441407,9.033204,80.566400,walking_abha_new
1771603865.5996642,0.468628,-0.982422,-0.108765,-0.549316,10.803220,105.224600,walking_abha_new
1771603865.6119587,0.419434,-0.684692,-0.213989,5.920409,6.103514,124.572720,walking_abha_new
1771603865.6342387,0.412598,-0.604004,-0.297119,17.456060,-6.042480,126.586900,walking_abha_new
1771603865.658841,0.436157,-0.741577,-0.289795,31.188960,-22.766110,115.478500,walking_abha_new
1771603865.6733215,0.409058,-0.859986,-0.265381,39.917000,-31.433100,104.858380,walking_abha_new
1771603865.6944568,0.464966,-0.923218,-0.250732,41.687000,-31.005852,102.050760,walking_abha_new
1771603865.7153332,0.547974,-0.923218,-0.247314,40.344230,-34.973150,105.163560,walking_abha_new
1771603865.736295,0.409180,-0.844971,-0.274292,34.545900,-31.433100,99.121060,walking_abha_new
1771603865.756022,0.343750,-0.765625,-0.301636,24.719230,-8.605960,96.496560,walking_abha_new
1771603865.7715955,0.388916,-0.701904,-0.325806,16.845708,13.488768,94.787580,walking_abha_new
1771603865.7940772,0.503052,-0.688477,-0.346191,14.648436,16.357424,88.500960,walking_abha_new
1771603865.815524,0.566284,-0.703125,-0.349976,15.258788,3.723144,80.505360,walking_abha_new
1771603865.8365932,0.553833,-0.730713,-0.344971,13.183590,-5.615234,74.035660,walking_abha_new
1771603865.8541956,0.503906,-0.765381,-0.354980,5.798338,1.403808,72.387700,walking_abha_new
1771603865.8900359,0.540528,-0.776123,-0.361084,-2.075196,18.127448,69.030760,walking_abha_new
1771603865.9321573,0.636841,-0.787964,-0.360474,-5.187988,25.085448,61.279280,walking_abha_new
1771603865.9380248,0.671387,-0.778931,-0.362671,-6.774902,21.301268,53.039540,walking_abha_new
1771603865.9449816,0.681519,-0.750244,-0.353882,-8.605960,12.634276,38.940440,walking_abha_new
1771603865.9555252,0.700440,-0.798462,-0.349487,-9.094240,8.422854,27.343748,walking_abha_new
1771603865.9729352,0.692993,-0.876831,-0.338501,-10.681150,10.375976,15.441892,walking_abha_new
1771603865.9962833,0.699585,-0.936768,-0.314575,-14.221190,13.793944,6.591796,walking_abha_new
1771603866.0161338,0.751099,-1.095948,-0.295654,-11.962890,12.695310,-9.704590,walking_abha_new
1771603866.0345447,0.846436,-1.378662,-0.301025,-10.620116,10.192870,-14.221190,walking_abha_new
1771603866.0664923,0.770508,-1.377442,-0.322510,-14.831540,19.531250,-25.024410,walking_abha_new
1771603866.078448,0.678345,-1.085816,-0.302246,-15.686032,30.151360,-44.921860,walking_abha_new
1771603866.09215,0.516602,-0.879517,-0.224854,-19.653320,48.156730,-58.593740,walking_abha_new
1771603866.111245,0.593262,-0.820923,-0.215820,-5.249022,40.344230,-91.369600,walking_abha_new
1771603866.1381156,0.625854,-0.927368,-0.226196,2.258301,20.263670,-105.957000,walking_abha_new
1771603866.1530175,0.646851,-1.000610,-0.226074,4.821778,-8.544924,-108.581520,walking_abha_new
1771603866.1736302,0.636108,-1.043457,-0.191895,7.019042,-34.057620,-108.581520,walking_abha_new
1771603866.1950836,0.545166,-1.036011,-0.188232,3.173828,-47.912590,-106.567360,walking_abha_new
1771603866.215318,0.411865,-0.934204,-0.205322,0.488281,-39.306640,-102.722160,walking_abha_new
1771603866.2361336,0.309937,-0.787842,-0.232666,-0.854492,-28.564450,-102.600080,walking_abha_new
1771603866.2570465,0.285889,-0.685425,-0.251465,-0.610352,-27.954100,-105.468720,walking_abha_new
1771603866.2778814,0.264771,-0.649780,-0.235596,-0.793457,-21.667476,-106.506320,walking_abha_new
1771603866.297722,0.232666,-0.675781,-0.202637,-5.187988,-13.732908,-103.027320,walking_abha_new
1771603866.316457,0.270386,-0.692139,-0.146362,-10.681150,-3.173828,-95.092760,walking_abha_new
1771603866.3335176,0.280396,-0.717407,-0.143433,-14.038084,0.488281,-86.303700,walking_abha_new
1771603866.3563871,0.291504,-0.748413,-0.168701,-17.333990,2.868652,-75.866700,walking_abha_new
1771603866.3759372,0.290405,-0.796997,-0.180298,-21.118160,6.713866,-65.002440,walking_abha_new
1771603866.4110053,0.286865,-0.831421,-0.177002,-22.705070,9.582520,-53.466780,walking_abha_new
1771603866.4169564,0.312256,-0.865479,-0.184326,-23.925780,17.333990,-42.602530,walking_abha_new
1771603866.43743,0.344605,-0.943726,-0.181397,-23.803708,23.803708,-29.785150,walking_abha_new
1771603866.4584398,0.377197,-0.979492,-0.152100,-21.179192,25.939940,-13.916012,walking_abha_new
1771603866.5248847,0.379150,-0.970337,-0.162231,-19.042970,16.296390,3.173828,walking_abha_new
1771603866.5248847,0.464233,-1.149780,-0.141724,-13.793944,2.685546,31.921380,walking_abha_new
1771603866.5248847,0.501465,-1.339844,-0.068970,-9.826660,4.028321,52.368160,walking_abha_new
1771603866.5248847,0.479858,-1.265625,-0.058594,-10.742184,18.798830,74.218760,walking_abha_new
1771603866.5552828,0.451416,-0.939331,-0.148926,-9.460450,33.386240,93.566880,walking_abha_new
1771603866.5765834,0.473267,-0.747681,-0.279419,-4.577638,36.560060,103.454560,walking_abha_new
1771603866.5970285,0.499634,-0.700073,-0.351563,7.385252,23.620600,97.900360,walking_abha_new
1771603866.6153107,0.482056,-0.759278,-0.369141,18.920900,4.760742,86.364740,walking_abha_new
1771603866.63142,0.465210,-0.809204,-0.386841,24.841304,-5.432128,76.110840,walking_abha_new
1771603866.652701,0.545288,-0.825073,-0.395264,25.085448,-14.343260,70.434580,walking_abha_new
1771603866.6760085,0.539062,-0.786377,-0.382324,24.230950,-29.052730,67.199720,walking_abha_new
1771603866.6947021,0.337402,-0.712891,-0.366089,13.854978,-25.390620,61.645500,walking_abha_new
1771603866.7150435,0.283447,-0.655640,-0.362793,1.708984,2.319336,59.692380,walking_abha_new
1771603866.7383769,0.359619,-0.636353,-0.350464,-10.620116,27.038570,63.232410,walking_abha_new
1771603866.751164,0.458130,-0.622070,-0.331909,-15.869140,34.790040,64.758300,walking_abha_new
1771603866.778655,0.520264,-0.638306,-0.307129,-18.066410,31.127924,64.392100,walking_abha_new
1771603866.7970216,0.561768,-0.648316,-0.301148,-20.019532,22.949216,64.514160,walking_abha_new
1771603866.8121917,0.591309,-0.680420,-0.310303,-20.019532,15.808104,61.950680,walking_abha_new
1771603866.8552506,0.637207,-0.740234,-0.317993,-19.775390,11.596676,59.082020,walking_abha_new
1771603866.8552506,0.682007,-0.766358,-0.319702,-17.395020,5.004884,52.612300,walking_abha_new
1771603866.8860784,0.647949,-0.715698,-0.286621,-13.854978,0.305176,44.189440,walking_abha_new
1771603866.8954263,0.650635,-0.700928,-0.267456,-11.535644,-0.244141,38.879400,walking_abha_new
1771603866.9157856,0.693237,-0.773071,-0.278076,-8.300784,-2.685546,29.968260,walking_abha_new
1771603866.940173,0.738770,-0.849976,-0.276123,-5.432128,-5.859374,19.409180,walking_abha_new
1771603866.9530544,0.726074,-0.953369,-0.249146,-3.112792,-2.502442,9.399414,walking_abha_new
1771603866.9731097,0.751099,-1.088257,-0.220459,-2.441407,8.666994,4.089356,walking_abha_new
1771603866.9961874,0.891724,-1.347656,-0.257935,-0.061035,11.413570,10.803220,walking_abha_new
1771603867.0152287,0.910889,-1.379028,-0.315918,-2.563476,12.207030,3.479003,walking_abha_new
1771603867.0346456,0.734863,-1.055298,-0.301514,-3.295898,22.521970,-13.732908,walking_abha_new
1771603867.054835,0.617310,-0.750122,-0.218994,-7.263182,34.301760,-28.503410,walking_abha_new
1771603867.076367,0.654297,-0.671387,-0.200439,12.817380,20.019532,-61.767570,walking_abha_new
1771603867.0963452,0.714234,-0.786743,-0.190064,24.230950,-2.746581,-83.496060,walking_abha_new
1771603867.1121445,0.748413,-0.884888,-0.173218,31.555170,-37.780760,-92.041000,walking_abha_new
1771603867.139659,0.736084,-0.960694,-0.156372,36.865240,-72.326660,-95.581040,walking_abha_new
1771603867.153856,0.656250,-0.978516,-0.166992,39.733900,-90.942360,-98.022440,walking_abha_new
1771603867.1758523,0.538574,-0.905518,-0.195435,38.146980,-95.825180,-97.106900,walking_abha_new
1771603867.1953325,0.442871,-0.782959,-0.238037,36.621100,-96.557600,-96.313460,walking_abha_new
1771603867.2150145,0.352661,-0.708618,-0.259522,30.700680,-100.585920,-94.726540,walking_abha_new
1771603867.2352858,0.272095,-0.662720,-0.276001,25.024410,-101.135240,-91.491680,walking_abha_new
1771603867.2569833,0.212036,-0.659058,-0.254883,12.023924,-63.842760,-82.824700,walking_abha_new
1771603867.278798,0.198608,-0.685913,-0.209595,-0.915527,-36.743170,-76.110840,walking_abha_new
1771603867.292752,0.237671,-0.711426,-0.179810,-12.390136,-18.249516,-65.246600,walking_abha_new
1771603867.312281,0.258301,-0.754028,-0.177612,-19.775390,-6.958006,-55.603020,walking_abha_new
1771603867.3332336,0.256104,-0.788940,-0.186646,-25.512690,2.258301,-46.813960,walking_abha_new
1771603867.3538613,0.257690,-0.826294,-0.193604,-31.311030,15.747068,-37.170420,walking_abha_new
1771603867.3756707,0.275757,-0.901612,-0.196411,-30.517570,23.864740,-28.747552,walking_abha_new
1771603867.396241,0.290039,-0.977173,-0.182251,-31.005852,33.447270,-18.798830,walking_abha_new
1771603867.4166853,0.266480,-0.976562,-0.130005,-29.235832,40.832510,-6.591796,walking_abha_new
1771603867.4307497,0.285889,-0.952393,-0.106934,-25.268550,48.950180,6.591796,walking_abha_new
1771603867.4514904,0.454956,-1.120728,-0.145020,-15.136716,39.245610,26.916500,walking_abha_new
1771603867.4739554,0.531250,-1.302002,-0.099365,-5.187988,18.981940,38.940440,walking_abha_new
1771603867.492249,0.447632,-1.222290,-0.058350,1.342773,8.911134,52.856440,walking_abha_new
1771603867.5066621,0.356445,-0.934570,-0.112427,7.629394,12.145992,68.786640,walking_abha_new
1771603867.5341077,0.368286,-0.784302,-0.212524,16.479492,14.282224,79.834000,walking_abha_new
1771603867.555252,0.400146,-0.756470,-0.273193,27.343748,5.126952,79.284680,walking_abha_new
1771603867.575599,0.380737,-0.785645,-0.282837,37.658700,-10.925290,73.913600,walking_abha_new
1771603867.5911744,0.349487,-0.853638,-0.294800,46.691880,-7.873534,65.063500,walking_abha_new
1771603867.6155295,0.413330,-0.924561,-0.322144,46.936020,-11.962890,62.927240,walking_abha_new
1771603867.635471,0.482544,-0.884644,-0.369507,39.672860,-31.860350,65.612800,walking_abha_new
1771603867.654463,0.341187,-0.791992,-0.356567,33.569340,-31.005852,64.392100,walking_abha_new
1771603867.677065,0.238770,-0.695068,-0.351563,21.118160,-5.493162,65.246600,walking_abha_new
1771603867.7016997,0.261719,-0.641358,-0.356445,8.728030,27.709956,66.955580,walking_abha_new
1771603867.722318,0.351196,-0.621338,-0.355591,1.403808,43.945300,61.645500,walking_abha_new
1771603867.7428386,0.473755,-0.661133,-0.351563,1.464844,40.588370,53.833000,walking_abha_new
1771603867.7565181,0.525513,-0.720947,-0.350830,-4.760742,32.104500,63.110340,walking_abha_new
1771603867.7804763,0.584106,-0.723145,-0.373779,-6.225584,21.850580,58.837880,walking_abha_new
1771603867.7921855,0.624512,-0.754395,-0.377075,-5.798338,11.291500,55.908200,walking_abha_new
1771603867.8123345,0.621094,-0.773316,-0.379150,-8.361816,7.934570,53.955070,walking_abha_new
1771603867.8329499,0.666138,-0.762329,-0.374390,-7.141112,1.098633,37.841800,walking_abha_new
1771603867.8684342,0.676880,-0.808716,-0.367066,-7.629394,-2.380371,30.273430,walking_abha_new
1771603867.9127092,0.714478,-0.882812,-0.359619,-9.094240,-4.821778,21.728510,walking_abha_new
1771603867.9233322,0.717407,-0.962769,-0.338135,-11.352536,-5.187988,17.761230,walking_abha_new
1771603867.9233322,0.686035,-1.010498,-0.312134,-13.793944,4.333496,6.042480,walking_abha_new
1771603867.9366217,0.764160,-1.136841,-0.308472,-11.962890,9.948730,-5.615234,walking_abha_new
1771603867.9542065,0.851685,-1.371216,-0.344971,-12.207030,11.352536,-1.708984,walking_abha_new
1771603868.0007486,0.789185,-1.264404,-0.361816,-15.380856,18.005376,-14.526364,walking_abha_new
1771603868.0007486,0.626099,-0.942627,-0.291016,-17.517090,31.005852,-31.188960,walking_abha_new
1771603868.0107837,0.544800,-0.685303,-0.202026,-14.282224,42.968740,-55.175770,walking_abha_new
1771603868.0349202,0.626953,-0.757202,-0.206909,-1.525878,29.174800,-73.181160,walking_abha_new
1771603868.0557668,0.694946,-0.876709,-0.218750,6.164550,1.708984,-84.777800,walking_abha_new
1771603868.07616,0.725830,-0.977173,-0.206543,9.643556,-33.813480,-87.280260,walking_abha_new
1771603868.0964417,0.691040,-1.033448,-0.178955,10.803220,-59.265120,-85.754380,walking_abha_new
1771603868.1147687,0.584229,-1.012574,-0.178711,5.676268,-63.964840,-84.960920,walking_abha_new
1771603868.1328561,0.448730,-0.879639,-0.184204,0.000000,-55.236800,-84.960920,walking_abha_new
1771603868.1524997,0.350952,-0.738770,-0.214600,-3.845214,-40.161120,-89.477520,walking_abha_new
1771603868.177057,0.304810,-0.631470,-0.251831,-5.187988,-28.503410,-95.031720,walking_abha_new
1771603868.1954587,0.319580,-0.590454,-0.257080,-5.737304,-13.244628,-100.341780,walking_abha_new
1771603868.215042,0.286377,-0.642456,-0.213989,-8.483890,-9.460450,-100.769020,walking_abha_new
1771603868.2390928,0.286133,-0.675171,-0.146240,-18.310550,2.685546,-97.229000,walking_abha_new
1771603868.2573879,0.285156,-0.730835,-0.124634,-23.376460,11.474608,-87.890600,walking_abha_new
1771603868.277694,0.312988,-0.783692,-0.138794,-26.733390,18.310550,-78.796400,walking_abha_new
1771603868.307911,0.330200,-0.819336,-0.162476,-27.709956,20.080560,-70.373540,walking_abha_new
1771603868.3197684,0.311646,-0.824219,-0.178955,-28.747552,22.155760,-58.898920,walking_abha_new
1771603868.3339398,0.309937,-0.852539,-0.194702,-28.137200,27.160640,-45.410140,walking_abha_new
1771603868.3540244,0.346069,-0.923340,-0.191528,-27.893060,34.484870,-30.090330,walking_abha_new
1771603868.3758576,0.357056,-0.946411,-0.153564,-22.460930,30.944820,-14.648436,walking_abha_new
1771603868.3958595,0.401001,-1.064087,-0.085815,-8.850100,22.644040,13.305660,walking_abha_new
1771603868.4158342,0.539795,-1.359742,-0.033936,5.798338,12.939450,37.597660,walking_abha_new
1771603868.4358428,0.634155,-1.543579,0.005859,18.798830,3.234863,60.668940,walking_abha_new
1771603868.4511852,0.573120,-1.182740,-0.067749,19.042970,-2.807617,83.557100,walking_abha_new
1771603868.478259,0.444580,-0.667358,-0.217163,23.376460,-11.718748,105.895980,walking_abha_new
1771603868.492649,0.348389,-0.419678,-0.298828,33.935560,-27.404780,110.900860,walking_abha_new
1771603868.5136733,0.356934,-0.574829,-0.277344,52.856440,-44.189440,96.130360,walking_abha_new
1771603868.5362835,0.366333,-0.780152,-0.219727,63.110340,-54.748520,78.735360,walking_abha_new
1771603868.5747705,0.409180,-0.874878,-0.194458,69.458020,-48.461900,69.396980,walking_abha_new
1771603868.5767772,0.510132,-0.921265,-0.246338,67.504900,-56.518540,74.462900,walking_abha_new
1771603868.5963666,0.448242,-0.933228,-0.323364,56.030260,-70.251480,71.594240,walking_abha_new
1771603868.612934,0.233521,-0.845459,-0.308350,44.189440,-44.555660,70.983900,walking_abha_new
1771603868.631684,0.155151,-0.749146,-0.314819,26.977532,10.742184,75.500500,walking_abha_new
1771603868.6540549,0.326172,-0.673828,-0.389404,15.686032,48.889150,77.575700,walking_abha_new
1771603868.6736758,0.522827,-0.634033,-0.439209,18.127448,45.593250,62.194820,walking_abha_new
1771603868.6964226,0.629395,-0.700684,-0.408081,20.263670,15.991210,66.284200,walking_abha_new
1771603868.715127,0.571533,-0.699585,-0.399658,14.648436,-3.173828,68.481460,walking_abha_new
1771603868.735977,0.564087,-0.748047,-0.413696,9.765626,-8.911134,66.406260,walking_abha_new
1771603868.7642267,0.587280,-0.777100,-0.431885,3.540038,-4.577638,63.537590,walking_abha_new
1771603868.7786412,0.602783,-0.739014,-0.420654,-3.784179,1.647949,48.767080,walking_abha_new
1771603868.7978117,0.598633,-0.734253,-0.401489,-7.568358,4.516602,40.588370,walking_abha_new
1771603868.8127832,0.647583,-0.775024,-0.400513,-10.925290,5.859374,30.273430,walking_abha_new
1771603868.8347042,0.709595,-0.861938,-0.394531,-14.526364,3.845214,20.019532,walking_abha_new
1771603868.8542464,0.720947,-0.989258,-0.359985,-20.141600,2.441407,17.639160,walking_abha_new
1771603868.8760412,0.689209,-1.068360,-0.298340,-23.376460,9.216310,0.000000,walking_abha_new
1771603868.8961549,0.778076,-1.255005,-0.278076,-20.874020,13.305660,-6.896972,walking_abha_new
1771603868.9156713,0.802002,-1.443848,-0.332520,-24.169920,23.498530,-10.864256,walking_abha_new
1771603868.934983,0.782471,-1.339356,-0.351685,-26.977532,33.630380,-33.325200,walking_abha_new
1771603868.9516327,0.637695,-1.042603,-0.266235,-29.052730,46.142570,-49.865720,walking_abha_new
1771603868.9720588,0.506958,-0.760620,-0.181519,-25.756830,62.866200,-69.885260,walking_abha_new
1771603869.0082176,0.589722,-0.775024,-0.202881,-14.404296,54.382320,-89.660640,walking_abha_new
1771603869.015756,0.660767,-0.835694,-0.212647,-5.065916,28.198240,-105.651840,walking_abha_new
1771603869.037337,0.682984,-0.893677,-0.179199,-0.061035,-4.516602,-109.863260,walking_abha_new
1771603869.0557175,0.681152,-0.924316,-0.157471,1.708984,-33.264160,-107.177720,walking_abha_new
1771603869.0755894,0.599854,-0.905640,-0.162231,-1.770019,-52.307120,-103.698700,walking_abha_new
1771603869.0899901,0.473145,-0.829590,-0.169067,-4.333496,-51.635740,-100.524880,walking_abha_new
1771603869.1131113,0.365723,-0.721314,-0.184937,-7.141112,-45.288080,-100.341780,walking_abha_new
1771603869.1382163,0.344849,-0.643677,-0.194824,-7.873534,-31.616208,-102.478000,walking_abha_new
1771603869.1551123,0.332398,-0.610596,-0.201782,-4.760742,-17.028810,-105.102520,walking_abha_new
1771603869.1736164,0.367188,-0.635498,-0.161621,-12.634276,-3.662109,-105.834940,walking_abha_new
1771603869.1954005,0.359375,-0.672608,-0.124512,-14.953610,-2.197266,-102.172840,walking_abha_new
1771603869.2152138,0.368774,-0.719727,-0.105835,-17.395020,-2.990722,-94.787580,walking_abha_new
1771603869.2361858,0.380982,-0.764893,-0.108887,-19.042970,-5.126952,-83.801260,walking_abha_new
1771603869.256941,0.380493,-0.790650,-0.130249,-18.859868,-7.629394,-74.035660,walking_abha_new
1771603869.2707682,0.353760,-0.847900,-0.154663,-18.371584,-1.342773,-64.270040,walking_abha_new
1771603869.2931216,0.347778,-0.919312,-0.161743,-21.240230,11.169430,-47.363270,walking_abha_new
1771603869.312543,0.345337,-0.928467,-0.156250,-24.291990,25.512690,-28.137200,walking_abha_new
1771603869.3356676,0.334351,-0.876343,-0.131958,-24.169920,36.865240,-8.972170,walking_abha_new
1771603869.3542762,0.400391,-0.913940,-0.145386,-15.869140,35.278320,19.958500,walking_abha_new
1771603869.3757908,0.486450,-1.108032,-0.131958,-8.972170,20.507810,41.076650,walking_abha_new
1771603869.3960357,0.511230,-1.216309,-0.080933,-3.479003,9.582520,64.086940,walking_abha_new
1771603869.4162269,0.451538,-1.061036,-0.077759,-2.624511,14.404296,86.486800,walking_abha_new
1771603869.4351628,0.393066,-0.853394,-0.136841,2.502442,22.521970,106.323220,walking_abha_new
1771603869.4564226,0.428711,-0.792603,-0.224121,11.352536,25.512690,113.525360,walking_abha_new
1771603869.4794803,0.477905,-0.809326,-0.279053,24.108880,13.916012,111.145000,walking_abha_new
1771603869.4940186,0.478638,-0.878662,-0.298096,38.696300,-1.647949,102.478000,walking_abha_new
1771603869.5166824,0.522827,-0.966919,-0.321899,46.691880,-9.216310,99.243160,walking_abha_new
1771603869.5345945,0.661743,-0.893799,-0.386230,48.889150,-47.973620,103.515600,walking_abha_new
1771603869.5560524,0.559448,-0.806641,-0.377441,50.537100,-71.289060,101.257300,walking_abha_new
1771603869.5766442,0.352539,-0.728638,-0.341919,44.494620,-65.734860,98.327620,walking_abha_new
1771603869.5950627,0.243042,-0.691528,-0.329346,33.142100,-34.790040,97.717260,walking_abha_new
1771603869.6109939,0.308350,-0.700440,-0.343384,21.301268,0.610352,93.444800,walking_abha_new
1771603869.633992,0.445557,-0.692993,-0.334229,15.747068,15.808104,82.824700,walking_abha_new
1771603869.657472,0.537842,-0.719971,-0.320435,13.000484,14.038084,76.232920,walking_abha_new
1771603869.6733778,0.565064,-0.728760,-0.337646,6.408690,5.920409,81.726060,walking_abha_new
1771603869.69648,0.594849,-0.716064,-0.357056,5.798338,-3.845214,72.937020,walking_abha_new
1771603869.7153785,0.590088,-0.770630,-0.349365,4.089356,-4.150392,66.894540,walking_abha_new
1771603869.7428634,0.649292,-0.773316,-0.357910,-3.173828,2.990722,57.434080,walking_abha_new
1771603869.7568505,0.680054,-0.760254,-0.350342,-2.624511,-1.281738,46.997060,walking_abha_new
1771603869.7740588,0.689453,-0.816284,-0.352173,-4.333496,-4.211426,37.414560,walking_abha_new
1771603869.8046687,0.708618,-0.885254,-0.351929,-6.103514,-2.929687,25.085448,walking_abha_new
1771603869.8265061,0.692749,-0.963257,-0.327637,-14.099120,4.516602,25.268550,walking_abha_new
1771603869.8342416,0.737427,-1.072022,-0.307373,-14.221190,8.300784,3.906249,walking_abha_new
1771603869.8575742,0.885132,-1.383912,-0.315430,-10.620116,2.624511,-6.042480,walking_abha_new
1771603869.877384,0.837769,-1.522950,-0.340942,-16.906740,9.399414,-9.338380,walking_abha_new
1771603869.8958144,0.701782,-1.215942,-0.312256,-24.291990,26.672360,-32.531740,walking_abha_new
1771603869.9156156,0.463867,-0.789795,-0.165894,-27.648920,60.485830,-62.133780,walking_abha_new
1771603869.9345183,0.539062,-0.793091,-0.177612,-19.042970,66.711440,-82.153300,walking_abha_new
1771603869.9572616,0.663696,-0.885254,-0.222290,-6.530760,47.119130,-103.515600,walking_abha_new
1771603869.9761777,0.692505,-0.962280,-0.213501,1.953124,13.305660,-113.708480,walking_abha_new
1771603869.9939425,0.692261,-1.009888,-0.172363,5.187988,-17.028810,-113.647440,walking_abha_new
1771603870.0141037,0.639160,-0.992432,-0.160156,6.591796,-36.987310,-110.595680,walking_abha_new
1771603870.0344687,0.527466,-0.930176,-0.185303,5.187988,-44.006340,-108.093240,walking_abha_new
1771603870.0559895,0.413208,-0.822754,-0.203125,1.464844,-45.837400,-104.003900,walking_abha_new
1771603870.072736,0.346680,-0.711792,-0.229858,-0.732422,-44.067380,-100.036600,walking_abha_new
1771603870.092842,0.344482,-0.631592,-0.231689,-0.732422,-37.902840,-99.243160,walking_abha_new
1771603870.1112702,0.308838,-0.604858,-0.198242,-4.699708,-32.470710,-98.693840,walking_abha_new
1771603870.1332881,0.308960,-0.636841,-0.171997,-7.141112,-29.785150,-96.862760,walking_abha_new
1771603870.1529138,0.318726,-0.692749,-0.133423,-12.451170,-26.977532,-90.454080,walking_abha_new
1771603870.1754146,0.301148,-0.734986,-0.128174,-17.333990,-23.803708,-83.618160,walking_abha_new
1771603870.1935368,0.263916,-0.778931,-0.139404,-22.399900,-14.099120,-76.232920,walking_abha_new
1771603870.2163877,0.263672,-0.817749,-0.137329,-28.076170,1.403808,-66.833500,walking_abha_new
1771603870.235771,0.299316,-0.873413,-0.135498,-31.860350,16.540530,-54.382320,walking_abha_new
1771603870.2559812,0.344727,-0.944336,-0.130371,-31.555170,27.282710,-39.367680,walking_abha_new
1771603870.2713268,0.362427,-0.956665,-0.098267,-27.832030,29.846190,-23.620600,walking_abha_new
1771603870.2978551,0.375122,-0.923218,-0.103272,-18.432620,28.381340,0.427246,walking_abha_new
1771603870.3149407,0.456909,-1.027100,-0.109253,-10.437010,21.057124,18.981940,walking_abha_new
1771603870.3328376,0.528931,-1.203858,-0.074219,-1.098633,8.361816,38.330080,walking_abha_new
1771603870.3477824,0.490845,-1.163696,-0.060547,4.211426,3.845214,58.837880,walking_abha_new
1771603870.3748162,0.404053,-0.924927,-0.106689,9.277344,9.277344,77.697760,walking_abha_new
1771603870.3954024,0.382690,-0.778687,-0.183472,15.563964,16.052250,91.247540,walking_abha_new
1771603870.416458,0.432007,-0.756348,-0.244019,26.733390,13.916012,94.482400,walking_abha_new
1771603870.4311955,0.470703,-0.807129,-0.267700,37.963880,-0.427246,90.454080,walking_abha_new
1771603870.4510922,0.463013,-0.850220,-0.272461,50.170890,-10.681150,80.017100,walking_abha_new
1771603870.4767237,0.523194,-0.912232,-0.296631,56.579580,-15.319820,80.017100,walking_abha_new
1771603870.4927552,0.585449,-0.866211,-0.370728,56.762680,-56.396480,79.101560,walking_abha_new
1771603870.5165596,0.423340,-0.765869,-0.336548,54.748520,-67.077640,73.303240,walking_abha_new
1771603870.5364335,0.251099,-0.692383,-0.304566,45.776360,-46.508780,70.373540,walking_abha_new
1771603870.5565703,0.226440,-0.663208,-0.306519,34.240730,-8.850100,68.237320,walking_abha_new
1771603870.5707633,0.344238,-0.672241,-0.339722,25.634760,15.258788,62.561020,walking_abha_new
1771603870.59709,0.441650,-0.668701,-0.351563,22.949216,18.859868,52.795400,walking_abha_new
1771603870.6127687,0.529297,-0.717529,-0.348022,20.324700,12.023924,49.621580,walking_abha_new
1771603870.6320653,0.504395,-0.726196,-0.358643,11.962890,10.498044,62.255850,walking_abha_new
1771603870.6749,0.550171,-0.718262,-0.374756,8.728030,11.413570,62.866200,walking_abha_new
1771603870.6749,0.634644,-0.745728,-0.382446,7.934570,5.493162,59.448240,walking_abha_new
1771603870.6952848,0.674683,-0.748047,-0.390259,7.995604,-5.004884,54.504380,walking_abha_new
1771603870.715418,0.684570,-0.795410,-0.390137,7.141112,-17.333990,52.490220,walking_abha_new
1771603870.736173,0.683106,-0.876099,-0.394775,3.845214,-20.751950,44.860830,walking_abha_new
1771603870.7532794,0.683716,-0.973145,-0.385620,-2.258301,-17.944340,42.236320,walking_abha_new
1771603870.7791982,0.681641,-1.047364,-0.372070,-7.202148,-8.911134,31.127924,walking_abha_new
1771603870.7937336,0.711182,-1.274292,-0.366211,-10.314940,2.258301,23.193352,walking_abha_new
1771603870.8130772,0.750122,-1.433472,-0.391602,-16.662600,16.418460,8.666994,walking_abha_new
1771603870.8404853,0.722778,-1.323120,-0.372681,-24.658200,32.531740,-6.530760,walking_abha_new
1771603870.8543367,0.587891,-1.044312,-0.282959,-31.738280,48.706040,-18.615724,walking_abha_new
1771603870.8781116,0.483521,-0.763184,-0.218262,-29.663080,70.129400,-51.208480,walking_abha_new
1771603870.9095235,0.576172,-0.841309,-0.243042,-17.883300,60.913080,-75.805680,walking_abha_new
1771603870.9229603,0.625610,-0.945312,-0.250977,-13.305660,34.484870,-88.745100,walking_abha_new
1771603870.9384532,0.617920,-0.981323,-0.210571,-11.962890,5.554198,-91.125460,walking_abha_new
1771603870.9518147,0.561402,-0.973633,-0.165405,-12.756344,-11.657712,-88.562000,walking_abha_new
1771603870.97193,0.448120,-0.921265,-0.160156,-15.197750,-10.498044,-86.120600,walking_abha_new
1771603870.995231,0.350708,-0.809204,-0.182861,-17.883300,-0.549316,-85.266100,walking_abha_new
1771603871.0137355,0.337402,-0.682617,-0.213867,-16.845708,6.958006,-87.280260,walking_abha_new
1771603871.0282147,0.353516,-0.599243,-0.213379,-12.756344,2.807617,-88.439920,walking_abha_new
1771603871.055544,0.353882,-0.579712,-0.183105,-8.239746,-9.521484,-86.425760,walking_abha_new
1771603871.0781014,0.335816,-0.591553,-0.174194,-7.690428,-15.808104,-82.458480,walking_abha_new
1771603871.0969024,0.327881,-0.631470,-0.144531,-8.422854,-21.484370,-79.589840,walking_abha_new
1771603871.1169848,0.327393,-0.689453,-0.118286,-13.122556,-22.338860,-70.739760,walking_abha_new
1771603871.1356905,0.298828,-0.740845,-0.120117,-19.409180,-17.761230,-58.959950,walking_abha_new
1771603871.1528296,0.277344,-0.779297,-0.125244,-24.719230,-5.126952,-49.621580,walking_abha_new
1771603871.1763048,0.304443,-0.842529,-0.128540,-29.174800,11.535644,-37.780760,walking_abha_new
1771603871.215776,0.364258,-0.935425,-0.132813,-32.226570,25.756830,-24.780270,walking_abha_new
1771603871.2188463,0.413574,-1.008057,-0.128662,-32.226570,30.456540,-11.169430,walking_abha_new
1771603871.2256238,0.419067,-0.989014,-0.104980,-29.602044,30.639640,1.525878,walking_abha_new
1771603871.256701,0.414673,-0.983643,-0.096191,-18.493652,26.245110,19.775390,walking_abha_new
1771603871.270532,0.465698,-1.180908,-0.106689,-7.934570,16.540530,34.545900,walking_abha_new
1771603871.2912107,0.526612,-1.331665,-0.062866,1.525878,6.835936,49.560540,walking_abha_new
1771603871.312238,0.484009,-1.172608,-0.059937,6.042480,5.798338,66.101100,walking_abha_new
1771603871.332966,0.400269,-0.883789,-0.131470,11.047360,5.798338,84.777800,walking_abha_new
1771603871.3543334,0.378052,-0.740967,-0.217163,20.385740,4.089356,92.895500,walking_abha_new
1771603871.37551,0.388184,-0.761841,-0.249756,33.630380,-6.042480,86.791960,walking_abha_new
1771603871.395812,0.379883,-0.862183,-0.236816,41.992180,-15.624996,77.392600,walking_abha_new
1771603871.4161537,0.400635,-0.923950,-0.244019,47.790520,-11.291500,70.556640,walking_abha_new
1771603871.4370973,0.501099,-0.932739,-0.295288,50.720200,-19.470220,69.274900,walking_abha_new
1771603871.4796624,0.491821,-0.854492,-0.323364,49.011220,-40.039070,65.612800,walking_abha_new
1771603871.4807942,0.386719,-0.758423,-0.330688,46.630850,-45.654280,60.791000,walking_abha_new
1771603871.4951591,0.281982,-0.680908,-0.340820,39.733900,-30.944820,57.800280,walking_abha_new
1771603871.513854,0.275024,-0.655274,-0.334473,31.249992,-7.324218,55.358880,walking_abha_new
1771603871.5280476,0.335083,-0.663696,-0.322998,21.362300,9.887696,54.809560,walking_abha_new
1771603871.5558772,0.427246,-0.674927,-0.317139,14.282224,13.977050,52.917470,walking_abha_new
1771603871.5763502,0.464356,-0.706299,-0.329346,8.972170,12.023924,52.185050,walking_abha_new
1771603871.59735,0.501465,-0.739258,-0.343506,5.004884,11.840818,51.940910,walking_abha_new
1771603871.614668,0.560547,-0.780396,-0.356567,1.831054,12.512204,51.879880,walking_abha_new
1771603871.6319673,0.628784,-0.815796,-0.360108,0.793457,5.065916,44.372550,walking_abha_new
1771603871.6535313,0.637085,-0.805176,-0.353027,-1.342773,-0.549316,40.527340,walking_abha_new
1771603871.7040384,0.643066,-0.802612,-0.360352,-3.601074,-4.333496,34.423840,walking_abha_new
1771603871.7040384,0.666870,-0.864990,-0.369629,-4.943848,-5.859374,22.827140,walking_abha_new
1771603871.7198367,0.672730,-0.939820,-0.367310,-9.033204,-7.080076,18.920900,walking_abha_new
1771603871.736759,0.659912,-0.998535,-0.349487,-13.061520,-4.089356,4.638672,walking_abha_new
1771603871.756544,0.679199,-1.142212,-0.314941,-12.695310,1.953124,-4.821778,walking_abha_new
1771603871.7756007,0.729492,-1.360840,-0.334351,-16.540530,11.352536,-7.324218,walking_abha_new
1771603871.792022,0.719971,-1.306641,-0.357544,-22.521970,20.690910,-21.850580,walking_abha_new
1771603871.8133633,0.532104,-0.905884,-0.240967,-28.076170,38.574220,-44.738760,walking_abha_new
1771603871.8299384,0.542725,-0.793335,-0.202515,-27.099608,44.494620,-54.992660,walking_abha_new
1771603871.855752,0.607300,-0.821655,-0.224854,-18.920900,31.372068,-71.044940,walking_abha_new
1771603871.878649,0.674805,-0.901856,-0.230469,-14.038084,5.310058,-84.228500,walking_abha_new
1771603871.895643,0.660156,-0.947388,-0.193115,-12.695310,-24.414060,-86.853000,walking_abha_new
1771603871.9099278,0.580566,-0.975708,-0.161743,-12.390136,-40.527340,-86.914040,walking_abha_new
1771603871.9307282,0.480469,-0.976318,-0.161987,-15.930172,-41.442860,-89.233380,walking_abha_new
1771603871.9539857,0.391602,-0.907227,-0.174316,-19.042970,-30.090330,-92.956520,walking_abha_new
1771603871.9723582,0.316528,-0.811890,-0.176147,-20.629880,-11.901852,-95.703100,walking_abha_new
1771603871.9995937,0.283936,-0.729126,-0.197876,-23.193352,-2.990722,-96.191400,walking_abha_new
1771603872.0140183,0.331909,-0.656250,-0.191650,-23.742670,6.530760,-95.397940,walking_abha_new
1771603872.0339766,0.319458,-0.643066,-0.148804,-18.737796,0.061035,-96.313460,walking_abha_new
1771603872.0560114,0.309326,-0.652344,-0.115234,-23.925780,6.591796,-94.421360,walking_abha_new
1771603872.0762293,0.278198,-0.673096,-0.112549,-22.644040,6.408690,-87.646460,walking_abha_new
1771603872.096381,0.284302,-0.705811,-0.127930,-21.789548,6.835936,-77.697760,walking_abha_new
1771603872.1177835,0.333862,-0.752320,-0.137817,-21.850580,5.554198,-65.612800,walking_abha_new
1771603872.1397593,0.321411,-0.811157,-0.148315,-21.850580,7.812498,-51.391590,walking_abha_new
1771603872.1786625,0.352905,-0.933472,-0.152954,-25.207516,23.559568,-18.615724,walking_abha_new
1771603872.255918,0.417358,-0.961792,-0.144043,-8.300784,12.817380,23.437492,walking_abha_new
1771603872.2579346,0.523682,-1.184814,-0.123901,0.549316,-1.037598,41.076650,walking_abha_new
1771603872.2579346,0.555542,-1.380371,-0.103760,9.094240,-9.948730,60.913080,walking_abha_new
1771603872.2784657,0.467163,-1.213990,-0.123047,11.413570,-8.300784,82.885720,walking_abha_new
1771603872.292668,0.435303,-0.874512,-0.211670,15.747068,-1.342773,99.609360,walking_abha_new
1771603872.3156137,0.433106,-0.677124,-0.285034,25.939940,-7.202148,105.712880,walking_abha_new
1771603872.336849,0.459473,-0.705200,-0.298462,42.785640,-24.719230,103.149400,walking_abha_new
1771603872.3546746,0.451172,-0.807984,-0.293579,52.978500,-48.034660,92.041000,walking_abha_new
1771603872.376024,0.428833,-0.913696,-0.321655,54.199210,-47.607410,83.862300,walking_abha_new
1771603872.395675,0.468750,-0.867310,-0.399170,48.461900,-53.710930,74.951180,walking_abha_new
1771603872.4157236,0.401123,-0.802612,-0.433350,42.846670,-53.955070,68.664560,walking_abha_new
1771603872.4339218,0.301270,-0.711304,-0.447266,33.691410,-40.039070,64.392100,walking_abha_new
1771603872.4512966,0.223389,-0.647461,-0.445679,23.498530,-11.474608,61.950680,walking_abha_new
1771603872.4749753,0.271362,-0.645142,-0.425903,13.671872,16.357424,59.570300,walking_abha_new
1771603872.4930625,0.382568,-0.689697,-0.386475,7.019042,29.052730,58.654780,walking_abha_new
1771603872.5159242,0.450562,-0.728882,-0.362671,0.793457,31.677240,56.884760,walking_abha_new
1771603872.5452857,0.456421,-0.751465,-0.388672,-2.502442,36.132820,56.213370,walking_abha_new
1771603872.5569253,0.586060,-0.743652,-0.353149,-9.094240,27.648920,50.537100,walking_abha_new
1771603872.5759552,0.556030,-0.730103,-0.378906,-11.169430,27.954100,47.241200,walking_abha_new
1771603872.5969481,0.582031,-0.745606,-0.398438,-13.793944,30.883784,42.968740,walking_abha_new
1771603872.6367393,0.651123,-0.708008,-0.360840,-11.962890,20.141600,33.081060,walking_abha_new
1771603872.6531172,0.614746,-0.746948,-0.375488,-9.643556,13.671872,27.221676,walking_abha_new
1771603872.657692,0.644165,-0.822876,-0.359985,-12.573240,14.526364,19.226080,walking_abha_new
1771603872.6736095,0.655152,-0.896973,-0.327148,-11.718748,16.296390,10.803220,walking_abha_new
1771603872.694287,0.661377,-1.010986,-0.271973,-11.413570,22.644040,5.065916,walking_abha_new
1771603872.7155375,0.719971,-1.195312,-0.265015,-10.192870,27.587884,3.173828,walking_abha_new
1771603872.735802,0.807862,-1.354980,-0.338135,-10.864256,28.015130,-4.272462,walking_abha_new
1771603872.7568314,0.805176,-1.224732,-0.375122,-12.084960,26.245110,-20.263670,walking_abha_new
1771603872.7742622,0.577637,-0.881470,-0.236938,-13.732908,40.649400,-41.625960,walking_abha_new
1771603872.7952092,0.634888,-0.847168,-0.219116,-10.314940,40.405260,-55.053700,walking_abha_new
1771603872.8147242,0.708496,-0.884888,-0.239136,-0.183105,18.005376,-73.425300,walking_abha_new
1771603872.8358433,0.717896,-0.940674,-0.213989,7.385252,-11.962890,-87.829560,walking_abha_new
1771603872.853744,0.691284,-1.011719,-0.184082,10.131832,-38.818360,-94.299300,walking_abha_new
1771603872.8809748,0.622681,-1.036377,-0.178101,10.986324,-51.391590,-100.280740,walking_abha_new
1771603872.8894854,0.535522,-0.991211,-0.197998,6.652830,-55.603020,-108.947720,walking_abha_new
1771603872.9166074,0.423218,-0.897217,-0.205933,5.920409,-43.273920,-113.830560,walking_abha_new
1771603872.9366553,0.348999,-0.787232,-0.219727,3.051757,-31.616208,-118.774400,walking_abha_new
1771603872.95572,0.328369,-0.649048,-0.243530,1.403808,-11.657712,-118.286100,walking_abha_new
1771603872.9721098,0.342896,-0.595215,-0.233521,0.427246,-11.901852,-117.370600,walking_abha_new
1771603872.9932103,0.325806,-0.581421,-0.200806,-1.708984,-13.244628,-114.685040,walking_abha_new
1771603873.0149708,0.312012,-0.607178,-0.153076,-3.601074,-14.221190,-108.032200,walking_abha_new
1771603873.0345337,0.330078,-0.655884,-0.142212,-6.225584,-13.854978,-98.449700,walking_abha_new
1771603873.056435,0.338501,-0.717163,-0.152466,-11.352536,-12.939450,-86.425760,walking_abha_new
1771603873.076138,0.318237,-0.755737,-0.164307,-21.057124,-7.995604,-72.387700,walking_abha_new
1771603873.0963662,0.273438,-0.763550,-0.161743,-24.475090,-2.929687,-57.922360,walking_abha_new
1771603873.1143036,0.265625,-0.793335,-0.141724,-29.113768,14.831540,-43.762200,walking_abha_new
1771603873.1331341,0.287598,-0.849243,-0.134766,-31.982420,33.203130,-27.770990,walking_abha_new
1771603873.153806,0.376587,-0.886230,-0.107422,-28.686520,44.799800,-3.112792,walking_abha_new
1771603873.1737533,0.444702,-0.952759,-0.107056,-21.423332,39.917000,16.052250,walking_abha_new
1771603873.1940742,0.547974,-1.135620,-0.105225,-12.756344,29.052730,39.062500,walking_abha_new
1771603873.2171094,0.616211,-1.286621,-0.086060,-3.845214,13.671872,65.124520,walking_abha_new
1771603873.2358139,0.587891,-1.186280,-0.101685,1.159668,8.361816,92.102040,walking_abha_new
1771603873.2569976,0.516968,-0.911011,-0.203735,5.371092,10.009768,113.708480,walking_abha_new
1771603873.2721176,0.491577,-0.685181,-0.306030,11.718748,6.835936,126.037580,walking_abha_new
1771603873.2976382,0.488648,-0.629150,-0.354858,24.963376,-9.460450,125.122040,walking_abha_new
1771603873.3171232,0.508301,-0.755737,-0.334351,39.428720,-24.291990,112.915020,walking_abha_new
1771603873.3389018,0.502564,-0.934082,-0.291016,49.194320,-53.466780,90.759260,walking_abha_new
1771603873.3545897,0.544800,-0.969727,-0.307617,44.250480,-62.866200,87.646460,walking_abha_new
1771603873.3741164,0.452515,-0.953736,-0.347046,38.452160,-58.227530,80.932600,walking_abha_new
1771603873.3954754,0.321899,-0.863404,-0.364014,27.526850,-38.757330,75.256360,walking_abha_new
1771603873.4156382,0.193970,-0.749878,-0.393188,15.380856,2.319336,70.861840,walking_abha_new
1771603873.4375873,0.290161,-0.720337,-0.410156,1.159668,45.288080,74.401860,walking_abha_new
1771603873.4569538,0.432861,-0.669556,-0.375488,-6.225584,61.157220,72.570800,walking_abha_new
1771603873.4788597,0.527588,-0.669190,-0.353027,-8.300784,54.260240,69.396980,walking_abha_new
1771603873.4965389,0.566406,-0.668335,-0.343750,-12.695310,42.358390,70.190440,walking_abha_new
1771603873.5208993,0.617554,-0.669922,-0.349121,-14.465330,27.770990,68.481460,walking_abha_new
1771603873.5416973,0.652222,-0.689331,-0.338623,-15.624996,11.291500,66.894540,walking_abha_new
1771603873.555752,0.667847,-0.699951,-0.329102,-15.380856,5.615234,62.683100,walking_abha_new
1771603873.5771022,0.681396,-0.700195,-0.314209,-14.587400,2.197266,57.250960,walking_abha_new
1771603873.5966282,0.699219,-0.746826,-0.303345,-13.366696,0.305176,51.879880,walking_abha_new
1771603873.617848,0.720215,-0.819336,-0.306152,-12.695310,0.854492,42.785640,walking_abha_new
1771603873.6322033,0.734619,-0.898071,-0.284912,-11.840818,5.371092,28.869624,walking_abha_new
1771603873.6662111,0.723022,-0.996216,-0.246826,-12.573240,15.441892,18.798830,walking_abha_new
1771603873.6764958,0.781250,-1.133912,-0.235107,-8.728030,22.216790,3.112792,walking_abha_new
1771603873.697013,0.868896,-1.377442,-0.275635,-4.638672,20.935052,-6.774902,walking_abha_new
1771603873.7148564,0.772827,-1.240967,-0.287109,-4.028321,22.216790,-36.010750,walking_abha_new
1771603873.740656,0.618408,-0.963867,-0.219971,-6.591796,33.142100,-54.565420,walking_abha_new
1771603873.756731,0.562500,-0.762085,-0.180664,-3.784179,38.818360,-69.580100,walking_abha_new
1771603873.7908094,0.596680,-0.796021,-0.187744,8.789064,29.907220,-88.989240,walking_abha_new
1771603873.797456,0.668213,-0.919678,-0.211426,17.517090,6.164550,-103.637680,walking_abha_new
1771603873.8192985,0.696655,-0.994629,-0.204590,22.766110,-26.611320,-109.008760,walking_abha_new
1771603873.833767,0.668213,-1.015747,-0.176392,23.559568,-52.246080,-106.567360,walking_abha_new
1771603873.8540423,0.591309,-0.984375,-0.177979,20.996090,-62.683100,-102.661100,walking_abha_new
1771603873.875574,0.494385,-0.884766,-0.193481,14.831540,-67.688000,-98.937960,walking_abha_new
1771603873.8954828,0.344727,-0.726196,-0.229126,11.901852,-63.110340,-96.252420,walking_abha_new
1771603873.9218864,0.332764,-0.655029,-0.228638,10.070800,-52.062980,-96.801740,walking_abha_new
1771603873.9374518,0.299927,-0.621460,-0.229126,11.230468,-47.424300,-97.900360,walking_abha_new
1771603873.9583912,0.286377,-0.616699,-0.212158,0.122070,-28.686520,-98.388660,walking_abha_new
1771603873.972286,0.287598,-0.631348,-0.178345,-3.173828,-21.118160,-95.458960,walking_abha_new
1771603873.9975235,0.321167,-0.673096,-0.145264,-8.972170,-17.578130,-87.280260,walking_abha_new
1771603874.018386,0.327515,-0.711426,-0.141602,-13.977050,-16.906740,-76.416040,walking_abha_new
1771603874.0559494,0.309814,-0.756592,-0.147949,-18.798830,-11.169430,-66.284200,walking_abha_new
1771603874.0559494,0.302002,-0.799316,-0.156982,-24.230950,-0.732422,-53.527820,walking_abha_new
1771603874.0760074,0.349732,-0.916382,-0.158325,-28.320310,16.418460,-29.724120,walking_abha_new
1771603874.0970554,0.393555,-0.973999,-0.136597,-29.235832,23.986810,-12.207030,walking_abha_new
1771603874.1172373,0.397949,-0.948364,-0.108765,-27.404780,27.160640,4.577638,walking_abha_new
1771603874.137789,0.400513,-0.914185,-0.107666,-23.681636,29.174800,20.446770,walking_abha_new
1771603874.1552048,0.452393,-0.999146,-0.130859,-18.554690,26.062010,36.376960,walking_abha_new
1771603874.173625,0.505249,-1.167480,-0.112427,-13.183590,17.150880,52.185050,walking_abha_new
1771603874.1960773,0.496460,-1.152222,-0.063110,-8.972170,14.404296,66.894540,walking_abha_new
1771603874.2156253,0.408936,-0.925293,-0.075928,-4.455568,20.019532,81.604000,walking_abha_new
1771603874.2364755,0.384522,-0.786621,-0.155029,4.272462,25.573724,92.468240,walking_abha_new
1771603874.2566671,0.446045,-0.794434,-0.250488,16.479492,19.531250,93.139640,walking_abha_new
1771603874.2775402,0.450562,-0.858643,-0.275024,33.203130,-7.446288,83.190900,walking_abha_new
1771603874.2976594,0.433716,-0.914185,-0.275879,38.269050,-8.544924,80.627420,walking_abha_new
1771603874.3191087,0.488648,-0.925049,-0.325195,39.123540,-8.605960,82.336400,walking_abha_new
1771603874.339873,0.562256,-0.890747,-0.366699,39.184580,-23.681636,80.627420,walking_abha_new
1771603874.3541045,0.508667,-0.809937,-0.372070,37.109380,-42.785640,78.369140,walking_abha_new
1771603874.3757153,0.338501,-0.721924,-0.341064,30.334470,-39.245610,78.247080,walking_abha_new
1771603874.395762,0.234497,-0.665039,-0.324707,18.554690,-7.995604,77.026380,walking_abha_new
1771603874.4175045,0.313721,-0.671021,-0.317505,7.629394,25.634760,74.340840,walking_abha_new
1771603874.443624,0.460327,-0.685913,-0.312622,2.075196,36.438000,71.105960,walking_abha_new
1771603874.4649472,0.567261,-0.702759,-0.322632,-0.366211,22.399900,67.260740,walking_abha_new
1771603874.476862,0.608887,-0.732300,-0.336792,0.183105,8.361816,61.889640,walking_abha_new
1771603874.501057,0.636841,-0.756836,-0.351685,1.037598,-3.967285,58.898920,walking_abha_new
1771603874.539089,0.640869,-0.769531,-0.371338,2.929687,-9.704590,51.391590,walking_abha_new
1771603874.575415,0.634888,-0.755737,-0.352783,0.732422,-12.512204,38.024910,walking_abha_new
1771603874.575415,0.641846,-0.805054,-0.340088,-0.732422,-10.375976,26.611320,walking_abha_new
1771603874.6159499,0.656006,-0.877075,-0.321777,-5.065916,-4.028321,20.996090,walking_abha_new
1771603874.6182373,0.676636,-0.935181,-0.304321,-9.948730,1.342773,16.113284,walking_abha_new
1771603874.6465123,0.724121,-1.065674,-0.274658,-8.117676,3.356933,2.075196,walking_abha_new
1771603874.6587832,0.840820,-1.486572,-0.312256,-8.300784,5.004884,-1.342773,walking_abha_new
1771603874.6741793,0.769654,-1.384278,-0.344849,-16.052250,16.296390,-16.113284,walking_abha_new
1771603874.6986194,0.592774,-0.995362,-0.251099,-20.935052,36.010750,-35.766600,walking_abha_new
1771603874.71881,0.468262,-0.740234,-0.164307,-24.475090,57.556140,-50.903310,walking_abha_new
1771603874.7363882,0.537232,-0.750244,-0.165039,-12.512204,61.767570,-70.617700,walking_abha_new
1771603874.7593448,0.670654,-0.860962,-0.207031,-0.610352,40.771480,-91.369600,walking_abha_new
1771603874.7779934,0.729126,-0.939331,-0.210449,9.216310,2.197266,-103.637680,walking_abha_new
1771603874.797588,0.709229,-0.987671,-0.163818,13.549804,-33.813480,-105.468720,walking_abha_new
1771603874.8143153,0.622314,-0.965454,-0.151489,15.197750,-55.236800,-103.759760,walking_abha_new
1771603874.8334248,0.453735,-0.869751,-0.195557,12.329100,-62.316880,-103.149400,walking_abha_new
1771603874.85788,0.357666,-0.747925,-0.226196,10.864256,-56.091300,-103.332500,walking_abha_new
1771603874.8815572,0.318482,-0.651489,-0.243652,8.911134,-52.673330,-105.285640,walking_abha_new
1771603874.897336,0.291138,-0.618164,-0.254883,4.943848,-39.123540,-102.478000,walking_abha_new
1771603874.9163215,0.290161,-0.606201,-0.228027,-2.685546,-23.254390,-100.646960,walking_abha_new
1771603874.9383862,0.296509,-0.626465,-0.199829,-5.004884,-19.592290,-99.914540,walking_abha_new
1771603874.9580398,0.298218,-0.680908,-0.151123,-10.437010,-16.174320,-93.322740,walking_abha_new
1771603874.9720669,0.331543,-0.736938,-0.139771,-15.197750,-12.634276,-83.007800,walking_abha_new
1771603875.000118,0.331421,-0.790039,-0.154419,-19.531250,-11.413570,-72.265640,walking_abha_new
1771603875.0143826,0.306641,-0.824951,-0.177002,-22.033690,-6.225584,-62.744130,walking_abha_new
1771603875.0349152,0.353516,-0.955322,-0.173584,-27.282710,11.352536,-39.672860,walking_abha_new
1771603875.0553994,0.384155,-1.017456,-0.147705,-32.592780,24.169920,-19.104010,walking_abha_new
1771603875.0777898,0.356934,-0.971558,-0.101929,-29.846190,25.939940,-1.647949,walking_abha_new
1771603875.0903878,0.341064,-0.939331,-0.103027,-25.939940,29.235832,16.662600,walking_abha_new
1771603875.1180685,0.391480,-1.106446,-0.078491,-15.319820,28.076170,35.644540,walking_abha_new
1771603875.1349103,0.464722,-1.270386,-0.038940,-5.615234,26.428220,55.847160,walking_abha_new
1771603875.1597433,0.506958,-1.147339,-0.070801,-3.173828,27.648920,77.392600,walking_abha_new
1771603875.1801012,0.464111,-0.872559,-0.148804,0.732422,23.071284,98.571760,walking_abha_new
1771603875.1942317,0.430908,-0.745606,-0.214966,10.681150,13.488768,111.694320,walking_abha_new
1771603875.214954,0.475342,-0.871704,-0.283814,30.944820,-9.155274,106.445300,walking_abha_new
1771603875.2361908,0.474609,-0.899780,-0.311401,41.320790,-19.836430,94.177240,walking_abha_new
1771603875.257045,0.499634,-0.926148,-0.337646,44.921860,-31.127924,92.895500,walking_abha_new
1771603875.277447,0.520630,-0.911987,-0.348511,45.837400,-45.288080,86.547840,walking_abha_new
1771603875.2927716,0.409424,-0.838257,-0.341675,43.212880,-51.269520,76.355000,walking_abha_new
1771603875.3124795,0.237061,-0.746582,-0.337158,33.081060,-29.663080,71.411140,walking_abha_new
1771603875.3341184,0.165527,-0.687866,-0.342041,19.836430,9.704590,71.411140,walking_abha_new
1771603875.3541808,0.257446,-0.666382,-0.352051,7.934570,37.963880,68.786640,walking_abha_new
1771603875.3767188,0.377441,-0.656860,-0.343628,4.760742,42.358390,60.485830,walking_abha_new
1771603875.4040952,0.448853,-0.725220,-0.334106,1.953124,34.667980,62.316880,walking_abha_new
1771603875.4168413,0.552124,-0.777710,-0.358032,-4.638672,22.155760,61.645500,walking_abha_new
1771603875.4443061,0.591675,-0.780029,-0.383667,-4.516602,8.178714,58.715810,walking_abha_new
1771603875.4575322,0.586182,-0.773071,-0.406006,-5.126952,1.159668,56.823720,walking_abha_new
1771603875.4768598,0.608765,-0.756104,-0.410278,-6.286620,-0.183105,53.649900,walking_abha_new
1771603875.492672,0.624146,-0.722290,-0.398438,-7.507323,-2.197266,48.706040,walking_abha_new
1771603875.5408018,0.621216,-0.731079,-0.364502,-9.155274,-3.051757,39.917000,walking_abha_new
1771603875.5434656,0.630127,-0.804444,-0.329468,-12.573240,1.037598,29.968260,walking_abha_new
1771603875.5556543,0.652710,-0.900269,-0.302979,-16.601568,6.225584,23.925780,walking_abha_new
1771603875.5829878,0.653809,-0.971924,-0.282593,-20.751950,14.648436,14.099120,walking_abha_new
1771603875.5985858,0.757935,-1.206665,-0.266358,-16.479492,24.963376,-0.854492,walking_abha_new
1771603875.6105754,0.831299,-1.446534,-0.334839,-18.859868,32.409680,-2.380371,walking_abha_new
1771603875.6323495,0.833374,-1.276734,-0.369385,-19.836430,35.034180,-20.996090,walking_abha_new
1771603875.6526756,0.675781,-0.976929,-0.265747,-20.935052,40.954580,-31.372068,walking_abha_new
1771603875.6777384,0.577148,-0.756348,-0.193726,-19.653320,44.067380,-45.898430,walking_abha_new
1771603875.694492,0.614014,-0.726318,-0.192139,-5.310058,24.841304,-67.565940,walking_abha_new
1771603875.714963,0.700318,-0.817993,-0.195557,8.483890,-11.108396,-90.637200,walking_abha_new
1771603875.7376866,0.686035,-0.922241,-0.189209,15.930172,-44.067380,-102.600080,walking_abha_new
1771603875.7568572,0.620972,-0.998413,-0.174927,15.563964,-59.020980,-104.370100,walking_abha_new
1771603875.777365,0.543579,-1.006104,-0.175903,11.047360,-61.035140,-103.637680,walking_abha_new
1771603875.798731,0.399292,-0.863770,-0.221191,4.821778,-48.889150,-104.248040,walking_abha_new
1771603875.81252,0.326904,-0.739746,-0.238281,3.662109,-36.254890,-104.003900,walking_abha_new
1771603875.8382628,0.279907,-0.656250,-0.262085,0.854492,-35.949720,-102.233880,walking_abha_new
1771603875.8553896,0.316162,-0.617432,-0.265747,-0.610352,-22.338860,-99.426260,walking_abha_new
1771603875.8748288,0.298096,-0.632202,-0.251343,1.159668,-22.583000,-96.984840,walking_abha_new
1771603875.8962786,0.336548,-0.628296,-0.204224,-5.371092,-20.324700,-95.153800,walking_abha_new
1771603875.9166708,0.291870,-0.657837,-0.187500,-7.690428,-19.165040,-86.425760,walking_abha_new
1771603875.9378252,0.267944,-0.701904,-0.192749,-9.582520,-16.357424,-74.340840,walking_abha_new
1771603875.9624143,0.297974,-0.738648,-0.184448,-14.526364,-15.991210,-66.101100,walking_abha_new
1771603875.9786468,0.230835,-0.820923,-0.210571,-21.423332,-4.638672,-46.386710,walking_abha_new
1771603876.0228858,0.273926,-0.911865,-0.192627,-29.113768,14.282224,-30.151360,walking_abha_new
1771603876.0228858,0.295654,-0.934448,-0.159790,-32.714850,29.296870,-11.352536,walking_abha_new
1771603876.037731,0.303589,-0.930786,-0.133179,-31.860350,42.846670,5.981444,walking_abha_new
1771603876.0554175,0.349732,-0.948608,-0.128784,-27.282710,49.804680,21.545408,walking_abha_new
1771603876.0773566,0.451416,-1.125610,-0.117920,-17.089850,44.677720,38.024910,walking_abha_new
1771603876.096898,0.532837,-1.394898,-0.047241,-4.028321,32.226570,56.518540,walking_abha_new
1771603876.1191344,0.532715,-1.415162,-0.015991,2.075196,29.113768,74.096700,walking_abha_new
1771603876.1343646,0.470581,-1.052612,-0.106445,3.479003,32.775880,92.041000,walking_abha_new
1771603876.1523125,0.444702,-0.752197,-0.245361,10.620116,26.611320,106.994600,walking_abha_new
1771603876.1767578,0.410278,-0.676758,-0.327759,34.057620,-8.300784,102.172840,walking_abha_new
1771603876.1943629,0.365967,-0.796387,-0.327881,48.950180,-24.719230,86.364740,walking_abha_new
1771603876.2186677,0.409546,-0.918457,-0.309448,54.016100,-32.165540,76.293960,walking_abha_new
1771603876.2361212,0.498535,-0.958374,-0.294678,49.133290,-41.015620,78.491220,walking_abha_new
1771603876.2571692,0.429321,-0.923340,-0.286987,46.874990,-44.921860,77.209480,walking_abha_new
1771603876.2783017,0.300171,-0.841309,-0.288208,37.658700,-28.198240,70.800800,walking_abha_new
1771603876.2984254,0.241089,-0.737915,-0.296509,25.024410,4.394532,68.725600,walking_abha_new
1771603876.3117878,0.278931,-0.649170,-0.319336,14.953610,34.729010,64.025900,walking_abha_new
1771603876.340347,0.441772,-0.634033,-0.319580,13.610836,39.550780,55.603020,walking_abha_new
1771603876.3560557,0.508423,-0.677856,-0.323608,10.681150,21.179192,61.645500,walking_abha_new
1771603876.3783672,0.567261,-0.698975,-0.346069,10.253904,8.361816,52.917470,walking_abha_new
1771603876.4093068,0.556274,-0.739136,-0.355347,9.033204,2.380371,52.612300,walking_abha_new
1771603876.41655,0.575073,-0.758911,-0.356567,5.004884,2.624511,54.504380,walking_abha_new
1771603876.4366252,0.633423,-0.760620,-0.354370,6.103514,-1.770019,46.936020,walking_abha_new
1771603876.4584446,0.631104,-0.766358,-0.358765,4.699708,-5.065916,43.518060,walking_abha_new
1771603876.5014794,0.631104,-0.760254,-0.363281,2.502442,-6.958006,39.001470,walking_abha_new
1771603876.5014794,0.654297,-0.814942,-0.361816,0.976562,-6.713866,27.404780,walking_abha_new
1771603876.5173743,0.672119,-0.924438,-0.351807,-4.028321,-4.394532,24.414060,walking_abha_new
1771603876.5413806,0.680908,-0.996338,-0.332275,-8.422854,0.244141,14.709470,walking_abha_new
1771603876.555872,0.731934,-1.283326,-0.293457,-8.239746,8.728030,-1.831054,walking_abha_new
1771603876.575765,0.802246,-1.465576,-0.335327,-12.634276,13.977050,-7.385252,walking_abha_new
1771603876.5965476,0.744873,-1.309936,-0.362427,-16.723632,21.423332,-23.986810,walking_abha_new
1771603876.616992,0.597290,-1.008301,-0.275269,-20.446770,36.376960,-43.823240,walking_abha_new
1771603876.6314676,0.503906,-0.777710,-0.200073,-21.667476,48.461900,-56.213370,walking_abha_new
1771603876.665646,0.535889,-0.754517,-0.213745,-11.840818,45.898430,-75.622560,walking_abha_new
1771603876.675799,0.628174,-0.845825,-0.225586,-1.953124,25.024410,-92.956520,walking_abha_new
1771603876.6951754,0.652954,-0.921143,-0.213623,3.417968,-7.019042,-100.646960,walking_abha_new
1771603876.7155023,0.652588,-0.997192,-0.179688,4.821778,-38.085940,-101.135240,walking_abha_new
1771603876.7356153,0.507812,-1.038940,-0.154419,2.319336,-54.443350,-100.830060,walking_abha_new
1771603876.7564619,0.398926,-0.936524,-0.168823,-4.211426,-50.170890,-98.937960,walking_abha_new
1771603876.776741,0.302612,-0.810791,-0.186279,-7.080076,-39.672860,-97.473140,walking_abha_new
1771603876.7959938,0.291992,-0.720825,-0.195190,-9.399414,-21.423332,-96.618640,walking_abha_new
1771603876.8202176,0.304199,-0.652588,-0.209473,-7.507323,-15.441892,-95.031720,walking_abha_new
1771603876.837359,0.304443,-0.619263,-0.190552,-13.183590,-5.187988,-97.167960,walking_abha_new
1771603876.8576095,0.284668,-0.619873,-0.143188,-12.145992,-4.638672,-96.740700,walking_abha_new
1771603876.8750727,0.302979,-0.653442,-0.105591,-13.610836,-3.784179,-89.782700,walking_abha_new
1771603876.897745,0.331055,-0.696167,-0.101196,-14.709470,-7.812498,-80.566400,walking_abha_new
1771603876.9207582,0.324097,-0.733765,-0.113525,-15.014646,-11.047360,-72.326660,walking_abha_new
1771603876.9370267,0.287232,-0.786987,-0.130493,-19.592290,-3.601074,-52.978500,walking_abha_new
1771603876.9601102,0.290649,-0.831299,-0.134155,-23.498530,9.399414,-35.461430,walking_abha_new
1771603876.9741354,0.340576,-0.909912,-0.136230,-26.611320,22.155760,-16.784670,walking_abha_new
1771603876.9995475,0.394653,-0.949219,-0.118652,-30.273430,32.104500,1.586914,walking_abha_new
1771603877.013588,0.402466,-0.951782,-0.124756,-23.071284,25.878900,19.592290,walking_abha_new
1771603877.0340126,0.463135,-0.985474,-0.145386,-20.019532,20.019532,38.146980,walking_abha_new
1771603877.0550244,0.518677,-1.160522,-0.128662,-13.000484,6.713866,58.044420,walking_abha_new
1771603877.0778322,0.520996,-1.313721,-0.066650,-8.666994,2.624511,77.331540,walking_abha_new
1771603877.0966465,0.454224,-1.186402,-0.058838,-7.141112,13.671872,96.740700,walking_abha_new
1771603877.1107802,0.407837,-0.922363,-0.209351,1.831054,28.320310,119.262680,walking_abha_new
1771603877.1323419,0.497559,-0.768921,-0.316895,12.878416,19.897460,120.361300,walking_abha_new
1771603877.1564624,0.543579,-0.767944,-0.353272,29.541010,2.990722,108.520500,walking_abha_new
1771603877.1762352,0.476074,-0.840088,-0.355469,41.320790,-31.188960,93.444800,walking_abha_new
1771603877.193861,0.475708,-0.905029,-0.351807,42.541500,-46.142570,82.153300,walking_abha_new
1771603877.2178068,0.488770,-0.906372,-0.344238,41.992180,-52.673330,73.852540,walking_abha_new
1771603877.2358766,0.381226,-0.844849,-0.338135,36.254890,-50.170890,67.932140,walking_abha_new
1771603877.2566514,0.219116,-0.766236,-0.323364,25.024410,-26.367180,63.293440,walking_abha_new
1771603877.277554,0.159546,-0.708008,-0.323730,8.789064,15.808104,63.720700,walking_abha_new
1771603877.2976038,0.279175,-0.671387,-0.316528,-4.394532,52.978500,61.401360,walking_abha_new
1771603877.322638,0.491455,-0.658936,-0.292358,-13.488768,56.030260,65.063500,walking_abha_new
1771603877.33227,0.557373,-0.654785,-0.290039,-13.305660,40.161120,59.631340,walking_abha_new
1771603877.356716,0.600342,-0.697632,-0.300781,-12.756344,21.972650,56.945790,walking_abha_new
1771603877.381496,0.616211,-0.749756,-0.315308,-12.390136,12.145992,56.762680,walking_abha_new
1771603877.3975723,0.632812,-0.807251,-0.320679,-12.756344,11.413570,55.969230,walking_abha_new
1771603877.416832,0.644165,-0.788574,-0.325562,-14.770504,13.183590,52.673330,walking_abha_new
1771603877.450385,0.649170,-0.743652,-0.316040,-13.793944,10.620116,46.081540,walking_abha_new
1771603877.4555466,0.693726,-0.765381,-0.305542,-11.413570,2.807617,37.902840,walking_abha_new
1771603877.4772503,0.709473,-0.805420,-0.310547,-9.643556,-2.563476,28.564450,walking_abha_new
1771603877.4935372,0.690186,-0.864258,-0.294922,-9.643556,1.403808,7.446288,walking_abha_new
1771603877.5152743,0.715210,-1.062744,-0.252441,-6.774902,6.164550,-0.488281,walking_abha_new
1771603877.5614738,0.791748,-1.394898,-0.268311,-5.737304,7.873534,-5.432128,walking_abha_new
1771603877.5614738,0.807251,-1.522705,-0.303589,-8.605960,14.648436,-26.123040,walking_abha_new
1771603877.5763996,0.675537,-1.214478,-0.267212,-12.817380,26.123040,-44.128410,walking_abha_new
1771603877.597599,0.466553,-0.860840,-0.164917,-16.967780,48.095700,-56.701650,walking_abha_new
1771603877.611598,0.476929,-0.732300,-0.155273,-9.521484,58.776840,-72.570800,walking_abha_new
1771603877.6390166,0.559326,-0.792847,-0.190796,5.432128,45.471180,-91.247540,walking_abha_new
1771603877.6597254,0.605469,-0.869751,-0.207153,14.648436,15.441892,-101.440400,walking_abha_new
1771603877.6754112,0.665039,-0.936890,-0.190674,20.935052,-20.019532,-102.539040,walking_abha_new
1771603877.6941543,0.587891,-0.994629,-0.160156,22.033690,-55.358880,-98.632800,walking_abha_new
1771603877.717663,0.464722,-0.924805,-0.169189,16.662600,-60.363760,-93.872060,walking_abha_new
1771603877.7361815,0.328735,-0.773560,-0.202515,14.526364,-57.922360,-89.904760,walking_abha_new
1771603877.7566986,0.302368,-0.677856,-0.239380,13.916012,-43.395980,-88.806140,walking_abha_new
1771603877.7767906,0.283936,-0.628052,-0.256836,12.634276,-39.489750,-88.073700,walking_abha_new
1771603877.7986746,0.282105,-0.619385,-0.217285,5.187988,-28.442380,-91.186500,walking_abha_new
1771603877.813334,0.259155,-0.621704,-0.198364,1.708984,-22.644040,-89.538560,walking_abha_new
1771603877.8358178,0.283325,-0.660767,-0.157227,-3.112792,-17.272950,-84.533660,walking_abha_new
1771603877.8560474,0.307007,-0.712524,-0.130005,-7.873534,-13.366696,-76.355000,walking_abha_new
1771603877.8974602,0.299194,-0.788452,-0.146851,-16.418460,-5.432128,-56.762680,walking_abha_new
1771603877.8974602,0.311890,-0.854126,-0.161987,-19.470220,2.685546,-46.142570,walking_abha_new
1771603877.9232063,0.341675,-0.933106,-0.168335,-23.071284,14.465330,-33.813480,walking_abha_new
1771603877.9768667,0.388916,-0.997192,-0.177002,-25.939940,26.062010,-18.249516,walking_abha_new
1771603877.9788823,0.410767,-0.976807,-0.155029,-23.986810,26.550290,-2.929687,walking_abha_new
1771603877.9816732,0.417969,-0.911133,-0.149292,-19.104010,22.766110,11.657712,walking_abha_new
1771603878.0020032,0.461426,-0.940918,-0.166748,-12.573240,15.380856,25.329584,walking_abha_new
1771603878.0274785,0.525513,-1.137696,-0.160645,-5.126952,3.967285,40.344230,walking_abha_new
1771603878.0485532,0.526367,-1.304444,-0.077637,-0.915527,-12.207030,55.480940,walking_abha_new
1771603878.056775,0.452148,-1.187012,-0.049561,-1.342773,-3.356933,71.350100,walking_abha_new
1771603878.0840995,0.353516,-0.822754,-0.166138,1.708984,19.775390,93.994120,walking_abha_new
1771603878.0918193,0.425049,-0.752442,-0.262207,10.681150,22.949216,95.703100,walking_abha_new
1771603878.1171546,0.455811,-0.758911,-0.304566,24.108880,7.080076,85.937480,walking_abha_new
1771603878.13212,0.434570,-0.823608,-0.322144,35.156260,-7.934570,75.683600,walking_abha_new
1771603878.1529443,0.516480,-0.897217,-0.352661,39.672860,-15.686032,70.495620,walking_abha_new
1771603878.1772075,0.562012,-0.876099,-0.368408,36.865240,-36.438000,68.176280,walking_abha_new
1771603878.1986423,0.460205,-0.803955,-0.320313,34.973150,-51.757800,63.293440,walking_abha_new
1771603878.2167425,0.277100,-0.735108,-0.270630,26.184080,-41.015620,60.852040,walking_abha_new
1771603878.2362325,0.168579,-0.682495,-0.267334,11.230468,-3.051757,61.340320,walking_abha_new
1771603878.2565181,0.330933,-0.641602,-0.286011,-3.662109,43.823240,55.480940,walking_abha_new
1771603878.2793875,0.484131,-0.641358,-0.285400,-1.647949,39.489750,47.912590,walking_abha_new
1771603878.2983754,0.568604,-0.701172,-0.285034,-1.403808,21.423332,45.715320,walking_abha_new
1771603878.312047,0.584106,-0.725952,-0.298828,-1.220704,2.990722,47.302240,walking_abha_new
1771603878.3353403,0.579346,-0.732910,-0.320923,-2.563476,-5.065916,49.255360,walking_abha_new
1771603878.3823915,0.639648,-0.750977,-0.342651,-2.075196,-9.948730,38.452160,walking_abha_new
1771603878.390885,0.639648,-0.738404,-0.324585,-2.075196,-14.465330,31.921380,walking_abha_new
1771603878.4157813,0.657471,-0.771729,-0.313843,-2.746581,-19.531250,27.038570,walking_abha_new
1771603878.4371362,0.670288,-0.855469,-0.314087,-5.187988,-19.226080,20.019532,walking_abha_new
1771603878.472312,0.643555,-0.982300,-0.285278,-10.925290,-2.807617,7.995604,walking_abha_new
1771603878.4794996,0.671265,-1.103882,-0.255859,-10.253904,11.413570,-2.136231,walking_abha_new
1771603878.4959989,0.769776,-1.357666,-0.278320,-8.544924,18.005376,-5.065916,walking_abha_new
1771603878.5134103,0.745606,-1.372192,-0.309570,-12.573240,28.503410,-17.456060,walking_abha_new
1771603878.5354235,0.678589,-1.101562,-0.284424,-13.732908,33.325200,-33.996590,walking_abha_new
1771603878.5552204,0.566406,-0.849976,-0.195313,-13.732908,39.001470,-44.006340,walking_abha_new
1771603878.5762458,0.497314,-0.766846,-0.166870,-6.164550,47.607410,-60.913080,walking_abha_new
1771603878.597266,0.618774,-0.841797,-0.178101,2.563476,37.963880,-74.523940,walking_abha_new
1771603878.6177564,0.679199,-0.892944,-0.188965,10.253904,7.385252,-79.589840,walking_abha_new
1771603878.6462753,0.710205,-0.945801,-0.166260,18.859868,-49.072260,-81.298800,walking_abha_new
1771603878.655547,0.598511,-0.987061,-0.170166,18.676760,-66.833500,-82.458480,walking_abha_new
1771603878.7186992,0.493408,-0.920654,-0.181641,15.563964,-65.673840,-82.580560,walking_abha_new
1771603878.7186992,0.377686,-0.779297,-0.204712,14.343260,-58.166500,-83.618160,walking_abha_new
1771603878.7186992,0.320923,-0.677002,-0.233154,12.084960,-55.541980,-85.266100,walking_abha_new
1771603878.736692,0.320557,-0.611694,-0.239136,10.009768,-42.419420,-86.425760,walking_abha_new
1771603878.7565317,0.276123,-0.593506,-0.232666,11.169430,-40.771480,-88.684060,walking_abha_new
1771603878.7938397,0.265747,-0.601318,-0.186279,1.037598,-26.855464,-90.026840,walking_abha_new
1771603878.8097744,0.265015,-0.628296,-0.143799,-1.953124,-20.263670,-85.693340,walking_abha_new
1771603878.8097744,0.308350,-0.688965,-0.138550,-6.164550,-14.587400,-78.552260,walking_abha_new
1771603878.8398368,0.322266,-0.804932,-0.163330,-14.160152,-10.742184,-62.988270,walking_abha_new
1771603878.8574505,0.292847,-0.844849,-0.163818,-19.226080,-2.380371,-53.100580,walking_abha_new
1771603878.8770945,0.290772,-0.877320,-0.156250,-23.864740,12.695310,-40.100100,walking_abha_new
1771603878.895862,0.358643,-0.932251,-0.154785,-29.663080,30.334470,-25.024410,walking_abha_new
1771603878.9182043,0.408569,-0.986206,-0.148071,-24.902340,31.066890,-9.948730,walking_abha_new
1771603878.9379416,0.421997,-0.975464,-0.135010,-19.897460,24.963376,3.051757,walking_abha_new
1771603878.9580452,0.437744,-0.950073,-0.161743,-15.075680,16.906740,16.418460,walking_abha_new
1771603878.9760296,0.484497,-1.047730,-0.179565,-9.033204,9.887696,31.982420,walking_abha_new
1771603878.9988794,0.479980,-1.216431,-0.128540,-5.004884,-6.042480,47.363270,walking_abha_new
1771603879.017216,0.387573,-1.195312,-0.117065,-6.103514,10.681150,71.411140,walking_abha_new
1771603879.036114,0.356079,-0.845337,-0.194580,-4.272462,25.329584,85.388160,walking_abha_new
1771603879.0572739,0.412720,-0.733276,-0.283569,2.563476,29.663080,90.637200,walking_abha_new
1771603879.0757344,0.431396,-0.712646,-0.332398,14.953610,16.906740,83.923320,walking_abha_new
1771603879.096078,0.407349,-0.790039,-0.354126,25.573724,2.014160,74.401860,walking_abha_new
1771603879.1170802,0.451050,-0.877197,-0.380249,31.311030,-1.464844,66.772460,walking_abha_new
1771603879.13761,0.549561,-0.922852,-0.392822,30.456540,-14.099120,67.810060,walking_abha_new
1771603879.1524937,0.570068,-0.882690,-0.405274,28.564450,-33.691410,70.190440,walking_abha_new
1771603879.179576,0.439209,-0.777466,-0.408325,23.681636,-40.344230,67.382820,walking_abha_new
1771603879.1943538,0.321045,-0.683350,-0.397705,12.207030,-23.864740,71.472180,walking_abha_new
1771603879.217806,0.281372,-0.590088,-0.371704,-7.080076,22.888180,69.946300,walking_abha_new
1771603879.2356632,0.400024,-0.621826,-0.325440,-13.244628,39.672860,62.377920,walking_abha_new
1771603879.2523665,0.476074,-0.667480,-0.302124,-17.578130,39.428720,61.950680,walking_abha_new
1771603879.283664,0.555054,-0.697632,-0.301636,-19.042970,33.508300,53.588860,walking_abha_new
1771603879.3022377,0.622437,-0.749146,-0.301025,-18.676760,23.559568,47.973620,walking_abha_new
1771603879.3167708,0.637451,-0.787110,-0.303223,-19.775390,16.479492,48.339840,walking_abha_new
1771603879.3334274,0.661621,-0.792847,-0.311768,-18.066410,12.145992,43.029780,walking_abha_new
1771603879.3540406,0.653809,-0.767334,-0.318115,-16.235352,9.582520,37.536620,walking_abha_new
1771603879.3893206,0.627686,-0.735230,-0.310425,-15.075680,9.826660,32.653820,walking_abha_new
1771603879.4158409,0.673462,-0.862061,-0.263550,-8.972170,7.507323,9.948730,walking_abha_new
1771603879.4370635,0.682984,-0.951660,-0.234009,-6.530760,9.094240,-1.281738,walking_abha_new
1771603879.465987,0.753296,-1.169190,-0.209351,-1.525878,8.483890,-2.014160,walking_abha_new
1771603879.4855895,0.797852,-1.394043,-0.228394,-0.549316,9.033204,0.915527,walking_abha_new
1771603879.4989665,0.744141,-1.338379,-0.288208,-1.281738,13.732908,-13.732908,walking_abha_new
1771603879.514142,0.621704,-1.058350,-0.282959,-2.746581,25.024410,-26.916500,walking_abha_new
1771603879.5341468,0.475708,-0.769043,-0.218506,-5.920409,42.541500,-39.550780,walking_abha_new
1771603879.5564764,0.499146,-0.688721,-0.193481,4.272462,44.677720,-54.626460,walking_abha_new
1771603879.5830462,0.600830,-0.834961,-0.205078,18.493652,26.306150,-72.143560,walking_abha_new
1771603879.5967305,0.665161,-0.957764,-0.225098,30.456540,-29.052730,-85.571260,walking_abha_new
1771603879.6170793,0.617676,-0.988281,-0.204712,33.569340,-57.922360,-86.975080,walking_abha_new
1771603879.631581,0.523316,-0.980591,-0.209595,30.151360,-68.115240,-87.646460,walking_abha_new
1771603879.659379,0.419556,-0.886353,-0.228394,23.254390,-65.917980,-82.885720,walking_abha_new
1771603879.6733906,0.320190,-0.761963,-0.260742,19.592290,-57.983390,-79.467800,walking_abha_new
1771603879.7043498,0.298096,-0.673950,-0.274536,16.723632,-53.222640,-77.453620,walking_abha_new
1771603879.7213798,0.316895,-0.628662,-0.279541,11.657712,-38.574220,-73.242200,walking_abha_new
1771603879.7377481,0.300293,-0.604980,-0.256958,10.803220,-39.062500,-72.998060,walking_abha_new
1771603879.7568493,0.295898,-0.627320,-0.219360,4.455568,-32.165540,-74.096700,walking_abha_new
1771603879.7759051,0.310669,-0.663818,-0.190796,-1.892090,-28.259270,-69.335940,walking_abha_new
1771603879.7975895,0.313721,-0.729980,-0.189209,-6.652830,-23.376460,-64.392100,walking_abha_new
1771603879.8155866,0.282959,-0.756226,-0.198730,-15.930172,-12.268064,-54.809560,walking_abha_new
1771603879.8400252,0.280029,-0.756714,-0.193115,-17.822270,-7.385252,-44.128410,walking_abha_new
1771603879.8538067,0.317383,-0.786987,-0.177002,-21.240230,2.136231,-31.494136,walking_abha_new
1771603879.8776278,0.366943,-0.874756,-0.167847,-22.949216,9.948730,-15.869140,walking_abha_new
1771603879.8956106,0.433594,-0.966309,-0.156616,-22.888180,10.498044,-0.122070,walking_abha_new
1771603879.9164364,0.447632,-0.990356,-0.147949,-21.179192,7.629394,15.075680,walking_abha_new
1771603879.9374988,0.443848,-0.977783,-0.159058,-19.775390,2.929687,29.846190,walking_abha_new
1771603879.9572656,0.477173,-1.023072,-0.170532,-15.747068,0.305176,46.325680,walking_abha_new
1771603879.9778666,0.530518,-1.238038,-0.146118,-7.202148,-0.488281,66.894540,walking_abha_new
1771603879.9926353,0.477905,-1.132690,-0.159302,-4.394532,9.277344,77.392600,walking_abha_new
1771603880.0139751,0.429443,-0.901489,-0.198486,-1.770019,20.629880,86.242660,walking_abha_new
1771603880.0355825,0.412720,-0.741455,-0.255249,1.953124,26.489250,89.965800,walking_abha_new
1771603880.0553007,0.426148,-0.677368,-0.296631,11.047360,21.240230,79.162600,walking_abha_new
1771603880.0779321,0.390869,-0.738159,-0.308350,20.935052,12.695310,64.941420,walking_abha_new
1771603880.0971076,0.383667,-0.849976,-0.307007,25.329584,13.366696,54.321280,walking_abha_new
1771603880.1169314,0.457520,-0.895142,-0.323364,23.010250,12.145992,49.499500,walking_abha_new
1771603880.131434,0.479980,-0.862305,-0.343994,19.531250,3.784179,45.043940,walking_abha_new
1771603880.1562564,0.395508,-0.776001,-0.317383,11.291500,8.605960,39.489750,walking_abha_new
1771603880.173359,0.289063,-0.666870,-0.317383,-1.525878,29.113768,46.020500,walking_abha_new
1771603880.195025,0.347534,-0.608032,-0.325073,-5.798338,44.372550,39.794920,walking_abha_new
1771603880.214886,0.438965,-0.621704,-0.304443,-5.676268,42.846670,37.109380,walking_abha_new
1771603880.2408228,0.500000,-0.652100,-0.296387,-3.601074,30.456540,33.020020,walking_abha_new
1771603880.2565029,0.538940,-0.713501,-0.302368,-2.929687,15.563964,35.522460,walking_abha_new
1771603880.2794123,0.525513,-0.724854,-0.319946,-4.394532,6.225584,38.085940,walking_abha_new
1771603880.3044415,0.540039,-0.732910,-0.334595,-3.051757,1.953124,36.682140,walking_abha_new
1771603880.3209825,0.569946,-0.751465,-0.347778,-3.479003,-0.671386,37.109380,walking_abha_new
1771603880.3397639,0.605225,-0.735352,-0.361084,-2.563476,-4.821778,31.311030,walking_abha_new
1771603880.3696516,0.620606,-0.729004,-0.344727,-3.051757,-13.244628,28.076170,walking_abha_new
1771603880.3756068,0.625977,-0.787354,-0.342285,-2.929687,-18.127448,24.841304,walking_abha_new
1771603880.3948884,0.625488,-0.873413,-0.339111,-2.929687,-15.747068,15.014646,walking_abha_new
1771603880.41622,0.612183,-0.964722,-0.325317,-6.286620,-5.737304,12.817380,walking_abha_new
1771603880.4375389,0.631592,-1.019043,-0.301636,-6.713866,6.408690,5.981444,walking_abha_new
1771603880.457359,0.747681,-1.256226,-0.305908,-2.502442,7.019042,6.469726,walking_abha_new
1771603880.4791937,0.756958,-1.403564,-0.337769,-6.225584,12.390136,1.098633,walking_abha_new
1771603880.4931724,0.653564,-1.142700,-0.333008,-11.108396,22.705070,-17.211920,walking_abha_new
1771603880.5138242,0.533692,-0.823608,-0.224121,-13.305660,33.874520,-28.076170,walking_abha_new
1771603880.5340369,0.473755,-0.734619,-0.181152,0.122070,38.208020,-49.072260,walking_abha_new
1771603880.5552423,0.618896,-0.886719,-0.221924,10.559080,18.493652,-65.856940,walking_abha_new
1771603880.5823877,0.652466,-0.939820,-0.230835,17.700200,-16.296390,-74.279800,walking_abha_new
1771603880.5907466,0.636597,-0.954102,-0.205811,21.484370,-47.119130,-74.523940,walking_abha_new
1771603880.6187344,0.537964,-0.954590,-0.202515,20.019532,-56.396480,-71.167000,walking_abha_new
1771603880.6359453,0.448608,-0.866455,-0.218384,15.380856,-51.940910,-68.725600,walking_abha_new
1771603880.6568012,0.343506,-0.729370,-0.239990,13.488768,-45.898430,-66.894540,walking_abha_new
1771603880.6750722,0.313477,-0.632690,-0.251831,9.521484,-42.297360,-64.575200,walking_abha_new
1771603880.7004962,0.325806,-0.582154,-0.266358,6.835936,-48.522940,-62.072740,walking_abha_new
1771603880.7273235,0.328613,-0.584106,-0.228149,7.263182,-45.104970,-65.673840,walking_abha_new
1771603880.738606,0.251099,-0.631958,-0.165649,2.197266,-37.841800,-63.659660,walking_abha_new
1771603880.7562954,0.287354,-0.675904,-0.159546,-3.051757,-29.785150,-57.556140,walking_abha_new
1771603880.7781582,0.303711,-0.719849,-0.171021,-7.324218,-23.986810,-49.438460,walking_abha_new
1771603880.7946403,0.294190,-0.773682,-0.180786,-13.366696,-16.296390,-38.940440,walking_abha_new
1771603880.821464,0.294678,-0.803223,-0.186646,-19.226080,-6.835936,-28.015130,walking_abha_new
1771603880.8419595,0.327759,-0.842774,-0.191040,-23.010250,3.784179,-17.883300,walking_abha_new
1771603880.8554995,0.384888,-0.913330,-0.197388,-24.108880,9.643556,-8.300784,walking_abha_new
1771603880.876336,0.424683,-0.998779,-0.183960,-23.498530,9.948730,-0.122070,walking_abha_new
1771603880.896502,0.390747,-1.001465,-0.160278,-21.179192,6.713866,6.225584,walking_abha_new
1771603880.9173496,0.377564,-0.984375,-0.207520,-15.686032,4.882814,16.296390,walking_abha_new
1771603880.936537,0.425049,-1.253052,-0.178833,-8.361816,0.610352,26.428220,walking_abha_new
1771603880.9573095,0.437866,-1.366089,-0.141113,-4.821778,7.812498,36.560060,walking_abha_new
1771603880.9726212,0.384644,-1.136475,-0.158325,-4.211426,24.353020,48.828120,walking_abha_new
1771603880.9977021,0.327148,-0.837402,-0.239746,0.244141,34.912120,62.561020,walking_abha_new
1771603881.0140343,0.354492,-0.701660,-0.328858,9.155274,34.240730,67.749040,walking_abha_new
1771603881.0362887,0.391113,-0.716309,-0.362183,21.118160,18.859868,61.523430,walking_abha_new
1771603881.0554419,0.375366,-0.801148,-0.366211,32.653820,11.352536,47.546380,walking_abha_new
1771603881.0763586,0.371948,-0.898071,-0.368042,33.386240,8.728030,45.166000,walking_abha_new
1771603881.0969162,0.453980,-0.902954,-0.361206,24.291990,3.845214,52.001940,walking_abha_new
1771603881.1187587,0.377930,-0.783447,-0.345947,18.493652,-5.859374,52.001940,walking_abha_new
1771603881.1328688,0.275146,-0.682617,-0.347656,11.108396,5.676268,46.691880,walking_abha_new
1771603881.1528683,0.256348,-0.629761,-0.352905,1.525878,28.381340,49.316400,walking_abha_new
1771603881.183668,0.371094,-0.603028,-0.347412,-5.981444,40.954580,51.391590,walking_abha_new
1771603881.2014368,0.489502,-0.613770,-0.318604,-4.455568,33.630380,47.607410,walking_abha_new
1771603881.2280962,0.525635,-0.679932,-0.293091,-3.234863,20.446770,46.508780,walking_abha_new
1771603881.23648,0.541138,-0.711792,-0.299927,-5.187988,10.742184,49.377430,walking_abha_new
1771603881.2601705,0.549805,-0.723877,-0.332520,-4.333496,5.065916,46.630850,walking_abha_new
1771603881.2777627,0.572144,-0.763794,-0.350952,-4.272462,2.258301,43.151840,walking_abha_new
1771603881.2921252,0.589722,-0.787354,-0.360840,-3.723144,-0.854492,33.081060,walking_abha_new
1771603881.3149464,0.590820,-0.756592,-0.343018,-4.455568,-1.403808,26.489250,walking_abha_new
1771603881.3374467,0.589966,-0.750366,-0.330688,-4.638672,-1.342773,20.751950,walking_abha_new
1771603881.3572729,0.604736,-0.817383,-0.345703,-3.784179,0.610352,8.911134,walking_abha_new
1771603881.3752892,0.621704,-0.907959,-0.341309,-5.493162,4.089356,6.774902,walking_abha_new
1771603881.3897526,0.619263,-0.922852,-0.340332,-8.666994,8.789064,4.821778,walking_abha_new
1771603881.4157999,0.611938,-0.979370,-0.317017,-6.530760,15.380856,-3.173828,walking_abha_new
1771603881.4317806,0.684204,-1.170532,-0.322022,-4.882814,19.714360,-2.868652,walking_abha_new
1771603881.458162,0.714478,-1.237061,-0.358643,-6.408690,21.545408,-10.253904,walking_abha_new
1771603881.4792812,0.620239,-1.040772,-0.336914,-7.812498,23.559568,-24.658200,walking_abha_new
1771603881.4975889,0.519409,-0.807007,-0.206177,-10.375976,34.973150,-32.043460,walking_abha_new
1771603881.517968,0.587158,-0.834717,-0.211914,-3.723144,29.663080,-44.799800,walking_abha_new
1771603881.5343175,0.663940,-0.893433,-0.223267,5.554198,2.990722,-58.349600,walking_abha_new
1771603881.5507326,0.668335,-0.944946,-0.220215,13.610836,-30.029290,-67.993180,walking_abha_new
1771603881.5832107,0.612671,-0.990967,-0.208862,18.737796,-53.588860,-71.289060,walking_abha_new
1771603881.5962884,0.527222,-0.975220,-0.218750,18.676760,-59.265120,-74.768080,walking_abha_new
1771603881.6172526,0.439453,-0.894165,-0.225342,17.150880,-54.199210,-78.186040,walking_abha_new
1771603881.6378593,0.313110,-0.787964,-0.231201,14.221190,-39.489750,-81.298800,walking_abha_new
1771603881.6629739,0.257568,-0.675049,-0.259033,8.911134,-23.071284,-82.763660,walking_abha_new
1771603881.673587,0.265381,-0.594971,-0.251587,5.065916,-21.179192,-79.040540,walking_abha_new
1771603881.6967542,0.282715,-0.561279,-0.233643,4.272462,-13.427732,-76.782240,walking_abha_new
1771603881.7183144,0.270386,-0.584229,-0.190186,0.915527,-8.972170,-70.861840,walking_abha_new
1771603881.7353816,0.289185,-0.609131,-0.183105,-2.441407,-7.385252,-62.805160,walking_abha_new
1771603881.755785,0.305054,-0.671387,-0.193970,-4.821778,-11.230468,-53.039540,walking_abha_new
1771603881.7780201,0.316650,-0.729980,-0.198608,-8.850100,-13.488768,-41.625960,walking_abha_new
1771603881.7959018,0.288574,-0.774780,-0.198242,-13.122556,-10.375976,-30.578610,walking_abha_new
1771603881.8122554,0.290161,-0.819946,-0.193237,-16.174320,1.586914,-20.446770,walking_abha_new
1771603881.8372478,0.345581,-0.917725,-0.198853,-16.235352,11.474608,-9.277344,walking_abha_new
1771603881.857328,0.415161,-1.012207,-0.201538,-14.953610,11.718748,0.854492,walking_abha_new
1771603881.8746564,0.439453,-1.007812,-0.203491,-10.314940,3.417968,17.150880,walking_abha_new
1771603881.8952746,0.447266,-1.006226,-0.220581,-7.690428,-1.953124,30.700680,walking_abha_new
1771603881.9158883,0.452881,-1.163574,-0.194946,-3.051757,-7.324218,45.715320,walking_abha_new
1771603881.938682,0.445068,-1.317994,-0.144165,-0.671386,-3.662109,60.302720,walking_abha_new
1771603881.957196,0.415039,-1.222534,-0.142944,-1.342773,15.258788,73.608400,walking_abha_new
1771603881.9754794,0.383179,-0.960694,-0.221314,0.976562,31.066890,85.449200,walking_abha_new
1771603881.9966285,0.422363,-0.828613,-0.319702,6.591796,35.766600,89.599600,walking_abha_new
1771603882.015277,0.457520,-0.781494,-0.386230,18.493652,31.249992,80.383280,walking_abha_new
1771603882.036225,0.416626,-0.822754,-0.420532,29.479976,9.277344,64.514160,walking_abha_new
1771603882.0569382,0.428833,-0.890015,-0.420288,29.174800,-4.699708,51.513660,walking_abha_new
1771603882.075966,0.466797,-0.850464,-0.385986,27.587884,-15.441892,47.180160,walking_abha_new
1771603882.09661,0.360840,-0.763916,-0.347290,22.583000,-19.470220,40.283200,walking_abha_new
1771603882.1170263,0.229492,-0.686035,-0.327759,13.671872,-7.324218,37.048340,walking_abha_new
1771603882.1336613,0.197754,-0.659424,-0.324097,0.427246,19.226080,39.978040,walking_abha_new
1771603882.151724,0.288452,-0.626343,-0.323486,-9.033204,39.611820,38.696300,walking_abha_new
1771603882.1799338,0.375122,-0.614624,-0.301025,-10.314940,45.959460,35.644540,walking_abha_new
1771603882.1960962,0.464722,-0.661987,-0.269287,-14.343260,42.480460,43.640120,walking_abha_new
1771603882.216156,0.513916,-0.685913,-0.265869,-18.371584,35.766600,51.269520,walking_abha_new
1771603882.235553,0.609375,-0.699341,-0.280396,-17.822270,20.507810,53.283680,walking_abha_new
1771603882.2560513,0.654663,-0.739624,-0.293213,-11.657712,-4.760742,51.147450,walking_abha_new
1771603882.2780638,0.628540,-0.750244,-0.302856,-9.155274,-10.253904,46.203600,walking_abha_new
1771603882.297023,0.615234,-0.720947,-0.296265,-8.056642,-9.765626,43.090810,walking_abha_new
1771603882.314773,0.625122,-0.739868,-0.282715,-6.286620,-9.033204,38.330080,walking_abha_new
1771603882.33277,0.654297,-0.805420,-0.286377,-5.126952,-7.080076,26.733390,walking_abha_new
1771603882.3754084,0.671021,-0.898926,-0.273560,-2.929687,-3.784179,15.563964,walking_abha_new
1771603882.3754084,0.640259,-0.950073,-0.245239,-5.065916,6.896972,6.408690,walking_abha_new
1771603882.3947635,0.722656,-1.100708,-0.246460,1.098633,7.873534,-3.479003,walking_abha_new
1771603882.422086,0.798828,-1.362549,-0.304321,3.417968,5.371092,-10.559080,walking_abha_new
1771603882.4384992,0.726440,-1.253906,-0.308350,-2.319336,15.502928,-37.597660,walking_abha_new
1771603882.451791,0.541870,-0.899414,-0.203369,-5.676268,24.658200,-46.569820,walking_abha_new
1771603882.4811537,0.583496,-0.907959,-0.183472,1.525878,26.306150,-63.110340,walking_abha_new
1771603882.4947078,0.654419,-0.980103,-0.198730,10.375976,11.535644,-82.397440,walking_abha_new
1771603882.517288,0.691406,-1.014526,-0.193481,18.676760,-21.057124,-92.590300,walking_abha_new
1771603882.5355897,0.678955,-1.035400,-0.186279,24.658200,-52.917470,-94.909660,walking_abha_new
1771603882.5552218,0.599487,-1.042480,-0.182739,26.733390,-67.443860,-95.275860,walking_abha_new
1771603882.5698433,0.506592,-0.962891,-0.195923,22.705070,-70.556640,-96.374500,walking_abha_new
1771603882.5969467,0.380249,-0.827148,-0.219116,19.226080,-66.284200,-98.632800,walking_abha_new
1771603882.6179233,0.281860,-0.708130,-0.234253,16.296390,-53.710930,-100.463840,walking_abha_new
1771603882.6385815,0.265625,-0.600586,-0.255737,10.986324,-29.663080,-102.600080,walking_abha_new
1771603882.652995,0.257568,-0.599365,-0.238403,11.108396,-24.658200,-103.759760,walking_abha_new
1771603882.6773138,0.292236,-0.619019,-0.189697,3.173828,-13.305660,-101.989720,walking_abha_new
1771603882.6971295,0.320923,-0.656982,-0.153076,-0.976562,-12.023924,-95.336900,walking_abha_new
1771603882.716865,0.357056,-0.703858,-0.142700,-6.835936,-11.474608,-87.768540,walking_abha_new
1771603882.7360454,0.354126,-0.759522,-0.168335,-10.925290,-11.962890,-75.683600,walking_abha_new
1771603882.7591763,0.335816,-0.787476,-0.170166,-17.578130,-11.169430,-60.852040,walking_abha_new
1771603882.776672,0.320679,-0.788940,-0.160400,-23.681636,-4.089356,-45.959460,walking_abha_new
1771603882.798226,0.328613,-0.839234,-0.145020,-27.465816,10.131832,-29.968260,walking_abha_new
1771603882.8143501,0.384888,-0.902466,-0.120483,-28.564450,23.742670,-5.126952,walking_abha_new
1771603882.8357177,0.427734,-0.894776,-0.101196,-24.597160,22.705070,8.422854,walking_abha_new
1771603882.8576045,0.441040,-0.924561,-0.099976,-17.578130,18.127448,24.475090,walking_abha_new
1771603882.8751688,0.479858,-1.113160,-0.082520,-8.239746,13.183590,45.043940,walking_abha_new
1771603882.8977368,0.523194,-1.251343,-0.059326,-1.098633,12.145992,67.871100,walking_abha_new
1771603882.916203,0.511841,-1.126831,-0.087036,3.112792,16.174320,90.820300,walking_abha_new
1771603882.9363847,0.469238,-0.884400,-0.189575,7.934570,17.761230,109.863260,walking_abha_new
1771603882.9580958,0.468872,-0.766846,-0.291504,15.747068,12.634276,119.995100,walking_abha_new
1771603882.9779649,0.508179,-0.794434,-0.331787,27.587884,-4.699708,114.074700,walking_abha_new
1771603882.9970143,0.483643,-0.864624,-0.324463,40.893540,-16.906740,97.290020,walking_abha_new
1771603883.0132897,0.406494,-0.960816,-0.311768,46.020500,-37.109380,78.857440,walking_abha_new
1771603883.036466,0.410522,-0.950928,-0.299316,41.442860,-36.987310,72.204600,walking_abha_new
1771603883.0551589,0.319092,-0.871826,-0.291626,35.888680,-27.099608,63.171380,walking_abha_new
1771603883.0795038,0.204834,-0.785889,-0.297730,24.719230,-2.563476,59.143060,walking_abha_new
1771603883.097144,0.205200,-0.723267,-0.309814,11.535644,28.320310,60.302720,walking_abha_new
1771603883.1117942,0.318359,-0.675781,-0.307373,3.356933,44.677720,59.631340,walking_abha_new
1771603883.1391194,0.411377,-0.680298,-0.308106,2.624511,41.992180,55.908200,walking_abha_new
1771603883.1531775,0.481323,-0.719971,-0.291382,-0.549316,31.921380,57.556140,walking_abha_new
1771603883.1728752,0.496582,-0.732056,-0.296143,-3.845214,22.338860,61.706540,walking_abha_new
1771603883.1961544,0.522949,-0.755249,-0.315552,-7.019042,15.747068,65.063500,walking_abha_new
1771603883.2152448,0.583008,-0.783447,-0.330566,-7.995604,13.427732,62.194820,walking_abha_new
1771603883.2353625,0.618774,-0.781860,-0.329956,-7.385252,8.911134,56.396480,walking_abha_new
1771603883.2503726,0.611084,-0.768677,-0.317749,-6.835936,5.004884,50.292960,walking_abha_new
1771603883.2777627,0.638672,-0.802856,-0.318848,-6.896972,-0.122070,44.372550,walking_abha_new
1771603883.2976904,0.670776,-0.871826,-0.334106,-6.713866,-2.136231,31.555170,walking_abha_new
1771603883.3168883,0.688110,-0.971436,-0.329712,-9.643556,-2.868652,32.104500,walking_abha_new
1771603883.3329673,0.664551,-0.987915,-0.308594,-12.451170,1.037598,23.620600,walking_abha_new
1771603883.3561895,0.667114,-1.115967,-0.296509,-10.009768,7.934570,7.263182,walking_abha_new
1771603883.3739262,0.775635,-1.340210,-0.330444,-10.192870,10.314940,2.197266,walking_abha_new
1771603883.3995507,0.637940,-1.137574,-0.340088,-18.859868,33.386240,-20.507810,walking_abha_new
1771603883.4160082,0.573120,-0.891724,-0.235107,-25.329584,45.532220,-32.836920,walking_abha_new
1771603883.439943,0.585205,-0.801758,-0.209839,-16.540530,38.513190,-50.476060,walking_abha_new
1771603883.4833457,0.677734,-0.945068,-0.243286,2.746581,-10.498044,-92.834460,walking_abha_new
1771603883.4833457,0.659790,-1.007446,-0.212647,7.507323,-41.625960,-99.304180,walking_abha_new
1771603883.5147135,0.592652,-1.062256,-0.197510,6.774902,-54.626460,-97.839340,walking_abha_new
1771603883.540525,0.516846,-1.025757,-0.210205,1.037598,-53.161610,-96.801740,walking_abha_new
1771603883.5599475,0.415405,-0.895264,-0.215698,-0.305176,-46.020500,-100.463840,walking_abha_new
1771603883.5760922,0.324097,-0.790650,-0.219360,-3.295898,-29.602044,-102.722160,walking_abha_new
1771603883.5971978,0.334229,-0.675537,-0.239380,-4.272462,-26.855464,-102.478000,walking_abha_new
1771603883.6183414,0.362427,-0.660889,-0.213013,-3.601074,-31.372068,-105.041500,walking_abha_new
1771603883.632658,0.315308,-0.676026,-0.171143,-5.249022,-30.517570,-105.773900,walking_abha_new
1771603883.660845,0.286011,-0.692871,-0.130371,-11.535644,-20.629880,-103.149400,walking_abha_new
1771603883.6738622,0.302490,-0.718872,-0.120483,-16.052250,-11.657712,-96.496560,walking_abha_new
1771603883.6939356,0.329468,-0.763428,-0.127686,-21.545408,-3.479003,-85.998520,walking_abha_new
1771603883.7175179,0.334229,-0.793945,-0.143433,-24.902340,-1.098633,-72.998060,walking_abha_new
1771603883.7355392,0.331299,-0.804810,-0.158203,-27.954100,3.173828,-61.218250,walking_abha_new
1771603883.7502766,0.331787,-0.842529,-0.167969,-29.174800,10.070800,-49.926750,walking_abha_new
1771603883.777139,0.367066,-0.908692,-0.147827,-30.090330,18.859868,-28.564450,walking_abha_new
1771603883.7974882,0.371948,-0.901856,-0.139526,-27.709956,20.385740,-15.197750,walking_abha_new
1771603883.8172853,0.367310,-0.883179,-0.150024,-23.010250,18.066410,-3.173828,walking_abha_new
1771603883.833687,0.393188,-1.013672,-0.138184,-15.197750,13.183590,11.718748,walking_abha_new
1771603883.8577394,0.435303,-1.207520,-0.094116,-7.446288,9.765626,29.479976,walking_abha_new
1771603883.9103456,0.442871,-1.197754,-0.081909,-2.990722,15.808104,48.522940,walking_abha_new
1771603883.9103456,0.393311,-0.947266,-0.152832,0.122070,25.085448,66.650400,walking_abha_new
1771603883.9228892,0.338867,-0.786377,-0.228272,3.967285,33.752440,81.604000,walking_abha_new
1771603883.9366615,0.341187,-0.756714,-0.274780,11.413570,38.391120,87.097160,walking_abha_new
1771603883.9522455,0.384888,-0.815430,-0.302856,25.085448,31.860350,81.298800,walking_abha_new
1771603883.9780817,0.485718,-0.923950,-0.332031,30.151360,28.198240,81.115700,walking_abha_new
1771603883.9942663,0.533203,-0.919068,-0.338867,32.775880,16.967780,85.266100,walking_abha_new
1771603884.0220985,0.552979,-0.868774,-0.348877,31.555170,-5.859374,83.190900,walking_abha_new
1771603884.0369906,0.473145,-0.795044,-0.365112,31.127924,-19.409180,80.383280,walking_abha_new
1771603884.0555618,0.326050,-0.725464,-0.392822,24.047850,-12.207030,77.148440,walking_abha_new
1771603884.0766792,0.291138,-0.663452,-0.389648,12.939450,13.305660,70.556640,walking_abha_new
1771603884.096687,0.344360,-0.644776,-0.358765,2.685546,34.851080,73.242200,walking_abha_new
1771603884.1189387,0.406250,-0.650391,-0.326904,-3.540038,44.677720,69.702160,walking_abha_new
1771603884.138794,0.496460,-0.730347,-0.316162,-7.873534,43.518060,65.795900,walking_abha_new
1771603884.158544,0.570435,-0.791748,-0.338257,-15.197750,36.682140,65.795900,walking_abha_new
1771603884.1810007,0.625488,-0.841187,-0.348877,-17.822270,29.113768,69.580100,walking_abha_new
1771603884.1940641,0.652100,-0.820679,-0.363159,-18.737796,20.996090,68.847660,walking_abha_new
1771603884.218493,0.653320,-0.780640,-0.368774,-17.272950,13.549804,63.964840,walking_abha_new
1771603884.2357528,0.636841,-0.757690,-0.367554,-16.662600,9.826660,59.143060,walking_abha_new
1771603884.2503972,0.646973,-0.778198,-0.370239,-15.441892,7.629394,51.879880,walking_abha_new
1771603884.2774267,0.686890,-0.864746,-0.366333,-15.502928,6.103514,42.846670,walking_abha_new
1771603884.2921169,0.717407,-0.928955,-0.346436,-16.784670,3.845214,39.184580,walking_abha_new
1771603884.317238,0.710449,-0.975220,-0.317627,-18.310550,7.751464,37.170420,walking_abha_new
1771603884.3358197,0.743286,-1.071167,-0.304688,-15.441892,9.277344,26.855464,walking_abha_new
1771603884.3529396,0.832276,-1.253784,-0.342896,-14.221190,7.812498,15.808104,walking_abha_new
1771603884.3681087,0.753662,-1.088623,-0.351807,-15.747068,11.169430,1.647949,walking_abha_new
1771603884.3954751,0.627442,-0.849854,-0.283325,-18.066410,20.446770,-13.000484,walking_abha_new
1771603884.4182482,0.571778,-0.725464,-0.236084,-15.014646,23.864740,-32.592780,walking_abha_new
1771603884.437656,0.627564,-0.804444,-0.224854,-6.408690,15.747068,-55.480940,walking_abha_new
1771603884.4571657,0.685425,-0.878418,-0.212036,-0.610352,-3.601074,-73.913600,walking_abha_new
1771603884.4779253,0.692139,-0.950195,-0.189453,3.051757,-29.785150,-82.153300,walking_abha_new
1771603884.4990108,0.645386,-0.995484,-0.165894,4.272462,-46.264640,-86.791960,walking_abha_new
1771603884.5177486,0.571655,-1.002198,-0.179565,3.356933,-46.081540,-93.933100,walking_abha_new
1771603884.5411975,0.488159,-0.874146,-0.229492,1.831054,-35.583500,-102.844220,walking_abha_new
1771603884.5551686,0.445068,-0.768066,-0.253174,3.234863,-30.212400,-108.337380,walking_abha_new
1771603884.577254,0.432617,-0.687256,-0.255249,1.342773,-35.583500,-114.257800,walking_abha_new
1771603884.5969832,0.413086,-0.665405,-0.236450,4.821778,-44.128410,-120.361300,walking_abha_new
1771603884.6218443,0.396240,-0.677734,-0.198120,4.028321,-33.264160,-122.619600,walking_abha_new
1771603884.636763,0.373413,-0.701416,-0.161011,1.586914,-29.418940,-122.131320,walking_abha_new
1771603884.6587105,0.372803,-0.734619,-0.151733,-2.441407,-25.085448,-118.713360,walking_abha_new
1771603884.6767254,0.362793,-0.773926,-0.149292,-5.798338,-22.766110,-110.595680,walking_abha_new
1771603884.6940362,0.351318,-0.793335,-0.167725,-10.314940,-17.700200,-100.463840,walking_abha_new
1771603884.7172468,0.340576,-0.785278,-0.182251,-18.066410,-3.540038,-83.496060,walking_abha_new
1771603884.7362065,0.337891,-0.796509,-0.191162,-21.240230,7.873534,-70.373540,walking_abha_new
1771603884.756943,0.363648,-0.837158,-0.183716,-22.460930,15.502928,-55.297840,walking_abha_new
1771603884.776904,0.387207,-0.870362,-0.162476,-21.728510,19.042970,-40.100100,walking_abha_new
1771603884.7922,0.386475,-0.881226,-0.153687,-19.531250,20.202630,-23.681636,walking_abha_new
1771603884.818373,0.401611,-0.954956,-0.144775,-14.404296,17.639160,-3.112792,walking_abha_new
1771603884.8384104,0.447266,-1.159180,-0.110718,-5.493162,11.962890,21.423332,walking_abha_new
1771603884.855534,0.462402,-1.243896,-0.100220,0.854492,13.366696,46.630850,walking_abha_new
1771603884.874911,0.432129,-1.040528,-0.192505,2.563476,22.338860,68.786640,walking_abha_new
1771603884.8978121,0.363281,-0.804199,-0.318359,3.540038,28.869624,86.608860,walking_abha_new
1771603884.9168937,0.315796,-0.681396,-0.364624,10.925290,30.090330,97.717260,walking_abha_new
1771603884.9377651,0.327759,-0.786865,-0.354858,17.883300,28.503410,94.116200,walking_abha_new
1771603884.9532387,0.342285,-0.864258,-0.348267,22.644040,29.296870,87.280260,walking_abha_new
1771603884.978176,0.422852,-0.927856,-0.330811,24.597160,32.226570,87.707500,walking_abha_new
1771603884.9932036,0.463623,-0.925537,-0.338989,21.850580,13.427732,92.102040,walking_abha_new
1771603885.0137217,0.433228,-0.861816,-0.367188,16.052250,2.258301,91.491680,walking_abha_new
1771603885.036236,0.355957,-0.777588,-0.393066,10.681150,6.408690,94.665500,walking_abha_new
1771603885.056521,0.359375,-0.723877,-0.409668,1.464844,20.141600,100.708000,walking_abha_new
1771603885.0759907,0.431519,-0.696167,-0.398682,-4.577638,26.245110,99.365220,walking_abha_new
1771603885.0908136,0.527588,-0.735962,-0.354248,-7.751464,18.676760,96.984840,walking_abha_new
1771603885.1182334,0.516846,-0.785767,-0.320190,-15.869140,22.399900,102.294900,walking_abha_new
1771603885.1488156,0.564087,-0.791748,-0.325928,-19.592290,29.052730,95.581040,walking_abha_new
1771603885.15714,0.622070,-0.817993,-0.336792,-20.935052,34.912120,90.454080,walking_abha_new
1771603885.1737797,0.654053,-0.838623,-0.337280,-23.071284,36.682140,87.402320,walking_abha_new
1771603885.1947806,0.716309,-0.821655,-0.328247,-24.475090,26.428220,78.430200,walking_abha_new
1771603885.2158222,0.704468,-0.775391,-0.307129,-21.484370,13.916012,71.228040,walking_abha_new
1771603885.2358208,0.663940,-0.764160,-0.288086,-20.690910,11.596676,64.025900,walking_abha_new
1771603885.2588959,0.688354,-0.811035,-0.295410,-21.179192,15.197750,51.635740,walking_abha_new
1771603885.2774894,0.724732,-0.882080,-0.289429,-19.897460,19.470220,35.583500,walking_abha_new
1771603885.2982748,0.762207,-0.946045,-0.266235,-18.432620,17.150880,33.874520,walking_abha_new
1771603885.3191981,0.787354,-1.055542,-0.278564,-10.803220,11.840818,21.362300,walking_abha_new
1771603885.339012,0.853272,-1.245606,-0.319092,-7.690428,12.023924,2.685546,walking_abha_new
1771603885.354166,0.795776,-1.065918,-0.336548,-8.056642,10.681150,-14.770504,walking_abha_new
1771603885.3747056,0.716797,-0.838623,-0.263062,-11.291500,-6.347656,-19.165040,walking_abha_new
1771603885.3962655,0.611572,-0.764648,-0.227173,-4.028321,2.258301,-27.770990,walking_abha_new
1771603885.4154367,0.607666,-0.814209,-0.243042,5.676268,13.305660,-54.016100,walking_abha_new
1771603885.4369323,0.695435,-0.870972,-0.248413,8.728030,-8.789064,-79.345700,walking_abha_new
1771603885.457309,0.650146,-0.955933,-0.237305,14.099120,-31.311030,-91.003400,walking_abha_new
1771603885.4745746,0.601440,-1.040650,-0.235230,11.047360,-37.231450,-98.999000,walking_abha_new
1771603885.492735,0.532837,-1.025024,-0.253296,6.286620,-29.235832,-105.529760,walking_abha_new
1771603885.5138574,0.460938,-0.909424,-0.268555,5.249022,-18.676760,-117.492660,walking_abha_new
1771603885.5366235,0.410645,-0.806763,-0.280640,4.821778,-9.338380,-124.572720,walking_abha_new
1771603885.5544786,0.388672,-0.707764,-0.287720,3.356933,-7.873534,-125.732400,walking_abha_new
1771603885.5692306,0.372925,-0.651245,-0.279297,-0.061035,-21.545408,-126.647920,walking_abha_new
1771603885.5961564,0.348389,-0.661743,-0.249023,0.366211,-36.132820,-125.183100,walking_abha_new
1771603885.6180658,0.339844,-0.703736,-0.214233,-2.624511,-24.841304,-120.056120,walking_abha_new
1771603885.6387799,0.315918,-0.771362,-0.216797,-7.324218,-18.676760,-112.121560,walking_abha_new
1771603885.6588595,0.313110,-0.834961,-0.218018,-13.793944,-11.169430,-99.853500,walking_abha_new
1771603885.6771636,0.280762,-0.831177,-0.232056,-22.155760,-0.488281,-81.359840,walking_abha_new
1771603885.6946511,0.267822,-0.837524,-0.226196,-25.756830,9.094240,-68.969740,walking_abha_new
1771603885.7149322,0.274658,-0.855713,-0.224854,-26.611320,16.479492,-54.260240,walking_abha_new
1771603885.7357478,0.307373,-0.884033,-0.197754,-25.024410,19.836430,-40.832510,walking_abha_new
1771603885.7560015,0.312500,-0.861572,-0.169189,-20.385740,16.540530,-27.038570,walking_abha_new
1771603885.7780082,0.316895,-0.871582,-0.182739,-15.319820,9.521484,-10.009768,walking_abha_new
1771603885.791969,0.369507,-1.026001,-0.153809,-7.873534,0.854492,9.887696,walking_abha_new
1771603885.8205051,0.404907,-1.244996,-0.080200,0.061035,-3.784179,32.714850,walking_abha_new
1771603885.8392491,0.375488,-1.233154,-0.060059,4.089356,5.432128,55.480940,walking_abha_new
1771603885.8608203,0.312378,-0.958862,-0.140747,8.483890,26.428220,84.838860,walking_abha_new
1771603885.8928351,0.313477,-0.755249,-0.282471,15.930172,30.639640,93.688960,walking_abha_new
1771603885.9010465,0.366821,-0.808228,-0.304199,29.418940,21.789548,92.041000,walking_abha_new
1771603885.9175837,0.374512,-0.902222,-0.313599,38.757330,9.033204,87.707500,walking_abha_new
1771603885.9372642,0.408203,-0.946289,-0.325317,41.870110,4.699708,88.073700,walking_abha_new
1771603885.9518638,0.445190,-0.951172,-0.322388,43.029780,2.746581,91.247540,walking_abha_new
1771603885.9720845,0.438232,-0.895142,-0.309814,39.489750,-8.850100,90.759260,walking_abha_new
1771603885.9948437,0.385010,-0.802490,-0.338135,36.438000,-10.253904,91.064440,walking_abha_new
1771603886.017924,0.316040,-0.745117,-0.383911,29.541010,1.281738,94.604460,walking_abha_new
1771603886.0666447,0.352173,-0.712769,-0.395264,20.385740,18.371584,94.970680,walking_abha_new
1771603886.0678723,0.444824,-0.696655,-0.360230,13.488768,20.202630,90.270980,walking_abha_new
1771603886.0777001,0.462769,-0.744995,-0.333008,10.864256,21.667476,74.890140,walking_abha_new
1771603886.096805,0.496582,-0.856323,-0.332520,-1.892090,28.808590,92.651360,walking_abha_new
1771603886.117969,0.585449,-0.846192,-0.371704,-5.920409,32.653820,87.585440,walking_abha_new
1771603886.1381679,0.644165,-0.883423,-0.380859,-8.056642,31.372068,84.533660,walking_abha_new
1771603886.15312,0.672852,-0.856568,-0.383179,-9.948730,27.770990,78.735360,walking_abha_new
1771603886.183717,0.701294,-0.800781,-0.395630,-8.117676,17.028810,69.274900,walking_abha_new
1771603886.1962688,0.678467,-0.770508,-0.398193,-7.751464,8.789064,61.828600,walking_abha_new
1771603886.251318,0.744019,-0.853394,-0.388672,-9.338380,-0.183105,35.949720,walking_abha_new
1771603886.272213,0.722534,-0.979004,-0.333374,-15.441892,2.929687,42.907700,walking_abha_new
1771603886.2878335,0.792969,-1.064454,-0.323730,-12.634276,4.699708,21.911620,walking_abha_new
1771603886.2984083,0.877686,-1.277832,-0.333740,-12.268064,3.173828,21.301268,walking_abha_new
1771603886.3195035,0.815430,-1.224366,-0.366943,-15.808104,9.338380,7.873534,walking_abha_new
1771603886.3396509,0.714600,-1.020752,-0.337158,-16.967780,22.216790,-16.784670,walking_abha_new
1771603886.356826,0.606568,-0.828491,-0.279663,-22.888180,32.775880,-34.118660,walking_abha_new
1771603886.3743095,0.617066,-0.771729,-0.267944,-15.747068,26.550290,-60.852040,walking_abha_new
1771603886.3984609,0.669556,-0.886108,-0.274658,-8.239746,12.268064,-88.623040,walking_abha_new
1771603886.4185073,0.678955,-0.983154,-0.254517,-4.882814,-7.019042,-104.858380,walking_abha_new
1771603886.4370937,0.650024,-1.088257,-0.217773,-5.065916,-30.090330,-113.708480,walking_abha_new
1771603886.465734,0.578369,-1.065552,-0.235352,-5.798338,-32.165540,-121.398900,walking_abha_new
1771603886.4768667,0.490601,-0.966553,-0.253418,-7.995604,-25.268550,-125.976540,walking_abha_new
1771603886.4996998,0.427979,-0.839234,-0.262573,-8.117676,-18.859868,-130.004900,walking_abha_new
1771603886.5137403,0.401245,-0.763062,-0.274292,-10.864256,-21.423332,-131.103520,walking_abha_new
1771603886.5353856,0.374146,-0.709961,-0.265869,-9.765626,-30.822750,-131.897000,walking_abha_new
1771603886.5562673,0.359375,-0.705688,-0.224243,-10.925290,-23.742670,-128.234900,walking_abha_new
1771603886.576139,0.320801,-0.724610,-0.198608,-15.624996,-20.568840,-120.117160,walking_abha_new
1771603886.596839,0.315674,-0.748657,-0.171753,-20.690910,-13.366696,-113.952620,walking_abha_new
1771603886.6168032,0.302124,-0.794556,-0.164185,-28.991692,-1.586914,-97.961400,walking_abha_new
1771603886.638873,0.282837,-0.831665,-0.191528,-34.729010,8.911134,-85.327140,walking_abha_new
1771603886.6523275,0.263794,-0.822876,-0.171753,-39.123540,17.272950,-73.364260,walking_abha_new
1771603886.6735034,0.262817,-0.806641,-0.155029,-40.222160,27.465816,-61.340320,walking_abha_new
1771603886.6955652,0.286011,-0.818848,-0.154663,-36.865240,32.470710,-49.865720,walking_abha_new
1771603886.718848,0.316895,-0.829590,-0.138550,-30.944820,29.113768,-36.865240,walking_abha_new
1771603886.736948,0.329224,-0.821533,-0.144531,-24.108880,20.324700,-23.925780,walking_abha_new
1771603886.7564511,0.383301,-0.859253,-0.170288,-16.906740,8.728030,-7.690428,walking_abha_new
1771603886.7775083,0.469727,-1.015625,-0.165894,-7.873534,-8.789064,11.291500,walking_abha_new
1771603886.797514,0.485718,-1.207154,-0.135864,0.732422,-21.240230,31.921380,walking_abha_new
1771603886.811924,0.382324,-1.149170,-0.149780,4.699708,-4.150392,62.194820,walking_abha_new
1771603886.8370085,0.318970,-0.855591,-0.242676,4.943848,15.808104,78.186040,walking_abha_new
1771603886.8534887,0.321045,-0.685791,-0.306641,7.507323,26.123040,89.843740,walking_abha_new
1771603886.8744695,0.363525,-0.674316,-0.340088,16.235352,25.024410,93.994120,walking_abha_new
1771603886.8951123,0.394043,-0.778931,-0.364136,23.864740,18.737796,93.017560,walking_abha_new
1771603886.9169402,0.424194,-0.845825,-0.383179,26.733390,16.235352,93.505840,walking_abha_new
1771603886.936794,0.514648,-0.889893,-0.381958,27.587884,22.460930,100.524880,walking_abha_new
1771603886.9576619,0.529419,-0.870484,-0.371216,27.343748,0.732422,107.482900,walking_abha_new
1771603886.9785037,0.490479,-0.829224,-0.361450,25.756830,-12.756344,109.313960,walking_abha_new
1771603886.9999897,0.417725,-0.782837,-0.386963,20.935052,-4.638672,113.769500,walking_abha_new
1771603887.026676,0.505493,-0.748413,-0.406372,15.075680,2.075196,111.755360,walking_abha_new
1771603887.0483093,0.562622,-0.702026,-0.387573,15.930172,-7.995604,104.675280,walking_abha_new
1771603887.0615904,0.478027,-0.723511,-0.345337,16.357424,-15.258788,90.637200,walking_abha_new
1771603887.1132984,0.447266,-0.804566,-0.332520,0.671386,9.765626,85.937480,walking_abha_new
1771603887.1153042,0.525269,-0.820068,-0.357056,-4.638672,24.963376,81.176740,walking_abha_new
1771603887.17567,0.596802,-0.840820,-0.374268,-7.263182,29.541010,75.561540,walking_abha_new
1771603887.1837761,0.640869,-0.832520,-0.368774,-9.216310,23.437492,71.167000,walking_abha_new
1771603887.1837761,0.619629,-0.774292,-0.354370,-9.216310,18.066410,63.476560,walking_abha_new
1771603887.1967645,0.586548,-0.761597,-0.364624,-12.817380,27.954100,48.583980,walking_abha_new
1771603887.2251558,0.666260,-0.829712,-0.383545,-13.183590,29.052730,35.522460,walking_abha_new
1771603887.236121,0.688843,-0.897705,-0.365601,-13.854978,26.611320,32.165540,walking_abha_new
1771603887.2629042,0.624268,-0.891846,-0.357910,-16.723632,34.790040,18.737796,walking_abha_new
1771603887.27069,0.688232,-0.992554,-0.353882,-16.052250,41.198720,11.169430,walking_abha_new
1771603887.2942111,0.763550,-1.228150,-0.392090,-16.418460,45.166000,10.498044,walking_abha_new
1771603887.3126037,0.766968,-1.298950,-0.402954,-19.226080,48.706040,-5.676268,walking_abha_new
1771603887.3368685,0.643066,-1.114624,-0.361084,-23.437492,62.561020,-20.996090,walking_abha_new
1771603887.3538547,0.572144,-0.836304,-0.335205,-29.052730,73.547360,-29.785150,walking_abha_new
1771603887.3743434,0.590210,-0.723755,-0.361694,-13.977050,51.635740,-64.025900,walking_abha_new
1771603887.4057224,0.639648,-0.811890,-0.403198,-7.812498,23.986810,-79.956060,walking_abha_new
1771603887.4108222,0.641480,-0.874756,-0.388672,-3.906249,-6.958006,-86.730940,walking_abha_new
1771603887.4372804,0.602905,-0.962646,-0.383301,-4.394532,-23.376460,-89.538560,walking_abha_new
1771603887.457184,0.553223,-0.982910,-0.405762,-8.117676,-30.029290,-90.393060,walking_abha_new
1771603887.4745774,0.446045,-0.913330,-0.445557,-9.765626,-29.235832,-95.764140,walking_abha_new
1771603887.492762,0.371460,-0.842407,-0.453003,-12.084960,-20.385740,-104.064920,walking_abha_new
1771603887.5158658,0.319946,-0.803467,-0.438232,-15.502928,-6.896972,-111.633280,walking_abha_new
1771603887.5347672,0.277710,-0.778564,-0.406860,-22.338860,6.713866,-114.868160,walking_abha_new
1771603887.5574496,0.258545,-0.721192,-0.364624,-30.578610,14.892576,-114.318840,walking_abha_new
1771603887.5764241,0.275391,-0.697510,-0.313232,-36.315920,25.573724,-110.534640,walking_abha_new
1771603887.5971808,0.271484,-0.722412,-0.296631,-39.428720,28.137200,-104.187000,walking_abha_new
1771603887.6180575,0.244141,-0.732666,-0.296753,-41.809080,27.648920,-94.787580,walking_abha_new
1771603887.6384833,0.248169,-0.742432,-0.295898,-44.006340,27.587884,-83.129860,walking_abha_new
1771603887.653547,0.247559,-0.749512,-0.277466,-45.349110,29.296870,-71.105960,walking_abha_new
1771603887.6736352,0.226440,-0.739746,-0.264282,-48.645010,31.921380,-57.067860,walking_abha_new
1771603887.6972628,0.234985,-0.754395,-0.245850,-48.278800,36.010750,-41.503900,walking_abha_new
1771603887.7154386,0.244995,-0.772583,-0.230713,-46.569820,35.156260,-26.062010,walking_abha_new
1771603887.7361217,0.265625,-0.775391,-0.197266,-42.968740,32.897960,-10.986324,walking_abha_new
1771603887.758654,0.257324,-0.758545,-0.193115,-36.315920,33.691410,15.991210,walking_abha_new
1771603887.77504,0.339966,-0.954834,-0.169678,-29.907220,29.357908,38.085940,walking_abha_new
1771603887.79882,0.444092,-1.214112,-0.095459,-20.996090,24.414060,64.209000,walking_abha_new
1771603887.8174562,0.481812,-1.297730,-0.083740,-13.671872,30.395500,90.148900,walking_abha_new
1771603887.8473234,0.471069,-1.104248,-0.210938,-9.338380,40.039070,112.792960,walking_abha_new
1771603887.861487,0.491455,-0.961792,-0.314819,-3.051757,43.945300,127.563460,walking_abha_new
1771603887.878342,0.498901,-0.865967,-0.362915,10.070800,37.048340,134.399440,walking_abha_new
1771603887.8982387,0.492798,-0.887695,-0.408691,28.076170,26.855464,132.507320,walking_abha_new
1771603887.9171124,0.539429,-0.973267,-0.499268,41.198720,6.713866,127.136200,walking_abha_new
1771603887.9377413,0.654419,-1.013184,-0.546021,43.884270,-22.155760,122.070300,walking_abha_new
1771603887.9518993,0.494751,-0.908814,-0.461182,45.837400,-54.016100,107.666000,walking_abha_new
1771603887.97976,0.254028,-0.832764,-0.423584,35.034180,-34.851080,102.233880,walking_abha_new
1771603887.9933217,0.157593,-0.769654,-0.441528,17.761230,10.864256,102.416960,walking_abha_new
1771603888.0166593,0.314209,-0.732178,-0.495117,3.540038,43.395980,99.731440,walking_abha_new
1771603888.0389166,0.402588,-0.708862,-0.552368,0.122070,48.339840,84.533660,walking_abha_new
1771603888.0565734,0.449585,-0.786255,-0.510498,-4.760742,50.720200,72.387700,walking_abha_new
1771603888.0766952,0.450684,-0.808228,-0.473999,-22.033690,61.767570,93.444800,walking_abha_new
1771603888.0966825,0.474243,-0.772461,-0.442627,-27.709956,67.016600,89.843740,walking_abha_new
1771603888.1174092,0.501221,-0.747192,-0.387451,-30.517570,70.251480,81.237760,walking_abha_new
1771603888.1377013,0.516480,-0.708008,-0.364380,-34.423840,70.068360,73.669440,walking_abha_new
1771603888.1536975,0.567505,-0.663452,-0.367920,-31.921380,62.805160,62.927240,walking_abha_new
1771603888.1945474,0.578980,-0.677002,-0.350586,-31.372068,55.480940,58.532700,walking_abha_new
1771603888.2003467,0.592285,-0.738526,-0.350464,-30.883784,50.659170,58.227530,walking_abha_new
1771603888.2205203,0.614258,-0.813232,-0.374390,-31.860350,47.912590,53.161610,walking_abha_new
1771603888.235583,0.566284,-0.851929,-0.377197,-28.442380,53.649900,29.785150,walking_abha_new
1771603888.256331,0.567871,-1.005616,-0.356567,-30.700680,68.237320,31.249992,walking_abha_new
1771603888.277216,0.586182,-1.218262,-0.392456,-37.292480,95.825180,49.194320,walking_abha_new
1771603888.2980995,0.655640,-1.337280,-0.421509,-46.264640,118.530240,40.527340,walking_abha_new
1771603888.3143299,0.531006,-1.128174,-0.374634,-52.978500,137.939500,21.484370,walking_abha_new
1771603888.33301,0.362183,-0.781982,-0.285889,-60.363760,172.790500,-9.460450,walking_abha_new
1771603888.3569827,0.470215,-0.803711,-0.341919,-50.964340,173.156700,-35.217290,walking_abha_new
1771603888.3780313,0.590210,-0.934570,-0.376953,-38.146980,149.414100,-64.392100,walking_abha_new
1771603888.4039476,0.586182,-1.049683,-0.367066,-26.123040,111.328100,-83.129860,walking_abha_new
1771603888.4225972,0.549561,-1.028686,-0.373413,-18.859868,81.115700,-95.336900,walking_abha_new
1771603888.4373698,0.515381,-0.931763,-0.423828,-14.404296,65.917980,-103.637680,walking_abha_new
1771603888.49313,0.492920,-0.831299,-0.467774,-11.230468,55.725090,-109.497040,walking_abha_new
1771603888.49313,0.482056,-0.752075,-0.483643,-8.056642,42.358390,-113.281240,walking_abha_new
1771603888.496948,0.468506,-0.706543,-0.470215,-7.141112,28.320310,-115.295400,walking_abha_new
1771603888.5131245,0.426270,-0.680298,-0.432373,-13.732908,13.732908,-111.877420,walking_abha_new
1771603888.5413148,0.358887,-0.654053,-0.387207,-18.554690,20.690910,-104.064920,walking_abha_new
1771603888.5556412,0.373047,-0.650391,-0.396973,-24.658200,27.648920,-96.984840,walking_abha_new
1771603888.5785413,0.387207,-0.637451,-0.418823,-29.235832,27.160640,-91.552720,walking_abha_new
1771603888.6030579,0.370483,-0.636353,-0.414673,-31.860350,26.062010,-85.937480,walking_abha_new
1771603888.611919,0.364136,-0.649536,-0.415283,-33.874520,25.817870,-78.369140,walking_abha_new
1771603888.6325877,0.372681,-0.677490,-0.410767,-33.752440,25.146480,-71.472180,walking_abha_new
1771603888.6523669,0.387940,-0.718750,-0.408936,-34.729010,21.484370,-61.218250,walking_abha_new
1771603888.6777494,0.391724,-0.725952,-0.385010,-36.315920,15.747068,-49.011220,walking_abha_new
1771603888.694082,0.381348,-0.718506,-0.355957,-37.475590,10.437010,-33.386240,walking_abha_new
1771603888.7168908,0.364258,-0.696533,-0.324951,-39.855960,5.065916,-7.080076,walking_abha_new
1771603888.7362578,0.381470,-0.700195,-0.315552,-39.062500,10.559080,12.207030,walking_abha_new
1771603888.7558117,0.385620,-0.747681,-0.334473,-41.015620,10.437010,32.592780,walking_abha_new
1771603888.7771466,0.393555,-0.876831,-0.279297,-41.809080,12.756344,55.908200,walking_abha_new
1771603888.7975934,0.420044,-1.109864,-0.173828,-38.330080,21.240230,83.374000,walking_abha_new
1771603888.8159432,0.413452,-1.230957,-0.122803,-34.790040,41.809080,111.572240,walking_abha_new
1771603888.8403149,0.439575,-1.157959,-0.176758,-33.386240,64.819340,133.117700,walking_abha_new
1771603888.8600404,0.511597,-0.985108,-0.280274,-31.433100,73.181160,146.301300,walking_abha_new
1771603888.8743215,0.534546,-0.865234,-0.308960,-22.155760,60.974110,150.939960,walking_abha_new
1771603888.8952682,0.469849,-0.845825,-0.308106,4.394532,19.836430,142.822300,walking_abha_new
1771603888.9157622,0.505493,-0.993408,-0.307861,21.057124,-5.126952,132.812500,walking_abha_new
1771603888.9375095,0.604004,-1.094971,-0.342407,28.015130,-28.564450,129.333500,walking_abha_new
1771603888.9577444,0.540528,-1.079102,-0.304443,25.024410,-50.781240,125.732400,walking_abha_new
1771603888.9775326,0.314331,-0.960083,-0.237183,18.005376,-39.062500,121.032700,walking_abha_new
1771603888.9930854,0.106689,-0.850586,-0.205078,3.601074,14.465330,117.187480,walking_abha_new
1771603889.0164678,0.115234,-0.789795,-0.215820,-13.305660,81.298800,116.333000,walking_abha_new
1771603889.0374413,0.327393,-0.743896,-0.234985,-22.705070,115.722640,110.229480,walking_abha_new
1771603889.0552394,0.453491,-0.728272,-0.243774,-20.935052,116.210920,100.158680,walking_abha_new
1771603889.0773263,0.511963,-0.770264,-0.227295,-23.986810,112.976040,95.581040,walking_abha_new
1771603889.0967886,0.575928,-0.785645,-0.219849,-30.029290,105.712880,95.581040,walking_abha_new
1771603889.1130593,0.603028,-0.780029,-0.205200,-28.930660,96.618640,92.468240,walking_abha_new
1771603889.137884,0.614502,-0.776489,-0.209229,-26.000970,90.576160,88.195780,walking_abha_new
1771603889.158535,0.634766,-0.772217,-0.226685,-22.705070,84.899880,84.777800,walking_abha_new
1771603889.1728086,0.659912,-0.761597,-0.253296,-17.883300,75.805680,81.359840,walking_abha_new
1771603889.196499,0.701050,-0.788696,-0.300049,-11.291500,63.110340,77.270520,walking_abha_new
1771603889.2363496,0.741944,-0.889282,-0.347900,-6.286620,48.706040,70.129400,walking_abha_new
1771603889.2401574,0.738526,-0.952393,-0.377808,-2.746581,38.818360,59.814440,walking_abha_new
1771603889.2442076,0.696045,-1.032593,-0.378296,-1.098633,39.917000,51.330560,walking_abha_new
1771603889.2771604,0.701294,-1.194214,-0.401245,-4.028321,50.903310,38.085940,walking_abha_new
1771603889.2994483,0.711914,-1.332764,-0.435059,-9.826660,66.894540,24.963376,walking_abha_new
1771603889.317298,0.600952,-1.076782,-0.410278,-18.005376,92.163060,5.676268,walking_abha_new
1771603889.3337216,0.487305,-0.734253,-0.394165,-24.414060,108.276360,-17.944340,walking_abha_new
1771603889.3537374,0.456909,-0.578125,-0.401856,-17.028810,108.032200,-44.860830,walking_abha_new
1771603889.3767529,0.550904,-0.678833,-0.425171,-7.812498,90.942360,-71.289060,walking_abha_new
1771603889.3968685,0.670776,-0.804688,-0.436279,-2.502442,52.490220,-88.012680,walking_abha_new
1771603889.4176583,0.682373,-0.921143,-0.404907,0.549316,14.465330,-98.022440,walking_abha_new
1771603889.4375145,0.612793,-1.038940,-0.383789,-4.211426,-3.723144,-106.262200,walking_abha_new
1771603889.457701,0.553223,-1.067994,-0.414673,-11.413570,-6.896972,-113.891580,walking_abha_new
1771603889.4754524,0.465332,-0.948853,-0.520996,-16.479492,1.159668,-126.342760,walking_abha_new
1771603889.498799,0.429443,-0.831421,-0.539673,-16.174320,6.530760,-132.568400,walking_abha_new
1771603889.5143607,0.374878,-0.761719,-0.481201,-16.418460,8.361816,-134.216320,walking_abha_new
1771603889.5379443,0.357788,-0.734497,-0.427856,-24.108880,7.141112,-131.774900,walking_abha_new
1771603889.557943,0.359863,-0.717041,-0.387451,-29.785150,12.084960,-126.159640,walking_abha_new
1771603889.5759182,0.343140,-0.701416,-0.352783,-35.644540,24.108880,-118.103000,walking_abha_new
1771603889.6033897,0.331421,-0.689087,-0.322754,-39.672860,26.855464,-109.008760,walking_abha_new
1771603889.644991,0.343140,-0.696900,-0.323853,-40.954580,25.817870,-98.999000,walking_abha_new
1771603889.644991,0.341187,-0.725220,-0.322754,-42.358390,24.597160,-89.660640,walking_abha_new
1771603889.6547453,0.331665,-0.751587,-0.310181,-43.762200,27.282710,-72.876000,walking_abha_new
1771603889.6803024,0.345215,-0.831665,-0.272827,-43.823240,31.921380,-59.692380,walking_abha_new
1771603889.70025,0.377319,-0.879150,-0.256714,-43.273920,35.095220,-43.518060,walking_abha_new
1771603889.7174406,0.395630,-0.898438,-0.247803,-40.954580,34.118660,-27.954100,walking_abha_new
1771603889.7375627,0.379517,-0.909424,-0.231689,-36.376960,31.005852,-12.634276,walking_abha_new
1771603889.7563963,0.399780,-1.017822,-0.192383,-29.357908,27.038570,5.676268,walking_abha_new
1771603889.77113,0.466064,-1.259156,-0.119995,-18.127448,24.841304,28.686520,walking_abha_new
1771603889.7979867,0.529053,-1.349976,-0.094849,-11.352536,31.066890,54.016100,walking_abha_new
1771603889.8166645,0.520874,-1.054688,-0.201660,-12.084960,36.193860,77.270520,walking_abha_new
1771603889.8390934,0.455078,-0.730103,-0.291382,-9.033204,32.836920,97.473140,walking_abha_new
1771603889.8536637,0.386719,-0.593628,-0.330322,8.483890,19.287110,105.041500,walking_abha_new
1771603889.8776464,0.394165,-0.700440,-0.374512,21.911620,7.873534,94.665500,walking_abha_new
1771603889.898317,0.450317,-0.786377,-0.404297,30.944820,-8.544924,85.205060,walking_abha_new
1771603889.9161792,0.507690,-0.832764,-0.362549,34.118660,-26.550290,82.458480,walking_abha_new
1771603889.9307396,0.454712,-0.812866,-0.282715,34.729010,-39.062500,77.453620,walking_abha_new
1771603889.9578264,0.301880,-0.747070,-0.249390,30.639640,-32.043460,68.481460,walking_abha_new
1771603889.9778893,0.221314,-0.683472,-0.272217,23.315424,3.845214,64.514160,walking_abha_new
1771603889.992304,0.264648,-0.638794,-0.335816,15.258788,18.310550,64.392100,walking_abha_new
1771603890.0132334,0.333740,-0.626587,-0.307739,8.850100,19.409180,60.729970,walking_abha_new
1771603890.0339134,0.319946,-0.662354,-0.251343,1.098633,33.081060,55.725090,walking_abha_new
1771603890.0570688,0.407471,-0.773926,-0.237183,-6.958006,46.142570,69.519040,walking_abha_new
1771603890.0761943,0.467407,-0.780884,-0.268555,-14.709470,54.809560,78.430200,walking_abha_new
1771603890.0968332,0.550049,-0.810913,-0.267944,-12.512204,51.879880,75.561540,walking_abha_new
1771603890.1178212,0.578247,-0.842652,-0.255371,-11.474608,47.790520,78.002940,walking_abha_new
1771603890.1352727,0.606201,-0.826294,-0.267822,-10.559080,43.273920,79.345700,walking_abha_new
1771603890.1843534,0.656128,-0.835938,-0.296143,-6.286620,32.287600,81.970200,walking_abha_new
1771603890.1843534,0.710449,-0.921387,-0.341919,-1.770019,20.874020,83.801260,walking_abha_new
1771603890.1892242,0.756592,-1.020508,-0.378296,0.366211,10.375976,86.181620,walking_abha_new
1771603890.2147963,0.763916,-1.031982,-0.396729,3.601074,3.601074,80.139160,walking_abha_new
1771603890.23668,0.831543,-1.304810,-0.411133,3.417968,3.967285,79.467800,walking_abha_new
1771603890.2563236,0.787964,-1.358765,-0.429443,-6.408690,15.441892,70.922860,walking_abha_new
1771603890.2777944,0.676636,-1.130738,-0.367310,-13.916012,34.667980,42.114250,walking_abha_new
1771603890.292258,0.517212,-0.935303,-0.278076,-23.681636,60.668940,20.385740,walking_abha_new
1771603890.327148,0.486572,-0.868652,-0.272949,-25.939940,80.871560,-5.859374,walking_abha_new
1771603890.3402739,0.598022,-0.853516,-0.300415,-20.568840,72.143560,-35.705570,walking_abha_new
1771603890.360896,0.645142,-0.904663,-0.281250,-12.573240,42.114250,-57.678220,walking_abha_new
1771603890.3747292,0.612671,-0.964234,-0.250855,-9.033204,10.925290,-67.688000,walking_abha_new
1771603890.3968425,0.517334,-0.928833,-0.239258,-7.995604,-7.385252,-71.716320,walking_abha_new
1771603890.416796,0.370972,-0.811402,-0.253052,-7.934570,-5.859374,-80.505360,walking_abha_new
1771603890.438318,0.267578,-0.650879,-0.294800,-7.934570,0.427246,-83.984360,walking_abha_new
1771603890.4572403,0.294678,-0.617676,-0.291382,-5.737304,0.122070,-87.280260,walking_abha_new
1771603890.4740155,0.309204,-0.647095,-0.251709,-5.004884,-13.610836,-86.181620,walking_abha_new
1771603890.4930646,0.283691,-0.676270,-0.215942,-7.263182,-25.146480,-80.078140,walking_abha_new
1771603890.5153747,0.263550,-0.680786,-0.207642,-13.061520,-30.578610,-71.960460,walking_abha_new
1771603890.5345862,0.269165,-0.689209,-0.220215,-15.502928,-16.784670,-67.688000,walking_abha_new
1771603890.5550282,0.253296,-0.740356,-0.219971,-16.967780,-16.296390,-64.575200,walking_abha_new
1771603890.5779598,0.269775,-0.810303,-0.221558,-21.423332,-12.878416,-60.607900,walking_abha_new
1771603890.5974884,0.284546,-0.889526,-0.228027,-25.878900,-5.004884,-54.443350,walking_abha_new
1771603890.611859,0.301758,-0.980835,-0.221924,-33.081060,15.319820,-44.982900,walking_abha_new
1771603890.637791,0.334229,-1.019776,-0.215088,-34.790040,27.832030,-37.292480,walking_abha_new
1771603890.6603956,0.372803,-1.044678,-0.208496,-33.081060,32.348640,-27.770990,walking_abha_new
1771603890.6799433,0.419190,-1.086914,-0.243530,-30.822750,26.184080,-14.404296,walking_abha_new
1771603890.6945107,0.501099,-1.143921,-0.263062,-30.334470,14.770504,0.915527,walking_abha_new
1771603890.7175953,0.492554,-1.341309,-0.152832,-27.160640,7.141112,16.784670,walking_abha_new
1771603890.7363253,0.311279,-1.420898,0.010986,-24.291990,25.634760,29.724120,walking_abha_new
1771603890.7578177,0.163330,-1.137085,-0.029175,-22.583000,64.331060,38.757330,walking_abha_new
1771603890.770848,0.247681,-0.903198,-0.246948,-10.864256,82.031240,43.518060,walking_abha_new
1771603890.7925918,0.337769,-0.787964,-0.379883,16.662600,43.273920,29.052730,walking_abha_new
1771603890.816886,0.184692,-0.821167,-0.334106,33.020020,-2.258301,19.836430,walking_abha_new
1771603890.833674,0.178955,-0.925415,-0.289551,33.691410,-10.070800,20.324700,walking_abha_new
1771603890.8559296,0.264038,-0.896240,-0.237427,29.541010,-6.469726,29.174800,walking_abha_new
1771603890.8749135,0.300293,-0.817017,-0.202637,24.475090,-7.446288,37.170420,walking_abha_new
1771603890.8981164,0.256348,-0.717529,-0.216919,17.028810,-9.033204,45.227040,walking_abha_new
1771603890.9175744,0.213257,-0.634644,-0.250610,9.216310,-1.037598,52.124020,walking_abha_new
1771603890.9371657,0.253662,-0.598999,-0.266724,3.906249,14.099120,55.236800,walking_abha_new
1771603890.9581573,0.362671,-0.581909,-0.257446,1.403808,22.460930,56.091300,walking_abha_new
1771603890.9788334,0.468506,-0.585571,-0.245728,0.793457,18.371584,59.082020,walking_abha_new
1771603890.9984248,0.542236,-0.622192,-0.255005,1.342773,9.277344,62.805160,walking_abha_new
1771603891.017187,0.543213,-0.675171,-0.279053,-1.403808,16.845708,68.908700,walking_abha_new
1771603891.0343282,0.573120,-0.706421,-0.318726,-6.347656,34.606940,69.396980,walking_abha_new
1771603891.0567853,0.668091,-0.726929,-0.335816,-9.033204,46.447740,62.805160,walking_abha_new
1771603891.0758975,0.780274,-0.769654,-0.336060,-8.728030,39.001470,54.931630,walking_abha_new
1771603891.163036,0.892578,-0.864136,-0.324707,-4.882814,-9.338380,30.090330,walking_abha_new
1771603891.163036,0.855347,-0.967285,-0.329102,3.906249,-20.751950,8.483890,walking_abha_new
1771603891.163036,0.780884,-1.060181,-0.321289,-2.380371,-11.840818,13.916012,walking_abha_new
1771603891.177444,0.809326,-1.167114,-0.358032,-1.159668,-0.610352,3.051757,walking_abha_new
1771603891.1991131,0.863404,-1.373536,-0.365479,-8.911134,6.225584,-10.925290,walking_abha_new
1771603891.2150388,0.717285,-1.008301,-0.294190,-14.953610,11.779784,-25.512690,walking_abha_new
1771603891.237482,0.541382,-0.793701,-0.192017,-15.991210,29.968260,-42.053220,walking_abha_new
1771603891.2578146,0.584351,-0.837402,-0.197754,-13.427732,38.574220,-60.058580,walking_abha_new
1771603891.2773027,0.676148,-0.877075,-0.230469,-5.432128,17.944340,-79.834000,walking_abha_new
1771603891.2973266,0.652710,-0.932984,-0.209473,1.770019,-20.141600,-91.247540,walking_abha_new
1771603891.3120356,0.599243,-0.993164,-0.165527,2.929687,-46.569820,-91.369600,walking_abha_new
1771603891.3345914,0.530396,-1.016724,-0.139038,-4.821778,-57.067860,-88.256820,walking_abha_new
1771603891.3597498,0.413574,-0.910645,-0.143555,-6.469726,-48.645010,-88.928200,walking_abha_new
1771603891.3764985,0.290894,-0.728028,-0.174927,-6.896972,-24.963376,-91.064440,walking_abha_new
1771603891.3960598,0.270020,-0.660156,-0.205933,-6.286620,-12.145992,-91.186500,walking_abha_new
1771603891.4161153,0.301025,-0.635742,-0.211182,-7.324218,-6.591796,-89.660640,walking_abha_new
1771603891.4303303,0.315674,-0.616211,-0.185303,-8.972170,-8.728030,-86.303700,walking_abha_new
1771603891.4577417,0.301758,-0.614380,-0.136841,-9.033204,-13.427732,-82.397440,walking_abha_new
1771603891.4778938,0.320068,-0.657837,-0.114624,-9.155274,-14.404296,-76.843260,walking_abha_new
1771603891.5013003,0.335205,-0.711060,-0.132446,-8.239746,-14.343260,-70.922860,walking_abha_new
1771603891.5140793,0.340942,-0.782959,-0.156494,-8.911134,-12.756344,-63.720700,walking_abha_new
1771603891.537395,0.362183,-0.832276,-0.162964,-9.704590,-12.573240,-53.527820,walking_abha_new
1771603891.555687,0.379761,-0.871460,-0.174438,-8.117676,-7.934570,-38.208020,walking_abha_new
1771603891.578025,0.409790,-0.956543,-0.216675,-7.019042,-3.723144,-25.390620,walking_abha_new
1771603891.5967581,0.425293,-0.948730,-0.210449,-5.065916,-7.019042,-10.131832,walking_abha_new
1771603891.6178005,0.443848,-0.962646,-0.196045,-1.220704,-14.770504,6.042480,walking_abha_new
1771603891.6357496,0.501099,-1.134400,-0.185669,4.272462,-23.254390,25.634760,walking_abha_new
1771603891.6658702,0.521729,-1.344849,-0.139160,7.934570,-20.080560,46.020500,walking_abha_new
1771603891.6753452,0.423828,-1.263672,-0.112305,5.065916,-8.911134,65.185560,walking_abha_new
1771603891.6940582,0.327026,-0.946655,-0.149780,3.601074,13.916012,83.129860,walking_abha_new
1771603891.7154763,0.326294,-0.758057,-0.263062,9.887696,26.000970,92.163060,walking_abha_new
1771603891.7361178,0.434082,-0.744873,-0.350098,23.681636,18.249516,83.801260,walking_abha_new
1771603891.7593503,0.385132,-0.820435,-0.331543,42.907700,-18.493652,63.537590,walking_abha_new
1771603891.7771323,0.354004,-0.871948,-0.309448,45.288080,-26.489250,53.894040,walking_abha_new
1771603891.7976553,0.387940,-0.846070,-0.313355,41.381820,-28.198240,51.940910,walking_abha_new
1771603891.8182936,0.348022,-0.770630,-0.303345,33.691410,-26.000970,50.537100,walking_abha_new
1771603891.836889,0.226563,-0.680664,-0.277832,20.690910,-10.864256,51.574700,walking_abha_new
1771603891.8535702,0.195679,-0.631348,-0.268188,8.544924,20.080560,54.260240,walking_abha_new
1771603891.8747935,0.289185,-0.608521,-0.280518,1.892090,48.278800,52.062980,walking_abha_new
1771603891.895189,0.449829,-0.598389,-0.279419,1.220704,52.490220,47.851560,walking_abha_new
1771603891.917395,0.560059,-0.607422,-0.280640,0.183105,35.034180,52.185050,walking_abha_new
1771603891.9371946,0.593384,-0.620239,-0.310425,4.577638,-0.244141,51.269520,walking_abha_new
1771603891.9574802,0.559937,-0.690796,-0.288330,3.723144,-7.934570,53.039540,walking_abha_new
1771603891.9720762,0.568237,-0.731568,-0.301514,0.488281,-1.342773,55.114740,walking_abha_new
1771603891.992926,0.616577,-0.755127,-0.317749,-1.220704,4.760742,52.917470,walking_abha_new
1771603892.0154045,0.686157,-0.793945,-0.336792,-0.183105,0.732422,49.560540,walking_abha_new
1771603892.0404758,0.727295,-0.897217,-0.350342,1.831054,-4.455568,44.738760,walking_abha_new
1771603892.0619943,0.750610,-0.991333,-0.346436,-1.525878,-7.507323,45.654280,walking_abha_new
1771603892.082854,0.732910,-1.026001,-0.346191,-2.624511,-4.760742,38.330080,walking_abha_new
1771603892.09718,0.758301,-1.199219,-0.352783,2.441407,0.183105,18.371584,walking_abha_new
1771603892.1180968,0.856690,-1.542114,-0.399780,-1.037598,8.361816,14.709470,walking_abha_new
1771603892.1381826,0.693360,-1.188354,-0.366089,-7.690428,22.460930,-4.516602,walking_abha_new
1771603892.1596403,0.533936,-0.817139,-0.255982,-12.329100,36.865240,-25.085448,walking_abha_new
1771603892.180333,0.497559,-0.732300,-0.226318,-7.141112,47.729480,-48.400870,walking_abha_new
1771603892.1970809,0.620850,-0.824463,-0.230957,-0.244141,36.132820,-66.284200,walking_abha_new
1771603892.2166164,0.651856,-0.860352,-0.231445,6.958006,2.685546,-76.904300,walking_abha_new
1771603892.2347584,0.622192,-0.883789,-0.193481,9.399414,-29.907220,-80.932600,walking_abha_new
1771603892.2498364,0.568115,-0.888062,-0.157715,7.995604,-46.874990,-77.819840,walking_abha_new
1771603892.2767363,0.480103,-0.853760,-0.160278,4.211426,-48.156730,-76.416040,walking_abha_new
1771603892.2995644,0.387695,-0.774658,-0.169434,-0.427246,-37.780760,-79.711940,walking_abha_new
1771603892.3188818,0.316528,-0.671021,-0.185059,-1.342773,-22.705070,-80.993640,walking_abha_new
1771603892.3391192,0.319946,-0.626465,-0.186646,-4.516602,-21.057124,-80.932600,walking_abha_new
1771603892.3607347,0.367920,-0.596924,-0.182983,-5.126952,-12.023924,-80.017100,walking_abha_new
1771603892.3881154,0.364380,-0.594604,-0.160889,-4.943848,-16.906740,-79.345700,walking_abha_new
1771603892.401741,0.359741,-0.648682,-0.128052,-6.042480,-21.240230,-77.026380,walking_abha_new
1771603892.4162624,0.362183,-0.713257,-0.121704,-8.972170,-22.216790,-71.472180,walking_abha_new
1771603892.438558,0.334595,-0.775513,-0.124023,-12.573240,-16.235352,-64.392100,walking_abha_new
1771603892.457967,0.315796,-0.814575,-0.139160,-18.127448,-5.371092,-53.955070,walking_abha_new
1771603892.4850736,0.345215,-0.853150,-0.151489,-21.362300,6.652830,-43.029780,walking_abha_new
1771603892.5142078,0.410034,-0.975220,-0.166260,-21.301268,18.127448,-26.977532,walking_abha_new
1771603892.5142078,0.427246,-1.033692,-0.159180,-19.531250,17.089850,-13.793944,walking_abha_new
1771603892.533702,0.429321,-1.032349,-0.152466,-14.404296,12.756344,-0.061035,walking_abha_new
1771603892.5572083,0.473267,-1.045288,-0.174194,-8.178714,4.333496,13.488768,walking_abha_new
1771603892.5782049,0.543091,-1.163086,-0.220581,-1.647949,-10.559080,28.503410,walking_abha_new
1771603892.5971599,0.496826,-1.307618,-0.157715,2.563476,-25.817870,43.273920,walking_abha_new
1771603892.6180375,0.341675,-1.185425,-0.086182,-0.793457,-11.047360,56.884760,walking_abha_new
1771603892.6387973,0.241211,-0.904907,-0.134522,-4.516602,17.272950,71.594240,walking_abha_new
1771603892.6593482,0.327881,-0.768311,-0.228149,0.915527,30.761716,78.674340,walking_abha_new
1771603892.6740427,0.421753,-0.745972,-0.286377,18.981940,16.296390,66.650400,walking_abha_new
1771603892.6987038,0.340942,-0.815186,-0.271973,27.282710,5.004884,57.434080,walking_abha_new
1771603892.7150965,0.377564,-0.875610,-0.271240,28.747552,7.934570,52.917470,walking_abha_new
1771603892.7381973,0.460693,-0.837646,-0.294922,30.090330,4.150392,52.490220,walking_abha_new
1771603892.7602286,0.467163,-0.748047,-0.315918,31.249992,-15.075680,50.354000,walking_abha_new
1771603892.7771506,0.381348,-0.668213,-0.321533,27.099608,-28.564450,50.231920,walking_abha_new
1771603892.7990391,0.293213,-0.609619,-0.310181,20.690910,-18.432620,50.720200,walking_abha_new
1771603892.8129954,0.304199,-0.605713,-0.292725,12.207030,5.065916,52.917470,walking_abha_new
1771603892.839142,0.390747,-0.611328,-0.270264,3.295898,21.484370,56.152340,walking_abha_new
1771603892.8536453,0.499756,-0.610596,-0.248169,0.183105,21.118160,53.466780,walking_abha_new
1771603892.8773837,0.538452,-0.659912,-0.241211,-1.586914,10.437010,54.199210,walking_abha_new
1771603892.8957126,0.553711,-0.698486,-0.257568,-2.258301,11.596676,51.086420,walking_abha_new
1771603892.9182353,0.582154,-0.776245,-0.274780,-3.479003,20.080560,51.269520,walking_abha_new
1771603892.9373496,0.625000,-0.797608,-0.288452,-5.187988,27.954100,48.278800,walking_abha_new
1771603892.95959,0.698364,-0.801514,-0.289795,-3.601074,22.338860,44.799800,walking_abha_new
1771603892.9785924,0.741577,-0.850830,-0.294678,2.136231,7.751464,35.278320,walking_abha_new
1771603893.0014634,0.741455,-0.917603,-0.301148,6.286620,-0.915527,22.155760,walking_abha_new
1771603893.035011,0.759400,-1.001221,-0.327026,3.356933,-9.460450,25.878900,walking_abha_new
1771603893.044873,0.740356,-1.050660,-0.349609,9.460450,-14.404296,7.324218,walking_abha_new
1771603893.0600798,0.789917,-1.319580,-0.365112,9.338380,-11.413570,2.075196,walking_abha_new
1771603893.096662,0.729980,-1.290650,-0.374268,-1.525878,3.295898,-7.507323,walking_abha_new
1771603893.1042125,0.558716,-0.924683,-0.298218,-7.019042,17.761230,-21.606440,walking_abha_new
1771603893.118029,0.573975,-0.846192,-0.250000,-7.263182,27.893060,-39.794920,walking_abha_new
1771603893.138479,0.675415,-0.899536,-0.260864,-3.967285,17.822270,-54.260240,walking_abha_new
1771603893.1596105,0.675537,-0.885986,-0.241211,1.831054,-9.704590,-65.246600,walking_abha_new
1771603893.1771936,0.659424,-0.909546,-0.190430,4.455568,-41.503900,-70.617700,walking_abha_new
1771603893.232147,0.608154,-0.947388,-0.172485,6.347656,-63.964840,-73.120140,walking_abha_new
1771603893.232147,0.511719,-0.937256,-0.182495,5.004884,-72.692880,-81.176740,walking_abha_new
1771603893.246177,0.388428,-0.865479,-0.171753,-0.915527,-72.937020,-89.599600,walking_abha_new
1771603893.257883,0.200317,-0.713623,-0.171387,-8.239746,-41.015620,-95.214820,walking_abha_new
1771603893.2780592,0.231079,-0.649902,-0.189697,-12.817380,-5.615234,-95.703100,walking_abha_new
1771603893.297482,0.301270,-0.615967,-0.188477,-13.610836,4.821778,-96.374500,walking_abha_new
1771603893.3182454,0.322388,-0.612793,-0.156860,-12.573240,-0.244141,-96.191400,walking_abha_new
1771603893.33427,0.317871,-0.644776,-0.117554,-13.549804,-7.812498,-89.843740,walking_abha_new
1771603893.3599439,0.309326,-0.676636,-0.108398,-14.343260,-13.671872,-80.749500,walking_abha_new
1771603893.4817514,0.317749,-0.855957,-0.142822,-20.629880,-8.605960,-45.227040,walking_abha_new
1771603893.4817514,0.336792,-0.906616,-0.146851,-22.338860,2.380371,-25.512690,walking_abha_new
1771603893.4817514,0.390625,-1.000488,-0.147095,-22.644040,8.605960,-10.986324,walking_abha_new
1771603893.4817514,0.422730,-1.011719,-0.135010,-19.653320,7.141112,4.760742,walking_abha_new
1771603893.4987853,0.489380,-1.112549,-0.138672,-11.474608,-1.831054,21.728510,walking_abha_new
1771603893.514274,0.574463,-1.363160,-0.094727,0.793457,-12.023924,42.236320,walking_abha_new
1771603893.5345283,0.539185,-1.417480,-0.068726,7.507323,-14.953610,60.485830,walking_abha_new
1771603893.5579395,0.433106,-1.089356,-0.124634,8.056642,-4.638672,78.552260,walking_abha_new
1771603893.5758185,0.380615,-0.783692,-0.254028,11.291500,3.662109,91.674800,walking_abha_new
1771603893.5968947,0.374756,-0.686402,-0.345459,21.484370,1.525878,85.998520,walking_abha_new
1771603893.618183,0.375122,-0.771118,-0.333252,31.921380,-8.544924,68.542500,walking_abha_new
1771603893.6391637,0.308350,-0.831909,-0.287842,36.438000,-12.268064,46.508780,walking_abha_new
1771603893.6654923,0.351685,-0.836792,-0.291504,33.630380,-5.126952,38.940440,walking_abha_new
1771603893.6823199,0.357666,-0.790772,-0.311524,28.625480,-0.305176,35.888680,walking_abha_new
1771603893.701662,0.308472,-0.727051,-0.324951,21.179192,8.728030,36.315920,walking_abha_new
1771603893.72209,0.273804,-0.655518,-0.324341,12.268064,21.972650,39.794920,walking_abha_new
1771603893.7361627,0.356079,-0.590820,-0.313232,7.507323,36.560060,42.907700,walking_abha_new
1771603893.750203,0.443482,-0.538940,-0.302856,6.591796,31.188960,44.006340,walking_abha_new
1771603893.7789037,0.514038,-0.528687,-0.289551,10.314940,11.291500,40.771480,walking_abha_new
1771603893.798407,0.547852,-0.564087,-0.283325,14.648436,-9.216310,38.452160,walking_abha_new
1771603893.818911,0.504761,-0.632080,-0.298096,9.948730,-15.686032,44.860830,walking_abha_new
1771603893.8469837,0.518677,-0.705078,-0.310669,6.225584,-6.652830,42.968740,walking_abha_new
1771603893.866968,0.564453,-0.743164,-0.316040,1.281738,3.295898,43.029780,walking_abha_new
1771603893.8752816,0.630127,-0.769776,-0.330811,-0.427246,4.760742,40.649400,walking_abha_new
1771603893.8965468,0.641602,-0.847290,-0.341675,-1.403808,5.554198,39.123540,walking_abha_new
1771603893.9167511,0.714722,-0.927979,-0.351929,-4.211426,1.586914,38.024910,walking_abha_new
1771603893.9441245,0.688965,-0.987427,-0.357300,-3.845214,-2.624511,34.362800,walking_abha_new
1771603893.9590492,0.674683,-1.075684,-0.345459,-1.770019,4.150392,11.596676,walking_abha_new
1771603893.9725251,0.759278,-1.285522,-0.344238,1.037598,8.728030,2.014160,walking_abha_new
1771603893.998667,0.857178,-1.521606,-0.378174,1.220704,11.291500,6.164550,walking_abha_new
1771603894.0214927,0.647827,-1.082032,-0.349121,-6.774902,23.864740,-15.014646,walking_abha_new
1771603894.0405207,0.492188,-0.770142,-0.247559,-12.023924,39.917000,-31.799310,walking_abha_new
1771603894.0589426,0.548096,-0.740723,-0.227905,-9.094240,42.541500,-44.677720,walking_abha_new
1771603894.0776424,0.638794,-0.827515,-0.236938,-1.464844,24.963376,-61.767570,walking_abha_new
1771603894.0980437,0.649170,-0.879883,-0.219238,3.845214,-2.075196,-72.753920,walking_abha_new
1771603894.117731,0.623413,-0.929688,-0.183350,5.004884,-29.113768,-73.730480,walking_abha_new
1771603894.1377182,0.568726,-0.939942,-0.165649,5.004884,-44.372550,-72.509780,walking_abha_new
1771603894.1572962,0.443482,-0.897949,-0.171509,2.014160,-42.846670,-74.401860,walking_abha_new
1771603894.1731932,0.336670,-0.802002,-0.171387,-5.004884,-30.273430,-75.256360,walking_abha_new
1771603894.1941998,0.290405,-0.682984,-0.213135,-9.521484,-6.164550,-73.425300,walking_abha_new
1771603894.2188668,0.362671,-0.565308,-0.209595,-8.300784,6.286620,-73.059100,walking_abha_new
1771603894.2354007,0.381836,-0.534302,-0.195923,-5.493162,-2.990722,-73.974620,walking_abha_new
1771603894.2595835,0.363525,-0.549316,-0.156250,-4.089356,-13.488768,-73.303240,walking_abha_new
1771603894.2785573,0.355835,-0.604614,-0.129639,-4.150392,-20.385740,-69.335940,walking_abha_new
1771603894.297817,0.365601,-0.674194,-0.118530,-7.446288,-21.118160,-62.561020,walking_abha_new
1771603894.430896,0.366455,-0.850342,-0.156738,-14.221190,-8.666994,-33.264160,walking_abha_new
1771603894.4325194,0.417969,-0.928711,-0.164429,-15.136716,-0.122070,-22.155760,walking_abha_new
1771603894.4325194,0.470703,-0.987793,-0.144775,-14.404296,3.295898,-1.892090,walking_abha_new
1771603894.4325194,0.469605,-0.974976,-0.145386,-11.413570,0.061035,10.925290,walking_abha_new
1771603894.4375224,0.505615,-1.020020,-0.157959,-7.873534,-6.408690,24.597160,walking_abha_new
1771603894.4571402,0.543213,-1.190064,-0.140869,-2.502442,-16.662600,38.024910,walking_abha_new
1771603894.4788222,0.480225,-1.212891,-0.110474,-1.281738,-13.427732,49.804680,walking_abha_new
1771603894.4987879,0.354858,-1.023804,-0.100708,-2.563476,5.187988,60.974110,walking_abha_new
1771603894.5154827,0.310913,-0.864014,-0.161621,-1.037598,22.705070,68.847660,walking_abha_new
1771603894.53505,0.382202,-0.822510,-0.243774,7.324218,35.278320,65.734860,walking_abha_new
1771603894.555039,0.417114,-0.836304,-0.272095,17.272950,28.137200,57.128900,walking_abha_new
1771603894.575734,0.391480,-0.862671,-0.268921,26.855464,15.197750,45.959460,walking_abha_new
1771603894.5974584,0.423950,-0.858154,-0.297608,30.639640,14.770504,40.710440,walking_abha_new
1771603894.6174343,0.435913,-0.792847,-0.329590,34.606940,-2.197266,38.940440,walking_abha_new
1771603894.6378853,0.388428,-0.711426,-0.321411,31.738280,-19.531250,37.902840,walking_abha_new
1771603894.6590364,0.289917,-0.640503,-0.299316,26.672360,-19.653320,38.574220,walking_abha_new
1771603894.680558,0.252441,-0.613892,-0.284912,18.981940,-4.272462,40.222160,walking_abha_new
1771603894.698401,0.325195,-0.609986,-0.278320,13.549804,13.366696,35.583500,walking_abha_new
1771603894.7251914,0.433472,-0.643677,-0.256104,7.934570,14.892576,42.175280,walking_abha_new
1771603894.7363403,0.480713,-0.651245,-0.254150,5.493162,7.629394,44.189440,walking_abha_new
1771603894.755594,0.495972,-0.676636,-0.270264,5.065916,2.624511,41.687000,walking_abha_new
1771603894.7769449,0.542236,-0.727295,-0.291016,2.380371,8.850100,40.893540,walking_abha_new
1771603894.8138957,0.617676,-0.743164,-0.308228,1.281738,11.047360,39.611820,walking_abha_new
1771603894.8318055,0.698975,-0.746826,-0.327026,4.150392,1.708984,37.658700,walking_abha_new
1771603894.8545377,0.715942,-0.797608,-0.339600,6.225584,-9.460450,35.705570,walking_abha_new
1771603894.8545377,0.762329,-0.858643,-0.345215,7.812498,-23.437492,29.357908,walking_abha_new
1771603894.8820796,0.738159,-0.924561,-0.338989,10.131832,-31.860350,19.653320,walking_abha_new
1771603894.895072,0.721192,-1.012696,-0.324219,7.629394,-29.541010,16.113284,walking_abha_new
1771603894.930966,0.663696,-1.048950,-0.319336,4.394532,-17.333990,15.624996,walking_abha_new
1771603894.9446847,0.703247,-1.205078,-0.353516,3.723144,-6.896972,4.516602,walking_abha_new
1771603894.9585154,0.781982,-1.324585,-0.361938,-1.159668,0.305176,-14.892576,walking_abha_new
1771603894.9729528,0.571778,-0.989746,-0.291016,-10.253904,12.695310,-20.080560,walking_abha_new
1771603894.9957764,0.535889,-0.776489,-0.226196,-15.808104,22.460930,-27.587884,walking_abha_new
1771603895.0203085,0.590820,-0.791870,-0.222412,-7.019042,17.517090,-46.813960,walking_abha_new
1771603895.038555,0.622437,-0.902832,-0.221314,-1.892090,-1.159668,-60.180660,walking_abha_new
1771603895.0548348,0.634155,-0.943115,-0.203369,-0.366211,-27.587884,-61.584460,walking_abha_new
1771603895.0777242,0.605225,-0.964112,-0.178467,0.305176,-48.889150,-59.692380,walking_abha_new
1771603895.0968544,0.522827,-0.934814,-0.174927,-3.295898,-55.480940,-59.692380,walking_abha_new
1771603895.1168141,0.425903,-0.838379,-0.178589,-6.347656,-53.527820,-62.499990,walking_abha_new
1771603895.138367,0.335205,-0.727539,-0.174194,-7.690428,-39.245610,-66.345240,walking_abha_new
1771603895.1556818,0.281982,-0.614624,-0.187622,-12.268064,-17.456060,-68.481460,walking_abha_new
1771603895.1741107,0.312378,-0.584473,-0.202026,-13.488768,-8.728030,-67.443860,walking_abha_new
1771603895.1938798,0.313355,-0.580444,-0.177368,-13.916012,-9.460450,-68.664560,walking_abha_new
1771603895.217514,0.304077,-0.617310,-0.131592,-14.953610,-9.521484,-67.321800,walking_abha_new
1771603895.2355354,0.309570,-0.678955,-0.114624,-17.822270,-5.310058,-60.485830,walking_abha_new
1771603895.2588153,0.312378,-0.741577,-0.121216,-20.141600,0.366211,-51.696770,walking_abha_new
1771603895.2775714,0.317627,-0.787476,-0.136108,-23.742670,7.873534,-41.381820,walking_abha_new
1771603895.3411386,0.347412,-0.818237,-0.147217,-26.489250,24.230950,-20.263670,walking_abha_new
1771603895.3411386,0.406250,-0.869507,-0.160522,-22.155760,26.977532,-4.943848,walking_abha_new
1771603895.3608344,0.480469,-0.945190,-0.165039,-16.784670,17.272950,7.141112,walking_abha_new
1771603895.37383,0.491821,-0.971192,-0.160645,-10.009768,3.662109,18.066410,walking_abha_new
1771603895.3958552,0.505249,-1.024536,-0.171143,-2.990722,-9.094240,31.005852,walking_abha_new
1771603895.416164,0.544556,-1.219604,-0.151001,6.103514,-16.967780,45.532220,walking_abha_new
1771603895.438057,0.510620,-1.345704,-0.090820,10.620116,-22.460930,58.532700,walking_abha_new
1771603895.4577863,0.384277,-1.141846,-0.070068,9.887696,-6.835936,70.617700,walking_abha_new
1771603895.4779081,0.291626,-0.863037,-0.149658,13.366696,10.620116,79.040540,walking_abha_new
1771603895.4923801,0.316895,-0.742432,-0.280884,22.521970,16.235352,76.049820,walking_abha_new
1771603895.5196264,0.367676,-0.757446,-0.320679,35.461430,1.708984,60.180660,walking_abha_new
1771603895.538358,0.354736,-0.885742,-0.288574,45.166000,-17.395020,45.227040,walking_abha_new
1771603895.5553544,0.412842,-0.916260,-0.280274,44.494620,-19.531250,42.907700,walking_abha_new
1771603895.579217,0.458496,-0.840332,-0.293457,43.395980,-26.367180,44.860830,walking_abha_new
1771603895.5957649,0.391724,-0.756958,-0.322022,37.841800,-39.001470,43.823240,walking_abha_new
1771603895.617474,0.306396,-0.712036,-0.326416,29.785150,-33.325200,43.701160,walking_abha_new
1771603895.637567,0.242676,-0.683960,-0.304688,18.615724,-7.751464,46.752920,walking_abha_new
1771603895.6589792,0.276733,-0.655762,-0.291504,8.422854,25.573724,43.884270,walking_abha_new
1771603895.6802707,0.447388,-0.649170,-0.270874,3.601074,38.574220,44.433580,walking_abha_new
1771603895.700639,0.555298,-0.618652,-0.282837,2.624511,27.526850,44.494620,walking_abha_new
1771603895.7591226,0.528809,-0.656860,-0.312622,4.455568,0.366211,44.433580,walking_abha_new
1771603895.7591226,0.576782,-0.687256,-0.319702,2.746581,3.784179,40.954580,walking_abha_new
1771603895.7775736,0.641113,-0.705200,-0.322022,2.319336,-2.746581,35.522460,walking_abha_new
1771603895.8026059,0.664429,-0.738648,-0.317505,3.051757,-17.517090,31.860350,walking_abha_new
1771603895.8412693,0.653442,-0.824829,-0.325806,2.746581,-26.733390,25.634760,walking_abha_new
1771603895.8412693,0.662354,-0.936035,-0.331055,0.915527,-24.353020,11.230468,walking_abha_new
1771603895.8624384,0.672241,-1.086914,-0.309814,-3.662109,-15.380856,10.375976,walking_abha_new
1771603895.8787518,0.677734,-1.190552,-0.298828,-6.103514,-1.708984,2.929687,walking_abha_new
1771603895.9317036,0.706787,-1.344116,-0.371460,-10.864256,20.568840,-24.230950,walking_abha_new
1771603895.9500828,0.536499,-0.968628,-0.278442,-17.578130,39.428720,-42.785640,walking_abha_new
1771603895.9662259,0.520630,-0.767212,-0.215820,-17.700200,46.325680,-56.457510,walking_abha_new
1771603895.9791718,0.598022,-0.809814,-0.218994,-7.446288,35.827640,-77.697760,walking_abha_new
1771603895.996911,0.691650,-0.901489,-0.223145,1.403808,4.943848,-93.811020,walking_abha_new
1771603896.018181,0.697998,-0.981934,-0.202148,7.324218,-35.827640,-99.548320,walking_abha_new
1771603896.0529337,0.654541,-1.024902,-0.168823,8.911134,-65.551760,-100.402800,walking_abha_new
1771603896.0578427,0.536987,-1.009034,-0.165405,5.859374,-75.073240,-101.806620,walking_abha_new
1771603896.075861,0.380737,-0.919312,-0.157959,-2.746581,-69.396980,-103.088360,walking_abha_new
1771603896.0981517,0.248657,-0.794190,-0.148071,-12.329100,-31.494136,-106.262200,walking_abha_new
1771603896.117194,0.268677,-0.643066,-0.171265,-15.136716,8.056642,-107.360820,walking_abha_new
1771603896.1383412,0.343262,-0.606568,-0.182983,-9.399414,13.977050,-108.520500,walking_abha_new
1771603896.158367,0.379517,-0.598755,-0.153076,-12.756344,12.390136,-107.055640,walking_abha_new
1771603896.1757112,0.346314,-0.593384,-0.115845,-12.817380,0.610352,-101.074200,walking_abha_new
1771603896.1997442,0.343994,-0.627686,-0.083374,-13.549804,-5.493162,-92.895500,walking_abha_new
1771603896.2442324,0.349121,-0.684692,-0.077759,-15.624996,-7.568358,-82.275360,walking_abha_new
1771603896.2452426,0.335205,-0.739136,-0.089355,-18.066410,-8.117676,-70.068360,walking_abha_new
1771603896.2575338,0.325562,-0.787720,-0.109619,-18.188480,-3.906249,-57.800280,walking_abha_new
1771603896.2785754,0.351196,-0.847168,-0.129150,-15.747068,0.610352,-42.846670,walking_abha_new
1771603896.298432,0.429688,-0.927490,-0.165649,-16.052250,10.437010,-12.756344,walking_abha_new
1771603896.3189197,0.434082,-0.924561,-0.151855,-13.427732,7.446288,6.530760,walking_abha_new
1771603896.333073,0.459229,-0.957764,-0.135864,-8.117676,3.112792,23.254390,walking_abha_new
1771603896.3544168,0.535400,-1.135620,-0.120361,-0.732422,-3.112792,44.067380,walking_abha_new
1771603896.3761494,0.595215,-1.300049,-0.092041,5.493162,-8.422854,68.420420,walking_abha_new
1771603896.3965414,0.552979,-1.197632,-0.106934,9.277344,-7.690428,88.806140,walking_abha_new
1771603896.4174814,0.465088,-0.915528,-0.173706,11.291500,0.915527,105.285640,walking_abha_new
1771603896.4369695,0.420410,-0.727417,-0.256958,16.113284,8.605960,112.854000,walking_abha_new
1771603896.4579453,0.409790,-0.693360,-0.317383,26.184080,7.263182,107.299800,walking_abha_new
1771603896.4787045,0.464600,-0.766968,-0.327271,38.696300,-4.394532,90.515120,walking_abha_new
1771603896.492828,0.518188,-0.864258,-0.315186,42.480460,-13.122556,80.444320,walking_abha_new
1771603896.513472,0.552979,-0.856079,-0.329468,43.212880,-16.601568,75.744640,walking_abha_new
1771603896.5384338,0.508423,-0.782715,-0.348145,40.832510,-34.484870,67.688000,walking_abha_new
1771603896.5543315,0.389648,-0.717896,-0.338745,33.203130,-37.780760,60.546860,walking_abha_new
1771603896.5694437,0.290527,-0.683960,-0.330811,23.681636,-14.465330,57.312000,walking_abha_new
1771603896.5965416,0.327759,-0.660522,-0.339233,12.329100,17.333990,54.931630,walking_abha_new
1771603896.6172533,0.443726,-0.613037,-0.331543,8.178714,29.479976,49.560540,walking_abha_new
1771603896.6629279,0.524536,-0.602295,-0.317383,9.338380,22.460930,40.222160,walking_abha_new
1771603896.6629279,0.561035,-0.639526,-0.303101,7.873534,8.056642,42.541500,walking_abha_new
1771603896.6767008,0.533814,-0.678467,-0.311646,5.737304,-0.915527,44.921860,walking_abha_new
1771603896.6938808,0.560425,-0.720093,-0.322998,3.906249,2.502442,43.518060,walking_abha_new
1771603896.715498,0.591064,-0.734131,-0.324585,0.366211,5.126952,44.555660,walking_abha_new
1771603896.7366776,0.620484,-0.721802,-0.322632,-1.403808,1.525878,43.823240,walking_abha_new
1771603896.755967,0.652344,-0.769409,-0.331177,-1.586914,-5.493162,42.236320,walking_abha_new
1771603896.7773585,0.631226,-0.852905,-0.338989,-4.516602,-0.854492,32.958990,walking_abha_new
1771603896.798592,0.669556,-0.956299,-0.328491,-9.765626,2.624511,36.254890,walking_abha_new
1771603896.8179107,0.674561,-1.063843,-0.308472,-9.033204,8.850100,22.216790,walking_abha_new
1771603896.838967,0.767944,-1.354614,-0.315796,-5.371092,8.422854,10.253904,walking_abha_new
1771603896.866767,0.824219,-1.579834,-0.374390,-10.925290,21.606440,-5.981444,walking_abha_new
1771603896.8772333,0.567993,-1.095337,-0.301025,-15.869140,41.625960,-25.512690,walking_abha_new
1771603896.897253,0.436768,-0.836914,-0.201294,-21.667476,66.040040,-39.428720,walking_abha_new
1771603896.9212568,0.506104,-0.775879,-0.208130,-15.075680,72.631840,-57.312000,walking_abha_new
1771603896.940385,0.613648,-0.825684,-0.237305,-5.004884,52.673330,-73.913600,walking_abha_new
1771603896.958659,0.620728,-0.861938,-0.226318,1.098633,15.014646,-77.331540,walking_abha_new
1771603896.9798465,0.615845,-0.889282,-0.187988,4.638672,-23.071284,-75.439460,walking_abha_new
1771603896.9986331,0.532349,-0.895752,-0.156006,7.324218,-45.471180,-74.218760,walking_abha_new
1771603897.014403,0.375610,-0.863037,-0.162964,4.211426,-46.813960,-73.486340,walking_abha_new
1771603897.0341961,0.268555,-0.761108,-0.183228,-1.403808,-35.522460,-72.143560,walking_abha_new
1771603897.055018,0.260864,-0.635376,-0.211914,-4.699708,-17.028810,-71.838400,walking_abha_new
1771603897.07829,0.308960,-0.615967,-0.193115,-5.187988,-7.995604,-72.326660,walking_abha_new
1771603897.0989506,0.311524,-0.615723,-0.167358,-6.347656,-6.896972,-70.007340,walking_abha_new
1771603897.1173308,0.295654,-0.616699,-0.140869,-6.835936,-9.216310,-67.321800,walking_abha_new
1771603897.1383517,0.317871,-0.660156,-0.130859,-7.446288,-11.901852,-61.645500,walking_abha_new
1771603897.1593366,0.327637,-0.730713,-0.130493,-8.789064,-12.756344,-53.833000,walking_abha_new
1771603897.1732342,0.314209,-0.800537,-0.145386,-11.962890,-11.352536,-43.823240,walking_abha_new
1771603897.2282128,0.305298,-0.836426,-0.155762,-15.380856,-4.882814,-35.156260,walking_abha_new
1771603897.2427602,0.315796,-0.887940,-0.164307,-16.845708,6.042480,-26.672360,walking_abha_new
1771603897.2465005,0.378296,-0.990845,-0.150757,-19.592290,16.479492,-7.690428,walking_abha_new
1771603897.2555516,0.407715,-1.043335,-0.123901,-17.578130,14.831540,7.141112,walking_abha_new
1771603897.2770379,0.444580,-1.062622,-0.149292,-13.916012,10.620116,21.850580,walking_abha_new
1771603897.2991805,0.529785,-1.227051,-0.166382,-6.896972,2.624511,38.452160,walking_abha_new
1771603897.3167133,0.525879,-1.435425,-0.099609,-1.892090,-7.446288,54.138180,walking_abha_new
1771603897.3376215,0.418457,-1.344604,-0.041138,-3.479003,6.958006,68.786640,walking_abha_new
1771603897.353985,0.341064,-0.976929,-0.110230,-3.662109,27.465816,83.679180,walking_abha_new
1771603897.3762875,0.366943,-0.720215,-0.257813,4.821778,35.156260,89.172340,walking_abha_new
1771603897.3954875,0.414917,-0.656494,-0.324951,20.324700,17.700200,76.904300,walking_abha_new
1771603897.4160516,0.386963,-0.766724,-0.295410,34.240730,-6.225584,59.814440,walking_abha_new
1771603897.4378562,0.344971,-0.888672,-0.257080,34.729010,-9.765626,44.433580,walking_abha_new
1771603897.4578795,0.419312,-0.880249,-0.261475,33.508300,-5.249022,41.198720,walking_abha_new
1771603897.4779022,0.415283,-0.828613,-0.285034,29.052730,-12.084960,36.987310,walking_abha_new
1771603897.4981956,0.351685,-0.746826,-0.315430,23.315424,-13.793944,34.240730,walking_abha_new
1771603897.5195427,0.322998,-0.663452,-0.328369,18.188480,-1.403808,31.249992,walking_abha_new
1771603897.5371313,0.372192,-0.629883,-0.321899,11.962890,14.038084,35.644540,walking_abha_new
1771603897.5548782,0.445923,-0.599610,-0.300049,7.202148,16.967780,39.306640,walking_abha_new
1771603897.579138,0.506592,-0.593994,-0.281372,6.591796,8.300784,34.118660,walking_abha_new
1771603897.5964844,0.495483,-0.621460,-0.274048,5.249022,0.549316,33.325200,walking_abha_new
1771603897.6187615,0.508545,-0.661621,-0.278320,-1.098633,7.995604,33.325200,walking_abha_new
1771603897.638271,0.588989,-0.748413,-0.277222,-2.868652,9.582520,34.545900,walking_abha_new
1771603897.6593897,0.625732,-0.777710,-0.275269,-2.990722,5.920409,34.484870,walking_abha_new
1771603897.67679,0.633423,-0.761108,-0.277222,-2.502442,0.244141,35.522460,walking_abha_new
1771603897.6979036,0.635498,-0.789062,-0.295044,-1.342773,-4.211426,35.095220,walking_abha_new
1771603897.7167845,0.630615,-0.848145,-0.317749,0.000000,-4.089356,24.841304,walking_abha_new
1771603897.7391758,0.648071,-0.922974,-0.323730,2.563476,-3.417968,10.986324,walking_abha_new
1771603897.7573266,0.647339,-1.036011,-0.309082,-0.244141,0.793457,9.582520,walking_abha_new
1771603897.7769885,0.693604,-1.237793,-0.314819,3.723144,0.549316,-2.563476,walking_abha_new
1771603897.7972324,0.759033,-1.466064,-0.326050,3.601074,1.525878,-8.911134,walking_abha_new
1771603897.813062,0.590088,-1.131592,-0.286255,-6.469726,9.460450,-14.953610,walking_abha_new
1771603897.8330557,0.479980,-0.910645,-0.204590,-9.155274,10.192870,-26.306150,walking_abha_new
1771603897.8561828,0.427856,-0.885742,-0.176392,-5.859374,11.718748,-41.870110,walking_abha_new
1771603897.8762503,0.421509,-0.924927,-0.179077,-4.272462,10.803220,-54.382320,walking_abha_new
1771603897.8959606,0.453858,-0.956299,-0.174072,-3.479003,-0.183105,-59.448240,walking_abha_new
1771603897.9182973,0.483032,-0.992920,-0.156616,-1.647949,-18.554690,-59.020980,walking_abha_new
1771603897.938002,0.436646,-0.969238,-0.150147,-0.732422,-31.188960,-56.213370,walking_abha_new
1771603897.9584515,0.313599,-0.876099,-0.171387,-2.685546,-33.874520,-54.992660,walking_abha_new
1771603897.977917,0.237915,-0.749146,-0.193726,-0.854492,-23.254390,-56.518540,walking_abha_new
1771603897.9993756,0.271240,-0.640259,-0.211304,-0.732422,-13.610836,-57.495110,walking_abha_new
1771603898.013144,0.267944,-0.587036,-0.213867,-2.746581,-16.601568,-55.114740,walking_abha_new
1771603898.0355873,0.268555,-0.588989,-0.189819,-5.859374,-15.014646,-50.598140,walking_abha_new
1771603898.0728097,0.262573,-0.567749,-0.176880,-8.911134,-13.977050,-43.701160,walking_abha_new
1771603898.0804362,0.300781,-0.604736,-0.160522,-9.460450,-12.634276,-40.100100,walking_abha_new
1771603898.0970802,0.312988,-0.683472,-0.161987,-11.779784,-14.404296,-33.935560,walking_abha_new
1771603898.1177096,0.326904,-0.770752,-0.171143,-14.953610,-13.549804,-27.648920,walking_abha_new
1771603898.1331964,0.333130,-0.847900,-0.166260,-19.409180,-8.117676,-19.897460,walking_abha_new
1771603898.153945,0.340942,-0.899780,-0.164917,-23.071284,1.708984,-11.596676,walking_abha_new
1771603898.1793106,0.380859,-0.984131,-0.157837,-24.780270,11.840818,-3.906249,walking_abha_new
1771603898.195593,0.427124,-1.076782,-0.111816,-23.620600,16.845708,9.094240,walking_abha_new
1771603898.22101,0.438843,-1.068604,-0.108887,-18.371584,14.465330,20.019532,walking_abha_new
1771603898.2363894,0.517944,-1.224976,-0.136475,-9.033204,6.286620,32.592780,walking_abha_new
1771603898.2565234,0.587524,-1.470093,-0.094116,0.000000,-4.882814,45.227040,walking_abha_new
1771603898.2779593,0.560913,-1.424561,-0.060059,1.647949,-5.554198,61.035140,walking_abha_new
1771603898.2978356,0.455200,-1.014893,-0.125977,1.220704,3.845214,77.209480,walking_abha_new
1771603898.313151,0.390015,-0.665650,-0.254150,4.638672,9.033204,82.824700,walking_abha_new
1771603898.337944,0.353638,-0.557862,-0.343262,18.371584,-1.098633,65.490740,walking_abha_new
1771603898.3574429,0.331665,-0.750610,-0.323242,31.677240,-10.314940,37.780760,walking_abha_new
1771603898.3779147,0.243164,-0.861206,-0.280151,24.658200,-6.530760,10.253904,walking_abha_new
1771603898.3988855,0.282105,-0.862305,-0.269898,18.554690,12.451170,2.319336,walking_abha_new
1771603898.4159517,0.246826,-0.840942,-0.274292,11.779784,29.235832,3.479003,walking_abha_new
1771603898.436535,0.182373,-0.727539,-0.295532,-0.793457,37.231450,5.126952,walking_abha_new
1771603898.4575465,0.211060,-0.635986,-0.297119,-4.516602,46.447740,5.798338,walking_abha_new
1771603898.477821,0.260132,-0.593506,-0.279785,-6.347656,48.889150,14.892576,walking_abha_new
1771603898.4976091,0.350342,-0.592407,-0.257813,-5.432128,40.710440,19.470220,walking_abha_new
1771603898.5178223,0.429199,-0.629883,-0.231323,-5.676268,20.568840,28.747552,walking_abha_new
1771603898.5371902,0.430420,-0.632935,-0.232544,-3.295898,0.305176,28.686520,walking_abha_new
1771603898.5591471,0.411987,-0.691284,-0.243774,-2.258301,-5.065916,26.550290,walking_abha_new
1771603898.5767307,0.489014,-0.791504,-0.266480,-5.187988,9.765626,28.015130,walking_abha_new
1771603898.5968542,0.588989,-0.812256,-0.283325,-4.699708,10.742184,26.672360,walking_abha_new
1771603898.619423,0.627197,-0.776734,-0.298462,-3.295898,6.408690,27.343748,walking_abha_new
1771603898.6328456,0.633911,-0.776001,-0.320435,-1.525878,3.845214,26.916500,walking_abha_new
1771603898.6587873,0.665528,-0.842041,-0.337646,-0.915527,3.601074,21.667476,walking_abha_new
1771603898.680117,0.684204,-0.885376,-0.341431,0.305176,4.577638,6.042480,walking_abha_new
1771603898.695645,0.719604,-1.031006,-0.306885,1.525878,8.850100,-0.854492,walking_abha_new
1771603898.7161753,0.779297,-1.232544,-0.304443,-2.990722,10.986324,8.056642,walking_abha_new
1771603898.7357867,0.888794,-1.444702,-0.335083,-1.953124,5.554198,-0.244141,walking_abha_new
1771603898.7564235,0.693604,-1.377808,-0.327271,-10.681150,10.314940,-12.573240,walking_abha_new
1771603898.7772996,0.559326,-0.861450,-0.237549,-18.737796,22.949216,-19.226080,walking_abha_new
1771603898.797312,0.517578,-0.692749,-0.211060,-12.939450,27.099608,-37.902840,walking_abha_new
1771603898.8161116,0.568115,-0.789551,-0.219482,2.136231,22.277830,-63.171380,walking_abha_new
1771603898.8333554,0.643433,-0.886719,-0.222412,7.507323,-5.798338,-80.627420,walking_abha_new
1771603898.8538115,0.628784,-0.928223,-0.205444,11.474608,-40.283200,-81.726060,walking_abha_new
1771603898.8763056,0.552124,-0.956299,-0.177856,9.582520,-55.236800,-79.650900,walking_abha_new
1771603898.895114,0.434326,-0.904663,-0.161743,0.976562,-49.560540,-75.927740,walking_abha_new
1771603898.9181542,0.320190,-0.781860,-0.155518,-6.469726,-30.395500,-71.044940,walking_abha_new
1771603898.9369044,0.295898,-0.661987,-0.169800,-9.582520,-7.568358,-69.396980,walking_abha_new
1771603898.9579048,0.367310,-0.545044,-0.191040,-8.361816,1.586914,-67.688000,walking_abha_new
1771603898.9720757,0.390747,-0.525513,-0.183228,-5.859374,-6.835936,-67.688000,walking_abha_new
1771603898.9935079,0.362183,-0.537354,-0.153809,-5.126952,-17.395020,-66.223160,walking_abha_new
1771603899.0138118,0.329590,-0.581665,-0.116211,-6.835936,-21.301268,-61.645500,walking_abha_new
1771603899.036376,0.335083,-0.631226,-0.102051,-10.314940,-18.615724,-54.931630,walking_abha_new
1771603899.0551066,0.335938,-0.706177,-0.105957,-12.084960,-13.549804,-45.898430,walking_abha_new
1771603899.1692483,0.382690,-0.841675,-0.130371,-18.554690,-1.281738,-23.071284,walking_abha_new
1771603899.1692483,0.394531,-0.881348,-0.131836,-19.226080,5.371092,-12.817380,walking_abha_new
1771603899.1692483,0.457031,-0.936524,-0.134888,-17.333990,11.840818,3.112792,walking_abha_new
1771603899.1692483,0.463989,-0.953491,-0.124878,-12.451170,6.591796,12.023924,walking_abha_new
1771603899.1692483,0.466675,-0.975098,-0.125122,-5.310058,-2.502442,22.338860,walking_abha_new
1771603899.196669,0.490112,-1.181519,-0.129395,3.417968,-14.526364,39.794920,walking_abha_new
1771603899.2178998,0.545044,-1.390992,-0.093140,9.765626,-19.897460,59.387200,walking_abha_new
1771603899.2349117,0.505249,-1.292847,-0.091431,10.070800,-9.765626,78.918460,walking_abha_new
1771603899.2578945,0.405884,-0.942749,-0.167969,9.582520,5.004884,96.679660,walking_abha_new
1771603899.277339,0.397827,-0.704834,-0.275024,13.854978,10.864256,103.637680,walking_abha_new
1771603899.29725,0.399048,-0.669922,-0.316162,27.038570,1.464844,91.369600,walking_abha_new
1771603899.3180733,0.375977,-0.790283,-0.292236,38.208020,-13.732908,70.129400,walking_abha_new
1771603899.3334546,0.383667,-0.888306,-0.283325,39.917000,-13.061520,47.485340,walking_abha_new
1771603899.3534353,0.465332,-0.899536,-0.294922,39.855960,-3.112792,42.175280,walking_abha_new
1771603899.376618,0.429443,-0.852295,-0.305054,34.973150,-14.282224,39.062500,walking_abha_new
1771603899.395345,0.337036,-0.769165,-0.305542,25.329584,-13.183590,36.743170,walking_abha_new
1771603899.4159002,0.281494,-0.701172,-0.299683,16.906740,7.812498,36.193860,walking_abha_new
1771603899.4374366,0.339600,-0.655274,-0.303711,8.544924,30.456540,36.254890,walking_abha_new
1771603899.4512527,0.442749,-0.598022,-0.289063,7.568358,36.010750,30.151360,walking_abha_new
1771603899.4724603,0.535400,-0.618652,-0.262207,7.324218,22.216790,34.057620,walking_abha_new
1771603899.4986937,0.511597,-0.600342,-0.274170,5.859374,8.544924,36.315920,walking_abha_new
1771603899.5195067,0.526734,-0.632568,-0.286621,4.760742,4.211426,29.479976,walking_abha_new
1771603899.5363164,0.554444,-0.691895,-0.292725,2.685546,7.324218,26.672360,walking_abha_new
1771603899.557259,0.613159,-0.721680,-0.296753,0.671386,5.859374,24.230950,walking_abha_new
1771603899.575531,0.656494,-0.716064,-0.306274,0.305176,-4.211426,23.132320,walking_abha_new
1771603899.5903332,0.621094,-0.768311,-0.308106,0.610352,-8.666994,26.123040,walking_abha_new
1771603899.617481,0.672363,-0.857788,-0.327271,-1.464844,-10.253904,15.930172,walking_abha_new
1771603899.637664,0.705444,-0.983276,-0.325440,-2.075196,-16.845708,13.793944,walking_abha_new
1771603899.6566403,0.678223,-1.099488,-0.308716,-1.586914,-14.831540,-1.953124,walking_abha_new
1771603899.673524,0.684448,-1.285278,-0.305298,-2.258301,-4.272462,-11.230468,walking_abha_new
1771603899.6939187,0.795898,-1.513428,-0.343018,-4.455568,3.479003,-11.352536,walking_abha_new
1771603899.7179775,0.655762,-1.285644,-0.335571,-10.192870,20.996090,-27.465816,walking_abha_new
1771603899.735686,0.500732,-0.920044,-0.232788,-19.592290,40.832510,-37.536620,walking_abha_new
1771603899.7581148,0.485962,-0.675781,-0.204590,-16.479492,47.241200,-52.001940,walking_abha_new
1771603899.7955372,0.548584,-0.735230,-0.207886,-3.112792,34.118660,-70.495620,walking_abha_new
1771603899.797811,0.612183,-0.849610,-0.226196,2.929687,5.554198,-81.420880,walking_abha_new
1771603899.818617,0.612183,-0.905029,-0.205811,4.455568,-30.822750,-79.650900,walking_abha_new
1771603899.8342133,0.571655,-0.931152,-0.153076,3.601074,-53.894040,-74.462900,walking_abha_new
1771603899.8599617,0.437744,-0.922486,-0.128174,-2.685546,-54.870600,-68.237320,walking_abha_new
1771603899.8784997,0.313477,-0.828858,-0.135742,-10.314940,-38.940440,-62.805160,walking_abha_new
1771603899.8991532,0.295166,-0.712036,-0.169067,-12.817380,-8.605960,-60.546860,walking_abha_new
1771603899.9154975,0.339844,-0.588501,-0.190552,-9.704590,-10.009768,-61.462400,walking_abha_new
1771603899.9370382,0.375855,-0.572510,-0.178833,-6.042480,-13.000484,-60.119620,walking_abha_new
1771603899.9608762,0.334839,-0.575562,-0.144043,-4.882814,-22.338860,-56.945790,walking_abha_new
1771603899.973258,0.323730,-0.602539,-0.111694,-5.676268,-26.123040,-52.673330,walking_abha_new
1771603899.9929106,0.329224,-0.656250,-0.103272,-7.873534,-26.306150,-46.142570,walking_abha_new
1771603900.013741,0.323730,-0.730225,-0.117920,-9.460450,-25.207516,-39.184580,walking_abha_new
1771603900.0360425,0.332520,-0.817505,-0.129761,-14.099120,-20.080560,-30.822750,walking_abha_new
1771603900.055578,0.327637,-0.840454,-0.126709,-18.432620,-11.047360,-23.437492,walking_abha_new
1771603900.0762644,0.311157,-0.865112,-0.131470,-20.202630,4.272462,-17.211920,walking_abha_new
1771603900.0905378,0.418335,-0.981568,-0.135132,-21.972650,16.418460,-1.647949,walking_abha_new
1771603900.118117,0.410522,-1.001954,-0.107300,-19.592290,14.099120,9.826660,walking_abha_new
1771603900.1377053,0.395508,-1.068970,-0.089722,-14.282224,12.817380,23.376460,walking_abha_new
1771603900.157062,0.469727,-1.299805,-0.089844,-6.225584,9.399414,43.273920,walking_abha_new
1771603900.1776104,0.548828,-1.466064,-0.059082,-1.403808,8.544924,62.683100,walking_abha_new
1771603900.1945093,0.483521,-1.257446,-0.055420,-0.732422,13.122556,85.021960,walking_abha_new
1771603900.214044,0.414673,-0.901489,-0.138184,3.784179,16.601568,103.942840,walking_abha_new
1771603900.237245,0.417725,-0.693237,-0.276611,15.686032,9.704590,106.201160,walking_abha_new
1771603900.2565835,0.424438,-0.675659,-0.328125,33.569340,-13.061520,87.585440,walking_abha_new
1771603900.2792733,0.333008,-0.772339,-0.273071,47.241200,-33.996590,55.969230,walking_abha_new
1771603900.2982044,0.298096,-0.868896,-0.271240,44.738760,-29.479976,41.809080,walking_abha_new
1771603900.3140562,0.336792,-0.887818,-0.282227,38.757330,-12.512204,34.179700,walking_abha_new
1771603900.3398006,0.321289,-0.839112,-0.311890,30.090330,2.380371,29.663080,walking_abha_new
1771603900.3581364,0.275269,-0.758423,-0.321899,19.775390,19.470220,26.916500,walking_abha_new
1771603900.3744786,0.333862,-0.695557,-0.323730,10.131832,36.254890,32.592780,walking_abha_new
1771603900.396099,0.438721,-0.624756,-0.324829,7.263182,37.170420,35.034180,walking_abha_new
1771603900.4186578,0.524780,-0.622437,-0.314941,10.681150,20.690910,31.433100,walking_abha_new
1771603900.436878,0.533203,-0.651978,-0.300293,10.375976,3.112792,35.461430,walking_abha_new
1771603900.457805,0.494263,-0.666992,-0.304688,8.544924,-3.234863,34.729010,walking_abha_new
1771603900.4778373,0.530029,-0.739624,-0.308960,2.197266,2.990722,32.836920,walking_abha_new
1771603900.4944127,0.595093,-0.774414,-0.306885,-1.220704,4.394532,30.090330,walking_abha_new
1771603900.5187502,0.620117,-0.775391,-0.304321,-2.746581,2.441407,24.108880,walking_abha_new
1771603900.5361483,0.625000,-0.752197,-0.306030,-4.699708,-0.183105,22.460930,walking_abha_new
1771603900.5611467,0.630982,-0.777710,-0.320435,-4.150392,-1.586914,20.141600,walking_abha_new
1771603900.5776074,0.635986,-0.857178,-0.331177,-5.920409,3.234863,8.422854,walking_abha_new
1771603900.5975487,0.673950,-0.933106,-0.319458,-8.239746,2.258301,5.981444,walking_abha_new
1771603900.6190162,0.679688,-1.016602,-0.297608,-6.591796,0.915527,-6.896972,walking_abha_new
1771603900.664218,0.747681,-1.288574,-0.291626,-3.723144,0.854492,-10.070800,walking_abha_new
1771603900.664218,0.761963,-1.486694,-0.319580,-8.911134,10.620116,-14.404296,walking_abha_new
1771603900.679088,0.629883,-1.088379,-0.281372,-10.742184,18.371584,-26.855464,walking_abha_new
1771603900.6946628,0.532837,-0.821533,-0.206909,-13.244628,31.005852,-38.879400,walking_abha_new
1771603900.7149053,0.564575,-0.737305,-0.200562,-7.690428,25.878900,-51.940910,walking_abha_new
1771603900.7354147,0.618896,-0.794800,-0.212036,1.159668,6.225584,-68.359400,walking_abha_new
1771603900.757567,0.632446,-0.865601,-0.197388,4.882814,-19.226080,-77.575700,walking_abha_new
1771603900.7771294,0.623047,-0.919922,-0.164551,4.821778,-43.334950,-76.965340,walking_abha_new
1771603900.7920156,0.565796,-0.955078,-0.147827,3.356933,-52.246080,-76.293960,walking_abha_new
1771603900.8160515,0.440064,-0.922730,-0.133423,-2.868652,-44.921860,-77.026380,walking_abha_new
1771603900.8389637,0.339722,-0.801758,-0.131836,-8.178714,-25.146480,-77.880860,walking_abha_new
1771603900.8667753,0.339233,-0.631470,-0.170288,-6.591796,-5.310058,-81.970200,walking_abha_new
1771603900.8756158,0.374268,-0.585938,-0.185059,-3.112792,-4.150392,-84.045400,walking_abha_new
1771603900.895336,0.359741,-0.583984,-0.171509,-1.342773,-15.136716,-81.665020,walking_abha_new
1771603900.916991,0.330200,-0.594849,-0.137085,-2.380371,-21.240230,-79.223640,walking_abha_new
1771603900.9367297,0.317261,-0.635620,-0.105835,-4.455568,-22.644040,-73.181160,walking_abha_new
1771603900.9578469,0.327515,-0.698975,-0.102051,-7.202148,-20.812980,-64.453140,walking_abha_new
1771603900.9882734,0.341919,-0.785645,-0.112793,-10.925290,-18.676760,-52.978500,walking_abha_new
1771603900.993089,0.338379,-0.844604,-0.127075,-14.526364,-15.624996,-41.748040,walking_abha_new
1771603901.0723298,0.344605,-0.942749,-0.129395,-20.507810,13.549804,-12.695310,walking_abha_new
1771603901.0723298,0.406250,-0.971192,-0.117798,-19.714360,17.272950,1.586914,walking_abha_new
1771603901.0788805,0.426636,-0.963379,-0.116577,-13.854978,12.756344,14.709470,walking_abha_new
1771603901.097463,0.483154,-1.093994,-0.126343,-5.126952,2.746581,30.151360,walking_abha_new
1771603901.1235113,0.546631,-1.321045,-0.095337,2.441407,-10.375976,48.339840,walking_abha_new
1771603901.1397662,0.513428,-1.306274,-0.047363,6.042480,-12.023924,65.551760,walking_abha_new
1771603901.1538663,0.392578,-1.001221,-0.078857,8.178714,-2.319336,82.214340,walking_abha_new
1771603901.1730123,0.338623,-0.768555,-0.194580,14.282224,7.812498,91.857900,walking_abha_new
1771603901.1980991,0.365234,-0.709351,-0.298462,27.465816,5.859374,85.937480,walking_abha_new
1771603901.214794,0.384155,-0.797974,-0.305420,39.123540,-7.751464,69.885260,walking_abha_new
1771603901.2358816,0.349487,-0.901245,-0.269409,42.724600,-10.070800,54.138180,walking_abha_new
1771603901.250291,0.411865,-0.913818,-0.276611,41.076650,5.310058,52.551260,walking_abha_new
1771603901.2771957,0.433594,-0.867432,-0.309814,39.245610,-4.150392,50.598140,walking_abha_new
1771603901.298681,0.394043,-0.791626,-0.335083,31.066890,-11.413570,49.438460,walking_abha_new
1771603901.3183496,0.322510,-0.692749,-0.337524,23.254390,-4.272462,51.574700,walking_abha_new
1771603901.3340044,0.313721,-0.625610,-0.342041,14.892576,14.099120,52.917470,walking_abha_new
1771603901.3541253,0.384033,-0.603272,-0.336426,10.253904,27.038570,45.959460,walking_abha_new
1771603901.3742626,0.489746,-0.630860,-0.299927,6.530760,22.766110,47.119130,walking_abha_new
1771603901.3988094,0.518799,-0.646973,-0.291260,3.417968,11.962890,47.607410,walking_abha_new
1771603901.4161444,0.509888,-0.681641,-0.302368,-0.305176,10.070800,43.090810,walking_abha_new
1771603901.4382997,0.552124,-0.745117,-0.301880,-3.784179,17.211920,41.320790,walking_abha_new
1771603901.4580774,0.625732,-0.772095,-0.307007,-5.310058,17.028810,39.123540,walking_abha_new
1771603901.4730182,0.660156,-0.777588,-0.313232,-4.394532,9.643556,33.813480,walking_abha_new
1771603901.4986804,0.668457,-0.790772,-0.319824,-3.906249,1.220704,32.043460,walking_abha_new
1771603901.514726,0.667358,-0.836182,-0.328491,-2.990722,-2.014160,24.353020,walking_abha_new
1771603901.539039,0.686279,-0.920410,-0.324951,-3.601074,-2.685546,17.578130,walking_abha_new
1771603901.557026,0.674805,-0.979858,-0.316772,-8.666994,-0.854492,14.770504,walking_abha_new
1771603901.5795317,0.670898,-1.050904,-0.296387,-6.530760,3.479003,-2.563476,walking_abha_new
1771603901.6027834,0.725464,-1.293579,-0.294434,-6.225584,12.145992,-2.502442,walking_abha_new
1771603901.6305552,0.755860,-1.318970,-0.328491,-13.977050,27.038570,-13.549804,walking_abha_new
1771603901.638443,0.626953,-1.024048,-0.277710,-14.404296,31.738280,-28.747552,walking_abha_new
1771603901.655404,0.555786,-0.800171,-0.206177,-16.540530,39.184580,-42.480460,walking_abha_new
1771603901.6753042,0.566284,-0.761108,-0.204102,-9.033204,35.583500,-57.983390,walking_abha_new
1771603901.7019458,0.625488,-0.825928,-0.209229,-2.136231,18.310550,-71.594240,walking_abha_new
1771603901.715273,0.638428,-0.880982,-0.194458,2.197266,-7.690428,-78.552260,walking_abha_new
1771603901.743603,0.605225,-0.938843,-0.163574,3.906249,-32.714850,-77.392600,walking_abha_new
1771603901.7573228,0.546387,-0.975342,-0.145264,3.662109,-44.128410,-75.073240,walking_abha_new
1771603901.7770529,0.449951,-0.940186,-0.144775,-1.342773,-42.602530,-73.669440,walking_abha_new
1771603901.7922506,0.315674,-0.832276,-0.152222,-5.187988,-20.263670,-70.068360,walking_abha_new
1771603901.8190064,0.313599,-0.658936,-0.175781,-5.065916,-15.258788,-70.495620,walking_abha_new
1771603901.8379846,0.334351,-0.598877,-0.181641,-2.502442,-15.014646,-70.434580,walking_abha_new
1771603901.8602822,0.312622,-0.588501,-0.174194,-1.708984,-21.179192,-66.406260,walking_abha_new
1771603901.8758209,0.307373,-0.595093,-0.143921,-2.502442,-24.108880,-64.575200,walking_abha_new
1771603901.8958936,0.303955,-0.633545,-0.117676,-3.723144,-24.780270,-61.035140,walking_abha_new
1771603901.9179788,0.298950,-0.683228,-0.119019,-7.263182,-21.667476,-54.687490,walking_abha_new
1771603901.9369903,0.302368,-0.738892,-0.126709,-11.657712,-16.967780,-47.363270,walking_abha_new
1771603901.9639063,0.311157,-0.791138,-0.136719,-15.441892,-9.094240,-40.832510,walking_abha_new
1771603901.9852047,0.330200,-0.846558,-0.137329,-19.226080,2.014160,-32.287600,walking_abha_new
1771603901.999808,0.397827,-0.972534,-0.127441,-21.118160,14.709470,-15.991210,walking_abha_new
1771603902.0158856,0.425537,-1.007446,-0.106201,-19.897460,15.930172,-2.075196,walking_abha_new
1771603902.0374362,0.434326,-1.013916,-0.099731,-14.343260,12.512204,11.291500,walking_abha_new
1771603902.0551314,0.479370,-1.110352,-0.106323,-6.469726,5.615234,26.428220,walking_abha_new
1771603902.0755634,0.549316,-1.327270,-0.085205,1.586914,-4.882814,43.884270,walking_abha_new
1771603902.0987706,0.542969,-1.378174,-0.038330,5.920409,-5.859374,63.598620,walking_abha_new
1771603902.1172705,0.448853,-1.080078,-0.072266,6.286620,3.723144,82.824700,walking_abha_new
1771603902.1332638,0.398071,-0.760132,-0.174072,12.084960,9.887696,96.984840,walking_abha_new
1771603902.1583579,0.423096,-0.638184,-0.279175,25.085448,1.647949,96.069320,walking_abha_new
1771603902.1791413,0.462280,-0.744629,-0.282349,43.151840,-29.357908,67.749040,walking_abha_new
1771603902.1956494,0.361206,-0.897949,-0.247925,45.043940,-32.409680,51.574700,walking_abha_new
1771603902.2148023,0.363159,-0.921021,-0.260010,39.611820,-20.446770,41.992180,walking_abha_new
1771603902.2372463,0.404907,-0.892334,-0.315308,33.447270,-6.225584,38.818360,walking_abha_new
1771603902.2582903,0.352539,-0.815918,-0.350586,26.123040,0.183105,30.334470,walking_abha_new
1771603902.2776582,0.307373,-0.720825,-0.353760,19.470220,12.695310,22.155760,walking_abha_new
1771603902.2978153,0.339844,-0.652344,-0.346436,10.009768,27.770990,25.756830,walking_abha_new
1771603902.3182304,0.403809,-0.597290,-0.332398,6.164550,31.616208,28.076170,walking_abha_new
1771603902.333558,0.471558,-0.608398,-0.310425,6.713866,19.104010,28.503410,walking_abha_new
1771603902.3534796,0.499024,-0.635620,-0.296875,6.469726,2.380371,27.770990,walking_abha_new
1771603902.378296,0.469360,-0.677856,-0.309326,4.272462,-7.873534,30.944820,walking_abha_new
1771603902.3954177,0.501709,-0.716064,-0.315552,0.976562,-3.784179,32.714850,walking_abha_new
1771603902.4183176,0.563477,-0.742066,-0.317749,-1.342773,-0.976562,33.874520,walking_abha_new
1771603902.4369144,0.600586,-0.731079,-0.318359,-2.746581,-4.455568,34.362800,walking_abha_new
1771603902.4512947,0.597412,-0.716553,-0.316406,-2.868652,-9.399414,33.691410,walking_abha_new
1771603902.47805,0.623413,-0.783203,-0.329834,-2.563476,-13.977050,31.982420,walking_abha_new
1771603902.4987054,0.648682,-0.897705,-0.343384,-4.638672,-12.634276,26.245110,walking_abha_new
1771603902.521231,0.676392,-0.980469,-0.334106,-9.277344,-14.709470,27.038570,walking_abha_new
1771603902.5680165,0.634522,-1.032715,-0.305786,-10.131832,-8.544924,15.258788,walking_abha_new
1771603902.5680165,0.711060,-1.222168,-0.308350,-11.962890,13.977050,7.324218,walking_abha_new
1771603902.5802395,0.719238,-1.435669,-0.342163,-18.493652,30.395500,-0.122070,walking_abha_new
1771603902.5982842,0.649902,-1.169678,-0.307861,-21.301268,42.114250,-13.122556,walking_abha_new
1771603902.617732,0.515015,-0.866333,-0.214111,-28.930660,55.969230,-26.489250,walking_abha_new
1771603902.6376681,0.504883,-0.683350,-0.187134,-23.437492,56.640620,-40.954580,walking_abha_new
1771603902.6530137,0.551758,-0.754639,-0.191406,-10.803220,44.799800,-62.438960,walking_abha_new
1771603902.6793833,0.615112,-0.834229,-0.204102,-3.295898,20.812980,-77.819840,walking_abha_new
1771603902.696439,0.636230,-0.894165,-0.186035,1.586914,-13.916012,-78.735360,walking_abha_new
1771603902.7146947,0.613159,-0.942139,-0.153564,4.211426,-41.503900,-74.462900,walking_abha_new
1771603902.7374113,0.499268,-0.941650,-0.141602,2.563476,-50.292960,-70.800800,walking_abha_new
1771603902.7575097,0.327515,-0.796875,-0.157837,-2.502442,-33.203130,-66.467300,walking_abha_new
1771603902.7774882,0.305542,-0.695435,-0.180176,-3.356933,-17.456060,-64.880380,walking_abha_new
1771603902.7982118,0.314941,-0.618530,-0.208130,-4.821778,-17.578130,-64.025900,walking_abha_new
1771603902.8180885,0.365967,-0.580444,-0.203003,-3.234863,-13.977050,-63.537590,walking_abha_new
1771603902.8374138,0.336060,-0.574829,-0.170898,-2.319336,-22.033690,-64.575200,walking_abha_new
1771603902.8569293,0.285889,-0.592407,-0.131714,-3.540038,-24.597160,-64.636240,walking_abha_new
1771603902.9068415,0.277710,-0.639771,-0.119873,-6.408690,-21.301268,-58.654780,walking_abha_new
1771603902.9068415,0.297119,-0.709961,-0.129761,-10.070800,-16.113284,-51.818840,walking_abha_new
1771603902.922951,0.313965,-0.788696,-0.149292,-13.610836,-8.728030,-44.067380,walking_abha_new
1771603902.9374762,0.325928,-0.853882,-0.157959,-20.202630,3.723144,-26.916500,walking_abha_new
1771603902.9656827,0.375488,-0.955078,-0.155151,-22.399900,12.451170,-14.099120,walking_abha_new
1771603902.9796114,0.420776,-1.027954,-0.141357,-23.559568,17.578130,-0.671386,walking_abha_new
1771603902.9940736,0.434326,-1.022705,-0.118408,-20.751950,17.578130,12.573240,walking_abha_new
1771603903.016075,0.477661,-1.085938,-0.114502,-13.244628,12.268064,26.489250,walking_abha_new
1771603903.0382276,0.558716,-1.325806,-0.106079,-1.892090,2.136231,41.564930,walking_abha_new
1771603903.0547628,0.583496,-1.413208,-0.090088,4.638672,-2.441407,55.908200,walking_abha_new
1771603903.0784452,0.478516,-1.111206,-0.123169,7.995604,0.366211,72.509780,walking_abha_new
1771603903.0967731,0.387817,-0.791382,-0.200439,13.916012,3.906249,87.036100,walking_abha_new
1771603903.118241,0.389160,-0.661499,-0.286621,24.780270,0.610352,86.853000,walking_abha_new
1771603903.1383338,0.406738,-0.800049,-0.300171,40.893540,-20.568840,61.096180,walking_abha_new
1771603903.1543298,0.353149,-0.864502,-0.269409,42.846670,-16.540530,48.828120,walking_abha_new
1771603903.1765842,0.330688,-0.878052,-0.268311,38.146980,-14.465330,40.832510,walking_abha_new
1771603903.1939044,0.365845,-0.859619,-0.301880,32.836920,-2.807617,37.292480,walking_abha_new
1771603903.220553,0.341675,-0.793701,-0.335449,27.221676,5.249022,33.447270,walking_abha_new
1771603903.2351258,0.321777,-0.702637,-0.341553,20.263670,12.634276,30.700680,walking_abha_new
1771603903.2572746,0.345093,-0.625000,-0.332398,14.343260,19.592290,32.165540,walking_abha_new
1771603903.2773466,0.397705,-0.577148,-0.320923,12.145992,19.714360,31.188960,walking_abha_new
1771603903.2949438,0.449219,-0.598022,-0.299438,9.521484,11.169430,36.132820,walking_abha_new
1771603903.31635,0.468018,-0.628418,-0.278076,7.202148,-2.319336,38.818360,walking_abha_new
1771603903.3401194,0.456421,-0.689209,-0.276367,4.699708,0.366211,35.705570,walking_abha_new
1771603903.3543463,0.504761,-0.737183,-0.279175,1.281738,6.591796,35.705570,walking_abha_new
1771603903.37429,0.582764,-0.768677,-0.284546,0.244141,6.591796,36.254890,walking_abha_new
1771603903.3962638,0.617798,-0.776123,-0.302368,1.159668,1.647949,32.104500,walking_abha_new
1771603903.4162269,0.631958,-0.768677,-0.307861,0.793457,-4.760742,33.142100,walking_abha_new
1771603903.4370534,0.626953,-0.788696,-0.313965,1.037598,-8.850100,30.761716,walking_abha_new
1771603903.457818,0.641113,-0.887451,-0.323608,1.770019,-6.164550,20.751950,walking_abha_new
1771603903.4780705,0.678711,-0.995362,-0.327026,-2.075196,-8.117676,18.737796,walking_abha_new
1771603903.4958918,0.687866,-1.057007,-0.319092,-2.685546,-9.643556,6.896972,walking_abha_new
1771603903.5215213,0.671875,-1.339966,-0.306396,-1.892090,5.065916,-5.432128,walking_abha_new
1771603903.5480187,0.720947,-1.489014,-0.343262,-8.178714,25.512690,-8.911134,walking_abha_new
1771603903.5581603,0.678589,-1.245240,-0.352661,-12.756344,36.682140,-19.531250,walking_abha_new
1771603903.5825815,0.536011,-0.897705,-0.268799,-16.113284,45.959460,-33.020020,walking_abha_new
1771603903.5987914,0.523560,-0.703125,-0.223145,-14.892576,46.325680,-45.654280,walking_abha_new
1771603903.6176896,0.577637,-0.753052,-0.221314,-3.967285,31.860350,-63.415520,walking_abha_new
1771603903.638116,0.629028,-0.839112,-0.222656,2.868652,7.019042,-78.979500,walking_abha_new
1771603903.6520927,0.635254,-0.892212,-0.203857,6.286620,-26.184080,-83.618160,walking_abha_new
1771603903.6793458,0.602051,-0.941284,-0.180908,7.263182,-51.879880,-83.312960,walking_abha_new
1771603903.693992,0.431152,-0.963257,-0.168213,0.244141,-52.307120,-83.007800,walking_abha_new
1771603903.7188447,0.325195,-0.826660,-0.170166,-6.652830,-36.193860,-83.618160,walking_abha_new
1771603903.737269,0.306030,-0.721802,-0.173950,-9.277344,-14.465330,-83.740220,walking_abha_new
1771603903.7591019,0.332886,-0.642334,-0.182007,-10.620116,-7.324218,-84.594700,walking_abha_new
1771603903.7842693,0.378540,-0.602417,-0.190430,-9.155274,-0.488281,-84.045400,walking_abha_new
1771603903.7919874,0.376709,-0.595337,-0.165039,-8.422854,-5.432128,-82.397440,walking_abha_new
1771603903.8186593,0.368652,-0.601074,-0.128906,-8.483890,-12.573240,-80.017100,walking_abha_new
1771603903.8325608,0.353027,-0.624512,-0.105225,-9.582520,-16.296390,-73.730480,walking_abha_new
1771603903.8571656,0.347168,-0.683228,-0.104126,-11.779784,-16.357424,-63.720700,walking_abha_new
1771603903.8749864,0.347900,-0.738526,-0.117798,-15.380856,-12.084960,-53.222640,walking_abha_new
1771603903.898263,0.354736,-0.788818,-0.126709,-20.874020,2.075196,-34.423840,walking_abha_new
1771603903.9162526,0.387085,-0.830200,-0.128662,-22.583000,11.291500,-19.531250,walking_abha_new
1771603903.9399264,0.443237,-0.900391,-0.130615,-22.521970,16.174320,-4.150392,walking_abha_new
1771603903.9580765,0.475342,-0.938110,-0.115479,-20.263670,14.587400,9.826660,walking_abha_new
1771603903.9736648,0.491455,-0.949341,-0.118896,-16.235352,9.643556,22.460930,walking_abha_new
1771603903.9926674,0.520996,-1.011963,-0.126221,-10.681150,4.394532,37.963880,walking_abha_new
1771603904.0172498,0.573242,-1.221802,-0.104004,-4.455568,-2.197266,57.189930,walking_abha_new
1771603904.0347848,0.597534,-1.286744,-0.083374,-1.586914,1.220704,75.622560,walking_abha_new
1771603904.0591605,0.507568,-1.041870,-0.115234,-0.488281,11.840818,90.270980,walking_abha_new
1771603904.0777864,0.383301,-0.755249,-0.249390,6.164550,24.230950,102.539040,walking_abha_new
1771603904.0903454,0.461670,-0.654053,-0.326538,20.812980,16.296390,91.369600,walking_abha_new
1771603904.1171856,0.525146,-0.786499,-0.327393,31.860350,-3.601074,73.059100,walking_abha_new
1771603904.138886,0.480103,-0.849854,-0.299927,36.254890,-15.258788,59.509270,walking_abha_new
1771603904.1593292,0.471436,-0.874024,-0.296875,35.217290,-17.883300,51.574700,walking_abha_new
1771603904.1771612,0.491943,-0.850708,-0.315674,33.447270,-19.042970,44.677720,walking_abha_new
1771603904.2139597,0.406860,-0.786377,-0.341309,27.160640,-22.277830,36.499030,walking_abha_new
1771603904.2156074,0.292725,-0.717774,-0.341553,19.287110,-6.408690,29.846190,walking_abha_new
1771603904.2422118,0.293091,-0.672730,-0.330322,9.155274,23.620600,26.916500,walking_abha_new
1771603904.2572768,0.378418,-0.635254,-0.303467,2.014160,42.053220,31.738280,walking_abha_new
1771603904.2785282,0.505737,-0.627564,-0.269165,-0.549316,33.203130,31.799310,walking_abha_new
1771603904.2980309,0.529419,-0.630371,-0.263794,-0.183105,14.709470,31.860350,walking_abha_new
1771603904.3179727,0.528076,-0.650879,-0.263184,1.403808,0.122070,31.982420,walking_abha_new
1771603904.3369272,0.518799,-0.689697,-0.273438,0.732422,-3.234863,34.240730,walking_abha_new
1771603904.3538315,0.541504,-0.711792,-0.285522,-1.953124,0.305176,36.438000,walking_abha_new
1771603904.3759406,0.582276,-0.715454,-0.281616,-2.319336,0.244141,35.034180,walking_abha_new
1771603904.3979104,0.586914,-0.727905,-0.284912,-2.685546,-1.159668,33.203130,walking_abha_new
1771603904.4168203,0.608276,-0.812134,-0.295898,-3.417968,0.793457,35.339360,walking_abha_new
1771603904.4368613,0.663208,-0.927368,-0.317017,-7.568358,3.051757,34.057620,walking_abha_new
1771603904.4570732,0.686279,-1.080688,-0.309570,-8.483890,5.249022,25.634760,walking_abha_new
1771603904.476192,0.709717,-1.292480,-0.304321,-6.896972,13.427732,14.099120,walking_abha_new
1771603904.497574,0.796997,-1.519654,-0.327515,-9.094240,23.254390,9.765626,walking_abha_new
1771603904.5134938,0.744263,-1.413940,-0.339478,-13.000484,34.118660,1.647949,walking_abha_new
1771603904.533958,0.595825,-1.056641,-0.285156,-17.700200,50.170890,-13.305660,walking_abha_new
1771603904.5545163,0.479492,-0.702026,-0.231079,-21.301268,62.866200,-30.761716,walking_abha_new
1771603904.5802927,0.541382,-0.615356,-0.221558,-9.643556,54.138180,-49.621580,walking_abha_new
1771603904.5962536,0.641724,-0.741333,-0.231812,3.967285,27.770990,-71.105960,walking_abha_new
1771603904.6178641,0.636719,-0.835327,-0.229248,10.314940,-6.835936,-81.787100,walking_abha_new
1771603904.6451094,0.627930,-0.885376,-0.198120,10.070800,-37.170420,-80.017100,walking_abha_new
1771603904.666105,0.482300,-0.900269,-0.171875,4.150392,-50.354000,-73.425300,walking_abha_new
1771603904.6742897,0.361084,-0.843750,-0.170654,-3.173828,-38.085940,-69.335940,walking_abha_new
1771603904.6952193,0.325073,-0.749634,-0.184937,-9.643556,-20.324700,-67.382820,walking_abha_new
1771603904.718372,0.345703,-0.675293,-0.208984,-11.230468,-8.789064,-64.331060,walking_abha_new
1771603904.7364337,0.395874,-0.622192,-0.204468,-10.070800,-3.479003,-63.110340,walking_abha_new
1771603904.7589707,0.395630,-0.600464,-0.190308,-9.948730,-8.911134,-60.241690,walking_abha_new
1771603904.778912,0.359741,-0.591309,-0.159302,-10.498044,-15.136716,-57.861320,walking_abha_new
1771603904.7976675,0.339356,-0.612671,-0.132568,-13.061520,-16.601568,-52.917470,walking_abha_new
1771603904.8187935,0.327148,-0.644654,-0.125366,-15.686032,-14.099120,-47.790520,walking_abha_new
1771603904.8396666,0.321899,-0.743042,-0.133545,-20.202630,2.136231,-39.550780,walking_abha_new
1771603904.8641593,0.351440,-0.784790,-0.135376,-24.414060,10.559080,-29.724120,walking_abha_new
1771603904.8748243,0.383301,-0.808106,-0.135498,-26.306150,17.028810,-19.409180,walking_abha_new
1771603904.895289,0.422485,-0.874268,-0.135376,-25.085448,21.179192,-8.911134,walking_abha_new
1771603904.917169,0.471924,-0.966309,-0.124634,-23.315424,20.874020,2.563476,walking_abha_new
1771603904.936812,0.493896,-0.993774,-0.113037,-19.470220,14.526364,14.770504,walking_abha_new
1771603904.9514582,0.509155,-1.006348,-0.121094,-13.793944,5.554198,26.855464,walking_abha_new
1771603904.978495,0.538696,-1.120118,-0.140991,-6.225584,-7.141112,41.564930,walking_abha_new
1771603904.9929955,0.568237,-1.286499,-0.111328,-0.427246,-15.136716,56.945790,walking_abha_new
1771603905.013344,0.510010,-1.202515,-0.100586,-0.854492,-6.591796,72.265640,walking_abha_new
1771603905.034209,0.400513,-0.796997,-0.168335,-0.427246,15.624996,92.102040,walking_abha_new
1771603905.058272,0.425781,-0.667236,-0.255859,8.850100,19.592290,92.468240,walking_abha_new
1771603905.0809023,0.476440,-0.719971,-0.296631,23.132320,6.835936,76.110840,walking_abha_new
1771603905.0964653,0.485840,-0.824829,-0.282837,31.433100,-3.417968,61.096180,walking_abha_new
1771603905.1165428,0.463257,-0.880615,-0.285278,33.203130,-10.192870,52.246080,walking_abha_new
1771603905.1379993,0.530884,-0.886353,-0.306396,33.447270,-11.901852,46.081540,walking_abha_new
1771603905.152615,0.506470,-0.816895,-0.341919,31.738280,-25.512690,39.550780,walking_abha_new
1771603905.1791925,0.404419,-0.739624,-0.353516,27.770990,-28.930660,33.264160,walking_abha_new
1771603905.1965532,0.314697,-0.662110,-0.352051,19.775390,-14.038084,31.433100,walking_abha_new
1771603905.2149816,0.315430,-0.619263,-0.333252,4.211426,20.874020,31.921380,walking_abha_new
1771603905.2355018,0.387940,-0.590332,-0.289307,0.000000,30.517570,25.939940,walking_abha_new
1771603905.2564163,0.480957,-0.637573,-0.261230,-3.234863,24.963376,29.602044,walking_abha_new
1771603905.2771454,0.468140,-0.645996,-0.264282,-7.385252,18.005376,35.461430,walking_abha_new
1771603905.305473,0.511963,-0.673218,-0.266358,-6.591796,12.695310,30.761716,walking_abha_new
1771603905.3185756,0.569092,-0.735962,-0.271729,-5.371092,6.225584,30.883784,walking_abha_new
1771603905.3329065,0.586426,-0.775269,-0.278687,-4.577638,4.211426,28.564450,walking_abha_new
1771603905.3609068,0.610718,-0.753784,-0.277344,-4.943848,1.098633,28.686520,walking_abha_new
1771603905.3743804,0.623535,-0.726196,-0.285889,-2.990722,-3.967285,27.648920,walking_abha_new
1771603905.415812,0.654419,-0.793213,-0.303223,-0.366211,-8.239746,21.545408,walking_abha_new
1771603905.422239,0.677856,-0.919800,-0.306274,1.281738,-10.986324,9.521484,walking_abha_new
1771603905.4396799,0.662842,-1.015625,-0.283081,-2.746581,-4.943848,7.263182,walking_abha_new
1771603905.4582174,0.744629,-1.218994,-0.292480,-1.037598,-2.685546,1.831054,walking_abha_new
1771603905.47887,0.793335,-1.428589,-0.314697,-2.685546,3.601074,-1.281738,walking_abha_new
1771603905.4932034,0.712280,-1.301026,-0.315674,-10.009768,14.648436,-12.512204,walking_abha_new
1771603905.5203786,0.563599,-0.978516,-0.239380,-13.854978,33.630380,-29.113768,walking_abha_new
1771603905.534771,0.514648,-0.788452,-0.193604,-14.282224,49.194320,-44.860830,walking_abha_new
1771603905.5575469,0.629639,-0.796875,-0.207642,-4.577638,39.245610,-60.424800,walking_abha_new
1771603905.5755057,0.684814,-0.848877,-0.215576,6.286620,9.582520,-76.049820,walking_abha_new
1771603905.5989754,0.640259,-0.924805,-0.170166,13.000484,-38.391120,-83.251940,walking_abha_new
1771603905.617996,0.590698,-0.954834,-0.155151,14.892576,-55.603020,-83.862300,walking_abha_new
1771603905.6384046,0.482910,-0.947754,-0.161743,11.169430,-59.265120,-86.242660,walking_abha_new
1771603905.6573281,0.362549,-0.858032,-0.162964,6.591796,-46.874990,-84.838860,walking_abha_new
1771603905.6731975,0.297485,-0.753296,-0.176025,1.892090,-28.442380,-82.397440,walking_abha_new
1771603905.6958742,0.315674,-0.664185,-0.203735,-1.525878,-12.878416,-80.017100,walking_abha_new
1771603905.7167602,0.345825,-0.600342,-0.209717,-2.624511,-9.094240,-78.552260,walking_abha_new
1771603905.7354484,0.333252,-0.572022,-0.184692,-3.356933,-13.793944,-78.125000,walking_abha_new
1771603905.7564647,0.314941,-0.583130,-0.142456,-4.760742,-16.174320,-76.660160,walking_abha_new
1771603905.7788284,0.294678,-0.630371,-0.128906,-7.019042,-13.854978,-71.838400,walking_abha_new
1771603905.827431,0.305176,-0.708008,-0.134644,-13.061520,-5.859374,-61.462400,walking_abha_new
1771603905.827431,0.310669,-0.760498,-0.140381,-16.113284,0.915527,-52.612300,walking_abha_new
1771603905.827431,0.331177,-0.802856,-0.133301,-20.141600,9.948730,-40.649400,walking_abha_new
1771603905.8573596,0.374268,-0.863526,-0.127075,-20.935052,18.127448,-26.794430,walking_abha_new
1771603905.8890076,0.426514,-0.942017,-0.123169,-20.202630,22.216790,-11.962890,walking_abha_new
1771603905.8997002,0.460205,-0.962524,-0.115967,-16.601568,19.775390,4.455568,walking_abha_new
1771603905.916535,0.490356,-0.977661,-0.117798,-10.437010,11.291500,21.362300,walking_abha_new
1771603905.9367874,0.552612,-1.134034,-0.107056,-0.488281,-2.197266,41.931140,walking_abha_new
1771603905.9517162,0.634888,-1.355713,-0.082275,7.690428,-14.587400,63.354480,walking_abha_new
1771603905.9735377,0.550781,-1.181763,-0.116333,11.535644,-14.648436,93.078600,walking_abha_new
1771603906.0228534,0.460327,-0.824951,-0.192749,14.160152,-8.544924,106.628400,walking_abha_new
1771603906.0228534,0.404053,-0.634400,-0.275146,20.690910,-8.239746,108.825660,walking_abha_new
1771603906.0380697,0.394775,-0.664185,-0.294800,31.005852,-15.441892,92.712380,walking_abha_new
1771603906.0550835,0.401123,-0.811890,-0.256836,36.499030,-21.484370,72.998060,walking_abha_new
1771603906.0759254,0.374512,-0.891480,-0.236694,35.400400,-15.502928,59.143060,walking_abha_new
1771603906.0970588,0.421021,-0.907227,-0.259888,31.066890,0.793457,52.856440,walking_abha_new
1771603906.119025,0.418823,-0.861938,-0.315430,26.123040,4.028321,49.255360,walking_abha_new
1771603906.1458144,0.377319,-0.788330,-0.335205,20.080560,6.103514,42.175280,walking_abha_new
1771603906.1589298,0.349609,-0.731690,-0.337036,14.587400,18.371584,42.480460,walking_abha_new
1771603906.1744368,0.429077,-0.644654,-0.332764,2.502442,32.653820,50.476060,walking_abha_new
1771603906.1949527,0.504395,-0.611206,-0.305054,3.051757,21.606440,46.264640,walking_abha_new
1771603906.216024,0.527100,-0.633789,-0.274292,3.479003,4.211426,45.288080,walking_abha_new
1771603906.2359867,0.479492,-0.657227,-0.279175,1.281738,-2.197266,45.166000,walking_abha_new
1771603906.2575128,0.504028,-0.699585,-0.290039,-1.342773,1.953124,42.724600,walking_abha_new
1771603906.2775211,0.558228,-0.744263,-0.301636,-3.417968,6.530760,41.748040,walking_abha_new
1771603906.2986376,0.612183,-0.777222,-0.299316,-4.272462,7.507323,38.330080,walking_abha_new
1771603906.3122303,0.634400,-0.760010,-0.290772,-6.225584,3.845214,37.353520,walking_abha_new
1771603906.3377101,0.626221,-0.744507,-0.298340,-6.591796,-0.122070,35.766600,walking_abha_new
1771603906.3561924,0.654419,-0.824463,-0.328735,-5.554198,-0.488281,22.155760,walking_abha_new
1771603906.3767703,0.676026,-0.928467,-0.321777,-7.141112,-0.305176,17.395020,walking_abha_new
1771603906.3971846,0.675415,-1.044068,-0.291260,-8.605960,2.380371,9.826660,walking_abha_new
1771603906.416326,0.756470,-1.311768,-0.289185,-6.347656,2.624511,-1.037598,walking_abha_new
1771603906.4316366,0.826782,-1.563965,-0.308838,-7.934570,6.774902,-4.333496,walking_abha_new
1771603906.4611611,0.739746,-1.437744,-0.317993,-13.244628,17.456060,-15.441892,walking_abha_new
1771603906.4788835,0.603150,-1.076416,-0.243652,-17.761230,34.423840,-31.249992,walking_abha_new
1771603906.4926486,0.529663,-0.755737,-0.191772,-17.883300,42.358390,-43.823240,walking_abha_new
1771603906.5130765,0.541870,-0.689575,-0.197266,-4.638672,33.996590,-64.880380,walking_abha_new
1771603906.5374405,0.608643,-0.759155,-0.208984,7.507323,13.732908,-86.547840,walking_abha_new
1771603906.558236,0.621826,-0.824951,-0.197144,13.488768,-32.958990,-94.055160,walking_abha_new
1771603906.577542,0.575806,-0.856445,-0.171875,12.878416,-54.321280,-91.369600,walking_abha_new
1771603906.5988576,0.458862,-0.856690,-0.155029,6.652830,-55.725090,-88.439920,walking_abha_new
1771603906.6174965,0.338257,-0.782715,-0.153564,-2.319336,-44.189440,-84.106440,walking_abha_new
1771603906.6380177,0.308594,-0.689575,-0.171387,-4.760742,-27.160640,-81.054660,walking_abha_new
1771603906.658605,0.366089,-0.637940,-0.185669,-4.638672,-17.944340,-81.237760,walking_abha_new
1771603906.6763954,0.394531,-0.631958,-0.173462,-3.662109,-18.127448,-80.932600,walking_abha_new
1771603906.6984732,0.376831,-0.646606,-0.147705,-4.760742,-19.775390,-77.636740,walking_abha_new
1771603906.7224362,0.368042,-0.662232,-0.121704,-6.408690,-19.470220,-74.340840,walking_abha_new
1771603906.7370121,0.362549,-0.688965,-0.092529,-10.070800,-17.028810,-64.147960,walking_abha_new
1771603906.758329,0.371338,-0.765015,-0.107788,-11.901852,-12.573240,-55.297840,walking_abha_new
1771603906.7777507,0.390869,-0.821900,-0.133789,-14.892576,-9.704590,-46.630850,walking_abha_new
1771603906.7976005,0.383057,-0.842896,-0.145264,-15.563964,-3.295898,-41.870110,walking_abha_new
1771603906.819195,0.365845,-0.871826,-0.136841,-17.089850,8.239746,-33.508300,walking_abha_new
1771603906.840212,0.406250,-0.903931,-0.142212,-18.188480,18.127448,-21.484370,walking_abha_new
1771603906.8608882,0.455200,-0.923096,-0.138062,-15.136716,18.066410,-10.009768,walking_abha_new
1771603906.8944876,0.454590,-0.925659,-0.130127,-8.911134,12.084960,2.380371,walking_abha_new
1771603906.8944876,0.491089,-1.038818,-0.122681,0.549316,0.976562,20.568840,walking_abha_new
1771603906.9165637,0.593506,-1.271484,-0.105713,9.765626,-10.620116,42.297360,walking_abha_new
1771603906.9376895,0.529907,-1.162110,-0.122437,15.624996,-17.150880,78.247080,walking_abha_new
1771603906.957781,0.412476,-0.834961,-0.204834,17.944340,-13.366696,96.557600,walking_abha_new
1771603906.9779541,0.362549,-0.640991,-0.290527,23.315424,-11.596676,103.637680,walking_abha_new
1771603906.9937248,0.379395,-0.697754,-0.323486,34.301760,-16.784670,92.041000,walking_abha_new
1771603907.016552,0.399414,-0.853882,-0.288818,39.367680,-24.963376,73.852540,walking_abha_new
1771603907.0347555,0.369995,-0.886963,-0.264648,39.672860,-24.902340,61.340320,walking_abha_new
1771603907.0549202,0.387817,-0.899170,-0.279419,36.438000,-9.094240,56.579580,walking_abha_new
1771603907.0780444,0.385498,-0.888916,-0.324341,30.578610,-9.399414,52.917470,walking_abha_new
1771603907.0977216,0.327637,-0.813477,-0.338013,22.399900,-3.967285,45.837400,walking_abha_new
1771603907.1173842,0.295532,-0.720703,-0.325806,8.300784,25.146480,50.109860,walking_abha_new
1771603907.1375597,0.373779,-0.636475,-0.330933,1.403808,38.696300,50.964340,walking_abha_new
1771603907.1569598,0.475342,-0.605347,-0.320068,3.906249,28.808590,43.212880,walking_abha_new
1771603907.1729233,0.496460,-0.641113,-0.294434,5.249022,9.887696,39.978040,walking_abha_new
1771603907.1944337,0.459595,-0.662720,-0.290161,4.089356,2.197266,34.851080,walking_abha_new
1771603907.216175,0.449097,-0.709473,-0.291260,0.427246,9.277344,36.193860,walking_abha_new
1771603907.2352655,0.489624,-0.723267,-0.293823,-6.591796,20.996090,40.283200,walking_abha_new
1771603907.2586071,0.577637,-0.712158,-0.292847,-7.751464,20.080560,35.949720,walking_abha_new
1771603907.2779834,0.596436,-0.706787,-0.285767,-6.225584,11.291500,32.226570,walking_abha_new
1771603907.298073,0.593628,-0.717774,-0.290039,-5.554198,4.943848,31.005852,walking_abha_new
1771603907.318149,0.635620,-0.810913,-0.313843,-7.507323,5.126952,24.902340,walking_abha_new
1771603907.3376887,0.663208,-0.894043,-0.303223,-9.216310,1.953124,25.756830,walking_abha_new
1771603907.353665,0.655640,-0.972290,-0.288208,-9.704590,5.249022,17.272950,walking_abha_new
1771603907.3796089,0.720337,-1.166992,-0.272339,-7.324218,8.361816,13.000484,walking_abha_new
1771603907.397943,0.827271,-1.453980,-0.317017,-6.408690,7.568358,15.441892,walking_abha_new
1771603907.4151762,0.810791,-1.446045,-0.357666,-9.155274,9.460450,3.723144,walking_abha_new
1771603907.4371164,0.631714,-1.105957,-0.289795,-11.535644,21.850580,-11.413570,walking_abha_new
1771603907.4587936,0.530152,-0.850586,-0.197022,-18.005376,41.992180,-23.193352,walking_abha_new
1771603907.4880383,0.614624,-0.788086,-0.218628,-10.864256,39.611820,-43.212880,walking_abha_new
1771603907.502634,0.686646,-0.871216,-0.229004,5.554198,1.403808,-75.805680,walking_abha_new
1771603907.517748,0.667236,-0.917847,-0.206787,8.544924,-28.991692,-81.848140,walking_abha_new
1771603907.5362597,0.607544,-0.942261,-0.192017,9.826660,-47.851560,-84.838860,walking_abha_new
1771603907.5582151,0.479980,-0.921143,-0.190186,6.408690,-47.180160,-90.026840,walking_abha_new
1771603907.575778,0.358154,-0.815674,-0.184692,-1.220704,-35.522460,-91.552720,walking_abha_new
1771603907.5959258,0.311768,-0.699829,-0.198242,-3.234863,-14.038084,-91.308560,walking_abha_new
1771603907.617791,0.338257,-0.613159,-0.217407,-4.943848,-11.962890,-90.087860,walking_abha_new
1771603907.6381466,0.364624,-0.553467,-0.214111,-4.150392,-12.084960,-88.500960,walking_abha_new
1771603907.6523798,0.336426,-0.534668,-0.186035,-4.516602,-19.775390,-86.181620,walking_abha_new
1771603907.6777127,0.292847,-0.547119,-0.150635,-6.958006,-21.118160,-81.909160,walking_abha_new
1771603907.6981432,0.314453,-0.644287,-0.122314,-13.000484,-18.554690,-69.030760,walking_abha_new
1771603907.715015,0.313965,-0.711914,-0.112793,-17.150880,-14.709470,-58.532700,walking_abha_new
1771603907.735799,0.310303,-0.771729,-0.108032,-21.911620,-8.239746,-45.288080,walking_abha_new
1771603907.756455,0.329468,-0.809448,-0.106934,-25.878900,1.647949,-31.494136,walking_abha_new
1771603907.7768471,0.351440,-0.864380,-0.110107,-26.733390,11.718748,-19.348150,walking_abha_new
1771603907.790608,0.400024,-0.942383,-0.102417,-25.695796,19.348150,-6.652830,walking_abha_new
1771603907.8129063,0.442139,-0.985962,-0.085938,-22.155760,19.287110,6.103514,walking_abha_new
1771603907.8389192,0.469849,-1.009278,-0.086548,-14.892576,13.793944,16.662600,walking_abha_new
1771603907.858772,0.488281,-1.073853,-0.125610,-8.911134,4.943848,29.174800,walking_abha_new
1771603907.8759437,0.521729,-1.366578,-0.070557,2.075196,-6.774902,50.720200,walking_abha_new
1771603907.89729,0.440552,-1.314942,-0.051514,2.075196,4.394532,67.077640,walking_abha_new
1771603907.917511,0.375122,-0.989380,-0.134644,2.075196,21.728510,82.885720,walking_abha_new
1771603907.937455,0.395142,-0.749634,-0.232056,9.216310,26.367180,92.102040,walking_abha_new
1771603907.9515166,0.435181,-0.676026,-0.282471,24.597160,14.038084,88.195780,walking_abha_new
1771603907.9773595,0.428955,-0.753418,-0.283447,38.574220,-6.286620,75.378440,walking_abha_new
1771603907.9993064,0.408936,-0.858765,-0.279541,46.386710,-15.930172,61.157220,walking_abha_new
1771603908.0130937,0.490234,-0.933838,-0.281982,50.231920,-10.742184,54.260240,walking_abha_new
1771603908.0358686,0.559082,-0.929932,-0.312622,49.011220,-31.860350,53.466780,walking_abha_new
1771603908.0552063,0.528564,-0.839844,-0.348511,46.325680,-52.551260,50.598140,walking_abha_new
1771603908.0780103,0.313110,-0.684204,-0.355713,37.597660,-42.358390,45.898430,walking_abha_new
1771603908.0975919,0.289673,-0.624390,-0.354736,26.428220,-9.521484,44.921860,walking_abha_new
1771603908.1174967,0.340332,-0.592529,-0.336792,18.615724,16.113284,38.574220,walking_abha_new
1771603908.1382983,0.450684,-0.630737,-0.295776,13.793944,22.338860,36.438000,walking_abha_new
1771603908.1557367,0.511108,-0.639648,-0.290772,7.385252,17.700200,39.733900,walking_abha_new
1771603908.1736562,0.549316,-0.646240,-0.301514,6.469726,7.568358,36.621100,walking_abha_new
1771603908.1953168,0.565552,-0.688477,-0.300293,4.821778,2.807617,39.611820,walking_abha_new
1771603908.2179906,0.583740,-0.716675,-0.310059,2.990722,1.770019,39.611820,walking_abha_new
1771603908.2356858,0.613526,-0.756348,-0.321899,3.234863,-1.647949,34.057620,walking_abha_new
1771603908.2603781,0.636230,-0.789429,-0.331055,-0.671386,-6.103514,32.226570,walking_abha_new
1771603908.2773197,0.655152,-0.860474,-0.343506,-3.173828,-6.225584,25.329584,walking_abha_new
1771603908.2973754,0.666382,-0.949585,-0.339722,-4.516602,-2.685546,14.465330,walking_abha_new
1771603908.317512,0.664551,-1.051758,-0.319946,-10.742184,4.821778,13.000484,walking_abha_new
1771603908.33901,0.713013,-1.189942,-0.317871,-9.338380,7.690428,-1.708984,walking_abha_new
1771603908.3583136,0.806152,-1.452026,-0.331055,-7.202148,7.934570,-7.934570,walking_abha_new
1771603908.374439,0.754395,-1.465820,-0.341919,-13.244628,18.493652,-15.686032,walking_abha_new
1771603908.3953404,0.665650,-1.114014,-0.295044,-16.235352,26.184080,-31.860350,walking_abha_new
1771603908.4223158,0.518677,-0.818237,-0.214844,-17.639160,38.513190,-50.476060,walking_abha_new
1771603908.4376552,0.510620,-0.726440,-0.187744,-13.488768,41.748040,-63.781730,walking_abha_new
1771603908.4576256,0.636963,-0.813843,-0.205078,-0.732422,12.939450,-85.266100,walking_abha_new
1771603908.4787223,0.644654,-0.881836,-0.186401,2.746581,-16.845708,-91.064440,walking_abha_new
1771603908.498836,0.622314,-0.930908,-0.141480,3.784179,-41.809080,-90.576160,walking_abha_new
1771603908.5187557,0.530274,-0.958130,-0.124146,1.892090,-48.706040,-89.172340,walking_abha_new
1771603908.5374153,0.423828,-0.925904,-0.124756,-6.103514,-41.687000,-87.402320,walking_abha_new
1771603908.5552118,0.364136,-0.812134,-0.140015,-8.911134,-21.423332,-85.327140,walking_abha_new
1771603908.5755916,0.374268,-0.703858,-0.165161,-8.483890,-15.624996,-87.524400,walking_abha_new
1771603908.596852,0.410278,-0.649902,-0.179688,-4.882814,-8.605960,-89.904760,walking_abha_new
1771603908.6179607,0.403198,-0.637573,-0.166626,-3.540038,-13.000484,-88.073700,walking_abha_new
1771603908.6382666,0.361450,-0.594971,-0.128418,-1.403808,-26.184080,-85.327140,walking_abha_new
1771603908.6585157,0.326904,-0.653198,-0.116211,-6.530760,-21.423332,-82.519500,walking_abha_new
1771603908.6783662,0.310303,-0.708252,-0.115601,-10.375976,-14.953610,-77.819840,walking_abha_new
1771603908.6944656,0.324219,-0.750122,-0.121704,-13.671872,-7.324218,-73.120140,walking_abha_new
1771603908.7159324,0.335083,-0.786499,-0.123657,-16.357424,0.244141,-64.575200,walking_abha_new
1771603908.7355661,0.339844,-0.813965,-0.128784,-18.554690,8.239746,-52.185050,walking_abha_new
1771603908.7581282,0.369507,-0.856201,-0.134399,-18.920900,15.624996,-37.109380,walking_abha_new
1771603908.7772744,0.424561,-0.903076,-0.126709,-18.127448,18.432620,-19.226080,walking_abha_new
1771603908.7982326,0.443848,-0.914917,-0.119873,-14.770504,15.014646,-1.403808,walking_abha_new
1771603908.818183,0.458130,-0.932007,-0.119629,-11.230468,9.277344,17.150880,walking_abha_new
1771603908.842697,0.545654,-1.179932,-0.106812,0.732422,-5.981444,50.354000,walking_abha_new
1771603908.8532846,0.553711,-1.230713,-0.083496,3.784179,-5.737304,74.035660,walking_abha_new
1771603908.8752468,0.449707,-0.999756,-0.121460,4.455568,4.150392,94.665500,walking_abha_new
1771603908.8952236,0.382324,-0.762695,-0.195801,7.873534,13.305660,110.107400,walking_abha_new
1771603908.9178174,0.409668,-0.693604,-0.268433,17.272950,14.221190,115.844700,walking_abha_new
1771603908.9379327,0.494507,-0.796875,-0.303223,27.526850,3.601074,107.299800,walking_abha_new
1771603908.958356,0.499024,-0.889771,-0.306763,35.888680,-12.329100,94.299300,walking_abha_new
1771603908.972597,0.481934,-0.927734,-0.301025,38.879400,-14.160152,85.327140,walking_abha_new
1771603908.9960673,0.505615,-0.909424,-0.314819,38.635260,-21.301268,80.017100,walking_abha_new
1771603909.016721,0.425049,-0.821289,-0.341919,32.165540,-31.311030,66.650400,walking_abha_new
1771603909.0372148,0.284424,-0.734497,-0.327393,24.963376,-13.427732,57.617180,walking_abha_new
1771603909.0543332,0.274170,-0.694336,-0.308960,12.939450,19.226080,54.687490,walking_abha_new
1771603909.0787637,0.378784,-0.655152,-0.299194,3.906249,40.832510,52.551260,walking_abha_new
1771603909.132549,0.485596,-0.648926,-0.285767,2.441407,38.940440,49.255360,walking_abha_new
1771603909.132549,0.513062,-0.665161,-0.278687,0.488281,28.076170,47.668440,walking_abha_new
1771603909.1463323,0.551392,-0.693115,-0.282593,-0.183105,15.869140,47.729480,walking_abha_new
1771603909.1582618,0.560913,-0.723511,-0.291382,-2.014160,9.643556,51.391590,walking_abha_new
1771603909.1749704,0.582642,-0.743774,-0.299072,-3.112792,8.850100,51.513660,walking_abha_new
1771603909.1938388,0.612305,-0.760620,-0.299805,-4.150392,8.117676,50.170890,walking_abha_new
1771603909.2180803,0.607788,-0.749512,-0.302368,-5.676268,7.385252,47.668440,walking_abha_new
1771603909.235714,0.655518,-0.817383,-0.328003,-6.896972,6.225584,45.593250,walking_abha_new
1771603909.258101,0.692627,-0.910034,-0.338501,-8.117676,3.356933,43.029780,walking_abha_new
1771603909.2775729,0.665161,-0.972290,-0.317505,-12.084960,5.004884,39.306640,walking_abha_new
1771603909.2977948,0.669312,-1.123047,-0.295898,-12.329100,13.732908,26.733390,walking_abha_new
1771603909.3186555,0.744995,-1.409546,-0.312866,-13.732908,22.155760,21.423332,walking_abha_new
1771603909.336726,0.708862,-1.457032,-0.323730,-19.714360,40.527340,11.291500,walking_abha_new
1771603909.3570938,0.617798,-1.147095,-0.288940,-23.803708,59.509270,-9.826660,walking_abha_new
1771603909.381425,0.506592,-0.804321,-0.221069,-25.024410,70.800800,-27.099608,walking_abha_new
1771603909.3983357,0.565186,-0.704102,-0.228516,-7.202148,50.292960,-55.603020,walking_abha_new
1771603909.415918,0.613770,-0.842285,-0.242676,1.159668,17.028810,-71.411140,walking_abha_new
1771603909.4381876,0.653320,-0.921631,-0.207275,4.272462,-22.949216,-75.866700,walking_abha_new
1771603909.4576495,0.584473,-0.993896,-0.152588,3.784179,-49.926750,-73.547360,walking_abha_new
1771603909.4778829,0.444580,-1.031738,-0.134033,-1.403808,-50.659170,-72.631840,walking_abha_new
1771603909.497201,0.328247,-0.948608,-0.141846,-6.835936,-32.226570,-73.791520,walking_abha_new
1771603909.518105,0.300903,-0.816650,-0.171753,-10.986324,-13.366696,-76.782240,walking_abha_new
1771603909.5340571,0.330444,-0.732788,-0.201172,-8.361816,-1.464844,-78.002940,walking_abha_new
1771603909.5590112,0.375366,-0.686157,-0.189209,-4.943848,-8.728030,-80.505360,walking_abha_new
1771603909.5761456,0.361694,-0.671387,-0.163940,-3.234863,-15.258788,-79.895040,walking_abha_new
1771603909.5966415,0.309204,-0.650391,-0.123291,0.061035,-19.958500,-85.693340,walking_abha_new
1771603909.6171682,0.299927,-0.682984,-0.119019,-0.610352,-15.319820,-86.242660,walking_abha_new
1771603909.6374764,0.316895,-0.733276,-0.124878,-1.953124,-11.169430,-83.740220,walking_abha_new
1771603909.6558142,0.342041,-0.788818,-0.132324,-5.493162,-6.591796,-77.148440,walking_abha_new
1771603909.678656,0.342529,-0.811402,-0.135376,-9.338380,-0.610352,-67.688000,walking_abha_new
1771603909.700576,0.342896,-0.809570,-0.129028,-12.023924,7.568358,-57.067860,walking_abha_new
1771603909.720922,0.373657,-0.835938,-0.129395,-12.268064,15.624996,-45.959460,walking_abha_new
1771603909.7294838,0.434692,-0.903564,-0.122559,-10.070800,17.700200,-33.081060,walking_abha_new
1771603909.756351,0.474976,-0.941772,-0.118286,-5.737304,11.230468,-17.456060,walking_abha_new
1771603909.7708964,0.529175,-0.946289,-0.132568,1.281738,-5.126952,12.512204,walking_abha_new
1771603909.7978787,0.570190,-1.122559,-0.132568,10.253904,-20.629880,36.132820,walking_abha_new
1771603909.8181288,0.567261,-1.233276,-0.099243,13.671872,-25.329584,58.288560,walking_abha_new
1771603909.8356276,0.471436,-1.091186,-0.100342,14.465330,-16.906740,76.293960,walking_abha_new
1771603909.8570018,0.408691,-0.850342,-0.137939,17.028810,-3.173828,87.280260,walking_abha_new
1771603909.8747666,0.361816,-0.722412,-0.212524,23.925780,2.868652,91.247540,walking_abha_new
1771603909.896796,0.395874,-0.760376,-0.255859,33.752440,0.366211,80.017100,walking_abha_new
1771603909.9158275,0.423706,-0.862427,-0.239014,43.029780,-11.230468,64.086940,walking_abha_new
1771603909.9367301,0.406616,-0.926636,-0.228516,46.874990,-10.864256,51.269520,walking_abha_new
1771603909.9576216,0.481567,-0.929077,-0.244873,46.386710,-12.329100,52.185050,walking_abha_new
1771603909.9727018,0.448853,-0.803589,-0.340820,47.973620,-36.193860,34.851080,walking_abha_new
1771603909.9973745,0.354614,-0.787964,-0.328125,43.457020,-36.010750,36.621100,walking_abha_new
1771603910.0181937,0.222290,-0.707276,-0.314697,29.113768,-7.080076,39.855960,walking_abha_new
1771603910.0380344,0.285767,-0.648316,-0.301758,17.700200,19.653320,39.001470,walking_abha_new
1771603910.0580044,0.386719,-0.632080,-0.273682,12.207030,26.245110,37.841800,walking_abha_new
1771603910.0777774,0.464233,-0.640503,-0.258789,8.422854,17.089850,35.400400,walking_abha_new
1771603910.098986,0.487061,-0.667114,-0.265015,6.164550,4.089356,37.658700,walking_abha_new
1771603910.1170158,0.463623,-0.715454,-0.270142,1.953124,2.502442,43.212880,walking_abha_new
1771603910.137445,0.506836,-0.759522,-0.284180,-2.807617,8.544924,46.203600,walking_abha_new
1771603910.160279,0.577637,-0.780762,-0.310791,-6.225584,14.343260,46.081540,walking_abha_new
1771603910.1734297,0.616211,-0.755615,-0.317749,-6.835936,11.535644,43.518060,walking_abha_new
1771603910.2006214,0.642456,-0.780518,-0.331665,-5.981444,4.150392,40.954580,walking_abha_new
1771603910.214579,0.665283,-0.859619,-0.352173,-5.065916,-3.112792,34.545900,walking_abha_new
1771603910.2358294,0.681030,-0.962402,-0.352661,-6.225584,-9.155274,26.489250,walking_abha_new
1771603910.2561636,0.683594,-1.113892,-0.323730,-9.765626,-9.033204,28.991692,walking_abha_new
1771603910.2764492,0.676758,-1.269043,-0.320801,-12.268064,0.244141,24.841304,walking_abha_new
1771603910.2987323,0.732178,-1.446412,-0.346314,-15.991210,11.657712,14.953610,walking_abha_new
1771603910.3181229,0.737549,-1.371338,-0.353027,-20.629880,22.277830,3.662109,walking_abha_new
1771603910.3376167,0.609131,-1.080688,-0.293701,-26.123040,35.644540,-5.432128,walking_abha_new
1771603910.3535254,0.489990,-0.666870,-0.217773,-25.878900,44.494620,-32.836920,walking_abha_new
1771603910.376548,0.560791,-0.701538,-0.228272,-13.244628,29.418940,-56.274400,walking_abha_new
1771603910.395288,0.630737,-0.813110,-0.239380,-7.019042,1.892090,-74.890140,walking_abha_new
1771603910.4183793,0.649292,-0.893799,-0.200562,-5.737304,-31.982420,-80.627420,walking_abha_new
1771603910.437229,0.585327,-0.977905,-0.152954,-9.216310,-49.560540,-81.115700,walking_abha_new
1771603910.4572294,0.450684,-1.009278,-0.123169,-17.883300,-42.480460,-81.665020,walking_abha_new
1771603910.478927,0.329346,-0.915528,-0.116211,-29.357908,-19.348150,-83.923320,walking_abha_new
1771603910.4987872,0.323486,-0.778931,-0.144897,-31.066890,14.343260,-88.684060,walking_abha_new
1771603910.519673,0.373291,-0.658814,-0.181763,-26.855464,29.663080,-94.299300,walking_abha_new
1771603910.5348642,0.411133,-0.635132,-0.168335,-21.911620,21.789548,-94.482400,walking_abha_new
1771603910.5547702,0.389038,-0.633423,-0.129761,-16.052250,6.286620,-94.848600,walking_abha_new
1771603910.5792017,0.359253,-0.643188,-0.099609,-15.869140,1.586914,-94.543440,walking_abha_new
1771603910.5960553,0.346924,-0.672852,-0.078369,-14.099120,-2.990722,-89.355460,walking_abha_new
1771603910.6173732,0.351929,-0.720093,-0.075806,-13.732908,-6.896972,-79.467800,walking_abha_new
1771603910.6385756,0.337280,-0.763916,-0.090698,-15.380856,-8.239746,-64.209000,walking_abha_new
1771603910.6652584,0.312622,-0.782471,-0.096313,-17.089850,-3.356933,-48.522940,walking_abha_new
1771603910.6787562,0.313110,-0.799805,-0.097656,-18.615724,6.835936,-33.508300,walking_abha_new
1771603910.6930356,0.366943,-0.852417,-0.097168,-18.798830,17.700200,-17.028810,walking_abha_new
1771603910.7168407,0.420654,-0.916382,-0.084717,-14.648436,16.601568,7.507323,walking_abha_new
1771603910.734752,0.453369,-0.933228,-0.089600,-9.948730,10.864256,22.949216,walking_abha_new
1771603910.7561548,0.503906,-1.040894,-0.086670,-4.577638,2.868652,42.846670,walking_abha_new
1771603910.7765365,0.550293,-1.229858,-0.093384,2.380371,-7.080076,64.025900,walking_abha_new
1771603910.7978542,0.519165,-1.196045,-0.077637,2.197266,-4.150392,82.885720,walking_abha_new
1771603910.8188133,0.432617,-0.978638,-0.094727,4.699708,5.798338,98.266580,walking_abha_new
1771603910.83963,0.418457,-0.838135,-0.180908,9.826660,18.432620,103.576640,walking_abha_new
1771603910.8535967,0.441162,-0.789795,-0.270386,18.371584,20.324700,95.886200,walking_abha_new
1771603910.8740926,0.458252,-0.803955,-0.292969,28.930660,9.704590,78.002940,walking_abha_new
1771603910.8988466,0.434814,-0.931885,-0.283325,40.710440,2.319336,53.588860,walking_abha_new
1771603910.9162998,0.493774,-0.920532,-0.318237,41.870110,-5.676268,43.640120,walking_abha_new
1771603910.9387405,0.536865,-0.856812,-0.353760,41.320790,-20.446770,38.513190,walking_abha_new
1771603910.9585035,0.483154,-0.770508,-0.390747,38.269050,-34.484870,36.376960,walking_abha_new
1771603910.9792762,0.381958,-0.686890,-0.422241,31.249992,-32.470710,38.269050,walking_abha_new
1771603910.9985445,0.334961,-0.629517,-0.425781,22.827140,-11.535644,36.987310,walking_abha_new
1771603911.0205026,0.391113,-0.627808,-0.402710,12.756344,9.399414,41.503900,walking_abha_new
1771603911.039773,0.477417,-0.617798,-0.364014,3.540038,15.441892,45.532220,walking_abha_new
1771603911.0596304,0.545898,-0.615234,-0.338623,-1.281738,9.643556,42.236320,walking_abha_new
1771603911.0758245,0.560913,-0.644531,-0.327515,-4.455568,3.173828,42.236320,walking_abha_new
1771603911.100959,0.596192,-0.685425,-0.320679,-9.948730,2.990722,44.677720,walking_abha_new
1771603911.1174212,0.625122,-0.691772,-0.323120,-10.253904,0.671386,40.771480,walking_abha_new
1771603911.138776,0.636841,-0.700195,-0.311157,-10.009768,-3.906249,36.193860,walking_abha_new
1771603911.159564,0.634278,-0.732178,-0.289673,-9.216310,-7.812498,30.639640,walking_abha_new
1771603911.1793892,0.642090,-0.831787,-0.289063,-10.070800,-3.723144,19.836430,walking_abha_new
1771603911.1996007,0.673828,-0.933350,-0.257690,-13.977050,-0.549316,20.568840,walking_abha_new
1771603911.2148395,0.644531,-0.987183,-0.244385,-15.563964,4.211426,7.202148,walking_abha_new
1771603911.235423,0.659424,-1.158448,-0.213257,-12.939450,14.831540,-7.995604,walking_abha_new
1771603911.2665815,0.716309,-1.348511,-0.239502,-13.916012,28.869624,-9.216310,walking_abha_new
1771603911.2795942,0.748169,-1.276001,-0.295166,-15.686032,34.729010,-22.338860,walking_abha_new
1771603911.298926,0.609253,-1.006958,-0.220093,-13.610836,37.231450,-34.240730,walking_abha_new
1771603911.3187706,0.508545,-0.796997,-0.159912,-10.681150,45.410140,-47.668440,walking_abha_new
1771603911.3389392,0.566406,-0.785156,-0.157471,-0.549316,36.804200,-61.523430,walking_abha_new
1771603911.35978,0.614990,-0.848633,-0.173950,7.019042,13.732908,-70.007340,walking_abha_new
1771603911.378361,0.618286,-0.870728,-0.178101,11.596676,-19.104010,-69.641120,walking_abha_new
1771603911.3995073,0.595093,-0.887207,-0.159546,14.221190,-45.349110,-65.063500,walking_abha_new
1771603911.4179733,0.514771,-0.907837,-0.138916,12.512204,-53.039540,-59.204090,walking_abha_new
1771603911.439,0.412842,-0.850342,-0.142822,6.591796,-46.325680,-53.222640,walking_abha_new
1771603911.4576254,0.348389,-0.724610,-0.157959,3.601074,-36.926280,-49.499500,walking_abha_new
1771603911.4791625,0.343872,-0.578247,-0.193970,4.455568,-31.494136,-50.903310,walking_abha_new
1771603911.4991968,0.339356,-0.553711,-0.196533,5.554198,-36.254890,-53.710930,walking_abha_new
1771603911.519378,0.324829,-0.577026,-0.180298,4.089356,-34.301760,-54.199210,walking_abha_new
1771603911.5370557,0.282715,-0.611084,-0.150513,0.610352,-28.503410,-55.541980,walking_abha_new
1771603911.5550194,0.287476,-0.662476,-0.134888,-3.967285,-19.653320,-53.100580,walking_abha_new
1771603911.5796735,0.307861,-0.714722,-0.136230,-8.605960,-11.596676,-47.546380,walking_abha_new
1771603911.5965793,0.333374,-0.765259,-0.146240,-12.268064,-4.333496,-42.663560,walking_abha_new
1771603911.619712,0.348511,-0.812012,-0.144287,-15.930172,3.540038,-34.790040,walking_abha_new
1771603911.6384494,0.375855,-0.855225,-0.149292,-18.737796,11.596676,-25.329584,walking_abha_new
1771603911.6534617,0.440430,-0.977051,-0.154541,-18.615724,16.906740,-9.521484,walking_abha_new
1771603911.6793635,0.454590,-1.038330,-0.132202,-17.578130,16.174320,2.502442,walking_abha_new
1771603911.698478,0.454590,-1.019410,-0.139404,-14.648436,15.136716,15.380856,walking_abha_new
1771603911.7209058,0.506958,-1.069580,-0.159546,-8.361816,3.540038,28.259270,walking_abha_new
1771603911.7378316,0.495606,-1.282349,-0.118652,-0.488281,-10.620116,42.480460,walking_abha_new
1771603911.7563295,0.455566,-1.358032,-0.046875,0.854492,-4.150392,55.603020,walking_abha_new
1771603911.7788575,0.378418,-1.100342,-0.087646,-1.953124,16.296390,69.213880,walking_abha_new
1771603911.7981098,0.365234,-0.839112,-0.194336,4.272462,26.672360,79.834000,walking_abha_new
1771603911.8181884,0.427368,-0.734741,-0.272339,18.371584,19.714360,75.500500,walking_abha_new
1771603911.8394897,0.390991,-0.757324,-0.289673,34.973150,-2.258301,60.058580,walking_abha_new
1771603911.8597941,0.325195,-0.884888,-0.298462,45.104970,-15.258788,42.541500,walking_abha_new
1771603911.8752108,0.421631,-0.920044,-0.311524,47.241200,-12.695310,37.841800,walking_abha_new
1771603911.8976967,0.459473,-0.901123,-0.308472,40.710440,-28.137200,41.503900,walking_abha_new
1771603911.9234343,0.324341,-0.800537,-0.299316,30.944820,-27.160640,46.264640,walking_abha_new
1771603911.9377282,0.244751,-0.693237,-0.289063,20.385740,-7.873534,44.433580,walking_abha_new
1771603911.9569893,0.235474,-0.639404,-0.294190,10.314940,18.676760,45.715320,walking_abha_new
1771603911.9794304,0.327026,-0.606323,-0.296509,3.295898,32.958990,43.395980,walking_abha_new
1771603911.9957323,0.460327,-0.598999,-0.286133,3.723144,27.038570,36.071780,walking_abha_new
1771603912.0135415,0.557862,-0.657227,-0.288452,3.234863,10.864256,41.564930,walking_abha_new
1771603912.0403228,0.556274,-0.710449,-0.320923,1.831054,-6.958006,47.851560,walking_abha_new
1771603912.0593226,0.578003,-0.733154,-0.328980,0.976562,-7.141112,46.447740,walking_abha_new
1771603912.0775049,0.610718,-0.767822,-0.339356,-1.770019,-4.638672,45.959460,walking_abha_new
1771603912.096925,0.648071,-0.750244,-0.338989,-3.662109,-8.666994,43.701160,walking_abha_new
1771603912.116694,0.636353,-0.741333,-0.326782,-2.197266,-14.038084,38.085940,walking_abha_new
1771603912.169504,0.627686,-0.822998,-0.320679,-3.601074,-13.732908,30.090330,walking_abha_new
1771603912.1715734,0.655274,-0.884400,-0.323364,-4.394532,-12.390136,13.061520,walking_abha_new
1771603912.1856248,0.643677,-1.013672,-0.287354,-7.629394,-5.187988,7.751464,walking_abha_new
1771603912.1980398,0.681519,-1.228272,-0.271606,-9.399414,4.089356,4.211426,walking_abha_new
1771603912.2180576,0.792480,-1.541992,-0.291748,-11.901852,11.596676,-1.281738,walking_abha_new
1771603912.238653,0.683838,-1.332398,-0.295044,-22.033690,32.836920,-17.395020,walking_abha_new
1771603912.2561548,0.487793,-0.921021,-0.192261,-27.954100,54.626460,-32.531740,walking_abha_new
1771603912.2782161,0.527466,-0.714356,-0.169067,-24.719230,60.668940,-49.987780,walking_abha_new
1771603912.2974198,0.605103,-0.753662,-0.200562,-10.009768,47.241200,-76.355000,walking_abha_new
1771603912.318403,0.657837,-0.852661,-0.220825,-0.122070,22.460930,-99.304180,walking_abha_new
1771603912.3390949,0.706665,-0.925537,-0.196655,5.432128,-9.460450,-106.079080,walking_abha_new
1771603912.3559883,0.682251,-0.974121,-0.162842,9.460450,-39.794920,-104.980440,walking_abha_new
1771603912.3745525,0.559326,-0.976929,-0.159058,10.925290,-51.696770,-105.407700,walking_abha_new
1771603912.3958867,0.427612,-0.897339,-0.176147,4.882814,-50.048820,-104.003900,walking_abha_new
1771603912.416393,0.298096,-0.708252,-0.188721,1.220704,-35.278320,-100.463840,walking_abha_new
1771603912.4304516,0.309570,-0.642090,-0.188477,-2.807617,-16.418460,-94.787580,walking_abha_new
1771603912.4582582,0.323730,-0.593628,-0.197510,-0.061035,-20.080560,-87.646460,walking_abha_new
1771603912.4784634,0.330078,-0.575806,-0.165894,-6.591796,-17.944340,-84.167460,walking_abha_new
1771603912.4985216,0.305786,-0.591187,-0.114258,-6.896972,-23.376460,-78.186040,walking_abha_new
1771603912.5193865,0.307983,-0.639282,-0.093628,-9.277344,-24.597160,-69.335940,walking_abha_new
1771603912.5385408,0.301880,-0.696778,-0.103760,-10.925290,-23.559568,-61.523430,walking_abha_new
1771603912.5611928,0.276489,-0.757446,-0.120605,-15.441892,-14.770504,-51.513660,walking_abha_new
1771603912.5777428,0.276489,-0.783325,-0.123535,-21.118160,-0.183105,-38.940440,walking_abha_new
1771603912.595796,0.305054,-0.833008,-0.126831,-23.925780,15.075680,-25.207516,walking_abha_new
1771603912.6175563,0.407593,-0.961548,-0.122192,-22.399900,24.536130,-3.051757,walking_abha_new
1771603912.63856,0.426880,-0.957642,-0.106689,-19.226080,20.935052,12.207030,walking_abha_new
1771603912.6590943,0.452637,-0.925171,-0.108887,-13.183590,13.366696,27.282710,walking_abha_new
1771603912.687332,0.524048,-1.050660,-0.121460,-4.089356,0.061035,44.128410,walking_abha_new
1771603912.6940002,0.575195,-1.277588,-0.100830,3.662109,-14.343260,61.279280,walking_abha_new
1771603912.7159991,0.517334,-1.276978,-0.080688,5.249022,-11.657712,78.125000,walking_abha_new
1771603912.7352726,0.401978,-1.009400,-0.100464,3.112792,6.164550,95.031720,walking_abha_new
1771603912.7579877,0.394653,-0.847290,-0.164673,4.577638,27.160640,106.201160,walking_abha_new
1771603912.7784986,0.457275,-0.825440,-0.234253,11.840818,36.376960,103.637680,walking_abha_new
1771603912.79846,0.482910,-0.842285,-0.274536,27.709956,21.057124,83.618160,walking_abha_new
1771603912.8186507,0.518921,-0.905396,-0.292114,35.644540,11.840818,71.228040,walking_abha_new
1771603912.8386564,0.625854,-0.886230,-0.345825,42.480460,3.417968,63.476560,walking_abha_new
1771603912.8564222,0.604004,-0.803223,-0.376221,45.776360,-30.944820,54.138180,walking_abha_new
1771603912.8740053,0.483521,-0.717285,-0.366089,43.029780,-49.011220,46.203600,walking_abha_new
1771603912.898431,0.333984,-0.642090,-0.342774,35.156260,-39.917000,44.860830,walking_abha_new
1771603912.9166038,0.264526,-0.603272,-0.330933,23.315424,-8.056642,43.090810,walking_abha_new
1771603912.9387777,0.341919,-0.602173,-0.312988,13.244628,20.690910,37.841800,walking_abha_new
1771603912.9578996,0.478272,-0.618774,-0.291138,6.713866,24.841304,40.649400,walking_abha_new
1771603912.9796195,0.522705,-0.613892,-0.291260,2.014160,18.066410,42.419420,walking_abha_new
1771603912.9977322,0.571533,-0.650879,-0.305542,1.647949,1.037598,41.076650,walking_abha_new
1771603913.019395,0.575073,-0.706909,-0.327148,1.281738,-2.502442,45.043940,walking_abha_new
1771603913.0352137,0.594604,-0.752197,-0.348389,-0.549316,0.427246,42.480460,walking_abha_new
1771603913.0578108,0.628174,-0.763794,-0.346069,-2.685546,-0.305176,39.550780,walking_abha_new
1771603913.075777,0.634888,-0.777588,-0.335083,-2.990722,-4.699708,35.522460,walking_abha_new
1771603913.0992448,0.639893,-0.859131,-0.335938,-4.638672,-4.821778,26.855464,walking_abha_new
1771603913.117402,0.683960,-0.954956,-0.339844,-7.568358,-5.798338,21.850580,walking_abha_new
1771603913.1381223,0.659302,-1.031006,-0.330933,-11.230468,-2.746581,13.000484,walking_abha_new
1771603913.1587963,0.661499,-1.145020,-0.303833,-11.901852,4.028321,1.647949,walking_abha_new
1771603913.1789496,0.776367,-1.418579,-0.354004,-13.122556,17.089850,-8.850100,walking_abha_new
1771603913.1988897,0.705444,-1.383912,-0.371704,-18.737796,31.555170,-27.587884,walking_abha_new
1771603913.219638,0.583252,-0.990601,-0.288452,-22.644040,44.433580,-42.541500,walking_abha_new
1771603913.2389176,0.490112,-0.736328,-0.205444,-25.390620,56.274400,-52.734360,walking_abha_new
1771603913.259235,0.525269,-0.691528,-0.200195,-15.197750,52.429190,-69.274900,walking_abha_new
1771603913.2783885,0.621338,-0.799438,-0.212891,-4.943848,30.822750,-84.838860,walking_abha_new
1771603913.2976747,0.670166,-0.886719,-0.198730,1.464844,-4.699708,-90.270980,walking_abha_new
1771603913.318789,0.672363,-0.946778,-0.167969,5.554198,-41.748040,-89.111300,walking_abha_new
1771603913.3395047,0.623657,-0.983887,-0.153320,8.239746,-66.406260,-86.547840,walking_abha_new
1771603913.3583488,0.496948,-0.962158,-0.159668,5.615234,-72.204600,-83.557100,walking_abha_new
1771603913.380558,0.301025,-0.782349,-0.172607,-4.394532,-58.776840,-77.331540,walking_abha_new
1771603913.396959,0.257202,-0.682495,-0.184570,-7.751464,-44.311520,-74.462900,walking_abha_new
1771603913.4179368,0.283447,-0.600220,-0.198975,-10.375976,-12.451170,-72.387700,walking_abha_new
1771603913.439143,0.301392,-0.539307,-0.182251,-7.385252,-6.408690,-71.472180,walking_abha_new
1771603913.4577463,0.332642,-0.524536,-0.146851,-8.728030,-4.516602,-70.617700,walking_abha_new
1771603913.4995778,0.339233,-0.560059,-0.108887,-7.812498,-12.695310,-65.673840,walking_abha_new
1771603913.4995778,0.351929,-0.627320,-0.114014,-7.873534,-21.057124,-56.457510,walking_abha_new
1771603913.5186772,0.359985,-0.697144,-0.115479,-6.896972,-30.395500,-47.729480,walking_abha_new
1771603913.5346487,0.329956,-0.760986,-0.124512,-8.178714,-30.212400,-39.001470,walking_abha_new
1771603913.5555794,0.301270,-0.819092,-0.122437,-15.930172,-7.324218,-18.859868,walking_abha_new
1771603913.5819702,0.346680,-0.900024,-0.130615,-19.104010,11.657712,-5.065916,walking_abha_new
1771603913.5994437,0.407105,-0.941040,-0.110962,-19.714360,23.193352,8.422854,walking_abha_new
1771603913.622354,0.455566,-0.963257,-0.094360,-16.540530,25.695796,22.766110,walking_abha_new
1771603913.638571,0.508911,-1.038574,-0.089355,-9.033204,19.226080,38.024910,walking_abha_new
1771603913.6571946,0.566895,-1.244873,-0.086670,1.037598,5.554198,56.518540,walking_abha_new
1771603913.6792152,0.594360,-1.323608,-0.085327,7.385252,-1.770019,73.791520,walking_abha_new
1771603913.6958845,0.530152,-1.114258,-0.138062,10.253904,0.671386,88.745100,walking_abha_new
1771603913.715432,0.424438,-0.832154,-0.202637,12.939450,7.446288,99.853500,walking_abha_new
1771603913.7385614,0.364990,-0.680176,-0.263428,18.981940,14.526364,101.501440,walking_abha_new
1771603913.7574987,0.425171,-0.775269,-0.300293,34.545900,8.422854,78.186040,walking_abha_new
1771603913.7773435,0.446899,-0.876343,-0.294190,41.381820,0.122070,62.622060,walking_abha_new
1771603913.7980316,0.468628,-0.922974,-0.302246,42.602530,-7.324218,53.771960,walking_abha_new
1771603913.8188512,0.493042,-0.895752,-0.331421,44.250480,-10.925290,42.236320,walking_abha_new
1771603913.8347914,0.447876,-0.854614,-0.358398,34.667980,-21.484370,44.189440,walking_abha_new
1771603913.8538837,0.304077,-0.734009,-0.367676,23.010250,-10.620116,44.799800,walking_abha_new
1771603913.8759453,0.262573,-0.650146,-0.359619,14.404296,15.747068,37.658700,walking_abha_new
1771603913.8955307,0.322754,-0.620239,-0.344971,4.943848,39.001470,36.743170,walking_abha_new
1771603913.9178784,0.429932,-0.607544,-0.325195,1.281738,42.419420,33.325200,walking_abha_new
1771603913.936945,0.516846,-0.637695,-0.299194,-2.807617,24.108880,36.987310,walking_abha_new
1771603913.9585016,0.555054,-0.678833,-0.305054,-4.333496,8.544924,41.198720,walking_abha_new
1771603913.9785223,0.556030,-0.738281,-0.318237,-4.394532,1.586914,41.931140,walking_abha_new
1771603913.99854,0.569458,-0.791748,-0.333618,-7.080076,4.333496,42.053220,walking_abha_new
1771603914.0147374,0.592896,-0.778198,-0.334717,-9.582520,8.544924,39.672860,walking_abha_new
1771603914.033962,0.610596,-0.757690,-0.329224,-10.803220,7.507323,39.794920,walking_abha_new
1771603914.0597568,0.628052,-0.799805,-0.340454,-10.314940,3.906249,35.278320,walking_abha_new
1771603914.0760136,0.658081,-0.873413,-0.355103,-9.765626,0.122070,24.902340,walking_abha_new
1771603914.0990713,0.669434,-0.957764,-0.341675,-9.521484,-1.953124,13.244628,walking_abha_new
1771603914.1166108,0.645142,-1.053345,-0.301392,-12.329100,5.187988,7.141112,walking_abha_new
1771603914.1322649,0.701050,-1.301758,-0.302246,-13.061520,19.042970,0.549316,walking_abha_new
1771603914.1592717,0.734497,-1.370484,-0.342285,-14.953610,26.062010,-12.817380,walking_abha_new
1771603914.179064,0.657104,-1.141480,-0.336792,-17.456060,29.846190,-26.306150,walking_abha_new
1771603914.2011247,0.550293,-0.855591,-0.252441,-19.042970,35.766600,-38.330080,walking_abha_new
1771603914.2188501,0.472168,-0.701660,-0.195557,-15.624996,43.579090,-51.879880,walking_abha_new
1771603914.239587,0.553589,-0.748902,-0.192505,-7.995604,37.536620,-64.270040,walking_abha_new
1771603914.2588186,0.639526,-0.810303,-0.204834,-1.892090,13.061520,-73.120140,walking_abha_new
1771603914.2780464,0.653320,-0.870606,-0.182251,2.685546,-21.301268,-74.646000,walking_abha_new
1771603914.298274,0.636475,-0.927612,-0.150757,4.516602,-48.339840,-70.922860,walking_abha_new
1771603914.3125162,0.485230,-0.945068,-0.152222,1.159668,-57.189930,-66.650400,walking_abha_new
1771603914.3379235,0.389648,-0.849976,-0.161621,-4.394532,-50.415030,-67.810060,walking_abha_new
1771603914.3578527,0.324219,-0.746094,-0.174194,-4.821778,-35.644540,-70.495620,walking_abha_new
1771603914.3766372,0.312988,-0.672486,-0.178345,-5.493162,-18.676760,-73.669440,walking_abha_new
1771603914.397589,0.322022,-0.614868,-0.180542,-4.089356,-12.756344,-72.265640,walking_abha_new
1771603914.4163098,0.321289,-0.571533,-0.157837,-10.498044,-4.028321,-74.462900,walking_abha_new
1771603914.4372144,0.300781,-0.580444,-0.126221,-7.690428,-7.202148,-76.355000,walking_abha_new
1771603914.4580584,0.314331,-0.644165,-0.105469,-7.263182,-9.338380,-73.425300,walking_abha_new
1771603914.47981,0.331787,-0.716919,-0.107300,-7.324218,-11.291500,-66.101100,walking_abha_new
1771603914.4991434,0.345215,-0.810547,-0.121216,-8.666994,-9.948730,-56.152340,walking_abha_new
1771603914.519764,0.327148,-0.886108,-0.138550,-13.854978,0.488281,-35.766600,walking_abha_new
1771603914.5401704,0.326172,-0.917236,-0.156616,-16.601568,13.793944,-22.460930,walking_abha_new
1771603914.5557847,0.360230,-0.959106,-0.161499,-17.761230,24.475090,-8.789064,walking_abha_new
1771603914.5957603,0.392822,-0.963989,-0.133179,-16.906740,26.733390,4.455568,walking_abha_new
1771603914.5957603,0.420410,-0.978760,-0.122314,-11.657712,22.033690,17.211920,walking_abha_new
1771603914.6170635,0.499024,-1.163208,-0.154663,-1.525878,8.666994,32.409680,walking_abha_new
1771603914.6380932,0.567383,-1.368774,-0.111084,5.737304,-5.432128,49.804680,walking_abha_new
1771603914.6588833,0.489990,-1.268677,-0.090454,7.507323,-3.479003,66.162120,walking_abha_new
1771603914.6792068,0.383057,-0.975952,-0.126465,8.361816,10.009768,83.862300,walking_abha_new
1771603914.6960793,0.382935,-0.795044,-0.288086,15.502928,23.986810,93.749980,walking_abha_new
1771603914.7193584,0.435181,-0.764404,-0.336914,25.695796,15.319820,81.787100,walking_abha_new
1771603914.7291439,0.435913,-0.834473,-0.333008,35.583500,12.084960,69.396980,walking_abha_new
1771603914.7578332,0.447022,-0.884766,-0.332764,39.001470,-0.549316,60.058580,walking_abha_new
1771603914.778847,0.497559,-0.837524,-0.354858,35.583500,-13.000484,55.236800,walking_abha_new
1771603914.7972317,0.490723,-0.762207,-0.378540,34.118660,-28.686520,47.241200,walking_abha_new
1771603914.8184521,0.351929,-0.700073,-0.371582,25.329584,-31.433100,52.978500,walking_abha_new
1771603914.8388517,0.226563,-0.634644,-0.350098,13.671872,-8.056642,51.635740,walking_abha_new
1771603914.8597534,0.258789,-0.628296,-0.327271,2.563476,21.484370,49.194320,walking_abha_new
1771603914.8740764,0.412232,-0.650879,-0.306274,-3.784179,35.400400,45.166000,walking_abha_new
1771603914.8954587,0.543945,-0.695801,-0.294556,-8.544924,23.803708,53.527820,walking_abha_new
1771603914.9193265,0.608032,-0.714966,-0.286987,-7.751464,6.225584,51.269520,walking_abha_new
1771603914.9386477,0.616577,-0.750122,-0.293579,-5.432128,-8.361816,53.649900,walking_abha_new
1771603914.957996,0.592163,-0.788208,-0.312866,-6.103514,-8.605960,55.419910,walking_abha_new
1771603914.9787967,0.612305,-0.780274,-0.327271,-7.019042,-4.028321,49.987780,walking_abha_new
1771603914.9998076,0.608032,-0.743042,-0.307129,-6.835936,-0.610352,44.982900,walking_abha_new
1771603915.0221205,0.618408,-0.760742,-0.283325,-7.629394,0.976562,40.649400,walking_abha_new
1771603915.0399292,0.664307,-0.835938,-0.281128,-7.568358,-1.464844,30.517570,walking_abha_new
1771603915.0570347,0.680420,-0.917236,-0.273804,-5.493162,-3.479003,13.977050,walking_abha_new
1771603915.0764573,0.704468,-1.032227,-0.220825,-3.173828,4.577638,-0.122070,walking_abha_new
1771603915.0988257,0.762940,-1.386353,-0.245605,-1.953124,10.925290,-3.662109,walking_abha_new
1771603915.1165855,0.751831,-1.414062,-0.312134,-6.469726,19.653320,-16.906740,walking_abha_new
1771603915.1379068,0.652100,-1.115723,-0.299561,-8.056642,26.977532,-33.142100,walking_abha_new
1771603915.158836,0.527222,-0.826782,-0.209595,-8.605960,36.315920,-47.485340,walking_abha_new
1771603915.1790245,0.524292,-0.736816,-0.184570,0.793457,36.926280,-63.354480,walking_abha_new
1771603915.19786,0.595947,-0.829346,-0.194214,9.643556,26.245110,-81.909160,walking_abha_new
1771603915.2196562,0.691895,-0.875244,-0.189941,14.282224,-9.948730,-84.289540,walking_abha_new
1771603915.238954,0.682862,-0.905029,-0.169922,19.226080,-51.940910,-84.533660,walking_abha_new
1771603915.2565372,0.595581,-0.944702,-0.153442,19.348150,-73.303240,-83.190900,walking_abha_new
1771603915.2790039,0.404907,-0.887818,-0.164185,7.263182,-72.570800,-83.007800,walking_abha_new
1771603915.3606853,0.301025,-0.783692,-0.197022,4.699708,-59.204090,-83.312960,walking_abha_new
1771603915.3606853,0.266724,-0.701172,-0.200195,2.258301,-33.081060,-84.838860,walking_abha_new
1771603915.3606853,0.256348,-0.647705,-0.212891,2.319336,-18.737796,-84.411600,walking_abha_new
1771603915.3606853,0.311035,-0.636108,-0.203369,-8.666994,-1.647949,-80.078140,walking_abha_new
1771603915.3766484,0.330322,-0.642334,-0.167114,-8.850100,-4.333496,-78.063980,walking_abha_new
1771603915.3954854,0.333862,-0.684448,-0.126953,-9.155274,-12.023924,-75.378440,walking_abha_new
1771603915.4190395,0.331787,-0.737671,-0.117065,-10.070800,-16.479492,-69.030760,walking_abha_new
1771603915.4369516,0.317139,-0.803101,-0.119019,-11.413570,-14.648436,-60.058580,walking_abha_new
1771603915.4587374,0.258789,-0.827881,-0.147827,-16.601568,-0.183105,-45.532220,walking_abha_new
1771603915.4791522,0.290039,-0.859863,-0.161133,-18.066410,13.061520,-34.484870,walking_abha_new
1771603915.4985075,0.345947,-0.943360,-0.156006,-19.287110,23.254390,-21.545408,walking_abha_new
1771603915.5202043,0.381836,-0.970093,-0.127808,-18.615724,27.404780,-8.056642,walking_abha_new
1771603915.5347705,0.370239,-0.945679,-0.118774,-16.235352,28.076170,6.286620,walking_abha_new
1771603915.558839,0.413574,-1.026612,-0.116089,-5.859374,19.287110,22.705070,walking_abha_new
1771603915.5761175,0.549316,-1.257080,-0.108154,2.441407,7.568358,40.405260,walking_abha_new
1771603915.5982594,0.584351,-1.351562,-0.083740,8.361816,-5.981444,58.166500,walking_abha_new
1771603915.618948,0.486450,-1.112793,-0.105103,9.704590,-6.408690,76.232920,walking_abha_new
1771603915.6383772,0.386719,-0.821533,-0.196045,11.535644,0.122070,89.477520,walking_abha_new
1771603915.6583195,0.375122,-0.700440,-0.290894,20.263670,2.136231,86.791960,walking_abha_new
1771603915.67288,0.387451,-0.811157,-0.270020,27.221676,0.244141,72.021500,walking_abha_new
1771603915.699894,0.315430,-0.884400,-0.249878,29.602044,0.854492,57.189930,walking_abha_new
1771603915.7184331,0.365112,-0.941772,-0.255859,25.939940,15.014646,50.537100,walking_abha_new
1771603915.7362938,0.448486,-0.914429,-0.298462,22.033690,20.935052,51.147450,walking_abha_new
1771603915.755965,0.419800,-0.836060,-0.328369,16.906740,14.526364,45.288080,walking_abha_new
1771603915.7774389,0.356567,-0.745850,-0.325073,12.695310,16.723632,38.635260,walking_abha_new
1771603915.7980523,0.373901,-0.673950,-0.324341,7.812498,25.634760,37.841800,walking_abha_new
1771603915.818801,0.416870,-0.610718,-0.326904,3.479003,29.235832,41.320790,walking_abha_new
1771603915.8381464,0.500732,-0.597046,-0.294678,5.249022,13.122556,39.794920,walking_abha_new
1771603915.8534753,0.516724,-0.639771,-0.280884,5.737304,-1.403808,40.039070,walking_abha_new
1771603915.8791049,0.493774,-0.671997,-0.281128,4.272462,-5.798338,38.757330,walking_abha_new
1771603915.8959198,0.501831,-0.712646,-0.273804,0.061035,-0.244141,40.039070,walking_abha_new
1771603915.915812,0.538574,-0.732300,-0.267822,-3.356933,6.530760,41.015620,walking_abha_new
1771603915.938901,0.599610,-0.750732,-0.274292,-4.211426,7.019042,41.564930,walking_abha_new
1771603915.9575489,0.633911,-0.751831,-0.286865,-3.540038,2.502442,41.076650,walking_abha_new
1771603915.9790964,0.647949,-0.798096,-0.294067,-1.708984,-2.380371,39.672860,walking_abha_new
1771603915.9995992,0.653320,-0.872437,-0.297241,-2.807617,-2.807617,36.376960,walking_abha_new
1771603916.020089,0.670166,-0.959229,-0.293335,-2.990722,-2.563476,31.677240,walking_abha_new
1771603916.035442,0.693115,-1.213501,-0.273193,-2.258301,3.906249,24.047850,walking_abha_new
1771603916.0550091,0.780640,-1.457520,-0.306641,-1.953124,6.591796,10.620116,walking_abha_new
1771603916.0754476,0.780396,-1.449219,-0.346436,-6.591796,11.718748,-2.258301,walking_abha_new
1771603916.1000705,0.632568,-1.121216,-0.319458,-12.084960,23.315424,-12.145992,walking_abha_new
1771603916.117115,0.498779,-0.792236,-0.246948,-18.676760,38.879400,-28.015130,walking_abha_new
1771603916.140655,0.518066,-0.662598,-0.227539,-11.474608,38.940440,-47.668440,walking_abha_new
1771603916.158844,0.616455,-0.773316,-0.225830,-0.183105,19.836430,-68.603540,walking_abha_new
1771603916.1799648,0.651245,-0.873779,-0.215576,7.446288,-10.986324,-84.716780,walking_abha_new
1771603916.2003663,0.637940,-0.941895,-0.181763,8.972170,-40.283200,-87.402320,walking_abha_new
1771603916.2165883,0.520752,-0.952271,-0.157715,5.126952,-56.762680,-83.557100,walking_abha_new
1771603916.2391565,0.411011,-0.865601,-0.172974,-3.173828,-50.476060,-82.336400,walking_abha_new
1771603916.2561,0.326050,-0.766358,-0.173218,-6.652830,-29.235832,-81.665020,walking_abha_new
1771603916.2707832,0.314087,-0.690552,-0.174805,-10.192870,-13.122556,-80.749500,walking_abha_new
1771603916.2981572,0.363159,-0.629639,-0.180786,-11.413570,4.150392,-78.857440,walking_abha_new
1771603916.3187032,0.388672,-0.589600,-0.164551,-6.469726,0.549316,-77.514660,walking_abha_new
1771603916.3388817,0.397461,-0.572754,-0.129517,-10.375976,-1.342773,-76.538100,walking_abha_new
1771603916.3596969,0.364136,-0.584961,-0.109741,-10.437010,-10.620116,-72.631840,walking_abha_new
1771603916.3743536,0.340576,-0.621582,-0.091064,-12.145992,-18.615724,-65.246600,walking_abha_new
1771603916.4013543,0.308594,-0.669068,-0.087402,-14.221190,-20.141600,-55.786120,walking_abha_new
1771603916.4292383,0.305908,-0.777222,-0.105835,-19.409180,-5.798338,-39.001470,walking_abha_new
1771603916.434397,0.336426,-0.846436,-0.116455,-24.047850,6.835936,-23.986810,walking_abha_new
1771603916.4601207,0.371460,-0.920532,-0.120483,-28.015130,18.371584,-7.385252,walking_abha_new
1771603916.5069354,0.424316,-0.984986,-0.120605,-31.616208,28.625480,7.751464,walking_abha_new
1771603916.5069354,0.436035,-1.004517,-0.092407,-25.085448,22.949216,19.470220,walking_abha_new
1771603916.5151055,0.448608,-1.011841,-0.084717,-19.042970,18.554690,30.639640,walking_abha_new
1771603916.5384824,0.488892,-1.141602,-0.105713,-10.375976,11.291500,45.471180,walking_abha_new
1771603916.555419,0.539307,-1.342774,-0.092651,-2.014160,2.990722,64.025900,walking_abha_new
1771603916.5787985,0.552002,-1.274292,-0.097900,1.037598,3.173828,81.542960,walking_abha_new
1771603916.5964863,0.447632,-0.958984,-0.185791,5.798338,8.850100,104.736300,walking_abha_new
1771603916.6200624,0.418701,-0.640625,-0.261475,14.099120,6.103514,105.773900,walking_abha_new
1771603916.6390169,0.432617,-0.680298,-0.291992,29.235832,-8.850100,89.172340,walking_abha_new
1771603916.659003,0.436524,-0.848145,-0.267700,40.710440,-19.226080,70.739760,walking_abha_new
1771603916.6805944,0.412964,-0.955322,-0.246216,43.457020,-29.113768,57.250960,walking_abha_new
1771603916.6987991,0.467041,-0.962036,-0.259033,40.710440,-26.794430,52.185050,walking_abha_new
1771603916.7149885,0.446045,-0.870606,-0.313232,40.771480,-25.024410,41.564930,walking_abha_new
1771603916.7381425,0.414795,-0.807862,-0.346802,34.301760,-28.076170,41.198720,walking_abha_new
1771603916.7564876,0.293457,-0.700440,-0.366089,24.780270,-16.113284,40.649400,walking_abha_new
1771603916.7790463,0.291992,-0.632812,-0.361816,17.944340,3.906249,33.813480,walking_abha_new
1771603916.7979102,0.389038,-0.624634,-0.304566,10.131832,18.127448,27.832030,walking_abha_new
1771603916.8184552,0.438721,-0.648071,-0.266113,4.211426,13.671872,33.081060,walking_abha_new
1771603916.840248,0.471924,-0.666138,-0.269043,0.549316,6.164550,33.447270,walking_abha_new
1771603916.8538709,0.499268,-0.707031,-0.285645,-0.732422,-0.671386,33.203130,walking_abha_new
1771603916.8764095,0.509033,-0.761841,-0.295532,-3.051757,2.014160,34.790040,walking_abha_new
1771603916.8985412,0.553589,-0.781860,-0.299805,-5.615234,6.713866,33.264160,walking_abha_new
1771603916.915669,0.589722,-0.762940,-0.293823,-4.821778,6.164550,28.564450,walking_abha_new
1771603916.939927,0.594360,-0.772583,-0.292114,-4.272462,3.784179,26.184080,walking_abha_new
1771603916.9575768,0.626831,-0.823242,-0.303589,-3.662109,0.183105,21.606440,walking_abha_new
1771603916.9724045,0.654297,-0.899048,-0.305542,-3.723144,-3.051757,10.192870,walking_abha_new
1771603917.0000458,0.654175,-1.055542,-0.290772,-6.103514,0.244141,3.601074,walking_abha_new
1771603917.0201979,0.699463,-1.253174,-0.291260,-4.089356,2.990722,-4.760742,walking_abha_new
1771603917.034394,0.747314,-1.458374,-0.314941,-6.591796,10.070800,-9.338380,walking_abha_new
1771603917.0618885,0.689209,-1.357666,-0.342407,-13.366696,21.240230,-20.629880,walking_abha_new
1771603917.076649,0.578125,-1.050782,-0.307129,-18.676760,33.996590,-33.630380,walking_abha_new
1771603917.0976527,0.511719,-0.762818,-0.232056,-23.254390,43.457020,-44.738760,walking_abha_new
1771603917.1179194,0.539673,-0.696411,-0.212158,-13.977050,32.958990,-59.753410,walking_abha_new
1771603917.132148,0.602905,-0.806885,-0.209229,-2.258301,9.399414,-80.383280,walking_abha_new
1771603917.1596234,0.625488,-0.908447,-0.208130,4.211426,-22.521970,-92.651360,walking_abha_new
1771603917.179771,0.582764,-0.996094,-0.172363,4.882814,-60.791000,-92.590300,walking_abha_new
1771603917.198523,0.476685,-0.988281,-0.156128,-2.319336,-62.255850,-89.538560,walking_abha_new
1771603917.217946,0.361694,-0.891236,-0.151245,-11.047360,-44.006340,-83.312960,walking_abha_new
1771603917.2385905,0.281372,-0.771729,-0.164673,-15.869140,-21.484370,-79.101560,walking_abha_new
1771603917.2581065,0.323975,-0.678711,-0.171509,-17.028810,4.089356,-77.575700,walking_abha_new
1771603917.2775104,0.363525,-0.606201,-0.183350,-13.244628,8.544924,-77.087400,walking_abha_new
1771603917.2980561,0.389404,-0.586182,-0.157837,-8.056642,1.037598,-75.561540,walking_abha_new
1771603917.3191006,0.375610,-0.573975,-0.133301,-8.728030,-5.249022,-70.983900,walking_abha_new
1771603917.339563,0.365234,-0.589356,-0.098755,-6.774902,-13.488768,-66.223160,walking_abha_new
1771603917.3540058,0.348267,-0.649536,-0.090698,-12.878416,-18.432620,-52.062980,walking_abha_new
1771603917.3754385,0.315552,-0.726685,-0.101563,-10.559080,-22.644040,-44.921860,walking_abha_new
1771603917.39533,0.309937,-0.773316,-0.105713,-15.014646,-11.718748,-35.339360,walking_abha_new
1771603917.419518,0.308228,-0.814087,-0.114624,-19.165040,4.882814,-22.766110,walking_abha_new
1771603917.4366953,0.359863,-0.890869,-0.126587,-21.850580,20.019532,-9.216310,walking_abha_new
1771603917.4583735,0.414917,-0.949097,-0.109497,-22.277830,25.878900,2.685546,walking_abha_new
1771603917.478406,0.410645,-0.946045,-0.079346,-17.517090,23.925780,12.878416,walking_abha_new
1771603917.4985802,0.419556,-0.992554,-0.072144,-10.192870,19.958500,25.512690,walking_abha_new
1771603917.5181482,0.459473,-1.166382,-0.086792,-0.244141,10.437010,43.334950,walking_abha_new
1771603917.5359821,0.551880,-1.322754,-0.081421,5.920409,2.502442,62.011710,walking_abha_new
1771603917.555067,0.488892,-1.065186,-0.110962,11.718748,1.281738,91.491680,walking_abha_new
1771603917.578151,0.417603,-0.801148,-0.200317,18.493652,3.173828,106.445300,walking_abha_new
1771603917.5976386,0.434692,-0.707154,-0.295898,29.479976,-3.356933,107.788080,walking_abha_new
1771603917.617617,0.480225,-0.768555,-0.327759,41.320790,-21.789548,93.749980,walking_abha_new
1771603917.6373503,0.423462,-0.873902,-0.292725,49.072260,-33.447270,78.735360,walking_abha_new
1771603917.6589174,0.374390,-0.958740,-0.259033,48.461900,-34.729010,65.734860,walking_abha_new
1771603917.6732242,0.415772,-0.968140,-0.285034,41.931140,-23.742670,61.035140,walking_abha_new
1771603917.6999671,0.385010,-0.893066,-0.345093,36.376960,-15.075680,49.682610,walking_abha_new
1771603917.7150233,0.306396,-0.824219,-0.384399,25.329584,-5.187988,44.555660,walking_abha_new
1771603917.7393653,0.241577,-0.722534,-0.403809,5.615234,36.987310,42.785640,walking_abha_new
1771603917.756298,0.314941,-0.630982,-0.379150,-4.882814,61.584460,42.175280,walking_abha_new
1771603917.7773583,0.453125,-0.628784,-0.348389,-9.216310,61.645500,43.823240,walking_abha_new
1771603917.7976038,0.528320,-0.630860,-0.333130,-10.437010,45.166000,41.503900,walking_abha_new
1771603917.8188362,0.578369,-0.658692,-0.324585,-9.704590,22.155760,42.297360,walking_abha_new
1771603917.8394601,0.588135,-0.690308,-0.327271,-7.690428,4.394532,44.311520,walking_abha_new
1771603917.8573146,0.592285,-0.743164,-0.327148,-6.469726,-2.685546,43.762200,walking_abha_new
1771603917.8813276,0.608032,-0.777466,-0.312866,-6.652830,-5.004884,41.198720,walking_abha_new
1771603917.9026175,0.621094,-0.771606,-0.294556,-7.507323,-8.422854,38.940440,walking_abha_new
1771603917.915596,0.641113,-0.796387,-0.286743,-7.751464,-12.817380,35.827640,walking_abha_new
1771603917.93893,0.644287,-0.897339,-0.273682,-9.826660,-9.582520,23.437492,walking_abha_new
1771603917.9584692,0.654297,-1.000488,-0.247803,-11.047360,-3.356933,14.709470,walking_abha_new
1771603917.9783595,0.712402,-1.216431,-0.229736,-8.666994,2.502442,4.760742,walking_abha_new
1771603917.9996912,0.785156,-1.477662,-0.259522,-9.338380,10.375976,1.098633,walking_abha_new
1771603918.0219235,0.736938,-1.446778,-0.290161,-14.404296,24.963376,-8.422854,walking_abha_new
1771603918.0407455,0.621826,-1.149536,-0.270386,-18.920900,44.555660,-28.015130,walking_abha_new
1771603918.055964,0.480591,-0.805786,-0.216675,-24.963376,63.049300,-42.419420,walking_abha_new
1771603918.0758014,0.446045,-0.645996,-0.188843,-18.005376,72.265640,-63.293440,walking_abha_new
1771603918.098457,0.588135,-0.729736,-0.177490,-7.568358,63.659660,-81.481900,walking_abha_new
1771603918.119496,0.684937,-0.796875,-0.175537,6.225584,17.639160,-95.153800,walking_abha_new
1771603918.139057,0.705078,-0.884155,-0.151367,12.756344,-20.141600,-96.618640,walking_abha_new
1771603918.1596515,0.659546,-0.923706,-0.139404,18.615724,-52.856440,-97.045880,walking_abha_new
1771603918.1756625,0.540650,-0.931030,-0.151855,18.737796,-68.786640,-94.665500,walking_abha_new
1771603918.1999693,0.427002,-0.845459,-0.176758,13.183590,-70.556640,-91.003400,walking_abha_new
1771603918.2158456,0.347412,-0.751587,-0.187500,11.962890,-66.528340,-88.256820,walking_abha_new
1771603918.2383094,0.313110,-0.689942,-0.176270,10.375976,-45.898430,-86.608860,walking_abha_new
1771603918.25608,0.288574,-0.626953,-0.166992,5.371092,-30.395500,-85.998520,walking_abha_new
1771603918.2785475,0.296143,-0.601562,-0.168457,4.028321,-21.057124,-84.777800,walking_abha_new
1771603918.2978706,0.322998,-0.611938,-0.134766,1.953124,-19.653320,-79.711940,walking_abha_new
1771603918.3191366,0.334229,-0.677246,-0.100952,-2.380371,-23.803708,-65.612800,walking_abha_new
1771603918.3405364,0.320190,-0.735596,-0.103149,-7.446288,-21.057124,-52.124020,walking_abha_new
1771603918.3621686,0.303467,-0.762207,-0.116455,-11.962890,-13.854978,-40.649400,walking_abha_new
1771603918.3772652,0.298950,-0.798340,-0.122559,-13.977050,-0.244141,-33.386240,walking_abha_new
1771603918.396252,0.362915,-0.872925,-0.129883,-16.845708,13.732908,-22.155760,walking_abha_new
1771603918.4193983,0.436035,-0.950562,-0.144775,-16.662600,19.836430,-7.446288,walking_abha_new
1771603918.4371665,0.454834,-0.979736,-0.124512,-12.878416,13.183590,5.798338,walking_abha_new
1771603918.4623606,0.482300,-1.002442,-0.127808,-8.422854,7.202148,19.470220,walking_abha_new
1771603918.4790618,0.535278,-1.135498,-0.126221,-1.892090,0.305176,37.231450,walking_abha_new
1771603918.4991105,0.611694,-1.296143,-0.097778,6.103514,-8.117676,65.551760,walking_abha_new
1771603918.5402398,0.532837,-1.146973,-0.105347,8.361816,-3.051757,81.848140,walking_abha_new
1771603918.5402398,0.409058,-0.869751,-0.174194,10.681150,8.178714,94.177240,walking_abha_new
1771603918.5561082,0.374756,-0.706055,-0.268433,16.052250,15.869140,96.679660,walking_abha_new
1771603918.5713055,0.449219,-0.729980,-0.311157,27.832030,8.178714,85.266100,walking_abha_new
1771603918.5964499,0.476563,-0.843506,-0.292603,37.109380,-8.056642,70.373540,walking_abha_new
1771603918.6171613,0.436157,-0.905152,-0.273560,41.870110,-8.300784,59.387200,walking_abha_new
1771603918.6385753,0.452148,-0.896484,-0.307861,40.710440,-18.005376,53.161610,walking_abha_new
1771603918.6658113,0.456665,-0.825684,-0.349487,38.757330,-27.770990,46.264640,walking_abha_new
1771603918.6755702,0.327881,-0.752808,-0.348511,34.851080,-31.860350,36.315920,walking_abha_new
1771603918.7005775,0.199341,-0.708618,-0.310181,18.859868,3.662109,36.682140,walking_abha_new
1771603918.715616,0.234131,-0.632202,-0.302490,7.690428,34.912120,35.278320,walking_abha_new
1771603918.735507,0.391724,-0.619751,-0.287109,4.211426,44.372550,34.790040,walking_abha_new
1771603918.7608368,0.476929,-0.630737,-0.269775,3.295898,31.188960,37.597660,walking_abha_new
1771603918.777263,0.538086,-0.641968,-0.260742,5.554198,7.995604,37.170420,walking_abha_new
1771603918.8018436,0.573730,-0.699951,-0.267822,8.666994,-13.977050,42.236320,walking_abha_new
1771603918.8189607,0.561646,-0.764771,-0.296387,8.239746,-23.559568,49.621580,walking_abha_new
1771603918.832695,0.577759,-0.783203,-0.308838,7.324218,-21.789548,51.147450,walking_abha_new
1771603918.8595822,0.598877,-0.774048,-0.305908,4.943848,-17.150880,53.039540,walking_abha_new
1771603918.8763266,0.651978,-0.781738,-0.323853,2.502442,-15.075680,52.612300,walking_abha_new
1771603918.8983529,0.661865,-0.894531,-0.344482,0.732422,-14.404296,44.250480,walking_abha_new
1771603918.9187562,0.681396,-0.978882,-0.340088,-2.502442,-12.695310,36.010750,walking_abha_new
1771603918.9365823,0.668091,-1.097778,-0.314453,-5.310058,-5.126952,25.878900,walking_abha_new
1771603918.9577105,0.717774,-1.357544,-0.322632,-6.774902,5.187988,12.268064,walking_abha_new
1771603918.9785953,0.728394,-1.509278,-0.344116,-13.916012,22.521970,-0.671386,walking_abha_new
1771603918.998658,0.639526,-1.294922,-0.344360,-21.606440,42.236320,-18.920900,walking_abha_new
1771603919.0175269,0.501831,-0.947266,-0.263428,-29.479976,62.499990,-34.606940,walking_abha_new
1771603919.0382917,0.442627,-0.686035,-0.211792,-27.099608,69.641120,-50.231920,walking_abha_new
1771603919.0550683,0.505982,-0.705688,-0.209839,-13.488768,60.485830,-70.373540,walking_abha_new
1771603919.077766,0.597534,-0.843994,-0.219849,-0.732422,13.916012,-86.364740,walking_abha_new
1771603919.0972328,0.666626,-0.930298,-0.191406,2.441407,-27.954100,-82.824700,walking_abha_new
1771603919.1192563,0.630860,-0.987793,-0.147705,3.234863,-61.706540,-74.890140,walking_abha_new
1771603919.1378496,0.442993,-0.979370,-0.117676,-0.793457,-71.167000,-67.016600,walking_abha_new
1771603919.1583428,0.278320,-0.858887,-0.115356,-8.117676,-58.837880,-62.377920,walking_abha_new
1771603919.1746316,0.219605,-0.725220,-0.159180,-10.314940,-37.048340,-59.509270,walking_abha_new
1771603919.19988,0.227173,-0.647217,-0.183472,-9.948730,-24.291990,-60.668940,walking_abha_new
1771603919.2152472,0.298218,-0.618286,-0.176392,-8.972170,-10.437010,-59.936520,walking_abha_new
1771603919.2400963,0.292969,-0.610718,-0.153564,-8.239746,-13.122556,-58.227530,walking_abha_new
1771603919.2583084,0.293457,-0.615234,-0.101074,-9.277344,-18.066410,-52.368160,walking_abha_new
1771603919.276991,0.305542,-0.686157,-0.088745,-11.352536,-21.606440,-45.898430,walking_abha_new
1771603919.2977738,0.268188,-0.736084,-0.095459,-12.329100,-19.409180,-40.893540,walking_abha_new
1771603919.3179488,0.263794,-0.813599,-0.106934,-14.831540,-8.300784,-33.386240,walking_abha_new
1771603919.3387232,0.277710,-0.870362,-0.114624,-18.066410,5.859374,-23.132320,walking_abha_new
1771603919.358825,0.313232,-0.917358,-0.125122,-19.531250,18.981940,-12.512204,walking_abha_new
1771603919.3735342,0.361328,-0.979736,-0.134399,-18.493652,25.451652,-0.976562,walking_abha_new
1771603919.399046,0.371826,-1.003906,-0.112915,-15.686032,24.597160,9.521484,walking_abha_new
1771603919.4174855,0.358398,-0.992310,-0.096313,-9.704590,21.850580,20.385740,walking_abha_new
1771603919.438149,0.417725,-1.057862,-0.116211,-1.037598,16.296390,34.362800,walking_abha_new
1771603919.4574478,0.585449,-1.344360,-0.114380,10.009768,-5.981444,57.434080,walking_abha_new
1771603919.477714,0.480835,-1.253296,-0.070923,13.977050,-16.052250,72.998060,walking_abha_new
1771603919.4990597,0.351196,-0.977783,-0.089966,16.784670,-9.521484,85.876460,walking_abha_new
1771603919.5201755,0.343140,-0.813354,-0.188599,23.071284,0.671386,89.233380,walking_abha_new
1771603919.5393507,0.362671,-0.797852,-0.261353,34.118660,-3.479003,76.599140,walking_abha_new
1771603919.5545259,0.327271,-0.867310,-0.260742,42.480460,-15.441892,58.593740,walking_abha_new
1771603919.5787318,0.260010,-0.928711,-0.251953,44.921860,-9.094240,43.395980,walking_abha_new
1771603919.596453,0.273071,-0.962769,-0.264282,40.832510,15.808104,35.949720,walking_abha_new
1771603919.6242762,0.372314,-0.916748,-0.281006,36.499030,24.230950,30.090330,walking_abha_new
1771603919.6380749,0.359009,-0.825073,-0.301392,23.620600,20.385740,34.362800,walking_abha_new
1771603919.6583877,0.282349,-0.691895,-0.305054,17.333990,26.977532,30.700680,walking_abha_new
1771603919.67966,0.335571,-0.666992,-0.298462,11.474608,34.484870,31.066890,walking_abha_new
1771603919.701501,0.386475,-0.639771,-0.289185,7.873534,33.996590,31.616208,walking_abha_new
1771603919.715331,0.474243,-0.665161,-0.269165,6.591796,23.742670,35.644540,walking_abha_new
1771603919.735265,0.464844,-0.680664,-0.264282,3.662109,13.366696,41.564930,walking_abha_new
1771603919.7586923,0.489868,-0.709961,-0.274536,2.746581,7.568358,41.503900,walking_abha_new
1771603919.777052,0.524658,-0.761108,-0.288086,1.831054,8.544924,42.480460,walking_abha_new
1771603919.79986,0.570679,-0.796509,-0.302856,0.793457,9.521484,40.832510,walking_abha_new
1771603919.8186975,0.606323,-0.809937,-0.318237,1.708984,5.065916,35.705570,walking_abha_new
1771603919.8339458,0.604736,-0.802368,-0.330688,1.647949,-4.516602,29.296870,walking_abha_new
1771603919.859503,0.622192,-0.878174,-0.349243,0.976562,-8.789064,18.676760,walking_abha_new
1771603919.875392,0.606568,-0.973511,-0.345337,-1.464844,-10.192870,9.765626,walking_abha_new
1771603919.8951623,0.552124,-1.048218,-0.320923,-7.141112,-3.784179,0.244141,walking_abha_new
1771603919.9163117,0.499390,-1.138672,-0.286133,-11.352536,12.145992,-8.483890,walking_abha_new
1771603919.9600954,0.553345,-1.322022,-0.294067,-15.441892,29.846190,-8.728030,walking_abha_new
1771603919.9679196,0.642456,-1.403320,-0.316284,-20.812980,38.452160,-16.479492,walking_abha_new
1771603919.9679196,0.599976,-1.186890,-0.289063,-21.362300,37.231450,-28.076170,walking_abha_new
1771603919.9980578,0.447266,-0.928833,-0.189331,-24.841304,36.193860,-28.137200,walking_abha_new
1771603920.0193179,0.404297,-0.775024,-0.135254,-16.845708,26.367180,-38.330080,walking_abha_new
1771603920.0377305,0.423706,-0.851074,-0.133301,-10.070800,8.178714,-49.377430,walking_abha_new
1771603920.054726,0.474243,-0.979004,-0.122803,-6.652830,-18.188480,-55.480940,walking_abha_new
1771603920.0787523,0.506348,-1.056641,-0.084595,-7.019042,-41.015620,-54.138180,walking_abha_new
1771603920.0965452,0.420776,-1.034790,-0.061401,-10.559080,-47.912590,-49.621580,walking_abha_new
1771603920.1176934,0.293091,-0.932862,-0.067627,-13.549804,-38.024910,-46.386710,walking_abha_new
1771603920.1382983,0.217285,-0.765259,-0.116211,-11.718748,-15.930172,-47.363270,walking_abha_new
1771603920.15236,0.216187,-0.628662,-0.185303,-7.690428,-5.615234,-49.133290,walking_abha_new
1771603920.1733773,0.293335,-0.573608,-0.197388,-2.807617,-7.385252,-48.339840,walking_abha_new
1771603920.1937878,0.295044,-0.577026,-0.176880,-1.281738,-20.751950,-43.701160,walking_abha_new
1771603920.2156546,0.272583,-0.594238,-0.105957,-3.295898,-25.146480,-41.381820,walking_abha_new
1771603920.2353182,0.267456,-0.637329,-0.089722,-3.967285,-22.583000,-39.123540,walking_abha_new
1771603920.2602618,0.293091,-0.715454,-0.107300,-6.958006,-19.348150,-35.766600,walking_abha_new
1771603920.2768717,0.345703,-0.799561,-0.125488,-9.948730,-17.333990,-29.602044,walking_abha_new
1771603920.2976136,0.362427,-0.875122,-0.128418,-14.465330,-15.747068,-19.775390,walking_abha_new
1771603920.3192701,0.346069,-0.922852,-0.125855,-18.188480,-6.164550,-10.498044,walking_abha_new
1771603920.339849,0.343384,-0.978638,-0.131836,-19.775390,10.559080,-3.173828,walking_abha_new
1771603920.3534565,0.383789,-1.059204,-0.128052,-20.080560,24.108880,2.502442,walking_abha_new
1771603920.3777907,0.398071,-1.065430,-0.091064,-17.211920,27.709956,7.995604,walking_abha_new
1771603920.3965824,0.406006,-1.033204,-0.120483,-4.272462,19.226080,18.127448,walking_abha_new
1771603920.416369,0.485962,-1.285889,-0.157959,6.408690,2.319336,26.916500,walking_abha_new
1771603920.436051,0.539185,-1.418213,-0.093384,12.023924,-11.901852,37.231450,walking_abha_new
1771603920.4581118,0.435791,-1.170166,-0.094482,10.864256,-10.314940,52.612300,walking_abha_new
1771603920.4787066,0.329834,-0.859375,-0.174438,13.244628,-1.403808,66.040040,walking_abha_new
1771603920.4985716,0.348755,-0.697754,-0.285034,22.644040,1.037598,60.913080,walking_abha_new
1771603920.5150142,0.373657,-0.737793,-0.334839,38.635260,-6.225584,41.259760,walking_abha_new
1771603920.5402734,0.298218,-0.864136,-0.312622,42.419420,-26.855464,19.165040,walking_abha_new
1771603920.5575745,0.283569,-0.918945,-0.301270,38.635260,-14.648436,-1.159668,walking_abha_new
1771603920.5798712,0.363159,-0.919556,-0.285522,31.005852,-5.249022,2.014160,walking_abha_new
1771603920.5985737,0.258789,-0.778564,-0.305298,16.784670,11.230468,-2.929687,walking_abha_new
1771603920.6177537,0.207520,-0.672852,-0.327393,7.934570,24.108880,-5.981444,walking_abha_new
1771603920.6380427,0.248413,-0.607910,-0.329468,0.549316,35.949720,-2.624511,walking_abha_new
1771603920.6583138,0.309570,-0.580933,-0.299927,-4.516602,38.330080,4.028321,walking_abha_new
1771603920.6791112,0.386719,-0.599243,-0.260376,-6.469726,30.639640,9.155274,walking_abha_new
1771603920.6936896,0.415161,-0.629272,-0.244751,-7.141112,16.601568,14.709470,walking_abha_new
1771603920.714775,0.444580,-0.674072,-0.244629,-5.310058,5.859374,14.709470,walking_abha_new
1771603920.7353275,0.462158,-0.742310,-0.259644,-4.943848,2.075196,20.019532,walking_abha_new
1771603920.7585979,0.504639,-0.778442,-0.285156,-4.333496,1.586914,20.507810,walking_abha_new
1771603920.777174,0.559326,-0.806641,-0.290161,0.488281,-6.835936,18.249516,walking_abha_new
1771603920.7988486,0.575928,-0.807007,-0.290772,1.220704,-11.413570,19.104010,walking_abha_new
1771603920.8186178,0.598877,-0.824951,-0.308472,2.075196,-16.113284,17.150880,walking_abha_new
1771603920.8386571,0.612793,-0.896973,-0.325684,3.662109,-19.592290,10.986324,walking_abha_new
1771603920.8552206,0.629761,-0.965454,-0.337280,5.615234,-20.019532,-7.873534,walking_abha_new
1771603920.878894,0.623902,-1.125854,-0.297608,2.319336,-10.375976,1.281738,walking_abha_new
1771603920.8976843,0.638550,-1.261230,-0.311279,-3.601074,5.126952,8.056642,walking_abha_new
1771603920.9158986,0.753418,-1.416260,-0.348877,-6.225584,9.277344,-0.915527,walking_abha_new
1771603920.9391706,0.689331,-1.262696,-0.352661,-11.596676,10.437010,-9.887696,walking_abha_new
1771603920.9573388,0.528809,-0.935181,-0.271851,-19.165040,18.493652,-15.258788,walking_abha_new
1771603920.9796567,0.480225,-0.738037,-0.206177,-19.226080,28.503410,-28.869624,walking_abha_new
1771603920.9929028,0.558228,-0.817261,-0.213501,-10.070800,15.930172,-50.598140,walking_abha_new
1771603921.0132709,0.620972,-0.904419,-0.199707,-3.723144,-13.000484,-62.805160,walking_abha_new
1771603921.035584,0.604736,-0.975952,-0.168335,-1.708984,-43.762200,-62.499990,walking_abha_new
1771603921.054925,0.507324,-0.981812,-0.138306,-3.295898,-52.062980,-61.767570,walking_abha_new
1771603921.0755727,0.378052,-0.920654,-0.129517,-10.131832,-40.344230,-58.898920,walking_abha_new
1771603921.0986826,0.282959,-0.790283,-0.136719,-18.188480,-18.798830,-56.396480,walking_abha_new
1771603921.1174283,0.282837,-0.665039,-0.151489,-18.127448,3.112792,-56.945790,walking_abha_new
1771603921.137426,0.324341,-0.574951,-0.163940,-15.441892,9.643556,-56.091300,walking_abha_new
1771603921.178564,0.319946,-0.531616,-0.112671,-9.399414,-14.343260,-51.818840,walking_abha_new
1771603921.197475,0.311524,-0.570312,-0.089600,-7.019042,-19.897460,-49.682610,walking_abha_new
1771603921.2184715,0.318359,-0.644531,-0.077026,-7.995604,-20.874020,-43.945300,walking_abha_new
1771603921.2526379,0.323730,-0.732788,-0.085938,-12.695310,-14.831540,-33.142100,walking_abha_new
1771603921.2571795,0.311768,-0.800537,-0.103516,-12.329100,-13.793944,-20.385740,walking_abha_new
1771603921.2782314,0.330688,-0.837036,-0.120972,-16.052250,-3.356933,-8.972170,walking_abha_new
1771603921.298074,0.350586,-0.908692,-0.123657,-16.662600,10.009768,1.159668,walking_abha_new
1771603921.3193285,0.396606,-0.995484,-0.119507,-17.700200,21.118160,12.268064,walking_abha_new
1771603921.3333333,0.436401,-1.011475,-0.105957,-16.113284,22.766110,23.315424,walking_abha_new
1771603921.3578188,0.474243,-1.020874,-0.114868,-4.455568,11.413570,39.733900,walking_abha_new
1771603921.3783731,0.544312,-1.205200,-0.136597,6.286620,-2.746581,55.908200,walking_abha_new
1771603921.5599117,0.615234,-1.376709,-0.132202,13.916012,-19.287110,70.739760,walking_abha_new
1771603921.5599117,0.520752,-1.246338,-0.126099,16.052250,-22.155760,85.205060,walking_abha_new
1771603921.5599117,0.407471,-0.945435,-0.175293,18.249516,-13.122556,95.458960,walking_abha_new
1771603921.5599117,0.375488,-0.752075,-0.269653,22.949216,-4.333496,94.543440,walking_abha_new
1771603921.5599117,0.386353,-0.702271,-0.315430,31.555170,-6.896972,76.293960,walking_abha_new
1771603921.5599117,0.308716,-0.770630,-0.310669,39.611820,-19.531250,53.894040,walking_abha_new
1771603921.5784216,0.258545,-0.874512,-0.277100,37.841800,-11.840818,35.034180,walking_abha_new
1771603921.5784216,0.296631,-0.909058,-0.292114,27.709956,13.793944,21.911620,walking_abha_new
1771603921.66552,0.360596,-0.845703,-0.293701,20.263670,18.859868,22.033690,walking_abha_new
1771603921.66552,0.296997,-0.742432,-0.307007,12.145992,21.362300,19.409180,walking_abha_new
1771603921.66552,0.294434,-0.693115,-0.301025,4.882814,31.433100,23.986810,walking_abha_new
1771603921.66552,0.339600,-0.647583,-0.287109,0.488281,40.527340,26.916500,walking_abha_new
1771603921.66552,0.438110,-0.651856,-0.259766,0.976562,34.912120,27.343748,walking_abha_new
1771603921.66552,0.466797,-0.648071,-0.247681,0.488281,20.568840,28.930660,walking_abha_new
1771603921.6750734,0.477783,-0.652588,-0.244873,3.417968,6.713866,25.939940,walking_abha_new
1771603921.6969082,0.457886,-0.704102,-0.251465,2.502442,5.554198,29.052730,walking_abha_new
1771603921.7144787,0.505615,-0.747437,-0.267334,1.098633,10.864256,28.198240,walking_abha_new
1771603921.73641,0.603394,-0.786133,-0.280396,2.014160,4.333496,24.353020,walking_abha_new
1771603921.7582412,0.615967,-0.764648,-0.286987,2.258301,-5.310058,24.658200,walking_abha_new
1771603921.7772446,0.604370,-0.763550,-0.304688,3.540038,-11.962890,22.338860,walking_abha_new
1771603921.7981935,0.619141,-0.825806,-0.329224,4.089356,-16.357424,15.136716,walking_abha_new
1771603921.8188062,0.627686,-0.893188,-0.337036,3.967285,-18.310550,2.441407,walking_abha_new
1771603921.8388698,0.612671,-0.992554,-0.312988,2.075196,-13.793944,-4.333496,walking_abha_new
1771603921.8596344,0.601807,-1.140747,-0.291504,-1.892090,-2.258301,-1.464844,walking_abha_new
1771603921.8958757,0.703980,-1.376709,-0.319458,-5.065916,7.141112,-2.563476,walking_abha_new
1771603921.8958757,0.741699,-1.422120,-0.351196,-10.131832,11.291500,-14.709470,walking_abha_new
1771603921.9158597,0.640137,-1.128052,-0.235962,-15.197750,13.000484,-26.367180,walking_abha_new
1771603921.9388459,0.478149,-0.827637,-0.173584,-15.869140,20.568840,-34.545900,walking_abha_new
1771603921.9577868,0.522827,-0.801026,-0.186035,-5.798338,12.390136,-53.344720,walking_abha_new
1771603921.9800851,0.562134,-0.866455,-0.195679,4.577638,-13.732908,-71.228040,walking_abha_new
1771603921.9996045,0.565796,-0.950195,-0.170288,7.324218,-45.288080,-74.584960,walking_abha_new
1771603922.0194304,0.519409,-0.992798,-0.117920,6.042480,-67.688000,-72.509780,walking_abha_new
1771603922.0393283,0.395630,-0.980591,-0.079468,-1.037598,-68.298340,-70.434580,walking_abha_new
1771603922.0550005,0.257690,-0.883911,-0.073242,-7.995604,-46.874990,-65.917980,walking_abha_new
1771603922.0819166,0.207764,-0.743042,-0.100464,-11.779784,-25.451652,-64.270040,walking_abha_new
1771603922.09641,0.284668,-0.647583,-0.151978,-11.169430,-4.028321,-63.659660,walking_abha_new
1771603922.1190917,0.336060,-0.606812,-0.154785,-6.591796,-12.573240,-64.697280,walking_abha_new
1771603922.1383152,0.319824,-0.630249,-0.119385,-6.225584,-18.066410,-64.697280,walking_abha_new
1771603922.158308,0.310669,-0.626709,-0.078491,-5.615234,-17.578130,-66.162120,walking_abha_new
1771603922.1831765,0.329224,-0.660278,-0.079712,-8.239746,-10.314940,-63.842760,walking_abha_new
1771603922.1963449,0.349121,-0.713989,-0.090332,-8.850100,-7.568358,-59.814440,walking_abha_new
1771603922.219779,0.375610,-0.789551,-0.108154,-12.329100,-2.746581,-53.588860,walking_abha_new
1771603922.23516,0.372070,-0.849365,-0.128784,-12.512204,-1.098633,-42.480460,walking_abha_new
1771603922.2559524,0.384644,-0.890991,-0.126953,-15.869140,6.042480,-30.517570,walking_abha_new
1771603922.2789943,0.410767,-0.970703,-0.128540,-17.395020,14.526364,-17.944340,walking_abha_new
1771603922.2983482,0.418457,-1.018433,-0.097656,-18.676760,21.179192,1.525878,walking_abha_new
1771603922.3115542,0.416016,-0.985230,-0.113892,-14.526364,19.592290,15.014646,walking_abha_new
1771603922.3393872,0.473511,-1.176270,-0.122192,-4.943848,12.329100,30.273430,walking_abha_new
1771603922.3534982,0.538696,-1.403442,-0.077515,3.234863,3.051757,47.851560,walking_abha_new
1771603922.3749857,0.494995,-1.243286,-0.082397,5.065916,5.676268,64.025900,walking_abha_new
1771603922.397252,0.395508,-0.884155,-0.172485,9.948730,9.521484,80.871560,walking_abha_new
1771603922.4179688,0.384766,-0.698608,-0.284180,19.653320,6.103514,87.463360,walking_abha_new
1771603922.436288,0.421021,-0.739990,-0.327881,35.949720,-10.742184,75.805680,walking_abha_new
1771603922.459706,0.372803,-0.879517,-0.304566,46.874990,-28.686520,56.823720,walking_abha_new
1771603922.4785576,0.343262,-0.963379,-0.263428,45.837400,-28.930660,46.325680,walking_abha_new
1771603922.4985523,0.428467,-0.930786,-0.292114,42.358390,-18.310550,25.939940,walking_abha_new
1771603922.5213468,0.376099,-0.900024,-0.326538,30.822750,-18.188480,45.166000,walking_abha_new
1771603922.5340352,0.224487,-0.738159,-0.343750,20.690910,-1.525878,34.179700,walking_abha_new
1771603922.554899,0.261475,-0.662598,-0.332275,14.770504,19.042970,26.306150,walking_abha_new
1771603922.577701,0.282227,-0.625122,-0.334106,5.065916,37.536620,31.555170,walking_abha_new
1771603922.5965054,0.400391,-0.589722,-0.310303,1.342773,39.001470,29.479976,walking_abha_new
1771603922.619577,0.468140,-0.610962,-0.283081,1.037598,23.071284,29.418940,walking_abha_new
1771603922.6418414,0.465332,-0.648194,-0.275879,-1.220704,7.995604,36.438000,walking_abha_new
1771603922.652456,0.473755,-0.674316,-0.283691,-3.295898,1.586914,38.330080,walking_abha_new
1771603922.679968,0.510132,-0.726074,-0.286987,-3.173828,3.417968,36.865240,walking_abha_new
1771603922.694477,0.594360,-0.784302,-0.292358,-3.417968,1.159668,37.109380,walking_abha_new
1771603922.7189176,0.620972,-0.766358,-0.300415,-1.831054,-6.225584,34.851080,walking_abha_new
1771603922.7354379,0.630493,-0.814820,-0.310059,0.976562,-11.840818,33.020020,walking_abha_new
1771603922.7582395,0.639893,-0.902832,-0.327881,0.549316,-10.375976,25.207516,walking_abha_new
1771603922.777817,0.670898,-0.967652,-0.328125,1.831054,-9.826660,9.582520,walking_abha_new
1771603922.797141,0.647949,-1.066284,-0.294067,-4.943848,-2.929687,14.160152,walking_abha_new
1771603922.8418088,0.650635,-1.189576,-0.291870,-6.347656,8.239746,7.629394,walking_abha_new
1771603922.8418088,0.766968,-1.439454,-0.316772,-7.690428,16.479492,0.732422,walking_abha_new
1771603922.8588352,0.766846,-1.408448,-0.337402,-13.793944,22.460930,-7.385252,walking_abha_new
1771603922.8748078,0.531250,-0.887451,-0.221191,-20.019532,35.339360,-23.498530,walking_abha_new
1771603922.8955808,0.519898,-0.728638,-0.190796,-17.395020,40.710440,-38.024910,walking_abha_new
1771603922.9177976,0.601929,-0.768066,-0.208252,-5.676268,25.634760,-57.128900,walking_abha_new
1771603922.9396293,0.645752,-0.834595,-0.215454,2.197266,-2.380371,-74.707040,walking_abha_new
1771603922.957015,0.654541,-0.884155,-0.186768,5.859374,-36.132820,-79.284680,walking_abha_new
1771603922.9781451,0.600708,-0.932373,-0.154785,7.019042,-56.945790,-78.430200,walking_abha_new
1771603923.0009675,0.494751,-0.943604,-0.151001,3.173828,-57.556140,-78.063980,walking_abha_new
1771603923.0156019,0.387451,-0.863770,-0.152344,-3.295898,-45.654280,-78.796400,walking_abha_new
1771603923.038059,0.341064,-0.751343,-0.166504,-6.408690,-26.611320,-80.993640,walking_abha_new
1771603923.0554736,0.343872,-0.661499,-0.194580,-7.507323,-18.066410,-82.824700,walking_abha_new
1771603923.0783541,0.400513,-0.591309,-0.194458,-5.798338,-13.122556,-84.045400,walking_abha_new
1771603923.0963533,0.362305,-0.582398,-0.167969,-4.089356,-22.521970,-84.289540,walking_abha_new
1771603923.1220114,0.333740,-0.602539,-0.129517,-3.479003,-29.052730,-83.801260,walking_abha_new
1771603923.1443017,0.332886,-0.649536,-0.119263,-9.826660,-25.390620,-78.308120,walking_abha_new
1771603923.1587534,0.311157,-0.710327,-0.119995,-12.268064,-19.958500,-73.486340,walking_abha_new
1771603923.2188814,0.302124,-0.781616,-0.129272,-17.456060,-9.521484,-63.842760,walking_abha_new
1771603923.2218478,0.309082,-0.821411,-0.138916,-23.620600,3.051757,-49.621580,walking_abha_new
1771603923.2218478,0.336182,-0.863526,-0.143311,-26.916500,15.563964,-35.766600,walking_abha_new
1771603923.2345235,0.376465,-0.934082,-0.135986,-28.381340,24.108880,-20.446770,walking_abha_new
1771603923.249402,0.402954,-0.965576,-0.101074,-25.695796,27.282710,3.417968,walking_abha_new
1771603923.2775784,0.423706,-1.000977,-0.079712,-16.967780,22.094720,18.493652,walking_abha_new
1771603923.2977512,0.470947,-1.174561,-0.072876,-6.591796,13.366696,38.635260,walking_abha_new
1771603923.3184357,0.524902,-1.338379,-0.054810,2.136231,5.615234,59.448240,walking_abha_new
1771603923.338831,0.533814,-1.262574,-0.065430,8.056642,3.051757,81.909160,walking_abha_new
1771603923.3556974,0.480835,-0.964478,-0.127930,13.427732,0.854492,101.684560,walking_abha_new
1771603923.374906,0.424805,-0.735718,-0.223145,22.338860,-5.371092,111.511200,walking_abha_new
1771603923.395007,0.407959,-0.691162,-0.280640,34.423840,-17.211920,105.957000,walking_abha_new
1771603923.4198368,0.392456,-0.798828,-0.262573,44.738760,-34.484870,89.233380,walking_abha_new
1771603923.4367342,0.334106,-0.886963,-0.227417,49.743640,-31.494136,63.110340,walking_abha_new
1771603923.4580247,0.369019,-0.930298,-0.244751,44.677720,-6.408690,60.791000,walking_abha_new
1771603923.478673,0.372803,-0.872559,-0.305420,37.536620,-3.295898,58.227530,walking_abha_new
1771603923.5013337,0.340820,-0.788086,-0.333740,29.357908,1.953124,53.039540,walking_abha_new
1771603923.513736,0.308594,-0.710816,-0.325195,21.484370,14.953610,52.368160,walking_abha_new
1771603923.5343285,0.353516,-0.660400,-0.320679,13.549804,30.944820,54.931630,walking_abha_new
1771603923.5566013,0.458740,-0.631592,-0.317017,11.962890,30.639640,51.940910,walking_abha_new
1771603923.5777674,0.548218,-0.650513,-0.305176,13.671872,12.512204,49.377430,walking_abha_new
1771603923.601612,0.498047,-0.662842,-0.298340,12.817380,-1.342773,49.926750,walking_abha_new
1771603923.6182306,0.468872,-0.702026,-0.301270,9.582520,0.732422,46.936020,walking_abha_new
1771603923.638201,0.553833,-0.776123,-0.311279,4.150392,11.413570,43.823240,walking_abha_new
1771603923.6564333,0.613526,-0.793335,-0.312622,1.953124,10.925290,40.161120,walking_abha_new
1771603923.6791198,0.625732,-0.769409,-0.315674,-0.122070,5.920409,37.475590,walking_abha_new
1771603923.6958137,0.633789,-0.782471,-0.330200,-1.281738,-0.915527,34.973150,walking_abha_new
1771603923.7218828,0.656860,-0.865845,-0.354370,-1.464844,-4.638672,27.282710,walking_abha_new
1771603923.735354,0.684204,-0.951294,-0.355347,-3.417968,-5.187988,15.869140,walking_abha_new
1771603923.7605522,0.677612,-1.035522,-0.330322,-9.155274,-4.394532,16.906740,walking_abha_new
1771603923.7771728,0.655762,-1.130738,-0.301636,-9.460450,1.525878,1.159668,walking_abha_new
1771603923.8266988,0.760864,-1.425293,-0.354248,-17.761230,18.615724,-20.812980,walking_abha_new
1771603923.8631165,0.527832,-0.742676,-0.202026,-20.874020,32.470710,-48.889150,walking_abha_new
1771603923.878082,0.569458,-0.756104,-0.200562,-9.704590,21.423332,-67.688000,walking_abha_new
1771603923.8962214,0.647827,-0.859619,-0.204956,-1.403808,-2.990722,-85.266100,walking_abha_new
1771603923.9226766,0.682007,-0.936524,-0.189331,3.417968,-39.184580,-89.843740,walking_abha_new
1771603923.9365237,0.647095,-1.001709,-0.143433,5.187988,-69.152840,-90.087860,walking_abha_new
1771603923.9570096,0.533936,-1.036255,-0.112427,3.173828,-78.979500,-90.942360,walking_abha_new
1771603923.9794514,0.395996,-0.989014,-0.105103,-3.723144,-70.312500,-91.674800,walking_abha_new
1771603923.999353,0.290039,-0.855713,-0.114014,-6.896972,-49.621580,-93.505840,walking_abha_new
1771603924.016648,0.282959,-0.688232,-0.143311,-6.591796,-22.521970,-97.656240,walking_abha_new
1771603924.0394003,0.286133,-0.651123,-0.165405,-1.159668,-20.690910,-98.327620,walking_abha_new
1771603924.056996,0.300903,-0.655396,-0.144409,-7.629394,-13.122556,-98.876940,walking_abha_new
1771603924.0781348,0.254395,-0.639648,-0.109985,-10.681150,-11.901852,-94.299300,walking_abha_new
1771603924.0963,0.250244,-0.642334,-0.074463,-14.465330,-4.455568,-85.205060,walking_abha_new
1771603924.3314693,0.337524,-0.929444,-0.100220,-21.240230,26.184080,-5.676268,walking_abha_new
1771603924.3314693,0.382690,-0.972534,-0.089355,-20.507810,30.883784,11.840818,walking_abha_new
1771603924.3314693,0.417725,-0.952393,-0.088745,-14.282224,30.212400,28.259270,walking_abha_new
1771603924.3314693,0.486084,-1.100342,-0.108032,0.427246,15.563964,45.227040,walking_abha_new
1771603924.3314693,0.560547,-1.354614,-0.089478,11.230468,-2.746581,64.392100,walking_abha_new
1771603924.3314693,0.560303,-1.356934,-0.061646,16.540530,-8.911134,82.824700,walking_abha_new
1771603924.3314693,0.460449,-1.032349,-0.117188,19.165040,-5.981444,100.891100,walking_abha_new
1771603924.3350637,0.400757,-0.782227,-0.219116,23.742670,-3.051757,111.938460,walking_abha_new
1771603924.3594253,0.407593,-0.736694,-0.289063,33.569340,-9.460450,106.445300,walking_abha_new
1771603924.3745797,0.395996,-0.856934,-0.283569,44.189440,-15.869140,87.646460,walking_abha_new
1771603924.3977318,0.332031,-0.984619,-0.233154,42.541500,-19.104010,65.490740,walking_abha_new
1771603924.4185982,0.388794,-0.964234,-0.262695,35.461430,-6.103514,61.401360,walking_abha_new
1771603924.4369462,0.379150,-0.895752,-0.313477,31.066890,2.258301,55.236800,walking_abha_new
1771603924.4578323,0.294922,-0.805664,-0.329834,21.423332,7.751464,44.860830,walking_abha_new
1771603924.478931,0.241577,-0.727905,-0.321045,11.230468,30.639640,43.395980,walking_abha_new
1771603924.5005906,0.302490,-0.679077,-0.314941,0.549316,53.771960,50.231920,walking_abha_new
1771603924.5201614,0.413696,-0.624390,-0.302124,-2.258301,57.495110,47.302240,walking_abha_new
1771603924.5344756,0.508789,-0.639160,-0.285278,0.366211,38.635260,43.334950,walking_abha_new
1771603924.5590947,0.526489,-0.662598,-0.277954,1.098633,15.197750,42.846670,walking_abha_new
1771603924.5747373,0.511353,-0.703980,-0.276611,-0.305176,-1.159668,48.828120,walking_abha_new
1771603924.6163712,0.548462,-0.772339,-0.288330,-1.953124,0.061035,49.560540,walking_abha_new
1771603924.6163712,0.598022,-0.803589,-0.294556,-2.014160,1.281738,47.668440,walking_abha_new
1771603924.641217,0.626587,-0.791992,-0.297485,-3.356933,-1.708984,46.752920,walking_abha_new
1771603924.659005,0.638062,-0.799927,-0.307739,-3.234863,-6.958006,44.311520,walking_abha_new
1771603924.6796684,0.657104,-0.865723,-0.329102,-3.662109,-10.131832,35.949720,walking_abha_new
1771603924.6997962,0.666748,-0.932617,-0.336182,-5.065916,-8.605960,22.949216,walking_abha_new
1771603924.717909,0.654419,-1.053833,-0.307007,-8.056642,-1.159668,17.089850,walking_abha_new
1771603924.736694,0.696533,-1.268677,-0.299927,-10.375976,8.056642,8.239746,walking_abha_new
1771603924.7623227,0.764893,-1.488404,-0.317261,-14.099120,17.944340,0.915527,walking_abha_new
1771603924.7769818,0.632568,-1.166504,-0.298706,-23.925780,42.053220,-23.132320,walking_abha_new
1771603924.7985208,0.534790,-0.841309,-0.219605,-29.296870,54.626460,-38.391120,walking_abha_new
1771603924.8192425,0.538696,-0.685913,-0.193970,-19.348150,49.865720,-57.312000,walking_abha_new
1771603924.8465471,0.612549,-0.770874,-0.196899,-5.920409,30.761716,-79.406740,walking_abha_new
1771603924.8581347,0.664429,-0.850464,-0.195068,2.380371,-0.732422,-92.773420,walking_abha_new
1771603924.8790321,0.685425,-0.917725,-0.167480,7.019042,-40.100100,-93.872060,walking_abha_new
1771603924.92608,0.651489,-0.968384,-0.140503,8.300784,-69.519040,-89.843740,walking_abha_new
1771603924.928146,0.526245,-0.983521,-0.130859,4.089356,-76.477060,-85.571260,walking_abha_new
1771603924.9389458,0.381592,-0.904785,-0.118530,-7.080076,-66.162120,-80.139160,walking_abha_new
1771603924.958084,0.304321,-0.777100,-0.132202,-12.573240,-34.118660,-77.209480,walking_abha_new
1771603924.9786425,0.341431,-0.631348,-0.178955,-12.756344,-8.605960,-79.895040,walking_abha_new
1771603925.0003366,0.379395,-0.576416,-0.171509,-5.126952,-11.474608,-83.679180,walking_abha_new
1771603925.0148897,0.405884,-0.579712,-0.150757,-7.446288,-12.512204,-86.303700,walking_abha_new
1771603925.0340924,0.377808,-0.622559,-0.122559,-5.554198,-22.521970,-87.036100,walking_abha_new
1771603925.0651329,0.368530,-0.679810,-0.105347,-7.995604,-27.954100,-82.336400,walking_abha_new
1771603925.080942,0.342774,-0.734375,-0.107422,-11.352536,-27.587884,-76.904300,walking_abha_new
1771603925.118879,0.305054,-0.867676,-0.119385,-21.301268,-5.310058,-58.166500,walking_abha_new
1771603925.140843,0.318726,-0.903809,-0.123901,-25.024410,9.399414,-44.738760,walking_abha_new
1771603925.2276013,0.383667,-1.005127,-0.111328,-23.803708,23.559568,-4.638672,walking_abha_new
1771603925.2276013,0.377930,-0.996216,-0.093384,-16.845708,19.165040,9.826660,walking_abha_new
1771603925.2276013,0.384277,-1.124512,-0.105225,-8.666994,11.108396,29.174800,walking_abha_new
1771603925.2402318,0.428101,-1.291504,-0.074219,-1.525878,4.943848,48.095700,walking_abha_new
1771603925.2559366,0.415894,-1.191528,-0.071533,2.075196,6.530760,67.504900,walking_abha_new
1771603925.278395,0.359009,-0.959229,-0.108887,7.995604,9.643556,86.303700,walking_abha_new
1771603925.2978957,0.351318,-0.819824,-0.186035,16.906740,10.009768,98.388660,walking_abha_new
1771603925.317733,0.385620,-0.793701,-0.249512,29.296870,1.342773,95.458960,walking_abha_new
1771603925.34016,0.370850,-0.831909,-0.272217,45.898430,-18.432620,79.162600,walking_abha_new
1771603925.3577735,0.347534,-0.944946,-0.240601,48.950180,-20.080560,69.946300,walking_abha_new
1771603925.3741753,0.412842,-0.942505,-0.243652,46.936020,-15.502928,68.237320,walking_abha_new
1771603925.3974223,0.426880,-0.868042,-0.278809,46.325680,-19.531250,66.955580,walking_abha_new
1771603925.4160693,0.377441,-0.780762,-0.304443,41.503900,-23.315424,62.927240,walking_abha_new
1771603925.4387918,0.341675,-0.709961,-0.315918,35.400400,-14.404296,61.218250,walking_abha_new
1771603925.4575274,0.335571,-0.665528,-0.318726,28.564450,2.624511,61.462400,walking_abha_new
1771603925.477665,0.409058,-0.654297,-0.312622,24.047850,13.183590,58.654780,walking_abha_new
1771603925.499371,0.525391,-0.665161,-0.306274,23.071284,7.873534,53.039540,walking_abha_new
1771603925.5198157,0.547852,-0.689820,-0.303955,21.057124,-3.723144,57.373040,walking_abha_new
1771603925.5587738,0.515503,-0.726196,-0.328613,16.296390,-3.662109,56.823720,walking_abha_new
1771603925.5587738,0.559570,-0.769043,-0.340088,12.817380,3.906249,55.114740,walking_abha_new
1771603925.575638,0.617798,-0.799805,-0.353760,9.765626,6.652830,52.734360,walking_abha_new
1771603925.5983834,0.665283,-0.784790,-0.365356,6.958006,0.488281,50.415030,walking_abha_new
1771603925.6170135,0.683228,-0.791138,-0.375855,5.981444,-11.108396,47.607410,walking_abha_new
1771603925.6316135,0.675049,-0.837402,-0.385498,4.089356,-16.906740,34.667980,walking_abha_new
1771603925.6591885,0.697876,-0.947510,-0.382202,1.770019,-20.202630,28.747552,walking_abha_new
1771603925.6729274,0.657715,-1.035767,-0.368530,-7.263182,-16.235352,21.850580,walking_abha_new
1771603925.698728,0.687866,-1.219482,-0.355957,-5.737304,-11.047360,0.610352,walking_abha_new
1771603925.713922,0.740234,-1.510132,-0.381470,-20.019532,18.798830,-12.390136,walking_abha_new
1771603925.7346525,0.645752,-1.163330,-0.344116,-27.587884,35.278320,-31.677240,walking_abha_new
1771603925.7559085,0.553833,-0.903809,-0.229248,-30.029290,44.616690,-48.828120,walking_abha_new
1771603925.7762628,0.534424,-0.829224,-0.206543,-24.597160,45.593250,-67.932140,walking_abha_new
1771603925.7981603,0.584961,-0.868042,-0.220459,-16.357424,33.020020,-89.782700,walking_abha_new
1771603925.819566,0.619263,-0.913208,-0.205811,-10.498044,5.554198,-101.684560,walking_abha_new
1771603925.839785,0.591553,-0.978394,-0.164185,-8.239746,-26.672360,-102.355940,walking_abha_new
1771603925.8537068,0.519409,-1.026856,-0.127075,-8.117676,-45.532220,-102.783180,walking_abha_new
1771603925.8754117,0.382202,-1.006958,-0.115234,-15.075680,-46.813960,-103.332500,walking_abha_new
1771603925.8982322,0.272339,-0.896973,-0.120483,-18.310550,-23.498530,-99.182100,walking_abha_new
1771603925.9158702,0.253784,-0.712158,-0.162964,-21.911620,5.004884,-91.918940,walking_abha_new
1771603925.9369357,0.291626,-0.628296,-0.174683,-19.287110,2.441407,-86.181620,walking_abha_new
1771603925.9514277,0.320435,-0.606568,-0.156616,-17.150880,-3.906249,-81.420880,walking_abha_new
1771603925.9846003,0.315674,-0.622314,-0.116821,-10.986324,-17.700200,-78.369140,walking_abha_new
1771603925.9984808,0.292114,-0.653320,-0.091797,-14.221190,-17.944340,-73.974620,walking_abha_new
1771603926.0130117,0.270264,-0.706543,-0.093384,-14.282224,-16.540530,-66.711440,walking_abha_new
1771603926.035397,0.281738,-0.771851,-0.111206,-16.174320,-12.634276,-58.471670,walking_abha_new
1771603926.0549765,0.290894,-0.829956,-0.118286,-16.906740,-6.530760,-50.170890,walking_abha_new
1771603926.077018,0.285889,-0.885498,-0.124756,-18.432620,3.112792,-39.184580,walking_abha_new
1771603926.0973423,0.304321,-0.946411,-0.135254,-20.385740,19.836430,-19.409180,walking_abha_new
1771603926.1333048,0.349365,-1.023804,-0.133911,-17.700200,22.155760,-4.455568,walking_abha_new
1771603926.1390224,0.359741,-1.007812,-0.117188,-12.939450,19.104010,9.765626,walking_abha_new
1771603926.15849,0.405274,-1.022828,-0.147339,-6.652830,10.803220,25.817870,walking_abha_new
1771603926.1738346,0.466675,-1.244629,-0.132324,4.211426,-4.699708,43.701160,walking_abha_new
1771603926.1934838,0.495606,-1.422730,-0.060669,9.826660,-9.948730,62.072740,walking_abha_new
1771603926.2186162,0.411987,-1.172974,-0.085815,7.141112,2.502442,81.420880,walking_abha_new
1771603926.2347794,0.351318,-0.827026,-0.161987,11.779784,12.512204,98.205560,walking_abha_new
1771603926.2598445,0.366577,-0.688721,-0.257080,22.766110,11.047360,101.928700,walking_abha_new
1771603926.2770374,0.376709,-0.747192,-0.308228,37.597660,-5.493162,91.003400,walking_abha_new
1771603926.3002715,0.347412,-0.931152,-0.287598,47.912590,-13.671872,71.655300,walking_abha_new
1771603926.3188193,0.388794,-0.963013,-0.274170,44.433580,-8.972170,67.871100,walking_abha_new
1771603926.33877,0.458008,-0.913208,-0.288208,40.954580,-8.544924,71.350100,walking_abha_new
1771603926.3579254,0.366699,-0.828736,-0.305542,33.386240,-14.709470,69.274900,walking_abha_new
1771603926.3741806,0.287598,-0.751099,-0.291626,23.742670,-3.173828,69.091800,walking_abha_new
1771603926.3951573,0.250366,-0.696655,-0.290649,10.131832,24.902340,75.866700,walking_abha_new
1771603926.4173126,0.338257,-0.651001,-0.293701,3.540038,46.142570,68.786640,walking_abha_new
1771603926.4360008,0.481690,-0.671997,-0.263550,4.394532,43.090810,61.889640,walking_abha_new
1771603926.4577532,0.532349,-0.707154,-0.243774,3.356933,29.418940,61.828600,walking_abha_new
1771603926.4776902,0.554444,-0.734375,-0.250244,4.394532,9.826660,57.739250,walking_abha_new
1771603926.4935448,0.547119,-0.795654,-0.277100,3.662109,10.620116,55.175770,walking_abha_new
1771603926.5193172,0.573608,-0.814942,-0.291626,2.563476,16.601568,50.048820,walking_abha_new
1771603926.5352857,0.626465,-0.802490,-0.301514,2.990722,16.479492,41.198720,walking_abha_new
1771603926.5548267,0.675049,-0.797486,-0.318359,5.249022,6.530760,34.423840,walking_abha_new
1771603926.5754304,0.705933,-0.846558,-0.347534,7.934570,-7.385252,26.550290,walking_abha_new
1771603926.5980787,0.718872,-0.907227,-0.370728,8.117676,-16.418460,14.465330,walking_abha_new
1771603926.6174886,0.707642,-1.010010,-0.366089,3.479003,-20.507810,8.850100,walking_abha_new
1771603926.638162,0.709351,-1.154297,-0.344116,2.502442,-19.836430,1.159668,walking_abha_new
1771603926.6588595,0.751587,-1.455933,-0.381836,-2.990722,-9.704590,0.793457,walking_abha_new
1771603926.6790824,0.682739,-1.288818,-0.383301,-20.935052,18.615724,-19.775390,walking_abha_new
1771603926.6998887,0.551026,-0.927612,-0.268555,-27.770990,31.982420,-37.475590,walking_abha_new
1771603926.71826,0.515381,-0.776123,-0.228882,-26.672360,39.550780,-58.410640,walking_abha_new
1771603926.738659,0.572998,-0.800904,-0.248413,-17.395020,33.020020,-81.665020,walking_abha_new
1771603926.755935,0.663086,-0.888184,-0.245483,-9.826660,7.263182,-98.327620,walking_abha_new
1771603926.7788804,0.670532,-0.958252,-0.217407,-5.615234,-28.869624,-102.600080,walking_abha_new
1771603926.797915,0.612061,-1.024658,-0.168213,-5.310058,-53.405750,-102.722160,walking_abha_new
1771603926.8187282,0.490723,-1.035156,-0.141480,-10.437010,-59.020980,-107.177720,walking_abha_new
1771603926.8399663,0.366821,-0.952515,-0.138672,-14.221190,-46.508780,-109.497040,walking_abha_new
1771603926.869741,0.277710,-0.815918,-0.145386,-15.991210,-15.808104,-110.656720,walking_abha_new
1771603926.8815088,0.306274,-0.671509,-0.178223,-13.732908,-11.474608,-109.619120,walking_abha_new
1771603926.8979864,0.310791,-0.663330,-0.168335,-8.483890,-21.179192,-104.919400,walking_abha_new
1771603926.915154,0.319214,-0.654785,-0.134888,-17.150880,-18.005376,-101.989720,walking_abha_new
1771603926.936932,0.268677,-0.650513,-0.095093,-17.150880,-20.385740,-98.205560,walking_abha_new
1771603926.9590712,0.272827,-0.684204,-0.077148,-20.080560,-14.953610,-89.965800,walking_abha_new
1771603926.9784887,0.299927,-0.733276,-0.081909,-23.071284,-9.582520,-77.392600,walking_abha_new
1771603926.992957,0.291870,-0.780762,-0.089111,-26.123040,-2.990722,-64.025900,walking_abha_new
1771603927.0147402,0.278198,-0.811524,-0.097290,-28.686520,6.958006,-50.476060,walking_abha_new
1771603927.0340238,0.303467,-0.861328,-0.118896,-29.296870,19.531250,-36.865240,walking_abha_new
1771603927.054713,0.383911,-0.973022,-0.112061,-30.334470,32.714850,-16.235352,walking_abha_new
1771603927.0776494,0.371216,-0.949585,-0.100342,-22.888180,28.686520,-1.220704,walking_abha_new
1771603927.0969415,0.387085,-0.900635,-0.094360,-15.319820,24.047850,12.695310,walking_abha_new
1771603927.1195247,0.439575,-1.003540,-0.120361,-4.211426,13.427732,29.479976,walking_abha_new
1771603927.1385152,0.512818,-1.231079,-0.104370,5.187988,-2.807617,47.790520,walking_abha_new
1771603927.159165,0.499390,-1.248536,-0.063599,8.239746,-6.591796,68.176280,walking_abha_new
1771603927.1790533,0.377197,-0.999878,-0.076904,9.765626,2.929687,89.965800,walking_abha_new
1771603927.1998694,0.350586,-0.823364,-0.146118,14.465330,17.517090,104.003900,walking_abha_new
1771603927.2190814,0.424927,-0.783203,-0.238770,23.681636,19.653320,106.872540,walking_abha_new
1771603927.2356098,0.471314,-0.831055,-0.276856,41.259760,-1.586914,92.529280,walking_abha_new
1771603927.2567933,0.423096,-0.947754,-0.263428,46.142570,-8.300784,83.435040,walking_abha_new
1771603927.277004,0.502075,-0.961182,-0.276245,44.311520,-7.812498,81.848140,walking_abha_new
1771603927.3020437,0.531128,-0.879272,-0.315796,44.555660,-17.883300,80.932600,walking_abha_new
1771603927.3207738,0.447510,-0.775391,-0.334961,42.175280,-29.663080,74.523940,walking_abha_new
1771603927.332307,0.353638,-0.690552,-0.349121,37.170420,-25.146480,68.725600,walking_abha_new
1771603927.3604677,0.295166,-0.642090,-0.355591,29.663080,-3.356933,62.622060,walking_abha_new
1771603927.3760774,0.370606,-0.658814,-0.335693,20.812980,17.089850,61.279280,walking_abha_new
1771603927.3953316,0.463013,-0.670288,-0.308106,13.366696,22.155760,64.392100,walking_abha_new
1771603927.417198,0.552246,-0.676026,-0.303589,11.047360,11.413570,58.227530,walking_abha_new
1771603927.436475,0.550781,-0.745117,-0.318604,10.375976,-5.554198,56.823720,walking_abha_new
1771603927.464195,0.570312,-0.802002,-0.336304,6.530760,-0.793457,58.044420,walking_abha_new
1771603927.4786856,0.608643,-0.816284,-0.348877,3.051757,6.286620,55.847160,walking_abha_new
1771603927.498448,0.631592,-0.789673,-0.344116,0.732422,7.995604,49.499500,walking_abha_new
1771603927.521334,0.659668,-0.799561,-0.342896,-0.549316,2.319336,43.151840,walking_abha_new
1771603927.5350115,0.677124,-0.848999,-0.350342,-1.403808,-1.647949,31.494136,walking_abha_new
1771603927.5584605,0.694702,-0.934326,-0.343384,-5.126952,-5.798338,28.991692,walking_abha_new
1771603927.5789526,0.668457,-1.017578,-0.327881,-8.544924,-5.004884,18.005376,walking_abha_new
1771603927.6105585,0.687012,-1.243164,-0.307251,-8.178714,1.098633,-0.244141,walking_abha_new
1771603927.6303937,0.786743,-1.520508,-0.329224,-14.465330,12.390136,-15.808104,walking_abha_new
1771603927.6375382,0.655396,-1.335572,-0.339600,-21.667476,28.442380,-27.648920,walking_abha_new
1771603927.6582906,0.503906,-0.954956,-0.238892,-28.198240,47.485340,-44.250480,walking_abha_new
1771603927.6929371,0.444946,-0.722290,-0.183472,-22.888180,55.908200,-64.392100,walking_abha_new
1771603927.6982567,0.505127,-0.762695,-0.182007,-9.826660,46.752920,-78.735360,walking_abha_new
1771603927.7254186,0.581787,-0.835571,-0.203735,-0.061035,17.883300,-92.041000,walking_abha_new
1771603927.7358675,0.618774,-0.897095,-0.187256,7.202148,-23.559568,-96.069320,walking_abha_new
1771603927.757099,0.586670,-0.968506,-0.137085,9.582520,-60.058580,-93.139640,walking_abha_new
1771603927.776814,0.451782,-0.982910,-0.103882,6.469726,-72.631840,-88.867160,walking_abha_new
1771603927.799739,0.293579,-0.913208,-0.096191,-2.990722,-62.316880,-82.275360,walking_abha_new
1771603927.8184962,0.231079,-0.727173,-0.135132,-9.155274,-28.137200,-73.120140,walking_abha_new
1771603927.839446,0.291016,-0.642578,-0.157349,-7.934570,-15.991210,-71.777340,walking_abha_new
1771603927.8596063,0.327026,-0.609863,-0.151733,-4.699708,-18.310550,-69.458020,walking_abha_new
1771603927.8762615,0.316162,-0.619751,-0.133057,-3.601074,-25.695796,-64.636240,walking_abha_new
1771603927.90326,0.316528,-0.633789,-0.107666,-3.417968,-31.311030,-58.898920,walking_abha_new
1771603927.9163313,0.310303,-0.676392,-0.089600,-5.310058,-33.203130,-52.246080,walking_abha_new
1771603927.9380286,0.291382,-0.722534,-0.088013,-9.094240,-30.029290,-43.945300,walking_abha_new
1771603927.957744,0.287354,-0.768921,-0.091187,-12.512204,-23.742670,-35.339360,walking_abha_new
1771603927.9998841,0.291138,-0.791504,-0.099854,-13.916012,-12.695310,-30.151360,walking_abha_new
1771603928.0018888,0.310791,-0.834473,-0.110107,-14.587400,3.845214,-16.906740,walking_abha_new
1771603928.020548,0.408081,-0.979126,-0.118774,-13.305660,7.385252,-5.432128,walking_abha_new
1771603928.0342584,0.421265,-1.053589,-0.108643,-12.207030,5.737304,6.835936,walking_abha_new
1771603928.0590835,0.401489,-1.074097,-0.096436,-9.155274,4.272462,18.493652,walking_abha_new
1771603928.0765693,0.444946,-1.160034,-0.102417,-2.563476,3.356933,32.592780,walking_abha_new
1771603928.0967705,0.518433,-1.335938,-0.088501,6.774902,-1.770019,47.668440,walking_abha_new
1771603928.1174998,0.525146,-1.302490,-0.090698,12.451170,-4.394532,63.659660,walking_abha_new
1771603928.1319294,0.435425,-0.987427,-0.145264,17.028810,-4.211426,78.369140,walking_abha_new
1771603928.1570256,0.355713,-0.727417,-0.234985,23.437492,-5.493162,86.486800,walking_abha_new
1771603928.1789765,0.349487,-0.689209,-0.295898,36.071780,-11.230468,78.002940,walking_abha_new
1771603928.193891,0.344116,-0.898560,-0.276001,45.959460,-22.460930,50.903310,walking_abha_new
1771603928.2185671,0.302734,-0.940918,-0.252441,44.311520,-14.526364,40.344230,walking_abha_new
1771603928.235227,0.328125,-0.948364,-0.261841,39.306640,1.770019,36.987310,walking_abha_new
1771603928.2567651,0.326416,-0.868652,-0.298706,34.301760,11.901852,29.418940,walking_abha_new
1771603928.2788851,0.316284,-0.790772,-0.317139,24.841304,16.662600,30.517570,walking_abha_new
1771603928.2970936,0.280762,-0.687744,-0.317749,12.756344,26.489250,38.818360,walking_abha_new
1771603928.318598,0.336792,-0.607544,-0.315918,11.291500,32.836920,30.273430,walking_abha_new
1771603928.3402355,0.402954,-0.617554,-0.302490,10.498044,28.564450,28.686520,walking_abha_new
1771603928.3558588,0.434082,-0.625366,-0.282471,9.094240,17.395020,28.442380,walking_abha_new
1771603928.373823,0.436890,-0.651734,-0.271240,5.676268,6.835936,31.921380,walking_abha_new
1771603928.397392,0.442017,-0.700806,-0.286743,2.380371,10.192870,31.799310,walking_abha_new
1771603928.4181333,0.492188,-0.740234,-0.294800,2.746581,16.174320,27.343748,walking_abha_new
1771603928.4370387,0.554077,-0.775391,-0.300171,1.281738,17.395020,27.526850,walking_abha_new
1771603928.4573514,0.608521,-0.767212,-0.319214,1.464844,8.850100,28.991692,walking_abha_new
1771603928.4777875,0.612183,-0.775024,-0.337402,3.417968,-2.624511,27.099608,walking_abha_new
1771603928.4969497,0.616699,-0.835816,-0.354858,5.187988,-10.192870,18.249516,walking_abha_new
1771603928.5200968,0.645386,-0.936035,-0.362915,4.577638,-14.892576,8.972170,walking_abha_new
1771603928.538811,0.637818,-1.022339,-0.357788,-1.831054,-18.676760,10.314940,walking_abha_new
1771603928.5557752,0.580444,-1.103638,-0.331909,-2.929687,-11.535644,-2.807617,walking_abha_new
1771603928.5842192,0.648682,-1.405884,-0.342041,-11.108396,15.991210,-4.028321,walking_abha_new
1771603928.5977037,0.688354,-1.367310,-0.377441,-20.812980,30.883784,-9.948730,walking_abha_new
1771603928.6182196,0.592407,-1.047730,-0.314331,-23.254390,35.888680,-24.475090,walking_abha_new
1771603928.6315699,0.531250,-0.822998,-0.216309,-26.977532,38.452160,-30.090330,walking_abha_new
1771603928.6581662,0.522827,-0.778320,-0.208130,-20.080560,34.179700,-44.311520,walking_abha_new
1771603928.6794932,0.594482,-0.861938,-0.219482,-13.000484,14.526364,-60.363760,walking_abha_new
1771603928.6934295,0.619629,-0.928467,-0.204102,-8.361816,-14.404296,-70.922860,walking_abha_new
1771603928.7233212,0.584229,-0.986450,-0.162476,-7.751464,-39.550780,-71.350100,walking_abha_new
1771603928.7346222,0.488159,-0.998657,-0.140991,-15.747068,-42.846670,-72.509780,walking_abha_new
1771603928.756946,0.318115,-0.871704,-0.135620,-17.211920,-21.423332,-72.692880,walking_abha_new
1771603928.7768173,0.258301,-0.742554,-0.139038,-20.080560,-3.906249,-73.791520,walking_abha_new
1771603928.7985525,0.301148,-0.635742,-0.163330,-19.348150,18.676760,-72.570800,walking_abha_new
1771603928.819175,0.333862,-0.568360,-0.178589,-15.380856,16.418460,-71.350100,walking_abha_new
1771603928.8402774,0.343628,-0.559814,-0.165772,-11.718748,5.920409,-69.152840,walking_abha_new
1771603928.8600845,0.322876,-0.579712,-0.124756,-11.169430,-4.882814,-65.734860,walking_abha_new
1771603928.8813186,0.300781,-0.607300,-0.092285,-11.413570,-11.291500,-59.997550,walking_abha_new
1771603928.8955314,0.301514,-0.673462,-0.092896,-13.549804,-11.413570,-51.452620,walking_abha_new
1771603928.9220498,0.304199,-0.751709,-0.112915,-17.272950,-8.911134,-41.076650,walking_abha_new
1771603928.9953122,0.329956,-0.932617,-0.135620,-22.949216,10.314940,-19.042970,walking_abha_new
1771603928.9953122,0.362305,-1.015015,-0.131714,-24.597160,21.606440,-8.361816,walking_abha_new
1771603928.9953122,0.370483,-1.029175,-0.098267,-25.512690,28.259270,3.234863,walking_abha_new
1771603929.0191383,0.367188,-0.989746,-0.078613,-21.362300,30.517570,13.610836,walking_abha_new
1771603929.0411186,0.420410,-1.082886,-0.100342,-11.657712,24.658200,26.184080,walking_abha_new
1771603929.0587413,0.511230,-1.358765,-0.088867,-2.441407,13.427732,43.090810,walking_abha_new
1771603929.0816722,0.559692,-1.414185,-0.043457,2.258301,7.934570,61.767570,walking_abha_new
1771603929.1001556,0.465820,-1.067871,-0.086792,3.417968,10.986324,86.120600,walking_abha_new
1771603929.1204734,0.409790,-0.781372,-0.194702,14.221190,14.465330,107.910140,walking_abha_new
1771603929.1396332,0.460693,-0.692017,-0.315308,29.541010,0.793457,96.496560,walking_abha_new
1771603929.158755,0.454102,-0.823364,-0.307129,42.602530,-13.916012,78.796400,walking_abha_new
1771603929.1795588,0.419678,-0.925537,-0.279785,46.142570,-26.306150,64.880380,walking_abha_new
1771603929.1998236,0.450440,-0.935303,-0.282593,42.053220,-26.489250,56.701650,walking_abha_new
1771603929.2175658,0.466675,-0.891968,-0.297363,38.330080,-27.160640,47.912590,walking_abha_new
1771603929.2383692,0.346802,-0.830444,-0.325195,27.526850,-20.629880,50.048820,walking_abha_new
1771603929.258793,0.257324,-0.709839,-0.349365,17.761230,0.244141,42.297360,walking_abha_new
1771603929.278671,0.266113,-0.640991,-0.349609,8.361816,26.977532,39.367680,walking_abha_new
1771603929.296948,0.362793,-0.603272,-0.326050,2.807617,44.067380,35.644540,walking_abha_new
1771603929.3232007,0.487671,-0.626343,-0.289307,-1.464844,31.066890,43.762200,walking_abha_new
1771603929.3405252,0.551270,-0.643311,-0.277466,-0.366211,8.483890,41.320790,walking_abha_new
1771603929.360481,0.523438,-0.680664,-0.265869,0.549316,-7.141112,43.945300,walking_abha_new
1771603929.3809679,0.520020,-0.721680,-0.273316,0.183105,-6.347656,43.640120,walking_abha_new
1771603929.395196,0.557495,-0.773438,-0.280640,-0.915527,0.549316,42.358390,walking_abha_new
1771603929.4175665,0.598877,-0.777832,-0.285645,-2.136231,1.586914,40.039070,walking_abha_new
1771603929.436982,0.623413,-0.771118,-0.282227,-2.258301,-4.394532,37.963880,walking_abha_new
1771603929.4595664,0.638184,-0.808350,-0.291382,-0.732422,-10.009768,31.433100,walking_abha_new
1771603929.480261,0.651734,-0.878052,-0.305786,0.122070,-13.305660,20.141600,walking_abha_new
1771603929.499178,0.671509,-0.976562,-0.305786,-0.305176,-13.000484,3.112792,walking_abha_new
1771603929.5192537,0.653687,-1.199463,-0.270996,-2.075196,-3.784179,-0.732422,walking_abha_new
1771603929.5959916,0.713989,-1.400879,-0.299927,-6.286620,8.666994,-5.615234,walking_abha_new
1771603929.5959916,0.705566,-1.369629,-0.328369,-11.291500,19.836430,-20.751950,walking_abha_new
1771603929.5959916,0.620117,-1.100464,-0.289429,-15.991210,27.160640,-34.118660,walking_abha_new
1771603929.5959916,0.522461,-0.822388,-0.213379,-19.165040,34.973150,-49.987780,walking_abha_new
1771603929.617462,0.499878,-0.738526,-0.191040,-11.840818,35.583500,-68.481460,walking_abha_new
1771603929.639883,0.598145,-0.840332,-0.193970,-4.516602,22.033690,-82.763660,walking_abha_new
1771603929.6595347,0.659424,-0.900635,-0.209961,0.915527,-9.094240,-87.768540,walking_abha_new
1771603929.679054,0.649048,-0.968994,-0.178101,4.150392,-42.602530,-88.195780,walking_abha_new
1771603929.6955502,0.529419,-1.024658,-0.139038,1.831054,-66.223160,-91.857900,walking_abha_new
1771603929.7155304,0.419678,-0.997803,-0.140869,-0.732422,-55.236800,-91.613760,walking_abha_new
1771603929.7353005,0.322144,-0.880982,-0.151733,-6.530760,-40.222160,-87.402320,walking_abha_new
1771603929.8192832,0.318970,-0.671631,-0.183594,-0.183105,-19.714360,-89.538560,walking_abha_new
1771603929.8192832,0.319458,-0.629150,-0.173584,-7.080076,-10.559080,-88.562000,walking_abha_new
1771603929.845674,0.296021,-0.594482,-0.154297,-4.760742,-16.235352,-89.538560,walking_abha_new
1771603929.8813,0.301758,-0.609497,-0.123291,-3.784179,-21.423332,-86.914040,walking_abha_new
1771603929.8959157,0.288452,-0.655152,-0.110962,-4.882814,-22.033690,-80.017100,walking_abha_new
1771603929.8959157,0.278687,-0.711914,-0.117065,-12.817380,-14.404296,-58.410640,walking_abha_new
1771603929.8959157,0.280029,-0.760498,-0.137817,-17.395020,-6.103514,-44.128410,walking_abha_new
1771603929.9162514,0.295166,-0.813721,-0.136963,-20.141600,5.004884,-30.761716,walking_abha_new
1771603929.938834,0.352783,-0.901612,-0.140137,-22.338860,15.197750,-15.930172,walking_abha_new
1771603929.9575956,0.409424,-0.983765,-0.130615,-25.634760,23.437492,0.122070,walking_abha_new
1771603929.978624,0.415283,-0.998047,-0.106812,-18.676760,15.441892,15.563964,walking_abha_new
1771603930.0178657,0.462280,-1.048462,-0.099731,-12.817380,10.681150,31.433100,walking_abha_new
1771603930.0240474,0.496460,-1.251709,-0.090942,-3.845214,3.906249,49.682610,walking_abha_new
1771603930.0399346,0.494263,-1.362549,-0.062012,0.610352,2.075196,69.396980,walking_abha_new
1771603930.0580263,0.459595,-1.164429,-0.083130,1.647949,10.131832,86.914040,walking_abha_new
1771603930.0753336,0.390869,-0.780884,-0.199463,9.948730,18.005376,105.285640,walking_abha_new
1771603930.1004748,0.419434,-0.746460,-0.268921,21.545408,8.972170,100.036600,walking_abha_new
1771603930.117743,0.424194,-0.834229,-0.276978,33.691410,-6.408690,82.946760,walking_abha_new
1771603930.1382992,0.358521,-0.917236,-0.243652,37.475590,-18.554690,68.176280,walking_abha_new
1771603930.1525812,0.350708,-0.952393,-0.229858,33.325200,-9.521484,62.438960,walking_abha_new
1771603930.1796608,0.370972,-0.906372,-0.254639,28.320310,0.549316,60.241690,walking_abha_new
1771603930.2002974,0.341675,-0.832886,-0.287598,23.071284,8.361816,55.847160,walking_abha_new
1771603930.2227006,0.299927,-0.764893,-0.299438,16.967780,19.104010,51.879880,walking_abha_new
1771603930.2362914,0.311768,-0.719971,-0.301392,7.995604,37.536620,57.189930,walking_abha_new
1771603930.2602837,0.384522,-0.666748,-0.291016,1.525878,44.555660,60.852040,walking_abha_new
1771603930.2782364,0.516480,-0.656128,-0.256348,2.136231,29.174800,60.302720,walking_abha_new
1771603930.2974565,0.524658,-0.667603,-0.247314,4.760742,11.291500,58.532700,walking_abha_new
1771603930.3190162,0.509766,-0.703125,-0.255615,5.981444,2.380371,59.143060,walking_abha_new
1771603930.3392618,0.530884,-0.737427,-0.275757,4.821778,2.807617,59.204090,walking_abha_new
1771603930.359448,0.576660,-0.769165,-0.285767,5.615234,5.432128,57.006820,walking_abha_new
1771603930.3803403,0.615234,-0.796997,-0.291748,3.906249,6.225584,56.335440,walking_abha_new
1771603930.3948402,0.643921,-0.777954,-0.310791,2.380371,2.380371,55.175770,walking_abha_new
1771603930.4287603,0.659912,-0.794068,-0.332764,1.770019,-3.662109,51.635740,walking_abha_new
1771603930.4371295,0.677002,-0.838379,-0.356201,1.342773,-8.300784,43.151840,walking_abha_new
1771603930.4623718,0.687866,-0.958252,-0.352051,1.220704,-12.634276,23.376460,walking_abha_new
1771603930.4781635,0.729004,-1.242066,-0.340088,0.854492,-11.474608,12.878416,walking_abha_new
1771603930.501266,0.799072,-1.577637,-0.350830,-6.103514,-2.197266,4.699708,walking_abha_new
1771603930.520514,0.734619,-1.532104,-0.349365,-18.005376,17.272950,-8.300784,walking_abha_new
1771603930.5469265,0.634033,-1.154908,-0.287842,-25.939940,37.414560,-24.963376,walking_abha_new
1771603930.5958488,0.621338,-0.821533,-0.231812,-3.173828,33.691410,-97.473140,walking_abha_new
1771603930.620786,0.663086,-0.902466,-0.230835,4.882814,-4.089356,-109.985320,walking_abha_new
1771603930.638419,0.655029,-0.963867,-0.185303,7.812498,-52.856440,-111.328100,walking_abha_new
1771603930.6604595,0.482666,-0.965332,-0.134155,5.065916,-61.950680,-109.619120,walking_abha_new
1771603930.6812637,0.358765,-0.895508,-0.142944,-4.333496,-58.044420,-103.149400,walking_abha_new
1771603930.7033646,0.281860,-0.783570,-0.163696,-7.751464,-49.133290,-95.275860,walking_abha_new
1771603930.7476614,0.299927,-0.695068,-0.184814,-7.568358,-30.944820,-90.270980,walking_abha_new
1771603930.7511163,0.311768,-0.630371,-0.163818,-11.474608,-23.071284,-89.721660,walking_abha_new
1771603930.7597642,0.287232,-0.635254,-0.160034,-11.901852,-20.385740,-85.693340,walking_abha_new
1771603930.785301,0.319946,-0.636108,-0.133911,-12.817380,-19.836430,-82.092260,walking_abha_new
1771603930.8006108,0.332764,-0.665650,-0.111206,-12.390136,-25.268550,-77.758800,walking_abha_new
1771603930.8183358,0.300171,-0.704224,-0.097778,-13.793944,-26.672360,-71.411140,walking_abha_new
1771603930.8399794,0.294678,-0.788452,-0.102295,-18.005376,-13.610836,-56.335440,walking_abha_new
1771603930.859789,0.314697,-0.824829,-0.109985,-20.751950,-3.173828,-45.288080,walking_abha_new
1771603930.880353,0.333984,-0.851074,-0.111694,-22.033690,7.568358,-33.813480,walking_abha_new
1771603930.8968513,0.372681,-0.914062,-0.118164,-21.301268,14.892576,-20.629880,walking_abha_new
1771603930.9187639,0.430786,-0.987061,-0.110596,-18.676760,16.235352,-7.812498,walking_abha_new
1771603930.960217,0.445679,-0.980103,-0.095947,-15.136716,12.939450,4.394532,walking_abha_new
1771603930.9652083,0.464966,-0.989258,-0.100952,-5.737304,5.432128,18.188480,walking_abha_new
1771603930.977597,0.534790,-1.168091,-0.093994,5.737304,-7.019042,34.179700,walking_abha_new
1771603931.0016413,0.583984,-1.311158,-0.078613,14.343260,-16.235352,51.208480,walking_abha_new
1771603931.0211046,0.518921,-1.166870,-0.103272,16.418460,-6.164550,75.561540,walking_abha_new
1771603931.0391655,0.382690,-0.735840,-0.208740,18.981940,5.371092,85.876460,walking_abha_new
1771603931.0548446,0.386719,-0.633545,-0.273316,26.245110,9.399414,83.740220,walking_abha_new
1771603931.079411,0.440186,-0.738404,-0.293823,36.438000,1.159668,68.603540,walking_abha_new
1771603931.0971317,0.458862,-0.855469,-0.272461,42.663560,-3.295898,53.100580,walking_abha_new
1771603931.120144,0.446899,-0.904663,-0.269287,42.480460,-7.629394,43.884270,walking_abha_new
1771603931.1390474,0.516358,-0.883789,-0.294312,39.855960,-10.681150,44.738760,walking_abha_new
1771603931.1602051,0.482544,-0.811646,-0.349243,35.766600,-24.108880,40.405260,walking_abha_new
1771603931.1788738,0.374024,-0.741944,-0.365356,31.555170,-25.207516,33.020020,walking_abha_new
1771603931.200205,0.291382,-0.677979,-0.358032,24.719230,-5.981444,26.489250,walking_abha_new
1771603931.2221708,0.349121,-0.632202,-0.351685,10.742184,26.611320,32.104500,walking_abha_new
1771603931.2403407,0.462646,-0.621460,-0.345581,8.300784,26.123040,28.503410,walking_abha_new
1771603931.256146,0.518311,-0.641968,-0.327637,7.995604,8.850100,30.029290,walking_abha_new
1771603931.2807672,0.478638,-0.655640,-0.328125,6.835936,-3.051757,31.677240,walking_abha_new
1771603931.319089,0.483643,-0.686402,-0.337158,4.394532,-5.187988,33.325200,walking_abha_new
1771603931.319089,0.513550,-0.713257,-0.347412,1.708984,-2.197266,35.339360,walking_abha_new
1771603931.335447,0.557495,-0.714478,-0.351685,0.122070,-2.197266,34.057620,walking_abha_new
1771603931.3611073,0.580444,-0.707764,-0.350830,-0.183105,-6.896972,33.081060,walking_abha_new
1771603931.3813345,0.600586,-0.754761,-0.354614,-0.122070,-10.986324,34.606940,walking_abha_new
1771603931.402616,0.606934,-0.862793,-0.368896,-2.685546,-10.314940,28.686520,walking_abha_new
1771603931.419371,0.632080,-0.995117,-0.357178,-8.178714,-10.009768,27.587884,walking_abha_new
1771603931.439785,0.605469,-1.051636,-0.312988,-9.033204,0.183105,15.441892,walking_abha_new
1771603931.4575703,0.635864,-1.246216,-0.307007,-11.657712,15.502928,18.127448,walking_abha_new
1771603931.4782782,0.734375,-1.409668,-0.360840,-15.747068,24.597160,11.474608,walking_abha_new
1771603931.5013537,0.703858,-1.268433,-0.369263,-17.333990,27.099608,-2.990722,walking_abha_new
1771603931.5191982,0.514648,-0.974487,-0.273193,-23.681636,43.212880,-15.075680,walking_abha_new
1771603931.5394616,0.473389,-0.745850,-0.203247,-27.893060,56.823720,-24.841304,walking_abha_new
1771603931.555209,0.541748,-0.754517,-0.206299,-15.808104,48.828120,-45.349110,walking_abha_new
1771603931.5798347,0.617798,-0.860962,-0.216553,-5.981444,26.916500,-64.453140,walking_abha_new
1771603931.6026363,0.634155,-0.941040,-0.184692,-0.488281,-19.653320,-68.969740,walking_abha_new
1771603931.6192334,0.595947,-0.945312,-0.151733,0.732422,-41.137680,-66.040040,walking_abha_new
1771603931.6407087,0.478882,-0.917236,-0.148926,-0.854492,-44.250480,-63.354480,walking_abha_new
1771603931.659182,0.352905,-0.824097,-0.155273,-5.615234,-33.142100,-62.622060,walking_abha_new
1771603931.6800973,0.320557,-0.718018,-0.171509,-8.605960,-15.991210,-63.903800,walking_abha_new
1771603931.6950812,0.325440,-0.633179,-0.203369,-7.629394,-6.896972,-64.453140,walking_abha_new
1771603931.7206438,0.377075,-0.573853,-0.208252,-5.310058,-4.211426,-65.490740,walking_abha_new
1771603931.73873,0.361694,-0.553345,-0.192383,-3.295898,-12.817380,-64.819340,walking_abha_new
1771603931.7621765,0.326538,-0.560791,-0.156738,-3.234863,-18.981940,-64.086940,walking_abha_new
1771603931.7796593,0.318970,-0.606445,-0.135376,-3.845214,-20.874020,-57.250960,walking_abha_new
1771603931.798061,0.318359,-0.714966,-0.143311,-8.850100,-16.479492,-48.095700,walking_abha_new
1771603931.8121614,0.314453,-0.782227,-0.152588,-14.038084,-9.704590,-36.499030,walking_abha_new
1771603931.8396125,0.297119,-0.813843,-0.149048,-19.287110,1.037598,-24.108880,walking_abha_new
1771603931.8539054,0.311646,-0.861694,-0.154907,-22.216790,16.296390,-12.878416,walking_abha_new
1771603931.8813899,0.373047,-0.940674,-0.158691,-22.705070,26.977532,-1.647949,walking_abha_new
1771603931.894781,0.435547,-0.995117,-0.148926,-21.057124,27.893060,10.864256,walking_abha_new
1771603931.9193845,0.461670,-1.003662,-0.141235,-16.540530,21.362300,23.193352,walking_abha_new
1771603931.9364033,0.490967,-1.009766,-0.147095,-10.925290,12.145992,36.682140,walking_abha_new
1771603931.9596772,0.536987,-1.152466,-0.161987,-2.685546,-1.770019,51.879880,walking_abha_new
1771603931.9785588,0.506470,-1.299194,-0.132813,3.540038,-5.065916,71.594240,walking_abha_new
1771603931.9928813,0.412598,-1.070801,-0.152466,0.671386,12.817380,84.106440,walking_abha_new
1771603932.01989,0.387451,-0.832886,-0.215088,1.647949,29.418940,92.041000,walking_abha_new
1771603932.0409286,0.415894,-0.729248,-0.281006,8.544924,33.447270,87.524400,walking_abha_new
1771603932.055168,0.438232,-0.760376,-0.307495,19.653320,22.033690,71.289060,walking_abha_new
1771603932.0826812,0.418457,-0.849610,-0.298706,29.663080,17.150880,53.955070,walking_abha_new
1771603932.0968041,0.460449,-0.918091,-0.297485,31.494136,7.690428,42.236320,walking_abha_new
1771603932.1192896,0.495239,-0.877930,-0.323608,27.404780,-5.432128,39.672860,walking_abha_new
1771603932.137153,0.464722,-0.804932,-0.336182,24.353020,-16.662600,34.484870,walking_abha_new
1771603932.1593943,0.318482,-0.732666,-0.322144,15.197750,-3.112792,34.423840,walking_abha_new
1771603932.1793828,0.277710,-0.641113,-0.305786,1.403808,23.620600,30.883784,walking_abha_new
1771603932.202771,0.373901,-0.638184,-0.294556,-4.516602,40.771480,31.249992,walking_abha_new
1771603932.2157798,0.486328,-0.645508,-0.276001,-6.286620,36.865240,30.517570,walking_abha_new
1771603932.235285,0.545288,-0.664551,-0.269775,-4.699708,18.676760,31.494136,walking_abha_new
1771603932.2579808,0.542358,-0.671021,-0.276367,-2.990722,1.953124,33.874520,walking_abha_new
1771603932.2767372,0.516602,-0.699829,-0.293579,-2.075196,-1.464844,35.278320,walking_abha_new
1771603932.3006163,0.539795,-0.732422,-0.310913,-2.929687,2.502442,34.729010,walking_abha_new
1771603932.319245,0.579468,-0.730957,-0.314575,-3.784179,2.075196,32.653820,walking_abha_new
1771603932.3391092,0.595947,-0.720581,-0.310913,-3.967285,-3.845214,31.677240,walking_abha_new
1771603932.3547044,0.620972,-0.811402,-0.324585,-4.272462,-10.559080,26.000970,walking_abha_new
1771603932.380379,0.632324,-0.895996,-0.334839,-5.615234,-11.962890,17.944340,walking_abha_new
1771603932.3997002,0.625244,-1.004150,-0.312134,-7.873534,-7.629394,10.070800,walking_abha_new
1771603932.418412,0.594360,-1.122925,-0.284058,-9.948730,8.117676,3.051757,walking_abha_new
1771603932.4404476,0.671265,-1.347046,-0.300537,-11.352536,23.559568,0.854492,walking_abha_new
1771603932.457101,0.716064,-1.399780,-0.337158,-15.014646,36.193860,-8.300784,walking_abha_new
1771603932.478368,0.614380,-1.112305,-0.307007,-17.395020,43.029780,-21.972650,walking_abha_new
1771603932.492738,0.521240,-0.823853,-0.225708,-19.226080,47.485340,-35.583500,walking_abha_new
1771603932.5198638,0.479248,-0.740234,-0.204224,-9.643556,49.072260,-53.833000,walking_abha_new
1771603932.5401006,0.561402,-0.831787,-0.208496,13.305660,25.085448,-72.082540,walking_abha_new
1771603932.5599136,0.611328,-0.866821,-0.206055,6.958006,-13.366696,-73.669440,walking_abha_new
1771603932.5822203,0.564575,-0.917969,-0.174072,10.070800,-43.334950,-73.303240,walking_abha_new
1771603932.597617,0.489868,-0.938843,-0.157837,8.300784,-53.955070,-71.716320,walking_abha_new
1771603932.6166759,0.368896,-0.890015,-0.148438,3.051757,-45.654280,-66.955580,walking_abha_new
1771603932.640679,0.278076,-0.781250,-0.150147,-2.258301,-28.564450,-62.683100,walking_abha_new
1771603932.6604831,0.282349,-0.674194,-0.177002,-3.356933,-12.145992,-60.180660,walking_abha_new
1771603932.6801047,0.317383,-0.603638,-0.199341,-2.746581,-15.380856,-59.204090,walking_abha_new
1771603932.7037325,0.359985,-0.581909,-0.190430,0.061035,-15.624996,-58.837880,walking_abha_new
1771603932.7188923,0.337646,-0.583862,-0.162476,1.281738,-24.536130,-58.959950,walking_abha_new
1771603932.7396474,0.323730,-0.640137,-0.130493,1.586914,-29.418940,-55.969230,walking_abha_new
1771603932.756163,0.332153,-0.705811,-0.133911,0.671386,-28.625480,-50.537100,walking_abha_new
1771603932.7797394,0.341675,-0.775635,-0.141235,-2.807617,-24.353020,-41.992180,walking_abha_new
1771603932.798162,0.340576,-0.818604,-0.139893,-7.385252,-16.113284,-31.433100,walking_abha_new
1771603932.8209097,0.344727,-0.855713,-0.133667,-11.535644,-2.868652,-20.141600,walking_abha_new
1771603932.839725,0.375000,-0.905152,-0.133911,-14.099120,10.803220,-8.666994,walking_abha_new
1771603932.8560548,0.431519,-0.962524,-0.124268,-14.587400,17.639160,4.699708,walking_abha_new
1771603932.880313,0.455811,-0.969238,-0.109131,-11.718748,16.479492,18.005376,walking_abha_new
1771603932.9008594,0.477539,-0.964356,-0.117920,-6.103514,9.094240,29.724120,walking_abha_new
1771603932.9188435,0.512207,-1.129517,-0.147461,1.220704,-8.911134,45.837400,walking_abha_new
1771603932.9403887,0.451538,-1.447510,-0.037720,7.324218,-6.225584,56.335440,walking_abha_new
1771603932.9572673,0.363037,-1.266358,-0.041382,0.061035,22.766110,66.711440,walking_abha_new
1771603932.9784644,0.326050,-0.894043,-0.139648,0.305176,45.654280,78.369140,walking_abha_new
1771603933.0002337,0.379883,-0.678223,-0.255493,11.596676,44.616690,78.735360,walking_abha_new
1771603933.0221117,0.394409,-0.661743,-0.303955,30.090330,21.423332,64.086940,walking_abha_new
1771603933.0391095,0.344482,-0.797852,-0.292847,42.907700,4.577638,47.546380,walking_abha_new
1771603933.0608664,0.336426,-0.905274,-0.275269,43.395980,-5.004884,36.499030,walking_abha_new
1771603933.0780087,0.440552,-0.940674,-0.255737,41.076650,-4.150392,37.414560,walking_abha_new
1771603933.0996153,0.449585,-0.879517,-0.270874,33.813480,-14.770504,33.569340,walking_abha_new
1771603933.1174357,0.306885,-0.748169,-0.288940,20.019532,-10.925290,43.701160,walking_abha_new
1771603933.1398482,0.302246,-0.662598,-0.327026,13.671872,10.742184,34.423840,walking_abha_new
1771603933.1594517,0.403198,-0.663330,-0.329712,8.789064,23.193352,34.790040,walking_abha_new
1771603933.1796365,0.488892,-0.672730,-0.297730,4.516602,23.010250,36.376960,walking_abha_new
1771603933.1997623,0.547730,-0.680054,-0.280762,3.051757,9.765626,35.644540,walking_abha_new
1771603933.2189152,0.533203,-0.695068,-0.281128,3.112792,-2.685546,36.071780,walking_abha_new
1771603933.2417648,0.521362,-0.726196,-0.291748,1.342773,-3.295898,35.095220,walking_abha_new
1771603933.2576203,0.556274,-0.752197,-0.300049,0.061035,0.183105,32.226570,walking_abha_new
1771603933.2800667,0.610718,-0.768555,-0.311279,0.549316,-4.028321,28.930660,walking_abha_new
1771603933.2979357,0.611328,-0.753906,-0.319580,0.793457,-14.099120,23.742670,walking_abha_new
1771603933.3184793,0.587769,-0.781006,-0.322510,-0.793457,-16.418460,17.761230,walking_abha_new
1771603933.3387537,0.587646,-0.857788,-0.325562,-2.319336,-9.765626,6.835936,walking_abha_new
1771603933.3584948,0.605103,-0.963623,-0.317871,-6.713866,-5.310058,2.197266,walking_abha_new
1771603933.3803973,0.592774,-1.059936,-0.287232,-11.047360,3.662109,-0.671386,walking_abha_new
1771603933.3999953,0.584839,-1.206055,-0.263550,-14.282224,19.042970,-5.065916,walking_abha_new
1771603933.4157066,0.699463,-1.384888,-0.276856,-15.624996,27.038570,-10.559080,walking_abha_new
1771603933.4404106,0.747192,-1.370484,-0.315918,-17.089850,23.010250,-17.028810,walking_abha_new
1771603933.4577997,0.582276,-1.066894,-0.282471,-15.808104,25.695796,-26.855464,walking_abha_new
1771603933.4780052,0.486816,-0.807617,-0.194580,-19.836430,33.813480,-31.249992,walking_abha_new
1771603933.4996498,0.537598,-0.731201,-0.195435,-5.676268,17.211920,-52.917470,walking_abha_new
1771603933.5213284,0.584351,-0.818115,-0.199341,3.723144,-9.887696,-71.228040,walking_abha_new
1771603933.5409198,0.599487,-0.899658,-0.170898,5.798338,-40.771480,-73.852540,walking_abha_new
1771603933.5600483,0.571533,-0.944214,-0.131958,5.371092,-63.659660,-68.237320,walking_abha_new
1771603933.57508,0.455322,-0.962036,-0.116089,0.732422,-63.720700,-63.354480,walking_abha_new
1771603933.597992,0.353760,-0.901001,-0.125366,-9.277344,-48.400870,-57.861320,walking_abha_new
1771603933.6188161,0.307373,-0.776612,-0.135742,-12.023924,-23.681636,-56.762680,walking_abha_new
1771603933.6420693,0.325440,-0.683472,-0.153564,-13.000484,-10.620116,-58.105460,walking_abha_new
1771603933.659201,0.375000,-0.620728,-0.167236,-11.291500,-1.525878,-56.945790,walking_abha_new
1771603933.6798892,0.396362,-0.578247,-0.155396,-7.080076,-18.066410,-59.326160,walking_abha_new
1771603933.6996236,0.395874,-0.598145,-0.116089,-2.624511,-23.803708,-61.218250,walking_abha_new
1771603933.7206657,0.369263,-0.658814,-0.108154,-2.868652,-30.883784,-58.837880,walking_abha_new
1771603933.7422,0.340820,-0.706055,-0.106445,-4.455568,-30.700680,-56.884760,walking_abha_new
1771603933.7597113,0.312866,-0.765625,-0.107056,-8.422854,-22.644040,-49.438460,walking_abha_new
1771603933.7784781,0.317749,-0.802612,-0.113037,-15.014646,-7.812498,-38.757330,walking_abha_new
1771603933.7977974,0.342529,-0.840942,-0.123535,-18.249516,7.568358,-28.381340,walking_abha_new
1771603933.8188431,0.392944,-0.927734,-0.130249,-19.836430,18.188480,-16.479492,walking_abha_new
1771603933.8395953,0.442993,-0.995239,-0.124878,-20.751950,20.996090,-4.455568,walking_abha_new
1771603933.8600428,0.443726,-1.018555,-0.105957,-16.357424,17.822270,6.652830,walking_abha_new
1771603933.8803182,0.520142,-1.288696,-0.056519,-0.427246,10.620116,30.944820,walking_abha_new
1771603933.8982549,0.577148,-1.432251,-0.050903,5.920409,10.620116,49.926750,walking_abha_new
1771603933.91584,0.539185,-1.204956,-0.130493,13.854978,2.319336,69.458020,walking_abha_new
1771603933.93761,0.466309,-0.818848,-0.244019,18.066410,-5.065916,84.533660,walking_abha_new
1771603933.9599233,0.366821,-0.561035,-0.325317,24.414060,-16.845708,88.012680,walking_abha_new
1771603933.9811065,0.309814,-0.642944,-0.321655,36.132820,-27.832030,72.509780,walking_abha_new
1771603933.9991744,0.269409,-0.858643,-0.249756,37.841800,-29.174800,52.795400,walking_abha_new
1771603934.0136676,0.212158,-0.928589,-0.205688,32.653820,-12.023924,36.682140,walking_abha_new
1771603934.034822,0.244141,-0.963013,-0.209229,21.179192,23.620600,36.132820,walking_abha_new
1771603934.0608547,0.280396,-0.920044,-0.259644,8.483890,50.964340,33.996590,walking_abha_new
1771603934.0793154,0.347046,-0.765869,-0.316040,-0.366211,54.077140,33.386240,walking_abha_new
1771603934.0963712,0.374390,-0.669434,-0.331421,-2.868652,56.335440,36.926280,walking_abha_new
1771603934.119754,0.502686,-0.600220,-0.340942,1.403808,44.250480,35.034180,walking_abha_new
1771603934.138244,0.565552,-0.602539,-0.322144,6.347656,15.502928,41.137680,walking_abha_new
1771603934.1719995,0.556763,-0.615845,-0.302734,9.887696,-13.061520,38.574220,walking_abha_new
1771603934.17913,0.492188,-0.654907,-0.285889,8.972170,-27.404780,37.109380,walking_abha_new
1771603934.1942027,0.425415,-0.683716,-0.282593,2.746581,-17.272950,38.024910,walking_abha_new
1771603934.2219188,0.471680,-0.703247,-0.286133,-2.746581,0.366211,35.949720,walking_abha_new
1771603934.276465,0.569214,-0.735352,-0.292603,-3.845214,5.310058,32.531740,walking_abha_new
1771603934.2784705,0.621216,-0.755860,-0.299438,-2.990722,-3.540038,32.836920,walking_abha_new
1771603934.2796466,0.622681,-0.771729,-0.309326,-1.525878,-9.033204,32.470710,walking_abha_new
1771603934.3001082,0.636597,-0.837646,-0.329590,0.488281,-11.230468,27.465816,walking_abha_new
1771603934.3194416,0.653687,-0.926148,-0.336426,2.197266,-11.352536,17.639160,walking_abha_new
1771603934.3393884,0.658570,-1.017090,-0.321655,0.305176,-11.413570,13.854978,walking_abha_new
1771603934.3605747,0.636841,-1.082520,-0.288330,0.427246,-5.981444,9.948730,walking_abha_new
1771603934.429591,0.652466,-1.238160,-0.290772,-1.647949,2.502442,9.582520,walking_abha_new
1771603934.429591,0.749756,-1.342530,-0.332642,-2.380371,2.380371,-3.112792,walking_abha_new
1771603934.429591,0.732422,-1.210450,-0.336670,-2.563476,-7.629394,-11.840818,walking_abha_new
1771603934.434664,0.549927,-0.942871,-0.259155,-3.662109,-1.159668,-28.320310,walking_abha_new
1771603934.4822383,0.485352,-0.792114,-0.192871,-4.272462,2.563476,-40.039070,walking_abha_new
1771603934.4822383,0.518555,-0.836060,-0.192993,1.525878,-7.934570,-57.312000,walking_abha_new
1771603934.50076,0.531250,-0.900757,-0.191040,3.234863,-24.047850,-68.603540,walking_abha_new
1771603934.5206301,0.517334,-0.944702,-0.167725,0.854492,-38.085940,-69.152840,walking_abha_new
1771603934.53542,0.475342,-0.955566,-0.136963,-3.845214,-38.269050,-66.223160,walking_abha_new
1771603934.5596454,0.380737,-0.911987,-0.128662,-11.657712,-26.611320,-64.514160,walking_abha_new
1771603934.576443,0.329224,-0.802368,-0.130615,-13.732908,-5.065916,-64.392100,walking_abha_new
1771603934.5963838,0.349121,-0.689209,-0.155273,-12.756344,2.746581,-67.749040,walking_abha_new
1771603934.6190267,0.379272,-0.618774,-0.177490,-7.995604,8.178714,-70.129400,walking_abha_new
1771603934.6617181,0.362915,-0.585571,-0.150513,3.479003,-24.169920,-72.814940,walking_abha_new
1771603934.6789143,0.354126,-0.625000,-0.120850,-1.098633,-25.329584,-72.631840,walking_abha_new
1771603934.7002375,0.320923,-0.681519,-0.115601,-1.892090,-25.878900,-68.664560,walking_abha_new
1771603934.7149894,0.308838,-0.758423,-0.123901,-5.859374,-18.432620,-60.302720,walking_abha_new
1771603934.8627102,0.351929,-0.917847,-0.159912,-20.080560,14.404296,-22.766110,walking_abha_new
1771603934.8627102,0.389893,-0.995728,-0.155273,-22.094720,24.108880,-10.070800,walking_abha_new
1771603934.8627102,0.419678,-1.027466,-0.131104,-22.460930,27.954100,6.835936,walking_abha_new
1771603934.8627102,0.444458,-1.007202,-0.139526,-12.695310,19.226080,20.202630,walking_abha_new
1771603934.8627102,0.516480,-1.176636,-0.137451,-2.807617,6.347656,35.766600,walking_abha_new
1771603934.879637,0.557984,-1.328980,-0.098145,5.493162,-6.652830,52.246080,walking_abha_new
1771603934.8984723,0.492188,-1.161133,-0.111938,8.117676,-5.676268,69.641120,walking_abha_new
1771603934.9157443,0.382202,-0.845337,-0.183228,12.878416,-0.244141,85.449200,walking_abha_new
1771603934.939974,0.363159,-0.681274,-0.275269,20.019532,2.563476,92.041000,walking_abha_new
1771603934.9594195,0.429077,-0.712891,-0.320068,32.592780,-2.319336,81.604000,walking_abha_new
1771603934.978575,0.390747,-0.822510,-0.313110,40.100100,-22.338860,65.856940,walking_abha_new
1771603934.9991016,0.349487,-0.907349,-0.261841,40.283200,-19.104010,54.870600,walking_abha_new
1771603935.0216694,0.407959,-0.896484,-0.279663,30.639640,-8.483890,54.321280,walking_abha_new
1771603935.0368152,0.415039,-0.817993,-0.322754,24.841304,-9.033204,44.799800,walking_abha_new
1771603935.0591257,0.339478,-0.736938,-0.330200,15.991210,-4.333496,48.278800,walking_abha_new
1771603935.0779786,0.303223,-0.642700,-0.329224,7.568358,14.404296,43.823240,walking_abha_new
1771603935.0964947,0.358521,-0.610230,-0.321045,0.061035,29.907220,42.907700,walking_abha_new
1771603935.119703,0.452637,-0.602783,-0.293701,-1.403808,28.991692,39.428720,walking_abha_new
1771603935.137763,0.526856,-0.628784,-0.275024,0.061035,14.648436,32.836920,walking_abha_new
1771603935.1590755,0.519654,-0.668457,-0.274658,1.220704,0.000000,31.799310,walking_abha_new
1771603935.1794693,0.502442,-0.722290,-0.285278,0.671386,-2.868652,30.883784,walking_abha_new
1771603935.2003903,0.523560,-0.773682,-0.295532,-1.281738,3.662109,29.357908,walking_abha_new
1771603935.2189465,0.600586,-0.785522,-0.304688,-1.525878,5.981444,26.000970,walking_abha_new
1771603935.2399125,0.616211,-0.748291,-0.309937,0.366211,-1.342773,24.414060,walking_abha_new
1771603935.2579987,0.611816,-0.760254,-0.321655,2.746581,-8.422854,20.385740,walking_abha_new
1771603935.2785482,0.624878,-0.829590,-0.336670,3.662109,-13.122556,12.817380,walking_abha_new
1771603935.2975197,0.635254,-0.907349,-0.333984,3.723144,-15.930172,4.577638,walking_abha_new
1771603935.3202024,0.603516,-1.008667,-0.297485,1.037598,-9.460450,1.464844,walking_abha_new
1771603935.3392816,0.656738,-1.229248,-0.290405,0.122070,-0.671386,1.464844,walking_abha_new
1771603935.3613555,0.766358,-1.441528,-0.337036,-3.723144,2.258301,-2.197266,walking_abha_new
1771603935.3814085,0.697632,-1.270996,-0.360352,-7.995604,5.126952,-14.099120,walking_abha_new
1771603935.3945565,0.511597,-0.885132,-0.220337,-17.333990,24.536130,-28.320310,walking_abha_new
1771603935.4188457,0.569824,-0.838989,-0.214111,-11.840818,18.798830,-43.212880,walking_abha_new
1771603935.4521375,0.600952,-0.882080,-0.219116,-2.929687,-0.793457,-65.246600,walking_abha_new
1771603935.4625134,0.619263,-0.931519,-0.203613,1.464844,-27.282710,-78.491220,walking_abha_new
1771603935.478994,0.570312,-1.001343,-0.170410,3.173828,-50.476060,-82.458480,walking_abha_new
1771603935.498859,0.468506,-1.020386,-0.159180,-4.150392,-57.250960,-84.716780,walking_abha_new
1771603935.5195532,0.353882,-0.940918,-0.154785,-7.751464,-41.809080,-88.134760,walking_abha_new
1771603935.5400627,0.255371,-0.816650,-0.144165,-11.596676,-13.610836,-89.904760,walking_abha_new
1771603935.5561318,0.247559,-0.688232,-0.168701,-13.549804,9.643556,-90.759260,walking_abha_new
1771603935.5828094,0.306519,-0.613648,-0.193115,-12.145992,1.831054,-87.219220,walking_abha_new
1771603935.5986898,0.353272,-0.597534,-0.177368,-4.211426,-3.356933,-84.899880,walking_abha_new
1771603935.6192777,0.326050,-0.614502,-0.127441,-5.371092,-12.268064,-80.383280,walking_abha_new
1771603935.639757,0.308228,-0.655029,-0.111694,-5.187988,-15.441892,-73.852540,walking_abha_new
1771603935.65883,0.312988,-0.708008,-0.104736,-7.812498,-13.427732,-65.795900,walking_abha_new
1771603935.6794891,0.318359,-0.762940,-0.114258,-14.343260,-6.591796,-53.405750,walking_abha_new
1771603935.7213042,0.315796,-0.812866,-0.135132,-13.793944,-3.173828,-40.344230,walking_abha_new
1771603935.7213042,0.342774,-0.853150,-0.145142,-16.418460,6.469726,-28.137200,walking_abha_new
1771603935.7413838,0.385376,-0.911987,-0.156860,-16.601568,14.648436,-14.892576,walking_abha_new
1771603935.7597682,0.439087,-0.966309,-0.146973,-16.967780,18.554690,-1.037598,walking_abha_new
1771603935.7787368,0.482788,-0.989990,-0.131470,-11.535644,8.361816,20.568840,walking_abha_new
1771603935.7999442,0.531494,-1.127686,-0.119629,-3.356933,-3.234863,39.123540,walking_abha_new
1771603935.818385,0.603394,-1.357056,-0.089478,5.371092,-13.244628,58.227530,walking_abha_new
1771603935.8427486,0.574951,-1.317139,-0.097168,7.812498,-11.840818,75.256360,walking_abha_new
1771603935.8756206,0.455566,-0.978150,-0.167358,9.826660,-2.807617,88.745100,walking_abha_new
1771603935.8816206,0.380127,-0.721314,-0.280274,13.244628,6.042480,96.008280,walking_abha_new
1771603935.8957274,0.385010,-0.681152,-0.355469,23.437492,4.211426,84.899880,walking_abha_new
1771603935.9159217,0.422363,-0.807739,-0.334595,33.081060,-0.793457,63.293440,walking_abha_new
1771603935.9367166,0.348511,-0.872192,-0.297241,34.301760,-8.972170,46.936020,walking_abha_new
1771603935.9574232,0.379150,-0.887329,-0.272949,28.503410,-1.098633,41.076650,walking_abha_new
1771603935.9787424,0.396973,-0.784912,-0.307617,23.559568,2.746581,31.738280,walking_abha_new
1771603935.9992366,0.331909,-0.743896,-0.318482,12.817380,4.638672,37.231450,walking_abha_new
1771603936.0198524,0.281738,-0.658814,-0.313232,2.014160,21.240230,44.433580,walking_abha_new
1771603936.039514,0.385986,-0.638794,-0.304077,-2.807617,34.667980,48.339840,walking_abha_new
1771603936.05987,0.509644,-0.632202,-0.308472,-2.929687,29.418940,49.316400,walking_abha_new
1771603936.0756567,0.579834,-0.617432,-0.294067,0.061035,7.507323,49.377430,walking_abha_new
1771603936.096624,0.577026,-0.627686,-0.274048,3.906249,-16.174320,51.086420,walking_abha_new
1771603936.1168766,0.512329,-0.666504,-0.272949,2.563476,-24.475090,54.199210,walking_abha_new
1771603936.1398199,0.499634,-0.705444,-0.282349,-0.183105,-16.723632,53.161610,walking_abha_new
1771603936.1590176,0.552979,-0.755737,-0.282349,-4.638672,1.281738,46.874990,walking_abha_new
1771603936.179519,0.599121,-0.748169,-0.285522,-6.286620,2.990722,44.433580,walking_abha_new
1771603936.1997273,0.612793,-0.783081,-0.282227,-4.455568,-0.427246,38.513190,walking_abha_new
1771603936.2205584,0.622314,-0.869873,-0.288208,-2.319336,-1.159668,25.146480,walking_abha_new
1771603936.2398038,0.625488,-0.977539,-0.287964,-1.037598,1.953124,15.808104,walking_abha_new
1771603936.2563107,0.609253,-1.049927,-0.277466,-1.647949,12.573240,3.234863,walking_abha_new
1771603936.2785974,0.662842,-1.197388,-0.263794,-0.366211,19.958500,-1.831054,walking_abha_new
1771603936.2979915,0.745117,-1.369141,-0.298828,0.793457,18.615724,-8.361816,walking_abha_new
1771603936.3183906,0.739502,-1.310547,-0.335205,0.854492,11.413570,-19.470220,walking_abha_new
1771603936.339735,0.533570,-1.042114,-0.281738,-1.098633,16.723632,-34.912120,walking_abha_new
1771603936.3606567,0.456299,-0.753540,-0.194702,-5.737304,29.541010,-42.419420,walking_abha_new
1771603936.376253,0.509888,-0.782104,-0.204590,2.136231,20.080560,-53.771960,walking_abha_new
1771603936.3951237,0.545898,-0.864624,-0.212891,7.385252,-3.540038,-64.941420,walking_abha_new
1771603936.4193556,0.555298,-0.927979,-0.183838,9.216310,-33.325200,-66.955580,walking_abha_new
1771603936.4404218,0.498779,-0.972778,-0.122803,8.361816,-51.025380,-64.636240,walking_abha_new
1771603936.4573953,0.364258,-0.943726,-0.102905,1.403808,-50.781240,-62.133780,walking_abha_new
1771603936.480421,0.262940,-0.846070,-0.118896,-1.647949,-29.724120,-59.082020,walking_abha_new
1771603936.4993443,0.253418,-0.729370,-0.148315,-2.868652,-10.925290,-58.593740,walking_abha_new
1771603936.5203366,0.309937,-0.655152,-0.177246,-1.342773,-9.582520,-58.288560,walking_abha_new
1771603936.539941,0.322144,-0.647705,-0.162476,4.760742,-21.362300,-58.288560,walking_abha_new
1771603936.5547585,0.285156,-0.686646,-0.134033,5.798338,-26.428220,-56.884760,walking_abha_new
1771603936.5808141,0.287598,-0.735474,-0.110474,3.906249,-26.245110,-51.757800,walking_abha_new
1771603936.59617,0.296997,-0.783936,-0.112061,1.525878,-26.245110,-46.691880,walking_abha_new
1771603936.617281,0.268555,-0.832520,-0.116211,-2.258301,-23.376460,-38.757330,walking_abha_new
1771603936.6384773,0.258179,-0.874756,-0.127564,-8.178714,-15.014646,-28.564450,walking_abha_new
1771603936.6525116,0.266480,-0.914185,-0.126099,-13.549804,-4.333496,-19.104010,walking_abha_new
1771603936.6801987,0.302246,-0.976440,-0.106934,-16.662600,6.958006,-10.925290,walking_abha_new
1771603936.699771,0.340210,-0.996216,-0.101074,-18.554690,14.404296,-1.464844,walking_abha_new
1771603936.721855,0.375855,-0.956055,-0.109375,-16.906740,12.878416,13.610836,walking_abha_new
1771603936.7369647,0.460083,-1.142334,-0.075928,-4.394532,1.220704,24.719230,walking_abha_new
1771603936.7589617,0.531494,-1.295776,-0.068604,1.892090,-4.272462,36.865240,walking_abha_new
1771603936.7787867,0.522827,-1.114502,-0.114136,2.929687,-4.272462,49.560540,walking_abha_new
1771603936.7987447,0.438355,-0.807984,-0.176147,6.652830,-4.211426,62.744130,walking_abha_new
1771603936.8231716,0.428833,-0.722046,-0.226929,14.465330,-1.892090,65.185560,walking_abha_new
1771603936.8395567,0.483643,-0.888916,-0.243530,26.367180,-2.807617,50.415030,walking_abha_new
1771603936.8576884,0.472900,-1.021240,-0.262451,31.555170,-12.390136,35.278320,walking_abha_new
1771603936.880181,0.486694,-1.012329,-0.284668,35.156260,-8.239746,14.831540,walking_abha_new
1771603936.9011147,0.488403,-0.961670,-0.315674,30.273430,-9.643556,17.517090,walking_abha_new
1771603936.9200623,0.330322,-0.739380,-0.354614,19.775390,-1.220704,7.629394,walking_abha_new
1771603936.938243,0.263062,-0.661865,-0.342651,13.916012,13.488768,1.586914,walking_abha_new
1771603936.9575522,0.275879,-0.611938,-0.341919,3.845214,30.456540,4.272462,walking_abha_new
1771603936.9781322,0.362549,-0.536255,-0.349121,-0.305176,32.165540,4.333496,walking_abha_new
1771603936.9993396,0.437256,-0.531006,-0.340454,1.892090,15.075680,3.845214,walking_abha_new
1771603937.0197227,0.412598,-0.583984,-0.315552,0.366211,-0.305176,10.437010,walking_abha_new
1771603937.039932,0.379517,-0.616089,-0.304077,-2.685546,-5.004884,15.930172,walking_abha_new
1771603937.0520277,0.393555,-0.646240,-0.303955,-4.455568,-3.234863,21.606440,walking_abha_new
1771603937.0760643,0.459229,-0.678955,-0.301636,-3.417968,-4.882814,24.414060,walking_abha_new
1771603937.1000996,0.509644,-0.704834,-0.302368,0.610352,-14.160152,28.320310,walking_abha_new
1771603937.1169155,0.527954,-0.741699,-0.320801,7.019042,-30.822750,30.639640,walking_abha_new
1771603937.1399083,0.548706,-0.795288,-0.334839,11.474608,-41.076650,28.930660,walking_abha_new
1771603937.1580243,0.538940,-0.866944,-0.340454,13.122556,-44.311520,26.733390,walking_abha_new
1771603937.1797976,0.520386,-0.940918,-0.339600,11.657712,-37.780760,23.010250,walking_abha_new
1771603937.1998248,0.515869,-0.989258,-0.334473,7.507323,-26.550290,21.545408,walking_abha_new
1771603937.2200365,0.506836,-1.027954,-0.336792,4.272462,-10.742184,17.395020,walking_abha_new
1771603937.235834,0.503174,-1.066284,-0.331909,-0.793457,12.207030,15.075680,walking_abha_new
1771603937.2617946,0.496216,-1.008057,-0.313110,-7.507323,35.644540,15.319820,walking_abha_new
1771603937.278904,0.522827,-0.995728,-0.295288,-7.080076,48.828120,19.348150,walking_abha_new
1771603937.31173,0.700073,-1.254272,-0.352173,-5.798338,48.583980,11.596676,walking_abha_new
1771603937.3208017,0.744141,-1.194092,-0.322876,-4.638672,27.099608,2.624511,walking_abha_new
1771603937.339272,0.561402,-0.982910,-0.230835,-8.911134,11.474608,-6.713866,walking_abha_new
1771603937.3542283,0.466553,-0.762940,-0.195557,-11.108396,-6.164550,-15.502928,walking_abha_new
1771603937.380282,0.386353,-0.797852,-0.187622,-3.417968,-16.967780,-35.217290,walking_abha_new
1771603937.3968325,0.404541,-0.956909,-0.147949,-4.394532,-18.493652,-44.982900,walking_abha_new
1771603937.4160676,0.449707,-1.036133,-0.128052,-8.117676,-24.597160,-47.424300,walking_abha_new
1771603937.4397159,0.492432,-1.055298,-0.139771,-9.094240,-28.015130,-47.790520,walking_abha_new
1771603937.46043,0.416504,-1.016846,-0.158203,-9.094240,-19.653320,-45.471180,walking_abha_new
1771603937.478629,0.287354,-0.890869,-0.167603,-12.451170,-0.305176,-48.583980,walking_abha_new
1771603937.4990196,0.320313,-0.720093,-0.165039,-11.352536,25.817870,-51.391590,walking_abha_new
1771603937.533744,0.396606,-0.658936,-0.157471,-8.117676,24.658200,-49.377430,walking_abha_new
1771603937.5413187,0.433106,-0.590698,-0.137939,-5.371092,4.150392,-45.288080,walking_abha_new
1771603937.5591652,0.438721,-0.544556,-0.114624,0.000000,-28.076170,-44.067380,walking_abha_new
1771603937.5798495,0.409790,-0.546509,-0.092407,3.662109,-39.672860,-41.076650,walking_abha_new
1771603937.6003137,0.322632,-0.580566,-0.083130,3.173828,-41.442860,-36.804200,walking_abha_new
1771603937.619267,0.314941,-0.618042,-0.097778,-0.427246,-35.644540,-32.470710,walking_abha_new
1771603937.6368704,0.317627,-0.669068,-0.116455,-3.723144,-25.756830,-28.259270,walking_abha_new
1771603937.68405,0.324829,-0.729980,-0.123169,-8.605960,-12.939450,-22.949216,walking_abha_new
1771603937.68405,0.362671,-0.786377,-0.116089,-16.967780,8.300784,-13.061520,walking_abha_new
1771603937.7010524,0.432129,-0.828491,-0.127441,-19.714360,14.221190,-6.896972,walking_abha_new
1771603937.7156062,0.475342,-0.877320,-0.142578,-21.057124,11.352536,-2.136231,walking_abha_new
1771603937.7358685,0.467407,-0.939820,-0.137939,-20.507810,7.202148,1.403808,walking_abha_new
1771603937.7562308,0.433838,-1.005494,-0.118652,-19.897460,12.207030,4.882814,walking_abha_new
1771603937.7777238,0.438355,-1.018066,-0.131348,-17.761230,21.057124,9.765626,walking_abha_new
1771603937.797782,0.524414,-1.076172,-0.177612,-10.437010,20.141600,18.615724,walking_abha_new
1771603937.812018,0.600830,-1.280152,-0.192871,-1.342773,8.850100,31.005852,walking_abha_new
1771603937.8400667,0.567505,-1.281372,-0.178345,2.014160,3.967285,40.466300,walking_abha_new
1771603937.8593936,0.420166,-0.983032,-0.203491,1.708984,13.183590,51.330560,walking_abha_new
1771603937.8738532,0.408325,-0.698120,-0.327271,8.300784,25.451652,54.077140,walking_abha_new
1771603937.8988528,0.477173,-0.750610,-0.353882,23.437492,22.216790,36.804200,walking_abha_new
1771603937.919901,0.422730,-0.860840,-0.324463,29.357908,-4.272462,19.653320,walking_abha_new
1771603937.9382856,0.360352,-0.891846,-0.306763,24.841304,-3.967285,12.023924,walking_abha_new
1771603937.9572642,0.390137,-0.868652,-0.314575,20.263670,6.469726,7.751464,walking_abha_new
1771603937.9804928,0.401489,-0.824341,-0.337891,12.145992,12.268064,16.784670,walking_abha_new
1771603937.9995108,0.324707,-0.716675,-0.370606,5.737304,20.080560,12.451170,walking_abha_new
1771603938.013783,0.320435,-0.604126,-0.374146,0.061035,31.433100,9.704590,walking_abha_new
1771603938.0408323,0.350830,-0.520142,-0.352539,-8.605960,38.940440,21.911620,walking_abha_new
1771603938.0539849,0.486084,-0.567139,-0.298584,-6.591796,25.207516,21.179192,walking_abha_new
1771603938.079771,0.526123,-0.617798,-0.285645,-7.019042,7.568358,22.460930,walking_abha_new
1771603938.0985026,0.533203,-0.637207,-0.290649,-7.080076,-5.981444,25.939940,walking_abha_new
1771603938.1206012,0.509278,-0.671021,-0.290527,-9.033204,-8.544924,29.479976,walking_abha_new
1771603938.131054,0.519776,-0.724610,-0.276856,-11.779784,0.610352,31.249992,walking_abha_new
1771603938.1582358,0.559692,-0.761353,-0.273316,-13.183590,9.460450,29.724120,walking_abha_new
1771603938.179581,0.606690,-0.764771,-0.279663,-12.084960,10.559080,26.550290,walking_abha_new
1771603938.199658,0.647095,-0.794922,-0.282105,-9.338380,5.615234,24.414060,walking_abha_new
1771603938.2190123,0.646606,-0.847900,-0.282105,-7.019042,0.854492,20.141600,walking_abha_new
1771603938.2334042,0.612305,-0.889160,-0.266358,-6.469726,4.760742,-7.080076,walking_abha_new
1771603938.256347,0.601318,-1.012207,-0.219849,-8.605960,25.329584,3.601074,walking_abha_new
1771603938.279147,0.620362,-0.973511,-0.224121,-10.192870,34.912120,3.784179,walking_abha_new
1771603938.296874,0.703858,-1.076294,-0.235840,-2.502442,27.770990,-2.868652,walking_abha_new
1771603938.3207006,0.719116,-1.193360,-0.252686,1.403808,15.686032,-9.338380,walking_abha_new
1771603938.339285,0.632812,-1.080933,-0.247925,2.319336,9.460450,-15.930172,walking_abha_new
1771603938.3598323,0.523926,-0.902222,-0.206055,0.976562,14.587400,-17.517090,walking_abha_new
1771603938.3770323,0.548950,-0.843628,-0.195679,3.540038,15.502928,-21.301268,walking_abha_new
1771603938.3992918,0.589112,-0.858276,-0.196045,9.460450,1.770019,-28.869624,walking_abha_new
1771603938.417189,0.610352,-0.877808,-0.180420,13.793944,-23.132320,-30.883784,walking_abha_new
1771603938.4397383,0.607300,-0.899414,-0.151855,19.104010,-58.898920,-28.259270,walking_abha_new
1771603938.4901705,0.408569,-0.790894,-0.162109,23.132320,-67.688000,-36.438000,walking_abha_new
1771603938.4901705,0.335205,-0.701538,-0.172607,21.423332,-55.419910,-41.748040,walking_abha_new
1771603938.519823,0.295532,-0.630615,-0.181641,17.944340,-40.832510,-43.640120,walking_abha_new
1771603938.5393746,0.316772,-0.587402,-0.195435,12.634276,-31.127924,-42.541500,walking_abha_new
1771603938.5558462,0.347656,-0.536865,-0.187134,10.498044,-34.667980,-45.837400,walking_abha_new
1771603938.5754259,0.359863,-0.548340,-0.156250,10.070800,-31.982420,-47.607410,walking_abha_new
1771603938.6000059,0.343628,-0.603516,-0.133301,6.958006,-30.578610,-45.532220,walking_abha_new
1771603938.6172037,0.375366,-0.681152,-0.127197,4.577638,-30.029290,-40.283200,walking_abha_new
1771603938.6378262,0.402710,-0.861572,-0.122314,-0.244141,-25.878900,-26.123040,walking_abha_new
1771603938.6589344,0.389648,-0.925659,-0.135498,-7.690428,-16.174320,-14.160152,walking_abha_new
1771603938.6788394,0.400757,-0.911011,-0.151978,-13.183590,-1.403808,-3.112792,walking_abha_new
1771603938.7002103,0.455933,-0.974610,-0.150269,-13.671872,9.033204,6.896972,walking_abha_new
1771603938.7142038,0.487793,-1.029663,-0.149902,-14.038084,11.535644,13.610836,walking_abha_new
1771603938.739569,0.504517,-0.925904,-0.176636,-12.634276,6.286620,17.395020,walking_abha_new
1771603938.7621462,0.538574,-0.894654,-0.191162,-7.202148,-6.958006,22.155760,walking_abha_new
1771603938.77803,0.526612,-1.166748,-0.128052,0.976562,-18.432620,26.489250,walking_abha_new
1771603938.803993,0.459229,-1.313477,-0.097046,0.244141,-11.352536,30.029290,walking_abha_new
1771603938.819658,0.406860,-0.982544,-0.165283,-4.577638,17.700200,39.001470,walking_abha_new
1771603938.839698,0.383789,-0.743042,-0.231567,-1.220704,25.756830,39.733900,walking_abha_new
1771603938.86098,0.343384,-0.677002,-0.243530,8.422854,26.672360,26.855464,walking_abha_new
1771603938.8810883,0.317505,-0.803101,-0.193848,18.249516,26.855464,8.117676,walking_abha_new
1771603938.9024653,0.355225,-0.915161,-0.185425,22.766110,28.869624,-6.591796,walking_abha_new
1771603938.9157143,0.487061,-0.886475,-0.242920,30.151360,26.672360,-18.249516,walking_abha_new
1771603938.9404888,0.481445,-0.820068,-0.284790,33.386240,-3.356933,-10.681150,walking_abha_new
1771603938.957162,0.384277,-0.785034,-0.271362,31.982420,-16.723632,-9.155274,walking_abha_new
1771603938.9783516,0.249023,-0.747925,-0.256348,23.925780,-6.774902,-0.915527,walking_abha_new
1771603938.999118,0.244507,-0.651489,-0.255982,13.122556,17.150880,5.126952,walking_abha_new
1771603939.0203195,0.441772,-0.552490,-0.250122,11.230468,17.822270,11.169430,walking_abha_new
1771603939.0467155,0.519898,-0.567993,-0.241211,16.540530,-6.896972,14.038084,walking_abha_new
1771603939.0606802,0.520996,-0.616089,-0.228882,20.935052,-31.249992,18.676760,walking_abha_new
1771603939.082556,0.478272,-0.673340,-0.241333,21.789548,-40.222160,23.803708,walking_abha_new
1771603939.0971282,0.482544,-0.718994,-0.259766,19.714360,-35.400400,27.526850,walking_abha_new
1771603939.1194468,0.537598,-0.746094,-0.276001,18.005376,-30.578610,28.503410,walking_abha_new
1771603939.1381812,0.573853,-0.749756,-0.289307,17.150880,-29.663080,25.939940,walking_abha_new
1771603939.159935,0.587769,-0.751953,-0.292603,15.930172,-30.883784,24.475090,walking_abha_new
1771603939.1803172,0.600342,-0.804932,-0.292358,15.441892,-31.921380,22.094720,walking_abha_new
1771603939.200132,0.604248,-0.908692,-0.306030,13.671872,-26.306150,6.835936,walking_abha_new
1771603939.214847,0.641358,-1.033326,-0.282837,11.718748,-19.165040,1.892090,walking_abha_new
1771603939.2356296,0.711426,-1.244385,-0.265381,5.676268,-14.953610,17.089850,walking_abha_new
1771603939.2601728,0.794556,-1.462158,-0.286987,6.164550,-15.991210,8.789064,walking_abha_new
1771603939.2830615,0.778442,-1.505249,-0.303589,4.150392,-14.770504,-4.577638,walking_abha_new
1771603939.300566,0.667236,-1.212891,-0.268066,-3.417968,-6.286620,-7.751464,walking_abha_new
1771603939.319028,0.487793,-0.880371,-0.205200,-14.221190,6.225584,-7.812498,walking_abha_new
1771603939.3399334,0.439819,-0.666260,-0.186401,-11.657712,-0.183105,-32.348640,walking_abha_new
1771603939.3600883,0.496460,-0.762940,-0.177490,9.826660,-1.831054,-64.575200,walking_abha_new
1771603939.3837101,0.522095,-0.874512,-0.192017,14.709470,-13.244628,-79.772960,walking_abha_new
1771603939.4010153,0.509278,-0.865845,-0.178467,12.512204,-31.127924,-77.026380,walking_abha_new
1771603939.416417,0.441895,-0.834351,-0.159668,6.713866,-25.268550,-67.626960,walking_abha_new
1771603939.4458053,0.344727,-0.747070,-0.146851,0.122070,-12.634276,-58.349600,walking_abha_new
1771603939.4606755,0.357544,-0.654785,-0.139282,-3.479003,-4.882814,-53.283680,walking_abha_new
1771603939.47731,0.404053,-0.588623,-0.152588,-3.234863,-9.277344,-47.851560,walking_abha_new
1771603939.4996853,0.412109,-0.541260,-0.154785,-2.441407,-29.479976,-42.907700,walking_abha_new
1771603939.5199401,0.383789,-0.532959,-0.137451,0.061035,-39.855960,-41.076650,walking_abha_new
1771603939.5403242,0.297852,-0.574707,-0.110962,0.976562,-37.658700,-41.931140,walking_abha_new
1771603939.5560133,0.286133,-0.628906,-0.096313,-4.394532,-22.216790,-40.283200,walking_abha_new
1771603939.5758924,0.341064,-0.701782,-0.107910,-12.207030,-3.234863,-31.005852,walking_abha_new
1771603939.610155,0.358154,-0.747192,-0.133667,-14.404296,0.122070,-21.606440,walking_abha_new
1771603939.6203878,0.380127,-0.795532,-0.128418,-18.676760,6.225584,-13.122556,walking_abha_new
1771603939.6380155,0.405518,-0.867798,-0.112793,-21.057124,12.451170,-5.187988,walking_abha_new
1771603939.6602414,0.445923,-0.947998,-0.119873,-22.033690,17.944340,3.295898,walking_abha_new
1771603939.6795533,0.490112,-0.998291,-0.133667,-21.728510,18.310550,12.695310,walking_abha_new
1771603939.6943345,0.502930,-0.966064,-0.149780,-20.385740,14.038084,22.399900,walking_abha_new
1771603939.715128,0.528687,-0.961548,-0.162354,-16.235352,6.835936,33.447270,walking_abha_new
1771603939.7374148,0.575928,-1.179200,-0.149414,-9.033204,-2.380371,46.264640,walking_abha_new
1771603939.7557075,0.586304,-1.360718,-0.122559,-6.408690,-1.770019,58.715810,walking_abha_new
1771603939.7829907,0.468872,-1.020020,-0.144775,-8.850100,20.324700,72.082540,walking_abha_new
1771603939.7990773,0.441162,-0.774780,-0.223267,-3.906249,29.724120,74.035660,walking_abha_new
1771603939.8182945,0.439087,-0.711670,-0.302368,9.216310,24.902340,59.082020,walking_abha_new
1771603939.8392267,0.379150,-0.828613,-0.316895,23.376460,12.512204,34.790040,walking_abha_new
1771603939.859444,0.375244,-0.966187,-0.312988,24.047850,16.052250,17.333990,walking_abha_new
1771603939.8770406,0.410645,-0.894531,-0.323730,20.935052,26.428220,10.314940,walking_abha_new
1771603939.8952029,0.450440,-0.780396,-0.316162,19.348150,16.967780,6.530760,walking_abha_new
1771603939.9156804,0.359863,-0.714600,-0.309326,8.728030,9.399414,16.845708,walking_abha_new
1771603939.9365008,0.204590,-0.634644,-0.301514,-1.403808,23.132320,20.568840,walking_abha_new
1771603939.957117,0.344971,-0.622314,-0.291016,-11.413570,50.170890,24.230950,walking_abha_new
1771603939.9784575,0.459595,-0.616089,-0.288574,-13.916012,46.203600,32.958990,walking_abha_new
1771603939.9990814,0.557984,-0.621582,-0.268921,-11.474608,24.963376,34.729010,walking_abha_new
1771603940.0199234,0.575806,-0.638794,-0.248779,-7.690428,-1.892090,39.855960,walking_abha_new
1771603940.0405982,0.521606,-0.666016,-0.258057,-6.774902,-13.977050,44.982900,walking_abha_new
1771603940.061878,0.535034,-0.710938,-0.284058,-6.591796,-12.084960,45.776360,walking_abha_new
1771603940.077168,0.563721,-0.744141,-0.309204,-7.141112,-7.263182,44.921860,walking_abha_new
1771603940.0953755,0.627564,-0.732300,-0.318482,-7.385252,-10.864256,41.931140,walking_abha_new
1771603940.1173217,0.632568,-0.767944,-0.313965,-5.737304,-16.479492,38.024910,walking_abha_new
1771603940.137743,0.612671,-0.835083,-0.301392,-6.225584,-16.418460,32.104500,walking_abha_new
1771603940.1589184,0.599610,-0.954224,-0.287354,-4.760742,-1.953124,8.972170,walking_abha_new
1771603940.181453,0.664307,-1.188354,-0.257324,-8.178714,12.390136,17.395020,walking_abha_new
1771603940.2004755,0.805054,-1.462280,-0.269165,-7.568358,16.601568,15.075680,walking_abha_new
1771603940.2212458,0.830811,-1.501709,-0.312012,-8.666994,12.451170,2.563476,walking_abha_new
1771603940.235082,0.690186,-1.176514,-0.262085,-10.620116,12.634276,2.746581,walking_abha_new
1771603940.2571986,0.455566,-0.794678,-0.189697,-18.737796,26.489250,-2.868652,walking_abha_new
1771603940.279336,0.442505,-0.583130,-0.188599,-9.460450,25.817870,-24.047850,walking_abha_new
1771603940.298456,0.551514,-0.722534,-0.206543,10.253904,9.704590,-53.405750,walking_abha_new
1771603940.3192744,0.566650,-0.859741,-0.207275,15.747068,-17.517090,-65.124520,walking_abha_new
1771603940.339144,0.578003,-0.921143,-0.163818,14.709470,-51.025380,-61.828600,walking_abha_new
1771603940.360322,0.436646,-0.937866,-0.139404,10.925290,-52.917470,-57.006820,walking_abha_new
1771603940.3790517,0.278076,-0.847046,-0.141846,3.173828,-32.958990,-53.894040,walking_abha_new
1771603940.39485,0.270996,-0.706055,-0.171509,-2.807617,-10.192870,-55.847160,walking_abha_new
1771603940.4197748,0.347900,-0.627930,-0.191406,-0.732422,-1.770019,-57.373040,walking_abha_new
1771603940.4374537,0.385986,-0.612183,-0.184204,2.136231,-15.930172,-57.922360,walking_abha_new
1771603940.4614034,0.384155,-0.612305,-0.157593,2.563476,-23.620600,-56.030260,walking_abha_new
1771603940.481642,0.321289,-0.604370,-0.129639,3.112792,-26.000970,-54.931630,walking_abha_new
1771603940.4988964,0.299927,-0.634400,-0.120239,1.953124,-22.399900,-52.917470,walking_abha_new
1771603940.513732,0.317993,-0.670776,-0.141113,2.868652,-20.263670,-51.452620,walking_abha_new
1771603940.539899,0.346191,-0.782349,-0.167480,-0.671386,-11.840818,-43.151840,walking_abha_new
1771603940.5620048,0.351807,-0.813721,-0.149170,-7.446288,-3.845214,-31.860350,walking_abha_new
1771603940.6064622,0.435425,-0.915528,-0.145264,-14.099120,12.268064,-10.803220,walking_abha_new
1771603940.6064622,0.472046,-0.971070,-0.145752,-14.221190,11.291500,-1.831054,walking_abha_new
1771603940.6395216,0.452393,-0.958984,-0.154541,-11.413570,6.408690,6.225584,walking_abha_new
1771603940.6589317,0.477417,-0.962158,-0.186523,-5.981444,1.525878,15.075680,walking_abha_new
1771603940.679597,0.545898,-1.152466,-0.187256,4.028321,-10.559080,25.878900,walking_abha_new
1771603940.700527,0.544434,-1.346192,-0.161255,9.521484,-20.263670,36.132820,walking_abha_new
1771603940.7205288,0.390137,-1.112793,-0.149902,5.615234,2.258301,55.908200,walking_abha_new
1771603940.7371776,0.357788,-0.805542,-0.230835,4.699708,17.517090,64.392100,walking_abha_new
1771603940.76036,0.381226,-0.646729,-0.296265,11.413570,16.845708,60.241690,walking_abha_new
1771603940.7829368,0.356690,-0.730713,-0.274658,24.291990,6.896972,43.884270,walking_abha_new
1771603940.800955,0.311768,-0.885742,-0.247803,28.503410,12.145992,27.526850,walking_abha_new
1771603940.8198924,0.376099,-0.928955,-0.280640,25.573724,14.587400,20.812980,walking_abha_new
1771603940.8396938,0.451294,-0.861084,-0.321777,27.038570,9.765626,15.380856,walking_abha_new
1771603940.876502,0.400269,-0.792603,-0.335693,21.972650,-2.075196,17.517090,walking_abha_new
1771603940.8795295,0.274292,-0.712769,-0.323975,12.145992,5.004884,25.390620,walking_abha_new
1771603940.8998358,0.230713,-0.647949,-0.306274,0.427246,28.503410,34.362800,walking_abha_new
1771603940.9157066,0.412476,-0.587769,-0.299805,-6.164550,42.602530,35.522460,walking_abha_new
1771603940.9368079,0.538696,-0.601196,-0.302368,-4.150392,21.606440,36.315920,walking_abha_new
1771603940.9574614,0.560059,-0.638184,-0.286865,-0.549316,-5.981444,38.879400,walking_abha_new
1771603940.97885,0.505982,-0.696289,-0.284912,-0.915527,-18.493652,41.076650,walking_abha_new
1771603940.9990292,0.481934,-0.742554,-0.290405,-4.577638,-11.840818,41.992180,walking_abha_new
1771603941.0196457,0.525269,-0.769654,-0.299438,-6.896972,0.488281,35.827640,walking_abha_new
1771603941.0405397,0.584717,-0.799194,-0.311279,-8.605960,4.821778,35.583500,walking_abha_new
1771603941.0594702,0.611084,-0.766236,-0.328980,-7.507323,0.915527,27.893060,walking_abha_new
1771603941.076734,0.618774,-0.789795,-0.325317,-4.272462,-4.577638,17.211920,walking_abha_new
1771603941.0963998,0.610108,-0.910278,-0.323730,-3.967285,-1.831054,4.943848,walking_abha_new
1771603941.1195943,0.628296,-0.953369,-0.322144,-5.371092,2.624511,-6.408690,walking_abha_new
1771603941.1399405,0.634400,-1.037598,-0.301880,-6.408690,7.263182,-3.906249,walking_abha_new
1771603941.1597068,0.671753,-1.196045,-0.295166,-7.995604,14.709470,-1.342773,walking_abha_new
1771603941.1797152,0.740479,-1.386475,-0.305908,-11.230468,16.479492,0.183105,walking_abha_new
1771603941.1995609,0.713989,-1.308106,-0.315796,-12.695310,17.395020,-12.817380,walking_abha_new
1771603941.2180712,0.561279,-0.997925,-0.260864,-18.554690,23.559568,-10.620116,walking_abha_new
1771603941.2346613,0.480347,-0.732056,-0.202881,-20.568840,30.090330,-21.057124,walking_abha_new
1771603941.2627594,0.482056,-0.693970,-0.183960,-7.385252,24.169920,-43.334950,walking_abha_new
1771603941.2772973,0.536499,-0.798828,-0.180908,3.112792,7.446288,-62.377920,walking_abha_new
1771603941.2992897,0.564453,-0.892822,-0.166016,6.469726,-30.456540,-61.157220,walking_abha_new
1771603941.3183424,0.519043,-0.896118,-0.138672,6.408690,-42.785640,-54.504380,walking_abha_new
1771603941.3419154,0.407593,-0.844116,-0.140503,2.380371,-37.414560,-47.973620,walking_abha_new
1771603941.359301,0.302368,-0.731690,-0.152710,-3.173828,-22.155760,-45.043940,walking_abha_new
1771603941.3767526,0.298584,-0.627808,-0.171021,-3.356933,-6.103514,-46.508780,walking_abha_new
1771603941.3989327,0.334717,-0.593384,-0.178223,-2.685546,-2.258301,-45.104970,walking_abha_new
1771603941.4190686,0.387207,-0.559448,-0.169922,-0.976562,-9.704590,-46.874990,walking_abha_new
1771603941.4369245,0.390991,-0.578003,-0.130859,1.403808,-20.568840,-47.973620,walking_abha_new
1771603941.4596546,0.347656,-0.632324,-0.096191,1.647949,-26.733390,-47.790520,walking_abha_new
1771603941.4783363,0.334351,-0.721680,-0.100830,-1.403808,-20.812980,-46.630850,walking_abha_new
1771603941.499877,0.336426,-0.772217,-0.110474,-3.845214,-9.460450,-43.518060,walking_abha_new
1771603941.519935,0.345825,-0.823975,-0.123657,-7.263182,2.685546,-35.461430,walking_abha_new
1771603941.5468843,0.358398,-0.866944,-0.140259,-9.460450,16.723632,-26.306150,walking_abha_new
1771603941.5745401,0.399292,-0.901734,-0.157837,-10.803220,29.113768,-15.441892,walking_abha_new
1771603941.5823228,0.454712,-0.921753,-0.159058,-10.437010,32.226570,-3.601074,walking_abha_new
1771603941.6035264,0.467774,-0.913086,-0.164307,-6.713866,24.841304,6.347656,walking_abha_new
1771603941.6181195,0.515503,-0.905518,-0.201660,-1.892090,12.084960,15.686032,walking_abha_new
1771603941.6401482,0.578736,-0.934204,-0.263672,1.586914,-5.004884,27.893060,walking_abha_new
1771603941.66122,0.575318,-1.156860,-0.229980,6.652830,-28.930660,39.123540,walking_abha_new
1771603941.6796143,0.390747,-1.263794,-0.123413,2.197266,-12.573240,53.100580,walking_abha_new
1771603941.7010317,0.330566,-1.063354,-0.183228,-3.540038,23.986810,59.448240,walking_abha_new
1771603941.7158265,0.393921,-0.902832,-0.292725,-1.770019,45.715320,59.997550,walking_abha_new
1771603941.741309,0.427002,-0.802368,-0.333252,5.920409,42.236320,48.278800,walking_abha_new
1771603941.755604,0.383789,-0.808228,-0.318115,17.272950,36.499030,33.569340,walking_abha_new
1771603941.7765543,0.375732,-0.875610,-0.305542,18.127448,26.489250,21.728510,walking_abha_new
1771603941.7975996,0.451416,-0.810791,-0.326782,18.127448,20.446770,9.521484,walking_abha_new
1771603941.8188877,0.518311,-0.752686,-0.325684,17.150880,-3.051757,19.409180,walking_abha_new
1771603941.842699,0.367920,-0.684570,-0.309204,10.314940,-13.183590,29.113768,walking_abha_new
1771603941.8618455,0.277588,-0.640747,-0.272095,-3.356933,7.812498,27.893060,walking_abha_new
1771603941.8756173,0.355347,-0.654297,-0.259644,-12.390136,26.855464,32.775880,walking_abha_new
1771603941.8948975,0.474487,-0.641602,-0.253784,-14.831540,32.287600,36.193860,walking_abha_new
1771603941.9172432,0.578980,-0.640503,-0.244019,-14.099120,20.141600,40.161120,walking_abha_new
1771603941.9363432,0.604858,-0.647217,-0.227417,-10.314940,-1.770019,46.630850,walking_abha_new
1771603941.959272,0.588989,-0.698730,-0.223145,-5.981444,-18.554690,51.879880,walking_abha_new
1771603941.978989,0.586182,-0.744629,-0.251587,-4.516602,-22.460930,55.114740,walking_abha_new
1771603941.9981976,0.616821,-0.758301,-0.275757,-3.601074,-23.132320,56.030260,walking_abha_new
1771603942.0195208,0.620117,-0.744507,-0.279297,-2.502442,-25.390620,54.504380,walking_abha_new
1771603942.0329902,0.615845,-0.771118,-0.269898,-1.586914,-26.977532,50.048820,walking_abha_new
1771603942.0577712,0.592774,-0.895386,-0.258667,-2.807617,-17.089850,34.057620,walking_abha_new
1771603942.0758615,0.543823,-0.938721,-0.246094,-6.286620,-2.075196,21.057124,walking_abha_new
1771603942.0983253,0.545288,-1.020264,-0.232178,-6.652830,15.624996,12.390136,walking_abha_new
1771603942.1194963,0.622070,-1.240967,-0.245361,-6.896972,31.555170,13.977050,walking_abha_new
1771603942.1360767,0.728272,-1.397217,-0.294434,-6.713866,32.958990,0.427246,walking_abha_new
1771603942.1590326,0.724732,-1.252198,-0.293945,-5.004884,21.423332,-15.136716,walking_abha_new
1771603942.1798325,0.539673,-0.963623,-0.211914,-5.432128,12.329100,-12.207030,walking_abha_new
1771603942.1942601,0.443970,-0.780274,-0.176147,-3.784179,11.047360,-22.644040,walking_abha_new
1771603942.2203698,0.482422,-0.816040,-0.183594,8.544924,0.915527,-47.241200,walking_abha_new
1771603942.2420118,0.517944,-0.900024,-0.187134,17.578130,-31.982420,-69.702160,walking_abha_new
1771603942.253821,0.500854,-0.913208,-0.178101,17.700200,-49.133290,-70.922860,walking_abha_new
1771603942.27749,0.436890,-0.932984,-0.170532,14.099120,-46.936020,-69.458020,walking_abha_new
1771603942.2992952,0.364624,-0.903442,-0.162231,7.995604,-31.982420,-67.626960,walking_abha_new
1771603942.3187954,0.315552,-0.786499,-0.162109,2.502442,-13.122556,-68.969740,walking_abha_new
1771603942.3577592,0.324585,-0.678345,-0.176147,-0.854492,-2.441407,-67.443860,walking_abha_new
1771603942.3577592,0.362793,-0.611938,-0.191772,-0.305176,-5.371092,-61.828600,walking_abha_new
1771603942.3746612,0.395996,-0.585205,-0.182373,2.014160,-20.507810,-58.471670,walking_abha_new
1771603942.3943472,0.352173,-0.587524,-0.152710,3.295898,-32.714850,-54.443350,walking_abha_new
1771603942.4192047,0.322510,-0.631592,-0.124390,2.624511,-35.522460,-49.804680,walking_abha_new
1771603942.436348,0.325806,-0.735840,-0.127930,4.211426,-34.606940,-46.203600,walking_abha_new
1771603942.4921513,0.319092,-0.809204,-0.138794,0.183105,-28.564450,-39.306640,walking_abha_new
1771603942.4921513,0.331421,-0.841309,-0.151001,-4.272462,-21.667476,-29.724120,walking_abha_new
1771603942.5091085,0.364746,-0.913818,-0.156494,-7.080076,-14.648436,-21.301268,walking_abha_new
1771603942.5190337,0.392822,-1.011230,-0.157593,-11.169430,-7.568358,-12.939450,walking_abha_new
1771603942.5413513,0.383423,-1.027344,-0.133789,-15.563964,-1.281738,-4.516602,walking_abha_new
1771603942.5605624,0.357544,-0.965332,-0.138062,-16.845708,3.173828,2.380371,walking_abha_new
1771603942.575838,0.426270,-1.044678,-0.151733,-10.314940,3.479003,7.751464,walking_abha_new
1771603942.597908,0.518188,-1.314698,-0.140137,-2.014160,-5.920409,14.343260,walking_abha_new
1771603942.6160693,0.423950,-1.358398,-0.080078,1.647949,-0.488281,29.907220,walking_abha_new
1771603942.6313062,0.279907,-1.002930,-0.147339,-2.807617,22.338860,43.762200,walking_abha_new
1771603942.65831,0.259522,-0.752442,-0.252075,-1.770019,42.724600,52.307120,walking_abha_new
1771603942.6793888,0.348755,-0.733154,-0.312622,9.216310,44.860830,48.217760,walking_abha_new
1771603942.7000678,0.391235,-0.818482,-0.338623,18.066410,30.822750,36.193860,walking_abha_new
1771603942.7160676,0.403442,-0.853516,-0.344116,23.254390,22.949216,26.000970,walking_abha_new
1771603942.7396193,0.405396,-0.844727,-0.366577,21.423332,11.230468,28.564450,walking_abha_new
1771603942.755761,0.405029,-0.780640,-0.370239,14.892576,-2.380371,28.930660,walking_abha_new
1771603942.7765925,0.335938,-0.720825,-0.358521,10.192870,-5.371092,26.367180,walking_abha_new
1771603942.797449,0.239502,-0.690308,-0.352173,-0.610352,11.413570,33.081060,walking_abha_new
1771603942.818604,0.373535,-0.622192,-0.361816,-17.700200,46.386710,42.053220,walking_abha_new
1771603942.8390791,0.508667,-0.586548,-0.330566,-17.517090,40.405260,41.137680,walking_abha_new
1771603942.861695,0.579834,-0.628540,-0.286255,-13.000484,17.883300,41.015620,walking_abha_new
1771603942.8806398,0.558960,-0.672852,-0.272583,-10.314940,-2.197266,42.053220,walking_abha_new
1771603942.8946173,0.549561,-0.716187,-0.281006,-7.934570,-12.573240,40.588370,walking_abha_new
1771603942.9155812,0.540772,-0.746582,-0.293701,-7.629394,-12.145992,39.672860,walking_abha_new
1771603942.9386663,0.553223,-0.747681,-0.296387,-9.033204,-6.835936,38.696300,walking_abha_new
1771603942.9571965,0.574097,-0.715088,-0.288818,-9.277344,-4.150392,35.888680,walking_abha_new
1771603942.9787707,0.582154,-0.704590,-0.276245,-7.995604,-4.333496,32.348640,walking_abha_new
1771603942.998707,0.604858,-0.784546,-0.277344,-6.164550,-4.272462,20.812980,walking_abha_new
1771603943.0193741,0.607422,-0.867554,-0.271362,-5.310058,-3.051757,17.639160,walking_abha_new
1771603943.0331686,0.611572,-0.946411,-0.258179,-5.554198,3.295898,10.986324,walking_abha_new
1771603943.059338,0.652588,-1.072632,-0.245361,-3.417968,7.446288,7.995604,walking_abha_new
1771603943.0760233,0.740601,-1.291138,-0.261353,-0.427246,4.821778,4.455568,walking_abha_new
1771603943.0957854,0.702759,-1.294434,-0.296265,-2.075196,4.821778,-4.882814,walking_abha_new
1771603943.1197646,0.579346,-1.040650,-0.265137,-4.272462,10.681150,-12.390136,walking_abha_new
1771603943.138005,0.535156,-0.883667,-0.210449,-6.408690,19.958500,-22.399900,walking_abha_new
1771603943.1583607,0.611450,-0.905884,-0.209473,-0.305176,10.803220,-37.780760,walking_abha_new
1771603943.2066078,0.620972,-0.936035,-0.201294,7.690428,-11.840818,-55.847160,walking_abha_new
1771603943.2066078,0.553345,-0.969360,-0.163086,14.404296,-38.269050,-71.533200,walking_abha_new
1771603943.2201433,0.470703,-0.969604,-0.165649,14.282224,-37.780760,-74.523940,walking_abha_new
1771603943.2353244,0.400024,-0.912476,-0.180298,11.962890,-28.869624,-77.514660,walking_abha_new
1771603943.289887,0.344482,-0.814087,-0.178833,7.873534,-17.517090,-79.101560,walking_abha_new
1771603943.292489,0.319946,-0.714234,-0.178345,6.958006,-5.004884,-76.293960,walking_abha_new
1771603943.3003457,0.301636,-0.610840,-0.192871,5.065916,-6.469726,-70.129400,walking_abha_new
1771603943.319877,0.330566,-0.533081,-0.204712,5.554198,-7.812498,-64.025900,walking_abha_new
1771603943.3416138,0.323853,-0.524414,-0.189819,6.958006,-15.991210,-59.814440,walking_abha_new
1771603943.35932,0.314819,-0.556274,-0.166992,7.507323,-24.597160,-55.541980,walking_abha_new
1771603943.3793292,0.289795,-0.657227,-0.159790,4.699708,-28.625480,-44.128410,walking_abha_new
1771603943.397801,0.298096,-0.740723,-0.162598,-0.244141,-23.742670,-35.278320,walking_abha_new
1771603943.4155867,0.305908,-0.800049,-0.157471,-7.385252,-15.380856,-24.414060,walking_abha_new
1771603943.4359336,0.315552,-0.825684,-0.149536,-12.512204,-4.577638,-15.808104,walking_abha_new
1771603943.461644,0.351074,-0.873779,-0.154785,-14.587400,5.920409,-9.094240,walking_abha_new
1771603943.4862065,0.407105,-0.953980,-0.157105,-13.854978,9.826660,-2.746581,walking_abha_new
1771603943.4995954,0.435303,-0.996338,-0.139771,-11.108396,6.408690,3.967285,walking_abha_new
1771603943.5287054,0.419800,-0.992920,-0.137451,-6.652830,1.892090,13.549804,walking_abha_new
1771603943.5395124,0.447510,-1.008301,-0.165527,-2.746581,-1.770019,25.207516,walking_abha_new
1771603943.5596836,0.486694,-1.144776,-0.165405,3.295898,-8.422854,39.550780,walking_abha_new
1771603943.5777426,0.455688,-1.302246,-0.119629,7.629394,-8.483890,62.683100,walking_abha_new
1771603943.59612,0.394775,-1.098022,-0.151855,5.371092,8.789064,76.538100,walking_abha_new
1771603943.6186361,0.385254,-0.854858,-0.226807,8.117676,20.690910,84.960920,walking_abha_new
1771603943.6375172,0.423584,-0.750000,-0.298096,14.221190,18.920900,82.641580,walking_abha_new
1771603943.660903,0.441528,-0.787110,-0.319824,24.291990,13.000484,70.922860,walking_abha_new
1771603943.679722,0.369019,-0.868408,-0.300415,28.625480,-0.915527,51.818840,walking_abha_new
1771603943.6940084,0.400024,-0.922486,-0.292725,25.329584,7.568358,44.677720,walking_abha_new
1771603943.7199285,0.435791,-0.871460,-0.315186,20.202630,9.643556,34.362800,walking_abha_new
1771603943.735101,0.446777,-0.821655,-0.331665,15.930172,3.906249,31.372068,walking_abha_new
1771603943.758094,0.285156,-0.695312,-0.343750,3.051757,21.667476,27.893060,walking_abha_new
1771603943.7767944,0.341553,-0.644898,-0.341187,-5.737304,41.870110,25.146480,walking_abha_new
1771603943.7974768,0.453003,-0.621216,-0.312988,-9.826660,47.241200,26.367180,walking_abha_new
1771603943.8185275,0.541260,-0.631836,-0.284424,-9.338380,32.714850,28.747552,walking_abha_new
1771603943.8390343,0.579224,-0.646606,-0.276611,-6.469726,10.009768,28.015130,walking_abha_new
1771603943.8764327,0.558960,-0.668457,-0.284668,-2.990722,-7.568358,27.648920,walking_abha_new
1771603943.8764327,0.524414,-0.702393,-0.301514,-2.807617,-10.314940,28.137200,walking_abha_new
1771603943.8998618,0.553345,-0.720215,-0.304077,-3.417968,-7.141112,26.306150,walking_abha_new
1771603943.9222584,0.589478,-0.723267,-0.301514,-2.563476,-9.033204,22.644040,walking_abha_new
1771603943.9702454,0.592529,-0.716187,-0.313355,-1.586914,-14.282224,19.592290,walking_abha_new
1771603943.9724543,0.584351,-0.766480,-0.310913,-0.183105,-19.653320,11.962890,walking_abha_new
1771603943.9799542,0.586426,-0.851807,-0.312256,-0.305176,-19.042970,5.310058,walking_abha_new
1771603944.0167572,0.579712,-0.950806,-0.303101,-1.770019,-15.136716,-3.051757,walking_abha_new
1771603944.0193517,0.583252,-1.069458,-0.277344,-2.197266,-7.080076,-8.911134,walking_abha_new
1771603944.0400145,0.645996,-1.290772,-0.259888,-1.892090,-0.183105,-8.056642,walking_abha_new
1771603944.0578496,0.695557,-1.434326,-0.278564,-5.004884,3.051757,-6.530760,walking_abha_new
1771603944.0759704,0.646729,-1.328003,-0.302979,-6.835936,7.324218,-13.549804,walking_abha_new
1771603944.0968199,0.503052,-1.077637,-0.244873,-12.145992,14.770504,-19.714360,walking_abha_new
1771603944.119115,0.435425,-0.830811,-0.185181,-13.061520,17.944340,-30.395500,walking_abha_new
1771603944.1382477,0.429077,-0.870972,-0.179443,4.150392,2.502442,-58.593740,walking_abha_new
1771603944.1597812,0.453491,-0.946900,-0.194458,11.291500,-19.104010,-72.937020,walking_abha_new
1771603944.181005,0.435913,-0.973511,-0.177490,15.197750,-39.062500,-74.768080,walking_abha_new
1771603944.1971085,0.377197,-0.950318,-0.149048,13.061520,-44.799800,-66.223160,walking_abha_new
1771603944.2204592,0.285034,-0.856201,-0.158936,5.615234,-41.503900,-56.274400,walking_abha_new
1771603944.2373464,0.230347,-0.737549,-0.188843,6.164550,-32.592780,-48.828120,walking_abha_new
1771603944.2562006,0.278564,-0.650146,-0.187256,7.690428,-30.151360,-42.541500,walking_abha_new
1771603944.2771769,0.305542,-0.612671,-0.195923,7.873534,-35.949720,-32.775880,walking_abha_new
1771603944.2991755,0.275757,-0.594727,-0.199585,5.920409,-41.870110,-27.709956,walking_abha_new
1771603944.3188174,0.236206,-0.598022,-0.171997,5.249022,-41.015620,-28.747552,walking_abha_new
1771603944.3460705,0.214722,-0.677490,-0.136230,-0.915527,-22.583000,-29.479976,walking_abha_new
1771603944.3569953,0.242920,-0.723877,-0.147217,-6.286620,-10.742184,-28.686520,walking_abha_new
1771603944.3766448,0.258057,-0.781616,-0.157349,-8.361816,0.549316,-28.503410,walking_abha_new
1771603944.4019427,0.287842,-0.845581,-0.158691,-12.817380,11.108396,-22.705070,walking_abha_new
1771603944.4194505,0.322876,-0.861206,-0.158936,-16.479492,18.859868,-14.831540,walking_abha_new
1771603944.4368603,0.340454,-0.874512,-0.156128,-17.517090,23.132320,-6.774902,walking_abha_new
1771603944.4594445,0.378418,-0.937012,-0.156006,-17.028810,24.169920,1.892090,walking_abha_new
1771603944.4790616,0.411011,-1.002198,-0.176880,-15.319820,22.094720,9.460450,walking_abha_new
1771603944.504041,0.424561,-1.019776,-0.203125,-11.535644,14.770504,15.991210,walking_abha_new
1771603944.5200646,0.523560,-1.187378,-0.223999,-1.342773,4.394532,31.555170,walking_abha_new
1771603944.5363991,0.573853,-1.403686,-0.213135,4.089356,-4.394532,40.466300,walking_abha_new
1771603944.5581043,0.533814,-1.376709,-0.213379,4.577638,-2.319336,48.767080,walking_abha_new
1771603944.5802183,0.446777,-1.012818,-0.251343,2.990722,9.582520,57.556140,walking_abha_new
1771603944.595979,0.381226,-0.685669,-0.312744,2.441407,17.333990,60.180660,walking_abha_new
1771603944.618929,0.371826,-0.598877,-0.342041,9.094240,12.573240,53.222640,walking_abha_new
1771603944.640532,0.385986,-0.751587,-0.319580,15.869140,5.432128,36.132820,walking_abha_new
1771603944.6735375,0.342651,-0.830811,-0.289185,13.854978,10.437010,21.484370,walking_abha_new
1771603944.6799607,0.305420,-0.825928,-0.275757,10.314940,31.005852,11.230468,walking_abha_new
1771603944.6967864,0.394898,-0.840454,-0.285645,0.427246,34.667980,8.422854,walking_abha_new
1771603944.7145503,0.291504,-0.755493,-0.284668,-7.080076,44.616690,5.126952,walking_abha_new
1771603944.7568371,0.318237,-0.725342,-0.275146,-11.413570,55.969230,5.981444,walking_abha_new
1771603944.7588465,0.379272,-0.672608,-0.271851,-15.014646,59.570300,14.770504,walking_abha_new
1771603944.7768092,0.460938,-0.631836,-0.263550,-10.681150,44.311520,15.380856,walking_abha_new
1771603944.8023863,0.528442,-0.650879,-0.248657,-4.516602,16.235352,15.258788,walking_abha_new
1771603944.824565,0.520264,-0.680176,-0.235107,1.464844,-10.314940,17.944340,walking_abha_new
1771603944.8404038,0.451538,-0.712524,-0.240601,4.028321,-22.705070,21.667476,walking_abha_new
1771603944.857613,0.431396,-0.741089,-0.258301,2.990722,-17.456060,25.085448,walking_abha_new
1771603944.8741894,0.476196,-0.770630,-0.274292,3.479003,-9.887696,26.428220,walking_abha_new
1771603944.898311,0.523194,-0.801392,-0.290283,3.112792,-6.774902,27.343748,walking_abha_new
1771603944.9188776,0.528931,-0.776978,-0.300781,3.234863,-7.385252,25.390620,walking_abha_new
1771603944.9371786,0.509033,-0.751953,-0.310303,2.990722,-6.896972,24.780270,walking_abha_new
1771603944.9603095,0.512695,-0.770874,-0.328247,4.455568,-6.774902,19.958500,walking_abha_new
1771603944.9785793,0.535156,-0.847900,-0.338867,5.676268,-6.835936,11.901852,walking_abha_new
1771603944.998078,0.530762,-0.923584,-0.335693,4.150392,-5.065916,6.530760,walking_abha_new
1771603945.0192215,0.507690,-0.952271,-0.321899,2.136231,-0.366211,-0.793457,walking_abha_new
1771603945.0401597,0.552246,-1.081299,-0.297974,4.333496,6.713866,-1.098633,walking_abha_new
1771603945.060871,0.591675,-1.251954,-0.299683,1.159668,14.221190,11.169430,walking_abha_new
1771603945.0753539,0.598877,-1.236450,-0.307861,-3.662109,13.916012,7.202148,walking_abha_new
1771603945.0984948,0.476563,-0.972534,-0.256592,-6.347656,8.483890,1.892090,walking_abha_new
1771603945.1163423,0.453735,-0.907471,-0.237183,-4.455568,2.197266,-10.253904,walking_abha_new
1771603945.1387753,0.461182,-0.968872,-0.236084,1.220704,-8.544924,-31.005852,walking_abha_new
1771603945.158428,0.423584,-0.999268,-0.214111,4.455568,-18.371584,-49.865720,walking_abha_new
1771603945.1793344,0.386230,-1.024658,-0.186401,4.211426,-24.047850,-55.541980,walking_abha_new
1771603945.1998837,0.295166,-1.017456,-0.171875,2.441407,-20.935052,-54.199210,walking_abha_new
1771603945.2202718,0.214966,-0.954102,-0.176514,-0.671386,-7.080076,-52.307120,walking_abha_new
1771603945.2347412,0.212647,-0.862427,-0.197754,-2.014160,4.882814,-49.926750,walking_abha_new
1771603945.2581236,0.228516,-0.789185,-0.216431,-0.915527,10.864256,-44.616690,walking_abha_new
1771603945.2759185,0.265991,-0.695679,-0.229126,-4.455568,-1.953124,-28.015130,walking_abha_new
1771603945.300337,0.271362,-0.645874,-0.216187,-4.760742,-15.197750,-17.639160,walking_abha_new
1771603945.3244348,0.211670,-0.619263,-0.186768,-4.516602,-25.268550,-14.648436,walking_abha_new
1771603945.338935,0.207520,-0.640259,-0.162964,-5.798338,-12.756344,-12.573240,walking_abha_new
1771603945.384179,0.228882,-0.664917,-0.150757,-7.019042,-4.394532,-11.291500,walking_abha_new
1771603945.3871298,0.291504,-0.702881,-0.152710,-7.568358,-1.892090,-7.934570,walking_abha_new
1771603945.4026048,0.334595,-0.716675,-0.156006,-9.033204,-4.821778,-0.976562,walking_abha_new
1771603945.41839,0.353760,-0.714478,-0.137207,-9.643556,-8.605960,5.004884,walking_abha_new
1771603945.4598408,0.375610,-0.761841,-0.107910,-9.460450,-8.178714,11.230468,walking_abha_new
1771603945.4598408,0.412720,-0.829102,-0.112671,-10.314940,-4.760742,16.174320,walking_abha_new
1771603945.4764225,0.484375,-0.949463,-0.133789,-10.681150,-4.150392,21.118160,walking_abha_new
1771603945.499907,0.499268,-0.998413,-0.143799,-11.962890,-2.746581,22.460930,walking_abha_new
1771603945.5238104,0.471069,-1.007935,-0.165161,-13.000484,3.906249,21.972650,walking_abha_new
1771603945.540586,0.441650,-0.991333,-0.181274,-13.549804,13.244628,20.019532,walking_abha_new
1771603945.5541954,0.448242,-1.073975,-0.172607,-9.582520,21.911620,16.235352,walking_abha_new
1771603945.5797198,0.496216,-1.233643,-0.190064,-5.859374,31.005852,12.512204,walking_abha_new
1771603945.5958514,0.490723,-1.204468,-0.218018,-6.408690,40.710440,13.183590,walking_abha_new
1771603945.6191592,0.447022,-0.971192,-0.236206,-5.065916,44.433580,17.150880,walking_abha_new
1771603945.6385286,0.403564,-0.742432,-0.258423,-1.586914,40.832510,20.080560,walking_abha_new
1771603945.6597328,0.457398,-0.751831,-0.310303,15.258788,17.700200,11.901852,walking_abha_new
1771603945.6794298,0.411255,-0.863159,-0.313477,21.911620,8.361816,-1.831054,walking_abha_new
1771603945.7002897,0.395142,-0.941650,-0.299683,23.803708,14.648436,-2.868652,walking_abha_new
1771603945.7185946,0.374512,-0.941284,-0.305908,13.000484,9.094240,-3.234863,walking_abha_new
1771603945.7387362,0.363281,-0.917236,-0.329346,9.704590,13.977050,-7.812498,walking_abha_new
1771603945.761368,0.329102,-0.875977,-0.320190,6.042480,20.568840,-11.413570,walking_abha_new
1771603945.7805479,0.379395,-0.779663,-0.309448,2.868652,16.662600,-10.559080,walking_abha_new
1771603945.8011734,0.398804,-0.727173,-0.293091,3.295898,7.263182,-3.784179,walking_abha_new
1771603946.0422094,0.434326,-0.712158,-0.257568,10.192870,-34.179700,15.747068,walking_abha_new
1771603946.0422094,0.420654,-0.737061,-0.258423,7.995604,-32.470710,23.925780,walking_abha_new
1771603946.0422094,0.449097,-0.728760,-0.269165,8.361816,-30.090330,23.864740,walking_abha_new
1771603946.0422094,0.469727,-0.748779,-0.262573,9.216310,-30.578610,23.254390,walking_abha_new
1771603946.0422094,0.481567,-0.770630,-0.257080,9.033204,-31.738280,23.437492,walking_abha_new
1771603946.0422094,0.482544,-0.784668,-0.264038,8.728030,-33.325200,21.728510,walking_abha_new
1771603946.0422094,0.464478,-0.801026,-0.272217,8.422854,-32.104500,17.761230,walking_abha_new
1771603946.0488183,0.457275,-0.809570,-0.284546,7.446288,-27.709956,12.451170,walking_abha_new
1771603946.0488183,0.458618,-0.821411,-0.293335,6.835936,-23.254390,6.042480,walking_abha_new
1771603946.0488183,0.470947,-0.874390,-0.294922,5.371092,-18.920900,-1.770019,walking_abha_new
1771603946.064194,0.461914,-0.909424,-0.292603,3.051757,-15.319820,-5.371092,walking_abha_new
1771603946.0822196,0.439453,-0.926026,-0.298584,-0.854492,-12.023924,-10.925290,walking_abha_new
1771603946.1242497,0.454834,-0.948242,-0.290894,0.671386,-0.488281,-16.723632,walking_abha_new
1771603946.1242497,0.416260,-0.968872,-0.279297,-4.943848,13.305660,1.403808,walking_abha_new
1771603946.1487176,0.463501,-0.988648,-0.283814,-5.432128,17.578130,-0.610352,walking_abha_new
1771603946.1597083,0.526001,-1.054932,-0.288940,-3.479003,8.666994,-5.371092,walking_abha_new
1771603946.179421,0.536621,-1.069214,-0.276001,-2.685546,-3.967285,-7.507323,walking_abha_new
1771603946.2001605,0.511230,-1.017334,-0.256104,-3.051757,-11.291500,-11.657712,walking_abha_new
1771603946.2201126,0.428711,-0.921265,-0.230347,-5.310058,-7.080076,-12.023924,walking_abha_new
1771603946.2362096,0.422730,-0.756348,-0.216553,-5.004884,-6.225584,-15.258788,walking_abha_new
1771603946.2565746,0.439819,-0.780518,-0.211914,3.051757,-16.906740,-21.545408,walking_abha_new
1771603946.2781825,0.447266,-0.852295,-0.208008,4.455568,-26.794430,-20.568840,walking_abha_new
1771603946.2993505,0.451904,-0.858032,-0.191284,4.699708,-40.100100,-19.653320,walking_abha_new
1771603946.320736,0.422241,-0.891846,-0.163086,6.286620,-48.889150,-19.836430,walking_abha_new
1771603946.3390725,0.353027,-0.942749,-0.153687,2.258301,-46.569820,-19.226080,walking_abha_new
1771603946.3591213,0.329468,-0.931152,-0.160156,-0.488281,-30.944820,-19.348150,walking_abha_new
1771603946.3797877,0.336792,-0.856812,-0.167969,-1.770019,-20.751950,-19.287110,walking_abha_new
1771603946.4008057,0.344238,-0.784302,-0.171021,-0.061035,-21.423332,-20.019532,walking_abha_new
1771603946.416332,0.343018,-0.734375,-0.178589,5.615234,-20.935052,-19.226080,walking_abha_new
1771603946.436417,0.350952,-0.731690,-0.179565,7.263182,-24.475090,-17.944340,walking_abha_new
1771603946.456819,0.340210,-0.727783,-0.176636,7.324218,-28.137200,-14.404296,walking_abha_new
1771603946.4780107,0.342651,-0.765259,-0.187134,6.225584,-28.015130,-11.718748,walking_abha_new
1771603946.4987566,0.342651,-0.787476,-0.196411,2.502442,-24.597160,-10.131832,walking_abha_new
1771603946.5200734,0.325195,-0.782104,-0.192871,-1.098633,-18.310550,-8.361816,walking_abha_new
1771603946.5399814,0.327759,-0.773926,-0.190674,-4.150392,-9.033204,-6.958006,walking_abha_new
1771603946.5591252,0.365479,-0.783325,-0.207153,-5.187988,-3.356933,-5.859374,walking_abha_new
1771603946.57615,0.394165,-0.797119,-0.219971,-5.920409,-4.211426,-2.868652,walking_abha_new
1771603946.596089,0.401001,-0.814209,-0.219116,-6.164550,-6.652830,-0.183105,walking_abha_new
1771603946.6161835,0.408447,-0.891724,-0.223022,-8.422854,-2.380371,7.446288,walking_abha_new
1771603946.6384327,0.430542,-0.918823,-0.238770,-10.559080,2.990722,11.718748,walking_abha_new
1771603946.6616058,0.450806,-0.918457,-0.264038,-11.474608,10.253904,17.150880,walking_abha_new
1771603946.6794634,0.460083,-0.938599,-0.261963,-12.573240,7.751464,21.362300,walking_abha_new
1771603946.699402,0.494019,-1.098755,-0.242432,-13.488768,4.455568,26.733390,walking_abha_new
1771603946.71914,0.506958,-1.242310,-0.242310,-15.014646,10.559080,27.893060,walking_abha_new
1771603946.73909,0.461914,-1.150513,-0.245728,-15.624996,20.812980,26.306150,walking_abha_new
1771603946.780841,0.423462,-0.938599,-0.252686,-13.244628,30.456540,22.827140,walking_abha_new
1771603946.780841,0.406250,-0.781738,-0.289307,-7.568358,32.348640,19.042970,walking_abha_new
1771603946.7891057,0.440308,-0.745239,-0.324341,5.126952,14.587400,4.882814,walking_abha_new
1771603946.8186126,0.383789,-0.778198,-0.307861,10.009768,5.432128,-7.324218,walking_abha_new
1771603946.8634965,0.362793,-0.831665,-0.304932,10.986324,5.676268,-14.282224,walking_abha_new
1771603946.8634965,0.368164,-0.859741,-0.333374,9.216310,5.249022,-15.014646,walking_abha_new
1771603946.880208,0.329712,-0.835816,-0.361084,9.521484,2.929687,-20.812980,walking_abha_new
1771603946.8981843,0.327393,-0.824097,-0.360596,7.812498,3.601074,-21.545408,walking_abha_new
1771603946.9156373,0.323486,-0.783570,-0.369995,3.051757,8.666994,-13.916012,walking_abha_new
1771603946.938016,0.363892,-0.714478,-0.376465,0.000000,9.521484,-7.202148,walking_abha_new
1771603946.9574728,0.398804,-0.661133,-0.369995,0.244141,-0.305176,-0.244141,walking_abha_new
1771603946.977791,0.387573,-0.644287,-0.357178,1.647949,-10.070800,3.234863,walking_abha_new
1771603946.9987848,0.345093,-0.641846,-0.353516,-0.427246,-11.901852,5.798338,walking_abha_new
1771603947.020779,0.350952,-0.658203,-0.366455,-1.525878,-6.591796,5.004884,walking_abha_new
1771603947.0406318,0.385254,-0.718872,-0.366089,-2.624511,-1.220704,5.187988,walking_abha_new
1771603947.0612285,0.427246,-0.781250,-0.354126,-5.065916,-0.671386,8.239746,walking_abha_new
1771603947.074956,0.447144,-0.819702,-0.354004,-6.591796,-3.112792,10.437010,walking_abha_new
1771603947.1005464,0.433228,-0.840698,-0.364014,-7.080076,-1.586914,8.850100,walking_abha_new
1771603947.120607,0.437256,-0.830811,-0.374634,-7.995604,2.990722,6.713866,walking_abha_new
1771603947.1370883,0.441895,-0.790772,-0.387573,-6.774902,4.760742,5.371092,walking_abha_new
1771603947.159434,0.469238,-0.806030,-0.402954,-3.417968,3.234863,2.441407,walking_abha_new
1771603947.1794634,0.498291,-0.842774,-0.410522,-2.197266,-2.075196,1.220704,walking_abha_new
1771603947.203634,0.491699,-0.872314,-0.415527,-3.234863,-7.507323,2.197266,walking_abha_new
1771603947.223531,0.467163,-0.880371,-0.406494,-5.249022,-6.958006,1.403808,walking_abha_new
1771603947.2400584,0.458618,-0.985596,-0.387329,-7.141112,1.831054,9.704590,walking_abha_new
1771603947.2595394,0.486816,-1.100464,-0.401489,-12.939450,16.540530,15.808104,walking_abha_new
1771603947.2771287,0.538696,-1.131348,-0.400635,-16.601568,25.878900,15.502928,walking_abha_new
1771603947.2982254,0.534424,-1.054322,-0.384644,-20.874020,27.343748,16.418460,walking_abha_new
1771603947.318901,0.499390,-0.855835,-0.354614,-21.606440,22.338860,8.911134,walking_abha_new
1771603947.3405569,0.488281,-0.768066,-0.338013,-16.113284,11.352536,-3.295898,walking_abha_new
1771603947.3604252,0.498413,-0.864624,-0.322632,-7.507323,-11.169430,-23.681636,walking_abha_new
1771603947.3811038,0.493896,-0.890381,-0.301148,-6.042480,-24.780270,-28.442380,walking_abha_new
1771603947.401572,0.424072,-0.884888,-0.280884,-6.347656,-30.212400,-25.939940,walking_abha_new
1771603947.416846,0.349365,-0.867066,-0.275635,-9.033204,-20.629880,-25.634760,walking_abha_new
1771603947.4369314,0.318482,-0.804810,-0.282471,-10.925290,-6.286620,-27.099608,walking_abha_new
1771603947.4600382,0.335571,-0.734741,-0.283447,-10.559080,0.915527,-26.611320,walking_abha_new
1771603947.4781976,0.346191,-0.676514,-0.284668,-9.216310,-2.746581,-22.155760,walking_abha_new
1771603947.6192234,0.337280,-0.624268,-0.283081,-9.460450,-12.878416,-15.747068,walking_abha_new
1771603947.6192234,0.335083,-0.605225,-0.274536,-8.056642,-17.700200,-10.620116,walking_abha_new
1771603947.6192234,0.301025,-0.626831,-0.258301,-8.544924,-15.991210,-5.004884,walking_abha_new
1771603947.6192234,0.312500,-0.653687,-0.263306,-10.498044,-12.512204,-2.258301,walking_abha_new
1771603947.6192234,0.321655,-0.689087,-0.268921,-12.573240,-6.591796,-1.525878,walking_abha_new
1771603947.6221411,0.324951,-0.732056,-0.265625,-14.831540,1.342773,-1.220704,walking_abha_new
1771603947.6221411,0.341797,-0.753906,-0.263306,-18.554690,8.544924,0.183105,walking_abha_new
1771603947.6378272,0.387573,-0.769287,-0.266846,-19.348150,12.390136,2.319336,walking_abha_new
1771603947.6657047,0.413574,-0.795044,-0.271606,-18.554690,11.535644,4.455568,walking_abha_new
1771603947.7893293,0.430176,-0.839722,-0.278320,-17.822270,10.864256,8.117676,walking_abha_new
1771603947.79099,0.446899,-0.893188,-0.287842,-17.028810,12.023924,11.108396,walking_abha_new
1771603947.79099,0.430786,-0.899170,-0.294067,-16.784670,16.113284,13.427732,walking_abha_new
1771603947.79099,0.451660,-0.812988,-0.322998,-17.639160,23.498530,18.615724,walking_abha_new
1771603947.79099,0.461426,-0.834717,-0.314941,-14.099120,22.460930,21.423332,walking_abha_new
1771603947.79099,0.494385,-1.048828,-0.292236,-12.634276,23.803708,23.132320,walking_abha_new
1771603947.7982745,0.457764,-1.059570,-0.280640,-14.831540,32.104500,24.536130,walking_abha_new
1771603947.8177223,0.412720,-0.922486,-0.255615,-11.962890,42.968740,24.841304,walking_abha_new
1771603947.8462002,0.401001,-0.812012,-0.257813,-2.929687,50.109860,22.949216,walking_abha_new
1771603947.8670306,0.452271,-0.810059,-0.307495,8.544924,46.569820,21.057124,walking_abha_new
1771603947.8892891,0.492188,-0.794556,-0.342407,22.644040,33.386240,19.775390,walking_abha_new
1771603947.9010506,0.419678,-0.781128,-0.322510,31.005852,16.479492,13.977050,walking_abha_new
1771603947.9158604,0.447266,-0.780518,-0.326904,36.987310,8.605960,13.122556,walking_abha_new
1771603947.936635,0.468262,-0.776856,-0.363648,39.245610,-2.990722,12.695310,walking_abha_new
1771603947.9620776,0.438843,-0.735230,-0.377686,38.085940,-14.038084,9.948730,walking_abha_new
1771603947.9800634,0.343506,-0.654175,-0.367798,34.423840,-14.709470,5.981444,walking_abha_new
1771603947.999389,0.265747,-0.616821,-0.351807,27.221676,4.638672,6.896972,walking_abha_new
1771603948.0196064,0.311035,-0.604980,-0.353394,20.019532,24.291990,7.995604,walking_abha_new
1771603948.0407388,0.398071,-0.621826,-0.341797,18.005376,27.770990,9.765626,walking_abha_new
1771603948.0618036,0.458862,-0.654541,-0.342407,19.714360,14.587400,10.803220,walking_abha_new
1771603948.0752807,0.451538,-0.708618,-0.351563,22.644040,-0.793457,13.061520,walking_abha_new
1771603948.100833,0.428711,-0.749512,-0.373779,23.681636,-6.530760,13.793944,walking_abha_new
1771603948.121206,0.467285,-0.796265,-0.397095,25.146480,-9.765626,12.634276,walking_abha_new
1771603948.1369283,0.515869,-0.828003,-0.414551,25.634760,-18.188480,10.742184,walking_abha_new
1771603948.158896,0.513916,-0.815918,-0.427734,25.146480,-27.099608,9.094240,walking_abha_new
1771603948.2773254,0.523560,-0.928711,-0.434570,18.127448,-26.123040,-0.488281,walking_abha_new
1771603948.2773254,0.544312,-1.021484,-0.420288,13.916012,-21.972650,-5.187988,walking_abha_new
1771603948.2773254,0.545898,-1.089722,-0.396606,8.728030,-9.826660,-4.516602,walking_abha_new
1771603948.2801845,0.551636,-1.112427,-0.381592,4.211426,7.629394,-0.549316,walking_abha_new
1771603948.2989519,0.695190,-1.224610,-0.425171,0.671386,16.174320,-1.770019,walking_abha_new
1771603948.3202515,0.723999,-1.201660,-0.421265,-0.244141,4.333496,-11.169430,walking_abha_new
1771603948.380776,0.464722,-0.723633,-0.268433,-3.540038,-14.831540,-32.836920,walking_abha_new
1771603948.4016201,0.486450,-0.803467,-0.247559,0.671386,-18.676760,-48.217760,walking_abha_new
1771603948.4309704,0.526734,-0.873657,-0.241089,1.159668,-28.015130,-56.701650,walking_abha_new
1771603948.4405675,0.521118,-0.918213,-0.221802,-0.671386,-36.315920,-56.945790,walking_abha_new
1771603948.460349,0.503418,-0.916016,-0.188843,-6.225584,-34.301760,-48.706040,walking_abha_new
1771603948.477837,0.440552,-0.843140,-0.172974,-11.718748,-30.639640,-40.832510,walking_abha_new
1771603948.5060253,0.400024,-0.731079,-0.174072,-10.009768,-29.785150,-41.381820,walking_abha_new
1771603948.519109,0.393677,-0.677368,-0.180420,-6.103514,-19.775390,-43.457020,walking_abha_new
1771603948.5409653,0.365601,-0.645752,-0.172119,-5.554198,-17.517090,-43.762200,walking_abha_new
1771603948.5610068,0.352051,-0.618408,-0.161987,-7.263182,-15.441892,-43.029780,walking_abha_new
1771603948.5825531,0.331909,-0.596680,-0.150635,-7.995604,-13.366696,-42.297360,walking_abha_new
1771603948.6022062,0.358154,-0.615356,-0.140503,-8.666994,-13.977050,-40.893540,walking_abha_new
1771603948.6166027,0.373169,-0.661743,-0.135254,-8.422854,-18.615724,-37.780760,walking_abha_new
1771603948.6382582,0.372192,-0.723511,-0.138428,-8.300784,-21.057124,-35.217290,walking_abha_new
1771603948.6623,0.369019,-0.782959,-0.149902,-9.948730,-18.005376,-31.372068,walking_abha_new
1771603948.6786,0.383423,-0.817261,-0.162231,-11.657712,-7.324218,-24.963376,walking_abha_new
1771603948.7033288,0.433472,-0.875366,-0.166992,-10.192870,-2.563476,-19.714360,walking_abha_new
1771603948.7210665,0.476318,-0.947144,-0.169678,-7.873534,-2.624511,-13.793944,walking_abha_new
1771603948.7353754,0.468994,-0.971314,-0.168457,-5.981444,-2.441407,-7.385252,walking_abha_new
1771603948.7595654,0.457031,-0.954346,-0.177979,-4.272462,2.746581,1.098633,walking_abha_new
1771603948.7796552,0.495728,-1.012329,-0.178711,0.000000,8.239746,11.840818,walking_abha_new
1771603948.7970853,0.563354,-1.153198,-0.195068,6.408690,3.173828,23.193352,walking_abha_new
1771603948.8212283,0.545410,-1.143799,-0.206665,9.948730,0.976562,34.667980,walking_abha_new
1771603948.838693,0.418701,-0.969849,-0.208496,11.352536,6.835936,44.433580,walking_abha_new
1771603948.8537066,0.293823,-0.749146,-0.214722,9.582520,19.897460,52.368160,walking_abha_new
1771603948.880839,0.341553,-0.634766,-0.260498,17.944340,27.954100,51.025380,walking_abha_new
1771603948.9008727,0.391846,-0.779663,-0.257935,25.085448,17.761230,42.602530,walking_abha_new
1771603948.9194565,0.352661,-0.844482,-0.232788,27.954100,17.517090,33.325200,walking_abha_new
1771603948.9363015,0.349854,-0.869019,-0.249512,26.855464,20.751950,34.362800,walking_abha_new
1771603948.9577336,0.401611,-0.864868,-0.287964,24.597160,19.470220,35.522460,walking_abha_new
1771603948.9910784,0.401123,-0.840698,-0.310791,24.658200,12.390136,30.639640,walking_abha_new
1771603948.9996061,0.352173,-0.807862,-0.311279,21.972650,13.732908,29.418940,walking_abha_new
1771603949.0189505,0.344238,-0.756592,-0.317871,17.883300,25.268550,25.878900,walking_abha_new
1771603949.0402048,0.413208,-0.704224,-0.318726,13.671872,29.174800,28.808590,walking_abha_new
1771603949.0815744,0.512695,-0.671265,-0.307251,15.502928,7.812498,33.142100,walking_abha_new
1771603949.0860755,0.497070,-0.709961,-0.311646,16.662600,-7.385252,31.921380,walking_abha_new
1771603949.099712,0.471924,-0.731323,-0.333740,13.854978,-10.131832,30.517570,walking_abha_new
1771603949.118135,0.500244,-0.739746,-0.347290,9.460450,-4.760742,31.616208,walking_abha_new
1771603949.1402974,0.570923,-0.744507,-0.354858,7.202148,-3.967285,32.287600,walking_abha_new
1771603949.1614106,0.603272,-0.748902,-0.365356,5.432128,-7.202148,32.775880,walking_abha_new
1771603949.179343,0.627197,-0.731690,-0.365479,4.394532,-15.258788,30.700680,walking_abha_new
1771603949.200104,0.611328,-0.718872,-0.357300,4.333496,-22.033690,28.259270,walking_abha_new
1771603949.2202494,0.597534,-0.763672,-0.354858,3.356933,-22.338860,23.010250,walking_abha_new
1771603949.23793,0.604858,-0.845947,-0.353638,2.197266,-18.554690,12.756344,walking_abha_new
1771603949.256153,0.620484,-0.991821,-0.323730,-3.234863,-6.896972,3.906249,walking_abha_new
1771603949.2785246,0.608521,-0.982056,-0.312134,-9.643556,6.530760,0.305176,walking_abha_new
1771603949.2975626,0.611572,-0.976562,-0.300171,-10.314940,15.747068,-5.432128,walking_abha_new
1771603949.3203304,0.682984,-1.079102,-0.323608,-7.385252,13.610836,-14.953610,walking_abha_new
1771603949.3460138,0.733887,-1.131104,-0.332275,-5.065916,2.746581,-24.597160,walking_abha_new
1771603949.3595998,0.645630,-1.072266,-0.294678,-5.615234,-2.929687,-30.944820,walking_abha_new
1771603949.3809104,0.528931,-0.902954,-0.231445,-11.901852,6.103514,-37.475590,walking_abha_new
1771603949.4017127,0.506714,-0.774048,-0.194092,-11.291500,11.840818,-46.020500,walking_abha_new
1771603949.4215481,0.551636,-0.789917,-0.176025,-5.981444,4.882814,-52.795400,walking_abha_new
1771603949.4392478,0.578003,-0.875366,-0.168213,0.549316,-20.263670,-61.157220,walking_abha_new
1771603949.4604561,0.594727,-0.949829,-0.145874,1.098633,-39.489750,-57.373040,walking_abha_new
1771603949.4803486,0.575195,-0.979614,-0.109131,0.671386,-51.757800,-53.649900,walking_abha_new
1771603949.4985323,0.449585,-0.966553,-0.087280,-3.417968,-49.072260,-50.292960,walking_abha_new
1771603949.5217113,0.347046,-0.881104,-0.094971,-7.019042,-30.273430,-48.034660,walking_abha_new
1771603949.539713,0.345703,-0.781128,-0.130371,-7.873534,-11.779784,-49.865720,walking_abha_new
1771603949.5604925,0.374512,-0.716919,-0.156128,-5.676268,-3.234863,-53.039540,walking_abha_new
1771603949.575723,0.374878,-0.675537,-0.158447,-2.990722,-4.882814,-56.091300,walking_abha_new
1771603949.5960116,0.330078,-0.640625,-0.139160,-2.807617,-6.225584,-57.922360,walking_abha_new
1771603949.623098,0.309082,-0.626099,-0.118164,-3.234863,-5.615234,-56.884760,walking_abha_new
1771603949.6375525,0.329102,-0.684814,-0.112549,-1.831054,-8.972170,-53.405750,walking_abha_new
1771603949.658436,0.327881,-0.742310,-0.132446,-0.732422,-14.343260,-48.156730,walking_abha_new
1771603949.694975,0.327148,-0.785278,-0.165527,-1.342773,-14.770504,-40.527340,walking_abha_new
1771603949.6988988,0.310425,-0.802856,-0.180054,-3.601074,-8.666994,-29.907220,walking_abha_new
1771603949.720296,0.313477,-0.821900,-0.176514,-6.469726,2.136231,-16.967780,walking_abha_new
1771603949.777635,0.356567,-0.869019,-0.171875,-7.263182,9.582520,-3.662109,walking_abha_new
1771603949.7796469,0.402832,-0.902710,-0.169189,-6.469726,10.009768,8.728030,walking_abha_new
1771603949.7816591,0.438843,-0.904297,-0.184448,-3.601074,5.371092,21.118160,walking_abha_new
1771603949.799575,0.496338,-0.901367,-0.207520,0.122070,-3.051757,34.606940,walking_abha_new
1771603949.818606,0.551026,-1.137574,-0.202393,7.568358,-19.042970,53.283680,walking_abha_new
1771603949.8452265,0.527954,-1.227539,-0.184204,6.164550,-16.784670,64.025900,walking_abha_new
1771603949.8599417,0.471558,-1.113404,-0.171265,3.540038,0.549316,68.786640,walking_abha_new
1771603949.8785052,0.408936,-0.901734,-0.204468,2.380371,20.751950,70.373540,walking_abha_new
1771603949.9007967,0.384399,-0.778687,-0.256592,5.065916,30.151360,65.368660,walking_abha_new
1771603949.9234934,0.421875,-0.770630,-0.273193,11.901852,30.517570,49.987780,walking_abha_new
1771603949.9424963,0.405640,-0.812622,-0.258789,17.395020,32.836920,35.278320,walking_abha_new
1771603949.984562,0.446777,-0.825440,-0.291870,20.874020,30.456540,19.165040,walking_abha_new
1771603949.998639,0.483765,-0.812866,-0.319336,20.629880,11.047360,15.808104,walking_abha_new
1771603950.0195656,0.335083,-0.762329,-0.322510,12.573240,7.873534,26.550290,walking_abha_new
1771603950.0355637,0.330688,-0.711060,-0.305908,3.356933,22.094720,30.090330,walking_abha_new
1771603950.0618196,0.394653,-0.672974,-0.273804,-4.943848,31.616208,39.062500,walking_abha_new
1771603950.0759227,0.488892,-0.666748,-0.249268,-7.507323,26.733390,42.907700,walking_abha_new
1771603950.102387,0.575684,-0.680908,-0.241211,-4.638672,8.728030,41.748040,walking_abha_new
1771603950.1178021,0.572144,-0.713623,-0.240967,-1.037598,-7.751464,44.067380,walking_abha_new
1771603950.1385472,0.538452,-0.741455,-0.263550,0.122070,-11.596676,43.518060,walking_abha_new
1771603950.1648064,0.574463,-0.774414,-0.285278,1.220704,-8.361816,40.710440,walking_abha_new
1771603950.179566,0.607788,-0.788940,-0.296509,0.488281,-6.591796,41.198720,walking_abha_new
1771603950.2033098,0.601562,-0.742554,-0.305786,0.671386,-8.300784,35.217290,walking_abha_new
1771603950.2166884,0.584229,-0.732422,-0.293091,0.671386,-8.605960,29.113768,walking_abha_new
1771603950.241236,0.589234,-0.756592,-0.300659,1.770019,-9.765626,20.141600,walking_abha_new
1771603950.2606778,0.608398,-0.832520,-0.319458,2.990722,-10.986324,8.300784,walking_abha_new
1771603950.2769678,0.612549,-0.883057,-0.318970,4.943848,-10.009768,-9.338380,walking_abha_new
1771603950.3008044,0.587524,-0.990356,-0.278809,0.427246,-1.281738,-4.882814,walking_abha_new
1771603950.3198404,0.607300,-1.079834,-0.266846,-3.479003,8.728030,0.305176,walking_abha_new
1771603950.3452237,0.666260,-1.181519,-0.280762,-3.112792,11.291500,-8.300784,walking_abha_new
1771603950.3536284,0.720947,-1.234253,-0.284058,-1.831054,4.882814,-13.305660,walking_abha_new
1771603950.3813848,0.675904,-1.181519,-0.271240,-3.967285,0.549316,-12.451170,walking_abha_new
1771603950.4009507,0.515991,-0.846314,-0.204102,-7.446288,0.305176,-25.756830,walking_abha_new
1771603950.419806,0.484375,-0.719971,-0.182861,-1.281738,-2.868652,-43.640120,walking_abha_new
1771603950.4434657,0.503662,-0.769898,-0.178101,8.728030,-11.047360,-60.424800,walking_abha_new
1771603950.4783483,0.541382,-0.847290,-0.186035,13.244628,-25.512690,-68.847660,walking_abha_new
1771603950.4783483,0.572388,-0.903076,-0.177002,15.991210,-47.790520,-67.016600,walking_abha_new
1771603950.499975,0.568848,-0.939087,-0.142456,16.784670,-66.894540,-61.340320,walking_abha_new
1771603950.520596,0.467041,-0.927002,-0.119873,15.380856,-73.242200,-56.762680,walking_abha_new
1771603950.5619981,0.370117,-0.876099,-0.110718,10.864256,-69.091800,-54.077140,walking_abha_new
1771603950.5675457,0.380982,-0.806641,-0.116089,9.948730,-62.683100,-53.283680,walking_abha_new
1771603950.5797973,0.375122,-0.738892,-0.125000,12.695310,-73.364260,-53.771960,walking_abha_new
1771603950.5976636,0.368042,-0.726318,-0.113770,13.977050,-67.382820,-53.405750,walking_abha_new
1771603950.6208763,0.314575,-0.721802,-0.088135,12.878416,-62.499990,-52.185050,walking_abha_new
1771603950.644719,0.307617,-0.721192,-0.067993,8.544924,-53.527820,-46.813960,walking_abha_new
1771603950.6584554,0.313843,-0.711304,-0.064575,4.455568,-45.959460,-39.245610,walking_abha_new
1771603950.6806364,0.305054,-0.723755,-0.076050,1.892090,-41.137680,-32.348640,walking_abha_new
1771603950.7000957,0.324707,-0.757935,-0.099976,-1.525878,-33.325200,-24.841304,walking_abha_new
1771603950.7172632,0.355225,-0.792847,-0.109985,-5.615234,-24.902340,-16.723632,walking_abha_new
1771603950.754102,0.373657,-0.813843,-0.106323,-9.338380,-18.859868,-9.216310,walking_abha_new
1771603950.7676692,0.398682,-0.852783,-0.107544,-10.925290,-15.441892,-4.211426,walking_abha_new
1771603950.7765422,0.422241,-0.935547,-0.129028,-10.437010,-10.742184,-0.915527,walking_abha_new
1771603950.8005958,0.416748,-0.945923,-0.150391,-8.911134,-5.981444,0.427246,walking_abha_new
1771603950.8239937,0.424927,-0.952881,-0.180908,-5.676268,-0.122070,3.295898,walking_abha_new
1771603950.8393412,0.466064,-1.067749,-0.210205,-0.427246,4.028321,9.216310,walking_abha_new
1771603950.8603966,0.483765,-1.158692,-0.237793,1.403808,7.568358,16.967780,walking_abha_new
1771603950.88119,0.461060,-1.090942,-0.260620,1.892090,12.573240,26.000970,walking_abha_new
1771603950.9017234,0.412598,-0.916016,-0.286499,2.319336,18.432620,31.982420,walking_abha_new
1771603950.9182842,0.372437,-0.743896,-0.324097,5.676268,21.545408,33.691410,walking_abha_new
1771603950.93662,0.407959,-0.679688,-0.379028,12.145992,19.653320,28.198240,walking_abha_new
1771603950.957517,0.395264,-0.755860,-0.384277,22.644040,1.831054,13.610836,walking_abha_new
1771603950.9794993,0.370239,-0.795410,-0.350952,19.226080,-5.859374,8.483890,walking_abha_new
1771603950.9994,0.344482,-0.836426,-0.340820,16.601568,-3.234863,7.812498,walking_abha_new
1771603951.0136495,0.338623,-0.852417,-0.362793,12.023924,4.760742,4.760742,walking_abha_new
1771603951.0411248,0.336060,-0.818726,-0.381592,6.469726,10.925290,10.803220,walking_abha_new
1771603951.0619092,0.334229,-0.738404,-0.394165,3.417968,16.601568,14.099120,walking_abha_new
1771603951.7761438,0.665528,-1.162964,-0.348145,5.371092,9.521484,7.507323,walking_abha_new
1771603951.7761438,0.669190,-1.212158,-0.347778,2.929687,4.638672,13.122556,walking_abha_new
1771603951.7761438,0.611938,-1.131592,-0.339356,-0.244141,5.676268,8.056642,walking_abha_new
1771603951.7781765,0.526245,-0.917358,-0.300415,-4.089356,7.446288,-1.220704,walking_abha_new
1771603951.7781765,0.472656,-0.715576,-0.274658,-1.525878,3.784179,-18.981940,walking_abha_new
1771603951.7781765,0.459717,-0.711182,-0.266480,8.850100,-4.821778,-39.428720,walking_abha_new
1771603951.7781765,0.500000,-0.815552,-0.260742,14.099120,-14.770504,-52.001940,walking_abha_new
1771603951.7781765,0.525391,-0.885132,-0.254395,14.892576,-33.020020,-51.940910,walking_abha_new
1771603951.780833,0.471191,-0.939087,-0.209229,12.207030,-49.011220,-43.823240,walking_abha_new
1771603951.780833,0.341553,-0.904785,-0.204224,6.408690,-39.001470,-40.161120,walking_abha_new
1771603951.780833,0.305908,-0.831665,-0.206421,-0.122070,-23.315424,-39.184580,walking_abha_new
1771603951.7864623,0.368896,-0.779907,-0.216431,0.793457,-14.648436,-38.208020,walking_abha_new
1771603951.7864623,0.378174,-0.751587,-0.221924,3.479003,-17.822270,-36.438000,walking_abha_new
1771603951.7864623,0.388794,-0.718628,-0.207642,5.065916,-23.437492,-33.691410,walking_abha_new
1771603951.7864623,0.363770,-0.692627,-0.193970,7.263182,-27.709956,-29.663080,walking_abha_new
1771603951.7864623,0.346802,-0.715332,-0.184692,7.690428,-27.770990,-27.893060,walking_abha_new
1771603951.7864623,0.358398,-0.753418,-0.184570,6.591796,-27.343748,-24.597160,walking_abha_new
1771603951.7864623,0.340820,-0.780274,-0.188599,2.319336,-22.216790,-19.226080,walking_abha_new
1771603951.7893972,0.346680,-0.775513,-0.189209,-0.488281,-14.770504,-15.319820,walking_abha_new
1771603951.7893972,0.371460,-0.765991,-0.194824,-2.746581,-9.033204,-10.192870,walking_abha_new
1771603951.7915595,0.420410,-0.773438,-0.203369,-2.624511,-10.070800,-5.065916,walking_abha_new
1771603951.800817,0.451660,-0.817993,-0.211060,-1.831054,-15.563964,-0.488281,walking_abha_new
1771603951.820392,0.461182,-0.884400,-0.217529,-2.319336,-18.432620,4.272462,walking_abha_new
1771603951.8398328,0.457886,-0.929688,-0.231201,-4.821778,-11.596676,8.117676,walking_abha_new
1771603951.860042,0.423706,-0.927734,-0.227539,-8.911134,-10.314940,11.169430,walking_abha_new
1771603951.880797,0.452026,-1.004394,-0.214600,-8.056642,-0.549316,14.526364,walking_abha_new
1771603951.917182,0.514526,-1.172608,-0.234375,-7.141112,9.155274,18.676760,walking_abha_new
1771603951.917182,0.493042,-1.068238,-0.267578,-6.469726,17.395020,26.000970,walking_abha_new
1771603951.939758,0.427246,-0.858032,-0.266846,-4.882814,22.705070,29.174800,walking_abha_new
1771603951.9611926,0.395752,-0.743774,-0.298218,0.122070,26.855464,25.146480,walking_abha_new
1771603952.0007355,0.431152,-0.762451,-0.329102,9.948730,19.958500,12.451170,walking_abha_new
1771603952.0007355,0.457642,-0.810181,-0.331543,18.859868,5.798338,-0.549316,walking_abha_new
1771603952.0212438,0.400024,-0.834351,-0.321167,20.263670,-7.324218,-7.263182,walking_abha_new
1771603952.0400767,0.354126,-0.845215,-0.322266,19.042970,-6.835936,-12.145992,walking_abha_new
1771603952.0674536,0.331543,-0.834595,-0.328247,14.221190,-1.220704,-10.559080,walking_abha_new
1771603952.0823739,0.282349,-0.771973,-0.330200,8.728030,8.850100,-10.559080,walking_abha_new
1771603952.0990431,0.305664,-0.695801,-0.318115,-1.342773,21.850580,-3.356933,walking_abha_new
1771603952.1166313,0.358398,-0.652222,-0.316650,-2.441407,20.263670,-1.770019,walking_abha_new
1771603952.1394358,0.398682,-0.663574,-0.308594,-1.647949,11.291500,1.586914,walking_abha_new
1771603952.1582584,0.414307,-0.699341,-0.300049,0.244141,0.610352,2.990722,walking_abha_new
1771603952.1800203,0.382080,-0.737061,-0.296997,0.732422,-2.624511,4.516602,walking_abha_new
1771603952.200129,0.385498,-0.757080,-0.311157,-0.732422,1.647949,6.408690,walking_abha_new
1771603952.2187154,0.379150,-0.762695,-0.327271,-0.915527,10.559080,7.629394,walking_abha_new
1771603952.24045,0.442505,-0.776734,-0.335571,-3.723144,13.793944,11.840818,walking_abha_new
1771603952.2579553,0.457764,-0.774536,-0.346069,-1.831054,9.887696,11.474608,walking_abha_new
1771603952.279738,0.439941,-0.789307,-0.357056,-3.601074,10.070800,12.512204,walking_abha_new
1771603952.2995455,0.450195,-0.760742,-0.378174,-4.394532,8.239746,14.892576,walking_abha_new
1771603952.318561,0.452026,-0.779907,-0.395264,-4.455568,8.972170,14.892576,walking_abha_new
1771603952.3401413,0.469971,-0.809814,-0.397949,-5.676268,10.803220,15.869140,walking_abha_new
1771603952.3594396,0.482910,-0.841187,-0.387207,-7.690428,13.122556,17.395020,walking_abha_new
1771603952.380434,0.488525,-0.854492,-0.382568,-10.192870,17.761230,20.019532,walking_abha_new
1771603952.401202,0.501709,-0.869385,-0.375366,-10.559080,22.216790,22.277830,walking_abha_new
1771603952.4202447,0.573730,-0.986572,-0.365723,-7.629394,24.536130,22.766110,walking_abha_new
1771603952.4371772,0.643677,-1.106934,-0.362183,-8.789064,22.705070,33.203130,walking_abha_new
1771603952.457223,0.640625,-1.097778,-0.362305,-10.131832,16.296390,37.536620,walking_abha_new
1771603952.4808123,0.542603,-0.910767,-0.316162,-13.916012,12.084960,36.010750,walking_abha_new
1771603952.4990134,0.518311,-0.776734,-0.282959,-13.732908,11.657712,21.728510,walking_abha_new
1771603952.5194433,0.494873,-0.783447,-0.268311,-6.652830,4.150392,4.089356,walking_abha_new
1771603952.5407653,0.520020,-0.858521,-0.267212,-3.051757,-2.563476,-11.474608,walking_abha_new
1771603952.5604782,0.556030,-0.882324,-0.256104,-2.685546,-11.596676,-17.700200,walking_abha_new
1771603952.5801105,0.524414,-0.892578,-0.221314,-2.258301,-20.751950,-17.456060,walking_abha_new
1771603952.6030645,0.447144,-0.880371,-0.208008,-3.173828,-19.348150,-18.676760,walking_abha_new
1771603952.6461415,0.382568,-0.820435,-0.213989,-3.540038,-8.666994,-23.437492,walking_abha_new
1771603952.6461415,0.390015,-0.743530,-0.217163,-2.563476,-0.183105,-27.160640,walking_abha_new
1771603952.6531909,0.400513,-0.665650,-0.228272,-1.403808,-3.051757,-26.733390,walking_abha_new
1771603952.679362,0.401611,-0.590942,-0.236450,4.333496,-15.563964,-23.193352,walking_abha_new
1771603952.732666,0.412109,-0.594604,-0.224976,6.713866,-23.681636,-21.118160,walking_abha_new
1771603952.732666,0.392700,-0.617554,-0.219116,6.713866,-30.578610,-17.395020,walking_abha_new
1771603952.732666,0.361938,-0.655762,-0.228394,4.516602,-33.264160,-14.343260,walking_abha_new
1771603952.7574575,0.358276,-0.710694,-0.237427,0.671386,-29.235832,-10.986324,walking_abha_new
1771603952.777664,0.351318,-0.769531,-0.240356,-4.638672,-19.775390,-9.033204,walking_abha_new
1771603952.8046885,0.355835,-0.813354,-0.239136,-11.108396,-6.652830,-5.859374,walking_abha_new
1771603952.887792,0.410889,-0.860840,-0.239258,-20.690910,11.535644,1.708984,walking_abha_new
1771603952.887792,0.446533,-0.903564,-0.247559,-20.507810,13.427732,4.211426,walking_abha_new
1771603952.9021726,0.455688,-0.950928,-0.251953,-19.104010,13.977050,5.615234,walking_abha_new
1771603952.9082344,0.467651,-0.951416,-0.257813,-17.883300,14.221190,9.643556,walking_abha_new
1771603953.0588393,0.492798,-1.122559,-0.250732,-9.643556,7.202148,19.104010,walking_abha_new
1771603953.0588393,0.484619,-1.263794,-0.240234,-7.812498,9.948730,21.545408,walking_abha_new
1771603953.0588393,0.437988,-1.179200,-0.229736,-7.324218,20.141600,23.986810,walking_abha_new
1771603953.0588393,0.360840,-0.949219,-0.237915,-4.272462,28.442380,26.733390,walking_abha_new
1771603953.0588393,0.303101,-0.741455,-0.268677,1.281738,31.311030,27.038570,walking_abha_new
1771603953.0588393,0.308228,-0.689942,-0.296631,11.657712,25.512690,19.836430,walking_abha_new
1771603953.0588393,0.281860,-0.839966,-0.271118,23.742670,14.160152,3.356933,walking_abha_new
1771603953.081168,0.240967,-0.869141,-0.265381,22.155760,12.451170,-2.685546,walking_abha_new
1771603953.1008008,0.236694,-0.910278,-0.278564,18.188480,19.042970,2.075196,walking_abha_new
1771603953.1167643,0.241699,-0.848755,-0.297852,13.122556,23.864740,6.958006,walking_abha_new
1771603953.1394749,0.200928,-0.769898,-0.290527,12.084960,28.442380,2.990722,walking_abha_new
1771603953.1581693,0.191772,-0.724854,-0.277100,6.469726,39.001470,9.948730,walking_abha_new
1771603953.1796947,0.273926,-0.652954,-0.282837,2.990722,41.809080,18.249516,walking_abha_new
1771603953.2001057,0.331787,-0.615356,-0.288696,6.652830,29.968260,22.583000,walking_abha_new
1771603953.2201848,0.356323,-0.640015,-0.279175,10.375976,16.418460,26.855464,walking_abha_new
1771603953.24161,0.396606,-0.691895,-0.287964,11.962890,3.417968,34.606940,walking_abha_new
1771603953.2710702,0.429443,-0.727417,-0.313843,14.282224,2.807617,34.912120,walking_abha_new
1771603953.282007,0.502930,-0.767334,-0.316406,10.803220,4.272462,40.161120,walking_abha_new
1771603953.2998364,0.566040,-0.764038,-0.342041,9.155274,-0.427246,43.579090,walking_abha_new
1771603953.3179955,0.593140,-0.778687,-0.360962,8.666994,-9.887696,41.687000,walking_abha_new
1771603953.3409913,0.588745,-0.771973,-0.366455,8.911134,-18.554690,37.780760,walking_abha_new
1771603953.3602526,0.578736,-0.808350,-0.363648,9.704590,-21.911620,31.066890,walking_abha_new
1771603953.380644,0.598999,-0.895630,-0.391602,9.582520,-20.202630,23.071284,walking_abha_new
1771603953.4191756,0.593872,-0.960571,-0.408691,7.141112,-13.610836,13.000484,walking_abha_new
1771603953.42334,0.589356,-0.999146,-0.384033,5.004884,-3.479003,2.136231,walking_abha_new
1771603953.4398713,0.593750,-1.052246,-0.338379,-1.098633,19.836430,4.882814,walking_abha_new
1771603953.4598951,0.692749,-1.191284,-0.349976,-0.732422,26.062010,2.807617,walking_abha_new
1771603953.5062377,0.728394,-1.224854,-0.358765,-1.647949,18.188480,-10.375976,walking_abha_new
1771603953.5062377,0.661865,-1.074463,-0.316772,-2.563476,9.826660,-21.972650,walking_abha_new
1771603953.5192928,0.547363,-0.856079,-0.247070,-5.371092,9.399414,-31.799310,walking_abha_new
1771603953.539561,0.515381,-0.773316,-0.210571,-2.502442,7.873534,-43.518060,walking_abha_new
1771603953.5566306,0.536499,-0.845093,-0.196533,3.356933,-1.220704,-58.593740,walking_abha_new
1771603953.5750613,0.604736,-0.902710,-0.199097,7.751464,-20.874020,-71.350100,walking_abha_new
1771603953.6020563,0.633301,-0.971070,-0.179688,12.756344,-50.659170,-75.500500,walking_abha_new
1771603953.620252,0.502930,-1.001343,-0.128296,11.718748,-68.908700,-75.439460,walking_abha_new
1771603953.6520627,0.379272,-0.933472,-0.124023,6.103514,-62.499990,-76.660160,walking_abha_new
1771603953.661796,0.306763,-0.844727,-0.134644,3.906249,-42.663560,-77.026380,walking_abha_new
1771603953.6800003,0.345459,-0.755860,-0.150757,3.295898,-29.541010,-80.810540,walking_abha_new
1771603953.6999204,0.361328,-0.695312,-0.160156,7.751464,-27.160640,-82.092260,walking_abha_new
1771603953.7227519,0.352783,-0.676514,-0.132935,1.647949,-22.033690,-79.467800,walking_abha_new
1771603953.740561,0.342529,-0.658325,-0.119385,0.305176,-25.146480,-75.012220,walking_abha_new
1771603953.7574725,0.324707,-0.685425,-0.106934,-0.610352,-27.099608,-71.167000,walking_abha_new
1771603953.77648,0.308960,-0.729736,-0.091919,-3.295898,-27.038570,-66.528340,walking_abha_new
1771603953.8008678,0.286133,-0.768921,-0.097656,-5.554198,-23.376460,-60.485830,walking_abha_new
1771603953.8180754,0.268677,-0.767578,-0.125366,-9.704590,-8.361816,-51.635740,walking_abha_new
1771603953.8389237,0.294556,-0.781372,-0.136353,-10.559080,-0.183105,-44.494620,walking_abha_new
1771603953.8604684,0.340454,-0.821533,-0.142700,-9.582520,3.295898,-34.729010,walking_abha_new
1771603953.8746264,0.382935,-0.902100,-0.151367,-9.521484,2.502442,-22.949216,walking_abha_new
1771603953.8976464,0.388672,-0.943970,-0.155029,-10.498044,1.281738,-10.742184,walking_abha_new
1771603953.9157948,0.377197,-0.949219,-0.160889,-12.084960,3.845214,2.441407,walking_abha_new
1771603953.9368057,0.415649,-1.075684,-0.151978,-9.887696,10.253904,17.272950,walking_abha_new
1771603953.9582849,0.483765,-1.238404,-0.136230,-10.314940,18.676760,34.729010,walking_abha_new
1771603953.9803126,0.493408,-1.185425,-0.127197,-12.756344,33.508300,51.513660,walking_abha_new
1771603954.0313563,0.412232,-0.806152,-0.179443,-12.512204,54.016100,71.960460,walking_abha_new
1771603954.0313563,0.452759,-0.665039,-0.214722,-8.056642,58.410640,79.528820,walking_abha_new
1771603954.0441804,0.552246,-0.692749,-0.250366,4.516602,44.921860,75.500500,walking_abha_new
1771603954.061982,0.606201,-0.772217,-0.265381,17.517090,21.728510,66.894540,walking_abha_new
1771603954.0762672,0.596192,-0.860962,-0.234619,21.423332,-1.708984,60.546860,walking_abha_new
1771603954.1259012,0.563599,-0.890381,-0.228638,20.996090,-13.732908,56.091300,walking_abha_new
1771603954.1259012,0.550293,-0.898682,-0.249146,21.911620,-19.653320,48.339840,walking_abha_new
1771603954.1343849,0.443482,-0.845093,-0.265747,16.662600,-10.437010,37.109380,walking_abha_new
1771603954.1584039,0.409546,-0.778076,-0.251587,13.427732,7.080076,30.700680,walking_abha_new
1771603954.1793187,0.399048,-0.712769,-0.253296,5.126952,31.005852,31.738280,walking_abha_new
1771603954.2144487,0.536865,-0.569336,-0.253296,2.990722,39.306640,28.015130,walking_abha_new
1771603954.255152,0.593750,-0.541138,-0.235596,6.652830,21.545408,28.137200,walking_abha_new
1771603954.255152,0.639893,-0.575562,-0.218628,9.521484,-1.464844,34.423840,walking_abha_new
1771603954.255152,0.642578,-0.612549,-0.212647,11.352536,-24.353020,42.358390,walking_abha_new
1771603954.2830534,0.653198,-0.639038,-0.210693,16.174320,-45.471180,44.799800,walking_abha_new
1771603954.2971597,0.632690,-0.715942,-0.210327,20.507810,-55.664060,45.532220,walking_abha_new
1771603954.3184187,0.630493,-0.787354,-0.222168,21.179192,-56.213370,47.546380,walking_abha_new
1771603954.3464134,0.641968,-0.807739,-0.231689,20.568840,-53.649900,46.386710,walking_abha_new
1771603954.4236884,0.633179,-0.912842,-0.266358,20.324700,-40.161120,26.062010,walking_abha_new
1771603954.4236884,0.651612,-0.948608,-0.284058,16.052250,-36.926280,17.028810,walking_abha_new
1771603954.4236884,0.618408,-0.953369,-0.272827,13.671872,-32.714850,1.525878,walking_abha_new
1771603954.4374971,0.598877,-0.979248,-0.247803,11.840818,-28.808590,-9.399414,walking_abha_new
1771603954.4564087,0.636353,-1.054200,-0.254272,11.962890,-28.930660,-13.671872,walking_abha_new
1771603954.479635,0.663818,-1.178711,-0.270508,13.183590,-34.362800,-22.460930,walking_abha_new
1771603954.4985905,0.620972,-1.219360,-0.256592,11.779784,-38.452160,-32.226570,walking_abha_new
1771603954.5197873,0.524048,-1.127320,-0.213257,2.807617,-30.029290,-35.827640,walking_abha_new
1771603954.5571601,0.495239,-0.979492,-0.168335,-1.586914,-32.775880,-34.790040,walking_abha_new
1771603954.5611753,0.490723,-0.964722,-0.134766,5.432128,-41.198720,-47.973620,walking_abha_new
1771603954.5827007,0.506958,-1.068238,-0.106567,7.629394,-58.654780,-59.265120,walking_abha_new
1771603954.6001792,0.477417,-1.045898,-0.050903,9.643556,-77.087400,-62.255850,walking_abha_new
1771603954.6167758,0.401489,-1.003784,0.000732,6.530760,-87.524400,-59.692380,walking_abha_new
1771603954.6507065,0.344971,-0.917847,-0.004395,7.202148,-83.374000,-55.969230,walking_abha_new
1771603954.6956844,0.299805,-0.837036,-0.036987,9.094240,-79.101560,-54.504380,walking_abha_new
1771603954.720925,0.305420,-0.781372,-0.049683,12.023924,-76.171900,-53.161610,walking_abha_new
1771603954.720925,0.294434,-0.750488,-0.038452,13.671872,-77.880860,-47.485340,walking_abha_new
1771603954.720925,0.281860,-0.739258,-0.007690,12.939450,-75.500500,-42.724600,walking_abha_new
1771603954.745806,0.277222,-0.739380,0.019775,12.451170,-71.716320,-39.306640,walking_abha_new
1771603954.7613428,0.274170,-0.783814,0.046265,9.277344,-69.274900,-34.423840,walking_abha_new
1771603954.808623,0.264160,-0.806274,0.051636,6.286620,-67.504900,-30.761716,walking_abha_new
1771603954.808623,0.220093,-0.818237,0.046997,2.136231,-56.884760,-28.076170,walking_abha_new
1771603954.8127253,0.222046,-0.814820,0.027710,-2.319336,-37.902840,-23.620600,walking_abha_new
1771603954.840372,0.281128,-0.820190,0.005005,-3.295898,-23.864740,-20.385740,walking_abha_new
1771603954.8630564,0.348511,-0.852661,-0.005859,-1.220704,-19.836430,-18.554690,walking_abha_new
1771603954.893952,0.376099,-0.881592,-0.012207,0.305176,-21.362300,-15.563964,walking_abha_new
1771603954.9051676,0.395020,-0.897827,-0.032227,1.770019,-23.010250,-12.268064,walking_abha_new
1771603954.9721522,0.451050,-1.055054,-0.059326,8.056642,-22.766110,-7.446288,walking_abha_new
1771603954.9721522,0.461060,-1.194946,-0.064453,10.986324,-14.343260,-5.004884,walking_abha_new
1771603954.9806087,0.409912,-0.995484,-0.092041,10.192870,-1.647949,-1.647949,walking_abha_new
1771603954.9985583,0.400513,-0.754150,-0.138306,15.441892,8.666994,2.929687,walking_abha_new
1771603955.0205352,0.443604,-0.657715,-0.191650,27.770990,6.286620,2.624511,walking_abha_new
1771603955.0404398,0.507446,-0.709839,-0.220093,45.349110,-9.033204,-4.272462,walking_abha_new
1771603955.0604331,0.520874,-0.781250,-0.235474,52.734360,-36.987310,-11.718748,walking_abha_new
1771603955.0873873,0.520874,-0.840454,-0.239746,58.471670,-57.312000,-16.174320,walking_abha_new
1771603955.1045578,0.502808,-0.900391,-0.234131,62.438960,-72.631840,-20.629880,walking_abha_new
1771603955.1207316,0.478394,-0.968384,-0.232056,62.561020,-82.153300,-17.883300,walking_abha_new
1771603955.137687,0.422974,-0.944214,-0.282959,54.809560,-80.688460,-10.131832,walking_abha_new
1771603955.1652162,0.410767,-0.911499,-0.309814,49.926750,-71.960460,-7.019042,walking_abha_new
1771603955.1792164,0.414307,-0.880127,-0.313965,43.884270,-60.607900,-2.319336,walking_abha_new
1771603955.2476761,0.453613,-0.834961,-0.302124,41.259760,-57.678220,-3.906249,walking_abha_new
1771603955.2476761,0.508057,-0.798828,-0.284302,44.311520,-66.162120,-11.047360,walking_abha_new
1771603955.2476761,0.513062,-0.807617,-0.278076,46.081540,-75.927740,-10.070800,walking_abha_new
1771603955.2476761,0.525391,-0.786621,-0.281982,44.494620,-84.350560,-4.638672,walking_abha_new
1771603955.276956,0.527588,-0.762818,-0.276611,43.212880,-92.041000,1.281738,walking_abha_new
1771603955.2975225,0.532837,-0.744995,-0.266968,41.137680,-96.313460,3.967285,walking_abha_new
1771603955.3264003,0.549438,-0.720581,-0.259522,39.550780,-101.013160,3.051757,walking_abha_new
1771603955.3406603,0.530274,-0.690796,-0.230591,37.719730,-110.473600,0.427246,walking_abha_new
1771603955.359408,0.517700,-0.703003,-0.212647,36.071780,-114.318840,-2.868652,walking_abha_new
1771603955.3805995,0.509644,-0.747437,-0.194092,34.362800,-112.976040,-10.009768,walking_abha_new
1771603955.4014,0.526978,-0.832154,-0.167358,29.235832,-108.215300,-10.620116,walking_abha_new
1771603955.4173377,0.536743,-0.897461,-0.127319,24.658200,-104.614240,-9.887696,walking_abha_new
1771603955.4433439,0.556274,-1.066284,-0.090576,23.315424,-99.914540,-9.277344,walking_abha_new
1771603955.4644554,0.611572,-1.254761,-0.101196,18.066410,-92.346160,-10.681150,walking_abha_new
1771603955.478675,0.627686,-1.229248,-0.123047,11.779784,-86.975080,-17.089850,walking_abha_new
1771603955.5992534,0.574341,-1.055664,-0.072022,8.361816,-84.777800,-21.911620,walking_abha_new
1771603955.5992534,0.488648,-0.988404,0.025879,12.329100,-80.566400,-39.184580,walking_abha_new
1771603955.5992534,0.456787,-0.977173,0.027954,15.380856,-79.467800,-55.053700,walking_abha_new
1771603955.5992534,0.482544,-0.951172,0.045654,20.202630,-82.153300,-65.917980,walking_abha_new
1771603955.6178656,0.484375,-0.963379,0.067139,22.521970,-92.834460,-67.504900,walking_abha_new
1771603955.6178656,0.440552,-0.977051,0.085205,24.169920,-105.102520,-69.396980,walking_abha_new
1771603955.6246889,0.431274,-0.974121,0.078613,23.193352,-117.614720,-70.495620,walking_abha_new
1771603955.6671784,0.402588,-0.943237,0.081909,24.841304,-114.074700,-68.847660,walking_abha_new
1771603955.6671784,0.347656,-0.899658,0.063477,22.277830,-99.060040,-66.223160,walking_abha_new
1771603955.6754754,0.350342,-0.866577,0.052612,20.324700,-83.496060,-63.903800,walking_abha_new
1771603955.700632,0.376221,-0.856934,0.049927,18.127448,-74.096700,-61.767570,walking_abha_new
1771603955.7190583,0.394165,-0.862793,0.065430,13.732908,-66.772460,-59.265120,walking_abha_new
1771603955.7351372,0.378418,-0.895752,0.065552,9.338380,-61.157220,-56.945790,walking_abha_new
1771603955.7607195,0.363159,-0.909180,0.046997,3.845214,-50.476060,-54.809560,walking_abha_new
1771603955.7768946,0.352173,-0.889282,0.028931,0.000000,-37.414560,-54.626460,walking_abha_new
1771603955.7993493,0.347290,-0.874634,0.016724,-1.037598,-24.597160,-54.077140,walking_abha_new
1771603955.8181667,0.371338,-0.870606,0.005249,-0.183105,-15.563964,-52.368160,walking_abha_new
1771603955.8453062,0.408203,-0.902100,-0.010010,4.577638,-14.587400,-50.048820,walking_abha_new
1771603955.8603528,0.427979,-0.972412,-0.026855,9.216310,-17.150880,-48.828120,walking_abha_new
1771603955.882498,0.404907,-0.983154,-0.037231,12.390136,-17.272950,-45.227040,walking_abha_new
1771603955.9011729,0.404297,-0.901123,-0.082275,19.958500,-19.287110,-38.269050,walking_abha_new
1771603955.921702,0.415405,-1.005860,-0.088623,30.395500,-18.859868,-34.973150,walking_abha_new
1771603955.9386032,0.408203,-1.174194,-0.063599,37.963880,-28.625480,-31.677240,walking_abha_new
1771603955.9575238,0.406982,-1.194946,-0.061279,41.687000,-25.268550,-24.353020,walking_abha_new
1771603956.026045,0.338989,-0.978150,-0.113892,46.691880,-19.531250,-11.779784,walking_abha_new
1771603956.026045,0.299927,-0.847046,-0.164307,56.640620,-18.737796,-0.854492,walking_abha_new
1771603956.026045,0.326294,-0.831299,-0.216187,67.749040,-24.658200,3.051757,walking_abha_new
1771603956.039955,0.347168,-0.852539,-0.272583,79.406740,-35.156260,0.000000,walking_abha_new
1771603956.0613341,0.310547,-0.886230,-0.291504,81.787100,-53.222640,-3.601074,walking_abha_new
1771603956.075787,0.292480,-0.907959,-0.267578,81.359840,-61.889640,-3.662109,walking_abha_new
1771603956.1392713,0.282593,-0.956665,-0.259033,77.697760,-63.110340,-3.479003,walking_abha_new
1771603956.1430979,0.276978,-0.930786,-0.289795,72.204600,-59.204090,0.183105,walking_abha_new
1771603956.1430979,0.253662,-0.861938,-0.329102,66.406260,-53.405750,6.103514,walking_abha_new
1771603956.158793,0.286987,-0.805420,-0.373169,60.729970,-48.278800,13.732908,walking_abha_new
1771603956.179186,0.314697,-0.754883,-0.393311,56.335440,-46.386710,17.517090,walking_abha_new
1771603956.1994596,0.338623,-0.727295,-0.382446,53.222640,-46.264640,14.465330,walking_abha_new
1771603956.2213008,0.376465,-0.748902,-0.360596,49.499500,-46.630850,13.671872,walking_abha_new
1771603956.3513887,0.492310,-0.773682,-0.382690,39.672860,-60.302720,17.028810,walking_abha_new
1771603956.3513887,0.516968,-0.822022,-0.377686,35.339360,-71.716320,10.742184,walking_abha_new
1771603956.3513887,0.524780,-0.823730,-0.379761,30.090330,-73.242200,7.934570,walking_abha_new
1771603956.3513887,0.514282,-0.801148,-0.381714,23.925780,-71.960460,5.920409,walking_abha_new
1771603956.3513887,0.475220,-0.780762,-0.371460,17.272950,-64.086940,0.610352,walking_abha_new
1771603956.3513887,0.468506,-0.802979,-0.355347,11.962890,-51.086420,-11.169430,walking_abha_new
1771603956.3806024,0.507202,-0.876343,-0.340332,6.408690,-38.513190,-21.118160,walking_abha_new
1771603956.4013045,0.556274,-0.958374,-0.320068,-0.244141,-26.611320,-21.545408,walking_abha_new
1771603956.4215622,0.571045,-0.994751,-0.293823,-6.408690,-18.920900,-20.996090,walking_abha_new
1771603956.438393,0.544922,-1.036744,-0.256470,-8.422854,-11.779784,-24.780270,walking_abha_new
1771603956.4567761,0.594727,-1.196778,-0.256592,-8.789064,-3.784179,-28.503410,walking_abha_new
1771603956.4852123,0.687500,-1.231079,-0.315674,-16.174320,-2.990722,-32.226570,walking_abha_new
1771603956.4997783,0.600098,-0.968262,-0.274536,-14.709470,-2.136231,-37.902840,walking_abha_new
1771603956.519828,0.491699,-0.830566,-0.170776,-12.329100,9.887696,-39.733900,walking_abha_new
1771603956.5422318,0.523682,-0.823242,-0.134522,-14.831540,10.986324,-35.583500,walking_abha_new
1771603956.5553446,0.622559,-0.888062,-0.146484,-6.164550,-10.375976,-45.837400,walking_abha_new
1771603956.5813065,0.657227,-0.982910,-0.136963,-1.037598,-36.621100,-52.734360,walking_abha_new
1771603956.603568,0.626953,-0.992798,-0.104614,-1.342773,-57.495110,-49.194320,walking_abha_new
1771603956.6167042,0.546143,-0.912110,-0.083496,-1.525878,-62.683100,-46.142570,walking_abha_new
1771603956.6445265,0.431396,-0.814453,-0.087280,-3.967285,-54.382320,-44.616690,walking_abha_new
1771603956.6610143,0.398560,-0.685181,-0.128296,-5.187988,-30.456540,-46.264640,walking_abha_new
1771603956.6923022,0.405151,-0.613037,-0.139038,-4.089356,-30.944820,-50.170890,walking_abha_new
1771603956.7005918,0.441528,-0.586060,-0.124878,-0.915527,-30.090330,-55.969230,walking_abha_new
1771603956.7199123,0.416016,-0.594604,-0.107910,0.732422,-31.066890,-59.326160,walking_abha_new
1771603956.741631,0.400024,-0.636353,-0.082520,-0.061035,-30.700680,-62.805160,walking_abha_new
1771603956.7628334,0.409302,-0.688232,-0.070679,-2.685546,-32.836920,-60.913080,walking_abha_new
1771603956.7766898,0.378174,-0.728760,-0.077271,-5.554198,-32.714850,-58.410640,walking_abha_new
1771603956.7985814,0.356567,-0.791016,-0.090210,-9.582520,-22.521970,-54.870600,walking_abha_new
1771603956.8174305,0.353638,-0.836914,-0.102783,-16.479492,-5.310058,-46.691880,walking_abha_new
1771603956.8393145,0.359863,-0.852173,-0.107666,-21.179192,12.634276,-37.902840,walking_abha_new
1771603956.859399,0.418213,-0.909912,-0.099731,-21.423332,28.259270,-22.949216,walking_abha_new
1771603956.8805914,0.434326,-0.906738,-0.085205,-18.249516,29.357908,-14.038084,walking_abha_new
1771603956.900632,0.438843,-0.887451,-0.090332,-11.901852,24.108880,-4.943848,walking_abha_new
1771603956.9200854,0.438232,-0.948730,-0.108032,-4.028321,15.319820,7.995604,walking_abha_new
1771603956.936479,0.446411,-1.097290,-0.102295,3.662109,9.338380,22.216790,walking_abha_new
1771603956.963866,0.436890,-1.131348,-0.094971,8.300784,13.305660,37.841800,walking_abha_new
1771603956.9917014,0.423340,-0.952881,-0.136597,10.620116,24.353020,56.091300,walking_abha_new
1771603957.0092092,0.410889,-0.769776,-0.201416,16.357424,26.184080,71.044940,walking_abha_new
1771603957.021223,0.416260,-0.698853,-0.247803,26.733390,21.057124,75.683600,walking_abha_new
1771603957.06861,0.425049,-0.774902,-0.293213,41.625960,10.192870,62.377920,walking_abha_new
1771603957.0771496,0.453247,-0.860230,-0.301880,48.645010,9.887696,51.696770,walking_abha_new
1771603957.082251,0.486328,-0.885376,-0.317749,51.940910,1.708984,45.532220,walking_abha_new
1771603957.1027625,0.555298,-0.866699,-0.332153,49.194320,-15.808104,43.823240,walking_abha_new
1771603957.1258276,0.526612,-0.802490,-0.374512,50.048820,-33.691410,40.649400,walking_abha_new
1771603957.1614106,0.444214,-0.738404,-0.415527,46.081540,-37.231450,34.973150,walking_abha_new
1771603957.1614106,0.408325,-0.677979,-0.422363,38.757330,-27.587884,31.555170,walking_abha_new
1771603957.1814833,0.401245,-0.627930,-0.410645,32.165540,-15.869140,27.832030,walking_abha_new
1771603957.2003996,0.437134,-0.641968,-0.404785,27.404780,-5.615234,16.662600,walking_abha_new
1771603957.2208738,0.489258,-0.705566,-0.399536,19.531250,-2.136231,22.216790,walking_abha_new
1771603957.2723002,0.523194,-0.712891,-0.401123,9.704590,0.976562,19.104010,walking_abha_new
1771603957.2723002,0.536377,-0.750122,-0.392578,5.371092,2.990722,19.104010,walking_abha_new
1771603957.2723002,0.581177,-0.770264,-0.386597,1.220704,3.906249,20.507810,walking_abha_new
1771603957.3083167,0.607788,-0.756470,-0.384888,-0.610352,-2.258301,21.179192,walking_abha_new
1771603957.3533254,0.574585,-0.722778,-0.375244,-1.708984,-7.934570,20.996090,walking_abha_new
1771603957.3533254,0.540283,-0.731079,-0.361328,-3.540038,-5.676268,18.920900,walking_abha_new
1771603957.3614454,0.571411,-0.798950,-0.359619,-5.798338,-0.976562,12.939450,walking_abha_new
1771603957.3810842,0.604370,-0.880615,-0.359253,-7.263182,0.427246,9.460450,walking_abha_new
1771603957.4006371,0.609986,-0.954590,-0.339111,-9.887696,4.211426,8.972170,walking_abha_new
1771603957.5088181,0.722656,-1.178955,-0.356934,-14.770504,9.887696,3.112792,walking_abha_new
1771603957.5250487,0.655152,-0.962280,-0.319702,-14.465330,4.699708,-4.028321,walking_abha_new
1771603957.5250487,0.572510,-0.840088,-0.220093,-16.967780,7.995604,-11.474608,walking_abha_new
1771603957.5250487,0.578736,-0.863526,-0.192383,-14.648436,5.493162,-20.324700,walking_abha_new
1771603957.540468,0.625854,-0.957031,-0.195679,-10.009768,-6.042480,-36.193860,walking_abha_new
1771603957.5616808,0.681396,-1.015625,-0.188232,-7.385252,-23.193352,-46.020500,walking_abha_new
1771603957.5822217,0.640991,-1.022461,-0.163940,-5.920409,-36.743170,-47.485340,walking_abha_new
1771603957.5964859,0.519287,-0.980103,-0.152466,-6.591796,-34.790040,-49.621580,walking_abha_new
1771603957.6172962,0.409546,-0.804077,-0.180542,-8.605960,-12.145992,-57.678220,walking_abha_new
1771603957.647751,0.391113,-0.694824,-0.199707,-6.408690,0.976562,-65.429700,walking_abha_new
1771603957.6627445,0.404175,-0.615723,-0.220703,-3.234863,-3.234863,-70.495620,walking_abha_new
1771603957.6803956,0.419312,-0.577759,-0.228272,-0.427246,-7.629394,-71.594240,walking_abha_new
1771603957.7000556,0.378906,-0.551514,-0.216675,1.647949,-21.850580,-71.411140,walking_abha_new
1771603957.7200031,0.350952,-0.569214,-0.176147,0.854492,-26.306150,-71.289060,walking_abha_new
1771603957.7499943,0.348755,-0.623779,-0.152100,-2.258301,-27.587884,-66.955580,walking_abha_new
1771603957.7566104,0.327637,-0.688232,-0.152344,-6.530760,-27.648920,-58.654780,walking_abha_new
1771603957.783684,0.319702,-0.751587,-0.157227,-12.390136,-23.620600,-48.950180,walking_abha_new
1771603957.7994707,0.316040,-0.794312,-0.160278,-20.812980,-7.446288,-35.888680,walking_abha_new
1771603957.8407009,0.335449,-0.835449,-0.148193,-23.620600,8.483890,-27.954100,walking_abha_new
1771603957.8407009,0.401245,-0.903931,-0.135376,-23.925780,19.775390,-17.211920,walking_abha_new
1771603957.8591504,0.460327,-0.946900,-0.133057,-21.850580,22.033690,-5.859374,walking_abha_new
1771603957.880907,0.483765,-0.947144,-0.135010,-17.517090,17.944340,5.493162,walking_abha_new
1771603957.9040983,0.506714,-0.975220,-0.133789,-11.657712,12.695310,19.104010,walking_abha_new
1771603957.921559,0.541138,-1.095215,-0.121582,-5.004884,7.751464,36.804200,walking_abha_new
1771603957.9406817,0.567261,-1.160034,-0.124146,-0.488281,8.056642,54.992660,walking_abha_new
1771603957.959386,0.529907,-1.026490,-0.156006,1.098633,15.258788,71.167000,walking_abha_new
1771603957.978183,0.459717,-0.793335,-0.186768,3.173828,22.888180,83.312960,walking_abha_new
1771603957.9991987,0.440552,-0.598145,-0.258057,13.305660,29.785150,83.801260,walking_abha_new
1771603958.021458,0.506592,-0.673096,-0.292969,25.634760,20.507810,70.983900,walking_abha_new
1771603958.0407598,0.540405,-0.800537,-0.304199,36.315920,10.070800,56.579580,walking_abha_new
1771603958.0618632,0.524292,-0.877075,-0.310425,39.855960,-9.277344,45.959460,walking_abha_new
1771603958.075663,0.538452,-0.879272,-0.325195,38.940440,-17.822270,39.794920,walking_abha_new
1771603958.0976496,0.499756,-0.818970,-0.351807,36.315920,-27.160640,34.301760,walking_abha_new
1771603958.1238282,0.396118,-0.734741,-0.350098,32.409680,-26.855464,26.489250,walking_abha_new
1771603958.1386917,0.302246,-0.666016,-0.346069,25.756830,-11.779784,20.263670,walking_abha_new
1771603958.1623726,0.283691,-0.620606,-0.337524,17.578130,9.277344,16.113284,walking_abha_new
1771603958.179178,0.402222,-0.672608,-0.308106,10.681150,19.409180,14.892576,walking_abha_new
1771603958.1940377,0.429566,-0.688721,-0.292114,5.859374,14.099120,19.897460,walking_abha_new
1771603958.221438,0.459839,-0.706909,-0.290161,4.333496,7.141112,20.080560,walking_abha_new
1771603958.2419345,0.468994,-0.740234,-0.306519,3.479003,4.821778,20.141600,walking_abha_new
1771603958.263094,0.505493,-0.764648,-0.323730,2.136231,5.371092,21.606440,walking_abha_new
1771603958.2764602,0.561279,-0.746460,-0.337769,2.258301,0.366211,24.169920,walking_abha_new
1771603958.3164923,0.578247,-0.702637,-0.347168,3.784179,-8.239746,24.658200,walking_abha_new
1771603958.3209023,0.572876,-0.691040,-0.349732,4.699708,-13.610836,22.460930,walking_abha_new
1771603958.3603234,0.588623,-0.765015,-0.355469,4.150392,-16.296390,19.653320,walking_abha_new
1771603958.3738375,0.615356,-0.866211,-0.353760,1.892090,-16.113284,12.451170,walking_abha_new
1771603958.3828702,0.641724,-1.069458,-0.317749,-4.272462,-5.676268,15.563964,walking_abha_new
1771603958.3949234,0.692627,-1.238770,-0.325440,-8.728030,3.112792,19.836430,walking_abha_new
1771603958.416804,0.781860,-1.430542,-0.353394,-10.192870,6.835936,11.413570,walking_abha_new
1771603958.5532613,0.747925,-1.375977,-0.382935,-16.418460,11.230468,2.380371,walking_abha_new
1771603958.5532613,0.639038,-1.066162,-0.319580,-24.902340,25.695796,-5.432128,walking_abha_new
1771603958.5532613,0.502320,-0.758301,-0.226318,-31.738280,38.513190,-13.793944,walking_abha_new
1771603958.5532613,0.481812,-0.676392,-0.198975,-22.094720,40.588370,-36.193860,walking_abha_new
1771603958.5532613,0.570679,-0.790894,-0.205200,-6.042480,20.996090,-66.589360,walking_abha_new
1771603958.5532613,0.611938,-0.905518,-0.202881,2.441407,-6.530760,-84.106440,walking_abha_new
1771603958.5638762,0.582764,-0.963135,-0.172241,3.784179,-34.179700,-83.312960,walking_abha_new
1771603958.5825906,0.515991,-0.915650,-0.164185,-1.342773,-30.517570,-74.768080,walking_abha_new
1771603958.6021261,0.427246,-0.810059,-0.166382,-7.507323,-18.615724,-66.772460,walking_abha_new
1771603958.6166155,0.383789,-0.698853,-0.178589,-7.629394,-8.789064,-60.974110,walking_abha_new
1771603958.6383653,0.418213,-0.612183,-0.189941,-5.859374,-15.502928,-57.006820,walking_abha_new
1771603958.6590235,0.472046,-0.557862,-0.193237,-0.976562,-19.531250,-56.152340,walking_abha_new
1771603958.680596,0.435791,-0.548950,-0.175293,2.136231,-32.592780,-56.640620,walking_abha_new
1771603958.70005,0.385620,-0.566895,-0.133423,1.342773,-39.245610,-56.030260,walking_abha_new
1771603958.7200952,0.364624,-0.613648,-0.109985,-0.366211,-39.306640,-54.077140,walking_abha_new
1771603958.7389977,0.349976,-0.691528,-0.111450,-5.493162,-31.494136,-48.706040,walking_abha_new
1771603958.7588563,0.361572,-0.789917,-0.117798,-16.906740,-14.343260,-33.752440,walking_abha_new
1771603958.777399,0.367310,-0.801270,-0.115234,-24.230950,-1.281738,-22.583000,walking_abha_new
1771603958.8003764,0.376099,-0.812134,-0.119019,-28.442380,13.305660,-11.840818,walking_abha_new
1771603958.818318,0.429688,-0.855957,-0.126831,-29.235832,23.742670,-1.770019,walking_abha_new
1771603958.8405123,0.489502,-0.905029,-0.127808,-26.367180,24.719230,6.469726,walking_abha_new
1771603958.8536234,0.505615,-0.932251,-0.126099,-20.812980,17.639160,13.732908,walking_abha_new
1771603958.8808858,0.519531,-0.958984,-0.145020,-14.160152,9.521484,21.057124,walking_abha_new
1771603958.900983,0.519409,-1.073486,-0.148926,-6.347656,1.464844,31.188960,walking_abha_new
1771603958.9191494,0.515137,-1.164551,-0.140869,-2.258301,0.915527,42.175280,walking_abha_new
1771603958.9438167,0.448120,-0.993530,-0.160522,-0.305176,17.089850,59.570300,walking_abha_new
1771603958.961269,0.401856,-0.800781,-0.190308,2.685546,25.329584,68.908700,walking_abha_new
1771603958.9781713,0.421631,-0.697022,-0.229736,9.399414,28.381340,70.373540,walking_abha_new
1771603959.0009615,0.445923,-0.695557,-0.252319,20.263670,21.667476,62.255850,walking_abha_new
1771603959.0197563,0.440552,-0.753174,-0.256592,29.968260,10.375976,50.109860,walking_abha_new
1771603959.0948377,0.457398,-0.826538,-0.267334,36.865240,3.662109,39.123540,walking_abha_new
1771603959.0948377,0.509278,-0.878174,-0.303589,43.579090,2.014160,32.592780,walking_abha_new
1771603959.0948377,0.500610,-0.864990,-0.334229,44.128410,-18.005376,26.855464,walking_abha_new
1771603959.0948377,0.464966,-0.806641,-0.358398,40.649400,-28.686520,24.841304,walking_abha_new
1771603959.1214473,0.374512,-0.720947,-0.351196,35.156260,-24.658200,24.719230,walking_abha_new
1771603959.1387372,0.329956,-0.642944,-0.330322,24.047850,1.220704,20.996090,walking_abha_new
1771603959.1604671,0.398560,-0.660278,-0.312866,16.113284,9.399414,28.564450,walking_abha_new
1771603959.205562,0.432739,-0.651001,-0.306519,11.230468,8.666994,28.076170,walking_abha_new
1771603959.206573,0.464844,-0.671265,-0.310913,9.277344,3.662109,23.132320,walking_abha_new
1771603959.249134,0.485962,-0.714600,-0.313477,7.690428,1.770019,24.169920,walking_abha_new
1771603959.249134,0.531616,-0.753418,-0.328980,5.004884,1.953124,27.160640,walking_abha_new
1771603959.3267436,0.608276,-0.750854,-0.350952,5.676268,-8.178714,27.954100,walking_abha_new
1771603959.3267436,0.594604,-0.743774,-0.358887,7.324218,-18.005376,29.296870,walking_abha_new
1771603959.3267436,0.564453,-0.728882,-0.349732,5.798338,-17.883300,29.052730,walking_abha_new
1771603959.3267436,0.594604,-0.785645,-0.348022,3.173828,-14.465330,27.282710,walking_abha_new
1771603959.3267436,0.629761,-0.866821,-0.354126,1.953124,-15.136716,22.277830,walking_abha_new
1771603959.3598669,0.664551,-0.974121,-0.340942,0.610352,-16.235352,19.470220,walking_abha_new
1771603959.3809521,0.637329,-1.065552,-0.301392,-4.760742,-8.544924,23.620600,walking_abha_new
1771603959.4736228,0.685913,-1.212158,-0.292725,-6.469726,-0.427246,20.812980,walking_abha_new
1771603959.4736228,0.730835,-1.319214,-0.331055,-8.361816,2.746581,13.122556,walking_abha_new
1771603959.4736228,0.707031,-1.222900,-0.359741,-10.742184,6.469726,1.647949,walking_abha_new
1771603959.4736228,0.590088,-0.948608,-0.290405,-15.502928,15.991210,-11.718748,walking_abha_new
1771603959.4868875,0.460571,-0.734863,-0.207642,-17.211920,35.949720,-28.747552,walking_abha_new
1771603959.5019662,0.547119,-0.759155,-0.186401,-10.742184,34.057620,-43.945300,walking_abha_new
1771603959.5102046,0.660400,-0.900757,-0.210449,3.601074,-3.784179,-70.556640,walking_abha_new
1771603959.5348036,0.657593,-0.959717,-0.197144,6.103514,-32.897960,-75.378440,walking_abha_new
1771603959.5570757,0.594116,-0.949463,-0.165405,5.004884,-46.569820,-73.242200,walking_abha_new
1771603959.581958,0.485108,-0.892578,-0.156372,0.427246,-43.029780,-69.885260,walking_abha_new
1771603959.5918279,0.385010,-0.783203,-0.170166,-3.845214,-32.287600,-69.763200,walking_abha_new
1771603959.6105,0.351807,-0.685547,-0.190430,-3.173828,-17.272950,-71.655300,walking_abha_new
1771603959.6399252,0.365601,-0.622559,-0.216797,-3.967285,-13.183590,-72.265640,walking_abha_new
1771603959.6564116,0.415894,-0.592774,-0.209595,-2.624511,-9.826660,-73.791520,walking_abha_new
1771603959.6813922,0.398438,-0.579102,-0.185547,-1.464844,-17.578130,-76.782240,walking_abha_new
1771603959.6982894,0.371338,-0.635010,-0.126221,-4.455568,-22.277830,-77.209480,walking_abha_new
1771603959.7186966,0.354858,-0.686157,-0.118042,-8.850100,-20.263670,-73.486340,walking_abha_new
1771603959.745146,0.332886,-0.748902,-0.122803,-13.732908,-12.817380,-66.772460,walking_abha_new
1771603959.7585473,0.336670,-0.808960,-0.129028,-20.263670,0.061035,-56.823720,walking_abha_new
1771603959.779691,0.357910,-0.827515,-0.134644,-26.123040,14.648436,-46.325680,walking_abha_new
1771603959.7987905,0.380615,-0.833374,-0.136597,-29.846190,27.954100,-34.179700,walking_abha_new
1771603959.8209376,0.416382,-0.854858,-0.134766,-30.761716,36.010750,-19.897460,walking_abha_new
1771603959.8377478,0.454102,-0.878052,-0.125488,-27.587884,36.621100,-8.056642,walking_abha_new
1771603959.8528326,0.472900,-0.899658,-0.110352,-20.751950,31.311030,3.234863,walking_abha_new
1771603959.8776107,0.512451,-0.935059,-0.118042,-14.282224,22.399900,17.822270,walking_abha_new
1771603959.9293473,0.587646,-1.117188,-0.105713,-3.356933,2.319336,47.546380,walking_abha_new
1771603959.9293473,0.575928,-1.151246,-0.086914,1.159668,-1.647949,68.847660,walking_abha_new
1771603959.9408092,0.507324,-0.990112,-0.114380,2.868652,5.432128,88.317860,walking_abha_new
1771603959.959275,0.444946,-0.773926,-0.167358,5.615234,15.563964,100.280740,walking_abha_new
1771603959.976262,0.423218,-0.657349,-0.213379,11.413570,21.728510,103.637680,walking_abha_new
1771603960.0095084,0.470459,-0.679566,-0.236328,21.911620,17.639160,94.238260,walking_abha_new
1771603960.017977,0.524292,-0.792969,-0.243530,34.057620,4.516602,79.589840,walking_abha_new
1771603960.0404418,0.533081,-0.894165,-0.251709,39.001470,-9.277344,69.824240,walking_abha_new
1771603960.0608146,0.601318,-0.925293,-0.271484,40.954580,-17.883300,64.758300,walking_abha_new
1771603960.0785718,0.559937,-0.841309,-0.337891,39.367680,-44.372550,52.368160,walking_abha_new
1771603960.101585,0.419678,-0.761841,-0.352051,34.973150,-43.395980,43.090810,walking_abha_new
1771603960.1207314,0.325195,-0.706787,-0.343994,26.245110,-20.446770,33.569340,walking_abha_new
1771603960.137732,0.296021,-0.670166,-0.317993,14.526364,10.864256,33.569340,walking_abha_new
1771603960.1601524,0.370117,-0.649414,-0.293335,7.263182,31.005852,24.353020,walking_abha_new
1771603960.1758945,0.462891,-0.664429,-0.282959,4.089356,32.287600,18.737796,walking_abha_new
1771603960.2005749,0.481690,-0.677979,-0.288696,1.220704,27.526850,15.624996,walking_abha_new
1771603960.2971115,0.571778,-0.754517,-0.317261,1.281738,6.408690,15.319820,walking_abha_new
1771603960.2971115,0.555786,-0.754517,-0.323486,0.183105,3.723144,18.066410,walking_abha_new
1771603960.2971115,0.538818,-0.691406,-0.304932,-2.807617,2.624511,25.329584,walking_abha_new
1771603960.2988286,0.561157,-0.714356,-0.302979,-3.417968,0.732422,28.930660,walking_abha_new
1771603960.3131158,0.587402,-0.810303,-0.319336,-5.065916,1.525878,26.794430,walking_abha_new
1771603960.3389037,0.630737,-0.909790,-0.319458,-9.277344,-2.868652,30.761716,walking_abha_new
1771603960.355296,0.602783,-0.990845,-0.296631,-12.145992,-1.831054,28.137200,walking_abha_new
1771603960.5756097,0.669678,-1.285034,-0.290527,-13.793944,17.761230,14.892576,walking_abha_new
1771603960.5756097,0.716675,-1.307862,-0.334961,-16.418460,22.338860,6.286620,walking_abha_new
1771603960.5756097,0.682862,-1.135010,-0.319214,-16.418460,22.094720,-5.187988,walking_abha_new
1771603960.5756097,0.578369,-0.875732,-0.196899,-18.859868,29.663080,-20.507810,walking_abha_new
1771603960.5756097,0.609619,-0.876953,-0.200806,-12.207030,17.395020,-32.348640,walking_abha_new
1771603960.5756097,0.643677,-0.906006,-0.202881,-5.920409,-3.845214,-48.522940,walking_abha_new
1771603960.5756097,0.644165,-0.935181,-0.186035,-3.051757,-29.235832,-56.152340,walking_abha_new
1771603960.5756097,0.556885,-0.945801,-0.171509,-1.953124,-46.203600,-58.776840,walking_abha_new
1771603960.5756097,0.440918,-0.911499,-0.171143,-7.446288,-47.363270,-64.514160,walking_abha_new
1771603960.5756097,0.345947,-0.826660,-0.164551,-8.728030,-28.869624,-69.335940,walking_abha_new
1771603960.5997138,0.271240,-0.727295,-0.161133,-12.268064,-6.774902,-72.265640,walking_abha_new
1771603960.6164358,0.285767,-0.652344,-0.183594,-15.075680,3.295898,-72.692880,walking_abha_new
1771603960.6399748,0.363281,-0.624146,-0.199341,-14.282224,11.535644,-72.631840,walking_abha_new
1771603960.6597512,0.359253,-0.632568,-0.161743,-12.329100,-1.525878,-74.523940,walking_abha_new
1771603960.6804535,0.326538,-0.658692,-0.127564,-14.038084,-5.920409,-71.533200,walking_abha_new
1771603960.6991184,0.330322,-0.700562,-0.116455,-15.808104,-8.361816,-66.650400,walking_abha_new
1771603960.7197852,0.342285,-0.766968,-0.117676,-17.211920,-8.483890,-60.791000,walking_abha_new
1771603960.733824,0.336060,-0.819580,-0.128418,-21.545408,-3.906249,-50.720200,walking_abha_new
1771603960.7605283,0.333984,-0.839112,-0.145874,-26.000970,5.249022,-38.757330,walking_abha_new
1771603960.7756364,0.356201,-0.874756,-0.166138,-27.893060,15.563964,-27.648920,walking_abha_new
1771603960.7994666,0.399414,-0.922241,-0.165772,-28.930660,22.766110,-14.404296,walking_abha_new
1771603960.8155456,0.428101,-0.931885,-0.138794,-28.808590,24.047850,-0.671386,walking_abha_new
1771603960.8404777,0.408814,-0.894165,-0.105225,-20.996090,17.761230,18.371584,walking_abha_new
1771603960.861023,0.456177,-1.029297,-0.111694,-12.329100,11.413570,31.860350,walking_abha_new
1771603960.8805542,0.515503,-1.245606,-0.095703,-3.540038,0.915527,49.499500,walking_abha_new
1771603960.9014077,0.563232,-1.278442,-0.078735,1.831054,-1.647949,69.213880,walking_abha_new
1771603960.9212954,0.494263,-0.990112,-0.135376,4.577638,3.479003,87.646460,walking_abha_new
1771603960.9373243,0.402710,-0.719727,-0.223022,9.033204,10.803220,100.036600,walking_abha_new
1771603960.9627676,0.410400,-0.623657,-0.284668,19.653320,9.765626,97.045880,walking_abha_new
1771603960.979467,0.479492,-0.747314,-0.297485,36.865240,5.126952,79.223640,walking_abha_new
1771603960.9974618,0.456421,-0.875488,-0.295654,45.471180,-18.310550,62.988270,walking_abha_new
1771603961.0171354,0.510010,-0.929688,-0.291504,43.273920,-25.024410,55.419910,walking_abha_new
1771603961.0336437,0.483276,-0.857422,-0.295044,39.978040,-36.865240,46.997060,walking_abha_new
1771603961.0608385,0.363159,-0.775635,-0.311524,34.729010,-34.240730,37.292480,walking_abha_new
1771603961.0782125,0.258423,-0.698608,-0.335327,25.695796,-12.329100,31.677240,walking_abha_new
1771603961.1003318,0.246094,-0.640381,-0.353760,14.221190,18.798830,30.090330,walking_abha_new
1771603961.1183171,0.340088,-0.603272,-0.347046,6.347656,37.109380,26.062010,walking_abha_new
1771603961.1358747,0.401245,-0.610596,-0.310425,4.089356,38.574220,17.639160,walking_abha_new
1771603961.1604965,0.426148,-0.673096,-0.276245,0.732422,38.024910,16.845708,walking_abha_new
1771603961.196044,0.470215,-0.712891,-0.278442,-5.859374,37.292480,26.550290,walking_abha_new
1771603961.1977959,0.537842,-0.729248,-0.301758,-6.835936,32.775880,26.489250,walking_abha_new
1771603961.21596,0.615967,-0.775635,-0.319580,-4.028321,13.427732,26.428220,walking_abha_new
1771603961.269844,0.600464,-0.737183,-0.318482,-2.929687,2.563476,27.893060,walking_abha_new
1771603961.272346,0.598877,-0.718750,-0.313965,-1.098633,-4.394532,26.977532,walking_abha_new
1771603961.272346,0.605835,-0.773804,-0.326660,0.061035,-6.591796,24.108880,walking_abha_new
1771603961.2988539,0.655029,-0.856568,-0.342407,-0.854492,-9.826660,16.174320,walking_abha_new
1771603961.319222,0.666260,-0.958130,-0.331055,-3.234863,-13.244628,15.502928,walking_abha_new
1771603961.342156,0.648926,-1.068848,-0.300659,-6.652830,-8.605960,13.366696,walking_abha_new
1771603961.3548687,0.694824,-1.291016,-0.307251,-9.338380,0.427246,11.474608,walking_abha_new
1771603961.3880565,0.731079,-1.431641,-0.329468,-14.282224,14.770504,1.403808,walking_abha_new
1771603961.4004097,0.684204,-1.235352,-0.328003,-20.568840,27.648920,-10.742184,walking_abha_new
1771603961.4130642,0.555542,-0.792847,-0.215088,-26.611320,46.874990,-31.188960,walking_abha_new
1771603961.4408329,0.586670,-0.731934,-0.215088,-13.854978,36.438000,-50.231920,walking_abha_new
1771603961.4629276,0.670044,-0.869995,-0.229614,-1.831054,14.038084,-72.326660,walking_abha_new
1771603961.4794068,0.707031,-0.936646,-0.223145,4.394532,-18.127448,-83.862300,walking_abha_new
1771603961.5057802,0.689453,-0.956543,-0.194092,7.629394,-49.804680,-85.083000,walking_abha_new
1771603961.5192423,0.590942,-0.960938,-0.192017,6.286620,-61.279280,-84.594700,walking_abha_new
1771603961.5357795,0.471069,-0.898560,-0.192993,-0.122070,-54.321280,-84.106440,walking_abha_new
1771603961.5606644,0.384522,-0.783447,-0.195679,-6.408690,-38.879400,-83.679180,walking_abha_new
1771603961.577343,0.368408,-0.682984,-0.215210,-8.972170,-20.568840,-82.946760,walking_abha_new
1771603961.594279,0.428101,-0.595581,-0.218262,-8.728030,-9.460450,-86.486800,walking_abha_new
1771603961.6190026,0.419434,-0.591187,-0.188965,-8.239746,-10.864256,-87.829560,walking_abha_new
1771603961.6445522,0.404907,-0.613037,-0.156616,-9.948730,-13.427732,-87.341300,walking_abha_new
1771603961.6614027,0.403198,-0.655274,-0.134155,-13.793944,-15.930172,-82.946760,walking_abha_new
1771603961.6780856,0.386108,-0.711548,-0.118652,-17.822270,-15.869140,-75.988780,walking_abha_new
1771603961.694772,0.369263,-0.762818,-0.120483,-23.376460,-11.535644,-67.382820,walking_abha_new
1771603961.7198846,0.350586,-0.776367,-0.129761,-27.709956,-0.915527,-59.814440,walking_abha_new
1771603961.7364943,0.354370,-0.807373,-0.144897,-30.944820,12.817380,-50.170890,walking_abha_new
1771603961.7616022,0.394287,-0.865356,-0.156982,-32.897960,23.071284,-37.658700,walking_abha_new
1771603961.779601,0.433106,-0.909424,-0.146606,-33.325200,26.916500,-24.475090,walking_abha_new
1771603961.8035111,0.423828,-0.924683,-0.109375,-29.235832,25.634760,-7.202148,walking_abha_new
1771603961.82102,0.444824,-1.040284,-0.081055,-23.315424,25.207516,8.178714,walking_abha_new
1771603961.836336,0.484619,-1.249146,-0.045044,-15.624996,23.010250,28.686520,walking_abha_new
1771603961.86164,0.504639,-1.282959,-0.035645,-10.620116,27.038570,50.170890,walking_abha_new
1771603961.8804147,0.476074,-0.982544,-0.115234,-9.155274,33.874520,70.617700,walking_abha_new
1771603961.9012015,0.402832,-0.686279,-0.218628,-3.662109,32.958990,88.134760,walking_abha_new
1771603961.9202302,0.376099,-0.588257,-0.278076,9.155274,25.329584,93.749980,walking_abha_new
1771603961.9362674,0.426636,-0.730103,-0.279907,24.291990,14.526364,85.632300,walking_abha_new
1771603961.9770916,0.450684,-0.840820,-0.266480,31.616208,5.126952,77.026380,walking_abha_new
1771603961.9837577,0.500977,-0.889038,-0.245483,36.926280,3.356933,76.355000,walking_abha_new
1771603962.0027378,0.510254,-0.871460,-0.265259,37.231450,-15.502928,75.866700,walking_abha_new
1771603962.019659,0.463867,-0.824585,-0.295166,32.714850,-26.123040,70.678720,walking_abha_new
1771603962.0361097,0.357178,-0.758911,-0.323486,26.245110,-16.113284,69.824240,walking_abha_new
1771603962.0609953,0.342774,-0.689697,-0.333984,17.517090,7.507323,70.617700,walking_abha_new
1771603962.0781019,0.444702,-0.641358,-0.334839,12.756344,19.775390,68.115240,walking_abha_new
1771603962.0963633,0.528442,-0.632812,-0.321533,13.793944,10.620116,62.377920,walking_abha_new
1771603962.1196985,0.533447,-0.653931,-0.309570,15.624996,-0.732422,48.828120,walking_abha_new
1771603962.1451495,0.502564,-0.736694,-0.298828,10.620116,-1.586914,59.753410,walking_abha_new
1771603962.160524,0.511841,-0.734497,-0.324707,4.211426,7.446288,60.180660,walking_abha_new
1771603962.1779115,0.613281,-0.776245,-0.328613,2.197266,8.544924,55.847160,walking_abha_new
1771603962.268051,0.670776,-0.738526,-0.340088,0.610352,-7.446288,52.429190,walking_abha_new
1771603962.2781143,0.656982,-0.777344,-0.357910,0.305176,-12.695310,47.119130,walking_abha_new
1771603962.2781143,0.689087,-0.876221,-0.366821,-2.624511,-12.084960,39.367680,walking_abha_new
1771603962.2796133,0.720581,-0.965698,-0.357666,-7.812498,-13.549804,41.381820,walking_abha_new
1771603962.3048139,0.700073,-1.029419,-0.330811,-12.207030,-6.591796,35.278320,walking_abha_new
1771603962.3479407,0.667603,-1.066894,-0.300781,-14.221190,9.521484,22.521970,walking_abha_new
1771603962.3479407,0.768677,-1.225098,-0.325684,-15.136716,17.700200,18.371584,walking_abha_new
1771603962.3619797,0.796753,-1.147705,-0.362671,-15.136716,15.930172,-9.216310,walking_abha_new
1771603962.3804028,0.660767,-0.964600,-0.290161,-16.113284,20.690910,-24.047850,walking_abha_new
1771603962.3957434,0.587524,-0.759033,-0.221191,-20.507810,31.066890,-37.780760,walking_abha_new
1771603962.4198859,0.589966,-0.705200,-0.209595,-12.329100,26.977532,-57.067860,walking_abha_new
1771603962.4419749,0.671753,-0.821289,-0.211914,-3.540038,9.033204,-74.951180,walking_abha_new
1771603962.460348,0.694092,-0.920044,-0.212524,2.014160,-17.700200,-86.791960,walking_abha_new
1771603962.477518,0.670776,-1.003540,-0.177979,3.784179,-41.320790,-90.454080,walking_abha_new
1771603962.4948196,0.616089,-1.046997,-0.150513,1.831054,-48.339840,-88.806140,walking_abha_new
1771603962.5274122,0.540405,-1.025146,-0.155640,-3.479003,-44.250480,-86.669900,walking_abha_new
1771603962.5356393,0.447754,-0.915528,-0.187622,-6.225584,-29.846190,-87.402320,walking_abha_new
1771603962.5676389,0.409546,-0.740601,-0.215088,-4.089356,-16.235352,-93.627900,walking_abha_new
1771603962.5841558,0.387329,-0.667480,-0.202881,-1.586914,-20.019532,-98.754860,walking_abha_new
1771603962.6009576,0.387695,-0.641113,-0.192261,-0.976562,-12.756344,-100.280740,walking_abha_new
1771603962.61789,0.371216,-0.626465,-0.165649,-0.122070,-14.038084,-103.515600,walking_abha_new
1771603962.6363647,0.371704,-0.655518,-0.136719,-0.305176,-21.057124,-103.698700,walking_abha_new
1771603962.6604898,0.340942,-0.678223,-0.125855,-3.173828,-26.733390,-99.426260,walking_abha_new
1771603962.688635,0.307861,-0.734009,-0.124512,-6.042480,-23.559568,-93.139640,walking_abha_new
1771603962.7011845,0.290161,-0.787232,-0.128662,-13.732908,-10.925290,-81.115700,walking_abha_new
1771603962.7232704,0.299194,-0.794312,-0.141602,-20.874020,4.638672,-67.565940,walking_abha_new
1771603962.7398658,0.358887,-0.831299,-0.144653,-25.695796,22.460930,-45.654280,walking_abha_new
1771603962.7606986,0.402466,-0.877320,-0.133911,-25.512690,25.695796,-29.663080,walking_abha_new
1771603962.7771516,0.420654,-0.886719,-0.116577,-22.399900,23.620600,-14.892576,walking_abha_new
1771603962.801114,0.436524,-0.897461,-0.115479,-17.883300,18.859868,0.549316,walking_abha_new
1771603962.8169131,0.481690,-0.994629,-0.119751,-11.596676,10.986324,20.629880,walking_abha_new
1771603962.842486,0.541504,-1.166626,-0.104614,-6.469726,3.723144,43.212880,walking_abha_new
1771603962.8577232,0.514160,-1.171997,-0.108154,-5.004884,6.591796,65.429700,walking_abha_new
1771603962.8809013,0.437866,-0.960938,-0.142212,-5.615234,18.920900,83.740220,walking_abha_new
1771603962.8998394,0.394287,-0.738526,-0.211792,-2.929687,29.541010,95.703100,walking_abha_new
1771603962.915446,0.401489,-0.644531,-0.275635,5.676268,30.700680,97.534160,walking_abha_new
1771603962.9407403,0.481201,-0.784424,-0.286133,22.338860,15.136716,81.359840,walking_abha_new
1771603962.958993,0.484619,-0.871826,-0.271729,29.846190,4.089356,71.838400,walking_abha_new
1771603962.979699,0.505982,-0.909790,-0.281006,31.433100,-5.126952,69.335940,walking_abha_new
1771603963.0003903,0.533325,-0.897705,-0.298218,33.325200,-13.305660,66.528340,walking_abha_new
1771603963.015756,0.489014,-0.848267,-0.322144,30.822750,-24.353020,64.025900,walking_abha_new
1771603963.0393598,0.408325,-0.780884,-0.333984,26.184080,-18.676760,62.194820,walking_abha_new
1771603963.0605254,0.370850,-0.711304,-0.325073,18.371584,-0.366211,61.706540,walking_abha_new
1771603963.0807965,0.415649,-0.664795,-0.294067,12.145992,13.793944,60.668940,walking_abha_new
1771603963.1002207,0.494873,-0.657227,-0.269531,10.803220,12.512204,58.654780,walking_abha_new
1771603963.1223269,0.554932,-0.694946,-0.264893,10.314940,0.244141,57.495110,walking_abha_new
1771603963.147446,0.497681,-0.700440,-0.275757,3.662109,2.563476,67.565940,walking_abha_new
1771603963.159722,0.556519,-0.714478,-0.286865,1.708984,7.629394,65.795900,walking_abha_new
1771603963.18291,0.606690,-0.755249,-0.293213,-1.098633,9.094240,71.411140,walking_abha_new
1771603963.345401,0.694092,-1.021606,-0.336060,-9.094240,2.319336,33.020020,walking_abha_new
1771603963.345401,0.628784,-1.065796,-0.300659,-13.366696,24.291990,11.596676,walking_abha_new
1771603963.350094,0.705200,-1.229614,-0.322266,-12.573240,33.691410,0.976562,walking_abha_new
1771603963.362584,0.762573,-1.291504,-0.359741,-12.878416,31.249992,-15.686032,walking_abha_new
1771603963.378959,0.696289,-1.100708,-0.320068,-12.634276,25.390620,-29.602044,walking_abha_new
1771603963.4032674,0.516846,-0.848999,-0.213135,-17.272950,29.296870,-36.682140,walking_abha_new
1771603963.4201627,0.504761,-0.765625,-0.191406,-14.160152,31.066890,-47.363270,walking_abha_new
1771603963.4366925,0.581177,-0.836670,-0.205200,-8.239746,19.653320,-58.532700,walking_abha_new
1771603963.4639444,0.609741,-0.884644,-0.204712,-3.723144,-5.859374,-67.260740,walking_abha_new
1771603963.46913,0.593872,-0.956787,-0.153442,-0.305176,-31.188960,-70.556640,walking_abha_new
1771603963.4935818,0.478760,-0.967529,-0.112671,-1.220704,-42.175280,-70.129400,walking_abha_new
1771603963.53777,0.379517,-0.876709,-0.137817,-5.798338,-36.132820,-72.509780,walking_abha_new
1771603963.5397806,0.331421,-0.779297,-0.167725,-3.662109,-16.540530,-76.843260,walking_abha_new
1771603963.5593357,0.351929,-0.715698,-0.195435,-2.319336,-3.417968,-81.970200,walking_abha_new
1771603963.5760324,0.382202,-0.690430,-0.199097,-1.464844,-7.263182,-85.083000,walking_abha_new
1771603963.5999072,0.398193,-0.676392,-0.171265,-0.427246,-9.277344,-86.242660,walking_abha_new
1771603963.6172075,0.371216,-0.682617,-0.150757,0.244141,-15.258788,-86.425760,walking_abha_new
1771603963.6401463,0.364990,-0.704346,-0.136108,-2.014160,-16.113284,-84.289540,walking_abha_new
1771603963.6478965,0.360352,-0.742554,-0.141480,-5.004884,-15.991210,-78.613300,walking_abha_new
1771603963.6822324,0.344238,-0.790650,-0.146484,-9.460450,-13.793944,-70.495620,walking_abha_new
1771603963.7143135,0.312012,-0.816162,-0.157593,-15.380856,-1.525878,-55.786120,walking_abha_new
1771603963.7200603,0.330444,-0.846558,-0.172241,-17.150880,9.704590,-45.288080,walking_abha_new
1771603963.741067,0.378784,-0.898926,-0.173950,-17.333990,15.869140,-32.775880,walking_abha_new
1771603963.7666335,0.408203,-0.919556,-0.157471,-15.991210,14.953610,-19.165040,walking_abha_new
1771603963.7947583,0.398316,-0.894654,-0.143677,-11.657712,10.314940,-4.333496,walking_abha_new
1771603963.8085752,0.409912,-0.897583,-0.158569,-6.774902,4.455568,11.413570,walking_abha_new
1771603963.8264635,0.469238,-1.024780,-0.188721,-1.098633,-4.577638,27.526850,walking_abha_new
1771603963.8420613,0.490356,-1.196289,-0.156006,2.136231,-13.244628,45.593250,walking_abha_new
1771603963.8576722,0.452026,-1.220704,-0.128784,1.098633,-5.615234,64.392100,walking_abha_new
1771603963.8775308,0.366943,-0.864258,-0.229370,-2.075196,19.226080,83.312960,walking_abha_new
1771603963.9010255,0.395752,-0.743164,-0.300537,1.525878,24.291990,83.557100,walking_abha_new
1771603963.9203913,0.431274,-0.764648,-0.325440,11.962890,28.320310,72.387700,walking_abha_new
1771603963.941536,0.377441,-0.850098,-0.331909,20.812980,10.864256,53.649900,walking_abha_new
1771603963.9631925,0.405274,-0.914307,-0.330566,19.714360,7.995604,42.785640,walking_abha_new
1771603963.9816542,0.489258,-0.929199,-0.343140,19.165040,3.906249,37.658700,walking_abha_new
1771603964.0009525,0.477661,-0.895874,-0.359619,17.517090,-5.981444,32.043460,walking_abha_new
1771603964.0194361,0.409790,-0.814087,-0.382813,11.962890,-9.643556,28.930660,walking_abha_new
1771603964.0376878,0.334351,-0.712158,-0.405396,4.211426,2.868652,26.245110,walking_abha_new
1771603964.062089,0.349487,-0.663452,-0.383545,-5.798338,25.329584,30.395500,walking_abha_new
1771603964.0780065,0.460449,-0.627075,-0.338867,-18.371584,34.729010,39.123540,walking_abha_new
1771603964.1001606,0.497925,-0.643799,-0.318726,-21.484370,29.479976,34.973150,walking_abha_new
1771603964.1348746,0.488159,-0.670898,-0.302612,-26.123040,30.639640,34.118660,walking_abha_new
1771603964.143087,0.506470,-0.680420,-0.294922,-30.517570,40.405260,34.606940,walking_abha_new
1771603964.1611204,0.547486,-0.690430,-0.297241,-33.142100,52.673330,35.583500,walking_abha_new
1771603964.180167,0.605469,-0.681396,-0.299561,-32.897960,60.485830,29.846190,walking_abha_new
1771603964.2024324,0.634766,-0.678589,-0.286011,-32.775880,61.584460,30.151360,walking_abha_new
1771603964.2212846,0.654907,-0.624634,-0.274658,-31.799310,57.678220,27.954100,walking_abha_new
1771603964.2412317,0.706177,-0.631836,-0.264893,-25.817870,45.593250,23.071284,walking_abha_new
1771603964.289899,0.780029,-0.767334,-0.265869,-17.700200,15.624996,14.404296,walking_abha_new
1771603964.289899,0.756714,-0.817261,-0.245483,-11.291500,-0.122070,3.540038,walking_abha_new
1771603964.3013217,0.658814,-0.848145,-0.210083,-12.451170,2.441407,8.300784,walking_abha_new
1771603964.3218708,0.700684,-0.926514,-0.216309,-11.779784,11.169430,19.165040,walking_abha_new
1771603964.3355374,0.779541,-1.063721,-0.267822,-9.460450,10.620116,16.052250,walking_abha_new
1771603964.3611927,0.816040,-1.120728,-0.279419,-6.835936,2.929687,7.934570,walking_abha_new
1771603964.385887,0.679810,-0.962769,-0.225342,-12.207030,7.690428,3.601074,walking_abha_new
1771603964.44033,0.689453,-0.809814,-0.178345,0.244141,2.075196,-22.521970,walking_abha_new
1771603964.4505224,0.730713,-0.885132,-0.200684,10.925290,-18.615724,-42.297360,walking_abha_new
1771603964.4612176,0.713257,-0.946778,-0.204346,22.216790,-50.964340,-54.199210,walking_abha_new
1771603964.4804235,0.645508,-0.950073,-0.200684,24.108880,-59.326160,-55.114740,walking_abha_new
1771603964.501161,0.601318,-0.900635,-0.207764,24.963376,-60.974110,-60.302720,walking_abha_new
1771603964.516761,0.532959,-0.805908,-0.230591,27.648920,-62.377920,-68.908700,walking_abha_new
1771603964.5378358,0.466797,-0.715576,-0.262695,28.564450,-61.767570,-77.392600,walking_abha_new
1771603964.5584111,0.420044,-0.649292,-0.288818,27.770990,-58.227530,-82.824700,walking_abha_new
1771603964.5809846,0.367432,-0.595337,-0.288086,24.230950,-63.476560,-86.853000,walking_abha_new
1771603964.599808,0.362915,-0.590088,-0.261963,19.775390,-45.593250,-89.965800,walking_abha_new
1771603964.620945,0.348145,-0.610474,-0.225708,11.962890,-32.714850,-87.829560,walking_abha_new
1771603964.6369197,0.376587,-0.637573,-0.192993,-0.915527,-23.010250,-76.965340,walking_abha_new
1771603964.6597967,0.373413,-0.666016,-0.187256,-7.873534,-21.118160,-66.711440,walking_abha_new
1771603964.6766136,0.358154,-0.704834,-0.175781,-14.465330,-16.174320,-56.152340,walking_abha_new
1771603964.6992362,0.346191,-0.740723,-0.151245,-19.531250,-5.615234,-45.959460,walking_abha_new
1771603964.720667,0.356690,-0.790894,-0.132690,-21.850580,8.056642,-34.667980,walking_abha_new
1771603964.7384138,0.405396,-0.868408,-0.131226,-21.545408,18.005376,-21.545408,walking_abha_new
1771603964.7593527,0.458740,-0.919434,-0.137207,-18.432620,21.118160,-9.338380,walking_abha_new
1771603964.7802389,0.474243,-0.918335,-0.169556,-14.953610,21.545408,3.845214,walking_abha_new
1771603964.801399,0.485108,-0.864990,-0.229126,-14.282224,23.254390,18.920900,walking_abha_new
1771603964.8149378,0.520874,-0.884522,-0.210449,-11.047360,19.958500,36.010750,walking_abha_new
1771603964.8411198,0.513306,-0.966064,-0.159546,-7.629394,12.207030,59.509270,walking_abha_new
1771603964.8595452,0.469482,-0.997803,-0.156372,-3.784179,13.549804,72.570800,walking_abha_new
1771603964.88493,0.445313,-0.928467,-0.199219,-0.915527,19.897460,80.566400,walking_abha_new
1771603964.9056332,0.437378,-0.863404,-0.234619,4.699708,25.573724,81.909160,walking_abha_new
1771603964.9199734,0.428833,-0.821289,-0.248291,11.657712,29.296870,75.317400,walking_abha_new
1771603964.9399555,0.370972,-0.825806,-0.273926,20.507810,26.977532,63.476560,walking_abha_new
1771603964.9611576,0.424194,-0.894409,-0.300537,29.724120,28.808590,50.903310,walking_abha_new
1771603964.9808607,0.555786,-0.920654,-0.355225,34.484870,11.901852,42.541500,walking_abha_new
1771603965.0005486,0.601929,-0.881104,-0.383179,41.442860,-15.991210,37.780760,walking_abha_new
1771603965.0183737,0.403442,-0.750488,-0.348511,40.405260,-36.071780,31.616208,walking_abha_new
1771603965.0382483,0.310791,-0.691284,-0.341431,31.005852,-18.371584,29.357908,walking_abha_new
1771603965.0660725,0.326294,-0.676880,-0.341675,15.930172,10.375976,40.527340,walking_abha_new
1771603965.079594,0.426514,-0.648560,-0.339722,5.676268,27.893060,39.123540,walking_abha_new
1771603965.0991478,0.535034,-0.656616,-0.320679,2.075196,28.381340,36.438000,walking_abha_new
1771603965.1207564,0.556152,-0.650391,-0.305664,-1.525878,24.841304,38.269050,walking_abha_new
1771603965.1412165,0.582398,-0.645508,-0.307861,-4.089356,23.498530,38.452160,walking_abha_new
1771603965.160184,0.609009,-0.658692,-0.315186,-6.408690,26.611320,39.245610,walking_abha_new
1771603965.177378,0.653809,-0.680542,-0.325684,-7.629394,30.395500,34.606940,walking_abha_new
1771603965.2124553,0.717896,-0.711914,-0.318970,-10.803220,24.108880,38.085940,walking_abha_new
1771603965.2301378,0.710694,-0.654541,-0.286865,-9.643556,8.728030,25.756830,walking_abha_new
1771603965.2379282,0.708496,-0.713501,-0.280884,-7.324218,0.854492,16.906740,walking_abha_new
1771603965.259874,0.721558,-0.810303,-0.291992,-5.126952,-2.502442,2.624511,walking_abha_new
1771603965.279898,0.693848,-0.935669,-0.278931,-4.028321,-0.793457,-3.967285,walking_abha_new
1771603965.301007,0.655029,-0.985474,-0.242065,-9.460450,10.803220,-4.455568,walking_abha_new
1771603965.3177624,0.689697,-1.079224,-0.223022,-6.652830,21.179192,-11.718748,walking_abha_new
1771603965.347728,0.765137,-1.237793,-0.239990,-6.652830,23.132320,-13.244628,walking_abha_new
1771603965.370236,0.787232,-1.222534,-0.251343,-6.164550,16.235352,-16.235352,walking_abha_new
1771603965.390744,0.585449,-0.905396,-0.181519,-9.643556,16.113284,-20.141600,walking_abha_new
1771603965.3987122,0.540039,-0.752075,-0.151733,-3.723144,18.432620,-32.592780,walking_abha_new
1771603965.4184613,0.603150,-0.796631,-0.164917,7.507323,9.094240,-46.081540,walking_abha_new
1771603965.4472806,0.666138,-0.858887,-0.185425,15.686032,-16.113284,-55.603020,walking_abha_new
1771603965.4609132,0.671631,-0.917480,-0.184570,20.690910,-46.142570,-54.992660,walking_abha_new
1771603965.4816694,0.601562,-0.961914,-0.163818,20.751950,-63.049300,-50.720200,walking_abha_new
1771603965.501815,0.509155,-0.933472,-0.157715,16.052250,-62.866200,-47.546380,walking_abha_new
1771603965.5240219,0.423096,-0.823730,-0.181030,11.291500,-55.480940,-48.522940,walking_abha_new
1771603965.5383124,0.389648,-0.716797,-0.213135,9.155274,-48.767080,-51.940910,walking_abha_new
1771603965.5579498,0.355347,-0.643066,-0.235107,9.338380,-43.823240,-55.175770,walking_abha_new
1771603965.5808961,0.311157,-0.638794,-0.222778,4.394532,-27.832030,-58.654780,walking_abha_new
1771603965.5992951,0.294067,-0.632812,-0.198975,-2.990722,-12.756344,-57.434080,walking_abha_new
1771603965.6225264,0.340332,-0.639771,-0.169434,-7.507323,-6.896972,-55.297840,walking_abha_new
1771603965.6413333,0.366699,-0.656738,-0.159668,-11.596676,-9.948730,-50.476060,walking_abha_new
1771603965.6619282,0.354736,-0.695312,-0.159424,-12.329100,-13.000484,-47.729480,walking_abha_new
1771603965.6759813,0.336182,-0.748047,-0.158936,-14.770504,-9.582520,-41.687000,walking_abha_new
1771603965.697755,0.331787,-0.776489,-0.159546,-17.944340,-1.708984,-32.653820,walking_abha_new
1771603965.7198534,0.359741,-0.813110,-0.151855,-19.592290,7.446288,-22.094720,walking_abha_new
1771603965.7394664,0.413452,-0.883179,-0.143188,-19.409180,12.878416,-9.277344,walking_abha_new
1771603965.7602944,0.460816,-0.949097,-0.131226,-18.188480,12.023924,11.474608,walking_abha_new
1771603965.7742202,0.467285,-0.941772,-0.129028,-14.831540,8.361816,25.451652,walking_abha_new
1771603965.8044589,0.505249,-1.029786,-0.130981,-7.446288,1.098633,39.672860,walking_abha_new
1771603965.8211613,0.536377,-1.238770,-0.121582,-0.122070,-6.774902,54.260240,walking_abha_new
1771603965.8399591,0.520386,-1.295654,-0.112427,2.929687,-3.967285,69.152840,walking_abha_new
1771603965.8577528,0.474243,-1.051514,-0.156006,0.549316,10.131832,81.909160,walking_abha_new
1771603965.8778985,0.402344,-0.743164,-0.215820,1.220704,20.202630,90.942360,walking_abha_new
1771603965.9006703,0.377564,-0.596436,-0.269043,9.155274,22.827140,87.768540,walking_abha_new
1771603965.9197416,0.404297,-0.703369,-0.285034,22.033690,19.165040,69.335940,walking_abha_new
1771603965.9425106,0.404419,-0.839722,-0.273560,28.625480,17.272950,51.940910,walking_abha_new
1771603965.9615965,0.511108,-0.914673,-0.283203,31.311030,12.268064,42.236320,walking_abha_new
1771603965.9792762,0.541382,-0.905396,-0.316650,28.259270,-5.432128,36.865240,walking_abha_new
1771603966.0029407,0.463379,-0.843018,-0.342774,25.207516,-13.732908,29.235832,walking_abha_new
1771603966.0232487,0.374634,-0.745972,-0.357178,16.601568,-5.798338,32.531740,walking_abha_new
1771603966.0412946,0.351807,-0.649780,-0.374634,7.812498,12.695310,36.804200,walking_abha_new
1771603966.0580995,0.393799,-0.587891,-0.381714,1.892090,26.062010,30.029290,walking_abha_new
1771603966.0811067,0.476440,-0.597412,-0.344605,-1.159668,22.033690,25.512690,walking_abha_new
1771603966.12168,0.497314,-0.626709,-0.306641,-3.723144,11.413570,22.277830,walking_abha_new
1771603966.12168,0.502686,-0.674194,-0.306396,-6.652830,5.187988,20.812980,walking_abha_new
1771603966.2117734,0.592163,-0.769776,-0.325195,-9.277344,4.760742,16.418460,walking_abha_new
1771603966.2201254,0.568482,-0.771484,-0.330566,-8.605960,6.774902,13.488768,walking_abha_new
1771603966.2201254,0.576172,-0.733887,-0.324951,-10.620116,9.216310,16.235352,walking_abha_new
1771603966.2201254,0.595215,-0.740479,-0.321655,-8.666994,6.408690,15.319820,walking_abha_new
1771603966.2407198,0.642212,-0.808838,-0.327026,-4.821778,-0.183105,6.530760,walking_abha_new
1771603966.2601619,0.648804,-0.883423,-0.317627,-2.807617,-5.065916,-1.892090,walking_abha_new
1771603966.2807806,0.644898,-0.983765,-0.287232,-5.432128,-5.859374,5.554198,walking_abha_new
1771603966.3006463,0.645630,-1.097900,-0.266968,-7.568358,0.976562,11.230468,walking_abha_new
1771603966.3240619,0.709473,-1.282471,-0.278687,-7.263182,5.859374,5.859374,walking_abha_new
1771603966.3376493,0.713013,-1.259522,-0.336060,-11.474608,10.375976,-2.136231,walking_abha_new
1771603966.36317,0.568360,-0.951416,-0.286255,-18.798830,24.414060,-9.033204,walking_abha_new
1771603966.3777475,0.499024,-0.672974,-0.222290,-20.996090,35.766600,-23.193352,walking_abha_new
1771603966.4056504,0.497559,-0.650269,-0.199951,-9.277344,30.395500,-41.320790,walking_abha_new
1771603966.4276106,0.585083,-0.775879,-0.206421,2.807617,12.268064,-64.575200,walking_abha_new
1771603966.4425976,0.653076,-0.869629,-0.205444,10.559080,-20.629880,-77.514660,walking_abha_new
1771603966.48572,0.624024,-0.944824,-0.181030,14.587400,-52.429190,-79.406740,walking_abha_new
1771603966.48572,0.533203,-0.979614,-0.173218,12.695310,-62.438960,-78.918460,walking_abha_new
1771603966.5025222,0.434692,-0.950928,-0.188110,3.295898,-54.077140,-76.660160,walking_abha_new
1771603966.518304,0.325562,-0.813599,-0.198364,-4.089356,-20.568840,-72.204600,walking_abha_new
1771603966.5385191,0.357544,-0.706909,-0.216309,-6.896972,1.892090,-70.190440,walking_abha_new
1771603966.559334,0.402466,-0.623047,-0.224121,-7.507323,10.070800,-68.969740,walking_abha_new
1771603966.5782354,0.417603,-0.582520,-0.198242,-6.530760,8.422854,-70.617700,walking_abha_new
1771603966.5995002,0.416992,-0.573608,-0.161377,-5.859374,2.563476,-69.885260,walking_abha_new
1771603966.620858,0.412476,-0.598755,-0.144043,-6.713866,-4.638672,-65.429700,walking_abha_new
1771603966.6413984,0.397095,-0.624268,-0.142090,-7.141112,-10.192870,-61.157220,walking_abha_new
1771603966.6603167,0.374512,-0.673706,-0.145630,-8.178714,-9.216310,-54.992660,walking_abha_new
1771603966.680312,0.372681,-0.705566,-0.161255,-11.474608,-3.479003,-45.166000,walking_abha_new
1771603966.703962,0.381104,-0.715332,-0.166626,-13.854978,3.906249,-28.686520,walking_abha_new
1771603966.7317784,0.418213,-0.789307,-0.167480,-14.892576,12.878416,-15.319820,walking_abha_new
1771603966.7392702,0.461060,-0.858154,-0.155029,-14.465330,13.854978,-2.563476,walking_abha_new
1771603966.7619607,0.479614,-0.901612,-0.138428,-12.390136,10.742184,9.826660,walking_abha_new
1771603966.7753236,0.498779,-0.948608,-0.126465,-8.972170,6.225584,23.254390,walking_abha_new
1771603966.8114145,0.546997,-1.083618,-0.117554,-2.441407,-0.732422,39.306640,walking_abha_new
1771603966.817662,0.597046,-1.240723,-0.114258,3.601074,-8.117676,57.983390,walking_abha_new
1771603966.8491683,0.583496,-1.197998,-0.140625,6.591796,-6.835936,76.110840,walking_abha_new
1771603966.861512,0.503906,-0.953858,-0.210693,6.713866,1.159668,91.674800,walking_abha_new
1771603966.8806825,0.432739,-0.735718,-0.255127,7.263182,11.352536,100.891100,walking_abha_new
1771603966.9003098,0.432617,-0.662354,-0.288452,16.601568,16.601568,91.247540,walking_abha_new
1771603966.9198053,0.486938,-0.774658,-0.286865,25.146480,11.108396,75.561540,walking_abha_new
1771603966.9443378,0.511475,-0.851196,-0.283569,30.761716,-2.136231,63.781730,walking_abha_new
1771603966.9699671,0.578736,-0.874512,-0.291260,35.827640,-14.282224,53.466780,walking_abha_new
1771603966.9764705,0.549561,-0.847900,-0.314453,34.301760,-34.790040,47.424300,walking_abha_new
1771603967.0018158,0.430298,-0.794922,-0.333008,30.517570,-39.672860,41.870110,walking_abha_new
1771603967.0168548,0.316772,-0.729248,-0.339111,23.803708,-25.085448,33.569340,walking_abha_new
1771603967.0375307,0.299316,-0.695190,-0.316162,15.075680,3.601074,25.939940,walking_abha_new
1771603967.0600362,0.335327,-0.675904,-0.288452,4.821778,25.390620,30.700680,walking_abha_new
1771603967.0812557,0.414429,-0.656006,-0.267456,0.366211,31.066890,26.672360,walking_abha_new
1771603967.103726,0.467774,-0.679932,-0.257080,-2.136231,22.094720,28.137200,walking_abha_new
1771603967.121481,0.497070,-0.704956,-0.264771,-3.417968,17.211920,28.991692,walking_abha_new
1771603967.1417484,0.559082,-0.743164,-0.269531,-2.502442,9.765626,30.273430,walking_abha_new
1771603967.1634855,0.572266,-0.766236,-0.279785,-1.220704,3.540038,33.142100,walking_abha_new
1771603967.237819,0.575928,-0.752686,-0.289185,-1.342773,-0.122070,33.935560,walking_abha_new
1771603967.2432761,0.577271,-0.726074,-0.293457,-0.976562,-2.075196,33.325200,walking_abha_new
1771603967.2432761,0.578247,-0.770508,-0.305542,-1.159668,-0.122070,30.334470,walking_abha_new
1771603967.2447317,0.608398,-0.841553,-0.329712,-2.746581,1.464844,23.498530,walking_abha_new
1771603967.2606928,0.647705,-0.933350,-0.328613,-2.502442,2.014160,14.587400,walking_abha_new
1771603967.2801251,0.606079,-1.053955,-0.284546,-12.390136,17.028810,18.005376,walking_abha_new
1771603967.3143032,0.686890,-1.213990,-0.304688,-10.192870,22.155760,6.591796,walking_abha_new
1771603967.3228238,0.720459,-1.305786,-0.342285,-12.451170,26.245110,-2.502442,walking_abha_new
1771603967.3420153,0.661621,-1.105225,-0.325562,-15.869140,28.320310,-10.437010,walking_abha_new
1771603967.3743558,0.520630,-0.855957,-0.233032,-17.761230,40.100100,-25.329584,walking_abha_new
1771603967.3767204,0.540650,-0.768555,-0.196655,-16.235352,45.227040,-36.804200,walking_abha_new
1771603967.402422,0.611328,-0.800049,-0.208862,-8.422854,28.259270,-49.499500,walking_abha_new
1771603967.4218712,0.646606,-0.862305,-0.206543,-0.793457,0.061035,-63.171380,walking_abha_new
1771603967.442047,0.619629,-0.925171,-0.183350,1.403808,-26.916500,-67.565940,walking_abha_new
1771603967.480864,0.561279,-0.969238,-0.160767,0.854492,-38.146980,-67.504900,walking_abha_new
1771603967.480864,0.448242,-0.948364,-0.166382,-5.065916,-32.531740,-67.688000,walking_abha_new
1771603967.502629,0.365845,-0.844238,-0.170898,-6.408690,-16.174320,-67.871100,walking_abha_new
1771603967.5238342,0.330811,-0.736816,-0.180786,-8.422854,-0.671386,-68.176280,walking_abha_new
1771603967.5385623,0.350464,-0.647705,-0.198486,-9.277344,3.784179,-67.626960,walking_abha_new
1771603967.558601,0.390381,-0.599976,-0.208130,-6.469726,8.178714,-67.199720,walking_abha_new
1771603967.5807626,0.381714,-0.580566,-0.182251,-4.577638,-2.441407,-67.871100,walking_abha_new
1771603967.601833,0.368652,-0.583618,-0.155029,-3.967285,-14.648436,-67.749040,walking_abha_new
1771603967.6203976,0.346680,-0.635864,-0.144775,-4.028321,-20.324700,-65.979020,walking_abha_new
1771603967.6410198,0.332642,-0.720703,-0.142822,-7.324218,-19.104010,-60.791000,walking_abha_new
1771603967.6615186,0.354980,-0.826782,-0.147217,-15.808104,-9.338380,-45.471180,walking_abha_new
1771603967.6801214,0.362427,-0.863281,-0.158081,-20.751950,0.915527,-34.851080,walking_abha_new
1771603967.6996903,0.389771,-0.904175,-0.161255,-23.864740,12.023924,-24.291990,walking_abha_new
1771603967.722281,0.436401,-0.935303,-0.153442,-24.658200,18.371584,-12.756344,walking_abha_new
1771603967.7386057,0.456055,-0.938843,-0.141846,-22.216790,18.615724,-1.281738,walking_abha_new
1771603967.7656927,0.485962,-0.991333,-0.158325,-17.822270,16.723632,10.864256,walking_abha_new
1771603967.7816825,0.555298,-1.132568,-0.159424,-13.549804,12.512204,28.930660,walking_abha_new
1771603967.8018012,0.623291,-1.239624,-0.140503,-10.009768,9.216310,50.231920,walking_abha_new
1771603967.8219783,0.605591,-1.147950,-0.150757,-7.019042,9.948730,72.265640,walking_abha_new
1771603967.8426309,0.537842,-0.867066,-0.200317,-3.906249,13.122556,93.444800,walking_abha_new
1771603967.857688,0.445557,-0.528320,-0.318482,5.981444,9.277344,93.444800,walking_abha_new
1771603967.8773594,0.454834,-0.583496,-0.330200,21.545408,-4.028321,75.988780,walking_abha_new
1771603967.9023085,0.465698,-0.786255,-0.287720,33.508300,-11.169430,56.396480,walking_abha_new
1771603967.9217122,0.424194,-0.907104,-0.253296,34.484870,-25.268550,40.954580,walking_abha_new
1771603967.9325395,0.463501,-0.928345,-0.247559,31.372068,-23.254390,36.499030,walking_abha_new
1771603967.961047,0.429566,-0.865356,-0.268433,26.550290,-24.169920,33.264160,walking_abha_new
1771603967.9809937,0.336548,-0.784546,-0.296143,21.118160,-18.615724,28.564450,walking_abha_new
1771603967.9958467,0.272583,-0.720947,-0.294922,15.808104,-0.549316,26.855464,walking_abha_new
1771603968.0211394,0.314087,-0.680420,-0.278198,9.033204,19.104010,29.357908,walking_abha_new
1771603968.0434372,0.408569,-0.626953,-0.264038,6.958006,19.287110,31.249992,walking_abha_new
1771603968.0565984,0.450806,-0.650146,-0.243408,7.629394,9.643556,32.165540,walking_abha_new
1771603968.0782874,0.407959,-0.677246,-0.234741,3.173828,7.385252,41.259760,walking_abha_new
1771603968.1129005,0.408814,-0.697144,-0.246948,0.061035,15.075680,41.015620,walking_abha_new
1771603968.1198857,0.502686,-0.742798,-0.269287,-1.647949,19.104010,39.917000,walking_abha_new
1771603968.1431642,0.573364,-0.750610,-0.278076,-2.136231,15.197750,40.893540,walking_abha_new
1771603968.1626399,0.608765,-0.717041,-0.282227,-1.281738,5.737304,41.076650,walking_abha_new
1771603968.1961513,0.624756,-0.711792,-0.294922,1.586914,-4.272462,41.015620,walking_abha_new
1771603968.1977615,0.641358,-0.781982,-0.321899,4.272462,-11.169430,39.367680,walking_abha_new
1771603968.2222717,0.693726,-0.875244,-0.349854,5.554198,-20.812980,29.846190,walking_abha_new
1771603968.238605,0.691772,-1.013306,-0.338989,4.150392,-20.202630,27.404780,walking_abha_new
1771603968.2626162,0.681641,-1.159912,-0.321655,1.281738,-8.239746,27.832030,walking_abha_new
1771603968.2804298,0.735596,-1.329102,-0.359741,-1.403808,2.502442,16.296390,walking_abha_new
1771603968.3004925,0.820435,-1.376709,-0.385010,-2.990722,4.272462,5.737304,walking_abha_new
1771603968.3217385,0.683960,-1.166870,-0.362549,-9.216310,14.160152,-5.615234,walking_abha_new
1771603968.3767896,0.548218,-0.833740,-0.283569,-19.775390,31.372068,-21.179192,walking_abha_new
1771603968.3767896,0.510620,-0.641724,-0.239136,-15.014646,31.249992,-42.236320,walking_abha_new
1771603968.3796415,0.555664,-0.728394,-0.234741,-3.356933,21.545408,-70.190440,walking_abha_new
1771603968.404918,0.618408,-0.850464,-0.248657,2.990722,2.624511,-91.857900,walking_abha_new
1771603968.4437602,0.641602,-0.973511,-0.206665,3.601074,-32.897960,-98.022440,walking_abha_new
1771603968.4581156,0.571045,-0.985108,-0.180054,-0.427246,-41.076650,-93.444800,walking_abha_new
1771603968.4581156,0.449585,-0.936035,-0.171997,-10.131832,-35.034180,-88.195780,walking_abha_new
1771603968.4820473,0.370606,-0.832031,-0.177368,-14.221190,-18.188480,-85.266100,walking_abha_new
1771603968.502305,0.362793,-0.737915,-0.188232,-15.319820,-7.690428,-84.594700,walking_abha_new
1771603968.516191,0.413330,-0.675537,-0.207642,-13.122556,2.441407,-84.838860,walking_abha_new
1771603968.5380945,0.425903,-0.641846,-0.190430,-6.103514,-7.324218,-88.439920,walking_abha_new
1771603968.557826,0.403198,-0.639038,-0.159546,-9.094240,-9.765626,-89.294400,walking_abha_new
1771603968.5816598,0.358032,-0.648194,-0.122925,-10.925290,-11.230468,-85.876460,walking_abha_new
1771603968.6007288,0.354980,-0.671997,-0.104736,-14.709470,-9.399414,-77.392600,walking_abha_new
1771603968.6208434,0.330566,-0.716064,-0.101318,-18.371584,-2.502442,-71.105960,walking_abha_new
1771603968.6407797,0.342041,-0.734741,-0.111572,-25.207516,9.826660,-60.241690,walking_abha_new
1771603968.6610641,0.354492,-0.729858,-0.121094,-24.353020,14.099120,-46.691880,walking_abha_new
1771603968.6824117,0.385010,-0.760498,-0.130615,-24.536130,20.385740,-32.653820,walking_abha_new
1771603968.7008865,0.433594,-0.823242,-0.131958,-22.827140,21.972650,-18.066410,walking_abha_new
1771603968.7183225,0.463989,-0.871460,-0.118896,-20.141600,17.578130,-3.112792,walking_abha_new
1771603968.7388518,0.464722,-0.886841,-0.106201,-17.272950,11.901852,12.207030,walking_abha_new
1771603968.7617142,0.482422,-0.942993,-0.089600,-12.268064,7.446288,30.151360,walking_abha_new
1771603968.7804043,0.524292,-1.119141,-0.077026,-4.760742,1.159668,50.598140,walking_abha_new
1771603968.801066,0.538940,-1.182618,-0.089355,0.793457,2.319336,82.397440,walking_abha_new
1771603968.821227,0.459839,-0.950684,-0.137695,3.479003,8.361816,101.257300,walking_abha_new
1771603968.8426507,0.407227,-0.754761,-0.202759,9.033204,12.145992,114.074700,walking_abha_new
1771603968.8568177,0.433838,-0.706665,-0.255859,19.409180,8.850100,113.220200,walking_abha_new
1771603968.8778176,0.474243,-0.800659,-0.272095,31.066890,-5.676268,99.426260,walking_abha_new
1771603968.8982787,0.450440,-0.893677,-0.254639,39.367680,-15.624996,85.876460,walking_abha_new
1771603968.9216774,0.438232,-0.941406,-0.256958,41.442860,-16.540530,76.843260,walking_abha_new
1771603968.9400306,0.488770,-0.944336,-0.278931,40.954580,-16.662600,69.458020,walking_abha_new
1771603968.961876,0.468018,-0.885864,-0.320435,39.489750,-20.812980,62.255850,walking_abha_new
1771603968.9817297,0.381226,-0.806396,-0.342651,17.456060,-7.568358,53.894040,walking_abha_new
1771603969.0020454,0.334473,-0.705566,-0.333496,18.981940,15.380856,53.222640,walking_abha_new
1771603969.0226667,0.402954,-0.657104,-0.325440,10.681150,32.531740,51.330560,walking_abha_new
1771603969.040643,0.498535,-0.630493,-0.311524,7.263182,32.897960,47.973620,walking_abha_new
1771603969.0781868,0.584229,-0.655396,-0.312134,6.225584,22.949216,44.860830,walking_abha_new
1771603969.0781868,0.570435,-0.690064,-0.313110,0.915527,16.662600,55.053700,walking_abha_new
1771603969.1000736,0.584351,-0.694214,-0.322388,-2.624511,18.432620,55.969230,walking_abha_new
1771603969.119811,0.644776,-0.724976,-0.322510,-5.371092,16.723632,56.823720,walking_abha_new
1771603969.1633687,0.670044,-0.727539,-0.325317,-7.080076,11.230468,54.870600,walking_abha_new
1771603969.1686897,0.680054,-0.723633,-0.327881,-8.239746,4.882814,48.950180,walking_abha_new
1771603969.182387,0.669678,-0.773804,-0.328125,-7.751464,-1.770019,37.109380,walking_abha_new
1771603969.2036529,0.697266,-0.844238,-0.343506,-7.568358,-3.173828,16.906740,walking_abha_new
1771603969.21827,0.714722,-0.987915,-0.320679,-8.239746,-5.065916,11.779784,walking_abha_new
1771603969.2409132,0.638184,-1.041992,-0.283814,-13.977050,7.019042,-1.525878,walking_abha_new
1771603969.2598093,0.673218,-1.085694,-0.270264,-13.793944,14.099120,-19.348150,walking_abha_new
1771603969.280551,0.770264,-1.261475,-0.310547,-9.643556,16.540530,-26.306150,walking_abha_new
1771603969.3016057,0.754028,-1.316040,-0.343384,-9.765626,16.784670,-36.499030,walking_abha_new
1771603969.3178277,0.679321,-1.083740,-0.303711,-12.207030,18.798830,-49.682610,walking_abha_new
1771603969.3354933,0.542358,-0.830444,-0.205811,-16.906740,21.972650,-54.809560,walking_abha_new
1771603969.3621333,0.519776,-0.747070,-0.174072,-13.366696,22.766110,-70.068360,walking_abha_new
1771603969.3776634,0.639526,-0.900391,-0.185181,-6.774902,8.911134,-76.110840,walking_abha_new
1771603969.4025455,0.685303,-0.975586,-0.168457,-5.310058,-16.967780,-78.308120,walking_abha_new
1771603969.4191995,0.667603,-1.026978,-0.110596,-4.577638,-37.414560,-78.186040,walking_abha_new
1771603969.4491713,0.567017,-1.028809,-0.097900,-8.605960,-43.701160,-78.613300,walking_abha_new
1771603969.461022,0.482056,-0.944824,-0.131104,-6.042480,-35.888680,-83.801260,walking_abha_new
1771603969.482554,0.417847,-0.839600,-0.175537,-4.028321,-33.020020,-92.346160,walking_abha_new
1771603969.5026395,0.365112,-0.748902,-0.182007,-1.586914,-17.883300,-99.731440,walking_abha_new
1771603969.518208,0.342407,-0.677734,-0.199707,2.014160,-7.263182,-104.919400,walking_abha_new
1771603969.5373456,0.364746,-0.634644,-0.188355,-1.708984,5.737304,-110.961900,walking_abha_new
1771603969.5582643,0.374512,-0.639038,-0.127075,-0.793457,2.807617,-112.182600,walking_abha_new
1771603969.5815043,0.397705,-0.662842,-0.103394,-2.014160,-4.821778,-105.407700,walking_abha_new
1771603969.6013951,0.377930,-0.706787,-0.106201,-3.784179,-12.023924,-95.458960,walking_abha_new
1771603969.6208901,0.360474,-0.744507,-0.130371,-7.934570,-14.038084,-82.824700,walking_abha_new
1771603969.6413758,0.340210,-0.754028,-0.147217,-12.817380,-10.131832,-69.763200,walking_abha_new
1771603969.661762,0.327148,-0.766358,-0.148804,-16.967780,2.014160,-55.786120,walking_abha_new
1771603969.6763566,0.357788,-0.802979,-0.147705,-20.324700,15.991210,-37.780760,walking_abha_new
1771603969.7010098,0.421875,-0.828369,-0.142944,-21.606440,22.094720,-17.822270,walking_abha_new
1771603969.724553,0.461060,-0.828980,-0.129517,-19.104010,18.127448,0.061035,walking_abha_new
1771603969.7397015,0.505860,-0.913696,-0.105469,-14.648436,4.455568,31.738280,walking_abha_new
1771603969.7600193,0.599365,-1.242432,-0.056763,1.647949,-5.187988,57.983390,walking_abha_new
1771603969.780498,0.619141,-1.164795,-0.099731,4.150392,-7.141112,84.960920,walking_abha_new
1771603969.8004448,0.533570,-0.852173,-0.213867,4.272462,-6.042480,105.834940,walking_abha_new
1771603969.8218584,0.460205,-0.623047,-0.274292,6.225584,-2.563476,117.980940,walking_abha_new
1771603969.836837,0.425781,-0.612061,-0.287598,16.662600,-0.183105,114.440900,walking_abha_new
1771603969.860104,0.461548,-0.778320,-0.278931,27.648920,-2.014160,97.167960,walking_abha_new
1771603969.8794432,0.506592,-0.870484,-0.268311,33.752440,-7.446288,83.435040,walking_abha_new
1771603969.900477,0.572998,-0.899536,-0.267334,36.804200,-14.709470,75.256360,walking_abha_new
1771603969.918765,0.527344,-0.899536,-0.297974,37.048340,-28.747552,69.763200,walking_abha_new
1771603969.9428835,0.349609,-0.832276,-0.313843,25.329584,-19.775390,61.462400,walking_abha_new
1771603969.9606283,0.264648,-0.749512,-0.304566,12.084960,12.512204,63.293440,walking_abha_new
1771603969.9754739,0.341309,-0.671021,-0.295044,1.586914,42.724600,61.035140,walking_abha_new
1771603970.0041075,0.474976,-0.640015,-0.284180,1.708984,45.837400,57.373040,walking_abha_new
1771603970.0185406,0.542603,-0.671265,-0.271606,3.784179,30.151360,54.992660,walking_abha_new
1771603970.0368435,0.559570,-0.699829,-0.257324,3.234863,11.962890,57.006820,walking_abha_new
1771603970.0648685,0.540528,-0.716309,-0.255127,3.845214,0.793457,54.016100,walking_abha_new
1771603970.1111019,0.526978,-0.758545,-0.261719,2.746581,1.892090,51.940910,walking_abha_new
1771603970.115557,0.550293,-0.767822,-0.271240,-1.037598,10.009768,51.513660,walking_abha_new
1771603970.121809,0.597900,-0.728760,-0.278931,-2.502442,12.573240,46.508780,walking_abha_new
1771603970.1427393,0.635132,-0.719971,-0.297974,-1.953124,8.605960,45.898430,walking_abha_new
1771603970.1626086,0.666626,-0.776978,-0.315674,-0.671386,3.112792,43.273920,walking_abha_new
1771603970.1766696,0.713135,-0.883179,-0.323853,-1.647949,-4.699708,42.724600,walking_abha_new
1771603970.1967018,0.703491,-0.958618,-0.322144,-4.638672,-7.202148,39.733900,walking_abha_new
1771603970.2176154,0.674683,-1.018555,-0.299805,-6.591796,1.953124,30.517570,walking_abha_new
1771603970.2402358,0.749756,-1.169312,-0.311035,-6.469726,9.643556,23.071284,walking_abha_new
1771603970.2884429,0.791992,-1.301392,-0.355103,-9.765626,14.282224,17.883300,walking_abha_new
1771603970.36144,0.774292,-1.223267,-0.364136,-13.061520,19.226080,0.610352,walking_abha_new
1771603970.36144,0.642334,-1.001954,-0.282715,-20.507810,34.057620,-16.601568,walking_abha_new
1771603970.36144,0.589478,-0.730713,-0.208740,-16.784670,34.545900,-44.433580,walking_abha_new
1771603970.36144,0.642090,-0.791870,-0.215332,-5.493162,18.920900,-68.847660,walking_abha_new
1771603970.443215,0.670166,-0.866944,-0.218994,1.342773,-6.042480,-85.388160,walking_abha_new
1771603970.443215,0.652588,-0.937012,-0.192139,3.479003,-31.249992,-89.416500,walking_abha_new
1771603970.443215,0.603394,-0.984497,-0.162476,1.525878,-42.663560,-88.195780,walking_abha_new
1771603970.443215,0.515015,-0.964844,-0.153687,-4.943848,-41.259760,-87.829560,walking_abha_new
1771603970.4549394,0.410767,-0.876099,-0.169800,-8.666994,-25.878900,-87.829560,walking_abha_new
1771603970.4608521,0.339600,-0.760742,-0.190186,-10.925290,-10.192870,-87.646460,walking_abha_new
1771603970.4823961,0.344116,-0.670898,-0.200562,-12.023924,-0.549316,-87.158180,walking_abha_new
1771603970.5030017,0.355957,-0.619141,-0.196777,-11.535644,1.281738,-84.533660,walking_abha_new
1771603970.5225935,0.369141,-0.629761,-0.145508,-10.559080,0.427246,-83.984360,walking_abha_new
1771603970.5396686,0.375855,-0.676758,-0.119995,-12.084960,-4.638672,-80.139160,walking_abha_new
1771603970.55894,0.375610,-0.709229,-0.099121,-14.526364,-8.666994,-75.134300,walking_abha_new
1771603970.5826993,0.367920,-0.759766,-0.092773,-15.441892,-9.704590,-67.871100,walking_abha_new
1771603970.6000624,0.366089,-0.804688,-0.106201,-17.761230,-6.225584,-58.654780,walking_abha_new
1771603970.6236758,0.355347,-0.832276,-0.130737,-19.165040,1.281738,-50.109860,walking_abha_new
1771603970.6420197,0.371460,-0.895020,-0.144531,-19.836430,10.925290,-40.039070,walking_abha_new
1771603970.6590977,0.412232,-0.935059,-0.139648,-21.606440,16.906740,-25.939940,walking_abha_new
1771603970.6794245,0.410400,-0.912110,-0.119629,-22.155760,18.493652,-11.535644,walking_abha_new
1771603970.703101,0.392578,-1.006104,-0.102661,-12.695310,13.427732,10.681150,walking_abha_new
1771603970.7200255,0.453980,-1.241822,-0.095947,-3.295898,3.906249,29.418940,walking_abha_new
1771603970.738813,0.500122,-1.410644,-0.056152,4.516602,-1.953124,51.513660,walking_abha_new
1771603970.7612665,0.454834,-1.224488,-0.077148,3.601074,5.187988,75.805680,walking_abha_new
1771603970.782177,0.365723,-0.822998,-0.195679,4.516602,12.634276,97.412100,walking_abha_new
1771603970.801405,0.345947,-0.584961,-0.294556,13.427732,8.728030,106.628400,walking_abha_new
1771603970.821212,0.393677,-0.666382,-0.297241,32.409680,-7.873534,96.984840,walking_abha_new
1771603970.841824,0.392456,-0.836060,-0.250977,43.518060,-27.282710,79.406740,walking_abha_new
1771603970.8567684,0.397217,-0.880860,-0.221069,46.691880,-29.785150,69.885260,walking_abha_new
1771603970.8774328,0.441406,-0.911011,-0.235230,44.860830,-29.357908,65.185560,walking_abha_new
1771603970.9004517,0.393921,-0.874146,-0.278687,36.621100,-29.724120,61.706540,walking_abha_new
1771603970.9237015,0.338989,-0.813843,-0.294190,29.724120,-13.916012,57.861320,walking_abha_new
1771603970.9400167,0.333374,-0.769043,-0.319580,23.010250,12.634276,53.527820,walking_abha_new
1771603970.9608765,0.434082,-0.707398,-0.326050,19.042970,26.611320,48.950180,walking_abha_new
1771603970.981674,0.539429,-0.660156,-0.304566,20.507810,15.991210,43.945300,walking_abha_new
1771603971.0019557,0.569092,-0.672241,-0.275146,23.193352,-5.187988,39.367680,walking_abha_new
1771603971.0175548,0.492066,-0.707642,-0.273071,19.653320,-14.709470,42.846670,walking_abha_new
1771603971.0529635,0.464111,-0.721924,-0.288330,14.892576,-7.751464,41.381820,walking_abha_new
1771603971.0620108,0.515991,-0.744385,-0.301758,9.643556,4.272462,37.902840,walking_abha_new
1771603971.1075048,0.594604,-0.759766,-0.308472,5.126952,7.202148,31.005852,walking_abha_new
1771603971.1311445,0.591675,-0.770386,-0.307007,2.014160,4.577638,31.677240,walking_abha_new
1771603971.1343873,0.594116,-0.774048,-0.320313,-1.403808,4.577638,30.822750,walking_abha_new
1771603971.1417193,0.614868,-0.812378,-0.334106,-2.563476,6.652830,21.789548,walking_abha_new
1771603971.1622963,0.632080,-0.906006,-0.333740,-4.333496,6.835936,17.089850,walking_abha_new
1771603971.1763551,0.631836,-0.987305,-0.326294,-8.544924,7.019042,11.657712,walking_abha_new
1771603971.1987834,0.619263,-1.116944,-0.295776,-7.751464,11.230468,0.000000,walking_abha_new
1771603971.2182033,0.656616,-1.334228,-0.295288,-11.169430,19.775390,-0.915527,walking_abha_new
1771603971.2386038,0.640869,-1.331788,-0.302612,-16.113284,29.052730,-8.056642,walking_abha_new
1771603971.259737,0.590454,-1.138550,-0.287232,-19.592290,31.799310,-21.789548,walking_abha_new
1771603971.274443,0.443970,-0.793213,-0.194092,-18.920900,29.724120,-28.442380,walking_abha_new
1771603971.315187,0.450684,-0.777344,-0.193848,-11.596676,25.634760,-41.259760,walking_abha_new
1771603971.3210077,0.515259,-0.865723,-0.190430,-7.690428,7.690428,-48.461900,walking_abha_new
1771603971.3420064,0.542480,-0.920654,-0.188599,-5.615234,-20.141600,-51.574700,walking_abha_new
1771603971.3578994,0.495483,-0.996216,-0.161621,-4.882814,-39.306640,-53.100580,walking_abha_new
1771603971.3778808,0.396118,-1.010010,-0.132813,-9.948730,-34.790040,-53.833000,walking_abha_new
1771603971.4123762,0.327637,-0.924438,-0.142822,-18.188480,-18.798830,-54.138180,walking_abha_new
1771603971.4185328,0.338501,-0.812866,-0.168823,-17.333990,2.197266,-56.152340,walking_abha_new
1771603971.4409835,0.385864,-0.728882,-0.186768,-14.404296,8.300784,-59.509270,walking_abha_new
1771603971.4625444,0.412476,-0.663940,-0.168457,-10.192870,-8.911134,-64.453140,walking_abha_new
1771603971.4815505,0.421875,-0.631592,-0.158569,-8.422854,-8.850100,-64.575200,walking_abha_new
1771603971.5018282,0.397949,-0.620972,-0.143433,-6.469726,-13.366696,-66.711440,walking_abha_new
1771603971.523149,0.388428,-0.634644,-0.125610,-6.469726,-16.967780,-68.115240,walking_abha_new
1771603971.5393932,0.364258,-0.665528,-0.118286,-8.178714,-15.869140,-64.147960,walking_abha_new
1771603971.558495,0.352417,-0.712402,-0.130615,-12.145992,-9.887696,-55.236800,walking_abha_new
1771603971.5793717,0.370728,-0.764526,-0.153320,-17.089850,-2.685546,-43.762200,walking_abha_new
1771603971.6101785,0.400024,-0.790161,-0.160522,-21.484370,3.295898,-33.508300,walking_abha_new
1771603971.6226425,0.413452,-0.830811,-0.160889,-23.742670,6.164550,-23.071284,walking_abha_new
1771603971.6416821,0.431641,-0.912598,-0.155884,-26.794430,8.605960,-6.164550,walking_abha_new
1771603971.6617107,0.444824,-0.985108,-0.121582,-26.855464,8.728030,3.845214,walking_abha_new
1771603971.682225,0.462036,-1.010254,-0.127441,-23.803708,8.544924,13.793944,walking_abha_new
1771603971.7014642,0.483765,-1.083618,-0.139526,-18.920900,3.234863,26.184080,walking_abha_new
1771603971.7164276,0.477661,-1.240845,-0.115967,-12.756344,-3.723144,40.527340,walking_abha_new
1771603971.7517457,0.455322,-1.301392,-0.077026,-9.643556,2.929687,56.335440,walking_abha_new
1771603971.7669723,0.436279,-1.122925,-0.109619,-8.850100,16.418460,69.580100,walking_abha_new
1771603971.7872827,0.394165,-0.832886,-0.196533,-2.807617,19.531250,78.735360,walking_abha_new
1771603971.8018959,0.389526,-0.687988,-0.272583,6.835936,11.352536,77.636740,walking_abha_new
1771603971.8213184,0.416870,-0.761230,-0.275269,20.874020,5.187988,64.453140,walking_abha_new
1771603971.8432157,0.354980,-0.943604,-0.248413,23.559568,-6.103514,45.776360,walking_abha_new
1771603971.8578715,0.389160,-0.938110,-0.259155,20.385740,6.225584,39.550780,walking_abha_new
1771603971.878159,0.438232,-0.881226,-0.280518,17.272950,5.371092,37.719730,walking_abha_new
1771603971.906976,0.382324,-0.804444,-0.314819,13.610836,0.244141,38.513190,walking_abha_new
1771603971.9197853,0.331909,-0.750244,-0.338501,14.221190,3.540038,28.625480,walking_abha_new
1771603971.941273,0.303345,-0.733398,-0.331665,9.704590,16.784670,26.733390,walking_abha_new
1771603971.9612823,0.357056,-0.666260,-0.300903,6.591796,24.169920,30.639640,walking_abha_new
1771603971.9818468,0.416382,-0.626221,-0.274658,8.056642,13.305660,35.400400,walking_abha_new
1771603972.0018027,0.440064,-0.623902,-0.276978,12.145992,-5.432128,35.705570,walking_abha_new
1771603972.0572593,0.410522,-0.636719,-0.288940,15.502928,-21.606440,37.902840,walking_abha_new
1771603972.0996087,0.422363,-0.691895,-0.301514,14.648436,-24.169920,42.236320,walking_abha_new
1771603972.0996087,0.458008,-0.704712,-0.299072,16.662600,-28.503410,41.076650,walking_abha_new
1771603972.0996087,0.481201,-0.711670,-0.297241,17.822270,-36.621100,40.283200,walking_abha_new
1771603972.0996087,0.467285,-0.692505,-0.305298,19.042970,-45.104970,37.414560,walking_abha_new
1771603972.121665,0.393433,-0.686279,-0.305176,18.371584,-45.349110,33.752440,walking_abha_new
1771603972.1416416,0.353516,-0.720581,-0.307983,15.869140,-33.142100,26.855464,walking_abha_new
1771603972.1621144,0.398682,-0.797363,-0.320923,11.718748,-19.165040,19.226080,walking_abha_new
1771603972.1811688,0.459229,-0.889526,-0.324829,7.629394,-9.948730,12.329100,walking_abha_new
1771603972.2214785,0.491089,-0.979858,-0.306763,3.051757,-3.356933,7.507323,walking_abha_new
1771603972.225823,0.499146,-1.058106,-0.288452,-5.065916,14.038084,3.112792,walking_abha_new
1771603972.2547345,0.504517,-1.107300,-0.286133,-7.324218,29.968260,-0.427246,walking_abha_new
1771603972.2786844,0.493652,-1.089356,-0.278076,-10.009768,48.889150,-2.075196,walking_abha_new
1771603972.3002455,0.539551,-1.062500,-0.285034,-9.277344,58.044420,4.455568,walking_abha_new
1771603972.3132224,0.696167,-1.232300,-0.318359,-6.896972,47.851560,6.591796,walking_abha_new
1771603972.3252559,0.767822,-1.350586,-0.315186,-8.483890,26.428220,6.591796,walking_abha_new
1771603972.3419893,0.651612,-1.203247,-0.233154,-14.404296,13.854978,-0.854492,walking_abha_new
1771603972.3628595,0.570679,-0.966797,-0.161011,-19.348150,10.986324,-1.403808,walking_abha_new
1771603972.3842413,0.474854,-0.821045,-0.171875,-18.127448,12.451170,-6.774902,walking_abha_new
1771603972.400123,0.512085,-0.795776,-0.223145,-4.394532,-6.835936,-41.076650,walking_abha_new
1771603972.474685,0.461792,-0.936035,-0.213379,1.708984,-34.667980,-70.739760,walking_abha_new
1771603972.474685,0.369507,-0.903931,-0.190064,0.610352,-16.540530,-81.237760,walking_abha_new
1771603972.478696,0.354614,-0.830566,-0.191162,1.342773,-1.403808,-94.055160,walking_abha_new
1771603972.5020921,0.390625,-0.779907,-0.198730,5.676268,3.723144,-102.294900,walking_abha_new
1771603972.5203168,0.404297,-0.758179,-0.193726,8.666994,-7.263182,-102.294900,walking_abha_new
1771603972.5410492,0.375122,-0.723633,-0.177124,6.408690,-28.198240,-92.407200,walking_abha_new
1771603972.564314,0.353149,-0.684692,-0.151123,0.244141,-36.499030,-78.918460,walking_abha_new
1771603972.5884001,0.310303,-0.640747,-0.112061,-4.455568,-37.170420,-74.523940,walking_abha_new
1771603972.6003742,0.237549,-0.673950,-0.107178,-11.474608,-15.380856,-67.321800,walking_abha_new
1771603972.6208808,0.270874,-0.714600,-0.116089,-18.310550,-1.708984,-59.020980,walking_abha_new
1771603972.6410925,0.308472,-0.748291,-0.130737,-21.545408,7.446288,-51.208480,walking_abha_new
1771603972.6623092,0.326660,-0.788818,-0.137573,-23.254390,15.441892,-45.104970,walking_abha_new
1771603972.6817894,0.344482,-0.818237,-0.134033,-23.742670,21.667476,-39.550780,walking_abha_new
1771603972.7019334,0.358887,-0.824585,-0.124146,-22.766110,24.475090,-33.447270,walking_abha_new
1771603972.7208743,0.369263,-0.839234,-0.121826,-21.118160,25.207516,-25.146480,walking_abha_new
1771603972.7425334,0.397339,-0.872437,-0.140015,-21.911620,28.198240,-15.075680,walking_abha_new
1771603972.7592797,0.434937,-0.929810,-0.160767,-13.183590,15.502928,-5.432128,walking_abha_new
1771603972.7865405,0.448730,-0.948486,-0.169922,-7.141112,-2.807617,13.610836,walking_abha_new
1771603972.8031812,0.422730,-0.895142,-0.169434,-4.699708,-4.577638,28.076170,walking_abha_new
1771603972.8218968,0.417480,-1.017822,-0.197022,-3.723144,-11.596676,41.687000,walking_abha_new
1771603972.8421295,0.456421,-1.252442,-0.148682,-6.774902,-8.178714,51.574700,walking_abha_new
1771603972.858548,0.418579,-1.324341,-0.058350,-10.498044,10.437010,66.406260,walking_abha_new
1771603972.8834538,0.412964,-1.154541,-0.080933,-14.709470,37.353520,81.787100,walking_abha_new
1771603972.9031677,0.494629,-0.931274,-0.192627,-7.812498,46.813960,92.407200,walking_abha_new
1771603972.91918,0.563599,-0.802002,-0.306885,6.958006,33.630380,91.308560,walking_abha_new
1771603972.9419997,0.547974,-0.768066,-0.354370,23.986810,4.516602,80.505360,walking_abha_new
1771603972.9601486,0.489502,-0.795898,-0.364380,37.231450,-18.859868,64.575200,walking_abha_new
1771603972.981359,0.489258,-0.862915,-0.339722,40.344230,-30.700680,45.227040,walking_abha_new
1771603973.000192,0.448242,-0.843262,-0.320435,34.057620,-35.400400,41.625960,walking_abha_new
1771603973.0226164,0.298340,-0.773560,-0.306885,22.644040,-23.986810,36.560060,walking_abha_new
1771603973.0424705,0.166260,-0.694092,-0.312988,6.591796,10.620116,31.921380,walking_abha_new
1771603973.0590918,0.187012,-0.620606,-0.322022,-8.483890,54.687490,29.663080,walking_abha_new
1771603973.0790038,0.346069,-0.577881,-0.287842,-13.305660,79.406740,25.451652,walking_abha_new
1771603973.0996923,0.472534,-0.591187,-0.254150,-12.084960,72.509780,27.587884,walking_abha_new
1771603973.1701074,0.559082,-0.606201,-0.245117,-8.300784,48.950180,27.465816,walking_abha_new
1771603973.1701074,0.595459,-0.633911,-0.257324,-2.197266,19.531250,26.123040,walking_abha_new
1771603973.1701074,0.590454,-0.678223,-0.267944,4.516602,-7.263182,32.043460,walking_abha_new
1771603973.181467,0.572510,-0.740601,-0.280762,4.577638,-10.070800,38.330080,walking_abha_new
1771603973.1965554,0.598511,-0.740356,-0.282837,3.967285,-11.474608,43.273920,walking_abha_new
1771603973.2219825,0.643311,-0.737061,-0.292358,4.089356,-18.493652,46.569820,walking_abha_new
1771603973.241029,0.680054,-0.797486,-0.316650,4.760742,-27.587884,45.471180,walking_abha_new
1771603973.2621424,0.690552,-0.868530,-0.342041,3.601074,-33.203130,38.024910,walking_abha_new
1771603973.280875,0.679932,-0.956421,-0.337280,2.380371,-32.287600,33.386240,walking_abha_new
1771603973.302072,0.659790,-1.086670,-0.316040,-0.793457,-22.644040,30.761716,walking_abha_new
1771603973.319447,0.699341,-1.345704,-0.322266,-2.746581,-10.070800,21.728510,walking_abha_new
1771603973.3419259,0.723877,-1.493042,-0.348145,-10.131832,8.117676,6.042480,walking_abha_new
1771603973.3608289,0.611206,-1.058594,-0.289307,-24.047850,40.893540,-20.202630,walking_abha_new
1771603973.3874345,0.493408,-0.770142,-0.225830,-26.123040,55.236800,-40.222160,walking_abha_new
1771603973.3993766,0.562134,-0.790650,-0.225708,-15.014646,48.522940,-60.852040,walking_abha_new
1771603973.4202063,0.638794,-0.934448,-0.236938,-5.249022,25.146480,-82.458480,walking_abha_new
1771603973.4618413,0.645142,-1.017822,-0.214722,1.281738,-6.835936,-94.116200,walking_abha_new
1771603973.4618413,0.627197,-1.066772,-0.179688,2.990722,-31.249992,-96.557600,walking_abha_new
1771603973.4941988,0.534302,-1.057740,-0.170166,2.563476,-38.818360,-97.961400,walking_abha_new
1771603973.5042272,0.415405,-0.958008,-0.190064,-0.427246,-32.531740,-98.449700,walking_abha_new
1771603973.5167456,0.339722,-0.813599,-0.213135,-2.258301,-23.254390,-97.900360,walking_abha_new
1771603973.5375674,0.324097,-0.699097,-0.220337,-1.342773,-18.798830,-96.130360,walking_abha_new
1771603973.559237,0.356934,-0.603150,-0.209229,0.671386,-16.296390,-93.811020,walking_abha_new
1771603973.587551,0.325440,-0.575928,-0.200928,1.953124,-26.611320,-91.552720,walking_abha_new
1771603973.5961394,0.319580,-0.579834,-0.154297,-0.244141,-31.311030,-90.270980,walking_abha_new
1771603973.621206,0.310791,-0.609741,-0.121826,-3.662109,-33.020020,-83.984360,walking_abha_new
1771603973.6418831,0.273804,-0.649658,-0.121094,-8.911134,-29.357908,-75.073240,walking_abha_new
1771603973.6559236,0.260132,-0.689820,-0.128906,-14.770504,-21.972650,-62.438960,walking_abha_new
1771603973.6769683,0.273438,-0.730835,-0.138428,-20.019532,-9.765626,-50.842280,walking_abha_new
1771603973.6969151,0.313843,-0.773316,-0.131958,-25.268550,3.601074,-37.597660,walking_abha_new
1771603973.7182515,0.365845,-0.826294,-0.119263,-28.381340,13.488768,-21.423332,walking_abha_new
1771603973.738549,0.425659,-0.927856,-0.099121,-26.611320,17.272950,2.685546,walking_abha_new
1771603973.7591698,0.448608,-0.958740,-0.085938,-20.751950,14.465330,16.357424,walking_abha_new
1771603973.780131,0.484985,-0.986206,-0.097534,-13.549804,10.070800,31.005852,walking_abha_new
1771603973.801156,0.519654,-1.103638,-0.124268,-4.455568,-0.915527,49.926750,walking_abha_new
1771603973.8217251,0.575195,-1.277588,-0.100708,4.333496,-12.451170,67.993180,walking_abha_new
1771603973.8381498,0.545532,-1.270142,-0.085205,9.399414,-9.704590,85.449200,walking_abha_new
1771603973.856904,0.462280,-1.008179,-0.139526,10.314940,2.502442,99.426260,walking_abha_new
1771603973.8845422,0.407349,-0.759522,-0.209595,12.695310,12.390136,106.079080,walking_abha_new
1771603973.8987412,0.394653,-0.664062,-0.242798,20.874020,13.244628,100.708000,walking_abha_new
1771603973.9225845,0.400635,-0.769654,-0.239502,36.926280,4.638672,71.777340,walking_abha_new
1771603973.9399447,0.377075,-0.921143,-0.232422,40.405260,8.239746,56.396480,walking_abha_new
1771603973.961824,0.486450,-0.931030,-0.265015,40.771480,13.671872,49.316400,walking_abha_new
1771603973.9818854,0.497681,-0.893311,-0.304932,42.297360,2.502442,45.532220,walking_abha_new
1771603974.0017254,0.429199,-0.829956,-0.310791,36.315920,-4.089356,41.931140,walking_abha_new
1771603974.0184622,0.362671,-0.747437,-0.313355,29.907220,2.380371,43.029780,walking_abha_new
1771603974.0387318,0.358398,-0.682129,-0.312500,22.949216,18.066410,43.334950,walking_abha_new
1771603974.0642493,0.441772,-0.641968,-0.303955,19.348150,24.536130,41.503900,walking_abha_new
1771603974.0822597,0.504150,-0.659546,-0.287232,17.456060,15.136716,43.457020,walking_abha_new
1771603974.1015127,0.470947,-0.677368,-0.276611,13.977050,9.948730,43.029780,walking_abha_new
1771603974.12103,0.483398,-0.729980,-0.291016,7.202148,17.395020,38.940440,walking_abha_new
1771603974.1414912,0.559326,-0.751343,-0.309082,3.601074,20.874020,40.588370,walking_abha_new
1771603974.1581783,0.603760,-0.744019,-0.325317,2.441407,17.578130,40.039070,walking_abha_new
1771603974.1823163,0.629761,-0.741333,-0.339233,2.685546,8.483890,39.428720,walking_abha_new
1771603974.198601,0.621826,-0.731323,-0.351196,1.403808,1.403808,38.330080,walking_abha_new
1771603974.22055,0.619019,-0.737549,-0.363037,-0.061035,-1.647949,35.217290,walking_abha_new
1771603974.2388117,0.645752,-0.822510,-0.375122,-2.136231,-5.126952,27.954100,walking_abha_new
1771603974.2609258,0.672241,-0.940674,-0.377564,-4.638672,-12.573240,23.132320,walking_abha_new
1771603974.2806554,0.661255,-1.049683,-0.354126,-6.652830,-15.258788,10.192870,walking_abha_new
1771603974.3003507,0.615356,-1.205566,-0.304810,-13.061520,2.319336,-0.488281,walking_abha_new
1771603974.3248165,0.665283,-1.413574,-0.325440,-18.493652,21.423332,-9.948730,walking_abha_new
1771603974.3582454,0.652466,-1.306885,-0.339966,-22.644040,34.118660,-23.498530,walking_abha_new
1771603974.3582454,0.533692,-1.024292,-0.258789,-27.160640,40.954580,-31.127924,walking_abha_new
1771603974.3944328,0.435913,-0.749634,-0.177856,-27.893060,42.846670,-36.560060,walking_abha_new
1771603974.407754,0.430908,-0.698975,-0.167480,-16.296390,37.902840,-52.062980,walking_abha_new
1771603974.4493315,0.485718,-0.828125,-0.165649,-6.774902,19.226080,-65.429700,walking_abha_new
1771603974.4493315,0.538452,-0.958984,-0.162720,-1.464844,-13.793944,-70.434580,walking_abha_new
1771603974.4585953,0.543457,-1.047974,-0.125366,-1.892090,-43.640120,-68.847660,walking_abha_new
1771603974.4824822,0.434570,-1.028809,-0.085693,-6.652830,-50.109860,-62.805160,walking_abha_new
1771603974.502746,0.243897,-0.873413,-0.106445,-16.113284,-25.085448,-54.260240,walking_abha_new
1771603974.5183415,0.256470,-0.756714,-0.154541,-14.404296,-4.028321,-53.771960,walking_abha_new
1771603974.5408337,0.292480,-0.683838,-0.184692,-11.840818,-2.502442,-53.222640,walking_abha_new
1771603974.5585806,0.363892,-0.656250,-0.163940,-9.826660,-2.502442,-51.269520,walking_abha_new
1771603974.5790613,0.358765,-0.636841,-0.145874,-7.751464,-12.023924,-50.354000,walking_abha_new
1771603974.5999014,0.330811,-0.629517,-0.109985,-5.615234,-17.700200,-55.786120,walking_abha_new
1771603974.6203017,0.287842,-0.644165,-0.085938,-6.225584,-16.540530,-57.067860,walking_abha_new
1771603974.6356344,0.277832,-0.667847,-0.098511,-9.521484,-9.155274,-52.062980,walking_abha_new
1771603974.6559033,0.301636,-0.700684,-0.118774,-11.535644,-2.380371,-46.997060,walking_abha_new
1771603974.6822937,0.321777,-0.749634,-0.117554,-15.380856,7.934570,-33.386240,walking_abha_new
1771603974.7013376,0.373901,-0.810791,-0.110230,-17.028810,15.380856,-21.972650,walking_abha_new
1771603974.717985,0.407227,-0.875122,-0.115845,-16.906740,20.324700,-9.704590,walking_abha_new
1771603974.7414396,0.454346,-0.952393,-0.120850,-15.808104,21.423332,2.624511,walking_abha_new
1771603974.7598104,0.489746,-0.997314,-0.115845,-12.939450,18.371584,14.587400,walking_abha_new
1771603974.7741454,0.521973,-1.011719,-0.130737,-8.361816,12.023924,27.404780,walking_abha_new
1771603974.8001812,0.578369,-1.112549,-0.140503,0.000000,0.671386,41.809080,walking_abha_new
1771603974.8350363,0.617676,-1.281006,-0.135010,8.239746,-13.366696,56.152340,walking_abha_new
1771603974.8419087,0.576538,-1.250732,-0.140503,12.207030,-17.089850,67.932140,walking_abha_new
1771603974.8659177,0.481934,-1.003296,-0.177490,13.854978,-12.817380,78.918460,walking_abha_new
1771603974.879963,0.393799,-0.684570,-0.257202,17.272950,-3.845214,78.796400,walking_abha_new
1771603974.899456,0.378418,-0.676026,-0.265381,26.672360,-3.967285,62.011710,walking_abha_new
1771603974.9220376,0.346802,-0.813599,-0.262940,33.874520,-6.591796,43.212880,walking_abha_new
1771603974.9416368,0.340454,-0.899414,-0.264038,34.851080,-3.967285,25.817870,walking_abha_new
1771603974.9605045,0.415649,-0.932129,-0.291992,35.217290,6.530760,11.047360,walking_abha_new
1771603974.9816449,0.442505,-0.920410,-0.312134,27.343748,1.525878,12.817380,walking_abha_new
1771603974.9962428,0.369751,-0.815186,-0.322510,21.118160,2.807617,10.131832,walking_abha_new
1771603975.0365753,0.297974,-0.732910,-0.315186,14.465330,12.390136,9.033204,walking_abha_new
1771603975.0365753,0.334106,-0.661011,-0.311157,7.995604,23.315424,6.408690,walking_abha_new
1771603975.0600433,0.421997,-0.610474,-0.284424,6.103514,11.535644,7.324218,walking_abha_new
1771603975.078638,0.434448,-0.624268,-0.252441,4.699708,-1.525878,9.216310,walking_abha_new
1771603975.1290772,0.401489,-0.650146,-0.234863,2.929687,-6.286620,11.413570,walking_abha_new
1771603975.1290772,0.376709,-0.692383,-0.237793,-0.488281,1.159668,14.526364,walking_abha_new
1771603975.1417925,0.447144,-0.738648,-0.243897,-3.051757,9.948730,16.906740,walking_abha_new
1771603975.1631727,0.510864,-0.778687,-0.251709,-6.286620,11.169430,27.221676,walking_abha_new
1771603975.1818316,0.544434,-0.762818,-0.263428,-5.126952,6.591796,28.320310,walking_abha_new
1771603975.2023995,0.547730,-0.757324,-0.263428,-3.417968,1.342773,27.893060,walking_abha_new
1771603975.2245042,0.564942,-0.786499,-0.279419,-1.708984,-0.244141,26.733390,walking_abha_new
1771603975.24037,0.597534,-0.875977,-0.302734,-0.122070,-3.051757,22.705070,walking_abha_new
1771603975.2595263,0.635986,-0.987305,-0.307373,1.037598,-8.605960,-0.366211,walking_abha_new
1771603975.2810373,0.599854,-1.128540,-0.258179,-3.906249,-0.793457,12.939450,walking_abha_new
1771603975.3008728,0.588501,-1.215332,-0.272705,-8.666994,13.854978,14.099120,walking_abha_new
1771603975.321043,0.667480,-1.341431,-0.306763,-10.009768,25.695796,3.723144,walking_abha_new
1771603975.3356674,0.680298,-1.279175,-0.325928,-15.014646,29.479976,-5.004884,walking_abha_new
1771603975.361658,0.590576,-1.025757,-0.279175,-21.423332,31.921380,-3.723144,walking_abha_new
1771603975.417778,0.490479,-0.735230,-0.208374,-24.597160,36.987310,-13.916012,walking_abha_new
1771603975.4197893,0.497559,-0.683838,-0.187012,-13.122556,33.508300,-33.020020,walking_abha_new
1771603975.4197893,0.583496,-0.817749,-0.194824,-0.915527,15.014646,-52.978500,walking_abha_new
1771603975.4610384,0.648926,-0.901367,-0.196167,7.263182,-33.447270,-60.363760,walking_abha_new
1771603975.4958737,0.616211,-0.944702,-0.169067,7.385252,-55.541980,-56.213370,walking_abha_new
1771603975.4958737,0.526245,-0.913086,-0.159790,2.563476,-55.541980,-47.912590,walking_abha_new
1771603975.503047,0.411865,-0.808716,-0.165161,-3.356933,-45.776360,-44.189440,walking_abha_new
1771603975.5167248,0.373291,-0.710327,-0.170166,-6.774902,-30.883784,-45.776360,walking_abha_new
1771603975.5400844,0.365723,-0.635620,-0.180786,-8.178714,-25.939940,-46.752920,walking_abha_new
1771603975.5576837,0.420898,-0.583618,-0.174927,-7.751464,-16.723632,-49.377430,walking_abha_new
1771603975.5788126,0.423828,-0.555420,-0.162354,-5.859374,-22.460930,-54.260240,walking_abha_new
1771603975.600789,0.391480,-0.554688,-0.128296,-6.835936,-25.451652,-60.485830,walking_abha_new
1771603975.6168628,0.367066,-0.588989,-0.101318,-8.789064,-24.658200,-61.828600,walking_abha_new
1771603975.641837,0.354736,-0.671509,-0.089355,-14.526364,-16.052250,-55.175770,walking_abha_new
1771603975.661384,0.361938,-0.729980,-0.099609,-19.836430,-8.056642,-45.898430,walking_abha_new
1771603975.682062,0.375488,-0.767944,-0.109863,-25.695796,1.770019,-36.254890,walking_abha_new
1771603975.6959798,0.384888,-0.802246,-0.114258,-29.846190,13.854978,-26.916500,walking_abha_new
1771603975.718052,0.419312,-0.879028,-0.124390,-33.081060,25.268550,-15.563964,walking_abha_new
1771603975.7381842,0.476440,-0.966064,-0.116943,-34.667980,29.663080,-5.187988,walking_abha_new
1771603975.7614226,0.493530,-1.000732,-0.102295,-32.348640,28.625480,1.831054,walking_abha_new
1771603975.7816968,0.483276,-0.997070,-0.107056,-29.724120,28.381340,10.314940,walking_abha_new
1771603975.8010783,0.457520,-1.054566,-0.113037,-24.963376,26.611320,23.498530,walking_abha_new
1771603975.815135,0.416748,-1.216064,-0.093872,-18.554690,30.212400,44.616690,walking_abha_new
1771603975.8418663,0.449341,-1.170654,-0.074097,-15.075680,44.860830,58.593740,walking_abha_new
1771603975.8574557,0.379395,-0.927002,-0.142456,-9.155274,50.354000,72.387700,walking_abha_new
1771603975.877869,0.396606,-0.786743,-0.239502,3.540038,43.090810,78.613300,walking_abha_new
1771603975.8987265,0.481079,-0.749756,-0.275513,20.202630,23.071284,71.777340,walking_abha_new
1771603975.9213724,0.431152,-0.796143,-0.263184,39.489750,-8.422854,58.776840,walking_abha_new
1771603975.942402,0.351563,-0.877930,-0.238159,45.166000,-27.404780,48.278800,walking_abha_new
1771603975.961427,0.398804,-0.905029,-0.253784,46.081540,-26.489250,45.593250,walking_abha_new
1771603975.9815996,0.419434,-0.872925,-0.273316,44.006340,-30.883784,42.541500,walking_abha_new
1771603976.0019243,0.369629,-0.804566,-0.260010,38.574220,-30.639640,39.733900,walking_abha_new
1771603976.0213144,0.263184,-0.692261,-0.230591,24.780270,-3.234863,42.724600,walking_abha_new
1771603976.0441353,0.321411,-0.674805,-0.235840,17.272950,21.484370,41.259760,walking_abha_new
1771603976.0583715,0.447876,-0.671509,-0.238403,11.047360,28.442380,44.616690,walking_abha_new
1771603976.0799787,0.508301,-0.652588,-0.223755,8.239746,24.169920,45.288080,walking_abha_new
1771603976.099872,0.512695,-0.665283,-0.217896,6.591796,18.859868,49.011220,walking_abha_new
1771603976.1210885,0.540528,-0.667603,-0.242065,4.150392,18.127448,53.405750,walking_abha_new
1771603976.1446302,0.612549,-0.664429,-0.268066,4.150392,14.160152,56.823720,walking_abha_new
1771603976.2236004,0.716309,-0.710205,-0.324463,11.108396,-17.150880,56.335440,walking_abha_new
1771603976.2236004,0.710694,-0.734375,-0.351074,11.840818,-39.245610,51.696770,walking_abha_new
1771603976.2236004,0.679199,-0.828613,-0.366455,10.375976,-45.227040,38.269050,walking_abha_new
1771603976.240344,0.671387,-0.937866,-0.377441,9.155274,-43.457020,15.319820,walking_abha_new
1771603976.259086,0.620484,-1.093628,-0.353394,-0.610352,-29.357908,10.864256,walking_abha_new
1771603976.282695,0.646606,-1.312988,-0.351929,-6.469726,-10.681150,-4.821778,walking_abha_new
1771603976.3009706,0.729126,-1.551148,-0.352173,-13.427732,6.896972,-15.441892,walking_abha_new
1771603976.3218446,0.713989,-1.477662,-0.358521,-22.399900,22.583000,-27.099608,walking_abha_new
1771603976.3434308,0.591431,-1.133667,-0.294067,-26.184080,33.264160,-39.184580,walking_abha_new
1771603976.3633459,0.493408,-0.827881,-0.208740,-28.564450,35.339360,-44.494620,walking_abha_new
1771603976.419877,0.592896,-0.886108,-0.189697,-2.868652,-7.202148,-91.979960,walking_abha_new
1771603976.419877,0.602539,-0.967407,-0.162964,0.122070,-41.015620,-95.886200,walking_abha_new
1771603976.43993,0.538086,-0.992310,-0.112915,-2.014160,-59.265120,-94.543440,walking_abha_new
1771603976.47393,0.402466,-0.987305,-0.073730,-11.108396,-54.626460,-90.332000,walking_abha_new
1771603976.4819474,0.296387,-0.895874,-0.074829,-18.127448,-31.066890,-85.205060,walking_abha_new
1771603976.5023606,0.277100,-0.769898,-0.099121,-19.470220,-13.977050,-84.167460,walking_abha_new
1771603976.5249722,0.330933,-0.692871,-0.133057,-16.845708,1.831054,-82.946760,walking_abha_new
1771603976.5377805,0.359375,-0.654541,-0.149414,-12.878416,-0.305176,-80.383280,walking_abha_new
1771603976.5611594,0.365479,-0.648926,-0.123413,-6.530760,-14.465330,-78.491220,walking_abha_new
1771603976.5785592,0.312866,-0.656494,-0.060425,-7.995604,-18.676760,-73.059100,walking_abha_new
1771603976.6021192,0.295654,-0.693482,-0.050659,-9.704590,-17.883300,-66.345240,walking_abha_new
1771603976.6231804,0.290405,-0.724365,-0.066528,-8.728030,-15.563964,-61.279280,walking_abha_new
1771603976.6419363,0.296387,-0.780762,-0.082153,-8.911134,-10.864256,-53.344720,walking_abha_new
1771603976.6624484,0.308594,-0.805786,-0.088135,-10.375976,-4.821778,-42.602530,walking_abha_new
1771603976.6842186,0.312988,-0.818360,-0.089478,-10.192870,2.197266,-30.883784,walking_abha_new
1771603976.6999395,0.349732,-0.872437,-0.100830,-8.117676,8.239746,-18.005376,walking_abha_new
1771603976.7207987,0.414307,-0.940430,-0.106445,-6.408690,9.277344,-5.065916,walking_abha_new
1771603976.73865,0.433838,-0.949951,-0.110840,-7.751464,9.826660,8.789064,walking_abha_new
1771603976.7616563,0.436279,-0.955444,-0.126343,-0.061035,0.854492,23.559568,walking_abha_new
1771603976.7808077,0.542603,-1.158692,-0.134888,6.225584,-5.798338,50.292960,walking_abha_new
1771603976.80615,0.554932,-1.251465,-0.122192,5.432128,-6.835936,69.213880,walking_abha_new
1771603976.8215914,0.453491,-1.065430,-0.114014,2.258301,5.004884,84.899880,walking_abha_new
1771603976.8418596,0.386475,-0.844116,-0.147217,3.112792,23.132320,95.153800,walking_abha_new
1771603976.8627827,0.421875,-0.751343,-0.244507,10.986324,32.104500,98.571760,walking_abha_new
1771603976.8792148,0.539307,-0.793701,-0.311401,22.766110,21.911620,87.280260,walking_abha_new
1771603976.89929,0.570557,-0.854614,-0.304932,34.606940,5.737304,73.059100,walking_abha_new
1771603976.9200203,0.502930,-0.903809,-0.304321,42.419420,-15.686032,61.035140,walking_abha_new
1771603976.939608,0.545410,-0.930298,-0.335816,47.241200,-25.634760,51.574700,walking_abha_new
1771603976.9545062,0.503418,-0.883545,-0.365234,46.203600,-47.180160,32.897960,walking_abha_new
1771603976.975484,0.323730,-0.782593,-0.338867,36.499030,-41.320790,37.109380,walking_abha_new
1771603977.0017078,0.219971,-0.680786,-0.329346,24.169920,-13.244628,32.897960,walking_abha_new
1771603977.021843,0.252075,-0.638916,-0.312866,14.343260,16.479492,23.498530,walking_abha_new
1771603977.0353415,0.362183,-0.635742,-0.290894,8.056642,28.503410,19.958500,walking_abha_new
1771603977.0620558,0.429566,-0.642334,-0.270874,4.028321,25.695796,18.920900,walking_abha_new
1771603977.1335618,0.481079,-0.672974,-0.267700,1.708984,4.272462,18.920900,walking_abha_new
1771603977.1368518,0.494751,-0.718262,-0.275635,0.915527,3.906249,22.216790,walking_abha_new
1771603977.1454425,0.541260,-0.745239,-0.293213,0.061035,4.760742,23.864740,walking_abha_new
1771603977.16229,0.583984,-0.738281,-0.288330,2.014160,-3.662109,26.794430,walking_abha_new
1771603977.1987848,0.593384,-0.769776,-0.296875,2.807617,-7.751464,27.465816,walking_abha_new
1771603977.2029502,0.630371,-0.866821,-0.319336,1.525878,-10.742184,27.160640,walking_abha_new
1771603977.2244725,0.635376,-0.961426,-0.326416,-3.234863,-12.512204,28.259270,walking_abha_new
1771603977.24182,0.601074,-1.016358,-0.307861,-7.507323,-6.591796,20.751950,walking_abha_new
1771603977.2601428,0.593140,-1.160278,-0.292480,-10.742184,7.202148,14.465330,walking_abha_new
1771603977.279947,0.645142,-1.351929,-0.312744,-16.540530,24.291990,11.962890,walking_abha_new
1771603977.3307207,0.669068,-1.326660,-0.322998,-23.254390,39.001470,1.831054,walking_abha_new
1771603977.3307207,0.612793,-1.094727,-0.273926,-27.832030,48.156730,-12.145992,walking_abha_new
1771603977.3424046,0.474732,-0.706299,-0.175659,-27.038570,59.448240,-31.005852,walking_abha_new
1771603977.377219,0.528198,-0.723877,-0.178345,-15.563964,51.513660,-49.926750,walking_abha_new
1771603977.4059756,0.625854,-0.913330,-0.183594,0.732422,-2.868652,-73.974620,walking_abha_new
1771603977.4191995,0.608765,-0.950195,-0.147827,0.915527,-25.390620,-72.204600,walking_abha_new
1771603977.4408088,0.537964,-0.940796,-0.131348,-0.427246,-30.212400,-70.373540,walking_abha_new
1771603977.4607415,0.438232,-0.890869,-0.140259,-5.249022,-23.742670,-66.467300,walking_abha_new
1771603977.4753768,0.392578,-0.790650,-0.156982,-7.080076,-12.145992,-64.514160,walking_abha_new
1771603977.4970834,0.413818,-0.707886,-0.177368,-4.577638,-6.530760,-62.927240,walking_abha_new
1771603977.5221553,0.421753,-0.653320,-0.178589,-2.990722,-16.906740,-63.537590,walking_abha_new
1771603977.5414855,0.390747,-0.593994,-0.161987,-1.770019,-15.930172,-65.124520,walking_abha_new
1771603977.560908,0.366943,-0.596192,-0.132202,-1.770019,-16.723632,-67.932140,walking_abha_new
1771603977.5827956,0.364502,-0.635864,-0.115356,-3.540038,-17.761230,-67.260740,walking_abha_new
1771603977.601968,0.342285,-0.697022,-0.112915,-7.690428,-13.244628,-62.011710,walking_abha_new
1771603977.6207027,0.338135,-0.752442,-0.116211,-14.465330,-2.502442,-52.368160,walking_abha_new
1771603977.642082,0.358887,-0.772217,-0.124634,-20.385740,8.789064,-41.259760,walking_abha_new
1771603977.6630309,0.386719,-0.796997,-0.129517,-23.437492,18.371584,-30.151360,walking_abha_new
1771603977.6896312,0.432007,-0.859009,-0.143555,-23.437492,23.132320,-19.104010,walking_abha_new
1771603977.7013097,0.475342,-0.935669,-0.140869,-22.766110,22.094720,-7.507323,walking_abha_new
1771603977.7185507,0.470825,-0.961304,-0.105469,-18.981940,16.418460,10.070800,walking_abha_new
1771603977.7382698,0.492798,-1.017334,-0.097290,-13.000484,12.268064,23.254390,walking_abha_new
1771603977.7618282,0.544922,-1.186524,-0.098999,-5.798338,2.868652,40.222160,walking_abha_new
1771603977.7807622,0.551758,-1.244629,-0.086304,-0.732422,-2.624511,59.326160,walking_abha_new
1771603977.8001883,0.511597,-1.076782,-0.110352,2.258301,-0.366211,78.735360,walking_abha_new
1771603977.8216293,0.440186,-0.807251,-0.187622,6.164550,2.746581,93.078600,walking_abha_new
1771603977.84201,0.396118,-0.664185,-0.259399,14.343260,0.549316,96.252420,walking_abha_new
1771603977.8619013,0.406128,-0.720703,-0.279785,25.146480,-5.004884,84.594700,walking_abha_new
1771603977.8804529,0.394165,-0.861816,-0.258667,32.104500,-4.333496,70.068360,walking_abha_new
1771603977.8985903,0.368042,-0.933716,-0.239380,29.785150,-7.568358,60.363760,walking_abha_new
1771603977.9209373,0.430664,-0.904541,-0.258911,26.367180,2.441407,54.138180,walking_abha_new
1771603977.9416049,0.402710,-0.838257,-0.291870,23.071284,-2.380371,44.555660,walking_abha_new
1771603977.9606059,0.362427,-0.766480,-0.319214,17.700200,0.854492,41.198720,walking_abha_new
1771603977.9825318,0.341553,-0.703736,-0.321411,11.535644,10.253904,42.175280,walking_abha_new
1771603978.002223,0.360840,-0.653076,-0.306519,5.310058,19.348150,41.931140,walking_abha_new
1771603978.0214112,0.426758,-0.641602,-0.279907,2.746581,17.272950,38.269050,walking_abha_new
1771603978.0418196,0.432007,-0.650757,-0.268433,0.000000,11.352536,37.109380,walking_abha_new
1771603978.0617566,0.439819,-0.681885,-0.265991,-2.502442,11.413570,33.630380,walking_abha_new
1771603978.079389,0.481567,-0.734497,-0.264893,-5.798338,15.075680,35.339360,walking_abha_new
1771603978.101503,0.577393,-0.797486,-0.272461,-6.591796,15.686032,35.339360,walking_abha_new
1771603978.1335902,0.609741,-0.803223,-0.274536,-5.371092,10.437010,35.522460,walking_abha_new
1771603978.142234,0.616821,-0.796265,-0.286865,-5.249022,5.920409,36.071780,walking_abha_new
1771603978.1725905,0.615234,-0.779419,-0.298340,-5.004884,3.784179,34.240730,walking_abha_new
1771603978.183993,0.624024,-0.816406,-0.309692,-3.540038,1.953124,27.465816,walking_abha_new
1771603978.197395,0.657349,-0.891724,-0.309326,-2.075196,-2.258301,18.554690,walking_abha_new
1771603978.2180395,0.663696,-0.996704,-0.296631,-2.746581,-5.981444,14.709470,walking_abha_new
1771603978.2416244,0.654663,-1.113282,-0.271362,-2.929687,-3.540038,8.605960,walking_abha_new
1771603978.2600543,0.706543,-1.315674,-0.280762,-3.356933,1.708984,5.554198,walking_abha_new
1771603978.280583,0.707398,-1.357910,-0.307495,-7.995604,10.681150,-0.671386,walking_abha_new
1771603978.301291,0.591309,-0.985840,-0.281250,-12.634276,23.010250,-19.287110,walking_abha_new
1771603978.3221343,0.564575,-0.764404,-0.229492,-13.549804,22.521970,-29.174800,walking_abha_new
1771603978.3558033,0.571533,-0.727417,-0.220459,-4.272462,5.737304,-47.241200,walking_abha_new
1771603978.3642747,0.596924,-0.793213,-0.199463,2.014160,-16.113284,-66.650400,walking_abha_new
1771603978.377732,0.567993,-0.848389,-0.174316,2.685546,-39.489750,-72.876000,walking_abha_new
1771603978.4005418,0.520508,-0.924927,-0.153809,0.183105,-53.161610,-72.570800,walking_abha_new
1771603978.4324925,0.450684,-0.981690,-0.141846,-7.690428,-53.466780,-74.951180,walking_abha_new
1771603978.4440913,0.373413,-0.951904,-0.136963,-13.061520,-34.179700,-77.575700,walking_abha_new
1771603978.4599688,0.293701,-0.856201,-0.131592,-18.188480,-16.418460,-77.575700,walking_abha_new
1771603978.482161,0.331299,-0.747192,-0.153442,-17.150880,15.686032,-77.819840,walking_abha_new
1771603978.5035434,0.379761,-0.696778,-0.171875,-14.099120,16.296390,-77.819840,walking_abha_new
1771603978.5183198,0.410767,-0.669068,-0.148682,-8.544924,5.737304,-79.956060,walking_abha_new
1771603978.5373976,0.385864,-0.655518,-0.105957,-1.159668,-9.338380,-80.383280,walking_abha_new
1771603978.5612009,0.370972,-0.660400,-0.090332,-2.929687,-13.183590,-78.979500,walking_abha_new
1771603978.5814095,0.358154,-0.695801,-0.093872,0.061035,-20.324700,-75.805680,walking_abha_new
1771603978.6031725,0.351318,-0.745117,-0.106323,-0.549316,-22.338860,-68.908700,walking_abha_new
1771603978.622637,0.346802,-0.786743,-0.122437,-3.479003,-18.371584,-59.143060,walking_abha_new
1771603978.6442497,0.343628,-0.817261,-0.125244,-7.141112,-8.483890,-48.095700,walking_abha_new
1771603978.655762,0.361328,-0.853638,-0.125732,-10.009768,2.624511,-36.132820,walking_abha_new
1771603978.6768723,0.424805,-0.924805,-0.135742,-11.352536,10.559080,-15.808104,walking_abha_new
1771603978.6988406,0.449829,-0.941406,-0.108398,-8.789064,7.507323,-2.624511,walking_abha_new
1771603978.7176023,0.479736,-0.987183,-0.097046,-4.211426,4.028321,14.343260,walking_abha_new
1771603978.7381535,0.542847,-1.145142,-0.086914,2.319336,-1.770019,35.705570,walking_abha_new
1771603978.7606783,0.601807,-1.241211,-0.072388,6.530760,-5.187988,58.227530,walking_abha_new
1771603978.7803395,0.565430,-1.112793,-0.091431,10.559080,-5.065916,81.298800,walking_abha_new
1771603978.8086796,0.469116,-0.861206,-0.139038,14.282224,-0.854492,98.876940,walking_abha_new
1771603978.8214505,0.395874,-0.664307,-0.208008,21.911620,1.281738,107.055640,walking_abha_new
1771603978.8365097,0.437622,-0.630249,-0.284302,34.545900,-6.469726,98.876940,walking_abha_new
1771603978.8585,0.496948,-0.841553,-0.288574,48.339840,-39.245610,74.584960,walking_abha_new
1771603978.8777235,0.414429,-0.934692,-0.210327,46.447740,-43.701160,62.561020,walking_abha_new
1771603978.9023192,0.414063,-0.966309,-0.188721,39.367680,-33.020020,60.363760,walking_abha_new
1771603978.9199765,0.388062,-0.895752,-0.248291,33.752440,-21.301268,52.185050,walking_abha_new
1771603978.9401953,0.368652,-0.837280,-0.303223,27.343748,-13.854978,40.588370,walking_abha_new
1771603978.9615343,0.263916,-0.775269,-0.327515,19.226080,5.004884,36.193860,walking_abha_new
1771603978.980951,0.286133,-0.717041,-0.328369,11.657712,31.249992,27.404780,walking_abha_new
1771603978.997756,0.382690,-0.676148,-0.311524,7.141112,42.724600,26.489250,walking_abha_new
1771603979.0171506,0.447022,-0.667969,-0.295288,6.042480,35.644540,25.512690,walking_abha_new
1771603979.0668406,0.454102,-0.728516,-0.291626,3.479003,5.554198,28.503410,walking_abha_new
1771603979.09186,0.476440,-0.746216,-0.303955,0.488281,7.446288,31.616208,walking_abha_new
1771603979.1404936,0.516236,-0.738159,-0.305054,0.610352,8.178714,29.663080,walking_abha_new
1771603979.1404936,0.545410,-0.723755,-0.294067,0.061035,4.272462,30.334470,walking_abha_new
1771603979.1404936,0.560547,-0.705444,-0.298218,0.000000,-1.403808,30.761716,walking_abha_new
1771603979.161288,0.579468,-0.766113,-0.314819,0.976562,-7.019042,27.160640,walking_abha_new
1771603979.1769688,0.613892,-0.865234,-0.330811,0.671386,-10.620116,18.188480,walking_abha_new
1771603979.1967978,0.640137,-0.984986,-0.319092,-2.136231,-12.451170,14.221190,walking_abha_new
1771603979.221694,0.591187,-1.056152,-0.284302,-9.826660,-3.662109,17.944340,walking_abha_new
1771603979.2426345,0.648804,-1.302612,-0.294922,-15.197750,16.662600,9.643556,walking_abha_new
1771603979.2597938,0.713257,-1.393188,-0.329590,-20.385740,26.916500,0.244141,walking_abha_new
1771603979.2825584,0.655640,-1.215454,-0.309448,-26.184080,35.644540,-8.056642,walking_abha_new
1771603979.3012447,0.575684,-0.926270,-0.218018,-31.311030,42.663560,-17.456060,walking_abha_new
1771603979.335301,0.531982,-0.753174,-0.183960,-23.986810,38.513190,-35.400400,walking_abha_new
1771603979.3723352,0.562378,-0.809937,-0.194946,-12.573240,24.047850,-58.349600,walking_abha_new
1771603979.3723352,0.630493,-0.882812,-0.205200,-5.249022,-1.953124,-75.195320,walking_abha_new
1771603979.384103,0.622437,-0.942505,-0.177979,-1.159668,-32.226570,-78.918460,walking_abha_new
1771603979.404862,0.563721,-0.973877,-0.145874,-3.112792,-46.447740,-76.721200,walking_abha_new
1771603979.4399602,0.460816,-0.946900,-0.134522,-10.314940,-44.311520,-74.829100,walking_abha_new
1771603979.4419677,0.301880,-0.779785,-0.130249,-13.671872,-12.573240,-75.012220,walking_abha_new
1771603979.4609246,0.326416,-0.675781,-0.155273,-14.099120,-2.807617,-75.805680,walking_abha_new
1771603979.4814825,0.382202,-0.621094,-0.189819,-10.986324,2.502442,-75.805680,walking_abha_new
1771603979.5023725,0.382568,-0.617920,-0.174561,-8.789064,-3.601074,-77.209480,walking_abha_new
1771603979.5248215,0.358765,-0.627197,-0.136841,-8.361816,-10.253904,-79.223640,walking_abha_new
1771603979.5385566,0.327026,-0.645142,-0.096436,-10.559080,-11.901852,-75.439460,walking_abha_new
1771603979.5641072,0.344849,-0.683960,-0.083252,-13.244628,-10.742184,-69.641120,walking_abha_new
1771603979.5801563,0.354614,-0.748535,-0.090332,-14.770504,-9.887696,-62.561020,walking_abha_new
1771603979.60019,0.359497,-0.805664,-0.108276,-18.554690,-7.141112,-52.062980,walking_abha_new
1771603979.614254,0.371582,-0.869751,-0.128052,-22.766110,5.187988,-34.912120,walking_abha_new
1771603979.6411548,0.393677,-0.939575,-0.132935,-24.414060,16.723632,-23.254390,walking_abha_new
1771603979.658596,0.426880,-0.968506,-0.111084,-24.963376,23.986810,-11.047360,walking_abha_new
1771603979.6828609,0.440674,-0.938843,-0.098389,-20.446770,23.132320,-0.549316,walking_abha_new
1771603979.6990528,0.475098,-0.979858,-0.097168,-12.817380,16.845708,10.314940,walking_abha_new
1771603979.7180982,0.511353,-1.155762,-0.093140,-4.028321,5.798338,24.902340,walking_abha_new
1771603979.7409775,0.500977,-1.258912,-0.057495,1.159668,-0.427246,41.687000,walking_abha_new
1771603979.772492,0.450317,-1.094849,-0.058472,4.272462,4.577638,62.499990,walking_abha_new
1771603979.787481,0.401611,-0.859253,-0.136353,8.911134,11.840818,79.956060,walking_abha_new
1771603979.8009403,0.383301,-0.718872,-0.227173,17.272950,14.221190,87.585440,walking_abha_new
1771603979.815806,0.433350,-0.777344,-0.258911,34.606940,2.380371,75.256360,walking_abha_new
1771603979.8427296,0.408203,-0.855225,-0.237671,43.273920,-4.028321,63.842760,walking_abha_new
1771603979.8624682,0.386230,-0.905640,-0.240845,44.677720,-7.873534,58.105460,walking_abha_new
1771603979.8777752,0.474243,-0.904297,-0.272461,44.677720,-5.493162,57.250960,walking_abha_new
1771603979.9001813,0.480591,-0.836792,-0.313477,40.649400,-20.080560,54.870600,walking_abha_new
1771603979.9199336,0.408569,-0.758667,-0.331543,35.949720,-25.878900,51.696770,walking_abha_new
1771603979.9419465,0.334839,-0.685913,-0.332886,28.503410,-13.610836,49.499500,walking_abha_new
1771603979.9613056,0.335571,-0.651123,-0.332031,20.751950,6.774902,47.668440,walking_abha_new
1771603979.9753413,0.437866,-0.654541,-0.322266,14.892576,15.747068,45.532220,walking_abha_new
1771603980.0025263,0.527832,-0.680664,-0.300781,12.451170,0.671386,40.893540,walking_abha_new
1771603980.0225797,0.514648,-0.712280,-0.303223,11.474608,-6.591796,35.583500,walking_abha_new
1771603980.0441458,0.515503,-0.752442,-0.327026,8.605960,-4.394532,32.287600,walking_abha_new
1771603980.059236,0.551148,-0.785034,-0.345215,4.333496,1.342773,32.775880,walking_abha_new
1771603980.08822,0.594849,-0.774292,-0.342529,2.014160,0.976562,30.273430,walking_abha_new
1771603980.112848,0.598022,-0.761475,-0.328125,1.159668,-2.441407,26.733390,walking_abha_new
1771603980.120054,0.606812,-0.776734,-0.327637,-0.915527,-5.615234,26.062010,walking_abha_new
1771603980.1406417,0.623657,-0.837280,-0.342774,-2.136231,-7.568358,19.470220,walking_abha_new
1771603980.1616359,0.654907,-0.936646,-0.346924,-5.249022,-10.681150,17.089850,walking_abha_new
1771603980.176089,0.654785,-1.026368,-0.331543,-9.338380,-10.681150,14.709470,walking_abha_new
1771603980.2012715,0.611328,-1.206665,-0.291138,-13.183590,6.042480,5.554198,walking_abha_new
1771603980.2202926,0.714844,-1.351196,-0.308106,-15.808104,14.892576,-5.493162,walking_abha_new
1771603980.2408206,0.709106,-1.284912,-0.327759,-18.859868,17.517090,-11.901852,walking_abha_new
1771603980.2595055,0.570068,-1.041016,-0.277588,-22.399900,27.709956,-21.728510,walking_abha_new
1771603980.2821522,0.493408,-0.775269,-0.200439,-27.465816,39.550780,-32.714850,walking_abha_new
1771603980.330268,0.509888,-0.713013,-0.184692,-18.493652,35.339360,-47.729480,walking_abha_new
1771603980.330268,0.581299,-0.831421,-0.192139,-9.338380,20.263670,-66.406260,walking_abha_new
1771603980.3435144,0.620117,-0.905029,-0.193970,-5.249022,-4.333496,-75.378440,walking_abha_new
1771603980.3578837,0.613281,-0.939209,-0.162476,-3.845214,-28.503410,-74.768080,walking_abha_new
1771603980.3766854,0.495117,-0.936402,-0.133789,-8.422854,-39.062500,-69.885260,walking_abha_new
1771603980.4080064,0.397095,-0.868530,-0.140991,-10.559080,-24.291990,-67.749040,walking_abha_new
1771603980.4259455,0.357788,-0.764282,-0.153198,-12.207030,-7.751464,-67.382820,walking_abha_new
1771603980.4404676,0.386841,-0.676148,-0.164917,-11.291500,-5.676268,-68.969740,walking_abha_new
1771603980.461198,0.413940,-0.610352,-0.173096,-7.507323,-4.638672,-70.007340,walking_abha_new
1771603980.4809654,0.401001,-0.590210,-0.155762,-3.967285,-10.925290,-72.265640,walking_abha_new
1771603980.5084674,0.390015,-0.604614,-0.128540,-2.136231,-17.761230,-73.974620,walking_abha_new
1771603980.520256,0.376587,-0.641480,-0.107056,-3.906249,-22.583000,-71.411140,walking_abha_new
1771603980.5381298,0.357422,-0.674927,-0.098145,-6.347656,-23.742670,-67.932140,walking_abha_new
1771603980.558398,0.341064,-0.738526,-0.089233,-9.521484,-17.822270,-61.218250,walking_abha_new
1771603980.5794756,0.363159,-0.783447,-0.096558,-17.272950,-3.601074,-43.640120,walking_abha_new
1771603980.599918,0.383545,-0.789185,-0.103760,-19.287110,4.699708,-31.433100,walking_abha_new
1771603980.6209042,0.421143,-0.831909,-0.115112,-18.188480,9.521484,-18.066410,walking_abha_new
1771603980.634713,0.482300,-0.873779,-0.129517,-15.258788,7.141112,-4.638672,walking_abha_new
1771603980.662161,0.516968,-0.883789,-0.124634,-9.277344,-3.723144,7.446288,walking_abha_new
1771603980.6806846,0.521484,-0.934082,-0.114136,-1.647949,-16.967780,20.141600,walking_abha_new
1771603980.7020352,0.531006,-1.116455,-0.100708,6.225584,-27.404780,35.461430,walking_abha_new
1771603980.7170396,0.544922,-1.302856,-0.064941,10.864256,-26.550290,51.513660,walking_abha_new
1771603980.7402828,0.497437,-1.210450,-0.089844,10.070800,-11.962890,67.199720,walking_abha_new
1771603980.759965,0.361206,-0.752075,-0.211426,9.643556,8.361816,84.960920,walking_abha_new
1771603980.7806516,0.337891,-0.628540,-0.262695,18.127448,14.404296,84.533660,walking_abha_new
1771603980.8016453,0.403320,-0.779053,-0.267700,29.846190,13.122556,70.007340,walking_abha_new
1771603980.8212364,0.414917,-0.887451,-0.259399,35.095220,6.958006,54.687490,walking_abha_new
1771603980.8374221,0.442993,-0.915405,-0.243530,39.306640,10.131832,44.372550,walking_abha_new
1771603980.8566806,0.483643,-0.920044,-0.276489,40.832510,1.770019,46.997060,walking_abha_new
1771603980.8815744,0.464966,-0.864868,-0.333740,37.109380,-12.329100,40.893540,walking_abha_new
1771603980.899956,0.406006,-0.803833,-0.353394,34.667980,-15.197750,34.484870,walking_abha_new
1771603980.9193766,0.325684,-0.737061,-0.344116,26.672360,1.037598,32.409680,walking_abha_new
1771603980.9412358,0.353516,-0.666992,-0.349854,18.859868,22.705070,28.686520,walking_abha_new
1771603980.9611971,0.497070,-0.628784,-0.345093,15.319820,22.583000,23.803708,walking_abha_new
1771603980.9809747,0.530640,-0.649292,-0.316040,14.648436,5.493162,23.437492,walking_abha_new
1771603981.0193448,0.502442,-0.670532,-0.308350,12.695310,-6.896972,21.606440,walking_abha_new
1771603981.0193448,0.467529,-0.698730,-0.323364,8.422854,-5.737304,21.667476,walking_abha_new
1771603981.042493,0.481690,-0.724365,-0.324463,3.173828,3.540038,22.827140,walking_abha_new
1771603981.0645375,0.535645,-0.718262,-0.327759,-0.854492,7.690428,23.254390,walking_abha_new
1771603981.1070526,0.568848,-0.704102,-0.319580,-1.831054,3.906249,25.695796,walking_abha_new
1771603981.1070526,0.557495,-0.723755,-0.314941,-2.868652,1.586914,25.024410,walking_abha_new
1771603981.12669,0.580322,-0.787110,-0.319946,-4.455568,0.000000,22.827140,walking_abha_new
1771603981.1484644,0.604248,-0.928223,-0.312988,-8.789064,-3.295898,18.798830,walking_abha_new
1771603981.1696272,0.604980,-1.045044,-0.286133,-11.474608,2.746581,14.343260,walking_abha_new
1771603981.176334,0.578980,-1.185303,-0.260376,-16.784670,19.531250,17.517090,walking_abha_new
1771603981.2322748,0.731445,-1.331421,-0.300659,-18.737796,29.052730,-0.854492,walking_abha_new
1771603981.2595384,0.672119,-1.166626,-0.292969,-19.531250,28.076170,-6.042480,walking_abha_new
1771603981.2595384,0.549316,-0.867798,-0.224365,-22.949216,35.217290,-15.197750,walking_abha_new
1771603981.3763773,0.522461,-0.719971,-0.175537,-4.699708,23.132320,-47.973620,walking_abha_new
1771603981.3763773,0.601929,-0.823730,-0.198242,3.295898,0.915527,-63.354480,walking_abha_new
1771603981.3763773,0.593140,-0.913452,-0.175049,6.774902,-36.926280,-65.429700,walking_abha_new
1771603981.3773944,0.529907,-0.924072,-0.146851,3.906249,-44.433580,-61.340320,walking_abha_new
1771603981.3953571,0.423706,-0.881348,-0.144653,-2.380371,-36.682140,-56.640620,walking_abha_new
1771603981.4189188,0.354370,-0.788208,-0.154297,-5.432128,-18.249516,-53.771960,walking_abha_new
1771603981.4189188,0.380982,-0.701782,-0.174072,-6.225584,-6.347656,-53.100580,walking_abha_new
1771603981.4410417,0.392212,-0.639526,-0.189819,-6.103514,-8.300784,-52.856440,walking_abha_new
1771603981.4607875,0.412964,-0.610352,-0.177612,-5.554198,-9.277344,-53.955070,walking_abha_new
1771603981.475158,0.384522,-0.602295,-0.153687,-5.126952,-14.099120,-55.541980,walking_abha_new
1771603981.5026164,0.361084,-0.628418,-0.120483,-7.202148,-14.465330,-57.128900,walking_abha_new
1771603981.518615,0.353760,-0.697876,-0.101929,-12.268064,-10.131832,-52.551260,walking_abha_new
1771603981.537466,0.358276,-0.756958,-0.102051,-15.075680,-4.760742,-45.959460,walking_abha_new
1771603981.5602534,0.364746,-0.792847,-0.109619,-18.798830,2.197266,-36.499030,walking_abha_new
1771603981.5789547,0.377441,-0.804688,-0.123657,-21.545408,11.596676,-26.977532,walking_abha_new
1771603981.6079707,0.397461,-0.830200,-0.127808,-22.583000,20.385740,-17.456060,walking_abha_new
1771603981.6205132,0.425537,-0.868774,-0.128174,-21.972650,24.291990,-6.713866,walking_abha_new
1771603981.6417847,0.453369,-0.900146,-0.116089,-18.920900,22.033690,2.929687,walking_abha_new
1771603981.6623273,0.465210,-0.913452,-0.102295,-14.282224,16.052250,13.488768,walking_abha_new
1771603981.6823277,0.466309,-0.953736,-0.111694,-8.056642,6.225584,27.587884,walking_abha_new
1771603981.6985936,0.470581,-1.111938,-0.108276,-0.488281,-7.202148,48.400870,walking_abha_new
1771603981.7221038,0.538696,-1.208862,-0.119019,3.112792,-12.268064,83.496060,walking_abha_new
1771603981.741214,0.485718,-1.009888,-0.168091,0.671386,-4.699708,101.989720,walking_abha_new
1771603981.7612364,0.410767,-0.786011,-0.218872,0.976562,2.319336,113.464340,walking_abha_new
1771603981.7794921,0.416138,-0.732788,-0.255737,9.765626,7.263182,107.421860,walking_abha_new
1771603981.8016582,0.432495,-0.866455,-0.269165,23.559568,9.277344,85.693340,walking_abha_new
1771603981.818223,0.394653,-0.974243,-0.258423,28.686520,-0.366211,61.645500,walking_abha_new
1771603981.8419468,0.447998,-0.957520,-0.269531,31.005852,1.159668,45.532220,walking_abha_new
1771603981.8583548,0.509400,-0.913818,-0.317261,35.400400,-5.615234,24.658200,walking_abha_new
1771603981.881455,0.439331,-0.850952,-0.349976,34.118660,-12.329100,17.944340,walking_abha_new
1771603981.8915071,0.276367,-0.678345,-0.370850,21.911620,3.295898,14.404296,walking_abha_new
1771603981.9189086,0.325195,-0.611816,-0.365845,15.502928,17.822270,10.009768,walking_abha_new
1771603981.9404998,0.392090,-0.593994,-0.328247,9.399414,21.484370,10.742184,walking_abha_new
1771603981.960576,0.467896,-0.623047,-0.280151,7.202148,10.803220,9.399414,walking_abha_new
1771603981.983179,0.479370,-0.662598,-0.259644,4.394532,-3.234863,12.573240,walking_abha_new
1771603982.0205095,0.470459,-0.692749,-0.264648,2.807617,-9.765626,11.718748,walking_abha_new
1771603982.02639,0.485718,-0.732422,-0.269409,0.854492,-6.408690,12.451170,walking_abha_new
1771603982.0432098,0.514160,-0.749756,-0.278442,-1.220704,-0.793457,15.624996,walking_abha_new
1771603982.0916426,0.556030,-0.742676,-0.283936,-1.647949,0.610352,18.249516,walking_abha_new
1771603982.095585,0.571655,-0.732056,-0.283447,-1.403808,-1.037598,21.667476,walking_abha_new
1771603982.1036944,0.598633,-0.773316,-0.279785,-0.427246,-3.662109,22.766110,walking_abha_new
1771603982.1203327,0.641968,-0.853516,-0.288696,0.549316,-8.178714,17.333990,walking_abha_new
1771603982.1405985,0.637329,-0.954102,-0.280396,-0.488281,-11.718748,16.296390,walking_abha_new
1771603982.1573677,0.615479,-1.043213,-0.258423,-3.845214,-5.737304,13.427732,walking_abha_new
1771603982.1821992,0.614380,-1.171020,-0.249390,-5.920409,6.347656,8.972170,walking_abha_new
1771603982.2030277,0.698242,-1.333740,-0.275269,-7.202148,16.235352,0.793457,walking_abha_new
1771603982.2256408,0.707520,-1.316894,-0.307007,-10.314940,22.644040,-7.934570,walking_abha_new
1771603982.2399538,0.585083,-1.064576,-0.275513,-14.526364,33.935560,-19.104010,walking_abha_new
1771603982.2618191,0.537720,-0.781738,-0.208374,-18.859868,39.794920,-29.663080,walking_abha_new
1771603982.2832835,0.587769,-0.764771,-0.193359,0.000000,17.517090,-57.250960,walking_abha_new
1771603982.316209,0.653320,-0.885986,-0.212158,9.826660,-8.728030,-75.683600,walking_abha_new
1771603982.3234873,0.670288,-0.955078,-0.206909,14.160152,-42.541500,-78.002940,walking_abha_new
1771603982.3425713,0.623047,-0.979492,-0.176392,14.709470,-65.307640,-72.021500,walking_abha_new
1771603982.366377,0.515015,-0.966797,-0.161621,9.521484,-66.772460,-65.490740,walking_abha_new
1771603982.3780167,0.393433,-0.879517,-0.163208,1.220704,-53.344720,-62.561020,walking_abha_new
1771603982.3992784,0.348755,-0.759888,-0.172119,-2.685546,-32.531740,-61.279280,walking_abha_new
1771603982.4195116,0.345337,-0.656006,-0.197144,-6.530760,-24.597160,-61.035140,walking_abha_new
1771603982.4403737,0.363403,-0.577637,-0.190186,-6.652830,-14.160152,-61.889640,walking_abha_new
1771603982.467632,0.318848,-0.540039,-0.189331,-6.103514,-15.869140,-60.058580,walking_abha_new
1771603982.4822936,0.295776,-0.544800,-0.166382,-7.507323,-23.864740,-53.527820,walking_abha_new
1771603982.4961703,0.322998,-0.611816,-0.124390,-12.817380,-28.076170,-43.945300,walking_abha_new
1771603982.5182815,0.309570,-0.700806,-0.109863,-17.456060,-25.451652,-35.217290,walking_abha_new
1771603982.5375915,0.284668,-0.790650,-0.111816,-23.803708,-16.479492,-23.742670,walking_abha_new
1771603982.5622036,0.297974,-0.833130,-0.112427,-30.212400,-4.394532,-13.244628,walking_abha_new
1771603982.5820022,0.339722,-0.862305,-0.116455,-33.386240,9.887696,-5.004884,walking_abha_new
1771603982.6017878,0.394409,-0.945679,-0.116211,-32.104500,18.066410,2.380371,walking_abha_new
1771603982.6205943,0.445313,-1.041748,-0.103027,-29.357908,18.493652,8.850100,walking_abha_new
1771603982.6414921,0.428955,-1.061402,-0.076416,-24.780270,16.906740,14.892576,walking_abha_new
1771603982.662258,0.442139,-1.203736,-0.059814,-12.756344,21.667476,28.564450,walking_abha_new
1771603982.6760182,0.515259,-1.375122,-0.063110,-4.211426,21.972650,39.367680,walking_abha_new
1771603982.697224,0.544434,-1.302368,-0.084106,0.854492,21.240230,52.062980,walking_abha_new
1771603982.7196276,0.468872,-0.957154,-0.138306,4.455568,18.127448,67.382820,walking_abha_new
1771603982.7394667,0.381470,-0.654419,-0.210938,8.728030,13.916012,77.209480,walking_abha_new
1771603982.76167,0.336304,-0.551392,-0.242188,20.812980,11.352536,72.509780,walking_abha_new
1771603982.7802799,0.353760,-0.733276,-0.231079,33.203130,5.920409,56.762680,walking_abha_new
1771603982.8015087,0.360352,-0.876099,-0.215820,36.743170,4.394532,40.954580,walking_abha_new
1771603982.8284981,0.416504,-0.923218,-0.228638,37.902840,5.981444,32.531740,walking_abha_new
1771603982.8419259,0.468872,-0.931396,-0.271240,38.391120,12.084960,31.005852,walking_abha_new
1771603982.8593357,0.396362,-0.839966,-0.308716,32.775880,1.708984,23.620600,walking_abha_new
1771603982.877456,0.327759,-0.752564,-0.312866,22.644040,11.718748,31.188960,walking_abha_new
1771603982.9052675,0.351318,-0.639771,-0.327515,17.456060,28.198240,28.869624,walking_abha_new
1771603982.9193995,0.451172,-0.600464,-0.325440,17.089850,27.648920,26.062010,walking_abha_new
1771603982.9336402,0.503052,-0.606201,-0.308106,20.141600,11.352536,19.714360,walking_abha_new
1771603982.9608228,0.517578,-0.670898,-0.279297,20.874020,-7.141112,20.812980,walking_abha_new
1771603982.984446,0.453247,-0.701538,-0.283447,15.930172,-11.352536,23.071284,walking_abha_new
1771603983.0169086,0.467529,-0.737671,-0.287720,11.535644,-4.211426,22.949216,walking_abha_new
1771603983.0249772,0.507568,-0.765991,-0.297119,6.958006,5.065916,24.658200,walking_abha_new
1771603983.0419543,0.574219,-0.751587,-0.306519,1.892090,7.202148,26.489250,walking_abha_new
1771603983.057962,0.574463,-0.729858,-0.306763,-0.488281,5.004884,28.625480,walking_abha_new
1771603983.0865288,0.573975,-0.746216,-0.317505,-1.464844,4.150392,27.038570,walking_abha_new
1771603983.103494,0.610474,-0.819214,-0.330933,-2.319336,3.417968,21.240230,walking_abha_new
1771603983.121362,0.650269,-0.922974,-0.326660,-5.554198,-1.342773,21.667476,walking_abha_new
1771603983.135783,0.631104,-1.016724,-0.300903,-8.361816,-2.258301,17.639160,walking_abha_new
1771603983.1626737,0.623047,-1.149658,-0.276978,-10.070800,4.699708,13.977050,walking_abha_new
1771603983.1774602,0.673218,-1.313354,-0.278076,-13.610836,16.357424,13.122556,walking_abha_new
1771603983.2030337,0.704468,-1.339722,-0.315430,-17.272950,24.536130,3.356933,walking_abha_new
1771603983.261901,0.680664,-1.125122,-0.292236,-19.287110,25.512690,-6.774902,walking_abha_new
1771603983.2636218,0.534546,-0.781372,-0.186401,-21.667476,27.282710,-20.568840,walking_abha_new
1771603983.2648387,0.557617,-0.764648,-0.185303,-10.437010,12.390136,-40.283200,walking_abha_new
1771603983.2815876,0.599243,-0.886108,-0.192749,-1.098633,-7.873534,-60.607900,walking_abha_new
1771603983.3028264,0.619629,-0.964966,-0.195679,0.915527,-30.944820,-68.237320,walking_abha_new
1771603983.3377934,0.577515,-1.001099,-0.165894,0.915527,-44.677720,-67.504900,walking_abha_new
1771603983.3377934,0.477539,-0.983887,-0.145752,-5.798338,-39.917000,-62.561020,walking_abha_new
1771603983.3619533,0.363403,-0.875732,-0.153931,-13.183590,-26.855464,-61.584460,walking_abha_new
1771603983.3806155,0.323364,-0.743652,-0.175415,-12.939450,-12.634276,-65.979020,walking_abha_new
1771603983.3984873,0.360840,-0.652954,-0.192749,-10.009768,2.319336,-70.251480,walking_abha_new
1771603983.440809,0.364502,-0.604370,-0.194214,-10.620116,3.417968,-67.810060,walking_abha_new
1771603983.4448283,0.381226,-0.587524,-0.176270,-10.498044,-4.760742,-66.406260,walking_abha_new
1771603983.4611242,0.359985,-0.590698,-0.141357,-7.934570,-16.845708,-69.213880,walking_abha_new
1771603983.4819963,0.322388,-0.640747,-0.118896,-8.972170,-20.935052,-67.749040,walking_abha_new
1771603983.4976194,0.310303,-0.697754,-0.118408,-11.596676,-15.930172,-61.523430,walking_abha_new
1771603983.5177073,0.311157,-0.766358,-0.125855,-15.930172,-6.896972,-52.368160,walking_abha_new
1771603983.539531,0.332031,-0.806396,-0.126465,-22.033690,4.577638,-39.917000,walking_abha_new
1771603983.560124,0.353394,-0.821778,-0.125732,-25.878900,16.418460,-27.648920,walking_abha_new
1771603983.5790892,0.384399,-0.863526,-0.120850,-26.428220,25.573724,-15.991210,walking_abha_new
1771603983.601056,0.425781,-0.912110,-0.106812,-25.329584,30.212400,-4.455568,walking_abha_new
1771603983.621837,0.469482,-0.931885,-0.079102,-18.981940,26.245110,13.244628,walking_abha_new
1771603983.6414468,0.504272,-0.991211,-0.090820,-12.939450,19.348150,27.526850,walking_abha_new
1771603983.6613367,0.563110,-1.187256,-0.088379,-5.981444,8.605960,44.677720,walking_abha_new
1771603983.6789472,0.587524,-1.316040,-0.047729,-1.342773,4.028321,63.903800,walking_abha_new
1771603983.6945515,0.552856,-1.177856,-0.069946,-1.037598,11.718748,81.848140,walking_abha_new
1771603983.7199516,0.487671,-0.877320,-0.161621,1.831054,20.385740,95.764140,walking_abha_new
1771603983.7387066,0.469727,-0.678345,-0.251587,7.629394,23.742670,97.778300,walking_abha_new
1771603983.759546,0.478027,-0.652344,-0.287354,23.803708,16.296390,83.251940,walking_abha_new
1771603983.780396,0.447388,-0.834351,-0.271729,41.137680,-8.789064,51.452620,walking_abha_new
1771603983.801059,0.507324,-0.906128,-0.270996,41.503900,-13.793944,41.198720,walking_abha_new
1771603983.822613,0.556396,-0.894898,-0.296631,38.635260,-26.428220,37.292480,walking_abha_new
1771603983.8433802,0.478760,-0.830688,-0.326660,34.729010,-38.696300,30.395500,walking_abha_new
1771603983.8635252,0.304932,-0.741699,-0.328858,26.855464,-31.433100,21.728510,walking_abha_new
1771603983.8834321,0.236084,-0.684204,-0.316162,15.258788,-0.427246,21.179192,walking_abha_new
1771603983.8995042,0.273804,-0.628784,-0.328247,2.441407,31.188960,24.169920,walking_abha_new
1771603983.9193697,0.407715,-0.592407,-0.324707,-0.671386,38.330080,17.639160,walking_abha_new
1771603983.9420862,0.465942,-0.623902,-0.284668,-0.793457,25.329584,15.441892,walking_abha_new
1771603984.0017607,0.467529,-0.663818,-0.268188,-2.502442,12.634276,15.930172,walking_abha_new
1771603984.0172284,0.511108,-0.740967,-0.275024,-3.112792,1.586914,20.202630,walking_abha_new
1771603984.0172284,0.542725,-0.798706,-0.287232,-2.929687,-0.915527,22.583000,walking_abha_new
1771603984.017948,0.547730,-0.803833,-0.292358,-4.211426,-1.281738,26.245110,walking_abha_new
1771603984.0374718,0.533570,-0.739258,-0.278442,-4.577638,0.366211,28.808590,walking_abha_new
1771603984.0651872,0.557373,-0.740479,-0.277466,-3.784179,2.380371,31.494136,walking_abha_new
1771603984.0937197,0.583740,-0.806763,-0.298340,-3.295898,5.920409,28.015130,walking_abha_new
1771603984.110272,0.609009,-0.902710,-0.301514,-3.356933,12.939450,18.249516,walking_abha_new
1771603984.1266165,0.618286,-1.027588,-0.265869,-11.047360,25.695796,22.827140,walking_abha_new
1771603984.149398,0.648804,-1.137574,-0.228272,-14.099120,35.522460,21.179192,walking_abha_new
1771603984.1619394,0.791138,-1.398804,-0.265625,-16.723632,38.513190,6.774902,walking_abha_new
1771603984.190226,0.749268,-1.199585,-0.261353,-25.024410,35.461430,-0.610352,walking_abha_new
1771603984.2048843,0.572022,-0.871826,-0.167480,-25.268550,40.649400,-12.207030,walking_abha_new
1771603984.250145,0.485962,-0.729248,-0.124512,-22.216790,51.757800,-24.230950,walking_abha_new
1771603984.2662048,0.574463,-0.749512,-0.156494,-9.582520,44.128410,-45.654280,walking_abha_new
1771603984.2674062,0.654175,-0.841309,-0.175659,1.464844,16.784670,-64.331060,walking_abha_new
1771603984.284943,0.674438,-0.910645,-0.150879,5.615234,-18.249516,-67.810060,walking_abha_new
1771603984.3022192,0.626709,-0.939575,-0.119385,6.835936,-41.870110,-66.406260,walking_abha_new
1771603984.3291416,0.509766,-0.931763,-0.111572,2.014160,-46.997060,-67.565940,walking_abha_new
1771603984.3420212,0.399658,-0.849732,-0.120605,-0.549316,-36.071780,-67.443860,walking_abha_new
1771603984.362665,0.337524,-0.713501,-0.143921,-1.464844,-14.160152,-67.626960,walking_abha_new
1771603984.3783636,0.371826,-0.655518,-0.165039,-1.953124,-6.347656,-65.490740,walking_abha_new
1771603984.3984659,0.386108,-0.609253,-0.159424,-0.793457,-10.070800,-63.049300,walking_abha_new
1771603984.42256,0.371826,-0.592529,-0.130371,0.671386,-18.432620,-63.415520,walking_abha_new
1771603984.4424856,0.357422,-0.604980,-0.096558,0.915527,-23.864740,-62.499990,walking_abha_new
1771603984.462227,0.341431,-0.649658,-0.087280,-0.488281,-24.597160,-57.128900,walking_abha_new
1771603984.4813027,0.340942,-0.708862,-0.088501,-3.784179,-21.240230,-47.546380,walking_abha_new
1771603984.5024226,0.358398,-0.766236,-0.099365,-7.873534,-16.662600,-35.644540,walking_abha_new
1771603984.5223768,0.381958,-0.810181,-0.112305,-10.803220,-12.939450,-24.536130,walking_abha_new
1771603984.5445876,0.412354,-0.899780,-0.111816,-13.305660,-4.028321,-8.483890,walking_abha_new
1771603984.5625901,0.431519,-0.967407,-0.099731,-15.197750,2.868652,2.807617,walking_abha_new
1771603984.5823808,0.436035,-0.959229,-0.079468,-15.319820,6.469726,12.145992,walking_abha_new
1771603984.602431,0.465210,-0.958740,-0.067383,-10.559080,6.286620,20.935052,walking_abha_new
1771603984.621819,0.522827,-1.122803,-0.061646,-1.159668,0.671386,32.348640,walking_abha_new
1771603984.6412754,0.560547,-1.345459,-0.008423,7.568358,-7.629394,47.424300,walking_abha_new
1771603984.6618788,0.522705,-1.340332,0.025269,12.390136,-5.798338,63.903800,walking_abha_new
1771603984.6820624,0.444946,-1.007935,-0.061401,14.404296,4.577638,77.453620,walking_abha_new
1771603984.7030075,0.402832,-0.740723,-0.200928,25.695796,6.286620,83.679180,walking_abha_new
1771603984.7246838,0.415161,-0.701538,-0.278320,41.503900,-4.455568,71.472180,walking_abha_new
1771603984.7400906,0.379761,-0.850220,-0.260132,56.640620,-19.714360,43.151840,walking_abha_new
1771603984.7604644,0.345947,-0.910034,-0.232178,54.138180,-20.324700,34.423840,walking_abha_new
1771603984.7802804,0.406616,-0.917847,-0.252319,47.363270,-8.361816,32.226570,walking_abha_new
1771603984.8010228,0.412476,-0.846924,-0.301392,42.480460,-4.638672,27.770990,walking_abha_new
1771603984.8220172,0.384522,-0.784790,-0.319702,36.499030,-5.371092,21.057124,walking_abha_new
1771603984.8425007,0.336304,-0.738770,-0.319824,25.817870,4.455568,25.939940,walking_abha_new
1771603984.8627055,0.344116,-0.657349,-0.332398,14.038084,15.319820,33.630380,walking_abha_new
1771603984.8849664,0.417236,-0.589478,-0.327515,10.437010,16.357424,30.273430,walking_abha_new
1771603984.8998559,0.475098,-0.617920,-0.305786,10.009768,4.211426,28.930660,walking_abha_new
1771603984.9189835,0.451294,-0.690308,-0.299683,4.272462,-5.432128,33.142100,walking_abha_new
1771603984.9433172,0.468018,-0.718018,-0.305420,-2.258301,-2.380371,37.902840,walking_abha_new
1771603984.9608557,0.519654,-0.747681,-0.309814,-5.126952,1.403808,40.100100,walking_abha_new
1771603984.9835894,0.565186,-0.773560,-0.313721,-6.835936,2.136231,38.085940,walking_abha_new
1771603985.0115216,0.597778,-0.773926,-0.315796,-7.568358,-2.929687,35.766600,walking_abha_new
1771603985.0229032,0.577148,-0.767334,-0.311401,-7.507323,-8.789064,31.738280,walking_abha_new
1771603985.042954,0.563599,-0.811279,-0.311646,-7.934570,-9.521484,23.864740,walking_abha_new
1771603985.0613258,0.583618,-0.890991,-0.312012,-10.742184,-9.033204,16.845708,walking_abha_new
1771603985.0810833,0.591309,-1.001831,-0.297119,-12.390136,-7.202148,6.652830,walking_abha_new
1771603985.100227,0.619629,-1.211792,-0.260742,-14.648436,-2.868652,2.014160,walking_abha_new
1771603985.1208546,0.666260,-1.500854,-0.217163,-19.409180,13.488768,-12.451170,walking_abha_new
1771603985.1413758,0.665405,-1.411744,-0.232178,-25.634760,25.573724,-12.145992,walking_abha_new
1771603985.1613686,0.549316,-1.116455,-0.217163,-29.296870,38.452160,-19.592290,walking_abha_new
1771603985.1834474,0.473755,-0.795410,-0.150757,-28.442380,43.457020,-34.240730,walking_abha_new
1771603985.1970155,0.427246,-0.679810,-0.117554,-13.610836,37.536620,-51.940910,walking_abha_new
1771603985.2176569,0.469482,-0.785278,-0.123169,-0.610352,28.686520,-70.434580,walking_abha_new
1771603985.240624,0.541016,-0.848389,-0.133911,4.394532,7.568358,-78.552260,walking_abha_new
1771603985.2637348,0.594849,-0.865723,-0.111938,7.263182,-23.193352,-74.157740,walking_abha_new
1771603985.2904925,0.567017,-0.893555,-0.089355,7.202148,-46.081540,-62.927240,walking_abha_new
1771603985.3018172,0.381226,-0.828003,-0.104736,-4.516602,-52.246080,-48.522940,walking_abha_new
1771603985.3231566,0.301636,-0.727905,-0.108521,-7.263182,-39.489750,-42.602530,walking_abha_new
1771603985.3426282,0.320190,-0.657349,-0.125977,-8.605960,-24.536130,-40.283200,walking_abha_new
1771603985.362709,0.336060,-0.619385,-0.152100,-7.873534,-15.686032,-42.541500,walking_abha_new
1771603985.3824694,0.353882,-0.636353,-0.151367,-7.629394,-10.375976,-47.180160,walking_abha_new
1771603985.40212,0.361938,-0.665161,-0.126099,-9.887696,-8.666994,-47.607410,walking_abha_new
1771603985.4212859,0.353027,-0.694458,-0.098511,-14.221190,-6.896972,-44.799800,walking_abha_new
1771603985.439906,0.350220,-0.730591,-0.095459,-19.409180,-2.441407,-39.428720,walking_abha_new
1771603985.4609869,0.349121,-0.759155,-0.103149,-23.803708,3.906249,-33.630380,walking_abha_new
1771603985.4816346,0.361572,-0.791382,-0.114380,-25.634760,12.023924,-30.090330,walking_abha_new
1771603985.5030162,0.393311,-0.837280,-0.119995,-26.672360,20.874020,-19.531250,walking_abha_new
1771603985.5178964,0.418457,-0.887818,-0.122314,-25.146480,23.071284,-11.047360,walking_abha_new
1771603985.543445,0.436157,-0.961670,-0.115112,-23.193352,23.193352,-3.051757,walking_abha_new
1771603985.5614493,0.428101,-0.992554,-0.084717,-21.179192,22.888180,4.333496,walking_abha_new
1771603985.5787425,0.433716,-0.968018,-0.071655,-17.456060,21.667476,13.610836,walking_abha_new
1771603985.6032495,0.480957,-1.003052,-0.095215,-9.643556,13.183590,25.695796,walking_abha_new
1771603985.6217182,0.556030,-1.186036,-0.101807,-1.464844,-1.464844,38.818360,walking_abha_new
1771603985.642404,0.548340,-1.242676,-0.075195,2.441407,-9.948730,55.969230,walking_abha_new
1771603985.6622145,0.463623,-1.074707,-0.078003,3.906249,-4.333496,73.425300,walking_abha_new
1771603985.6830106,0.417114,-0.812256,-0.193848,11.718748,7.629394,87.524400,walking_abha_new
1771603985.7028697,0.493896,-0.771606,-0.268188,23.254390,4.150392,76.965340,walking_abha_new
1771603985.722357,0.475830,-0.824463,-0.300049,35.888680,-17.211920,60.180660,walking_abha_new
1771603985.7376733,0.392700,-0.861816,-0.286865,39.062500,-27.587884,41.015620,walking_abha_new
1771603985.761407,0.459473,-0.874390,-0.281250,37.414560,-30.456540,31.677240,walking_abha_new
1771603985.7802594,0.417358,-0.817627,-0.285156,33.508300,-33.630380,28.259270,walking_abha_new
1771603985.8011851,0.286987,-0.761841,-0.284912,27.404780,-26.916500,19.470220,walking_abha_new
1771603985.8217413,0.215576,-0.720825,-0.284058,17.639160,-5.737304,12.756344,walking_abha_new
1771603985.8423364,0.220459,-0.691895,-0.287354,5.004884,24.291990,13.854978,walking_abha_new
1771603985.861415,0.311401,-0.651612,-0.269775,-3.295898,46.691880,13.977050,walking_abha_new
1771603985.88103,0.471802,-0.659058,-0.234131,-5.249022,40.222160,19.714360,walking_abha_new
1771603985.8983068,0.531494,-0.674194,-0.237427,-3.173828,21.179192,23.376460,walking_abha_new
1771603986.079749,0.563232,-0.744873,-0.281128,5.249022,-9.216310,28.686520,walking_abha_new
1771603986.079749,0.573730,-0.772583,-0.300415,7.446288,-15.808104,30.700680,walking_abha_new
1771603986.079749,0.559692,-0.743774,-0.304932,9.094240,-18.798830,29.968260,walking_abha_new
1771603986.079749,0.536621,-0.735596,-0.303345,9.094240,-19.287110,25.817870,walking_abha_new
1771603986.079749,0.542114,-0.793335,-0.310547,8.605960,-17.761230,19.653320,walking_abha_new
1771603986.079749,0.556885,-0.870850,-0.318604,5.187988,-17.883300,12.817380,walking_abha_new
1771603986.079749,0.534546,-0.968262,-0.286621,-1.342773,-10.925290,0.671386,walking_abha_new
1771603986.079749,0.538452,-1.158204,-0.281128,-5.798338,4.577638,-0.671386,walking_abha_new
1771603986.0988648,0.642700,-1.412598,-0.297485,-15.197750,22.338860,4.699708,walking_abha_new
1771603986.120793,0.687500,-1.436890,-0.310181,-23.864740,32.470710,4.089356,walking_abha_new
1771603986.143064,0.609009,-1.195435,-0.275146,-31.066890,42.785640,1.220704,walking_abha_new
1771603986.1622705,0.474243,-0.852417,-0.191772,-34.729010,52.062980,-6.652830,walking_abha_new
1771603986.184769,0.419922,-0.704712,-0.159180,-24.963376,51.574700,-25.207516,walking_abha_new
1771603986.1981406,0.461914,-0.785767,-0.182007,-9.887696,39.978040,-49.133290,walking_abha_new
1771603986.2180266,0.533936,-0.882446,-0.200806,-1.403808,17.456060,-67.321800,walking_abha_new
1771603986.240563,0.578858,-0.931641,-0.165161,3.112792,-14.404296,-68.908700,walking_abha_new
1771603986.2594583,0.484985,-0.932251,-0.133423,2.807617,-40.954580,-60.302720,walking_abha_new
1771603986.288314,0.347656,-0.856568,-0.143433,-2.746581,-36.315920,-54.199210,walking_abha_new
1771603986.3029125,0.286743,-0.753784,-0.156982,-7.202148,-24.353020,-49.255360,walking_abha_new
1771603986.3227673,0.331665,-0.684082,-0.182007,-6.591796,-13.732908,-44.738760,walking_abha_new
1771603986.342635,0.377197,-0.637818,-0.185547,-4.516602,-19.042970,-45.410140,walking_abha_new
1771603986.3625257,0.389282,-0.630371,-0.166626,-2.746581,-23.010250,-47.363270,walking_abha_new
1771603986.3814967,0.346436,-0.634400,-0.137817,-3.295898,-23.498530,-49.194320,walking_abha_new
1771603986.398508,0.339600,-0.647705,-0.122192,-4.943848,-22.033690,-50.292960,walking_abha_new
1771603986.4209118,0.337158,-0.693604,-0.120972,-7.995604,-17.700200,-47.729480,walking_abha_new
1771603986.4406025,0.348389,-0.782837,-0.130005,-17.761230,-2.807617,-34.973150,walking_abha_new
1771603986.4619257,0.364014,-0.796753,-0.139038,-23.742670,6.896972,-25.329584,walking_abha_new
1771603986.4816759,0.386230,-0.823608,-0.137939,-26.855464,15.930172,-16.845708,walking_abha_new
1771603986.5016391,0.432739,-0.887695,-0.138550,-26.916500,21.728510,-9.094240,walking_abha_new
1771603986.523321,0.488525,-0.965454,-0.135376,-25.451652,21.240230,-2.136231,walking_abha_new
1771603986.5431392,0.500732,-0.987183,-0.134277,-22.583000,15.686032,4.577638,walking_abha_new
1771603986.5595841,0.503174,-0.987305,-0.136353,-19.104010,10.131832,13.854978,walking_abha_new
1771603986.5787842,0.541260,-1.102662,-0.129883,-13.183590,4.211426,26.489250,walking_abha_new
1771603986.6037266,0.581055,-1.219971,-0.123413,-8.850100,0.305176,38.696300,walking_abha_new
1771603986.658245,0.558106,-1.177002,-0.139038,-5.310058,1.342773,50.781240,walking_abha_new
1771603986.658245,0.439331,-0.840698,-0.203857,-1.403808,10.437010,61.828600,walking_abha_new
1771603986.661279,0.393433,-0.706299,-0.249023,4.638672,15.502928,58.715810,walking_abha_new
1771603986.6816454,0.420898,-0.737305,-0.268921,13.610836,18.188480,46.142570,walking_abha_new
1771603986.701354,0.420410,-0.835205,-0.284790,20.568840,12.817380,31.433100,walking_abha_new
1771603986.7206726,0.433472,-0.889893,-0.280151,20.935052,11.108396,21.301268,walking_abha_new
1771603986.7453012,0.476440,-0.872559,-0.286011,19.470220,8.422854,12.817380,walking_abha_new
1771603986.759705,0.449951,-0.832520,-0.297241,17.395020,1.770019,13.061520,walking_abha_new
1771603986.780775,0.375855,-0.756714,-0.316528,12.878416,2.868652,10.620116,walking_abha_new
1771603986.8011875,0.305298,-0.682984,-0.326416,5.126952,14.465330,14.282224,walking_abha_new
1771603986.8157303,0.359253,-0.611694,-0.309814,-5.004884,32.470710,14.160152,walking_abha_new
1771603986.8373365,0.420044,-0.606323,-0.280151,-6.896972,29.907220,13.610836,walking_abha_new
1771603986.862839,0.463623,-0.640625,-0.257202,-7.873534,20.019532,16.601568,walking_abha_new
1771603986.8772595,0.475830,-0.660400,-0.264160,-8.239746,9.948730,20.507810,walking_abha_new
1771603986.9183803,0.489746,-0.679566,-0.287109,-6.225584,5.065916,20.507810,walking_abha_new
1771603986.922783,0.515747,-0.704712,-0.308472,-4.211426,5.432128,19.775390,walking_abha_new
1771603986.9423063,0.559448,-0.714356,-0.319580,-3.234863,3.295898,24.353020,walking_abha_new
1771603986.9603937,0.588013,-0.685303,-0.331177,-2.014160,-4.272462,28.076170,walking_abha_new
1771603986.9869251,0.577759,-0.656128,-0.342041,-0.183105,-11.047360,26.123040,walking_abha_new
1771603987.0446675,0.580322,-0.686524,-0.345947,0.549316,-13.793944,23.620600,walking_abha_new
1771603987.0446675,0.628052,-0.841553,-0.352539,-1.281738,-18.310550,19.470220,walking_abha_new
1771603987.0446675,0.613159,-0.914551,-0.340332,-4.089356,-17.883300,12.695310,walking_abha_new
1771603987.0629003,0.590088,-0.977173,-0.297974,-7.263182,-6.042480,11.108396,walking_abha_new
1771603987.1955824,0.714844,-1.131714,-0.339111,-9.704590,11.718748,17.028810,walking_abha_new
1771603987.1955824,0.769776,-1.207398,-0.364258,-5.859374,2.014160,5.187988,walking_abha_new
1771603987.1955824,0.677124,-1.086182,-0.325684,-6.652830,-2.075196,0.793457,walking_abha_new
1771603987.1955824,0.548340,-0.840942,-0.229614,-12.329100,6.713866,-4.089356,walking_abha_new
1771603987.1955824,0.541748,-0.709229,-0.205933,-7.568358,8.605960,-18.005376,walking_abha_new
1771603987.2056282,0.631470,-0.836670,-0.238770,5.615234,-14.831540,-43.762200,walking_abha_new
1771603987.222313,0.658325,-0.895142,-0.236328,8.728030,-37.475590,-52.246080,walking_abha_new
1771603987.2392962,0.617188,-0.936279,-0.197510,8.605960,-53.039540,-49.865720,walking_abha_new
1771603987.2613385,0.525391,-0.945068,-0.172852,3.540038,-49.377430,-46.997060,walking_abha_new
1771603987.2823575,0.434082,-0.873657,-0.172730,-2.075196,-36.865240,-48.583980,walking_abha_new
1771603987.3005905,0.408814,-0.776489,-0.193970,-3.784179,-19.775390,-54.870600,walking_abha_new
1771603987.321557,0.414551,-0.706177,-0.219482,-1.525878,-8.422854,-61.096180,walking_abha_new
1771603987.3425956,0.409668,-0.649292,-0.220947,-0.915527,-12.573240,-66.162120,walking_abha_new
1771603987.3618927,0.415161,-0.622559,-0.199463,0.976562,-15.075680,-70.922860,walking_abha_new
1771603987.377967,0.370483,-0.624756,-0.173828,1.159668,-15.319820,-73.486340,walking_abha_new
1771603987.4005866,0.361450,-0.663574,-0.146973,-0.610352,-17.211920,-72.570800,walking_abha_new
1771603987.4189765,0.360596,-0.715698,-0.142944,-3.051757,-20.568840,-64.575200,walking_abha_new
1771603987.4416223,0.359497,-0.771729,-0.152100,-7.385252,-19.226080,-53.649900,walking_abha_new
1771603987.4643648,0.349976,-0.801270,-0.160400,-12.939450,-12.390136,-42.297360,walking_abha_new
1771603987.482326,0.336426,-0.823486,-0.166748,-17.333990,-1.586914,-30.883784,walking_abha_new
1771603987.5026345,0.358887,-0.868896,-0.168335,-20.324700,8.728030,-19.042970,walking_abha_new
1771603987.5188084,0.401001,-0.916626,-0.157959,-21.545408,14.404296,-8.728030,walking_abha_new
1771603987.543205,0.398193,-0.921753,-0.130737,-19.958500,16.418460,0.000000,walking_abha_new
1771603987.5623708,0.411743,-0.927246,-0.119751,-15.808104,19.042970,11.413570,walking_abha_new
1771603987.5827782,0.547119,-1.139770,-0.139160,-4.272462,12.390136,34.057620,walking_abha_new
1771603987.6004393,0.589966,-1.187134,-0.152344,1.464844,5.981444,52.185050,walking_abha_new
1771603987.6221452,0.525146,-1.001465,-0.194092,4.577638,6.530760,69.213880,walking_abha_new
1771603987.641084,0.430786,-0.756104,-0.255249,7.873534,15.014646,81.970200,walking_abha_new
1771603987.6618037,0.425537,-0.650757,-0.314453,13.977050,24.780270,82.336400,walking_abha_new
1771603987.684229,0.494629,-0.696167,-0.339111,26.489250,28.686520,69.396980,walking_abha_new
1771603987.7008672,0.488403,-0.780396,-0.337891,37.292480,5.920409,53.161610,walking_abha_new
1771603987.7199647,0.521240,-0.837158,-0.315674,37.780760,-10.070800,43.334950,walking_abha_new
1771603987.7428298,0.541504,-0.834106,-0.315796,37.963880,-23.254390,40.039070,walking_abha_new
1771603987.7589824,0.454102,-0.798950,-0.323364,36.621100,-27.648920,30.395500,walking_abha_new
1771603987.779759,0.338379,-0.727051,-0.352295,23.742670,-14.343260,35.766600,walking_abha_new
1771603987.800716,0.321777,-0.639648,-0.373291,17.517090,5.249022,28.442380,walking_abha_new
1771603987.8214676,0.375244,-0.625732,-0.346069,12.573240,18.493652,24.902340,walking_abha_new
1771603987.8426323,0.455200,-0.654785,-0.311768,9.155274,18.310550,25.756830,walking_abha_new
1771603987.860745,0.496948,-0.683716,-0.294678,6.103514,6.408690,31.188960,walking_abha_new
1771603987.8837814,0.502075,-0.697388,-0.299072,6.469726,-5.798338,30.822750,walking_abha_new
1771603987.904626,0.493530,-0.733521,-0.313477,7.019042,-8.422854,29.846190,walking_abha_new
1771603987.9251142,0.517700,-0.766602,-0.333252,5.798338,-5.065916,28.869624,walking_abha_new
1771603987.9397511,0.556030,-0.772705,-0.340942,5.065916,-4.516602,26.550290,walking_abha_new
1771603987.9982004,0.570435,-0.730957,-0.340088,4.333496,-8.117676,23.620600,walking_abha_new
1771603987.9982004,0.578247,-0.754272,-0.346802,4.272462,-10.559080,19.348150,walking_abha_new
1771603988.0053852,0.607910,-0.842529,-0.358276,4.577638,-13.610836,10.253904,walking_abha_new
1771603988.0237932,0.632690,-0.936524,-0.355347,2.746581,-15.197750,2.380371,walking_abha_new
1771603988.0436876,0.590088,-1.001831,-0.327393,-4.089356,-8.544924,3.479003,walking_abha_new
1771603988.058105,0.567749,-1.046631,-0.307373,-8.056642,5.676268,1.953124,walking_abha_new
1771603988.0804482,0.676148,-1.206543,-0.329590,-7.873534,14.221190,-3.112792,walking_abha_new
1771603988.099697,0.712769,-1.266846,-0.344605,-8.728030,13.732908,-8.666994,walking_abha_new
1771603988.182052,0.652832,-1.144532,-0.329712,-9.948730,12.023924,-15.624996,walking_abha_new
1771603988.182052,0.526245,-0.904663,-0.249634,-15.808104,19.042970,-19.958500,walking_abha_new
1771603988.182052,0.490723,-0.701050,-0.203857,-8.911134,22.521970,-39.062500,walking_abha_new
1771603988.182052,0.558106,-0.799438,-0.217896,1.953124,9.826660,-57.128900,walking_abha_new
1771603988.1952422,0.622070,-0.874878,-0.237183,7.812498,-13.977050,-67.138680,walking_abha_new
1771603988.2194521,0.620239,-0.920654,-0.212769,9.826660,-39.917000,-64.147960,walking_abha_new
1771603988.2625616,0.557984,-0.923462,-0.179321,7.324218,-50.231920,-55.969230,walking_abha_new
1771603988.2625616,0.437988,-0.877686,-0.163940,0.488281,-45.898430,-50.292960,walking_abha_new
1771603988.2805266,0.360962,-0.783325,-0.169678,-2.563476,-29.724120,-49.194320,walking_abha_new
1771603988.3034372,0.372803,-0.688477,-0.195923,-2.075196,-17.211920,-51.208480,walking_abha_new
1771603988.3218422,0.383423,-0.631348,-0.215576,0.244141,-23.193352,-55.175770,walking_abha_new
1771603988.3428357,0.398560,-0.624756,-0.194214,1.953124,-21.545408,-58.593740,walking_abha_new
1771603988.3611484,0.363037,-0.634766,-0.165039,1.159668,-22.277830,-60.668940,walking_abha_new
1771603988.377938,0.365112,-0.661133,-0.134155,-3.112792,-22.338860,-56.701650,walking_abha_new
1771603988.4003773,0.364258,-0.686646,-0.123047,-6.286620,-21.972650,-51.574700,walking_abha_new
1771603988.4188135,0.352173,-0.735840,-0.123657,-10.070800,-18.188480,-43.151840,walking_abha_new
